n_windows,n_pos,pos_rate,roc_auc,pr_auc,n_calib,win_seconds,resolvable@fa1,recall@fa1,precision@fa1,fpr@fa1,thr@fa1,fa_per_hour@fa1,recall[fuzzing]@fa1,recall[masquerade]@fa1,recall[spoofing]@fa1,event_recall@fa1,event_recall[spoofing]@fa1,event_recall[masquerade]@fa1,event_recall[fuzzing]@fa1,resolvable@fa10,recall@fa10,precision@fa10,fpr@fa10,thr@fa10,fa_per_hour@fa10,recall[fuzzing]@fa10,recall[masquerade]@fa10,recall[spoofing]@fa10,event_recall@fa10,event_recall[spoofing]@fa10,event_recall[masquerade]@fa10,event_recall[fuzzing]@fa10,resolvable@fa100,recall@fa100,precision@fa100,fpr@fa100,thr@fa100,fa_per_hour@fa100,recall[fuzzing]@fa100,recall[masquerade]@fa100,recall[spoofing]@fa100,event_recall@fa100,event_recall[spoofing]@fa100,event_recall[masquerade]@fa100,event_recall[fuzzing]@fa100,resolvable@fpr0.001,recall@fpr0.001,precision@fpr0.001,fpr@fpr0.001,thr@fpr0.001,fa_per_hour@fpr0.001,recall[fuzzing]@fpr0.001,recall[masquerade]@fpr0.001,recall[spoofing]@fpr0.001,event_recall@fpr0.001,event_recall[spoofing]@fpr0.001,event_recall[masquerade]@fpr0.001,event_recall[fuzzing]@fpr0.001,resolvable@fpr0.01,recall@fpr0.01,precision@fpr0.01,fpr@fpr0.01,thr@fpr0.01,fa_per_hour@fpr0.01,recall[fuzzing]@fpr0.01,recall[masquerade]@fpr0.01,recall[spoofing]@fpr0.01,event_recall@fpr0.01,event_recall[spoofing]@fpr0.01,event_recall[masquerade]@fpr0.01,event_recall[fuzzing]@fpr0.01,model,scope,n_train,n_train_pos,fit_s,control,test_domain,feature_set,seed,k,sources
226048,23767,0.10514138590033975,0.6363786765921288,0.17490566649539774,202303,0.02842950277399512,True,0.0,0.0,0.0,0.9934518294400259,0.0,0.0,0.0,0.0,0.0,0.0,0.0,0.0,True,0.0,0.0,0.0,0.9934518294400259,0.0,0.0,0.0,0.0,0.0,0.0,0.0,0.0,True,0.0,0.0,0.0,0.9934518294400259,0.0,0.0,0.0,0.0,0.0,0.0,0.0,0.0,True,0.0,0.0,0.0,0.9934518294400259,0.0,0.0,0.0,0.0,0.0,0.0,0.0,0.0,True,0.0,0.0,0.0,0.9934518294400259,0.0,0.0,0.0,0.0,0.0,0.0,0.0,0.0,HistGB,fleet,40000,952,14.56,B_fleet_size,ROAD_ORNL,FS-B,0,1,CIDv2_OpelAstra
226048,23767,0.10514138590033975,0.7204840386048024,0.25481945831524494,202303,0.02842950277399512,True,0.010013884798249674,0.967479674796748,3.9548944290368346e-05,0.984166145324707,5.008043952691273,0.9875518672199171,0.0,0.0,0.10344827586206896,0.0,0.0,1.0,True,0.010140110236883073,0.8515901060070671,0.00020763195752443382,0.9517182111740112,26.292230751629187,1.0,0.0,0.0,0.10344827586206896,0.0,0.0,1.0,True,0.010140110236883073,0.6639118457300276,0.0006031214004281173,0.9094225168228149,76.37267027854192,1.0,0.0,0.0,0.10344827586206896,0.0,0.0,1.0,True,0.010140110236883073,0.6392572944297082,0.0006723320529362619,0.9068914651870728,85.13674719575165,1.0,0.0,0.0,0.10344827586206896,0.0,0.0,1.0,True,0.010140110236883073,0.45300751879699247,0.0014385928485621488,0.8924884796142578,182.1675987791451,1.0,0.0,0.0,0.10344827586206896,0.0,0.0,1.0,XGBoost,fleet,40000,952,6.72,B_fleet_size,ROAD_ORNL,FS-B,0,1,CIDv2_OpelAstra
226048,23767,0.10514138590033975,0.7335639506498857,0.27977984151864316,202303,0.02842950277399512,True,0.0,0.0,0.0002718989919962824,703298.9113969528,34.430302174752505,0.0,0.0,0.0,0.0,0.0,0.0,0.0,True,0.0,0.0,0.00030156070021405864,700319.0989889335,38.18633513927096,0.0,0.0,0.0,0.0,0.0,0.0,0.0,True,0.0,0.0,0.0003312224084318349,668419.3536491508,41.94236810378942,0.0,0.0,0.0,0.0,0.0,0.0,0.0,True,0.0,0.0,0.0003312224084318349,658861.694049787,41.94236810378942,0.0,0.0,0.0,0.0,0.0,0.0,0.0,True,0.0,0.0,0.000998610843331801,450717.26922715624,126.45310980545469,0.0,0.0,0.0,0.0,0.0,0.0,0.0,Rule:Combined,fleet,40000,952,0.51,B_fleet_size,ROAD_ORNL,FS-B,0,1,CIDv2_OpelAstra
226048,23767,0.10514138590033975,0.6381113064480539,0.17271079792616473,202303,0.02842950277399512,True,0.0,0.0,0.0,0.9944120701852189,0.0,0.0,0.0,0.0,0.0,0.0,0.0,0.0,True,0.0,0.0,0.0,0.9944120701852189,0.0,0.0,0.0,0.0,0.0,0.0,0.0,0.0,True,0.0,0.0,0.0,0.9944120701852189,0.0,0.0,0.0,0.0,0.0,0.0,0.0,0.0,True,0.0,0.0,0.0,0.9944120701852189,0.0,0.0,0.0,0.0,0.0,0.0,0.0,0.0,True,0.0,0.0,0.0,0.9944120701852189,0.0,0.0,0.0,0.0,0.0,0.0,0.0,0.0,HistGB,fleet,40000,952,10.43,B_fleet_size,ROAD_ORNL,FS-B,1,1,CIDv2_OpelAstra
226048,23767,0.10514138590033975,0.705484468840182,0.23043694775513154,202303,0.02842950277399512,True,0.00037867631590019776,1.0,0.0,0.996651828289032,0.0,0.03734439834024896,0.0,0.0,0.06896551724137931,0.0,0.0,0.6666666666666666,True,0.0022720578954011864,0.9473684210526315,1.4830854108888132e-05,0.9946855306625366,1.8780164822592278,0.22406639004149378,0.0,0.0,0.10344827586206896,0.0,0.0,1.0,True,0.003450161989312913,0.9213483146067416,3.4605326254072306e-05,0.9934311509132385,4.382038458604865,0.34024896265560167,0.0,0.0,0.10344827586206896,0.0,0.0,1.0,True,0.00504901754533597,0.916030534351145,5.437979839925648e-05,0.9916896820068359,6.886060434950501,0.4979253112033195,0.0,0.0,0.10344827586206896,0.0,0.0,1.0,True,0.008835780704337947,0.7167235494880546,0.00041032029701257164,0.9870423078536987,51.95845600917197,0.8713692946058091,0.0,0.0,0.10344827586206896,0.0,0.0,1.0,XGBoost,fleet,40000,952,7.53,B_fleet_size,ROAD_ORNL,FS-B,1,1,CIDv2_OpelAstra
226048,23767,0.10514138590033975,0.7335504332335725,0.2797193526012942,202303,0.02842950277399512,True,0.0,0.0,0.0002718989919962824,705506.5807033967,34.430302174752505,0.0,0.0,0.0,0.0,0.0,0.0,0.0,True,0.0,0.0,0.00030156070021405864,702517.414604812,38.18633513927096,0.0,0.0,0.0,0.0,0.0,0.0,0.0,True,0.0,0.0,0.0003312224084318349,670517.5353283365,41.94236810378942,0.0,0.0,0.0,0.0,0.0,0.0,0.0,True,0.0,0.0,0.0003312224084318349,660929.8740449134,41.94236810378942,0.0,0.0,0.0,0.0,0.0,0.0,0.0,True,0.0,0.0,0.000998610843331801,452132.0797224271,126.45310980545469,0.0,0.0,0.0,0.0,0.0,0.0,0.0,Rule:Combined,fleet,40000,952,0.47,B_fleet_size,ROAD_ORNL,FS-B,1,1,CIDv2_OpelAstra
226048,23767,0.10514138590033975,0.5633186653022463,0.12697895795588932,202303,0.02842950277399512,True,0.010140110236883073,0.9958677685950413,4.943618036296043e-06,0.997766585428769,0.6260054940864092,1.0,0.0,0.0,0.10344827586206896,0.0,0.0,1.0,True,0.010140110236883073,0.9060150375939849,0.0001235904509074011,0.9966839437192515,15.650137352160232,1.0,0.0,0.0,0.10344827586206896,0.0,0.0,1.0,True,0.010140110236883073,0.5182795698924731,0.0011073704401303138,0.995670606817246,140.22523067535568,1.0,0.0,0.0,0.10344827586206896,0.0,0.0,1.0,True,0.010140110236883073,0.40099833610648916,0.0017797024930665756,0.9954384781049741,225.36197787110729,1.0,0.0,0.0,0.10344827586206896,0.0,0.0,1.0,True,0.010939538014894602,0.3303684879288437,0.002605286705128015,0.9947471786091268,329.9048953835377,1.0,0.0006074806907923284,0.000999750062484379,0.27586206896551724,0.15384615384615385,0.23076923076923078,1.0,HistGB,fleet,10934,1058,9.67,B_fleet_size,ROAD_ORNL,FS-B,0,1,CIDv2_Prototype
226048,23767,0.10514138590033975,0.526961381095511,0.12597367590820702,202303,0.02842950277399512,True,0.0,0.0,0.0,0.9976811408996582,0.0,0.0,0.0,0.0,0.0,0.0,0.0,0.0,True,0.0,0.0,2.9661708217776263e-05,0.9871307015419006,3.7560329645184556,0.0,0.0,0.0,0.0,0.0,0.0,0.0,True,0.0018933815795009888,0.4166666666666667,0.00031144793628665076,0.5927794575691223,39.43834612744378,0.16182572614107885,0.0004339147791373774,8.331250520703157e-05,0.27586206896551724,0.07692307692307693,0.3076923076923077,1.0,True,0.0023982833340345858,0.475,0.00031144793628665076,0.5729180574417114,39.43834612744378,0.21161825726141079,0.0004339147791373774,8.331250520703157e-05,0.27586206896551724,0.07692307692307693,0.3076923076923077,1.0,True,0.020490596204821812,0.20419287211740042,0.009382987032889891,0.3485657870769501,1188.1584277760048,0.7551867219917012,0.0037316671005814457,0.02182787636424227,0.8620689655172413,1.0,0.6923076923076923,1.0,XGBoost,fleet,10934,1058,4.66,B_fleet_size,ROAD_ORNL,FS-B,0,1,CIDv2_Prototype
226048,23767,0.10514138590033975,0.48401491643338507,0.11078977835346462,202303,0.02842950277399512,True,0.010140110236883073,1.0,0.0,2738.298717743001,0.0,1.0,0.0,0.0,0.10344827586206896,0.0,0.0,1.0,True,0.010140110236883073,1.0,0.0,2372.3778879510887,0.0,1.0,0.0,0.0,0.10344827586206896,0.0,0.0,1.0,True,0.010140110236883073,1.0,0.0,2264.2430154247613,0.0,1.0,0.0,0.0,0.10344827586206896,0.0,0.0,1.0,True,0.010140110236883073,1.0,0.0,2231.9791829565447,0.0,1.0,0.0,0.0,0.10344827586206896,0.0,0.0,1.0,True,0.010140110236883073,1.0,0.0,1522.6035485636464,0.0,1.0,0.0,0.0,0.10344827586206896,0.0,0.0,1.0,Rule:Combined,fleet,10934,1058,0.47,B_fleet_size,ROAD_ORNL,FS-B,0,1,CIDv2_Prototype
226048,23767,0.10514138590033975,0.5633186653022463,0.12697895795588932,202303,0.02842950277399512,True,0.010140110236883073,0.9958677685950413,4.943618036296043e-06,0.997766585428769,0.6260054940864092,1.0,0.0,0.0,0.10344827586206896,0.0,0.0,1.0,True,0.010140110236883073,0.9060150375939849,0.0001235904509074011,0.9966839437192515,15.650137352160232,1.0,0.0,0.0,0.10344827586206896,0.0,0.0,1.0,True,0.010140110236883073,0.5182795698924731,0.0011073704401303138,0.995670606817246,140.22523067535568,1.0,0.0,0.0,0.10344827586206896,0.0,0.0,1.0,True,0.010140110236883073,0.40099833610648916,0.0017797024930665756,0.9954384781049741,225.36197787110729,1.0,0.0,0.0,0.10344827586206896,0.0,0.0,1.0,True,0.010939538014894602,0.3303684879288437,0.002605286705128015,0.9947471786091268,329.9048953835377,1.0,0.0006074806907923284,0.000999750062484379,0.27586206896551724,0.15384615384615385,0.23076923076923078,1.0,HistGB,fleet,10934,1058,9.61,B_fleet_size,ROAD_ORNL,FS-B,1,1,CIDv2_Prototype
226048,23767,0.10514138590033975,0.526961381095511,0.12597367590820702,202303,0.02842950277399512,True,0.0,0.0,0.0,0.9976811408996582,0.0,0.0,0.0,0.0,0.0,0.0,0.0,0.0,True,0.0,0.0,2.9661708217776263e-05,0.9871307015419006,3.7560329645184556,0.0,0.0,0.0,0.0,0.0,0.0,0.0,True,0.0018933815795009888,0.4166666666666667,0.00031144793628665076,0.5927794575691223,39.43834612744378,0.16182572614107885,0.0004339147791373774,8.331250520703157e-05,0.27586206896551724,0.07692307692307693,0.3076923076923077,1.0,True,0.0023982833340345858,0.475,0.00031144793628665076,0.5729180574417114,39.43834612744378,0.21161825726141079,0.0004339147791373774,8.331250520703157e-05,0.27586206896551724,0.07692307692307693,0.3076923076923077,1.0,True,0.020490596204821812,0.20419287211740042,0.009382987032889891,0.3485657870769501,1188.1584277760048,0.7551867219917012,0.0037316671005814457,0.02182787636424227,0.8620689655172413,1.0,0.6923076923076923,1.0,XGBoost,fleet,10934,1058,8.31,B_fleet_size,ROAD_ORNL,FS-B,1,1,CIDv2_Prototype
226048,23767,0.10514138590033975,0.48401491643338507,0.11078977835346462,202303,0.02842950277399512,True,0.010140110236883073,1.0,0.0,2738.298717743001,0.0,1.0,0.0,0.0,0.10344827586206896,0.0,0.0,1.0,True,0.010140110236883073,1.0,0.0,2372.3778879510887,0.0,1.0,0.0,0.0,0.10344827586206896,0.0,0.0,1.0,True,0.010140110236883073,1.0,0.0,2264.2430154247613,0.0,1.0,0.0,0.0,0.10344827586206896,0.0,0.0,1.0,True,0.010140110236883073,1.0,0.0,2231.9791829565447,0.0,1.0,0.0,0.0,0.10344827586206896,0.0,0.0,1.0,True,0.010140110236883073,1.0,0.0,1522.6035485636464,0.0,1.0,0.0,0.0,0.10344827586206896,0.0,0.0,1.0,Rule:Combined,fleet,10934,1058,0.71,B_fleet_size,ROAD_ORNL,FS-B,1,1,CIDv2_Prototype
226048,23767,0.10514138590033975,0.6792946667725497,0.22947361169616942,202303,0.02842950277399512,True,0.0,0.0,0.0,0.9997972938804549,0.0,0.0,0.0,0.0,0.0,0.0,0.0,0.0,True,0.0,0.0,0.0,0.9997972938804549,0.0,0.0,0.0,0.0,0.0,0.0,0.0,0.0,True,0.0,0.0,0.0,0.9997972938804549,0.0,0.0,0.0,0.0,0.0,0.0,0.0,0.0,True,0.0,0.0,0.0,0.9997972938804549,0.0,0.0,0.0,0.0,0.0,0.0,0.0,0.0,True,0.04884924475112551,0.34349112426035505,0.010969888422540921,0.9997652390036259,1389.106191377742,0.04149377593360996,0.004859845526338627,0.09122719320169957,0.7931034482758621,1.0,0.5384615384615384,1.0,HistGB,fleet,40000,20000,21.31,B_fleet_size,ROAD_ORNL,FS-B,0,1,CTT_Forester
226048,23767,0.10514138590033975,0.700337885091795,0.23515178272419957,202303,0.02842950277399512,True,0.0,0.0,0.0,0.9999973773956299,0.0,0.0,0.0,0.0,0.0,0.0,0.0,0.0,True,0.0008835780704337947,0.3888888888888889,0.00016313939519776945,0.9999948740005493,20.658181304851503,0.0,8.678295582747549e-05,0.0016662501041406314,0.20689655172413793,0.38461538461538464,0.07692307692307693,0.0,True,0.006900323978625826,0.35964912280701755,0.0014435364665984448,0.9999908208847046,182.79360427323152,0.004149377593360996,0.0002603488674824265,0.013330000833125051,0.4827586206896552,0.7692307692307693,0.23076923076923078,0.3333333333333333,True,0.00913030672781588,0.37094017094017095,0.001819251437356944,0.9999897480010986,230.3700218237986,0.004149377593360996,0.0004339147791373774,0.017578938598683664,0.5172413793103449,0.8461538461538461,0.23076923076923078,0.3333333333333333,True,0.0514999789624269,0.31611570247933884,0.013090700560111924,0.9999775886535645,1657.6625483408118,0.024896265560165973,0.006682287598715612,0.09505956844122303,0.896551724137931,1.0,0.8461538461538461,0.6666666666666666,XGBoost,fleet,40000,20000,14.26,B_fleet_size,ROAD_ORNL,FS-B,0,1,CTT_Forester
226048,23767,0.10514138590033975,0.7334686560525305,0.2826902236541298,202303,0.02842950277399512,True,0.0,0.0,0.0003856022068310914,640625.0,48.82842853873992,0.0,0.0,0.0,0.0,0.0,0.0,0.0,True,0.0,0.0,0.0007712044136621828,504435.47385170544,97.65685707747984,0.0,0.0,0.0,0.0,0.0,0.0,0.0,True,0.0,0.0,0.0008601895383155116,481840.45641477423,108.9249559710352,0.0,0.0,0.0,0.0,0.0,0.0,0.0,True,0.0,0.0,0.0008601895383155116,474977.45972235495,108.9249559710352,0.0,0.0,0.0,0.0,0.0,0.0,0.0,True,0.0,0.0,0.0016758865143043588,325359.6751095745,212.21586249529273,0.0,0.0,0.0,0.0,0.0,0.0,0.0,Rule:Combined,fleet,40000,20000,0.54,B_fleet_size,ROAD_ORNL,FS-B,0,1,CTT_Forester
226048,23767,0.10514138590033975,0.626030356356129,0.22490811541227163,202303,0.02842950277399512,True,0.00042075146211133083,0.7692307692307693,1.4830854108888132e-05,0.9999897780276166,1.8780164822592278,0.0,0.0,0.0008331250520703157,0.13793103448275862,0.3076923076923077,0.0,0.0,True,0.0009256532166449278,0.6285714285714286,6.426703447184857e-05,0.9999884545358243,8.13807142312332,0.0,8.678295582747549e-05,0.0017495626093476631,0.20689655172413793,0.38461538461538464,0.07692307692307693,0.0,True,0.011402364623217066,0.4608843537414966,0.0015671269175058459,0.9999846049235844,198.4437416253917,0.008298755186721992,0.0006074806907923284,0.02182787636424227,0.4482758620689655,0.7692307692307693,0.15384615384615385,0.3333333333333333,True,0.01325367105650692,0.4480796586059744,0.0019181237980828649,0.999984000686307,242.89013170552678,0.008298755186721992,0.0007810466024472793,0.0253270015829376,0.4827586206896552,0.7692307692307693,0.23076923076923078,0.3333333333333333,True,0.06113518744477637,0.3461996664284012,0.013565287891596344,0.9999720130242415,1717.759075773107,0.03734439834024896,0.00902542740605745,0.11163875697742232,0.896551724137931,1.0,0.9230769230769231,0.3333333333333333,HistGB,fleet,40000,20000,31.23,B_fleet_size,ROAD_ORNL,FS-B,1,1,CTT_Forester
226048,23767,0.10514138590033975,0.6591356971268663,0.2401048535655508,202303,0.02842950277399512,True,0.0,0.0,0.0,0.9999961853027344,0.0,0.0,0.0,0.0,0.0,0.0,0.0,0.0,True,0.001514705263600791,0.6923076923076923,7.909788858073669e-05,0.999995231628418,10.016087905382546,0.0,0.0,0.0029992501874531365,0.13793103448275862,0.3076923076923077,0.0,0.0,True,0.008078428072537553,0.5818181818181818,0.000682219289008854,0.9999942779541016,86.38875818392448,0.0,0.0004339147791373774,0.015579438473714905,0.3448275862068966,0.5384615384615384,0.23076923076923078,0.0,True,0.008962006142971346,0.5406091370558376,0.0008947948645695839,0.999994158744812,113.30699442964006,0.0,0.0004339147791373774,0.017329001083062567,0.3793103448275862,0.6153846153846154,0.23076923076923078,0.0,True,0.06020953422813144,0.3856103476151981,0.01127144912275498,0.9999897480010986,1427.292526517013,0.02074688796680498,0.008678295582747549,0.11047238190452387,0.8620689655172413,1.0,0.7692307692307693,0.6666666666666666,XGBoost,fleet,40000,20000,11.43,B_fleet_size,ROAD_ORNL,FS-B,1,1,CTT_Forester
226048,23767,0.10514138590033975,0.7334819646333781,0.2827196877500626,202303,0.02842950277399512,True,0.0,0.0,0.0003856022068310914,640625.0,48.82842853873992,0.0,0.0,0.0,0.0,0.0,0.0,0.0,True,0.0,0.0,0.0007712044136621828,502330.13651915354,97.65685707747984,0.0,0.0,0.0,0.0,0.0,0.0,0.0,True,0.0,0.0,0.0008601895383155116,479829.42451663094,108.9249559710352,0.0,0.0,0.0,0.0,0.0,0.0,0.0,True,0.0,0.0,0.0008601895383155116,472995.07209882804,108.9249559710352,0.0,0.0,0.0,0.0,0.0,0.0,0.0,True,0.0,0.0,0.0016758865143043588,324001.7126478987,212.21586249529273,0.0,0.0,0.0,0.0,0.0,0.0,0.0,Rule:Combined,fleet,40000,20000,0.47,B_fleet_size,ROAD_ORNL,FS-B,1,1,CTT_Forester
226048,23767,0.10514138590033975,0.7007866973635581,0.20956298737017304,202303,0.02842950277399512,True,0.00016830058484453234,0.8,4.943618036296043e-06,0.9999889677390162,0.6260054940864092,0.0,0.0,0.0003332500208281263,0.034482758620689655,0.07692307692307693,0.0,0.0,True,0.00021037573105566542,0.8333333333333334,4.943618036296043e-06,0.9999880727821502,0.6260054940864092,0.0,0.0,0.00041656252603515786,0.06896551724137931,0.15384615384615385,0.0,0.0,True,0.0037867631590019777,0.2830188679245283,0.001127144912275498,0.9999868249228177,142.7292526517013,0.0,0.00017356591165495098,0.007331500458218778,0.2413793103448276,0.46153846153846156,0.07692307692307693,0.0,True,0.004459965498380107,0.2888283378746594,0.0012902843074732674,0.999986162214363,163.3874339565528,0.0,0.00017356591165495098,0.008664500541531284,0.2413793103448276,0.46153846153846156,0.07692307692307693,0.0,True,0.043169100012622544,0.29081632653061223,0.012368932326812701,0.999963007632955,1566.2657462041957,0.024896265560165973,0.004252364835546299,0.08089644255602765,0.6896551724137931,0.9230769230769231,0.5384615384615384,0.3333333333333333,HistGB,fleet,40000,12610,17.58,B_fleet_size,ROAD_ORNL,FS-B,0,1,CTT_Impala
226048,23767,0.10514138590033975,0.6997756086011631,0.20742202400746296,202303,0.02842950277399512,True,0.00021037573105566542,0.625,1.4830854108888132e-05,0.9999793767929077,1.8780164822592278,0.012448132780082987,0.0,0.00016662501041406314,0.10344827586206896,0.15384615384615385,0.0,0.3333333333333333,True,0.00037867631590019776,0.2571428571428571,0.00012853406894369713,0.9999672174453735,16.27614284624664,0.02074688796680498,0.0,0.0003332500208281263,0.10344827586206896,0.15384615384615385,0.0,0.3333333333333333,True,0.0033239365506795137,0.21584699453551912,0.0014188183764169645,0.9999521970748901,179.66357680279944,0.024896265560165973,0.0002603488674824265,0.00583187536449221,0.4482758620689655,0.7692307692307693,0.15384615384615385,0.3333333333333333,True,0.004123364328691042,0.2045929018789144,0.0018835184718287927,0.9999504089355469,238.50809324692193,0.029045643153526972,0.0002603488674824265,0.007331500458218778,0.4827586206896552,0.8461538461538461,0.15384615384615385,0.3333333333333333,True,0.041149492994488154,0.2369760116307245,0.015567453196296242,0.9999113082885742,1971.2913008781027,0.058091286307053944,0.0032977523214440686,0.07714737982171124,0.6206896551724138,0.8461538461538461,0.3076923076923077,1.0,XGBoost,fleet,40000,12610,9.99,B_fleet_size,ROAD_ORNL,FS-B,0,1,CTT_Impala
226048,23767,0.10514138590033975,0.7356282647859071,0.2863255453177503,202303,0.02842950277399512,True,0.0,0.0,0.0003856022068310914,640625.0,48.82842853873992,0.0,0.0,0.0,0.0,0.0,0.0,0.0,True,0.0,0.0,0.0010332161695858731,437500.0,130.83514826405954,0.0,0.0,0.0,0.0,0.0,0.0,0.0,True,0.0,0.0,0.0016758865143043588,325445.6890053271,212.21586249529273,0.0,0.0,0.0,0.0,0.0,0.0,0.0,True,0.0,0.0,0.0016758865143043588,320824.23543064256,212.21586249529273,0.0,0.0,0.0,0.0,0.0,0.0,0.0,True,0.0,0.0,0.0026300047953094954,223796.26354419024,333.0349228539697,0.0,0.0,0.0,0.0,0.0,0.0,0.0,Rule:Combined,fleet,40000,12610,0.45,B_fleet_size,ROAD_ORNL,FS-B,0,1,CTT_Impala
226048,23767,0.10514138590033975,0.7170936661676603,0.22402896559322677,202303,0.02842950277399512,True,0.00016830058484453234,1.0,0.0,0.9999959806895443,0.0,0.0,0.0,0.0003332500208281263,0.034482758620689655,0.07692307692307693,0.0,0.0,True,0.002061682164345521,0.6805555555555556,0.000113703214834809,0.999995439235017,14.398126363987412,0.0,0.0,0.004082312755144547,0.10344827586206896,0.23076923076923078,0.0,0.0,True,0.00450204064459124,0.3741258741258741,0.0008849076284969919,0.9999947126870918,112.05498344146726,0.0,0.0002603488674824265,0.008664500541531284,0.3448275862068966,0.6153846153846154,0.15384615384615385,0.0,True,0.0051752429839693696,0.3426183844011142,0.0011666938565658663,0.9999946849047231,147.73729660439258,0.0,0.000520697734964853,0.009747563109222694,0.41379310344827586,0.6923076923076923,0.23076923076923078,0.0,True,0.04931207135944798,0.3094797993134407,0.012927561164914154,0.9999684706540344,1637.00436703596,0.04564315352697095,0.008765078538575024,0.08831125551945347,0.896551724137931,0.9230769230769231,0.9230769230769231,0.6666666666666666,HistGB,fleet,40000,12610,31.6,B_fleet_size,ROAD_ORNL,FS-B,1,1,CTT_Impala
226048,23767,0.10514138590033975,0.7218037445845104,0.23346705173062637,202303,0.02842950277399512,True,4.2075146211133085e-05,1.0,0.0,0.9999644756317139,0.0,0.004149377593360996,0.0,0.0,0.034482758620689655,0.0,0.0,0.3333333333333333,True,0.0007152774855892624,0.6296296296296297,4.943618036296043e-05,0.9999521970748901,6.260054940864092,0.03734439834024896,8.678295582747549e-05,0.0005831875364492211,0.27586206896551724,0.3076923076923077,0.07692307692307693,1.0,True,0.007236925148314891,0.4332493702770781,0.0011123140581666099,0.9999370574951172,140.8512361694421,0.08713692946058091,0.00017356591165495098,0.012413563275847705,0.5517241379310345,0.9230769230769231,0.07692307692307693,1.0,True,0.008962006142971346,0.42771084337349397,0.0014089311403443724,0.9999352693557739,178.4115658146266,0.08713692946058091,0.0002603488674824265,0.015746063484128967,0.5862068965517241,0.9230769230769231,0.15384615384615385,1.0,True,0.05945218159633105,0.31372113676731794,0.01528072335019107,0.999915599822998,1934.9829822210909,0.13278008298755187,0.004512713703028725,0.11072231942014496,0.7931034482758621,1.0,0.5384615384615384,1.0,XGBoost,fleet,40000,12610,8.2,B_fleet_size,ROAD_ORNL,FS-B,1,1,CTT_Impala
226048,23767,0.10514138590033975,0.7356251489982027,0.2863230703191856,202303,0.02842950277399512,True,0.0,0.0,0.0003856022068310914,640625.0,48.82842853873992,0.0,0.0,0.0,0.0,0.0,0.0,0.0,True,0.0,0.0,0.0010332161695858731,437500.0,130.83514826405954,0.0,0.0,0.0,0.0,0.0,0.0,0.0,True,0.0,0.0,0.0016758865143043588,326176.8569025686,212.21586249529273,0.0,0.0,0.0,0.0,0.0,0.0,0.0,True,0.0,0.0,0.0016758865143043588,321545.0204633799,212.21586249529273,0.0,0.0,0.0,0.0,0.0,0.0,0.0,True,0.0,0.0,0.0026300047953094954,224299.05909181669,333.0349228539697,0.0,0.0,0.0,0.0,0.0,0.0,0.0,Rule:Combined,fleet,40000,12610,0.5,B_fleet_size,ROAD_ORNL,FS-B,1,1,CTT_Impala
226048,23767,0.10514138590033975,0.7193856001448928,0.21780570206076239,202303,0.02842950277399512,True,0.0,0.0,0.0,0.9999138330750544,0.0,0.0,0.0,0.0,0.0,0.0,0.0,0.0,True,0.0,0.0,0.0,0.9999138330750544,0.0,0.0,0.0,0.0,0.0,0.0,0.0,0.0,True,0.0,0.0,0.0,0.9999138330750544,0.0,0.0,0.0,0.0,0.0,0.0,0.0,0.0,True,0.0,0.0,0.0,0.9999138330750544,0.0,0.0,0.0,0.0,0.0,0.0,0.0,0.0,True,0.0,0.0,0.0,0.9999138330750544,0.0,0.0,0.0,0.0,0.0,0.0,0.0,0.0,HistGB,fleet,40000,20000,16.15,B_fleet_size,ROAD_ORNL,FS-B,0,1,CTT_Traverse
226048,23767,0.10514138590033975,0.7442087118931413,0.2612335084006781,202303,0.02842950277399512,True,0.0,0.0,0.0,0.9999967813491821,0.0,0.0,0.0,0.0,0.0,0.0,0.0,0.0,True,0.0013464046787562587,0.5245901639344263,0.00014336492305258526,0.9999924898147583,18.154159328505866,0.07053941908713693,0.0,0.0012496875781054736,0.3103448275862069,0.46153846153846156,0.0,1.0,True,0.009298607312660412,0.44466800804828976,0.001364438578017708,0.9999885559082031,172.77751636784896,0.14107883817427386,0.0018224420723769851,0.013829875864367241,0.7931034482758621,0.9230769230769231,0.6153846153846154,1.0,True,0.0113182143307948,0.4317817014446228,0.0017500407848487995,0.9999880790710449,221.60594490658886,0.15352697095435686,0.0027770545864792156,0.016662501041406316,0.7931034482758621,0.9230769230769231,0.6153846153846154,1.0,True,0.06626835528253461,0.354012137559002,0.014207958236314829,0.9999784231185913,1799.13979000434,0.26556016597510373,0.01900546732621713,0.1076397567274848,0.9655172413793104,1.0,0.9230769230769231,1.0,XGBoost,fleet,40000,20000,11.5,B_fleet_size,ROAD_ORNL,FS-B,0,1,CTT_Traverse
226048,23767,0.10514138590033975,0.7354340689153464,0.2861179700985274,202303,0.02842950277399512,True,0.0,0.0,0.0003856022068310914,640625.0,48.82842853873992,0.0,0.0,0.0,0.0,0.0,0.0,0.0,True,0.0,0.0,0.0010332161695858731,437500.0,130.83514826405954,0.0,0.0,0.0,0.0,0.0,0.0,0.0,True,0.0,0.0,0.001354551341945116,374748.8059433579,171.52550537967613,0.0,0.0,0.0,0.0,0.0,0.0,0.0,True,0.0,0.0,0.001354551341945116,369467.8818508519,171.52550537967613,0.0,0.0,0.0,0.0,0.0,0.0,0.0,True,0.0,0.0,0.002288895150805068,253157.30904801504,289.8405437620075,0.0,0.0,0.0,0.0,0.0,0.0,0.0,Rule:Combined,fleet,40000,20000,0.49,B_fleet_size,ROAD_ORNL,FS-B,0,1,CTT_Traverse
226048,23767,0.10514138590033975,0.7237152758171935,0.2140970475617066,202303,0.02842950277399512,True,0.0,0.0,0.0,0.9995849233403312,0.0,0.0,0.0,0.0,0.0,0.0,0.0,0.0,True,0.0,0.0,0.0,0.9995849233403312,0.0,0.0,0.0,0.0,0.0,0.0,0.0,0.0,True,0.0,0.0,0.0,0.9995849233403312,0.0,0.0,0.0,0.0,0.0,0.0,0.0,0.0,True,0.0,0.0,0.0,0.9995849233403312,0.0,0.0,0.0,0.0,0.0,0.0,0.0,0.0,True,0.0,0.0,0.0,0.9995849233403312,0.0,0.0,0.0,0.0,0.0,0.0,0.0,0.0,HistGB,fleet,40000,20000,12.04,B_fleet_size,ROAD_ORNL,FS-B,1,1,CTT_Traverse
226048,23767,0.10514138590033975,0.7203504894686369,0.24422345712887467,202303,0.02842950277399512,True,4.2075146211133085e-05,1.0,0.0,0.9999971389770508,0.0,0.004149377593360996,0.0,0.0,0.034482758620689655,0.0,0.0,0.3333333333333333,True,0.0005469769007447301,0.5909090909090909,4.449256232666439e-05,0.9999958276748657,5.634049446777683,0.029045643153526972,8.678295582747549e-05,0.00041656252603515786,0.20689655172413793,0.3076923076923077,0.07692307692307693,0.3333333333333333,True,0.006227121639247696,0.40437158469945356,0.0010777087319125374,0.999992847442627,136.4691977108372,0.11203319502074689,0.0011281784257571813,0.00899775056235941,0.6551724137931034,0.8461538461538461,0.38461538461538464,1.0,True,0.008246728657382085,0.4109014675052411,0.0013891566681991882,0.9999923706054688,175.907543838281,0.11203319502074689,0.0017356591165495097,0.012413563275847705,0.7241379310344828,0.8461538461538461,0.5384615384615384,1.0,True,0.07880674885345226,0.3834971334971335,0.014885233907287387,0.9999834299087524,1884.9025426941782,0.21991701244813278,0.016662327518875295,0.1356327584770474,0.9655172413793104,1.0,0.9230769230769231,1.0,XGBoost,fleet,40000,20000,7.93,B_fleet_size,ROAD_ORNL,FS-B,1,1,CTT_Traverse
226048,23767,0.10514138590033975,0.7354635957333258,0.2861618719742865,202303,0.02842950277399512,True,0.0,0.0,0.0003856022068310914,640625.0,48.82842853873992,0.0,0.0,0.0,0.0,0.0,0.0,0.0,True,0.0,0.0,0.0010332161695858731,437500.0,130.83514826405954,0.0,0.0,0.0,0.0,0.0,0.0,0.0,True,0.0,0.0,0.001354551341945116,370007.04354751384,171.52550537967613,0.0,0.0,0.0,0.0,0.0,0.0,0.0,True,0.0,0.0,0.001354551341945116,364792.9403316978,171.52550537967613,0.0,0.0,0.0,0.0,0.0,0.0,0.0,True,0.0,0.0,0.002288895150805068,250087.49929525805,289.8405437620075,0.0,0.0,0.0,0.0,0.0,0.0,0.0,Rule:Combined,fleet,40000,20000,0.47,B_fleet_size,ROAD_ORNL,FS-B,1,1,CTT_Traverse
226048,23767,0.10514138590033975,0.6662195633512625,0.19810613606582347,202303,0.02842950277399512,True,0.010140110236883073,0.9233716475095786,9.887236072592087e-05,0.9967804943279638,12.520109881728184,1.0,0.0,0.0,0.10344827586206896,0.0,0.0,1.0,True,0.010140110236883073,0.8637992831541219,0.00018785748537924967,0.9967804943279637,23.788208775283554,1.0,0.0,0.0,0.10344827586206896,0.0,0.0,1.0,True,0.010140110236883073,0.7370030581039755,0.00042515115112145977,0.9948473284406744,53.836472491431195,1.0,0.0,0.0,0.10344827586206896,0.0,0.0,1.0,True,0.010140110236883073,0.7370030581039755,0.00042515115112145977,0.9948473284406744,53.836472491431195,1.0,0.0,0.0,0.10344827586206896,0.0,0.0,1.0,True,0.010140110236883073,0.27990708478513354,0.003065043182503547,0.9932803004023143,388.1234063335737,1.0,0.0,0.0,0.10344827586206896,0.0,0.0,1.0,HistGB,fleet,40000,1816,12.27,B_fleet_size,ROAD_ORNL,FS-B,0,2,CIDv2_OpelAstra|CIDv2_RenaultClio
226048,23767,0.10514138590033975,0.6183514502894131,0.17374308109782233,202303,0.02842950277399512,True,0.010140110236883073,0.9757085020242915,2.9661708217776263e-05,0.9930263757705688,3.7560329645184556,1.0,0.0,0.0,0.10344827586206896,0.0,0.0,1.0,True,0.010140110236883073,0.7172619047619048,0.00046964371344812415,0.9687163829803467,59.47052193820888,1.0,0.0,0.0,0.10344827586206896,0.0,0.0,1.0,True,0.010140110236883073,0.49690721649484537,0.0012062428008562346,0.9183775782585144,152.74534055708384,1.0,0.0,0.0,0.10344827586206896,0.0,0.0,1.0,True,0.010140110236883073,0.4908350305498982,0.001235904509074011,0.9148720502853394,156.5013735216023,1.0,0.0,0.0,0.10344827586206896,0.0,0.0,1.0,True,0.010182185383094206,0.36722306525037934,0.00206148872113545,0.8676248788833618,261.04429103403265,1.0,0.0,8.331250520703157e-05,0.13793103448275862,0.07692307692307693,0.0,1.0,XGBoost,fleet,40000,1816,7.09,B_fleet_size,ROAD_ORNL,FS-B,0,2,CIDv2_OpelAstra|CIDv2_RenaultClio
226048,23767,0.10514138590033975,0.7331741967981604,0.27768729217461535,202303,0.02842950277399512,True,0.0,0.0,0.0001829138673429536,784146.6491530368,23.16220328119714,0.0,0.0,0.0,0.0,0.0,0.0,0.0,True,0.0,0.0,0.0001928011034155457,780824.292361368,24.41421426936996,0.0,0.0,0.0,0.0,0.0,0.0,0.0,True,0.0,0.0,0.00021751919359702592,745257.5112791384,27.544241739802004,0.0,0.0,0.0,0.0,0.0,0.0,0.0,True,0.0,0.0,0.00021751919359702592,734601.1507656547,27.544241739802004,0.0,0.0,0.0,0.0,0.0,0.0,0.0,True,0.0,0.0,0.0007712044136621828,501927.8265015079,97.65685707747984,0.0,0.0,0.0,0.0,0.0,0.0,0.0,Rule:Combined,fleet,40000,1816,0.51,B_fleet_size,ROAD_ORNL,FS-B,0,2,CIDv2_OpelAstra|CIDv2_RenaultClio
226048,23767,0.10514138590033975,0.6482437916944049,0.18569425551008967,202303,0.02842950277399512,True,0.010140110236883073,0.8700361010830325,0.00017797024930665757,0.9968292981022042,22.536197787110734,1.0,0.0,0.0,0.10344827586206896,0.0,0.0,1.0,True,0.010140110236883073,0.8576512455516014,0.00019774472145184173,0.9968292981022041,25.040219763456367,1.0,0.0,0.0,0.10344827586206896,0.0,0.0,1.0,True,0.010140110236883073,0.2997512437810945,0.0027832569544346724,0.9940268480247436,352.44109317064834,1.0,0.0,0.0,0.10344827586206896,0.0,0.0,1.0,True,0.010140110236883073,0.2997512437810945,0.0027832569544346724,0.9940268480247436,352.44109317064834,1.0,0.0,0.0,0.10344827586206896,0.0,0.0,1.0,True,0.010140110236883073,0.2766934557979334,0.0031144793628665075,0.9933050436273515,394.3834612744378,1.0,0.0,0.0,0.10344827586206896,0.0,0.0,1.0,HistGB,fleet,40000,1816,11.34,B_fleet_size,ROAD_ORNL,FS-B,1,2,CIDv2_OpelAstra|CIDv2_RenaultClio
226048,23767,0.10514138590033975,0.6363137982355125,0.18584234758882878,202303,0.02842950277399512,True,0.010140110236883073,0.8576512455516014,0.00019774472145184173,0.9833706617355347,25.040219763456367,1.0,0.0,0.0,0.10344827586206896,0.0,0.0,1.0,True,0.010140110236883073,0.7347560975609756,0.0004300947691577558,0.9645957350730896,54.4624779855176,1.0,0.0,0.0,0.10344827586206896,0.0,0.0,1.0,True,0.010140110236883073,0.6195372750642674,0.0007316554693718144,0.9172860980033875,92.64881312478856,1.0,0.0,0.0,0.10344827586206896,0.0,0.0,1.0,True,0.010140110236883073,0.6040100250626567,0.0007810916497347749,0.9126831889152527,98.90886806565267,1.0,0.0,0.0,0.10344827586206896,0.0,0.0,1.0,True,0.010182185383094206,0.42160278745644597,0.0016412811880502866,0.8645920753479004,207.83382403668787,1.0,0.0,8.331250520703157e-05,0.13793103448275862,0.07692307692307693,0.0,1.0,XGBoost,fleet,40000,1816,7.93,B_fleet_size,ROAD_ORNL,FS-B,1,2,CIDv2_OpelAstra|CIDv2_RenaultClio
226048,23767,0.10514138590033975,0.7331465383711862,0.2775026967619032,202303,0.02842950277399512,True,0.0,0.0,0.0001829138673429536,791123.1876787206,23.16220328119714,0.0,0.0,0.0,0.0,0.0,0.0,0.0,True,0.0,0.0,0.0001829138673429536,787771.2719388905,23.16220328119714,0.0,0.0,0.0,0.0,0.0,0.0,0.0,True,0.0,0.0,0.00019774472145184173,751888.0538499827,25.040219763456367,0.0,0.0,0.0,0.0,0.0,0.0,0.0,True,0.0,0.0,0.00021751919359702592,741136.8838901459,27.544241739802004,0.0,0.0,0.0,0.0,0.0,0.0,0.0,True,0.0,0.0,0.0007712044136621828,506393.46927697945,97.65685707747984,0.0,0.0,0.0,0.0,0.0,0.0,0.0,Rule:Combined,fleet,40000,1816,0.67,B_fleet_size,ROAD_ORNL,FS-B,1,2,CIDv2_OpelAstra|CIDv2_RenaultClio
226048,23767,0.10514138590033975,0.7340078488401027,0.2890086901392966,202303,0.02842950277399512,True,4.2075146211133085e-05,1.0,0.0,0.9999066988160288,0.0,0.004149377593360996,0.0,0.0,0.034482758620689655,0.0,0.0,0.3333333333333333,True,4.2075146211133085e-05,1.0,0.0,0.9999066988160288,0.0,0.004149377593360996,0.0,0.0,0.034482758620689655,0.0,0.0,0.3333333333333333,True,4.2075146211133085e-05,1.0,0.0,0.9999066988160288,0.0,0.004149377593360996,0.0,0.0,0.034482758620689655,0.0,0.0,0.3333333333333333,True,0.0018933815795009888,0.1601423487544484,0.0011666938565658663,0.9998878352924991,147.73729660439258,0.029045643153526972,0.00017356591165495098,0.0029992501874531365,0.4482758620689655,0.6153846153846154,0.15384615384615385,1.0,True,0.06530062691967854,0.5627266134880348,0.005962003351773029,0.999875909594891,754.9626258682096,0.0954356846473029,0.01171569903670919,0.11613763225860202,0.896551724137931,0.9230769230769231,0.8461538461538461,1.0,HistGB,fleet,40000,20000,15.44,B_fleet_size,ROAD_ORNL,FS-B,0,2,CIDv2_OpelAstra|CTT_Silverado
226048,23767,0.10514138590033975,0.7309547061590806,0.25931417426840325,202303,0.02842950277399512,True,0.0003366011696890647,0.8,9.887236072592087e-06,0.9999945163726808,1.2520109881728183,0.03319502074688797,0.0,0.0,0.10344827586206896,0.0,0.0,1.0,True,0.0015988555560230572,0.5588235294117647,0.00014830854108888132,0.999992847442627,18.780164822592276,0.06224066390041494,0.00034713182330990195,0.0015829375989336,0.5172413793103449,0.6923076923076923,0.23076923076923078,1.0,True,0.005974670761980898,0.37866666666666665,0.0011518630024569781,0.9999899864196777,145.85928012213336,0.0995850622406639,0.0016488761607220343,0.008247938015496127,0.6896551724137931,0.9230769230769231,0.38461538461538464,1.0,True,0.007152774855892624,0.36324786324786323,0.001473198174816221,0.9999895095825195,186.54963723774995,0.0995850622406639,0.0018224420723769851,0.010414063150878948,0.7241379310344828,0.9230769230769231,0.46153846153846156,1.0,True,0.04712416375646905,0.33126293995859213,0.011177520380065354,0.9999765157699585,1415.3984221293713,0.16597510373443983,0.012062830860019092,0.07839706739981671,0.896551724137931,1.0,0.7692307692307693,1.0,XGBoost,fleet,40000,20000,9.04,B_fleet_size,ROAD_ORNL,FS-B,0,2,CIDv2_OpelAstra|CTT_Silverado
226048,23767,0.10514138590033975,0.7207958920438182,0.26181276567769846,202303,0.02842950277399512,True,0.0,0.0,0.0003856022068310914,640625.0,48.82842853873992,0.0,0.0,0.0,0.0,0.0,0.0,0.0,True,0.0,0.0,0.0007712044136621828,507724.28102559276,97.65685707747984,0.0,0.0,0.0,0.0,0.0,0.0,0.0,True,0.0,0.0,0.0008206405940251433,484981.942101982,103.91691201834394,0.0,0.0,0.0,0.0,0.0,0.0,0.0,True,0.0,0.0,0.0008601895383155116,478074.1980718532,108.9249559710352,0.0,0.0,0.0,0.0,0.0,0.0,0.0,True,0.0,0.0,0.0016758865143043588,327480.87291846436,212.21586249529273,0.0,0.0,0.0,0.0,0.0,0.0,0.0,Rule:Combined,fleet,40000,20000,0.49,B_fleet_size,ROAD_ORNL,FS-B,0,2,CIDv2_OpelAstra|CTT_Silverado
226048,23767,0.10514138590033975,0.7276773482373448,0.2914906742409693,202303,0.02842950277399512,True,0.001009803509067194,1.0,0.0,0.9999392067683773,0.0,0.0995850622406639,0.0,0.0,0.10344827586206896,0.0,0.0,1.0,True,0.0037867631590019777,0.6617647058823529,0.000227406429669618,0.9999356444180023,28.796252727974824,0.11203319502074689,8.678295582747549e-05,0.0051653753228359574,0.4482758620689655,0.6923076923076923,0.07692307692307693,1.0,True,0.020238145327555013,0.66991643454039,0.0011716374746021624,0.9999318979816082,148.363302098479,0.14107883817427386,0.0011281784257571813,0.0361576272598517,0.8275862068965517,0.9230769230769231,0.6923076923076923,1.0,True,0.020238145327555013,0.66991643454039,0.0011716374746021624,0.9999318979816082,148.363302098479,0.14107883817427386,0.0011281784257571813,0.0361576272598517,0.8275862068965517,0.9230769230769231,0.6923076923076923,1.0,True,0.09218664534859258,0.5107226107226107,0.010376654258185396,0.9999171002221336,1313.985532087373,0.18672199170124482,0.015620932048945588,0.16379238523702408,0.9655172413793104,1.0,0.9230769230769231,1.0,HistGB,fleet,40000,20000,17.31,B_fleet_size,ROAD_ORNL,FS-B,1,2,CIDv2_OpelAstra|CTT_Silverado
226048,23767,0.10514138590033975,0.7329302419258799,0.2750031805822558,202303,0.02842950277399512,True,0.0004628266083224639,1.0,0.0,0.9999681711196899,0.0,0.03734439834024896,0.0,0.00016662501041406314,0.10344827586206896,0.07692307692307693,0.0,0.6666666666666666,True,0.0016409307022341904,0.5652173913043478,0.00014830854108888132,0.9999544620513916,18.780164822592276,0.06639004149377593,0.0,0.0019161876197617263,0.27586206896551724,0.46153846153846156,0.0,0.6666666666666666,True,0.009382757605082677,0.446,0.0013693821960540041,0.999924898147583,173.40352186193536,0.1037344398340249,0.0012149613815846567,0.01532950095809381,0.7586206896551724,0.9230769230769231,0.5384615384615384,1.0,True,0.010560861698994404,0.43350604490500866,0.0016215067159051023,0.999921441078186,205.32980206034222,0.1078838174273859,0.0013017443374121322,0.01749562609347663,0.7586206896551724,0.9230769230769231,0.5384615384615384,1.0,True,0.06917154037110279,0.4277907884465261,0.010871016061815,0.9997661709785461,1376.586081496014,0.2572614107883817,0.011976047904191617,0.1203032575189536,0.9655172413793104,1.0,0.9230769230769231,1.0,XGBoost,fleet,40000,20000,9.43,B_fleet_size,ROAD_ORNL,FS-B,1,2,CIDv2_OpelAstra|CTT_Silverado
226048,23767,0.10514138590033975,0.7208061038692772,0.2618252458466895,202303,0.02842950277399512,True,0.0,0.0,0.0003856022068310914,640625.0,48.82842853873992,0.0,0.0,0.0,0.0,0.0,0.0,0.0,True,0.0,0.0,0.0007712044136621828,505818.2629627344,97.65685707747984,0.0,0.0,0.0,0.0,0.0,0.0,0.0,True,0.0,0.0,0.0008601895383155116,483161.2997251013,108.9249559710352,0.0,0.0,0.0,0.0,0.0,0.0,0.0,True,0.0,0.0,0.0008601895383155116,476279.4876532952,108.9249559710352,0.0,0.0,0.0,0.0,0.0,0.0,0.0,True,0.0,0.0,0.0016758865143043588,326251.49610441405,212.21586249529273,0.0,0.0,0.0,0.0,0.0,0.0,0.0,Rule:Combined,fleet,40000,20000,0.5,B_fleet_size,ROAD_ORNL,FS-B,1,2,CIDv2_OpelAstra|CTT_Silverado
226048,23767,0.10514138590033975,0.5591525034313565,0.13193943799653599,202303,0.02842950277399512,True,0.010140110236883073,1.0,0.0,0.9993004302241929,0.0,1.0,0.0,0.0,0.10344827586206896,0.0,0.0,1.0,True,0.010140110236883073,0.9958677685950413,4.943618036296043e-06,0.9990962407910731,0.6260054940864092,1.0,0.0,0.0,0.10344827586206896,0.0,0.0,1.0,True,0.010266335675516472,0.8133333333333334,0.00027684261003257845,0.9987635822129701,35.05630766883892,1.0,8.678295582747549e-05,0.00016662501041406314,0.20689655172413793,0.15384615384615385,0.07692307692307693,1.0,True,0.010308410821727605,0.6786703601108033,0.000573459692210341,0.998746215930061,72.61663731402346,1.0,0.00017356591165495098,0.00016662501041406314,0.2413793103448276,0.15384615384615385,0.15384615384615385,1.0,True,0.015609879244330374,0.1727992547741034,0.008779865632461773,0.9980136536849264,1111.7857574974628,1.0,0.0008678295582747548,0.009997500624843789,0.6206896551724138,0.8461538461538461,0.3076923076923077,1.0,HistGB,fleet,28243,1922,13.12,B_fleet_size,ROAD_ORNL,FS-B,0,2,CIDv2_Prototype|CIDv2_RenaultClio
226048,23767,0.10514138590033975,0.5662170981359538,0.1306367587392206,202303,0.02842950277399512,True,0.0,0.0,0.0,0.999916672706604,0.0,0.0,0.0,0.0,0.0,0.0,0.0,0.0,True,0.0,0.0,0.0,0.9998393058776855,0.0,0.0,0.0,0.0,0.0,0.0,0.0,0.0,True,0.0,0.0,4.943618036296043e-05,0.9996639490127563,6.260054940864092,0.0,0.0,0.0,0.0,0.0,0.0,0.0,True,0.0,0.0,5.9323416435552526e-05,0.9996318817138672,7.512065929036911,0.0,0.0,0.0,0.0,0.0,0.0,0.0,True,0.0,0.0,0.00031639155432294677,0.9989948868751526,40.064351621530186,0.0,0.0,0.0,0.0,0.0,0.0,0.0,XGBoost,fleet,28243,1922,6.62,B_fleet_size,ROAD_ORNL,FS-B,0,2,CIDv2_Prototype|CIDv2_RenaultClio
226048,23767,0.10514138590033975,0.5431669775454016,0.12356320562254469,202303,0.02842950277399512,True,0.0,0.0,0.0,475913.0843314375,0.0,0.0,0.0,0.0,0.0,0.0,0.0,0.0,True,0.0,0.0,0.0,473896.6847864392,0.0,0.0,0.0,0.0,0.0,0.0,0.0,0.0,True,0.0,0.0,0.0,452310.55009702244,0.0,0.0,0.0,0.0,0.0,0.0,0.0,0.0,True,0.0,0.0,0.0,445843.0085781198,0.0,0.0,0.0,0.0,0.0,0.0,0.0,0.0,True,0.0,0.0,0.0,304003.99630645703,0.0,0.0,0.0,0.0,0.0,0.0,0.0,0.0,Rule:Combined,fleet,28243,1922,0.49,B_fleet_size,ROAD_ORNL,FS-B,0,2,CIDv2_Prototype|CIDv2_RenaultClio
226048,23767,0.10514138590033975,0.5591525034313565,0.13193943799653599,202303,0.02842950277399512,True,0.010140110236883073,1.0,0.0,0.9993004302241929,0.0,1.0,0.0,0.0,0.10344827586206896,0.0,0.0,1.0,True,0.010140110236883073,0.9958677685950413,4.943618036296043e-06,0.9990962407910731,0.6260054940864092,1.0,0.0,0.0,0.10344827586206896,0.0,0.0,1.0,True,0.010266335675516472,0.8133333333333334,0.00027684261003257845,0.9987635822129701,35.05630766883892,1.0,8.678295582747549e-05,0.00016662501041406314,0.20689655172413793,0.15384615384615385,0.07692307692307693,1.0,True,0.010308410821727605,0.6786703601108033,0.000573459692210341,0.998746215930061,72.61663731402346,1.0,0.00017356591165495098,0.00016662501041406314,0.2413793103448276,0.15384615384615385,0.15384615384615385,1.0,True,0.015609879244330374,0.1727992547741034,0.008779865632461773,0.9980136536849264,1111.7857574974628,1.0,0.0008678295582747548,0.009997500624843789,0.6206896551724138,0.8461538461538461,0.3076923076923077,1.0,HistGB,fleet,28243,1922,11.6,B_fleet_size,ROAD_ORNL,FS-B,1,2,CIDv2_Prototype|CIDv2_RenaultClio
226048,23767,0.10514138590033975,0.5662170981359538,0.1306367587392206,202303,0.02842950277399512,True,0.0,0.0,0.0,0.999916672706604,0.0,0.0,0.0,0.0,0.0,0.0,0.0,0.0,True,0.0,0.0,0.0,0.9998393058776855,0.0,0.0,0.0,0.0,0.0,0.0,0.0,0.0,True,0.0,0.0,4.943618036296043e-05,0.9996639490127563,6.260054940864092,0.0,0.0,0.0,0.0,0.0,0.0,0.0,True,0.0,0.0,5.9323416435552526e-05,0.9996318817138672,7.512065929036911,0.0,0.0,0.0,0.0,0.0,0.0,0.0,True,0.0,0.0,0.00031639155432294677,0.9989948868751526,40.064351621530186,0.0,0.0,0.0,0.0,0.0,0.0,0.0,XGBoost,fleet,28243,1922,5.77,B_fleet_size,ROAD_ORNL,FS-B,1,2,CIDv2_Prototype|CIDv2_RenaultClio
226048,23767,0.10514138590033975,0.5431669775454016,0.12356320562254469,202303,0.02842950277399512,True,0.0,0.0,0.0,475913.0843314375,0.0,0.0,0.0,0.0,0.0,0.0,0.0,0.0,True,0.0,0.0,0.0,473896.6847864392,0.0,0.0,0.0,0.0,0.0,0.0,0.0,0.0,True,0.0,0.0,0.0,452310.55009702244,0.0,0.0,0.0,0.0,0.0,0.0,0.0,0.0,True,0.0,0.0,0.0,445843.0085781198,0.0,0.0,0.0,0.0,0.0,0.0,0.0,0.0,True,0.0,0.0,0.0,304003.99630645703,0.0,0.0,0.0,0.0,0.0,0.0,0.0,0.0,Rule:Combined,fleet,28243,1922,0.46,B_fleet_size,ROAD_ORNL,FS-B,1,2,CIDv2_Prototype|CIDv2_RenaultClio
226048,23767,0.10514138590033975,0.7262605391742711,0.27252349058694364,202303,0.02842950277399512,True,0.0,0.0,0.0,0.9998534353192815,0.0,0.0,0.0,0.0,0.0,0.0,0.0,0.0,True,0.0,0.0,0.0,0.9998534353192815,0.0,0.0,0.0,0.0,0.0,0.0,0.0,0.0,True,0.0,0.0,0.0,0.9998534353192815,0.0,0.0,0.0,0.0,0.0,0.0,0.0,0.0,True,0.0,0.0,0.0,0.9998534353192815,0.0,0.0,0.0,0.0,0.0,0.0,0.0,0.0,True,0.08099465645643118,0.45166588456123885,0.011553235350823855,0.9998272318910293,1462.9748396799384,0.07883817427385892,0.015968063872255488,0.14346413396650837,0.9655172413793104,1.0,0.9230769230769231,1.0,HistGB,fleet,40000,20000,14.29,B_fleet_size,ROAD_ORNL,FS-B,0,2,CIDv2_RenaultClio|CTT_Silverado
226048,23767,0.10514138590033975,0.7301682577964546,0.2557150713843057,202303,0.02842950277399512,True,0.0002945260234779316,0.875,4.943618036296043e-06,0.9999988079071046,0.6260054940864092,0.029045643153526972,0.0,0.0,0.10344827586206896,0.0,0.0,1.0,True,0.0008835780704337947,0.4772727272727273,0.000113703214834809,0.9999983310699463,14.398126363987412,0.04564315352697095,8.678295582747549e-05,0.0007498125468632841,0.27586206896551724,0.3076923076923077,0.07692307692307693,1.0,True,0.004754491521858038,0.3333333333333333,0.001117257676202906,0.9999970197677612,141.4772416635285,0.11618257261410789,0.0009546125141022303,0.006165125385320337,0.6206896551724138,0.7692307692307693,0.38461538461538464,1.0,True,0.005890520469558631,0.32407407407407407,0.0014435364665984448,0.9999967813491821,182.79360427323152,0.12033195020746888,0.0012149613815846567,0.008081313005082063,0.6206896551724138,0.7692307692307693,0.38461538461538464,1.0,True,0.04712416375646905,0.3366396152690111,0.010910565006105368,0.9999916553497314,1381.594125448705,0.25311203319502074,0.011195001301744337,0.07748062984253937,0.896551724137931,1.0,0.7692307692307693,1.0,XGBoost,fleet,40000,20000,8.69,B_fleet_size,ROAD_ORNL,FS-B,0,2,CIDv2_RenaultClio|CTT_Silverado
226048,23767,0.10514138590033975,0.7209993946128179,0.2620758336053833,202303,0.02842950277399512,True,0.0,0.0,0.0003856022068310914,640625.0,48.82842853873992,0.0,0.0,0.0,0.0,0.0,0.0,0.0,True,0.0,0.0,0.0008601895383155116,470230.7189660686,108.9249559710352,0.0,0.0,0.0,0.0,0.0,0.0,0.0,True,0.0,0.0,0.000998610843331801,449308.7106866778,126.45310980545469,0.0,0.0,0.0,0.0,0.0,0.0,0.0,True,0.0,0.0,0.000998610843331801,442951.9362173726,126.45310980545469,0.0,0.0,0.0,0.0,0.0,0.0,0.0,True,0.0,0.0,0.0018340822914658323,303306.40833673347,232.24803830605785,0.0,0.0,0.0,0.0,0.0,0.0,0.0,Rule:Combined,fleet,40000,20000,0.47,B_fleet_size,ROAD_ORNL,FS-B,0,2,CIDv2_RenaultClio|CTT_Silverado
226048,23767,0.10514138590033975,0.7348981315897966,0.2685207657215215,202303,0.02842950277399512,True,0.0,0.0,0.0,0.9997979306104334,0.0,0.0,0.0,0.0,0.0,0.0,0.0,0.0,True,0.00012622543863339926,0.42857142857142855,1.9774472145184173e-05,0.9997979306104333,2.5040219763456366,0.0,0.0,0.00024993751562109475,0.10344827586206896,0.23076923076923078,0.0,0.0,True,0.00012622543863339926,0.42857142857142855,1.9774472145184173e-05,0.9997979306104333,2.5040219763456366,0.0,0.0,0.00024993751562109475,0.10344827586206896,0.23076923076923078,0.0,0.0,True,0.00012622543863339926,0.42857142857142855,1.9774472145184173e-05,0.9997979306104333,2.5040219763456366,0.0,0.0,0.00024993751562109475,0.10344827586206896,0.23076923076923078,0.0,0.0,True,0.07649261581183994,0.4118713185319438,0.012833632422224529,0.9997744608090452,1625.1102626483182,0.0995850622406639,0.014145621799878504,0.1358826959926685,1.0,1.0,1.0,1.0,HistGB,fleet,40000,20000,12.95,B_fleet_size,ROAD_ORNL,FS-B,1,2,CIDv2_RenaultClio|CTT_Silverado
226048,23767,0.10514138590033975,0.7305895761719734,0.2617007020129457,202303,0.02842950277399512,True,0.0002945260234779316,1.0,0.0,0.9999988079071045,0.0,0.029045643153526972,0.0,0.0,0.06896551724137931,0.0,0.0,0.6666666666666666,True,0.0011781040939117264,0.717948717948718,5.437979839925648e-05,0.9999977350234985,6.886060434950501,0.0954356846473029,0.00017356591165495098,0.00024993751562109475,0.20689655172413793,0.07692307692307693,0.15384615384615385,1.0,True,0.0051752429839693696,0.3867924528301887,0.0009640055170777285,0.999996542930603,122.0710713468498,0.15352697095435686,0.001996007984031936,0.005248687828042989,0.6206896551724138,0.6923076923076923,0.46153846153846156,1.0,True,0.005974670761980898,0.37270341207349084,0.0011815247106747545,0.9999964237213135,149.6153130866518,0.15352697095435686,0.0022563568515143627,0.006581687911355495,0.6551724137931034,0.7692307692307693,0.46153846153846156,1.0,True,0.044683805276223336,0.32727272727272727,0.010791918173234263,0.9999929666519165,1366.5699935906314,0.2572614107883817,0.01249674563915647,0.07131550445721903,0.9310344827586207,1.0,0.8461538461538461,1.0,XGBoost,fleet,40000,20000,6.96,B_fleet_size,ROAD_ORNL,FS-B,1,2,CIDv2_RenaultClio|CTT_Silverado
226048,23767,0.10514138590033975,0.7209655960279513,0.2620333940727422,202303,0.02842950277399512,True,0.0,0.0,0.0003856022068310914,640625.0,48.82842853873992,0.0,0.0,0.0,0.0,0.0,0.0,0.0,True,0.0,0.0,0.0008601895383155116,476161.30867843877,108.9249559710352,0.0,0.0,0.0,0.0,0.0,0.0,0.0,True,0.0,0.0,0.0009442310449325444,454543.1529269359,119.56704937050418,0.0,0.0,0.0,0.0,0.0,0.0,0.0,True,0.0,0.0,0.000998610843331801,448538.48573060473,126.45310980545469,0.0,0.0,0.0,0.0,0.0,0.0,0.0,True,0.0,0.0,0.0018340822914658323,307131.7474739974,232.24803830605785,0.0,0.0,0.0,0.0,0.0,0.0,0.0,Rule:Combined,fleet,40000,20000,0.45,B_fleet_size,ROAD_ORNL,FS-B,1,2,CIDv2_RenaultClio|CTT_Silverado
226048,23767,0.10514138590033975,0.7213379882475707,0.23065316217593598,202303,0.02842950277399512,True,0.0,0.0,2.4718090181480216e-05,0.9999821073909938,3.130027470432046,0.0,0.0,0.0,0.0,0.0,0.0,0.0,True,0.00021037573105566542,0.13513513513513514,0.00015819577716147339,0.999978671712552,20.032175810765093,0.0,0.00017356591165495098,0.00024993751562109475,0.1724137931034483,0.23076923076923078,0.15384615384615385,0.0,True,0.004964867252913704,0.5291479820627802,0.0005190798938110846,0.999974923739669,65.73057687907297,0.0,0.0004339147791373774,0.009414313088394568,0.41379310344827586,0.6923076923076923,0.23076923076923078,0.0,True,0.004964867252913704,0.5291479820627802,0.0005190798938110846,0.999974923739669,65.73057687907297,0.0,0.0004339147791373774,0.009414313088394568,0.41379310344827586,0.6923076923076923,0.23076923076923078,0.0,True,0.04804981697311398,0.2798333741729968,0.014529293408674072,0.9999681336264479,1839.8301471199568,0.04564315352697095,0.009459342185194827,0.08514538032158626,0.896551724137931,1.0,0.8461538461538461,0.6666666666666666,HistGB,fleet,40000,20000,15.68,B_fleet_size,ROAD_ORNL,FS-B,0,2,CTT_Forester|CTT_Impala
226048,23767,0.10514138590033975,0.7044487005722456,0.23175536264524121,202303,0.02842950277399512,True,4.2075146211133085e-05,0.5,4.943618036296043e-06,0.9999972581863403,0.6260054940864092,0.0,0.0,8.331250520703157e-05,0.034482758620689655,0.07692307692307693,0.0,0.0,True,0.000504901754533597,0.48,6.426703447184857e-05,0.9999949932098389,8.13807142312332,0.0,8.678295582747549e-05,0.0009164375572773473,0.10344827586206896,0.15384615384615385,0.07692307692307693,0.0,True,0.006858248832414693,0.45403899721448465,0.0009689491351140246,0.9999902248382568,122.69707684093622,0.04564315352697095,0.0007810466024472793,0.011913688244605515,0.6551724137931034,0.9230769230769231,0.38461538461538464,0.6666666666666666,True,0.008793705558126814,0.44562899786780386,0.0012853406894369713,0.99998939037323,162.76142846246637,0.058091286307053944,0.0007810466024472793,0.015496125968507872,0.6896551724137931,0.9230769230769231,0.38461538461538464,1.0,True,0.06475365001893382,0.3520128087831656,0.014005269896826692,0.9999784231185913,1773.4735647467974,0.12033195020746888,0.012149613815846567,0.11413813213363326,1.0,1.0,1.0,1.0,XGBoost,fleet,40000,20000,5.88,B_fleet_size,ROAD_ORNL,FS-B,0,2,CTT_Forester|CTT_Impala
226048,23767,0.10514138590033975,0.7350912415783377,0.2856593219861311,202303,0.02842950277399512,True,0.0,0.0,0.0003856022068310914,640625.0,48.82842853873992,0.0,0.0,0.0,0.0,0.0,0.0,0.0,True,0.0,0.0,0.000998610843331801,446589.11910027347,126.45310980545469,0.0,0.0,0.0,0.0,0.0,0.0,0.0,True,0.0,0.0,0.0010332161695858731,426529.25647768093,130.83514826405954,0.0,0.0,0.0,0.0,0.0,0.0,0.0,True,0.0,0.0,0.0010974832040577217,420779.23231589637,138.97321968718285,0.0,0.0,0.0,0.0,0.0,0.0,0.0,True,0.0,0.0,0.0019823908325547136,288115.81003250123,251.02820312865012,0.0,0.0,0.0,0.0,0.0,0.0,0.0,Rule:Combined,fleet,40000,20000,0.49,B_fleet_size,ROAD_ORNL,FS-B,0,2,CTT_Forester|CTT_Impala
226048,23767,0.10514138590033975,0.7226967530114351,0.24926456993725798,202303,0.02842950277399512,True,0.00042075146211133083,0.7692307692307693,1.4830854108888132e-05,0.9999846562121715,1.8780164822592278,0.0,0.0,0.0008331250520703157,0.10344827586206896,0.23076923076923078,0.0,0.0,True,0.002356208187823453,0.7466666666666667,9.392874268962483e-05,0.9999829008517958,11.894104387641777,0.004149377593360996,0.0,0.004582187786386737,0.3103448275862069,0.6153846153846154,0.0,0.3333333333333333,True,0.009046156435393613,0.4414784394250513,0.0013446641058725238,0.9999811184981727,170.2734943915033,0.004149377593360996,0.0006074806907923284,0.017245688577855536,0.5517241379310345,0.8461538461538461,0.3076923076923077,0.3333333333333333,True,0.01077123743005007,0.4176182707993475,0.0017648716389576876,0.9999803653313915,223.48396138884812,0.004149377593360996,0.0007810466024472793,0.020494876280929768,0.5862068965517241,0.8461538461538461,0.38461538461538464,0.3333333333333333,True,0.06252366726974376,0.32781822192808296,0.015063204156594045,0.9999634029747384,1907.438740481289,0.029045643153526972,0.009112210361884926,0.11447138215446138,0.896551724137931,1.0,0.8461538461538461,0.6666666666666666,HistGB,fleet,40000,20000,19.28,B_fleet_size,ROAD_ORNL,FS-B,1,2,CTT_Forester|CTT_Impala
226048,23767,0.10514138590033975,0.7273860027946466,0.23613418500893735,202303,0.02842950277399512,True,4.2075146211133085e-05,0.3333333333333333,9.887236072592087e-06,0.9999982118606567,1.2520109881728183,0.0,0.0,8.331250520703157e-05,0.034482758620689655,0.07692307692307693,0.0,0.0,True,0.0004628266083224639,0.4074074074074074,7.909788858073669e-05,0.9999974966049194,10.016087905382546,0.0,0.0,0.0009164375572773473,0.1724137931034483,0.38461538461538464,0.0,0.0,True,0.007615601464215088,0.33089579524680074,0.001809364201284352,0.9999957084655762,229.11801083562577,0.016597510373443983,0.0009546125141022303,0.013829875864367241,0.6551724137931034,0.8461538461538461,0.5384615384615384,0.3333333333333333,True,0.009340682458871544,0.32127351664254705,0.0023185568590228444,0.9999953508377075,293.5965767265259,0.016597510373443983,0.001041395469929706,0.017162376072648505,0.6896551724137931,0.9230769230769231,0.5384615384615384,0.3333333333333333,True,0.059325956157697646,0.2812126047068209,0.017816799402810942,0.999982476234436,2256.123800687419,0.029045643153526972,0.008504729671092597,0.1087228192951762,0.896551724137931,0.9230769230769231,0.9230769230769231,0.6666666666666666,XGBoost,fleet,40000,20000,8.04,B_fleet_size,ROAD_ORNL,FS-B,1,2,CTT_Forester|CTT_Impala
226048,23767,0.10514138590033975,0.7351007487921042,0.2856829475131483,202303,0.02842950277399512,True,0.0,0.0,0.0003856022068310914,640625.0,48.82842853873992,0.0,0.0,0.0,0.0,0.0,0.0,0.0,True,0.0,0.0,0.000998610843331801,444722.996499543,126.45310980545469,0.0,0.0,0.0,0.0,0.0,0.0,0.0,True,0.0,0.0,0.0010332161695858731,424746.9562573143,130.83514826405954,0.0,0.0,0.0,0.0,0.0,0.0,0.0,True,0.0,0.0,0.0010974832040577217,419020.95921483054,138.97321968718285,0.0,0.0,0.0,0.0,0.0,0.0,0.0,True,0.0,0.0,0.0019823908325547136,286911.88588447764,251.02820312865012,0.0,0.0,0.0,0.0,0.0,0.0,0.0,Rule:Combined,fleet,40000,20000,0.48,B_fleet_size,ROAD_ORNL,FS-B,1,2,CTT_Forester|CTT_Impala
226048,23767,0.10514138590033975,0.7077832061943123,0.27840939294791606,202303,0.02842950277399512,True,0.0,0.0,0.0,0.9999015544560049,0.0,0.0,0.0,0.0,0.0,0.0,0.0,0.0,True,0.00021037573105566542,0.5,2.4718090181480216e-05,0.9998800814997171,3.130027470432046,0.0,0.0,0.00041656252603515786,0.13793103448275862,0.3076923076923077,0.0,0.0,True,0.012370092986073127,0.7461928934010152,0.0004943618036296044,0.999491068846243,62.60054940864093,0.29045643153526973,0.00034713182330990195,0.018328751145546947,0.5517241379310345,0.8461538461538461,0.15384615384615385,1.0,True,0.015736104682963773,0.7290448343079922,0.0006871629070451501,0.9993985114371453,87.0147636780109,0.33195020746887965,0.000520697734964853,0.023994001499625092,0.5862068965517241,0.8461538461538461,0.23076923076923078,1.0,True,0.06732023393781293,0.4576659038901602,0.009373099796817299,0.998128974765629,1186.906416787832,0.8008298755186722,0.011108218345916862,0.10655669415979338,0.896551724137931,0.9230769230769231,0.8461538461538461,1.0,HistGB,fleet,40000,14620,16.09,B_fleet_size,ROAD_ORNL,FS-B,0,3,CIDv2_OpelAstra|CIDv2_Prototype|CTT_Impala
226048,23767,0.10514138590033975,0.7410723461990847,0.32523822869359886,202303,0.02842950277399512,True,0.0007573526318003955,1.0,0.0,0.9998582601547241,0.0,0.07053941908713693,0.0,8.331250520703157e-05,0.13793103448275862,0.07692307692307693,0.0,1.0,True,0.004333740059746708,0.9626168224299065,1.9774472145184173e-05,0.9997101426124573,2.5040219763456366,0.3817427385892116,0.0,0.0009164375572773473,0.27586206896551724,0.38461538461538464,0.0,1.0,True,0.019396642403332352,0.8073555166374781,0.0005437979839925648,0.9985231757164001,68.86060434950501,0.921161825726141,0.0004339147791373774,0.01949512621844539,0.5517241379310345,0.8461538461538461,0.15384615384615385,1.0,True,0.022257752345689403,0.7860326894502229,0.0007118809972266303,0.9983029365539551,90.14479114844293,0.9294605809128631,0.0006074806907923284,0.02482712655169541,0.6551724137931034,0.9230769230769231,0.3076923076923077,1.0,True,0.10628181932932217,0.5658602150537635,0.009580731754341732,0.9933252334594727,1213.1986475394608,0.946058091286307,0.015447366137290636,0.17662251103890694,0.9310344827586207,1.0,0.8461538461538461,1.0,XGBoost,fleet,40000,14620,11.4,B_fleet_size,ROAD_ORNL,FS-B,0,3,CIDv2_OpelAstra|CIDv2_Prototype|CTT_Impala
226048,23767,0.10514138590033975,0.7352857940708166,0.28595045647385287,202303,0.02842950277399512,True,0.0,0.0,0.0003856022068310914,640625.0,48.82842853873992,0.0,0.0,0.0,0.0,0.0,0.0,0.0,True,0.0,0.0,0.0010332161695858731,437500.0,130.83514826405954,0.0,0.0,0.0,0.0,0.0,0.0,0.0,True,0.0,0.0,0.0012111864188925306,399593.5745254844,153.37134605117026,0.0,0.0,0.0,0.0,0.0,0.0,0.0,True,0.0,0.0,0.0012111864188925306,393949.14384599956,153.37134605117026,0.0,0.0,0.0,0.0,0.0,0.0,0.0,True,0.0,0.0,0.002120812137571003,270292.3435730387,268.55635696306956,0.0,0.0,0.0,0.0,0.0,0.0,0.0,Rule:Combined,fleet,40000,14620,0.46,B_fleet_size,ROAD_ORNL,FS-B,0,3,CIDv2_OpelAstra|CIDv2_Prototype|CTT_Impala
226048,23767,0.10514138590033975,0.7174449683973043,0.27390770056713487,202303,0.02842950277399512,True,0.0,0.0,0.0,0.999633062934659,0.0,0.0,0.0,0.0,0.0,0.0,0.0,0.0,True,0.00012622543863339926,0.3,3.4605326254072306e-05,0.9996330629346589,4.382038458604865,0.0,0.0,0.00024993751562109475,0.10344827586206896,0.23076923076923078,0.0,0.0,True,0.012454243278495392,0.7081339712918661,0.0006031214004281173,0.9992863609968915,76.37267027854192,0.2987551867219917,0.0006942636466198039,0.01799550112471882,0.6206896551724138,0.8461538461538461,0.3076923076923077,1.0,True,0.01649345731476417,0.6925795053003534,0.0008601895383155116,0.9992078041425837,108.9249559710352,0.34854771784232363,0.0009546125141022303,0.02474381404648838,0.6896551724137931,0.8461538461538461,0.46153846153846156,1.0,True,0.05116337779273783,0.437410071942446,0.007731818608767012,0.9987345685992912,979.072592751144,0.7053941908713693,0.008765078538575024,0.07873031742064483,0.896551724137931,0.9230769230769231,0.8461538461538461,1.0,HistGB,fleet,40000,14620,14.47,B_fleet_size,ROAD_ORNL,FS-B,1,3,CIDv2_OpelAstra|CIDv2_Prototype|CTT_Impala
226048,23767,0.10514138590033975,0.7219405833992661,0.3124030970378402,202303,0.02842950277399512,True,0.0011781040939117264,1.0,0.0,0.9999014139175415,0.0,0.11618257261410789,0.0,0.0,0.10344827586206896,0.0,0.0,1.0,True,0.004628266083224639,0.9734513274336283,1.4830854108888132e-05,0.999783456325531,1.8780164822592278,0.45228215767634855,0.0,8.331250520703157e-05,0.13793103448275862,0.07692307692307693,0.0,1.0,True,0.016577607607186434,0.7533460803059273,0.0006377267266821896,0.9987951517105103,80.75470873714679,0.9294605809128631,0.0004339147791373774,0.01374656335916021,0.5517241379310345,0.8461538461538461,0.15384615384615385,1.0,True,0.01990154415786595,0.7460567823343849,0.000795922503843663,0.998477041721344,100.78688454791188,0.9294605809128631,0.0004339147791373774,0.020328251270515706,0.5517241379310345,0.8461538461538461,0.15384615384615385,1.0,True,0.10817520090882315,0.584451011593544,0.009036933770349169,0.993129551410675,1144.3380431899561,0.9294605809128631,0.013972055888223553,0.18212113638257102,0.9310344827586207,1.0,0.8461538461538461,1.0,XGBoost,fleet,40000,14620,7.07,B_fleet_size,ROAD_ORNL,FS-B,1,3,CIDv2_OpelAstra|CIDv2_Prototype|CTT_Impala
226048,23767,0.10514138590033975,0.7352410330800356,0.28591013068706994,202303,0.02842950277399512,True,0.0,0.0,0.0003856022068310914,640625.0,48.82842853873992,0.0,0.0,0.0,0.0,0.0,0.0,0.0,True,0.0,0.0,0.0010332161695858731,437500.0,130.83514826405954,0.0,0.0,0.0,0.0,0.0,0.0,0.0,True,0.0,0.0,0.0010974832040577217,406754.2695725802,138.97321968718285,0.0,0.0,0.0,0.0,0.0,0.0,0.0,True,0.0,0.0,0.0012111864188925306,401008.69054175215,153.37134605117026,0.0,0.0,0.0,0.0,0.0,0.0,0.0,True,0.0,0.0,0.002120812137571003,275135.95704359567,268.55635696306956,0.0,0.0,0.0,0.0,0.0,0.0,0.0,Rule:Combined,fleet,40000,14620,0.48,B_fleet_size,ROAD_ORNL,FS-B,1,3,CIDv2_OpelAstra|CIDv2_Prototype|CTT_Impala
226048,23767,0.10514138590033975,0.7282022850923485,0.26985264162690703,202303,0.02842950277399512,True,0.009719358774771742,1.0,0.0,0.9998919339829494,0.0,0.008298755186721992,0.0,0.01907856369241023,0.1724137931034483,0.23076923076923078,0.0,0.6666666666666666,True,0.009719358774771742,1.0,0.0,0.9998919339829494,0.0,0.008298755186721992,0.0,0.01907856369241023,0.1724137931034483,0.23076923076923078,0.0,0.6666666666666666,True,0.009719358774771742,1.0,0.0,0.9998919339829494,0.0,0.008298755186721992,0.0,0.01907856369241023,0.1724137931034483,0.23076923076923078,0.0,0.6666666666666666,True,0.009719358774771742,1.0,0.0,0.9998919339829494,0.0,0.008298755186721992,0.0,0.01907856369241023,0.1724137931034483,0.23076923076923078,0.0,0.6666666666666666,True,0.04699793831783566,0.3308649289099526,0.011167633143992762,0.9998919339829493,1414.1464111411983,0.008298755186721992,0.0021695738956868872,0.09081063067566442,0.5862068965517241,0.7692307692307693,0.38461538461538464,0.6666666666666666,HistGB,fleet,40000,20000,13.87,B_fleet_size,ROAD_ORNL,FS-B,0,3,CIDv2_Prototype|CTT_Impala|CTT_Traverse
226048,23767,0.10514138590033975,0.7461941930329777,0.27962973250739437,202303,0.02842950277399512,True,0.0023982833340345858,0.8382352941176471,5.437979839925648e-05,0.9999957084655762,6.886060434950501,0.17842323651452283,0.0,0.0011663750728984422,0.3793103448275862,0.6153846153846154,0.0,1.0,True,0.003912988597635377,0.744,0.00015819577716147339,0.999995231628418,20.032175810765093,0.22821576763485477,0.0,0.0031658751978672,0.4482758620689655,0.7692307692307693,0.0,1.0,True,0.012201792401228595,0.6041666666666666,0.0009392874268962483,0.9999940395355225,118.94104387641777,0.29045643153526973,0.0009546125141022303,0.0174123135882696,0.6896551724137931,0.9230769230769231,0.38461538461538464,1.0,True,0.013421971641351454,0.599624060150376,0.0010529906417310574,0.9999939203262329,133.33917024040517,0.2946058091286307,0.001041395469929706,0.01966175122885945,0.7241379310344828,0.9230769230769231,0.46153846153846156,1.0,True,0.07123322253544831,0.42677085959163097,0.011241787414537203,0.9999915361404419,1423.5364935524947,0.35269709543568467,0.011021435390089386,0.12338582021161376,0.9655172413793104,1.0,0.9230769230769231,1.0,XGBoost,fleet,40000,20000,7.52,B_fleet_size,ROAD_ORNL,FS-B,0,3,CIDv2_Prototype|CTT_Impala|CTT_Traverse
226048,23767,0.10514138590033975,0.7355727541767428,0.28631787354155214,202303,0.02842950277399512,True,0.0,0.0,0.0003856022068310914,640625.0,48.82842853873992,0.0,0.0,0.0,0.0,0.0,0.0,0.0,True,0.0,0.0,0.0010332161695858731,437500.0,130.83514826405954,0.0,0.0,0.0,0.0,0.0,0.0,0.0,True,0.0,0.0,0.001473198174816221,347803.43228948227,186.54963723774995,0.0,0.0,0.0,0.0,0.0,0.0,0.0,True,0.0,0.0,0.0015671269175058459,343234.5725883396,198.4437416253917,0.0,0.0,0.0,0.0,0.0,0.0,0.0,True,0.0,0.0,0.0024619217820754298,235633.91436226567,311.75073605503184,0.0,0.0,0.0,0.0,0.0,0.0,0.0,Rule:Combined,fleet,40000,20000,0.46,B_fleet_size,ROAD_ORNL,FS-B,0,3,CIDv2_Prototype|CTT_Impala|CTT_Traverse
226048,23767,0.10514138590033975,0.7386697802819832,0.2748437087890524,202303,0.02842950277399512,True,0.0007994277780115286,1.0,0.0,0.9997275861041955,0.0,0.0,0.0,0.0015829375989336,0.10344827586206896,0.23076923076923078,0.0,0.0,True,0.0007994277780115286,1.0,0.0,0.9997275861041955,0.0,0.0,0.0,0.0015829375989336,0.10344827586206896,0.23076923076923078,0.0,0.0,True,0.0007994277780115286,1.0,0.0,0.9997275861041955,0.0,0.0,0.0,0.0015829375989336,0.10344827586206896,0.23076923076923078,0.0,0.0,True,0.006605797955147894,0.31462925851703405,0.001690717368413247,0.9997275861041954,214.09387897755195,0.0,0.0004339147791373774,0.0126635007914688,0.3793103448275862,0.7692307692307693,0.07692307692307693,0.0,True,0.07556696259519502,0.40468679585398826,0.013061038851894148,0.9997082875628812,1653.906515376293,0.02074688796680498,0.01570771500477306,0.13413313338332084,0.9310344827586207,1.0,0.9230769230769231,0.6666666666666666,HistGB,fleet,40000,20000,12.14,B_fleet_size,ROAD_ORNL,FS-B,1,3,CIDv2_Prototype|CTT_Impala|CTT_Traverse
226048,23767,0.10514138590033975,0.742608124292376,0.27184343447817944,202303,0.02842950277399512,True,0.001556780409811924,0.9487179487179487,9.887236072592087e-06,0.9999940395355225,1.2520109881728183,0.14937759336099585,0.0,8.331250520703157e-05,0.13793103448275862,0.07692307692307693,0.0,1.0,True,0.0032397862582572473,0.7403846153846154,0.00013347768697999317,0.9999914169311523,16.902148340333046,0.2697095435684647,8.678295582747549e-05,0.0009164375572773473,0.20689655172413793,0.15384615384615385,0.07692307692307693,1.0,True,0.007615601464215088,0.4393203883495146,0.001141975766384386,0.9999878406524658,144.60726913396053,0.34024896265560167,0.0007810466024472793,0.007498125468632842,0.5862068965517241,0.6923076923076923,0.38461538461538464,1.0,True,0.008499179534648883,0.427061310782241,0.0013397204878362278,0.9999873638153076,169.6474888974169,0.35269709543568467,0.0008678295582747548,0.008914438057152379,0.6206896551724138,0.7692307692307693,0.38461538461538464,1.0,True,0.06492195060377835,0.3710918710918711,0.012927561164914154,0.99997878074646,1637.00436703596,0.5477178423236515,0.01232317972750152,0.10572356910772307,0.896551724137931,1.0,0.7692307692307693,1.0,XGBoost,fleet,40000,20000,8.55,B_fleet_size,ROAD_ORNL,FS-B,1,3,CIDv2_Prototype|CTT_Impala|CTT_Traverse
226048,23767,0.10514138590033975,0.7355786642828174,0.2863247797711692,202303,0.02842950277399512,True,0.0,0.0,0.0003856022068310914,640625.0,48.82842853873992,0.0,0.0,0.0,0.0,0.0,0.0,0.0,True,0.0,0.0,0.0010332161695858731,437500.0,130.83514826405954,0.0,0.0,0.0,0.0,0.0,0.0,0.0,True,0.0,0.0,0.001473198174816221,346651.526660327,186.54963723774995,0.0,0.0,0.0,0.0,0.0,0.0,0.0,True,0.0,0.0,0.0015671269175058459,342097.7987684765,198.4437416253917,0.0,0.0,0.0,0.0,0.0,0.0,0.0,True,0.0,0.0,0.0024619217820754298,234853.50793962897,311.75073605503184,0.0,0.0,0.0,0.0,0.0,0.0,0.0,Rule:Combined,fleet,40000,20000,0.5,B_fleet_size,ROAD_ORNL,FS-B,1,3,CIDv2_Prototype|CTT_Impala|CTT_Traverse
226048,23767,0.10514138590033975,0.7261353977456262,0.2632015215947253,202303,0.02842950277399512,True,0.0,0.0,0.0,0.999984757720747,0.0,0.0,0.0,0.0,0.0,0.0,0.0,0.0,True,8.415029242226617e-05,0.4,1.4830854108888132e-05,0.999982898525948,1.8780164822592278,0.0,0.0,0.00016662501041406314,0.034482758620689655,0.07692307692307693,0.0,0.0,True,0.004039214036268776,0.4485981308411215,0.0005833469282829332,0.9999746594784096,73.86864830219629,0.004149377593360996,0.00017356591165495098,0.007748062984253936,0.3448275862068966,0.5384615384615384,0.15384615384615385,0.3333333333333333,True,0.005680144738502966,0.451505016722408,0.0008107533579525512,0.9999722378162265,102.66490103017111,0.004149377593360996,0.00017356591165495098,0.010997250687328168,0.3793103448275862,0.6153846153846154,0.15384615384615385,0.3333333333333333,True,0.07283207809147137,0.40529150081948023,0.012556789812191951,0.9999433815208653,1590.0539549794796,0.06224066390041494,0.008765078538575024,0.134549695909356,0.896551724137931,0.9230769230769231,0.8461538461538461,1.0,HistGB,fleet,40000,20000,19.24,B_fleet_size,ROAD_ORNL,FS-B,0,3,CIDv2_RenaultClio|CTT_Forester|CTT_Traverse
226048,23767,0.10514138590033975,0.7024681249858138,0.23771081931162005,202303,0.02842950277399512,True,0.0008415029242226617,0.7407407407407407,3.4605326254072306e-05,0.9999960660934448,4.382038458604865,0.029045643153526972,0.0,0.0010830625676914105,0.3103448275862069,0.5384615384615384,0.0,0.6666666666666666,True,0.0028190347961459168,0.4785714285714286,0.0003608841166496112,0.9999942779541016,45.69840106830788,0.06639004149377593,0.0002603488674824265,0.003999000249937516,0.6206896551724138,0.9230769230769231,0.23076923076923078,1.0,True,0.010602936845205538,0.3894899536321484,0.0019527291243369373,0.9999910593032837,247.27217016413164,0.0995850622406639,0.0009546125141022303,0.01807881362992585,0.7586206896551724,0.9230769230769231,0.5384615384615384,1.0,True,0.011781040939117263,0.3794037940379404,0.0022641770606235878,0.999990701675415,286.7105162915754,0.0995850622406639,0.0013017443374121322,0.02007831375489461,0.8620689655172413,0.9230769230769231,0.7692307692307693,1.0,True,0.06530062691967854,0.3266680698800253,0.015814634098111045,0.9999812841415405,2002.5915755824233,0.17012448132780084,0.012757094506638896,0.11363825710239107,0.9655172413793104,1.0,0.9230769230769231,1.0,XGBoost,fleet,40000,20000,21.72,B_fleet_size,ROAD_ORNL,FS-B,0,3,CIDv2_RenaultClio|CTT_Forester|CTT_Traverse
226048,23767,0.10514138590033975,0.7337113091352091,0.283247390119707,202303,0.02842950277399512,True,0.0,0.0,0.0003856022068310914,640625.0,48.82842853873992,0.0,0.0,0.0,0.0,0.0,0.0,0.0,True,0.0,0.0,0.0009442310449325444,465058.87018098735,119.56704937050418,0.0,0.0,0.0,0.0,0.0,0.0,0.0,True,0.0,0.0,0.000998610843331801,444366.97969168355,126.45310980545469,0.0,0.0,0.0,0.0,0.0,0.0,0.0,True,0.0,0.0,0.000998610843331801,438080.1223581248,126.45310980545469,0.0,0.0,0.0,0.0,0.0,0.0,0.0,True,0.0,0.0,0.0018340822914658323,299970.53308540053,232.24803830605785,0.0,0.0,0.0,0.0,0.0,0.0,0.0,Rule:Combined,fleet,40000,20000,0.48,B_fleet_size,ROAD_ORNL,FS-B,0,3,CIDv2_RenaultClio|CTT_Forester|CTT_Traverse
226048,23767,0.10514138590033975,0.7011842564408062,0.2536408757231993,202303,0.02842950277399512,True,0.0,0.0,4.943618036296043e-06,0.9999977975470729,0.6260054940864092,0.0,0.0,0.0,0.0,0.0,0.0,0.0,True,0.0003366011696890647,0.5,3.9548944290368346e-05,0.9999961624472264,5.008043952691273,0.0,8.678295582747549e-05,0.0005831875364492211,0.20689655172413793,0.38461538461538464,0.07692307692307693,0.0,True,0.008583329827071148,0.5012285012285013,0.0010035544613680968,0.9999926588816859,127.07911529954106,0.07468879668049792,0.0006074806907923284,0.014912938432058652,0.5862068965517241,0.7692307692307693,0.3076923076923077,1.0,True,0.011907266377750662,0.5089928057553957,0.0013496077239088199,0.9999922337583168,170.8994998855897,0.07883817427385892,0.0006074806907923284,0.021411313838207116,0.6206896551724138,0.8461538461538461,0.3076923076923077,1.0,True,0.07493583540202803,0.3957777777777778,0.013441697440688943,0.9999840088277403,1702.1089384209467,0.16597510373443983,0.010674303566779484,0.13479963342497708,1.0,1.0,1.0,1.0,HistGB,fleet,40000,20000,39.63,B_fleet_size,ROAD_ORNL,FS-B,1,3,CIDv2_RenaultClio|CTT_Forester|CTT_Traverse
226048,23767,0.10514138590033975,0.7068960239440694,0.24516028624801192,202303,0.02842950277399512,True,4.2075146211133085e-05,0.5,4.943618036296043e-06,0.9999974966049194,0.6260054940864092,0.0,0.0,8.331250520703157e-05,0.034482758620689655,0.07692307692307693,0.0,0.0,True,0.001009803509067194,0.4444444444444444,0.00014830854108888132,0.9999949932098389,18.780164822592276,0.008298755186721992,0.0,0.0018328751145546946,0.3103448275862069,0.6153846153846154,0.0,0.3333333333333333,True,0.007952202633904153,0.40384615384615385,0.0013792694321265962,0.9999909400939941,174.6555328501082,0.024896265560165973,0.0004339147791373774,0.01482962592685162,0.5862068965517241,0.9230769230769231,0.3076923076923077,0.3333333333333333,True,0.011234064038372533,0.4165366614664587,0.0018489131455747202,0.9999898672103882,234.12605478831705,0.029045643153526972,0.0008678295582747548,0.020828126301757895,0.6551724137931034,0.9230769230769231,0.46153846153846156,0.3333333333333333,True,0.06833003744688013,0.3487223534464247,0.0149939935040859,0.9999767541885376,1898.674663564079,0.0912863070539419,0.011802481992536666,0.1221361326335083,0.9655172413793104,0.9230769230769231,1.0,1.0,XGBoost,fleet,40000,20000,7.36,B_fleet_size,ROAD_ORNL,FS-B,1,3,CIDv2_RenaultClio|CTT_Forester|CTT_Traverse
226048,23767,0.10514138590033975,0.7337048098593575,0.28322339776262234,202303,0.02842950277399512,True,0.0,0.0,0.0003856022068310914,640625.0,48.82842853873992,0.0,0.0,0.0,0.0,0.0,0.0,0.0,True,0.0,0.0,0.0009442310449325444,466432.3533873323,119.56704937050418,0.0,0.0,0.0,0.0,0.0,0.0,0.0,True,0.0,0.0,0.000998610843331801,445679.3524324147,126.45310980545469,0.0,0.0,0.0,0.0,0.0,0.0,0.0,True,0.0,0.0,0.000998610843331801,439373.92778722727,126.45310980545469,0.0,0.0,0.0,0.0,0.0,0.0,0.0,True,0.0,0.0,0.0018340822914658323,300856.4520862161,232.24803830605785,0.0,0.0,0.0,0.0,0.0,0.0,0.0,Rule:Combined,fleet,40000,20000,0.46,B_fleet_size,ROAD_ORNL,FS-B,1,3,CIDv2_RenaultClio|CTT_Forester|CTT_Traverse
226048,23767,0.10514138590033975,0.6874279051066297,0.23357912628085511,202303,0.02842950277399512,True,0.0,0.0,0.0,0.9998944807728796,0.0,0.0,0.0,0.0,0.0,0.0,0.0,0.0,True,0.0,0.0,2.9661708217776263e-05,0.9998640404626143,3.7560329645184556,0.0,0.0,0.0,0.0,0.0,0.0,0.0,True,0.0,0.0,2.9661708217776263e-05,0.9998640404626143,3.7560329645184556,0.0,0.0,0.0,0.0,0.0,0.0,0.0,True,0.0,0.0,2.9661708217776263e-05,0.9998640404626143,3.7560329645184556,0.0,0.0,0.0,0.0,0.0,0.0,0.0,True,0.0,0.0,2.9661708217776263e-05,0.9998640404626143,3.7560329645184556,0.0,0.0,0.0,0.0,0.0,0.0,0.0,HistGB,fleet,40000,20000,11.38,B_fleet_size,ROAD_ORNL,FS-B,0,3,CTT_Forester|CTT_Impala|CTT_Silverado
226048,23767,0.10514138590033975,0.7076484925508224,0.2358731535402216,202303,0.02842950277399512,True,0.0,0.0,1.4830854108888132e-05,0.9999985694885254,1.8780164822592278,0.0,0.0,0.0,0.0,0.0,0.0,0.0,True,0.0009256532166449278,0.39285714285714285,0.00016808301323406548,0.999997615814209,21.284186798937913,0.024896265560165973,0.0002603488674824265,0.0010830625676914105,0.41379310344827586,0.46153846153846156,0.23076923076923078,1.0,True,0.006269196785458829,0.31634819532908703,0.001591845007687326,0.9999963045120239,201.57376909582376,0.04979253112033195,0.0021695738956868872,0.009331000583187537,0.8620689655172413,0.9230769230769231,0.7692307692307693,1.0,True,0.008288803803593217,0.32401315789473684,0.002031827012917674,0.9999960660934448,257.28825806951414,0.05394190871369295,0.002863837542306691,0.012580188286261769,0.8620689655172413,0.9230769230769231,0.7692307692307693,1.0,True,0.052636007910127486,0.3258661109663975,0.01279408347793416,0.9999922513961792,1620.102218695627,0.1078838174273859,0.015273800225635684,0.08739481796217612,0.9655172413793104,1.0,0.9230769230769231,1.0,XGBoost,fleet,40000,20000,7.34,B_fleet_size,ROAD_ORNL,FS-B,0,3,CTT_Forester|CTT_Impala|CTT_Silverado
226048,23767,0.10514138590033975,0.7351954252032007,0.28588334577299707,202303,0.02842950277399512,True,0.0,0.0,0.0003856022068310914,640625.0,48.82842853873992,0.0,0.0,0.0,0.0,0.0,0.0,0.0,True,0.0,0.0,0.0010332161695858731,437500.0,130.83514826405954,0.0,0.0,0.0,0.0,0.0,0.0,0.0,True,0.0,0.0,0.0010974832040577217,410669.7687213469,138.97321968718285,0.0,0.0,0.0,0.0,0.0,0.0,0.0,True,0.0,0.0,0.0012111864188925306,404868.8820467793,153.37134605117026,0.0,0.0,0.0,0.0,0.0,0.0,0.0,True,0.0,0.0,0.002120812137571003,277784.48228078673,268.55635696306956,0.0,0.0,0.0,0.0,0.0,0.0,0.0,Rule:Combined,fleet,40000,20000,0.45,B_fleet_size,ROAD_ORNL,FS-B,0,3,CTT_Forester|CTT_Impala|CTT_Silverado
226048,23767,0.10514138590033975,0.7379445240388027,0.2338712431881665,202303,0.02842950277399512,True,0.0,0.0,0.0,0.9999554182589333,0.0,0.0,0.0,0.0,0.0,0.0,0.0,0.0,True,0.0,0.0,0.0,0.9999554182589332,0.0,0.0,0.0,0.0,0.0,0.0,0.0,0.0,True,0.0,0.0,0.0,0.9999554182589332,0.0,0.0,0.0,0.0,0.0,0.0,0.0,0.0,True,0.0,0.0,0.0,0.9999554182589332,0.0,0.0,0.0,0.0,0.0,0.0,0.0,0.0,True,0.0,0.0,0.0,0.9999554182589332,0.0,0.0,0.0,0.0,0.0,0.0,0.0,0.0,HistGB,fleet,40000,20000,13.52,B_fleet_size,ROAD_ORNL,FS-B,1,3,CTT_Forester|CTT_Impala|CTT_Silverado
226048,23767,0.10514138590033975,0.7162114298234916,0.23063835469953953,202303,0.02842950277399512,True,0.00012622543863339926,0.6,9.887236072592087e-06,0.9999980926513673,1.2520109881728183,0.004149377593360996,0.0,0.00016662501041406314,0.10344827586206896,0.15384615384615385,0.0,0.3333333333333333,True,0.00042075146211133083,0.5555555555555556,3.9548944290368346e-05,0.9999978542327881,5.008043952691273,0.004149377593360996,0.0,0.0007498125468632841,0.1724137931034483,0.3076923076923077,0.0,0.3333333333333333,True,0.0038709134514242436,0.3511450381679389,0.0008404150661703274,0.9999970197677612,106.42093399468956,0.024896265560165973,0.00017356591165495098,0.0069982504373906525,0.4482758620689655,0.6923076923076923,0.15384615384615385,0.6666666666666666,True,0.0051752429839693696,0.35344827586206895,0.0011123140581666099,0.9999969005584717,140.8512361694421,0.024896265560165973,0.0004339147791373774,0.009331000583187537,0.4827586206896552,0.7692307692307693,0.15384615384615385,0.6666666666666666,True,0.04948037194429251,0.3452730475631239,0.011024268220940178,0.9999951124191284,1395.9922518126928,0.05394190871369295,0.0091989933177124,0.08806131800383238,0.8620689655172413,0.9230769230769231,0.7692307692307693,1.0,XGBoost,fleet,40000,20000,7.82,B_fleet_size,ROAD_ORNL,FS-B,1,3,CTT_Forester|CTT_Impala|CTT_Silverado
226048,23767,0.10514138590033975,0.7351759056392857,0.285842086210467,202303,0.02842950277399512,True,0.0,0.0,0.0003856022068310914,640625.0,48.82842853873992,0.0,0.0,0.0,0.0,0.0,0.0,0.0,True,0.0,0.0,0.0010332161695858731,437500.0,130.83514826405954,0.0,0.0,0.0,0.0,0.0,0.0,0.0,True,0.0,0.0,0.0010974832040577217,413876.99653452536,138.97321968718285,0.0,0.0,0.0,0.0,0.0,0.0,0.0,True,0.0,0.0,0.0010974832040577217,408030.8063910862,138.97321968718285,0.0,0.0,0.0,0.0,0.0,0.0,0.0,True,0.0,0.0,0.002120812137571003,279953.9093618554,268.55635696306956,0.0,0.0,0.0,0.0,0.0,0.0,0.0,Rule:Combined,fleet,40000,20000,0.44,B_fleet_size,ROAD_ORNL,FS-B,1,3,CTT_Forester|CTT_Impala|CTT_Silverado
226048,23767,0.10514138590033975,0.742626555166225,0.28472806965958064,202303,0.02842950277399512,True,0.0,0.0,0.0,0.9999040084170076,0.0,0.0,0.0,0.0,0.0,0.0,0.0,0.0,True,0.0,0.0,0.0,0.9999040084170076,0.0,0.0,0.0,0.0,0.0,0.0,0.0,0.0,True,0.0003366011696890647,0.21621621621621623,0.00014336492305258526,0.9999040084170074,18.154159328505866,0.0,8.678295582747549e-05,0.0005831875364492211,0.1724137931034483,0.3076923076923077,0.07692307692307693,0.0,True,0.0003366011696890647,0.21621621621621623,0.00014336492305258526,0.9999040084170074,18.154159328505866,0.0,8.678295582747549e-05,0.0005831875364492211,0.1724137931034483,0.3076923076923077,0.07692307692307693,0.0,True,0.0003366011696890647,0.21621621621621623,0.00014336492305258526,0.9999040084170074,18.154159328505866,0.0,8.678295582747549e-05,0.0005831875364492211,0.1724137931034483,0.3076923076923077,0.07692307692307693,0.0,HistGB,fleet,40000,20000,17.17,B_fleet_size,ROAD_ORNL,FS-B,0,3,CTT_Forester|CTT_Silverado|CTT_Traverse
226048,23767,0.10514138590033975,0.7203176877403125,0.23990957540409877,202303,0.02842950277399512,True,8.415029242226617e-05,0.6666666666666666,4.943618036296043e-06,0.9999982118606567,0.6260054940864092,0.008298755186721992,0.0,0.0,0.034482758620689655,0.0,0.0,0.3333333333333333,True,0.0011781040939117264,0.4827586206896552,0.00014830854108888132,0.9999970197677612,18.780164822592276,0.04564315352697095,0.0002603488674824265,0.0011663750728984422,0.4482758620689655,0.6153846153846154,0.15384615384615385,1.0,True,0.005680144738502966,0.36885245901639346,0.001141975766384386,0.9999953508377075,144.60726913396053,0.07053941908713693,0.0013885272932396078,0.00849787553111722,0.7586206896551724,0.9230769230769231,0.5384615384615384,1.0,True,0.007321075440737157,0.37100213219616207,0.0014583673207073328,0.9999951124191284,184.6716207554907,0.08298755186721991,0.0017356591165495097,0.01116387569774223,0.7586206896551724,0.9230769230769231,0.5384615384615384,1.0,True,0.06328101990154415,0.35639810426540286,0.013426866586580054,0.9999897480010986,1700.2309219386875,0.15767634854771784,0.017009459342185194,0.1058068816129301,0.9655172413793104,1.0,0.9230769230769231,1.0,XGBoost,fleet,40000,20000,8.48,B_fleet_size,ROAD_ORNL,FS-B,0,3,CTT_Forester|CTT_Silverado|CTT_Traverse
226048,23767,0.10514138590033975,0.7351639283845306,0.285798944572698,202303,0.02842950277399512,True,0.0,0.0,0.0003856022068310914,640625.0,48.82842853873992,0.0,0.0,0.0,0.0,0.0,0.0,0.0,True,0.0,0.0,0.0010332161695858731,437500.0,130.83514826405954,0.0,0.0,0.0,0.0,0.0,0.0,0.0,True,0.0,0.0,0.0010974832040577217,417352.40980363864,138.97321968718285,0.0,0.0,0.0,0.0,0.0,0.0,0.0,True,0.0,0.0,0.0010974832040577217,411457.1279567021,138.97321968718285,0.0,0.0,0.0,0.0,0.0,0.0,0.0,True,0.0,0.0,0.0019823908325547136,281732.76082474017,251.02820312865012,0.0,0.0,0.0,0.0,0.0,0.0,0.0,Rule:Combined,fleet,40000,20000,0.46,B_fleet_size,ROAD_ORNL,FS-B,0,3,CTT_Forester|CTT_Silverado|CTT_Traverse
226048,23767,0.10514138590033975,0.7151264109142713,0.24094865650365213,202303,0.02842950277399512,True,0.0,0.0,0.0,0.999934470368161,0.0,0.0,0.0,0.0,0.0,0.0,0.0,0.0,True,4.2075146211133085e-05,0.038461538461538464,0.0001235904509074011,0.9999276077697042,15.650137352160232,0.0,8.678295582747549e-05,0.0,0.034482758620689655,0.0,0.07692307692307693,0.0,True,0.00012622543863339926,0.013574660633484163,0.0010777087319125374,0.9998966485947334,136.4691977108372,0.0,0.0002603488674824265,0.0,0.10344827586206896,0.0,0.23076923076923078,0.0,True,0.00012622543863339926,0.012244897959183673,0.0011963555647836425,0.9998956576838582,151.493329568911,0.0,0.0002603488674824265,0.0,0.10344827586206896,0.0,0.23076923076923078,0.0,True,0.018513064332898555,0.15531238969290503,0.011830077960856432,0.9997976208160326,1498.0311473487773,0.0,0.006508721687060661,0.030409064400566524,0.7931034482758621,0.9230769230769231,0.8461538461538461,0.0,HistGB,fleet,40000,20000,13.53,B_fleet_size,ROAD_ORNL,FS-B,1,3,CTT_Forester|CTT_Silverado|CTT_Traverse
226048,23767,0.10514138590033975,0.702522711539644,0.2138184373117706,202303,0.02842950277399512,True,0.0,0.0,0.0,0.9999992847442627,0.0,0.0,0.0,0.0,0.0,0.0,0.0,0.0,True,8.415029242226617e-05,0.25,2.9661708217776263e-05,0.9999990463256836,3.7560329645184556,0.0,0.0,0.00016662501041406314,0.06896551724137931,0.15384615384615385,0.0,0.0,True,0.002019607018134388,0.22857142857142856,0.000800866121879959,0.9999984502792358,101.4128900419983,0.024896265560165973,0.0006942636466198039,0.0028326251770390736,0.5172413793103449,0.6153846153846154,0.38461538461538464,0.6666666666666666,True,0.002482433626456852,0.20344827586206896,0.001141975766384386,0.9999983310699463,144.60726913396053,0.024896265560165973,0.0007810466024472793,0.003665750229109389,0.5172413793103449,0.6153846153846154,0.38461538461538464,0.6666666666666666,True,0.0337021921151176,0.24844913151364764,0.011978386501945314,0.9999961853027344,1516.8113121713695,0.07053941908713693,0.01249674563915647,0.053320003332500206,0.9310344827586207,1.0,0.8461538461538461,1.0,XGBoost,fleet,40000,20000,9.44,B_fleet_size,ROAD_ORNL,FS-B,1,3,CTT_Forester|CTT_Silverado|CTT_Traverse
226048,23767,0.10514138590033975,0.7351500274098524,0.2857763374144983,202303,0.02842950277399512,True,0.0,0.0,0.0003856022068310914,640625.0,48.82842853873992,0.0,0.0,0.0,0.0,0.0,0.0,0.0,True,0.0,0.0,0.000998610843331801,438139.8313564482,126.45310980545469,0.0,0.0,0.0,0.0,0.0,0.0,0.0,True,0.0,0.0,0.0010974832040577217,418733.038723541,138.97321968718285,0.0,0.0,0.0,0.0,0.0,0.0,0.0,True,0.0,0.0,0.0010974832040577217,412818.2553759881,138.97321968718285,0.0,0.0,0.0,0.0,0.0,0.0,0.0,True,0.0,0.0,0.0019823908325547136,282664.76205612486,251.02820312865012,0.0,0.0,0.0,0.0,0.0,0.0,0.0,Rule:Combined,fleet,40000,20000,0.53,B_fleet_size,ROAD_ORNL,FS-B,1,3,CTT_Forester|CTT_Silverado|CTT_Traverse
226048,23767,0.10514138590033975,0.6905279515259903,0.26555970592248235,202303,0.02842950277399512,True,0.0,0.0,0.0,0.9998149517185928,0.0,0.0,0.0,0.0,0.0,0.0,0.0,0.0,True,0.0,0.0,0.0,0.9998149517185928,0.0,0.0,0.0,0.0,0.0,0.0,0.0,0.0,True,0.0,0.0,0.0,0.9998149517185928,0.0,0.0,0.0,0.0,0.0,0.0,0.0,0.0,True,0.0,0.0,0.0,0.9998149517185928,0.0,0.0,0.0,0.0,0.0,0.0,0.0,0.0,True,0.0,0.0,0.0,0.9998149517185928,0.0,0.0,0.0,0.0,0.0,0.0,0.0,0.0,HistGB,fleet,40000,20000,14.28,B_fleet_size,ROAD_ORNL,FS-B,0,4,CIDv2_OpelAstra|CIDv2_Prototype|CIDv2_RenaultClio|CTT_Forester
226048,23767,0.10514138590033975,0.7290645522731412,0.33164532119291257,202303,0.02842950277399512,True,0.0006732023393781294,1.0,0.0,0.9999643564224243,0.0,0.03319502074688797,0.0,0.0006665000416562525,0.1724137931034483,0.15384615384615385,0.0,1.0,True,0.004754491521858038,0.8828125,7.415427054444066e-05,0.9999376535415649,9.390082411296138,0.07468879668049792,0.0,0.007914687994667999,0.5172413793103449,0.9230769230769231,0.0,1.0,True,0.03159843480456095,0.7863874345549738,0.0010084980794043928,0.9998935461044312,127.70512079362747,0.0995850622406639,0.0011281784257571813,0.059485128717820544,0.6896551724137931,0.9230769230769231,0.38461538461538464,1.0,True,0.03622670088778558,0.7756756756756756,0.0012309608910377149,0.9998871088027954,155.87536802751592,0.0995850622406639,0.0015620932048945586,0.06823294176455887,0.7241379310344828,0.9230769230769231,0.46153846153846156,1.0,True,0.13800647957251652,0.5688518903919528,0.012289834438231964,0.9997642636299133,1556.2496582988133,0.21991701244813278,0.01648876160722034,0.2530200783137549,0.9655172413793104,1.0,0.9230769230769231,1.0,XGBoost,fleet,40000,20000,8.14,B_fleet_size,ROAD_ORNL,FS-B,0,4,CIDv2_OpelAstra|CIDv2_Prototype|CIDv2_RenaultClio|CTT_Forester
226048,23767,0.10514138590033975,0.7332090453844515,0.2818062091122101,202303,0.02842950277399512,True,0.0,0.0,0.0003856022068310914,640625.0,48.82842853873992,0.0,0.0,0.0,0.0,0.0,0.0,0.0,True,0.0,0.0,0.0005833469282829332,546930.4716697809,73.86864830219629,0.0,0.0,0.0,0.0,0.0,0.0,0.0,True,0.0,0.0,0.0007069373791903342,522505.0051764222,89.51878565435652,0.0,0.0,0.0,0.0,0.0,0.0,0.0,True,0.0,0.0,0.0007712044136621828,515419.4402703089,97.65685707747984,0.0,0.0,0.0,0.0,0.0,0.0,0.0,True,0.0,0.0,0.001473198174816221,352738.96813844494,186.54963723774995,0.0,0.0,0.0,0.0,0.0,0.0,0.0,Rule:Combined,fleet,40000,20000,0.48,B_fleet_size,ROAD_ORNL,FS-B,0,4,CIDv2_OpelAstra|CIDv2_Prototype|CIDv2_RenaultClio|CTT_Forester
226048,23767,0.10514138590033975,0.6937631897887764,0.30052254228669156,202303,0.02842950277399512,True,0.0031977111120461144,1.0,0.0,0.9999275071804681,0.0,0.0,0.0,0.0063317503957344,0.3448275862068966,0.7692307692307693,0.0,0.0,True,0.0031977111120461144,1.0,0.0,0.9999275071804681,0.0,0.0,0.0,0.0063317503957344,0.3448275862068966,0.7692307692307693,0.0,0.0,True,0.023141330416123197,0.7902298850574713,0.0007217682332992224,0.9999100715721989,91.39680213661576,0.0,0.0006074806907923284,0.045238690327418146,0.5517241379310345,0.9230769230769231,0.3076923076923077,0.0,True,0.027222619598603105,0.7757793764988009,0.0009244565727873601,0.9999072431018172,117.06302739415852,0.0,0.0006942636466198039,0.053236690827293175,0.5517241379310345,0.9230769230769231,0.3076923076923077,0.0,True,0.1065763453528001,0.552212775234358,0.010154191446552073,0.9998732415955355,1285.8152848534846,0.03734439834024896,0.012062830860019092,0.1987003249187703,0.9655172413793104,1.0,0.9230769230769231,1.0,HistGB,fleet,40000,20000,16.17,B_fleet_size,ROAD_ORNL,FS-B,1,4,CIDv2_OpelAstra|CIDv2_Prototype|CIDv2_RenaultClio|CTT_Forester
226048,23767,0.10514138590033975,0.7061333128313483,0.3030508069737742,202303,0.02842950277399512,True,0.0015988555560230572,0.95,9.887236072592087e-06,0.9999547004699707,1.2520109881728183,0.08298755186721991,0.0,0.0014996250937265683,0.3793103448275862,0.6153846153846154,0.0,1.0,True,0.005469769007447301,0.8387096774193549,0.0001235904509074011,0.999923825263977,15.650137352160232,0.14107883817427386,0.0,0.007998000499875032,0.4827586206896552,0.8461538461538461,0.0,1.0,True,0.021374174275255606,0.679144385026738,0.0011864683287110506,0.9998631477355957,150.2413185807382,0.34854771784232363,0.0002603488674824265,0.03507456469216029,0.6206896551724138,0.9230769230769231,0.23076923076923078,1.0,True,0.024445659948668323,0.6579841449603624,0.0014929726469614052,0.999854326248169,189.0536592140956,0.3817427385892116,0.0006074806907923284,0.04015662750978922,0.6551724137931034,0.9230769230769231,0.3076923076923077,1.0,True,0.11141498716708041,0.5287539936102237,0.011666938565658662,0.9996471405029297,1477.3729660439255,0.8257261410788381,0.011108218345916862,0.19336832458552028,0.9655172413793104,1.0,0.9230769230769231,1.0,XGBoost,fleet,40000,20000,10.8,B_fleet_size,ROAD_ORNL,FS-B,1,4,CIDv2_OpelAstra|CIDv2_Prototype|CIDv2_RenaultClio|CTT_Forester
226048,23767,0.10514138590033975,0.7333282880432098,0.282213873172504,202303,0.02842950277399512,True,0.0,0.0,0.0003856022068310914,640625.0,48.82842853873992,0.0,0.0,0.0,0.0,0.0,0.0,0.0,True,0.0,0.0,0.0007069373791903342,528525.6395340359,89.51878565435652,0.0,0.0,0.0,0.0,0.0,0.0,0.0,True,0.0,0.0,0.0007712044136621828,504818.0456650245,97.65685707747984,0.0,0.0,0.0,0.0,0.0,0.0,0.0,True,0.0,0.0,0.0008206405940251433,497972.0336129031,103.91691201834394,0.0,0.0,0.0,0.0,0.0,0.0,0.0,True,0.0,0.0,0.0015671269175058459,340840.70778833365,198.4437416253917,0.0,0.0,0.0,0.0,0.0,0.0,0.0,Rule:Combined,fleet,40000,20000,0.51,B_fleet_size,ROAD_ORNL,FS-B,1,4,CIDv2_OpelAstra|CIDv2_Prototype|CIDv2_RenaultClio|CTT_Forester
226048,23767,0.10514138590033975,0.7540941691202145,0.3377384137970961,202303,0.02842950277399512,True,0.004081289182479909,0.9897959183673469,4.943618036296043e-06,0.999927160510132,0.6260054940864092,0.4024896265560166,0.0,0.0,0.10344827586206896,0.0,0.0,1.0,True,0.007194850002103757,0.9553072625698324,3.9548944290368346e-05,0.9998948098887412,5.008043952691273,0.5850622406639004,0.0002603488674824265,0.0022494376405898524,0.4482758620689655,0.6153846153846154,0.15384615384615385,1.0,True,0.02457188538730172,0.7411167512690355,0.0010084980794043928,0.9997629903854439,127.70512079362747,0.8713692946058091,0.0032977523214440686,0.02799300174956261,0.7586206896551724,0.8461538461538461,0.6153846153846154,1.0,True,0.028022047376614633,0.7122994652406417,0.0013298332517636356,0.9997466321712866,168.39547790924408,0.8713692946058091,0.003992015968063872,0.03415812713488295,0.7586206896551724,0.8461538461538461,0.6153846153846154,1.0,True,0.1252577102705432,0.5294326871776631,0.013080813324039332,0.9994302517281007,1656.4105373526388,0.983402489626556,0.022390002603488675,0.20678163792385237,0.896551724137931,0.9230769230769231,0.8461538461538461,1.0,HistGB,fleet,40000,20000,22.81,B_fleet_size,ROAD_ORNL,FS-B,0,4,CIDv2_OpelAstra|CIDv2_Prototype|CIDv2_RenaultClio|CTT_Silverado
226048,23767,0.10514138590033975,0.7457935902412212,0.32412609705137,202303,0.02842950277399512,True,0.0034080868431017796,1.0,0.0,0.999993085861206,0.0,0.3236514522821577,8.678295582747549e-05,0.00016662501041406314,0.20689655172413793,0.15384615384615385,0.07692307692307693,1.0,True,0.008583329827071148,0.8607594936708861,0.00016313939519776945,0.999984622001648,20.658181304851503,0.5186721991701245,0.0006942636466198039,0.005915187869699242,0.6206896551724138,0.8461538461538461,0.3076923076923077,1.0,True,0.02116379854419994,0.701534170153417,0.0010579342597673534,0.999971866607666,133.9651757344916,0.6224066390041494,0.0026034886748242643,0.0269099391818712,0.7931034482758621,0.9230769230769231,0.6153846153846154,1.0,True,0.02524508772667985,0.6864988558352403,0.001354551341945116,0.9999682903289795,171.52550537967613,0.6514522821576764,0.003384535277271544,0.033658252103640755,0.8275862068965517,1.0,0.6153846153846154,1.0,True,0.11234064038372533,0.5184466019417475,0.012260172730014188,0.9998581409454346,1552.4936253342948,0.8796680497925311,0.016749110474702768,0.1887028242939265,0.9310344827586207,1.0,0.8461538461538461,1.0,XGBoost,fleet,40000,20000,26.12,B_fleet_size,ROAD_ORNL,FS-B,0,4,CIDv2_OpelAstra|CIDv2_Prototype|CIDv2_RenaultClio|CTT_Silverado
226048,23767,0.10514138590033975,0.7347047191642364,0.2846470065200376,202303,0.02842950277399512,True,0.0,0.0,0.0003856022068310914,640625.0,48.82842853873992,0.0,0.0,0.0,0.0,0.0,0.0,0.0,True,0.0,0.0,0.0007712044136621828,509893.21084188146,97.65685707747984,0.0,0.0,0.0,0.0,0.0,0.0,0.0,True,0.0,0.0,0.0008206405940251433,487053.71970627893,103.91691201834394,0.0,0.0,0.0,0.0,0.0,0.0,0.0,True,0.0,0.0,0.0008601895383155116,480116.4667230625,108.9249559710352,0.0,0.0,0.0,0.0,0.0,0.0,0.0,True,0.0,0.0,0.0015671269175058459,328619.31307948823,198.4437416253917,0.0,0.0,0.0,0.0,0.0,0.0,0.0,Rule:Combined,fleet,40000,20000,0.47,B_fleet_size,ROAD_ORNL,FS-B,0,4,CIDv2_OpelAstra|CIDv2_Prototype|CIDv2_RenaultClio|CTT_Silverado
226048,23767,0.10514138590033975,0.7291582217395283,0.2819321831619643,202303,0.02842950277399512,True,0.006900323978625826,0.9820359281437125,1.4830854108888132e-05,0.9999788384709469,1.8780164822592278,0.6639004149377593,0.0,0.0003332500208281263,0.2413793103448276,0.3076923076923077,0.0,1.0,True,0.009256532166449278,0.8527131782945736,0.00018785748537924967,0.9999676954904887,23.788208775283554,0.7385892116182573,0.0002603488674824265,0.0032491877030742314,0.5517241379310345,0.7692307692307693,0.23076923076923078,1.0,True,0.016830058484453233,0.6462035541195477,0.0010826523499488335,0.9999502235452854,137.09520320492362,0.8257261410788381,0.0008678295582747548,0.01591268849454303,0.7241379310344828,1.0,0.38461538461538464,1.0,True,0.01872344006395422,0.6276445698166432,0.0013051151615821556,0.9999465228498157,165.26545043881202,0.8423236514522822,0.0012149613815846567,0.0189952511872032,0.7241379310344828,1.0,0.38461538461538464,1.0,True,0.0797324020700972,0.4558575896078903,0.01118246399810165,0.9997961667652983,1416.0244276234575,0.991701244813278,0.013798489976568603,0.12471882029492627,1.0,1.0,1.0,1.0,HistGB,fleet,40000,20000,23.68,B_fleet_size,ROAD_ORNL,FS-B,1,4,CIDv2_OpelAstra|CIDv2_Prototype|CIDv2_RenaultClio|CTT_Silverado
226048,23767,0.10514138590033975,0.7398604059756833,0.2901454724530393,202303,0.02842950277399512,True,0.0018513064332898556,0.9361702127659575,1.4830854108888132e-05,0.9999935626983643,1.8780164822592278,0.12863070539419086,0.00017356591165495098,0.0009164375572773473,0.3793103448275862,0.46153846153846156,0.15384615384615385,1.0,True,0.0037867631590019777,0.7377049180327869,0.00015819577716147339,0.9999912977218628,20.032175810765093,0.17842323651452283,0.0002603488674824265,0.003665750229109389,0.4827586206896552,0.6923076923076923,0.15384615384615385,1.0,True,0.011823116085328397,0.5642570281124498,0.0010727651138762414,0.999984860420227,135.8431922167508,0.24896265560165975,0.0012149613815846567,0.017245688577855536,0.6896551724137931,0.9230769230769231,0.38461538461538464,1.0,True,0.014431775150418647,0.5367762128325508,0.0014633109387436288,0.9999833106994629,185.29762624957712,0.2572614107883817,0.0014753102490670832,0.021994501374656337,0.7241379310344828,1.0,0.38461538461538464,1.0,True,0.07981655236251946,0.4497392128971076,0.011474137462243118,0.9999332427978516,1452.9587517745558,0.5643153526970954,0.011802481992536666,0.13538282096142631,0.9310344827586207,1.0,0.8461538461538461,1.0,XGBoost,fleet,40000,20000,7.95,B_fleet_size,ROAD_ORNL,FS-B,1,4,CIDv2_OpelAstra|CIDv2_Prototype|CIDv2_RenaultClio|CTT_Silverado
226048,23767,0.10514138590033975,0.7347989536720002,0.28490067654895745,202303,0.02842950277399512,True,0.0,0.0,0.0003856022068310914,640625.0,48.82842853873992,0.0,0.0,0.0,0.0,0.0,0.0,0.0,True,0.0,0.0,0.0008206405940251433,493494.7985451591,103.91691201834394,0.0,0.0,0.0,0.0,0.0,0.0,0.0,True,0.0,0.0,0.0008601895383155116,471089.68661551597,108.9249559710352,0.0,0.0,0.0,0.0,0.0,0.0,0.0,True,0.0,0.0,0.0009442310449325444,464379.81416898826,119.56704937050418,0.0,0.0,0.0,0.0,0.0,0.0,0.0,True,0.0,0.0,0.0016758865143043588,318100.2185918388,212.21586249529273,0.0,0.0,0.0,0.0,0.0,0.0,0.0,Rule:Combined,fleet,40000,20000,0.51,B_fleet_size,ROAD_ORNL,FS-B,1,4,CIDv2_OpelAstra|CIDv2_Prototype|CIDv2_RenaultClio|CTT_Silverado
226048,23767,0.10514138590033975,0.7604698094880391,0.3120336542849286,202303,0.02842950277399512,True,0.0006311271931669963,1.0,0.0,0.9996683608127542,0.0,0.06224066390041494,0.0,0.0,0.10344827586206896,0.0,0.0,1.0,True,0.0006311271931669963,1.0,0.0,0.9996683608127542,0.0,0.06224066390041494,0.0,0.0,0.10344827586206896,0.0,0.0,1.0,True,0.0036605377203685783,0.46524064171123,0.0004943618036296044,0.9996532266471455,62.60054940864093,0.0954356846473029,0.0006942636466198039,0.004665500291593769,0.7241379310344828,0.8461538461538461,0.5384615384615384,1.0,True,0.0056380695922918335,0.48905109489051096,0.0006921065250814462,0.9996511726796942,87.64076917209731,0.1037344398340249,0.0009546125141022303,0.008164625510289094,0.7241379310344828,0.8461538461538461,0.5384615384615384,1.0,True,0.06765683510750199,0.4591661907481439,0.009363212560744707,0.9990946933619185,1185.6544057996591,0.5352697095435685,0.009112210361884926,0.11447138215446138,0.9655172413793104,1.0,0.9230769230769231,1.0,HistGB,fleet,40000,20000,14.2,B_fleet_size,ROAD_ORNL,FS-B,0,4,CIDv2_OpelAstra|CIDv2_Prototype|CTT_Silverado|CTT_Traverse
226048,23767,0.10514138590033975,0.7556735368328489,0.29046308211733357,202303,0.02842950277399512,True,0.002524508772667985,0.9230769230769231,2.4718090181480216e-05,0.9999377727508545,3.130027470432046,0.23236514522821577,8.678295582747549e-05,0.00024993751562109475,0.20689655172413793,0.15384615384615385,0.07692307692307693,1.0,True,0.0038288383052131106,0.8348623853211009,8.898512465332879e-05,0.999924898147583,11.268098893555367,0.2821576763485477,0.000520697734964853,0.0014163125885195368,0.41379310344827586,0.46153846153846156,0.23076923076923078,1.0,True,0.010308410821727605,0.5568181818181818,0.0009640055170777285,0.9998986721038818,122.0710713468498,0.3651452282157676,0.002082790939859412,0.0110805631925352,0.7241379310344828,1.0,0.38461538461538464,1.0,True,0.01186519123153953,0.5351043643263758,0.0012111864188925306,0.9998940229415894,153.37134605117026,0.38589211618257263,0.002343139807341838,0.013496625843539115,0.7241379310344828,1.0,0.38461538461538464,1.0,True,0.07413640762401649,0.41546804998821035,0.012255229111977892,0.9997361302375793,1551.8676198402084,0.6348547717842323,0.014058838844051028,0.12055319503457469,0.9655172413793104,1.0,0.9230769230769231,1.0,XGBoost,fleet,40000,20000,12.88,B_fleet_size,ROAD_ORNL,FS-B,0,4,CIDv2_OpelAstra|CIDv2_Prototype|CTT_Silverado|CTT_Traverse
226048,23767,0.10514138590033975,0.7352058853847812,0.2858660848961904,202303,0.02842950277399512,True,0.0,0.0,0.0003856022068310914,640625.0,48.82842853873992,0.0,0.0,0.0,0.0,0.0,0.0,0.0,True,0.0,0.0,0.0010332161695858731,437500.0,130.83514826405954,0.0,0.0,0.0,0.0,0.0,0.0,0.0,True,0.0,0.0,0.0010974832040577217,412376.7750702716,138.97321968718285,0.0,0.0,0.0,0.0,0.0,0.0,0.0,True,0.0,0.0,0.0010974832040577217,406551.7761986613,138.97321968718285,0.0,0.0,0.0,0.0,0.0,0.0,0.0,True,0.0,0.0,0.002120812137571003,278939.13234514976,268.55635696306956,0.0,0.0,0.0,0.0,0.0,0.0,0.0,Rule:Combined,fleet,40000,20000,0.53,B_fleet_size,ROAD_ORNL,FS-B,0,4,CIDv2_OpelAstra|CIDv2_Prototype|CTT_Silverado|CTT_Traverse
226048,23767,0.10514138590033975,0.7479247576226311,0.2923250463927277,202303,0.02842950277399512,True,0.0008835780704337947,1.0,0.0,0.9994966978095007,0.0,0.08713692946058091,0.0,0.0,0.10344827586206896,0.0,0.0,1.0,True,0.0018092312870787227,0.9148936170212766,1.9774472145184173e-05,0.9993940015443152,2.5040219763456366,0.13692946058091288,8.678295582747549e-05,0.0007498125468632841,0.2413793103448276,0.23076923076923078,0.07692307692307693,1.0,True,0.0031977111120461144,0.3392857142857143,0.0007316554693718144,0.9993028927526337,92.64881312478856,0.23236514522821577,8.678295582747549e-05,0.0015829375989336,0.41379310344827586,0.6153846153846154,0.07692307692307693,1.0,True,0.0031977111120461144,0.3392857142857143,0.0007316554693718144,0.9993028927526337,92.64881312478856,0.23236514522821577,8.678295582747549e-05,0.0015829375989336,0.41379310344827586,0.6153846153846154,0.07692307692307693,1.0,True,0.06159801405309884,0.4514338575393155,0.008794696486570662,0.9984454966518951,1113.663773979722,0.5892116182572614,0.00902542740605745,0.10147463134216446,0.9310344827586207,1.0,0.8461538461538461,1.0,HistGB,fleet,40000,20000,13.8,B_fleet_size,ROAD_ORNL,FS-B,1,4,CIDv2_OpelAstra|CIDv2_Prototype|CTT_Silverado|CTT_Traverse
226048,23767,0.10514138590033975,0.7439753618688414,0.2840072208085726,202303,0.02842950277399512,True,0.0034080868431017796,0.9642857142857143,1.4830854108888132e-05,0.9998704195022583,1.8780164822592278,0.3112033195020747,8.678295582747549e-05,0.00041656252603515786,0.20689655172413793,0.15384615384615385,0.07692307692307693,1.0,True,0.004754491521858038,0.9338842975206612,3.9548944290368346e-05,0.9998416900634766,5.008043952691273,0.3900414937759336,8.678295582747549e-05,0.0014996250937265683,0.3448275862068966,0.46153846153846156,0.07692307692307693,1.0,True,0.010350485967938739,0.6227848101265823,0.0007365990874081105,0.9997585415840149,93.27481861887497,0.5477178423236515,0.0004339147791373774,0.009081063067566442,0.6551724137931034,0.8461538461538461,0.38461538461538464,1.0,True,0.011570665208061598,0.5876068376068376,0.0009541182810051364,0.9997434020042419,120.81906035867698,0.5560165975103735,0.0007810466024472793,0.010997250687328168,0.7241379310344828,0.8461538461538461,0.5384615384615384,1.0,True,0.06353347077881095,0.4402332361516035,0.009491746629688404,0.9991763234138489,1201.9305486459057,0.7634854771784232,0.010674303566779484,0.10022494376405898,1.0,1.0,1.0,1.0,XGBoost,fleet,40000,20000,7.69,B_fleet_size,ROAD_ORNL,FS-B,1,4,CIDv2_OpelAstra|CIDv2_Prototype|CTT_Silverado|CTT_Traverse
226048,23767,0.10514138590033975,0.7351876004253536,0.2858343882209602,202303,0.02842950277399512,True,0.0,0.0,0.0003856022068310914,640625.0,48.82842853873992,0.0,0.0,0.0,0.0,0.0,0.0,0.0,True,0.0,0.0,0.0010332161695858731,437500.0,130.83514826405954,0.0,0.0,0.0,0.0,0.0,0.0,0.0,True,0.0,0.0,0.0010974832040577217,414804.81088696624,138.97321968718285,0.0,0.0,0.0,0.0,0.0,0.0,0.0,True,0.0,0.0,0.0010974832040577217,408945.51449697843,138.97321968718285,0.0,0.0,0.0,0.0,0.0,0.0,0.0,True,0.0,0.0,0.002120812137571003,280581.4890390684,268.55635696306956,0.0,0.0,0.0,0.0,0.0,0.0,0.0,Rule:Combined,fleet,40000,20000,0.44,B_fleet_size,ROAD_ORNL,FS-B,1,4,CIDv2_OpelAstra|CIDv2_Prototype|CTT_Silverado|CTT_Traverse
226048,23767,0.10514138590033975,0.7477109585707675,0.28569708389256365,202303,0.02842950277399512,True,4.2075146211133085e-05,1.0,0.0,0.9999414251076058,0.0,0.0,0.0,8.331250520703157e-05,0.034482758620689655,0.07692307692307693,0.0,0.0,True,0.002482433626456852,0.7866666666666666,7.909788858073669e-05,0.9999408241898246,10.016087905382546,0.0,0.0,0.004915437807214863,0.10344827586206896,0.23076923076923078,0.0,0.0,True,0.005553919299869567,0.4981132075471698,0.0006575011988273738,0.9999405679949368,83.25873071349243,0.0,0.0011281784257571813,0.009914188119636758,0.5172413793103449,0.7692307692307693,0.38461538461538464,0.0,True,0.005553919299869567,0.4981132075471698,0.0006575011988273738,0.9999405679949368,83.25873071349243,0.0,0.0011281784257571813,0.009914188119636758,0.5172413793103449,0.7692307692307693,0.38461538461538464,0.0,True,0.061219337737198634,0.38924558587479935,0.011286279976863867,0.9999054665453825,1429.1705429992721,0.0954356846473029,0.010413954699297057,0.10930600683162543,1.0,1.0,1.0,1.0,HistGB,fleet,40000,20000,14.72,B_fleet_size,ROAD_ORNL,FS-B,0,4,CIDv2_Prototype|CTT_Forester|CTT_Silverado|CTT_Traverse
226048,23767,0.10514138590033975,0.7384066698518277,0.2631311594294518,202303,0.02842950277399512,True,0.0003366011696890647,0.7272727272727273,1.4830854108888132e-05,0.9999977350234985,1.8780164822592278,0.004149377593360996,8.678295582747549e-05,0.0004998750312421895,0.20689655172413793,0.3076923076923077,0.07692307692307693,0.3333333333333333,True,0.0014726301173896578,0.4605263157894737,0.0002026883394881378,0.9999966621398926,25.666225257542777,0.029045643153526972,0.00034713182330990195,0.001999500124968758,0.41379310344827586,0.5384615384615384,0.15384615384615385,1.0,True,0.0061008962006142975,0.37275064267352187,0.0012062428008562346,0.9999948740005493,152.74534055708384,0.04564315352697095,0.0019092250282044605,0.009331000583187537,0.7241379310344828,0.9230769230769231,0.46153846153846156,1.0,True,0.007657676610426221,0.3540856031128405,0.0016412811880502866,0.9999945163726807,207.83382403668787,0.05394190871369295,0.0022563568515143627,0.011913688244605515,0.7241379310344828,0.9230769230769231,0.46153846153846156,1.0,True,0.04880716960491438,0.33740546829552065,0.011261561886682387,0.9999871253967285,1426.0405155288402,0.12863070539419086,0.010674303566779484,0.08381238023827377,0.9310344827586207,1.0,0.8461538461538461,1.0,XGBoost,fleet,40000,20000,8.87,B_fleet_size,ROAD_ORNL,FS-B,0,4,CIDv2_Prototype|CTT_Forester|CTT_Silverado|CTT_Traverse
226048,23767,0.10514138590033975,0.7351994427898704,0.2858728550268467,202303,0.02842950277399512,True,0.0,0.0,0.0003856022068310914,640625.0,48.82842853873992,0.0,0.0,0.0,0.0,0.0,0.0,0.0,True,0.0,0.0,0.0010332161695858731,437500.0,130.83514826405954,0.0,0.0,0.0,0.0,0.0,0.0,0.0,True,0.0,0.0,0.0010974832040577217,411741.09946120676,138.97321968718285,0.0,0.0,0.0,0.0,0.0,0.0,0.0,True,0.0,0.0,0.0012111864188925306,405925.08024758036,153.37134605117026,0.0,0.0,0.0,0.0,0.0,0.0,0.0,True,0.0,0.0,0.002120812137571003,278509.1605345329,268.55635696306956,0.0,0.0,0.0,0.0,0.0,0.0,0.0,Rule:Combined,fleet,40000,20000,0.44,B_fleet_size,ROAD_ORNL,FS-B,0,4,CIDv2_Prototype|CTT_Forester|CTT_Silverado|CTT_Traverse
226048,23767,0.10514138590033975,0.7263471673078117,0.26263289903140596,202303,0.02842950277399512,True,8.415029242226617e-05,1.0,0.0,0.9999718635778297,0.0,0.0,0.0,0.00016662501041406314,0.06896551724137931,0.15384615384615385,0.0,0.0,True,0.0012622543863339926,0.46153846153846156,0.00017302663127036154,0.9999705000483307,21.910192293024327,0.008298755186721992,0.0,0.0023327501457968843,0.27586206896551724,0.5384615384615384,0.0,0.3333333333333333,True,0.006900323978625826,0.3787528868360277,0.0013298332517636356,0.9999690469949255,168.39547790924408,0.016597510373443983,0.000520697734964853,0.012830125801882863,0.5172413793103449,0.8461538461538461,0.23076923076923078,0.3333333333333333,True,0.009593133336138343,0.41530054644808745,0.00158690138965103,0.9999680067806184,200.94776360173736,0.016597510373443983,0.000520697734964853,0.018162126135132885,0.5172413793103449,0.8461538461538461,0.23076923076923078,0.3333333333333333,True,0.06769891025371313,0.4049836395670778,0.011686713037803846,0.9999469382398417,1479.8769880202715,0.06639004149377593,0.011542133125054239,0.1216362576022661,0.8620689655172413,1.0,0.7692307692307693,0.6666666666666666,HistGB,fleet,40000,20000,14.92,B_fleet_size,ROAD_ORNL,FS-B,1,4,CIDv2_Prototype|CTT_Forester|CTT_Silverado|CTT_Traverse
226048,23767,0.10514138590033975,0.7012934160282422,0.2395260175970226,202303,0.02842950277399512,True,8.415029242226617e-05,0.4,1.4830854108888132e-05,0.9999977350234985,1.8780164822592278,0.004149377593360996,0.0,8.331250520703157e-05,0.06896551724137931,0.07692307692307693,0.0,0.3333333333333333,True,0.0005890520469558632,0.56,5.437979839925648e-05,0.9999964237213135,6.886060434950501,0.016597510373443983,0.0,0.0008331250520703157,0.20689655172413793,0.38461538461538464,0.0,0.3333333333333333,True,0.007783902049059621,0.4457831325301205,0.00113703214834809,0.9999926090240479,143.9812636398741,0.06224066390041494,0.0014753102490670832,0.01274681329667583,0.6896551724137931,0.8461538461538461,0.46153846153846156,1.0,True,0.009508983043716076,0.44752475247524753,0.0013792694321265962,0.9999921321868896,174.6555328501082,0.06639004149377593,0.0019092250282044605,0.015662750978921936,0.7586206896551724,0.8461538461538461,0.6153846153846154,1.0,True,0.06395422224092229,0.3671497584541063,0.012952279255095634,0.9999806880950928,1640.1343945063923,0.14107883817427386,0.01249674563915647,0.11180538198783638,0.9310344827586207,1.0,0.8461538461538461,1.0,XGBoost,fleet,40000,20000,10.16,B_fleet_size,ROAD_ORNL,FS-B,1,4,CIDv2_Prototype|CTT_Forester|CTT_Silverado|CTT_Traverse
226048,23767,0.10514138590033975,0.7351644937379123,0.2858001182545661,202303,0.02842950277399512,True,0.0,0.0,0.0003856022068310914,640625.0,48.82842853873992,0.0,0.0,0.0,0.0,0.0,0.0,0.0,True,0.0,0.0,0.0010332161695858731,437500.0,130.83514826405954,0.0,0.0,0.0,0.0,0.0,0.0,0.0,True,0.0,0.0,0.0010974832040577217,417278.3585554569,138.97321968718285,0.0,0.0,0.0,0.0,0.0,0.0,0.0,True,0.0,0.0,0.0010974832040577217,411384.12318773486,138.97321968718285,0.0,0.0,0.0,0.0,0.0,0.0,0.0,True,0.0,0.0,0.0019823908325547136,281682.78359836404,251.02820312865012,0.0,0.0,0.0,0.0,0.0,0.0,0.0,Rule:Combined,fleet,40000,20000,0.48,B_fleet_size,ROAD_ORNL,FS-B,1,4,CIDv2_Prototype|CTT_Forester|CTT_Silverado|CTT_Traverse
226048,23767,0.10514138590033975,0.738469162096848,0.3001878025005265,202303,0.02842950277399512,True,0.0,0.0,0.0,0.9998897500031485,0.0,0.0,0.0,0.0,0.0,0.0,0.0,0.0,True,0.0016409307022341904,0.639344262295082,0.00010875959679851296,0.9998872390739766,13.772120869901002,0.0,8.678295582747549e-05,0.0031658751978672,0.3103448275862069,0.6153846153846154,0.07692307692307693,0.0,True,0.00736315058694829,0.49295774647887325,0.0008898512465332878,0.9998801535150548,112.68098893555364,0.02074688796680498,0.0013885272932396078,0.012830125801882863,0.7586206896551724,1.0,0.5384615384615384,0.6666666666666666,True,0.00736315058694829,0.49295774647887325,0.0008898512465332878,0.9998801535150548,112.68098893555364,0.02074688796680498,0.0013885272932396078,0.012830125801882863,0.7586206896551724,1.0,0.5384615384615384,0.6666666666666666,True,0.11288761728447007,0.5040390757091866,0.013051151615821556,0.9998518237231704,1652.6545043881204,0.11203319502074689,0.015881280916428014,0.20603182537698908,0.9655172413793104,1.0,0.9230769230769231,1.0,HistGB,fleet,40000,20000,16.78,B_fleet_size,ROAD_ORNL,FS-B,0,4,CIDv2_Prototype|CTT_Impala|CTT_Silverado|CTT_Traverse
226048,23767,0.10514138590033975,0.7506953124302815,0.296089563024114,202303,0.02842950277399512,True,0.0007573526318003955,0.9473684210526315,4.943618036296043e-06,0.9999970197677612,0.6260054940864092,0.06639004149377593,0.00017356591165495098,0.0,0.13793103448275862,0.0,0.07692307692307693,1.0,True,0.002145832456767787,0.7183098591549296,9.887236072592087e-05,0.9999948740005493,12.520109881728184,0.12448132780082988,0.0004339147791373774,0.001333000083312505,0.4482758620689655,0.6153846153846154,0.15384615384615385,1.0,True,0.009466907897504944,0.5434782608695652,0.0009343438088599522,0.9999920129776001,118.31503838233135,0.16182572614107885,0.0031241864097891173,0.012496875781054736,0.7931034482758621,0.8461538461538461,0.6923076923076923,1.0,True,0.01173896579290613,0.5355086372360844,0.0011963555647836425,0.9999915361404419,151.493329568911,0.17427385892116182,0.004078798923891348,0.015829375989335998,0.7931034482758621,0.8461538461538461,0.6923076923076923,1.0,True,0.07590356376488408,0.43786407766990293,0.011449419372061637,0.9999812841415405,1449.8287243041236,0.27385892116182575,0.019265816193699558,0.12630175789385986,1.0,1.0,1.0,1.0,XGBoost,fleet,40000,20000,10.96,B_fleet_size,ROAD_ORNL,FS-B,0,4,CIDv2_Prototype|CTT_Impala|CTT_Silverado|CTT_Traverse
226048,23767,0.10514138590033975,0.7354574757517683,0.28616118537871443,202303,0.02842950277399512,True,0.0,0.0,0.0003856022068310914,640625.0,48.82842853873992,0.0,0.0,0.0,0.0,0.0,0.0,0.0,True,0.0,0.0,0.0010332161695858731,437500.0,130.83514826405954,0.0,0.0,0.0,0.0,0.0,0.0,0.0,True,0.0,0.0,0.001354551341945116,369694.32578766556,171.52550537967613,0.0,0.0,0.0,0.0,0.0,0.0,0.0,True,0.0,0.0,0.001354551341945116,364466.30649484455,171.52550537967613,0.0,0.0,0.0,0.0,0.0,0.0,0.0,True,0.0,0.0,0.002288895150805068,250065.63299671593,289.8405437620075,0.0,0.0,0.0,0.0,0.0,0.0,0.0,Rule:Combined,fleet,40000,20000,0.54,B_fleet_size,ROAD_ORNL,FS-B,0,4,CIDv2_Prototype|CTT_Impala|CTT_Silverado|CTT_Traverse
226048,23767,0.10514138590033975,0.7481713358344446,0.29436999381533535,202303,0.02842950277399512,True,0.0,0.0,0.0,0.9998488142404337,0.0,0.0,0.0,0.0,0.0,0.0,0.0,0.0,True,0.0,0.0,0.0,0.9998488142404337,0.0,0.0,0.0,0.0,0.0,0.0,0.0,0.0,True,0.003071485673412715,0.2508591065292096,0.0010777087319125374,0.9998452291852021,136.4691977108372,0.0,0.0007810466024472793,0.00533200033325002,0.6206896551724138,0.9230769230769231,0.46153846153846156,0.0,True,0.003071485673412715,0.2508591065292096,0.0010777087319125374,0.9998452291852021,136.4691977108372,0.0,0.0007810466024472793,0.00533200033325002,0.6206896551724138,0.9230769230769231,0.46153846153846156,0.0,True,0.08267766230487651,0.4452753229095853,0.012101976952852716,0.999835181703934,1532.4614495235298,0.06224066390041494,0.010847869478434436,0.15204532200283263,0.9655172413793104,1.0,0.9230769230769231,1.0,HistGB,fleet,40000,20000,15.31,B_fleet_size,ROAD_ORNL,FS-B,1,4,CIDv2_Prototype|CTT_Impala|CTT_Silverado|CTT_Traverse
226048,23767,0.10514138590033975,0.7473287388120662,0.2899837853590391,202303,0.02842950277399512,True,0.00042075146211133083,0.7692307692307693,1.4830854108888132e-05,0.9999963045120239,1.8780164822592278,0.04149377593360996,0.0,0.0,0.06896551724137931,0.0,0.0,0.6666666666666666,True,0.0021879076029789205,0.7647058823529411,7.909788858073669e-05,0.9999946355819702,10.016087905382546,0.11618257261410789,0.0002603488674824265,0.0017495626093476631,0.3448275862068966,0.38461538461538464,0.15384615384615385,1.0,True,0.010392561114149872,0.6068796068796068,0.0007909788858073669,0.9999921321868896,100.16087905382547,0.1991701244813278,0.0016488761607220343,0.014996250937265684,0.6551724137931034,0.7692307692307693,0.46153846153846156,1.0,True,0.013674422518618253,0.6029684601113172,0.0010579342597673534,0.9999916553497314,133.9651757344916,0.21161825726141079,0.002343139807341838,0.0205781887861368,0.6551724137931034,0.7692307692307693,0.46153846153846156,1.0,True,0.08684310177977868,0.4553275976174719,0.012205792931614931,0.999984860420227,1545.6075648993442,0.3112033195020747,0.012930660418293848,0.15329500958093809,0.9310344827586207,1.0,0.8461538461538461,1.0,XGBoost,fleet,40000,20000,8.28,B_fleet_size,ROAD_ORNL,FS-B,1,4,CIDv2_Prototype|CTT_Impala|CTT_Silverado|CTT_Traverse
226048,23767,0.10514138590033975,0.7354260972870621,0.2861172908980947,202303,0.02842950277399512,True,0.0,0.0,0.0003856022068310914,640625.0,48.82842853873992,0.0,0.0,0.0,0.0,0.0,0.0,0.0,True,0.0,0.0,0.0010332161695858731,437500.0,130.83514826405954,0.0,0.0,0.0,0.0,0.0,0.0,0.0,True,0.0,0.0,0.001354551341945116,374811.04989308154,171.52550537967613,0.0,0.0,0.0,0.0,0.0,0.0,0.0,True,0.0,0.0,0.001354551341945116,369510.672626461,171.52550537967613,0.0,0.0,0.0,0.0,0.0,0.0,0.0,True,0.0,0.0,0.002288895150805068,253159.38404137007,289.8405437620075,0.0,0.0,0.0,0.0,0.0,0.0,0.0,Rule:Combined,fleet,40000,20000,0.47,B_fleet_size,ROAD_ORNL,FS-B,1,4,CIDv2_Prototype|CTT_Impala|CTT_Silverado|CTT_Traverse
226048,23767,0.10514138590033975,0.7192707789115053,0.29988016243042415,202303,0.02842950277399512,True,0.0015988555560230572,0.8837209302325582,2.4718090181480216e-05,0.9999735295063444,3.130027470432046,0.0,0.0,0.0031658751978672,0.10344827586206896,0.23076923076923078,0.0,0.0,True,0.006437497370303362,0.864406779661017,0.00011864683287110505,0.9999697140326471,15.024131858073822,0.012448132780082987,0.0,0.012496875781054736,0.4482758620689655,0.8461538461538461,0.0,0.6666666666666666,True,0.03079900702654942,0.7052023121387283,0.0015127471191065894,0.9999611547475218,191.55768119044123,0.0995850622406639,0.0014753102490670832,0.057568941098058816,0.7586206896551724,0.9230769230769231,0.5384615384615384,1.0,True,0.03605840030294105,0.6939271255060728,0.0018686876177199045,0.9999594849442259,236.6300767646627,0.12448132780082988,0.0015620932048945586,0.06739981671248854,0.7931034482758621,1.0,0.5384615384615384,1.0,True,0.1234905541296756,0.4926149714669352,0.01494455732372294,0.9999378121214222,1892.414608623215,0.23236514522821577,0.013798489976568603,0.22661001416312587,0.896551724137931,1.0,0.7692307692307693,1.0,HistGB,fleet,40000,20000,17.6,B_fleet_size,ROAD_ORNL,FS-B,0,5,CIDv2_OpelAstra|CIDv2_Prototype|CTT_Forester|CTT_Impala|CTT_Traverse
226048,23767,0.10514138590033975,0.7428242568309624,0.30337265995629464,202303,0.02842950277399512,True,0.00021037573105566542,0.8333333333333334,4.943618036296043e-06,0.999983549118042,0.6260054940864092,0.012448132780082987,0.0,0.00016662501041406314,0.13793103448275862,0.15384615384615385,0.0,0.6666666666666666,True,0.0028190347961459168,0.7528089887640449,0.00010875959679851296,0.9999723434448242,13.772120869901002,0.07468879668049792,0.0,0.004082312755144547,0.41379310344827586,0.6923076923076923,0.0,1.0,True,0.01842891404047629,0.656671664167916,0.0011320885303117939,0.9999490976333618,143.3552581457877,0.24896265560165975,0.000520697734964853,0.030992251937015745,0.6551724137931034,0.9230769230769231,0.3076923076923077,1.0,True,0.023015104977489795,0.628735632183908,0.001596788625723622,0.9999449253082275,202.1997745899102,0.2697095435684647,0.0007810466024472793,0.03940681496292593,0.6896551724137931,0.9230769230769231,0.38461538461538464,1.0,True,0.1072074725459671,0.4825757575757576,0.013505964475160791,0.9998900890350342,1710.2470098440701,0.4896265560165975,0.014319187711533454,0.1887028242939265,0.9655172413793104,1.0,0.9230769230769231,1.0,XGBoost,fleet,40000,20000,9.18,B_fleet_size,ROAD_ORNL,FS-B,0,5,CIDv2_OpelAstra|CIDv2_Prototype|CTT_Forester|CTT_Impala|CTT_Traverse
226048,23767,0.10514138590033975,0.7351608558615439,0.28577477341787433,202303,0.02842950277399512,True,0.0,0.0,0.0003856022068310914,640625.0,48.82842853873992,0.0,0.0,0.0,0.0,0.0,0.0,0.0,True,0.0,0.0,0.000998610843331801,438922.02173004707,126.45310980545469,0.0,0.0,0.0,0.0,0.0,0.0,0.0,True,0.0,0.0,0.0010974832040577217,419480.58306568256,138.97321968718285,0.0,0.0,0.0,0.0,0.0,0.0,0.0,True,0.0,0.0,0.0010974832040577217,413555.24033442314,138.97321968718285,0.0,0.0,0.0,0.0,0.0,0.0,0.0,True,0.0,0.0,0.0019823908325547136,283169.39012235525,251.02820312865012,0.0,0.0,0.0,0.0,0.0,0.0,0.0,Rule:Combined,fleet,40000,20000,0.57,B_fleet_size,ROAD_ORNL,FS-B,0,5,CIDv2_OpelAstra|CIDv2_Prototype|CTT_Forester|CTT_Impala|CTT_Traverse
226048,23767,0.10514138590033975,0.7313106310574351,0.28448159405506124,202303,0.02842950277399512,True,0.0,0.0,0.0,0.9999134623854286,0.0,0.0,0.0,0.0,0.0,0.0,0.0,0.0,True,0.0007152774855892624,0.53125,7.415427054444066e-05,0.999904797173196,9.390082411296138,0.0,8.678295582747549e-05,0.001333000083312505,0.2413793103448276,0.46153846153846156,0.07692307692307693,0.0,True,0.013758572811040518,0.6632860040567952,0.0008206405940251433,0.9998794620988722,103.91691201834394,0.0,0.001041395469929706,0.026243439140214948,0.6206896551724138,0.9230769230769231,0.46153846153846156,0.0,True,0.014894601758741112,0.6519337016574586,0.0009343438088599522,0.9998783948505807,118.31503838233135,0.0,0.0013017443374121322,0.028242939265183703,0.6206896551724138,0.9230769230769231,0.46153846153846156,0.0,True,0.09761433920982876,0.46077457795431975,0.013421922968543758,0.999839234866908,1699.604916444601,0.024896265560165973,0.01614162978391044,0.1772890110805632,0.896551724137931,1.0,0.8461538461538461,0.6666666666666666,HistGB,fleet,40000,20000,50.81,B_fleet_size,ROAD_ORNL,FS-B,1,5,CIDv2_OpelAstra|CIDv2_Prototype|CTT_Forester|CTT_Impala|CTT_Traverse
226048,23767,0.10514138590033975,0.7392863222731177,0.27839340359349085,202303,0.02842950277399512,True,0.0,0.0,0.0,0.9999881982803345,0.0,0.0,0.0,0.0,0.0,0.0,0.0,0.0,True,0.0005890520469558632,0.7,2.9661708217776263e-05,0.9999821186065674,3.7560329645184556,0.008298755186721992,0.0,0.000999750062484379,0.3448275862068966,0.6153846153846154,0.0,0.6666666666666666,True,0.006479572516514495,0.5855513307984791,0.0005388543659562687,0.999966025352478,68.2345988554186,0.04564315352697095,0.0006074806907923284,0.011330500708156294,0.5862068965517241,0.8461538461538461,0.23076923076923078,1.0,True,0.008499179534648883,0.5611111111111111,0.0007810916497347749,0.9999630451202393,98.90886806565267,0.06224066390041494,0.0009546125141022303,0.014663000916437557,0.6206896551724138,0.8461538461538461,0.3076923076923077,1.0,True,0.06387007194850002,0.4270042194092827,0.010070149939935042,0.9999188184738159,1275.1731914540158,0.22406639004149378,0.012236396771674042,0.11022244438890277,0.896551724137931,1.0,0.7692307692307693,1.0,XGBoost,fleet,40000,20000,24.5,B_fleet_size,ROAD_ORNL,FS-B,1,5,CIDv2_OpelAstra|CIDv2_Prototype|CTT_Forester|CTT_Impala|CTT_Traverse
226048,23767,0.10514138590033975,0.7351485607775147,0.2857422330195366,202303,0.02842950277399512,True,0.0,0.0,0.0003856022068310914,640625.0,48.82842853873992,0.0,0.0,0.0,0.0,0.0,0.0,0.0,True,0.0,0.0,0.000998610843331801,440907.0236203551,126.45310980545469,0.0,0.0,0.0,0.0,0.0,0.0,0.0,True,0.0,0.0,0.0010974832040577217,421377.66206630063,138.97321968718285,0.0,0.0,0.0,0.0,0.0,0.0,0.0,True,0.0,0.0,0.0010974832040577217,415425.5222823987,138.97321968718285,0.0,0.0,0.0,0.0,0.0,0.0,0.0,True,0.0,0.0,0.0019823908325547136,284450.0088811378,251.02820312865012,0.0,0.0,0.0,0.0,0.0,0.0,0.0,Rule:Combined,fleet,40000,20000,0.53,B_fleet_size,ROAD_ORNL,FS-B,1,5,CIDv2_OpelAstra|CIDv2_Prototype|CTT_Forester|CTT_Impala|CTT_Traverse
226048,23767,0.10514138590033975,0.7260559854598283,0.2585926246095061,202303,0.02842950277399512,True,0.0008415029242226617,0.9090909090909091,9.887236072592087e-06,0.9999670641897567,1.2520109881728183,0.0,0.0,0.0016662501041406314,0.2413793103448276,0.5384615384615384,0.0,0.0,True,0.004291664913535574,0.8717948717948718,7.415427054444066e-05,0.9999651487342991,9.390082411296138,0.0,0.0,0.00849787553111722,0.3103448275862069,0.6923076923076923,0.0,0.0,True,0.014852526612529978,0.5648,0.0013446641058725238,0.9999575303957339,170.2734943915033,0.0,0.0011281784257571813,0.028326251770390734,0.4482758620689655,0.7692307692307693,0.23076923076923078,0.0,True,0.016661757899608703,0.55,0.001601732243759918,0.9999562692529126,202.8257800839966,0.0,0.0012149613815846567,0.03182537698908606,0.4482758620689655,0.7692307692307693,0.23076923076923078,0.0,True,0.06374384650986663,0.3596866096866097,0.01333293784389043,0.9999269347362125,1688.3368175510457,0.012448132780082987,0.01267031155081142,0.11380488211280514,0.896551724137931,1.0,0.8461538461538461,0.6666666666666666,HistGB,fleet,40000,20000,17.77,B_fleet_size,ROAD_ORNL,FS-B,0,5,CIDv2_OpelAstra|CIDv2_RenaultClio|CTT_Forester|CTT_Impala|CTT_Silverado
226048,23767,0.10514138590033975,0.7309256717892731,0.26295252250762824,202303,0.02842950277399512,True,0.0008835780704337947,0.9545454545454546,4.943618036296043e-06,0.9999961853027344,0.6260054940864092,0.0,0.0,0.0017495626093476631,0.20689655172413793,0.46153846153846156,0.0,0.0,True,0.0029031850885681827,0.71875,0.00013347768697999317,0.9999948740005493,16.902148340333046,0.0,0.0,0.005748562859285179,0.27586206896551724,0.6153846153846154,0.0,0.0,True,0.011107838599739133,0.5176470588235295,0.0012161300369288267,0.9999922513961792,153.99735154525666,0.029045643153526972,0.0006942636466198039,0.02074481379655086,0.5517241379310345,0.8461538461538461,0.23076923076923078,0.6666666666666666,True,0.012917069886817857,0.5008156606851549,0.0015127471191065894,0.999991774559021,191.55768119044123,0.03319502074688797,0.0011281784257571813,0.02382737648921103,0.6206896551724138,0.8461538461538461,0.38461538461538464,0.6666666666666666,True,0.06509025118862288,0.39134834303060967,0.011894344995328281,0.9999803304672241,1506.1692187719007,0.11618257261410789,0.01171569903670919,0.1153045072065317,0.8620689655172413,0.9230769230769231,0.7692307692307693,1.0,XGBoost,fleet,40000,20000,8.65,B_fleet_size,ROAD_ORNL,FS-B,0,5,CIDv2_OpelAstra|CIDv2_RenaultClio|CTT_Forester|CTT_Impala|CTT_Silverado
226048,23767,0.10514138590033975,0.7349123692180611,0.2851766539230607,202303,0.02842950277399512,True,0.0,0.0,0.0003856022068310914,640625.0,48.82842853873992,0.0,0.0,0.0,0.0,0.0,0.0,0.0,True,0.0,0.0,0.0008601895383155116,475121.08091370855,108.9249559710352,0.0,0.0,0.0,0.0,0.0,0.0,0.0,True,0.0,0.0,0.0009442310449325444,453550.15410482214,119.56704937050418,0.0,0.0,0.0,0.0,0.0,0.0,0.0,True,0.0,0.0,0.000998610843331801,447558.60523762635,126.45310980545469,0.0,0.0,0.0,0.0,0.0,0.0,0.0,True,0.0,0.0,0.0018340822914658323,306460.79669747927,232.24803830605785,0.0,0.0,0.0,0.0,0.0,0.0,0.0,Rule:Combined,fleet,40000,20000,0.52,B_fleet_size,ROAD_ORNL,FS-B,0,5,CIDv2_OpelAstra|CIDv2_RenaultClio|CTT_Forester|CTT_Impala|CTT_Silverado
226048,23767,0.10514138590033975,0.714044473056179,0.2632309246858098,202303,0.02842950277399512,True,0.0,0.0,0.0,0.9999249251473509,0.0,0.0,0.0,0.0,0.0,0.0,0.0,0.0,True,0.0,0.0,0.0,0.9999249251473509,0.0,0.0,0.0,0.0,0.0,0.0,0.0,0.0,True,0.0052593932763916355,0.40716612377850164,0.0008997384826058799,0.9999144525084456,113.93299992372647,0.0,0.0004339147791373774,0.009997500624843789,0.5172413793103449,0.8461538461538461,0.3076923076923077,0.0,True,0.0053435435688139014,0.40189873417721517,0.0009343438088599522,0.9999086172379946,118.31503838233135,0.0,0.0004339147791373774,0.010164125635257853,0.5517241379310345,0.9230769230769231,0.3076923076923077,0.0,True,0.05394033744267261,0.34846425659146507,0.011849852433001616,0.9998752521265603,1500.535169325123,0.03319502074688797,0.009372559229367352,0.09714238107139882,0.9310344827586207,1.0,0.8461538461538461,1.0,HistGB,fleet,40000,20000,15.52,B_fleet_size,ROAD_ORNL,FS-B,1,5,CIDv2_OpelAstra|CIDv2_RenaultClio|CTT_Forester|CTT_Impala|CTT_Silverado
226048,23767,0.10514138590033975,0.7150185871250019,0.2590362181501878,202303,0.02842950277399512,True,0.0002945260234779316,0.875,4.943618036296043e-06,0.999997615814209,0.6260054940864092,0.008298755186721992,0.0,0.00041656252603515786,0.1724137931034483,0.3076923076923077,0.0,0.3333333333333333,True,0.0012622543863339926,0.4838709677419355,0.00015819577716147339,0.9999964237213135,20.032175810765093,0.024896265560165973,0.00017356591165495098,0.0018328751145546946,0.41379310344827586,0.6153846153846154,0.15384615384615385,0.6666666666666666,True,0.009298607312660412,0.3989169675090253,0.0016462248060865826,0.9999940395355225,208.4598295307743,0.058091286307053944,0.0016488761607220343,0.015662750978921936,0.7586206896551724,0.9230769230769231,0.5384615384615384,1.0,True,0.010560861698994404,0.38556067588325654,0.0019774472145184176,0.9999938011169434,250.40219763456372,0.06224066390041494,0.0018224420723769851,0.017912188619511788,0.7931034482758621,0.9230769230769231,0.6153846153846154,1.0,True,0.06138763832204317,0.3434557438794727,0.013787750703229665,0.9999861717224121,1745.9293230069954,0.12448132780082988,0.013017443374121323,0.10655669415979338,0.9310344827586207,1.0,0.8461538461538461,1.0,XGBoost,fleet,40000,20000,9.99,B_fleet_size,ROAD_ORNL,FS-B,1,5,CIDv2_OpelAstra|CIDv2_RenaultClio|CTT_Forester|CTT_Impala|CTT_Silverado
226048,23767,0.10514138590033975,0.7349099492019026,0.2851762922788168,202303,0.02842950277399512,True,0.0,0.0,0.0003856022068310914,640625.0,48.82842853873992,0.0,0.0,0.0,0.0,0.0,0.0,0.0,True,0.0,0.0,0.0008601895383155116,475353.4621983541,108.9249559710352,0.0,0.0,0.0,0.0,0.0,0.0,0.0,True,0.0,0.0,0.0009442310449325444,453771.98506896157,119.56704937050418,0.0,0.0,0.0,0.0,0.0,0.0,0.0,True,0.0,0.0,0.000998610843331801,447777.5057407134,126.45310980545469,0.0,0.0,0.0,0.0,0.0,0.0,0.0,True,0.0,0.0,0.0018340822914658323,306610.68639189797,232.24803830605785,0.0,0.0,0.0,0.0,0.0,0.0,0.0,Rule:Combined,fleet,40000,20000,0.5,B_fleet_size,ROAD_ORNL,FS-B,1,5,CIDv2_OpelAstra|CIDv2_RenaultClio|CTT_Forester|CTT_Impala|CTT_Silverado
226048,23767,0.10514138590033975,0.7221398265775838,0.27520106982105697,202303,0.02842950277399512,True,0.0022299827491900535,0.7910447761194029,6.921065250814461e-05,0.9999333303111528,8.76407691720973,0.1037344398340249,0.0,0.0023327501457968843,0.3103448275862069,0.46153846153846156,0.0,1.0,True,0.003576387427946312,0.8018867924528302,0.00010381597876221691,0.9999316883535208,13.146115375814594,0.1078838174273859,0.0,0.004915437807214863,0.3103448275862069,0.46153846153846156,0.0,1.0,True,0.007447300879370556,0.44029850746268656,0.0011123140581666099,0.9999282151999751,140.8512361694421,0.11203319502074689,0.000520697734964853,0.011997000749812546,0.6206896551724138,0.9230769230769231,0.23076923076923078,1.0,True,0.007447300879370556,0.44029850746268656,0.0011123140581666099,0.9999282151999751,140.8512361694421,0.11203319502074689,0.000520697734964853,0.011997000749812546,0.6206896551724138,0.9230769230769231,0.23076923076923078,1.0,True,0.0945007783902049,0.43035064188541866,0.014697376421908138,0.9999084831105303,1861.1143339188948,0.17427385892116182,0.015794497960600538,0.16845788552861785,0.9655172413793104,1.0,0.9230769230769231,1.0,HistGB,fleet,40000,20000,15.38,B_fleet_size,ROAD_ORNL,FS-B,0,5,CIDv2_OpelAstra|CIDv2_RenaultClio|CTT_Impala|CTT_Silverado|CTT_Traverse
226048,23767,0.10514138590033975,0.7416945701165072,0.263689703288923,202303,0.02842950277399512,True,0.0007152774855892624,0.9444444444444444,4.943618036296043e-06,0.999995231628418,0.6260054940864092,0.06224066390041494,0.0,0.00016662501041406314,0.1724137931034483,0.15384615384615385,0.0,1.0,True,0.0018933815795009888,0.41284403669724773,0.00031639155432294677,0.9999926090240479,40.064351621530186,0.0995850622406639,0.0002603488674824265,0.0014996250937265683,0.4827586206896552,0.6153846153846154,0.23076923076923078,1.0,True,0.006984474271048092,0.3132075471698113,0.0017994769652117599,0.9999889135360718,227.86599984745294,0.12033195020746888,0.0016488761607220343,0.009830875614429725,0.8275862068965517,1.0,0.6153846153846154,1.0,True,0.007952202633904153,0.3053311793214863,0.002125755755607299,0.999988317489624,269.182362457156,0.12863070539419086,0.001996007984031936,0.011247188202949263,0.8275862068965517,1.0,0.6153846153846154,1.0,True,0.06694155762191274,0.36175534333788084,0.013876735827882994,0.999963641166687,1757.1974219005508,0.21161825726141079,0.014145621799878504,0.11472131967008248,0.9310344827586207,1.0,0.8461538461538461,1.0,XGBoost,fleet,40000,20000,8.65,B_fleet_size,ROAD_ORNL,FS-B,0,5,CIDv2_OpelAstra|CIDv2_RenaultClio|CTT_Impala|CTT_Silverado|CTT_Traverse
226048,23767,0.10514138590033975,0.7352215160121618,0.28589427539532913,202303,0.02842950277399512,True,0.0,0.0,0.0003856022068310914,640625.0,48.82842853873992,0.0,0.0,0.0,0.0,0.0,0.0,0.0,True,0.0,0.0,0.0010332161695858731,437500.0,130.83514826405954,0.0,0.0,0.0,0.0,0.0,0.0,0.0,True,0.0,0.0,0.0010974832040577217,410000.35494256107,138.97321968718285,0.0,0.0,0.0,0.0,0.0,0.0,0.0,True,0.0,0.0,0.0012111864188925306,404208.92402482027,153.37134605117026,0.0,0.0,0.0,0.0,0.0,0.0,0.0,True,0.0,0.0,0.002120812137571003,277331.67865574604,268.55635696306956,0.0,0.0,0.0,0.0,0.0,0.0,0.0,Rule:Combined,fleet,40000,20000,0.48,B_fleet_size,ROAD_ORNL,FS-B,0,5,CIDv2_OpelAstra|CIDv2_RenaultClio|CTT_Impala|CTT_Silverado|CTT_Traverse
226048,23767,0.10514138590033975,0.7297030030598387,0.2826548034139846,202303,0.02842950277399512,True,0.0012622543863339926,1.0,0.0,0.9999479172382508,0.0,0.12033195020746888,0.0,8.331250520703157e-05,0.13793103448275862,0.07692307692307693,0.0,1.0,True,0.0019354567257121218,0.7931034482758621,5.9323416435552526e-05,0.9999422510217644,7.512065929036911,0.14937759336099585,0.0,0.0008331250520703157,0.2413793103448276,0.3076923076923077,0.0,1.0,True,0.005006942399124837,0.38636363636363635,0.0009343438088599522,0.9999275394861362,118.31503838233135,0.1908713692946058,0.0002603488674824265,0.00583187536449221,0.5517241379310345,0.8461538461538461,0.15384615384615385,1.0,True,0.006774098539992427,0.3815165876777251,0.0012902843074732674,0.9999230122616047,163.3874339565528,0.1908713692946058,0.000520697734964853,0.009081063067566442,0.7241379310344828,1.0,0.38461538461538464,1.0,True,0.07342113013842723,0.41756401052883463,0.01203276630034457,0.9997997501627106,1523.6973726063202,0.22821576763485477,0.017183025253840144,0.12430225776889112,0.9655172413793104,1.0,0.9230769230769231,1.0,HistGB,fleet,40000,20000,18.39,B_fleet_size,ROAD_ORNL,FS-B,1,5,CIDv2_OpelAstra|CIDv2_RenaultClio|CTT_Impala|CTT_Silverado|CTT_Traverse
226048,23767,0.10514138590033975,0.7321517153747111,0.2782379769572266,202303,0.02842950277399512,True,0.00037867631590019776,0.9,4.943618036296043e-06,0.999992847442627,0.6260054940864092,0.03734439834024896,0.0,0.0,0.10344827586206896,0.0,0.0,1.0,True,0.0009256532166449278,0.7333333333333333,3.9548944290368346e-05,0.9999895095825195,5.008043952691273,0.04979253112033195,0.0,0.0008331250520703157,0.27586206896551724,0.38461538461538464,0.0,1.0,True,0.008751630411915682,0.5606469002695418,0.0008058097399162551,0.9999836683273315,102.03889553608471,0.1037344398340249,0.0011281784257571813,0.014163125885195367,0.6551724137931034,0.7692307692307693,0.46153846153846156,1.0,True,0.010266335675516472,0.5495495495495496,0.0009887236072592088,0.9999827146530151,125.20109881728186,0.1037344398340249,0.0011281784257571813,0.017162376072648505,0.6896551724137931,0.8461538461538461,0.46153846153846156,1.0,True,0.07401018218538309,0.42395758013979273,0.011815247106747544,0.9999618530273438,1496.153130866518,0.1825726141078838,0.013104226329948798,0.13030075814379738,0.896551724137931,1.0,0.7692307692307693,1.0,XGBoost,fleet,40000,20000,9.24,B_fleet_size,ROAD_ORNL,FS-B,1,5,CIDv2_OpelAstra|CIDv2_RenaultClio|CTT_Impala|CTT_Silverado|CTT_Traverse
226048,23767,0.10514138590033975,0.7352257507544347,0.2859010718188813,202303,0.02842950277399512,True,0.0,0.0,0.0003856022068310914,640625.0,48.82842853873992,0.0,0.0,0.0,0.0,0.0,0.0,0.0,True,0.0,0.0,0.0010332161695858731,437500.0,130.83514826405954,0.0,0.0,0.0,0.0,0.0,0.0,0.0,True,0.0,0.0,0.0010974832040577217,409496.69277171337,138.97321968718285,0.0,0.0,0.0,0.0,0.0,0.0,0.0,True,0.0,0.0,0.0012111864188925306,403712.37629822403,153.37134605117026,0.0,0.0,0.0,0.0,0.0,0.0,0.0,True,0.0,0.0,0.002120812137571003,276990.9924255203,268.55635696306956,0.0,0.0,0.0,0.0,0.0,0.0,0.0,Rule:Combined,fleet,40000,20000,0.51,B_fleet_size,ROAD_ORNL,FS-B,1,5,CIDv2_OpelAstra|CIDv2_RenaultClio|CTT_Impala|CTT_Silverado|CTT_Traverse
226048,23767,0.10514138590033975,0.7439165779093578,0.27410689375522274,202303,0.02842950277399512,True,4.2075146211133085e-05,1.0,0.0,0.999976915877883,0.0,0.0,0.0,8.331250520703157e-05,0.034482758620689655,0.07692307692307693,0.0,0.0,True,0.0013884798249673917,0.4925373134328358,0.00016808301323406548,0.9999740838167336,21.284186798937913,0.0,0.00017356591165495098,0.0025826876614179787,0.3103448275862069,0.6153846153846154,0.07692307692307693,0.0,True,0.008919930996760214,0.38545454545454544,0.0016709428962680627,0.9999632452295301,211.5898570012063,0.058091286307053944,0.0007810466024472793,0.015746063484128967,0.7241379310344828,0.9230769230769231,0.46153846153846156,1.0,True,0.0111919888921614,0.4054878048780488,0.001928011034155457,0.9999609201119163,244.1421426936996,0.07883817427385892,0.001041395469929706,0.01957843872365242,0.7586206896551724,0.9230769230769231,0.5384615384615384,1.0,True,0.06795136113097994,0.36162113748320646,0.01409425502148002,0.9999433523877334,1784.7416636403527,0.16182572614107885,0.013364575197431224,0.1184703824043989,0.9655172413793104,1.0,0.9230769230769231,1.0,HistGB,fleet,40000,20000,18.03,B_fleet_size,ROAD_ORNL,FS-B,0,5,CIDv2_Prototype|CIDv2_RenaultClio|CTT_Forester|CTT_Silverado|CTT_Traverse
226048,23767,0.10514138590033975,0.7347305951056318,0.2638296845138407,202303,0.02842950277399512,True,0.0002524508772667985,0.8571428571428571,4.943618036296043e-06,0.9999979734420777,0.6260054940864092,0.02074688796680498,0.0,8.331250520703157e-05,0.10344827586206896,0.07692307692307693,0.0,0.6666666666666666,True,0.0008835780704337947,0.5526315789473685,8.404150661703274e-05,0.9999973773956299,10.642093399468957,0.04149377593360996,0.00017356591165495098,0.0007498125468632841,0.3103448275862069,0.3076923076923077,0.15384615384615385,1.0,True,0.0051752429839693696,0.40728476821192056,0.0008849076284969919,0.9999960660934448,112.05498344146726,0.06639004149377593,0.0014753102490670832,0.007498125468632842,0.6551724137931034,0.8461538461538461,0.38461538461538464,1.0,True,0.006984474271048092,0.3980815347721823,0.001240848127110307,0.9999957084655762,157.12737901568872,0.07468879668049792,0.0019092250282044605,0.010497375656085979,0.7241379310344828,0.9230769230769231,0.46153846153846156,1.0,True,0.058863129549375184,0.367867473047594,0.011884457759255689,0.9999885559082031,1504.9172077837277,0.16597510373443983,0.013624924064913651,0.10014163125885195,0.9655172413793104,1.0,0.9230769230769231,1.0,XGBoost,fleet,40000,20000,9.06,B_fleet_size,ROAD_ORNL,FS-B,0,5,CIDv2_Prototype|CIDv2_RenaultClio|CTT_Forester|CTT_Silverado|CTT_Traverse
226048,23767,0.10514138590033975,0.7351589366136955,0.2857972046098964,202303,0.02842950277399512,True,0.0,0.0,0.0003856022068310914,640625.0,48.82842853873992,0.0,0.0,0.0,0.0,0.0,0.0,0.0,True,0.0,0.0,0.0010332161695858731,437500.0,130.83514826405954,0.0,0.0,0.0,0.0,0.0,0.0,0.0,True,0.0,0.0,0.0010974832040577217,417822.938352891,138.97321968718285,0.0,0.0,0.0,0.0,0.0,0.0,0.0,True,0.0,0.0,0.0010974832040577217,411921.01008832344,138.97321968718285,0.0,0.0,0.0,0.0,0.0,0.0,0.0,True,0.0,0.0,0.0019823908325547136,282050.3900132001,251.02820312865012,0.0,0.0,0.0,0.0,0.0,0.0,0.0,Rule:Combined,fleet,40000,20000,0.49,B_fleet_size,ROAD_ORNL,FS-B,0,5,CIDv2_Prototype|CIDv2_RenaultClio|CTT_Forester|CTT_Silverado|CTT_Traverse
226048,23767,0.10514138590033975,0.7346747489868998,0.28117211357038707,202303,0.02842950277399512,True,0.00012622543863339926,1.0,0.0,0.9999016226107493,0.0,0.012448132780082987,0.0,0.0,0.06896551724137931,0.0,0.0,0.6666666666666666,True,0.0004628266083224639,0.4074074074074074,7.909788858073669e-05,0.999899171508008,10.016087905382546,0.012448132780082987,8.678295582747549e-05,0.0005831875364492211,0.2413793103448276,0.3076923076923077,0.07692307692307693,0.6666666666666666,True,0.005764295030925233,0.3186046511627907,0.0014484800846347409,0.9998756609168843,183.41960976731792,0.03734439834024896,0.0013885272932396078,0.009331000583187537,0.7931034482758621,1.0,0.6153846153846154,0.6666666666666666,True,0.007825977195270754,0.33879781420765026,0.0017945333471754638,0.9998667452127927,227.23999435336654,0.04149377593360996,0.0016488761607220343,0.013080063317503957,0.7931034482758621,1.0,0.6153846153846154,0.6666666666666666,True,0.08255143686624311,0.4316831683168317,0.01276936538775268,0.9997750138612401,1616.9721912251948,0.17842323651452283,0.012757094506638896,0.14762975922685995,0.9655172413793104,1.0,0.9230769230769231,1.0,HistGB,fleet,40000,20000,14.83,B_fleet_size,ROAD_ORNL,FS-B,1,5,CIDv2_Prototype|CIDv2_RenaultClio|CTT_Forester|CTT_Silverado|CTT_Traverse
226048,23767,0.10514138590033975,0.7451425847821866,0.29875376228173645,202303,0.02842950277399512,True,4.2075146211133085e-05,1.0,0.0,0.9999977350234985,0.0,0.004149377593360996,0.0,0.0,0.034482758620689655,0.0,0.0,0.3333333333333333,True,0.0011781040939117264,0.5833333333333334,9.887236072592087e-05,0.9999958276748657,12.520109881728184,0.06639004149377593,0.0,0.000999750062484379,0.3103448275862069,0.46153846153846156,0.0,1.0,True,0.011149913745950268,0.53,0.0011617502385295702,0.999992847442627,147.11129111030618,0.11618257261410789,0.0015620932048945586,0.018245438640339916,0.7241379310344828,0.8461538461538461,0.5384615384615384,1.0,True,0.013169520764084655,0.511437908496732,0.001478141792852517,0.9999923706054688,187.17564273183635,0.12033195020746888,0.0016488761607220343,0.022077813879863368,0.7241379310344828,0.8461538461538461,0.5384615384615384,1.0,True,0.09134514242436992,0.4523859137320275,0.012991828199386003,0.9999799728393555,1645.1424384590835,0.2572614107883817,0.014926668402325783,0.16137632258602017,0.9310344827586207,1.0,0.8461538461538461,1.0,XGBoost,fleet,40000,20000,10.78,B_fleet_size,ROAD_ORNL,FS-B,1,5,CIDv2_Prototype|CIDv2_RenaultClio|CTT_Forester|CTT_Silverado|CTT_Traverse
226048,23767,0.10514138590033975,0.7351135217640639,0.28569290211734405,202303,0.02842950277399512,True,0.0,0.0,0.0003856022068310914,640625.0,48.82842853873992,0.0,0.0,0.0,0.0,0.0,0.0,0.0,True,0.0,0.0,0.000998610843331801,444193.5207475752,126.45310980545469,0.0,0.0,0.0,0.0,0.0,0.0,0.0,True,0.0,0.0,0.0010332161695858731,424241.2619326238,130.83514826405954,0.0,0.0,0.0,0.0,0.0,0.0,0.0,True,0.0,0.0,0.0010974832040577217,418522.0816756793,138.97321968718285,0.0,0.0,0.0,0.0,0.0,0.0,0.0,True,0.0,0.0,0.0019823908325547136,286570.2838755106,251.02820312865012,0.0,0.0,0.0,0.0,0.0,0.0,0.0,Rule:Combined,fleet,40000,20000,0.53,B_fleet_size,ROAD_ORNL,FS-B,1,5,CIDv2_Prototype|CIDv2_RenaultClio|CTT_Forester|CTT_Silverado|CTT_Traverse
226048,23767,0.10514138590033975,0.7407275011245931,0.2951412859943272,202303,0.02842950277399512,True,0.0036184625741574454,0.9662921348314607,1.4830854108888132e-05,0.999957684639662,1.8780164822592278,0.0,0.0,0.007164875447804715,0.3448275862068966,0.7692307692307693,0.0,0.0,True,0.0036184625741574454,0.9662921348314607,1.4830854108888132e-05,0.999957684639662,1.8780164822592278,0.0,0.0,0.007164875447804715,0.3448275862068966,0.7692307692307693,0.0,0.0,True,0.011907266377750662,0.5717171717171717,0.0010480470236947613,0.9999555058735623,132.71316474631877,0.0,0.001041395469929706,0.022577688911105558,0.5517241379310345,0.9230769230769231,0.3076923076923077,0.0,True,0.013674422518618253,0.5887681159420289,0.001122201294239202,0.999955082105732,142.10324715761493,0.0,0.0013017443374121322,0.02582687661417979,0.5517241379310345,0.9230769230769231,0.3076923076923077,0.0,True,0.08806328101990155,0.44446803992355066,0.01293250478295045,0.9999411330562739,1637.6303725300468,0.1078838174273859,0.014405970667360931,0.15837707239856702,0.9310344827586207,1.0,0.8461538461538461,1.0,HistGB,fleet,40000,20000,18.3,B_fleet_size,ROAD_ORNL,FS-B,0,5,CIDv2_Prototype|CTT_Forester|CTT_Impala|CTT_Silverado|CTT_Traverse
226048,23767,0.10514138590033975,0.7365518358880007,0.26551125225887584,202303,0.02842950277399512,True,8.415029242226617e-05,0.5,9.887236072592087e-06,0.9999973773956299,1.2520109881728183,0.008298755186721992,0.0,0.0,0.034482758620689655,0.0,0.0,0.3333333333333333,True,0.0009256532166449278,0.5789473684210527,7.909788858073669e-05,0.9999959468841553,10.016087905382546,0.04564315352697095,8.678295582747549e-05,0.0008331250520703157,0.3103448275862069,0.38461538461538464,0.07692307692307693,1.0,True,0.007279000294526023,0.3559670781893004,0.0015473524453606616,0.9999933242797852,195.93971964904608,0.11203319502074689,0.0017356591165495097,0.010497375656085979,0.7586206896551724,0.9230769230769231,0.5384615384615384,1.0,True,0.00913030672781588,0.3563218390804598,0.001937898270228049,0.9999929666519165,245.39415368187244,0.11618257261410789,0.0021695738956868872,0.013663250853953179,0.7931034482758621,0.9230769230769231,0.6153846153846154,1.0,True,0.06959229183321412,0.38022988505747124,0.013327994225854133,0.9999856948852539,1687.7108120569594,0.14937759336099585,0.014405970667360931,0.12096975756060985,0.9655172413793104,1.0,0.9230769230769231,1.0,XGBoost,fleet,40000,20000,8.83,B_fleet_size,ROAD_ORNL,FS-B,0,5,CIDv2_Prototype|CTT_Forester|CTT_Impala|CTT_Silverado|CTT_Traverse
226048,23767,0.10514138590033975,0.7353313237383534,0.2860073310524782,202303,0.02842950277399512,True,0.0,0.0,0.0003856022068310914,640625.0,48.82842853873992,0.0,0.0,0.0,0.0,0.0,0.0,0.0,True,0.0,0.0,0.0010332161695858731,437500.0,130.83514826405954,0.0,0.0,0.0,0.0,0.0,0.0,0.0,True,0.0,0.0,0.0013051151615821556,390409.8943890368,165.26545043881202,0.0,0.0,0.0,0.0,0.0,0.0,0.0,True,0.0,0.0,0.0013051151615821556,384875.4374381965,165.26545043881202,0.0,0.0,0.0,0.0,0.0,0.0,0.0,True,0.0,0.0,0.002288895150805068,264036.0310346434,289.8405437620075,0.0,0.0,0.0,0.0,0.0,0.0,0.0,Rule:Combined,fleet,40000,20000,0.51,B_fleet_size,ROAD_ORNL,FS-B,0,5,CIDv2_Prototype|CTT_Forester|CTT_Impala|CTT_Silverado|CTT_Traverse
226048,23767,0.10514138590033975,0.7341680692188611,0.26257356208460636,202303,0.02842950277399512,True,0.00016830058484453234,0.8,4.943618036296043e-06,0.9999505474818665,0.6260054940864092,0.0,0.0,0.0003332500208281263,0.10344827586206896,0.23076923076923078,0.0,0.0,True,0.0009256532166449278,0.5789473684210527,7.909788858073669e-05,0.9999458929065027,10.016087905382546,0.0,8.678295582747549e-05,0.0017495626093476631,0.3103448275862069,0.6153846153846154,0.07692307692307693,0.0,True,0.00668994824757016,0.3479212253829322,0.001473198174816221,0.9999424964022594,186.54963723774995,0.012448132780082987,0.001041395469929706,0.011997000749812546,0.5862068965517241,0.7692307692307693,0.46153846153846156,0.3333333333333333,True,0.008288803803593217,0.3738140417457306,0.0016313939519776945,0.9999411955443787,206.58181304851504,0.016597510373443983,0.001041395469929706,0.015079563442472715,0.6206896551724138,0.7692307692307693,0.46153846153846156,0.6666666666666666,True,0.05166827954727143,0.30776942355889725,0.013654273016249673,0.9999262869226719,1729.0271746666624,0.06639004149377593,0.013624924064913651,0.08789469299341832,1.0,1.0,1.0,1.0,HistGB,fleet,40000,20000,15.94,B_fleet_size,ROAD_ORNL,FS-B,1,5,CIDv2_Prototype|CTT_Forester|CTT_Impala|CTT_Silverado|CTT_Traverse
226048,23767,0.10514138590033975,0.7312297395550904,0.2621323496124343,202303,0.02842950277399512,True,0.0007573526318003955,0.8571428571428571,1.4830854108888132e-05,0.9999969005584718,1.8780164822592278,0.07468879668049792,0.0,0.0,0.10344827586206896,0.0,0.0,1.0,True,0.0012201792401228594,0.5370370370370371,0.0001235904509074011,0.9999960660934448,15.650137352160232,0.0954356846473029,0.0,0.0004998750312421895,0.2413793103448276,0.3076923076923077,0.0,1.0,True,0.005469769007447301,0.35714285714285715,0.0011568066204932742,0.999994158744812,146.48528561621976,0.14107883817427386,0.0006074806907923284,0.00741481296342581,0.6896551724137931,0.9230769230769231,0.38461538461538464,1.0,True,0.007657676610426221,0.36619718309859156,0.0015572396814332538,0.9999938011169434,197.1917306372189,0.15352697095435686,0.0013017443374121322,0.010830625676914105,0.7586206896551724,0.9230769230769231,0.5384615384615384,1.0,True,0.062271216392476965,0.34872761545711595,0.013664160252322265,0.9999876022338867,1730.2791856548351,0.1991701244813278,0.014579536579015881,0.10530700658168791,1.0,1.0,1.0,1.0,XGBoost,fleet,40000,20000,9.12,B_fleet_size,ROAD_ORNL,FS-B,1,5,CIDv2_Prototype|CTT_Forester|CTT_Impala|CTT_Silverado|CTT_Traverse
226048,23767,0.10514138590033975,0.7353015724846498,0.2859747563856198,202303,0.02842950277399512,True,0.0,0.0,0.0003856022068310914,640625.0,48.82842853873992,0.0,0.0,0.0,0.0,0.0,0.0,0.0,True,0.0,0.0,0.0010332161695858731,437500.0,130.83514826405954,0.0,0.0,0.0,0.0,0.0,0.0,0.0,True,0.0,0.0,0.0012111864188925306,395546.5880970069,153.37134605117026,0.0,0.0,0.0,0.0,0.0,0.0,0.0,True,0.0,0.0,0.0013051151615821556,390589.86170524353,165.26545043881202,0.0,0.0,0.0,0.0,0.0,0.0,0.0,True,0.0,0.0,0.002120812137571003,267554.88852897193,268.55635696306956,0.0,0.0,0.0,0.0,0.0,0.0,0.0,Rule:Combined,fleet,40000,20000,0.53,B_fleet_size,ROAD_ORNL,FS-B,1,5,CIDv2_Prototype|CTT_Forester|CTT_Impala|CTT_Silverado|CTT_Traverse
226048,23767,0.10514138590033975,0.7375565785690864,0.25931830783980847,202303,0.02842950277399512,True,0.0,0.0,4.943618036296043e-06,0.9999920175686756,0.6260054940864092,0.0,0.0,0.0,0.0,0.0,0.0,0.0,True,0.0007573526318003955,0.3,0.00020763195752443382,0.9999902037136605,26.292230751629187,0.004149377593360996,8.678295582747549e-05,0.001333000083312505,0.3793103448275862,0.6923076923076923,0.07692307692307693,0.3333333333333333,True,0.006774098539992427,0.3609865470852018,0.0014089311403443724,0.9999882596610833,178.4115658146266,0.029045643153526972,0.0013017443374121322,0.01158043822377739,0.7586206896551724,0.9230769230769231,0.5384615384615384,1.0,True,0.008919930996760214,0.36869565217391304,0.0017945333471754638,0.9999877565313462,227.23999435336654,0.03319502074688797,0.001996007984031936,0.015079563442472715,0.7586206896551724,0.9230769230769231,0.5384615384615384,1.0,True,0.05511844153658434,0.325951729285892,0.013392261260325982,0.9999776394321515,1695.8488834800826,0.1078838174273859,0.01171569903670919,0.09572606848287928,0.9655172413793104,1.0,0.9230769230769231,1.0,HistGB,fleet,40000,20000,22.16,B_fleet_size,ROAD_ORNL,FS-B,0,6,CIDv2_OpelAstra|CIDv2_Prototype|CIDv2_RenaultClio|CTT_Forester|CTT_Impala|CTT_Silverado
226048,23767,0.10514138590033975,0.7371778290359713,0.2591251130608152,202303,0.02842950277399512,True,0.0004628266083224639,0.6470588235294118,2.9661708217776263e-05,0.9999965429306031,3.7560329645184556,0.03734439834024896,8.678295582747549e-05,8.331250520703157e-05,0.1724137931034483,0.07692307692307693,0.07692307692307693,1.0,True,0.0012622543863339926,0.4166666666666667,0.00020763195752443382,0.9999958276748657,26.292230751629187,0.06224066390041494,0.0002603488674824265,0.000999750062484379,0.3448275862068966,0.38461538461538464,0.15384615384615385,1.0,True,0.004922792106702571,0.30952380952380953,0.0012902843074732674,0.9999942779541016,163.3874339565528,0.0912863070539419,0.0009546125141022303,0.0069982504373906525,0.5862068965517241,0.7692307692307693,0.3076923076923077,1.0,True,0.005553919299869567,0.29464285714285715,0.0015621832994695498,0.9999940395355225,197.81773613130534,0.0995850622406639,0.0011281784257571813,0.007914687994667999,0.5862068965517241,0.7692307692307693,0.3076923076923077,1.0,True,0.05802162662515252,0.33609553984889107,0.013466415530870423,0.9999837875366211,1705.2389658913787,0.2157676348547718,0.01188926494836414,0.09914188119636758,0.896551724137931,1.0,0.7692307692307693,1.0,XGBoost,fleet,40000,20000,9.27,B_fleet_size,ROAD_ORNL,FS-B,0,6,CIDv2_OpelAstra|CIDv2_Prototype|CIDv2_RenaultClio|CTT_Forester|CTT_Impala|CTT_Silverado
226048,23767,0.10514138590033975,0.7350127127872009,0.28543921860105226,202303,0.02842950277399512,True,0.0,0.0,0.0003856022068310914,640625.0,48.82842853873992,0.0,0.0,0.0,0.0,0.0,0.0,0.0,True,0.0,0.0,0.0009442310449325444,459698.20569643023,119.56704937050418,0.0,0.0,0.0,0.0,0.0,0.0,0.0,True,0.0,0.0,0.000998610843331801,439244.82441033097,126.45310980545469,0.0,0.0,0.0,0.0,0.0,0.0,0.0,True,0.0,0.0,0.0010332161695858731,433175.0202254241,130.83514826405954,0.0,0.0,0.0,0.0,0.0,0.0,0.0,True,0.0,0.0,0.0019823908325547136,296803.87268210767,251.02820312865012,0.0,0.0,0.0,0.0,0.0,0.0,0.0,Rule:Combined,fleet,40000,20000,0.52,B_fleet_size,ROAD_ORNL,FS-B,0,6,CIDv2_OpelAstra|CIDv2_Prototype|CIDv2_RenaultClio|CTT_Forester|CTT_Impala|CTT_Silverado
226048,23767,0.10514138590033975,0.731210707239261,0.2831617464292634,202303,0.02842950277399512,True,4.2075146211133085e-05,1.0,0.0,0.9998964714468713,0.0,0.0,0.0,8.331250520703157e-05,0.034482758620689655,0.07692307692307693,0.0,0.0,True,4.2075146211133085e-05,1.0,0.0,0.9998964714468713,0.0,0.0,0.0,8.331250520703157e-05,0.034482758620689655,0.07692307692307693,0.0,0.0,True,0.0023141330416123194,0.3793103448275862,0.0004449256232666439,0.9998935905545995,56.34049446777682,0.0,0.000520697734964853,0.004082312755144547,0.3793103448275862,0.6153846153846154,0.23076923076923078,0.0,True,0.003113560819623848,0.3557692307692308,0.0006624448168636698,0.9998923743425276,83.88473620757884,0.0,0.0007810466024472793,0.005415312838457052,0.5172413793103449,0.8461538461538461,0.3076923076923077,0.0,True,0.09870829301131821,0.5305291723202171,0.010262951043350586,0.9998293647027761,1299.5874057233855,0.07053941908713693,0.012930660418293848,0.18162126135132883,0.9310344827586207,1.0,0.8461538461538461,1.0,HistGB,fleet,40000,20000,21.51,B_fleet_size,ROAD_ORNL,FS-B,1,6,CIDv2_OpelAstra|CIDv2_Prototype|CIDv2_RenaultClio|CTT_Forester|CTT_Impala|CTT_Silverado
226048,23767,0.10514138590033975,0.7365519556979888,0.2756465406417764,202303,0.02842950277399512,True,0.0014305549711785249,0.9714285714285714,4.943618036296043e-06,0.9999953508377075,0.6260054940864092,0.13692946058091288,0.0,8.331250520703157e-05,0.13793103448275862,0.07692307692307693,0.0,1.0,True,0.002482433626456852,0.7195121951219512,0.000113703214834809,0.9999935626983643,14.398126363987412,0.17842323651452283,0.0004339147791373774,0.0009164375572773473,0.4482758620689655,0.46153846153846156,0.3076923076923077,1.0,True,0.007321075440737157,0.3945578231292517,0.0013199460156910437,0.9999899864196777,167.14346692107128,0.22406639004149378,0.002082790939859412,0.007998000499875032,0.7586206896551724,0.8461538461538461,0.6153846153846154,1.0,True,0.008415029242226616,0.37735849056603776,0.0016313939519776945,0.99998939037323,206.58181304851504,0.22821576763485477,0.0022563568515143627,0.009914188119636758,0.7931034482758621,0.9230769230769231,0.6153846153846154,1.0,True,0.06416459797197795,0.37580088713652043,0.012522184485937879,0.9999651908874512,1585.6719165208747,0.5186721991701245,0.01249674563915647,0.10464050654003165,0.9310344827586207,1.0,0.8461538461538461,1.0,XGBoost,fleet,40000,20000,15.97,B_fleet_size,ROAD_ORNL,FS-B,1,6,CIDv2_OpelAstra|CIDv2_Prototype|CIDv2_RenaultClio|CTT_Forester|CTT_Impala|CTT_Silverado
226048,23767,0.10514138590033975,0.7349510812604636,0.2852787872161902,202303,0.02842950277399512,True,0.0,0.0,0.0003856022068310914,640625.0,48.82842853873992,0.0,0.0,0.0,0.0,0.0,0.0,0.0,True,0.0,0.0,0.0008601895383155116,468937.3519451795,108.9249559710352,0.0,0.0,0.0,0.0,0.0,0.0,0.0,True,0.0,0.0,0.000998610843331801,448072.89274178137,126.45310980545469,0.0,0.0,0.0,0.0,0.0,0.0,0.0,True,0.0,0.0,0.000998610843331801,441733.60352016933,126.45310980545469,0.0,0.0,0.0,0.0,0.0,0.0,0.0,True,0.0,0.0,0.0018340822914658323,302472.1913032242,232.24803830605785,0.0,0.0,0.0,0.0,0.0,0.0,0.0,Rule:Combined,fleet,40000,20000,0.53,B_fleet_size,ROAD_ORNL,FS-B,1,6,CIDv2_OpelAstra|CIDv2_Prototype|CIDv2_RenaultClio|CTT_Forester|CTT_Impala|CTT_Silverado
226048,23767,0.10514138590033975,0.7272699358285869,0.2980069436056112,202303,0.02842950277399512,True,0.003576387427946312,0.9770114942528736,9.887236072592087e-06,0.9998956460562602,1.2520109881728183,0.07053941908713693,0.0,0.005665250354078147,0.4827586206896552,0.8461538461538461,0.0,1.0,True,0.006479572516514495,0.9221556886227545,6.426703447184857e-05,0.999888983193094,8.13807142312332,0.07883817427385892,8.678295582747549e-05,0.01116387569774223,0.5517241379310345,0.9230769230769231,0.07692307692307693,1.0,True,0.01935456725712122,0.7516339869281046,0.0007514299415169987,0.99987600806231,95.15283510113422,0.11618257261410789,0.00034713182330990195,0.035657752228609514,0.5862068965517241,0.9230769230769231,0.15384615384615385,1.0,True,0.01935456725712122,0.7516339869281046,0.0007514299415169987,0.99987600806231,95.15283510113422,0.11618257261410789,0.00034713182330990195,0.035657752228609514,0.5862068965517241,0.9230769230769231,0.15384615384615385,1.0,True,0.1016114780998864,0.4919535546954573,0.012329383382522333,0.9998144225007208,1561.2577022515047,0.42738589211618255,0.014058838844051028,0.17912188619511787,0.9310344827586207,1.0,0.8461538461538461,1.0,HistGB,fleet,40000,20000,18.92,B_fleet_size,ROAD_ORNL,FS-B,0,6,CIDv2_OpelAstra|CIDv2_Prototype|CIDv2_RenaultClio|CTT_Forester|CTT_Impala|CTT_Traverse
226048,23767,0.10514138590033975,0.7278770271828938,0.3039467107909257,202303,0.02842950277399512,True,0.00016830058484453234,1.0,0.0,0.9999923706054688,0.0,0.0,0.0,0.0003332500208281263,0.06896551724137931,0.15384615384615385,0.0,0.0,True,0.003029410527201582,0.935064935064935,2.4718090181480216e-05,0.9999858140945435,3.130027470432046,0.016597510373443983,0.0,0.005665250354078147,0.4482758620689655,0.7692307692307693,0.0,1.0,True,0.024361509656246054,0.8086592178770949,0.000677275670972558,0.9999679327011108,85.76275268983807,0.13278008298755187,0.0002603488674824265,0.04532200283262518,0.5862068965517241,0.9230769230769231,0.15384615384615385,1.0,True,0.029116001178104093,0.7944890929965557,0.0008849076284969919,0.9999644756317139,112.05498344146726,0.14522821576763487,0.0004339147791373774,0.054319753394984585,0.6551724137931034,0.9230769230769231,0.3076923076923077,1.0,True,0.09285984768797072,0.47677684165046447,0.011973442883909018,0.9999327659606934,1516.185306677283,0.34854771784232363,0.012149613815846567,0.16520869782554362,0.9310344827586207,1.0,0.8461538461538461,1.0,XGBoost,fleet,40000,20000,9.62,B_fleet_size,ROAD_ORNL,FS-B,0,6,CIDv2_OpelAstra|CIDv2_Prototype|CIDv2_RenaultClio|CTT_Forester|CTT_Impala|CTT_Traverse
226048,23767,0.10514138590033975,0.7351157351287931,0.28566561216645275,202303,0.02842950277399512,True,0.0,0.0,0.0003856022068310914,640625.0,48.82842853873992,0.0,0.0,0.0,0.0,0.0,0.0,0.0,True,0.0,0.0,0.000998610843331801,446298.5827721936,126.45310980545469,0.0,0.0,0.0,0.0,0.0,0.0,0.0,True,0.0,0.0,0.0010332161695858731,426251.7689032513,130.83514826405954,0.0,0.0,0.0,0.0,0.0,0.0,0.0,True,0.0,0.0,0.0010974832040577217,420505.4850785857,138.97321968718285,0.0,0.0,0.0,0.0,0.0,0.0,0.0,True,0.0,0.0,0.0019823908325547136,287928.3591147784,251.02820312865012,0.0,0.0,0.0,0.0,0.0,0.0,0.0,Rule:Combined,fleet,40000,20000,0.55,B_fleet_size,ROAD_ORNL,FS-B,0,6,CIDv2_OpelAstra|CIDv2_Prototype|CIDv2_RenaultClio|CTT_Forester|CTT_Impala|CTT_Traverse
226048,23767,0.10514138590033975,0.7296676788736556,0.31959444901187295,202303,0.02842950277399512,True,0.0013884798249673917,0.9705882352941176,4.943618036296043e-06,0.9998720679898461,0.6260054940864092,0.0,0.0,0.002749312671832042,0.27586206896551724,0.6153846153846154,0.0,0.0,True,0.008120503218748685,0.946078431372549,5.437979839925648e-05,0.9998572660986201,6.886060434950501,0.004149377593360996,0.0,0.015996000999750064,0.4482758620689655,0.9230769230769231,0.0,0.3333333333333333,True,0.018092312870787226,0.8159392789373814,0.0004795309495207162,0.9998419928245763,60.722532926381696,0.016597510373443983,0.00034713182330990195,0.03515787719736733,0.5517241379310345,0.9230769230769231,0.15384615384615385,0.6666666666666666,True,0.01952286784196575,0.760655737704918,0.0007217682332992224,0.999839699562833,91.39680213661576,0.02074688796680498,0.00034713182330990195,0.037907189869199366,0.5517241379310345,0.9230769230769231,0.15384615384615385,0.6666666666666666,True,0.11692683132073883,0.5364864864864864,0.0118696269051468,0.9994314479171749,1503.0391913014687,0.5767634854771784,0.007550117156990367,0.21269682579355162,0.896551724137931,0.9230769230769231,0.8461538461538461,1.0,HistGB,fleet,40000,20000,18.75,B_fleet_size,ROAD_ORNL,FS-B,1,6,CIDv2_OpelAstra|CIDv2_Prototype|CIDv2_RenaultClio|CTT_Forester|CTT_Impala|CTT_Traverse
226048,23767,0.10514138590033975,0.7230394687545917,0.29159292351066535,202303,0.02842950277399512,True,0.0004628266083224639,1.0,0.0,0.9999918937683105,0.0,0.004149377593360996,0.0,0.0008331250520703157,0.20689655172413793,0.38461538461538464,0.0,0.3333333333333333,True,0.002356208187823453,0.8888888888888888,3.4605326254072306e-05,0.9999886751174927,4.382038458604865,0.004149377593360996,0.0,0.004582187786386737,0.41379310344827586,0.8461538461538461,0.0,0.3333333333333333,True,0.015778179829174906,0.741106719367589,0.0006476139627547817,0.9999771118164062,82.0067197253196,0.06224066390041494,0.00034713182330990195,0.02965925185370324,0.6206896551724138,0.9230769230769231,0.23076923076923078,1.0,True,0.01855513947910969,0.7194127243066885,0.0008503023022429195,0.9999746084213257,107.67294498286239,0.08298755186721991,0.00034713182330990195,0.034741314671332166,0.6206896551724138,0.9230769230769231,0.23076923076923078,1.0,True,0.08945176084486893,0.47980139923267884,0.01139503957366238,0.9999116659164429,1442.9426638691734,0.2863070539419087,0.008331163759437647,0.1633758227109889,0.9310344827586207,1.0,0.8461538461538461,1.0,XGBoost,fleet,40000,20000,15.38,B_fleet_size,ROAD_ORNL,FS-B,1,6,CIDv2_OpelAstra|CIDv2_Prototype|CIDv2_RenaultClio|CTT_Forester|CTT_Impala|CTT_Traverse
226048,23767,0.10514138590033975,0.7350299589773909,0.28545612104053936,202303,0.02842950277399512,True,0.0,0.0,0.0003856022068310914,640625.0,48.82842853873992,0.0,0.0,0.0,0.0,0.0,0.0,0.0,True,0.0,0.0,0.0009442310449325444,458586.0204138916,119.56704937050418,0.0,0.0,0.0,0.0,0.0,0.0,0.0,True,0.0,0.0,0.000998610843331801,438182.1252257067,126.45310980545469,0.0,0.0,0.0,0.0,0.0,0.0,0.0,True,0.0,0.0,0.0010332161695858731,432127.0066773708,130.83514826405954,0.0,0.0,0.0,0.0,0.0,0.0,0.0,True,0.0,0.0,0.0019823908325547136,296085.80340417934,251.02820312865012,0.0,0.0,0.0,0.0,0.0,0.0,0.0,Rule:Combined,fleet,40000,20000,0.49,B_fleet_size,ROAD_ORNL,FS-B,1,6,CIDv2_OpelAstra|CIDv2_Prototype|CIDv2_RenaultClio|CTT_Forester|CTT_Impala|CTT_Traverse
226048,23767,0.10514138590033975,0.7464422092766545,0.31476984989722717,202303,0.02842950277399512,True,0.001051878655278327,1.0,0.0,0.9999493957243509,0.0,0.0,0.0,0.0020828126301757894,0.3103448275862069,0.6923076923076923,0.0,0.0,True,0.003576387427946312,0.8095238095238095,9.887236072592087e-05,0.9999391067208263,12.520109881728184,0.0,0.0,0.0070815629425976835,0.3793103448275862,0.8461538461538461,0.0,0.0,True,0.011360289477005932,0.5601659751037344,0.0010480470236947613,0.9999315849788644,132.71316474631877,0.029045643153526972,0.0002603488674824265,0.02166125135382821,0.5862068965517241,0.9230769230769231,0.15384615384615385,1.0,True,0.014137249126940716,0.5694915254237288,0.0012556789812191952,0.999929820512569,159.00539549794794,0.029045643153526972,0.0004339147791373774,0.02699325168707823,0.6206896551724138,0.9230769230769231,0.23076923076923078,1.0,True,0.09769848950225102,0.4847599164926931,0.012200849313578635,0.9999065032266424,1544.981559405258,0.04979253112033195,0.012757094506638896,0.1802049487628093,0.9310344827586207,1.0,0.8461538461538461,1.0,HistGB,fleet,40000,20000,26.44,B_fleet_size,ROAD_ORNL,FS-B,0,6,CIDv2_OpelAstra|CIDv2_Prototype|CIDv2_RenaultClio|CTT_Forester|CTT_Silverado|CTT_Traverse
226048,23767,0.10514138590033975,0.7498132527850451,0.31793503201314927,202303,0.02842950277399512,True,0.0010939538014894602,1.0,0.0,0.9999929666519165,0.0,0.024896265560165973,0.0,0.0016662501041406314,0.3448275862068966,0.5384615384615384,0.0,1.0,True,0.007783902049059621,0.8767772511848341,0.00012853406894369713,0.9999854564666748,16.27614284624664,0.07883817427385892,0.0002603488674824265,0.013579938348746146,0.5862068965517241,0.9230769230769231,0.15384615384615385,1.0,True,0.023351706147178863,0.69375,0.0012111864188925306,0.9999773502349854,153.37134605117026,0.14522821576763487,0.0024299227631693135,0.040989752561859535,0.7586206896551724,0.9230769230769231,0.5384615384615384,1.0,True,0.026086590650902512,0.6681034482758621,0.0015226343551791813,0.9999762773513794,192.80969217861403,0.15352697095435686,0.003037403453961642,0.0456552528534533,0.7586206896551724,0.9230769230769231,0.5384615384615384,1.0,True,0.09307022341902638,0.4673568561166279,0.012462861069502326,0.9999507665634155,1578.1598505918375,0.24896265560165975,0.013711707020741126,0.16612513538282095,0.9655172413793104,1.0,0.9230769230769231,1.0,XGBoost,fleet,40000,20000,9.06,B_fleet_size,ROAD_ORNL,FS-B,0,6,CIDv2_OpelAstra|CIDv2_Prototype|CIDv2_RenaultClio|CTT_Forester|CTT_Silverado|CTT_Traverse
226048,23767,0.10514138590033975,0.7350050879006707,0.28540546884033546,202303,0.02842950277399512,True,0.0,0.0,0.0003856022068310914,640625.0,48.82842853873992,0.0,0.0,0.0,0.0,0.0,0.0,0.0,True,0.0,0.0,0.0009442310449325444,461548.66502090485,119.56704937050418,0.0,0.0,0.0,0.0,0.0,0.0,0.0,True,0.0,0.0,0.000998610843331801,441012.9511312651,126.45310980545469,0.0,0.0,0.0,0.0,0.0,0.0,0.0,True,0.0,0.0,0.0010332161695858731,434918.71368642256,130.83514826405954,0.0,0.0,0.0,0.0,0.0,0.0,0.0,True,0.0,0.0,0.0018340822914658323,297706.3685007359,232.24803830605785,0.0,0.0,0.0,0.0,0.0,0.0,0.0,Rule:Combined,fleet,40000,20000,0.52,B_fleet_size,ROAD_ORNL,FS-B,0,6,CIDv2_OpelAstra|CIDv2_Prototype|CIDv2_RenaultClio|CTT_Forester|CTT_Silverado|CTT_Traverse
226048,23767,0.10514138590033975,0.7330879725033216,0.26751385004949635,202303,0.02842950277399512,True,0.0012201792401228594,0.90625,1.4830854108888132e-05,0.9999903945520039,1.8780164822592278,0.0,0.0,0.0024160626510039158,0.3103448275862069,0.6923076923076923,0.0,0.0,True,0.0033660116968906467,0.851063829787234,6.921065250814461e-05,0.9999896958793946,8.76407691720973,0.0,8.678295582747549e-05,0.006581687911355495,0.3448275862068966,0.6923076923076923,0.07692307692307693,0.0,True,0.011065763453528001,0.5595744680851064,0.001023328933513281,0.9999882154955312,129.5831372758867,0.0,0.0007810466024472793,0.02116137632258602,0.4827586206896552,0.7692307692307693,0.3076923076923077,0.0,True,0.013127445617873523,0.5445026178010471,0.0012902843074732674,0.9999879435452393,163.3874339565528,0.0,0.001041395469929706,0.02499375156210947,0.5517241379310345,0.8461538461538461,0.38461538461538464,0.0,True,0.0694239912483696,0.36480212248507626,0.014203014618278534,0.9999767880001689,1798.5137845102538,0.11203319502074689,0.009632908096849779,0.12596850787303174,0.8620689655172413,1.0,0.6923076923076923,1.0,HistGB,fleet,40000,20000,23.91,B_fleet_size,ROAD_ORNL,FS-B,1,6,CIDv2_OpelAstra|CIDv2_Prototype|CIDv2_RenaultClio|CTT_Forester|CTT_Silverado|CTT_Traverse
226048,23767,0.10514138590033975,0.7421243479924063,0.26241052978743235,202303,0.02842950277399512,True,0.00012622543863339926,0.75,4.943618036296043e-06,0.9999936819076538,0.6260054940864092,0.012448132780082987,0.0,0.0,0.10344827586206896,0.0,0.0,1.0,True,0.0002945260234779316,0.30434782608695654,7.909788858073669e-05,0.9999922513961792,10.016087905382546,0.016597510373443983,0.0,0.00024993751562109475,0.20689655172413793,0.23076923076923078,0.0,1.0,True,0.0026507342113013845,0.22661870503597123,0.0010628778778036495,0.9999887943267822,134.591181228578,0.06224066390041494,0.0006074806907923284,0.0034158127134882948,0.5862068965517241,0.7692307692307693,0.3076923076923077,1.0,True,0.0028611099423570497,0.2054380664652568,0.0013001715435458595,0.999988317489624,164.63944494472562,0.06224066390041494,0.0006942636466198039,0.003749062734316421,0.6206896551724138,0.8461538461538461,0.3076923076923077,1.0,True,0.04119156814069929,0.2747684535503789,0.012774309005788976,0.9999648332595825,1617.5981967192815,0.26141078838174275,0.008765078538575024,0.06789969174373073,0.896551724137931,1.0,0.7692307692307693,1.0,XGBoost,fleet,40000,20000,8.56,B_fleet_size,ROAD_ORNL,FS-B,1,6,CIDv2_OpelAstra|CIDv2_Prototype|CIDv2_RenaultClio|CTT_Forester|CTT_Silverado|CTT_Traverse
226048,23767,0.10514138590033975,0.7349780160434297,0.2853336308677975,202303,0.02842950277399512,True,0.0,0.0,0.0003856022068310914,640625.0,48.82842853873992,0.0,0.0,0.0,0.0,0.0,0.0,0.0,True,0.0,0.0,0.0009442310449325444,465641.5393819938,119.56704937050418,0.0,0.0,0.0,0.0,0.0,0.0,0.0,True,0.0,0.0,0.000998610843331801,444923.72097502917,126.45310980545469,0.0,0.0,0.0,0.0,0.0,0.0,0.0,True,0.0,0.0,0.000998610843331801,438628.9859118171,126.45310980545469,0.0,0.0,0.0,0.0,0.0,0.0,0.0,True,0.0,0.0,0.0018340822914658323,300346.3387901405,232.24803830605785,0.0,0.0,0.0,0.0,0.0,0.0,0.0,Rule:Combined,fleet,40000,20000,0.55,B_fleet_size,ROAD_ORNL,FS-B,1,6,CIDv2_OpelAstra|CIDv2_Prototype|CIDv2_RenaultClio|CTT_Forester|CTT_Silverado|CTT_Traverse
226048,23767,0.10514138590033975,0.7483649730077342,0.3346169371702194,202303,0.02842950277399512,True,8.415029242226617e-05,0.6666666666666666,4.943618036296043e-06,0.999888501927338,0.6260054940864092,0.004149377593360996,0.0,8.331250520703157e-05,0.06896551724137931,0.07692307692307693,0.0,0.3333333333333333,True,0.004754491521858038,0.8828125,7.415427054444066e-05,0.999813690584273,9.390082411296138,0.16182572614107885,8.678295582747549e-05,0.006081812880113305,0.5172413793103449,0.8461538461538461,0.07692307692307693,1.0,True,0.021121723397988807,0.7382352941176471,0.0008799640104606958,0.9997060432601549,111.42897794738084,0.2821576763485477,0.00034713182330990195,0.035824377239023576,0.6206896551724138,0.9230769230769231,0.23076923076923078,1.0,True,0.024487735094879455,0.7293233082706767,0.0010678214958399453,0.9996873809425761,135.21718672266437,0.2946058091286307,0.0006074806907923284,0.041989502624343915,0.6206896551724138,0.9230769230769231,0.23076923076923078,1.0,True,0.12517355997812094,0.5576382380506092,0.011666938565658662,0.9993592112095468,1477.3729660439255,0.4066390041493776,0.016662327518875295,0.22369407648087977,0.9310344827586207,0.9230769230769231,0.9230769230769231,1.0,HistGB,fleet,40000,20000,18.62,B_fleet_size,ROAD_ORNL,FS-B,0,6,CIDv2_OpelAstra|CIDv2_Prototype|CTT_Forester|CTT_Impala|CTT_Silverado|CTT_Traverse
226048,23767,0.10514138590033975,0.7550113543083378,0.311545021353256,202303,0.02842950277399512,True,0.00012622543863339926,1.0,0.0,0.9999935626983643,0.0,0.008298755186721992,0.0,8.331250520703157e-05,0.06896551724137931,0.07692307692307693,0.0,0.3333333333333333,True,0.002103757310556654,0.8333333333333334,4.943618036296043e-05,0.9999892711639404,6.260054940864092,0.04564315352697095,8.678295582747549e-05,0.0031658751978672,0.4827586206896552,0.8461538461538461,0.07692307692307693,0.6666666666666666,True,0.017419110531409095,0.6369230769230769,0.0011666938565658663,0.9999798536300659,147.73729660439258,0.08713692946058091,0.0015620932048945586,0.03124218945263684,0.6896551724137931,0.9230769230769231,0.46153846153846156,0.6666666666666666,True,0.020406445912399547,0.6178343949044586,0.001483085410888813,0.9999784231185913,187.80164822592278,0.0995850622406639,0.0019092250282044605,0.03657418978588686,0.7241379310344828,0.9230769230769231,0.46153846153846156,1.0,True,0.11326629360037026,0.5000928850083597,0.013303276135672653,0.999943733215332,1684.580784586527,0.26556016597510373,0.019265816193699558,0.20044988752811796,0.9655172413793104,1.0,0.9230769230769231,1.0,XGBoost,fleet,40000,20000,10.64,B_fleet_size,ROAD_ORNL,FS-B,0,6,CIDv2_OpelAstra|CIDv2_Prototype|CTT_Forester|CTT_Impala|CTT_Silverado|CTT_Traverse
226048,23767,0.10514138590033975,0.7351131630621113,0.2856756968124586,202303,0.02842950277399512,True,0.0,0.0,0.0003856022068310914,640625.0,48.82842853873992,0.0,0.0,0.0,0.0,0.0,0.0,0.0,True,0.0,0.0,0.000998610843331801,445498.70651976473,126.45310980545469,0.0,0.0,0.0,0.0,0.0,0.0,0.0,True,0.0,0.0,0.0010332161695858731,425487.8199094286,130.83514826405954,0.0,0.0,0.0,0.0,0.0,0.0,0.0,True,0.0,0.0,0.0010974832040577217,419751.83439083514,138.97321968718285,0.0,0.0,0.0,0.0,0.0,0.0,0.0,True,0.0,0.0,0.0019823908325547136,287412.3089116187,251.02820312865012,0.0,0.0,0.0,0.0,0.0,0.0,0.0,Rule:Combined,fleet,40000,20000,0.54,B_fleet_size,ROAD_ORNL,FS-B,0,6,CIDv2_OpelAstra|CIDv2_Prototype|CTT_Forester|CTT_Impala|CTT_Silverado|CTT_Traverse
226048,23767,0.10514138590033975,0.7419075677310714,0.2809790703961079,202303,0.02842950277399512,True,0.0,0.0,0.0,0.9998761721509607,0.0,0.0,0.0,0.0,0.0,0.0,0.0,0.0,True,0.00037867631590019776,0.47368421052631576,4.943618036296043e-05,0.9998727315267774,6.260054940864092,0.0,0.0,0.0007498125468632841,0.13793103448275862,0.3076923076923077,0.0,0.0,True,0.002356208187823453,0.3236994219653179,0.0005784033102466371,0.9998714053585749,73.24264280810988,0.0,8.678295582747549e-05,0.004582187786386737,0.41379310344827586,0.8461538461538461,0.07692307692307693,0.0,True,0.002356208187823453,0.3236994219653179,0.0005784033102466371,0.9998714053585749,73.24264280810988,0.0,8.678295582747549e-05,0.004582187786386737,0.41379310344827586,0.8461538461538461,0.07692307692307693,0.0,True,0.06311271931669962,0.38839979285344384,0.011676825801731254,0.9998533462210218,1478.6249770320985,0.04979253112033195,0.01631519569556539,0.10830625676914105,0.9655172413793104,1.0,1.0,0.6666666666666666,HistGB,fleet,40000,20000,16.3,B_fleet_size,ROAD_ORNL,FS-B,1,6,CIDv2_OpelAstra|CIDv2_Prototype|CTT_Forester|CTT_Impala|CTT_Silverado|CTT_Traverse
226048,23767,0.10514138590033975,0.7474267877911285,0.2898959390544488,202303,0.02842950277399512,True,0.0008835780704337947,0.84,1.9774472145184173e-05,0.9999873638153076,2.5040219763456366,0.04979253112033195,0.0,0.0007498125468632841,0.3448275862068966,0.5384615384615384,0.0,1.0,True,0.002482433626456852,0.686046511627907,0.00013347768697999317,0.9999827146530151,16.902148340333046,0.08298755186721991,8.678295582747549e-05,0.0031658751978672,0.4827586206896552,0.7692307692307693,0.07692307692307693,1.0,True,0.012874994740606724,0.5483870967741935,0.001245791745146603,0.9999730587005615,157.75338450977512,0.1037344398340249,0.0012149613815846567,0.02224443889027743,0.7931034482758621,0.9230769230769231,0.6153846153846154,1.0,True,0.015189127782219043,0.552833078101072,0.0014435364665984448,0.999971866607666,182.79360427323152,0.1037344398340249,0.0014753102490670832,0.026576689161043072,0.7931034482758621,0.9230769230769231,0.6153846153846154,1.0,True,0.08044767955568645,0.4451688009313155,0.011780641780493472,0.9999427795410156,1491.7710924079133,0.1825726141078838,0.014753102490670833,0.14146463384153962,1.0,1.0,1.0,1.0,XGBoost,fleet,40000,20000,9.26,B_fleet_size,ROAD_ORNL,FS-B,1,6,CIDv2_OpelAstra|CIDv2_Prototype|CTT_Forester|CTT_Impala|CTT_Silverado|CTT_Traverse
226048,23767,0.10514138590033975,0.7351829910688641,0.2858277477064406,202303,0.02842950277399512,True,0.0,0.0,0.0003856022068310914,640625.0,48.82842853873992,0.0,0.0,0.0,0.0,0.0,0.0,0.0,True,0.0,0.0,0.0010332161695858731,437500.0,130.83514826405954,0.0,0.0,0.0,0.0,0.0,0.0,0.0,True,0.0,0.0,0.0010974832040577217,415098.99716447474,138.97321968718285,0.0,0.0,0.0,0.0,0.0,0.0,0.0,True,0.0,0.0,0.0010974832040577217,409235.5457378574,138.97321968718285,0.0,0.0,0.0,0.0,0.0,0.0,0.0,True,0.0,0.0,0.002120812137571003,280780.4927585203,268.55635696306956,0.0,0.0,0.0,0.0,0.0,0.0,0.0,Rule:Combined,fleet,40000,20000,0.5,B_fleet_size,ROAD_ORNL,FS-B,1,6,CIDv2_OpelAstra|CIDv2_Prototype|CTT_Forester|CTT_Impala|CTT_Silverado|CTT_Traverse
226048,23767,0.10514138590033975,0.7372848062511923,0.2574454698718849,202303,0.02842950277399512,True,0.00016830058484453234,0.25,5.9323416435552526e-05,0.9999696995021847,7.512065929036911,0.0,0.0,0.0003332500208281263,0.10344827586206896,0.23076923076923078,0.0,0.0,True,0.0005469769007447301,0.3023255813953488,0.00014830854108888132,0.9999658437941906,18.780164822592276,0.0,0.0,0.0010830625676914105,0.2413793103448276,0.5384615384615384,0.0,0.0,True,0.004670341229435772,0.2545871559633027,0.0016066758617962142,0.999963811895518,203.45178557808302,0.0,0.0016488761607220343,0.007664750479046905,0.5517241379310345,0.8461538461538461,0.38461538461538464,0.0,True,0.006774098539992427,0.2795138888888889,0.002051601485062858,0.9999614168551212,259.7922800458598,0.0,0.0018224420723769851,0.01166375072898442,0.5517241379310345,0.8461538461538461,0.38461538461538464,0.0,True,0.0570959734085076,0.3214877990997394,0.01415852205595187,0.9999339054198422,1792.8797350634761,0.12033195020746888,0.010153605831814632,0.10089144380571524,0.896551724137931,1.0,0.7692307692307693,1.0,HistGB,fleet,40000,20000,16.91,B_fleet_size,ROAD_ORNL,FS-B,0,6,CIDv2_Prototype|CIDv2_RenaultClio|CTT_Forester|CTT_Impala|CTT_Silverado|CTT_Traverse
226048,23767,0.10514138590033975,0.728964001428562,0.2533031127229433,202303,0.02842950277399512,True,0.000504901754533597,0.9230769230769231,4.943618036296043e-06,0.9999958276748657,0.6260054940864092,0.04979253112033195,0.0,0.0,0.10344827586206896,0.0,0.0,1.0,True,0.0012622543863339926,0.5660377358490566,0.000113703214834809,0.9999943971633911,14.398126363987412,0.07883817427385892,8.678295582747549e-05,0.0008331250520703157,0.2413793103448276,0.23076923076923078,0.07692307692307693,1.0,True,0.005764295030925233,0.3301204819277108,0.0013743258140903002,0.9999915361404419,174.0295273560218,0.1078838174273859,0.0013017443374121322,0.007998000499875032,0.6551724137931034,0.9230769230769231,0.3076923076923077,1.0,True,0.00668994824757016,0.32783505154639175,0.0016116194798325102,0.9999911785125732,204.07779107216942,0.1078838174273859,0.0013885272932396078,0.009747563109222694,0.6896551724137931,1.0,0.3076923076923077,1.0,True,0.0661421298439012,0.3452668570173512,0.014736925366198505,0.9999767541885376,1866.1223778715857,0.18672199170124482,0.01232317972750152,0.11538781971173873,0.9310344827586207,1.0,0.8461538461538461,1.0,XGBoost,fleet,40000,20000,9.37,B_fleet_size,ROAD_ORNL,FS-B,0,6,CIDv2_Prototype|CIDv2_RenaultClio|CTT_Forester|CTT_Impala|CTT_Silverado|CTT_Traverse
226048,23767,0.10514138590033975,0.7352664903104825,0.2859427411768142,202303,0.02842950277399512,True,0.0,0.0,0.0003856022068310914,640625.0,48.82842853873992,0.0,0.0,0.0,0.0,0.0,0.0,0.0,True,0.0,0.0,0.0010332161695858731,437500.0,130.83514826405954,0.0,0.0,0.0,0.0,0.0,0.0,0.0,True,0.0,0.0,0.0012111864188925306,401602.4861785996,153.37134605117026,0.0,0.0,0.0,0.0,0.0,0.0,0.0,True,0.0,0.0,0.0012111864188925306,395929.67921589577,153.37134605117026,0.0,0.0,0.0,0.0,0.0,0.0,0.0,True,0.0,0.0,0.002120812137571003,271651.2183033148,268.55635696306956,0.0,0.0,0.0,0.0,0.0,0.0,0.0,Rule:Combined,fleet,40000,20000,0.5,B_fleet_size,ROAD_ORNL,FS-B,0,6,CIDv2_Prototype|CIDv2_RenaultClio|CTT_Forester|CTT_Impala|CTT_Silverado|CTT_Traverse
226048,23767,0.10514138590033975,0.73358731182955,0.25112073489152464,202303,0.02842950277399512,True,4.2075146211133085e-05,1.0,0.0,0.9999107832221646,0.0,0.0,0.0,8.331250520703157e-05,0.034482758620689655,0.07692307692307693,0.0,0.0,True,0.00021037573105566542,0.5555555555555556,1.9774472145184173e-05,0.9999052517683444,2.5040219763456366,0.0,0.00017356591165495098,0.00024993751562109475,0.13793103448275862,0.23076923076923078,0.07692307692307693,0.0,True,0.004375815205957841,0.325,0.0010678214958399453,0.9999018647282361,135.21718672266437,0.0,0.0011281784257571813,0.007581437973839873,0.5172413793103449,0.7692307692307693,0.38461538461538464,0.0,True,0.0052593932763916355,0.30413625304136255,0.0014138747583806685,0.9999014267162915,179.03757130871304,0.0,0.0015620932048945586,0.008914438057152379,0.5172413793103449,0.7692307692307693,0.38461538461538464,0.0,True,0.062397441831110366,0.3428109107720758,0.014054706077189652,0.9998723149299398,1779.7336196876615,0.06639004149377593,0.009459342185194827,0.11313838207114887,0.8620689655172413,1.0,0.6923076923076923,1.0,HistGB,fleet,40000,20000,15.62,B_fleet_size,ROAD_ORNL,FS-B,1,6,CIDv2_Prototype|CIDv2_RenaultClio|CTT_Forester|CTT_Impala|CTT_Silverado|CTT_Traverse
226048,23767,0.10514138590033975,0.7416618795660276,0.2664637416308087,202303,0.02842950277399512,True,0.0003366011696890647,0.8,9.887236072592087e-06,0.9999982118606567,1.2520109881728183,0.029045643153526972,8.678295582747549e-05,0.0,0.10344827586206896,0.0,0.07692307692307693,0.6666666666666666,True,0.0011781040939117264,0.5384615384615384,0.00011864683287110505,0.9999977350234985,15.024131858073822,0.05394190871369295,0.00017356591165495098,0.0010830625676914105,0.3793103448275862,0.6153846153846154,0.07692307692307693,0.6666666666666666,True,0.007236925148314891,0.4398976982097187,0.0010826523499488335,0.999996542930603,137.09520320492362,0.07053941908713693,0.002082790939859412,0.010913938182121136,0.7586206896551724,0.9230769230769231,0.5384615384615384,1.0,True,0.009340682458871544,0.4277456647398844,0.001468254556779925,0.9999963045120239,185.92363174366352,0.07053941908713693,0.0027770545864792156,0.014413063400816462,0.7931034482758621,0.9230769230769231,0.6153846153846154,1.0,True,0.07156982370513737,0.35923970432946145,0.014998937122122196,0.9999885559082031,1899.3006690581656,0.1825726141078838,0.01501345135815326,0.12363575772723485,0.9655172413793104,1.0,0.9230769230769231,1.0,XGBoost,fleet,40000,20000,9.42,B_fleet_size,ROAD_ORNL,FS-B,1,6,CIDv2_Prototype|CIDv2_RenaultClio|CTT_Forester|CTT_Impala|CTT_Silverado|CTT_Traverse
226048,23767,0.10514138590033975,0.7352600238991763,0.2859345186330963,202303,0.02842950277399512,True,0.0,0.0,0.0003856022068310914,640625.0,48.82842853873992,0.0,0.0,0.0,0.0,0.0,0.0,0.0,True,0.0,0.0,0.0010332161695858731,437500.0,130.83514826405954,0.0,0.0,0.0,0.0,0.0,0.0,0.0,True,0.0,0.0,0.0012111864188925306,402886.6242507595,153.37134605117026,0.0,0.0,0.0,0.0,0.0,0.0,0.0,True,0.0,0.0,0.0012111864188925306,397195.6778310741,153.37134605117026,0.0,0.0,0.0,0.0,0.0,0.0,0.0,True,0.0,0.0,0.002120812137571003,272519.8221525032,268.55635696306956,0.0,0.0,0.0,0.0,0.0,0.0,0.0,Rule:Combined,fleet,40000,20000,0.49,B_fleet_size,ROAD_ORNL,FS-B,1,6,CIDv2_Prototype|CIDv2_RenaultClio|CTT_Forester|CTT_Impala|CTT_Silverado|CTT_Traverse
226048,23767,0.10514138590033975,0.7490272715981713,0.30172445138352,202303,0.02842950277399512,True,0.00012622543863339926,0.6,9.887236072592087e-06,0.999962476480735,1.2520109881728183,0.0,0.0,0.00024993751562109475,0.10344827586206896,0.23076923076923078,0.0,0.0,True,0.001514705263600791,0.43902439024390244,0.000227406429669618,0.9999569455108216,28.796252727974824,0.024896265560165973,0.00017356591165495098,0.0023327501457968843,0.3793103448275862,0.6153846153846154,0.07692307692307693,0.6666666666666666,True,0.00504901754533597,0.3133159268929504,0.0013001715435458595,0.9999520855613215,164.63944494472562,0.04149377593360996,0.0013017443374121322,0.007914687994667999,0.6206896551724138,0.7692307692307693,0.38461538461538464,1.0,True,0.006900323978625826,0.34024896265560167,0.001572070535542142,0.9999511511662231,199.06974711947814,0.058091286307053944,0.0018224420723769851,0.010747313171707074,0.6551724137931034,0.7692307692307693,0.46153846153846156,1.0,True,0.08688517692598982,0.4591950189014899,0.012022879064271979,0.9999051979091267,1522.4453616181474,0.17842323651452283,0.014926668402325783,0.15412813463300842,0.9655172413793104,1.0,0.9230769230769231,1.0,HistGB,fleet,40000,20000,16.73,B_fleet_size,ROAD_ORNL,FS-B,0,7,CIDv2_OpelAstra|CIDv2_Prototype|CIDv2_RenaultClio|CTT_Forester|CTT_Impala|CTT_Silverado|CTT_Traverse
226048,23767,0.10514138590033975,0.7466905850542975,0.2694684783982012,202303,0.02842950277399512,True,0.00042075146211133083,0.7692307692307693,1.4830854108888132e-05,0.9999927282333375,1.8780164822592278,0.024896265560165973,0.0,0.0003332500208281263,0.1724137931034483,0.15384615384615385,0.0,1.0,True,0.0010939538014894602,0.49056603773584906,0.00013347768697999317,0.9999911785125732,16.902148340333046,0.04564315352697095,0.00034713182330990195,0.0009164375572773473,0.3103448275862069,0.23076923076923078,0.23076923076923078,1.0,True,0.004964867252913704,0.37942122186495175,0.0009541182810051364,0.9999877214431763,120.81906035867698,0.06224066390041494,0.0021695738956868872,0.006498375406148463,0.6896551724137931,0.8461538461538461,0.46153846153846156,1.0,True,0.00614297134682543,0.36683417085427134,0.001245791745146603,0.9999867677688599,157.75338450977512,0.07883817427385892,0.00269027163065174,0.007998000499875032,0.7241379310344828,0.9230769230769231,0.46153846153846156,1.0,True,0.05301468422602768,0.3360896238997066,0.012304665292340852,0.9999513626098633,1558.1276747810723,0.2074688796680498,0.014839885446498308,0.0865616929101058,0.9655172413793104,1.0,0.9230769230769231,1.0,XGBoost,fleet,40000,20000,9.28,B_fleet_size,ROAD_ORNL,FS-B,0,7,CIDv2_OpelAstra|CIDv2_Prototype|CIDv2_RenaultClio|CTT_Forester|CTT_Impala|CTT_Silverado|CTT_Traverse
226048,23767,0.10514138590033975,0.7351797501670836,0.28582003553516205,202303,0.02842950277399512,True,0.0,0.0,0.0003856022068310914,640625.0,48.82842853873992,0.0,0.0,0.0,0.0,0.0,0.0,0.0,True,0.0,0.0,0.0010332161695858731,437500.0,130.83514826405954,0.0,0.0,0.0,0.0,0.0,0.0,0.0,True,0.0,0.0,0.0010974832040577217,415761.8657906607,138.97321968718285,0.0,0.0,0.0,0.0,0.0,0.0,0.0,True,0.0,0.0,0.0010974832040577217,409889.05106030527,138.97321968718285,0.0,0.0,0.0,0.0,0.0,0.0,0.0,True,0.0,0.0,0.002120812137571003,281228.86912359484,268.55635696306956,0.0,0.0,0.0,0.0,0.0,0.0,0.0,Rule:Combined,fleet,40000,20000,0.54,B_fleet_size,ROAD_ORNL,FS-B,0,7,CIDv2_OpelAstra|CIDv2_Prototype|CIDv2_RenaultClio|CTT_Forester|CTT_Impala|CTT_Silverado|CTT_Traverse
226048,23767,0.10514138590033975,0.7470830835115677,0.3193155438272717,202303,0.02842950277399512,True,0.003029410527201582,0.935064935064935,2.4718090181480216e-05,0.9999773668111885,3.130027470432046,0.08298755186721991,0.0,0.004332250270765642,0.4827586206896552,0.8461538461538461,0.0,1.0,True,0.004544115790802373,0.8372093023255814,0.00010381597876221691,0.9999752027870648,13.146115375814594,0.0912863070539419,0.00017356591165495098,0.0069982504373906525,0.5517241379310345,0.8461538461538461,0.15384615384615385,1.0,True,0.017292885092775698,0.6352395672333848,0.0011666938565658663,0.999961637107263,147.73729660439258,0.23651452282157676,0.0014753102490670832,0.02807631425476964,0.7241379310344828,0.9230769230769231,0.46153846153846156,1.0,True,0.022888879538856398,0.6289017341040463,0.00158690138965103,0.9999574925849471,200.94776360173736,0.26556016597510373,0.002082790939859412,0.0379905023744064,0.7586206896551724,0.9230769230769231,0.5384615384615384,1.0,True,0.10855387722472336,0.5025321386832878,0.012626000464700096,0.9999058871399837,1598.8180318966895,0.5809128630705395,0.012757094506638896,0.1910355744397234,0.896551724137931,1.0,0.7692307692307693,1.0,HistGB,fleet,40000,20000,22.26,B_fleet_size,ROAD_ORNL,FS-B,1,7,CIDv2_OpelAstra|CIDv2_Prototype|CIDv2_RenaultClio|CTT_Forester|CTT_Impala|CTT_Silverado|CTT_Traverse
226048,23767,0.10514138590033975,0.7446123309429508,0.2867093028081754,202303,0.02842950277399512,True,0.0006732023393781294,0.9411764705882353,4.943618036296043e-06,0.9999911785125732,0.6260054940864092,0.03319502074688797,0.0,0.0006665000416562525,0.27586206896551724,0.38461538461538464,0.0,1.0,True,0.0031556359658349814,0.6147540983606558,0.00023235004770591404,0.9999868869781494,29.422258222061235,0.06639004149377593,0.00017356591165495098,0.0047488127968008,0.4482758620689655,0.6923076923076923,0.07692307692307693,1.0,True,0.01215971725501746,0.4737704918032787,0.00158690138965103,0.9999810457229614,200.94776360173736,0.1037344398340249,0.0019092250282044605,0.02016162626010164,0.7241379310344828,0.9230769230769231,0.46153846153846156,1.0,True,0.013632347372407119,0.45188284518828453,0.0019428418882643452,0.9999802112579346,246.02015917595884,0.1078838174273859,0.0021695738956868872,0.02274431392151962,0.7586206896551724,0.9230769230769231,0.5384615384615384,1.0,True,0.08524424622375562,0.41456926539799466,0.014143691201842981,0.9999508857727051,1791.001718581217,0.22406639004149378,0.013711707020741126,0.15112888444555528,0.9310344827586207,1.0,0.8461538461538461,1.0,XGBoost,fleet,40000,20000,9.49,B_fleet_size,ROAD_ORNL,FS-B,1,7,CIDv2_OpelAstra|CIDv2_Prototype|CIDv2_RenaultClio|CTT_Forester|CTT_Impala|CTT_Silverado|CTT_Traverse
226048,23767,0.10514138590033975,0.7351384570098488,0.28573403180292545,202303,0.02842950277399512,True,0.0,0.0,0.0003856022068310914,640625.0,48.82842853873992,0.0,0.0,0.0,0.0,0.0,0.0,0.0,True,0.0,0.0,0.000998610843331801,441501.8052659349,126.45310980545469,0.0,0.0,0.0,0.0,0.0,0.0,0.0,True,0.0,0.0,0.0010974832040577217,421875.0,138.97321968718285,0.0,0.0,0.0,0.0,0.0,0.0,0.0,True,0.0,0.0,0.0010974832040577217,415985.9275349424,138.97321968718285,0.0,0.0,0.0,0.0,0.0,0.0,0.0,True,0.0,0.0,0.0019823908325547136,284833.718668722,251.02820312865012,0.0,0.0,0.0,0.0,0.0,0.0,0.0,Rule:Combined,fleet,40000,20000,0.48,B_fleet_size,ROAD_ORNL,FS-B,1,7,CIDv2_OpelAstra|CIDv2_Prototype|CIDv2_RenaultClio|CTT_Forester|CTT_Impala|CTT_Silverado|CTT_Traverse
226048,23767,0.10514138590033975,0.49995792485378887,0.10513346890878002,202303,0.02842950277399512,True,0.0,0.0,0.0,0.9934795769747364,0.0,0.0,0.0,0.0,0.0,0.0,0.0,0.0,True,0.0,0.0,0.0,0.9934795769747364,0.0,0.0,0.0,0.0,0.0,0.0,0.0,0.0,True,0.0,0.0,0.0,0.9934795769747364,0.0,0.0,0.0,0.0,0.0,0.0,0.0,0.0,True,0.0,0.0,0.0,0.9934795769747364,0.0,0.0,0.0,0.0,0.0,0.0,0.0,0.0,True,0.0,0.0,0.0,0.9934795769747364,0.0,0.0,0.0,0.0,0.0,0.0,0.0,0.0,HistGB,fleet,40000,952,11.18,B_fleet_size,ROAD_ORNL,FS-A,0,1,CIDv2_OpelAstra
226048,23767,0.10514138590033975,0.5860609543045232,0.19002065091253326,202303,0.02842950277399512,True,4.2075146211133085e-05,0.25,1.4830854108888132e-05,0.9999792575836182,1.8780164822592278,0.0,0.0,8.331250520703157e-05,0.034482758620689655,0.07692307692307693,0.0,0.0,True,0.0018513064332898556,0.7096774193548387,8.898512465332879e-05,0.9999735355377197,11.268098893555367,0.0,0.0004339147791373774,0.0032491877030742314,0.3448275862068966,0.5384615384615384,0.23076923076923078,0.0,True,0.011444439769428199,0.6445497630331753,0.0007415427054444065,0.999967098236084,93.90082411296139,0.0,0.0016488761607220343,0.02107806381737899,0.4482758620689655,0.6153846153846154,0.38461538461538464,0.0,True,0.014852526612529978,0.6477064220183486,0.0009491746629688404,0.999966025352478,120.19305486459058,0.0,0.0017356591165495097,0.027743064233941513,0.4482758620689655,0.6153846153846154,0.38461538461538464,0.0,True,0.06921361551731392,0.5027506112469438,0.008043266545053662,0.999946117401123,1018.5109388785877,0.0,0.010240388787642107,0.12721819545113722,0.7241379310344828,0.8461538461538461,0.7692307692307693,0.0,XGBoost,fleet,40000,952,10.5,B_fleet_size,ROAD_ORNL,FS-A,0,1,CIDv2_OpelAstra
226048,23767,0.10514138590033975,0.49995792485378887,0.10513346890878002,202303,0.02842950277399512,True,0.0,0.0,0.0,0.9934795769747364,0.0,0.0,0.0,0.0,0.0,0.0,0.0,0.0,True,0.0,0.0,0.0,0.9934795769747364,0.0,0.0,0.0,0.0,0.0,0.0,0.0,0.0,True,0.0,0.0,0.0,0.9934795769747364,0.0,0.0,0.0,0.0,0.0,0.0,0.0,0.0,True,0.0,0.0,0.0,0.9934795769747364,0.0,0.0,0.0,0.0,0.0,0.0,0.0,0.0,True,0.0,0.0,0.0,0.9934795769747364,0.0,0.0,0.0,0.0,0.0,0.0,0.0,0.0,HistGB,fleet,40000,952,9.89,B_fleet_size,ROAD_ORNL,FS-A,1,1,CIDv2_OpelAstra
226048,23767,0.10514138590033975,0.5526039768345916,0.1425075045917833,202303,0.02842950277399512,True,0.0,0.0,4.943618036296043e-06,0.9998003840446472,0.6260054940864092,0.0,0.0,0.0,0.0,0.0,0.0,0.0,True,0.0005469769007447301,0.6190476190476191,3.9548944290368346e-05,0.9997534155845642,5.008043952691273,0.0,8.678295582747549e-05,0.000999750062484379,0.13793103448275862,0.23076923076923078,0.07692307692307693,0.0,True,0.0033239365506795137,0.3691588785046729,0.0006673884348999659,0.9996652603149414,84.51074170166525,0.0,0.0006074806907923284,0.005998500374906273,0.3103448275862069,0.46153846153846156,0.23076923076923078,0.0,True,0.004670341229435772,0.38275862068965516,0.0008849076284969919,0.9996486902236938,112.05498344146726,0.0,0.0007810466024472793,0.00849787553111722,0.3448275862068966,0.5384615384615384,0.23076923076923078,0.0,True,0.03639500147263012,0.31488896978522024,0.009303889144309154,0.9994403719902039,1178.1423398706222,0.04149377593360996,0.011455350169226764,0.06023494126468383,0.8620689655172413,0.9230769230769231,0.7692307692307693,1.0,XGBoost,fleet,40000,952,12.01,B_fleet_size,ROAD_ORNL,FS-A,1,1,CIDv2_OpelAstra
226048,23767,0.10514138590033975,0.5382004655051936,0.11517183165566881,202303,0.02842950277399512,True,0.0,0.0,0.0,0.9871935778585448,0.0,0.0,0.0,0.0,0.0,0.0,0.0,0.0,True,0.0,0.0,0.0,0.9871935778585448,0.0,0.0,0.0,0.0,0.0,0.0,0.0,0.0,True,0.0,0.0,0.0,0.9871935778585448,0.0,0.0,0.0,0.0,0.0,0.0,0.0,0.0,True,0.0,0.0,0.0,0.9871935778585448,0.0,0.0,0.0,0.0,0.0,0.0,0.0,0.0,True,0.0,0.0,0.0,0.9871935778585448,0.0,0.0,0.0,0.0,0.0,0.0,0.0,0.0,HistGB,fleet,10934,1058,7.6,B_fleet_size,ROAD_ORNL,FS-A,0,1,CIDv2_Prototype
226048,23767,0.10514138590033975,0.5108251357004586,0.11668112593355812,202303,0.02842950277399512,True,0.0,0.0,1.9774472145184173e-05,0.9979922771453859,2.5040219763456366,0.0,0.0,0.0,0.0,0.0,0.0,0.0,True,0.000504901754533597,0.2926829268292683,0.00014336492305258526,0.9979602098464966,18.154159328505866,0.0,0.0,0.000999750062484379,0.13793103448275862,0.3076923076923077,0.0,0.0,True,0.0023141330416123194,0.27918781725888325,0.0007019937611540382,0.99782395362854,88.8927801602701,0.0,0.0004339147791373774,0.004165625260351579,0.3793103448275862,0.5384615384615384,0.3076923076923077,0.0,True,0.0023141330416123194,0.27918781725888325,0.0007019937611540382,0.99782395362854,88.8927801602701,0.0,0.0004339147791373774,0.004165625260351579,0.3793103448275862,0.5384615384615384,0.3076923076923077,0.0,True,0.01173896579290613,0.15146579804560262,0.007726874990730716,0.99775630235672,978.4465872570576,0.0,0.006682287598715612,0.016829126051820378,0.7586206896551724,0.8461538461538461,0.8461538461538461,0.0,XGBoost,fleet,10934,1058,3.98,B_fleet_size,ROAD_ORNL,FS-A,0,1,CIDv2_Prototype
226048,23767,0.10514138590033975,0.5382004655051936,0.11517183165566881,202303,0.02842950277399512,True,0.0,0.0,0.0,0.9871935778585448,0.0,0.0,0.0,0.0,0.0,0.0,0.0,0.0,True,0.0,0.0,0.0,0.9871935778585448,0.0,0.0,0.0,0.0,0.0,0.0,0.0,0.0,True,0.0,0.0,0.0,0.9871935778585448,0.0,0.0,0.0,0.0,0.0,0.0,0.0,0.0,True,0.0,0.0,0.0,0.9871935778585448,0.0,0.0,0.0,0.0,0.0,0.0,0.0,0.0,True,0.0,0.0,0.0,0.9871935778585448,0.0,0.0,0.0,0.0,0.0,0.0,0.0,0.0,HistGB,fleet,10934,1058,10.29,B_fleet_size,ROAD_ORNL,FS-A,1,1,CIDv2_Prototype
226048,23767,0.10514138590033975,0.5108251357004586,0.11668112593355812,202303,0.02842950277399512,True,0.0,0.0,1.9774472145184173e-05,0.9979922771453859,2.5040219763456366,0.0,0.0,0.0,0.0,0.0,0.0,0.0,True,0.000504901754533597,0.2926829268292683,0.00014336492305258526,0.9979602098464966,18.154159328505866,0.0,0.0,0.000999750062484379,0.13793103448275862,0.3076923076923077,0.0,0.0,True,0.0023141330416123194,0.27918781725888325,0.0007019937611540382,0.99782395362854,88.8927801602701,0.0,0.0004339147791373774,0.004165625260351579,0.3793103448275862,0.5384615384615384,0.3076923076923077,0.0,True,0.0023141330416123194,0.27918781725888325,0.0007019937611540382,0.99782395362854,88.8927801602701,0.0,0.0004339147791373774,0.004165625260351579,0.3793103448275862,0.5384615384615384,0.3076923076923077,0.0,True,0.01173896579290613,0.15146579804560262,0.007726874990730716,0.99775630235672,978.4465872570576,0.0,0.006682287598715612,0.016829126051820378,0.7586206896551724,0.8461538461538461,0.8461538461538461,0.0,XGBoost,fleet,10934,1058,4.94,B_fleet_size,ROAD_ORNL,FS-A,1,1,CIDv2_Prototype
226048,23767,0.10514138590033975,0.4886766809524956,0.09514505556593639,202303,0.02842950277399512,True,0.0,0.0,1.4830854108888132e-05,0.9999232340249232,1.8780164822592278,0.0,0.0,0.0,0.0,0.0,0.0,0.0,True,0.0,0.0,0.00010875959679851296,0.9999155031215271,13.772120869901002,0.0,0.0,0.0,0.0,0.0,0.0,0.0,True,0.0003366011696890647,0.05128205128205128,0.0007316554693718144,0.9999065208430434,92.64881312478856,0.0,8.678295582747549e-05,0.0005831875364492211,0.13793103448275862,0.23076923076923078,0.07692307692307693,0.0,True,0.0005890520469558632,0.06278026905829596,0.0010332161695858731,0.9999040038120018,130.83514826405954,0.0,0.0002603488674824265,0.0009164375572773473,0.1724137931034483,0.3076923076923077,0.07692307692307693,0.0,True,0.0048807169604914375,0.05734058329214039,0.009427479595216556,0.9998829255085095,1193.7924772227823,0.0,0.003905233012236397,0.005915187869699242,0.5862068965517241,0.6923076923076923,0.6153846153846154,0.0,HistGB,fleet,40000,20000,31.38,B_fleet_size,ROAD_ORNL,FS-A,0,1,CTT_Forester
226048,23767,0.10514138590033975,0.527000679083637,0.10653814867073427,202303,0.02842950277399512,True,0.0,0.0,4.943618036296043e-06,0.999987006187439,0.6260054940864092,0.0,0.0,0.0,0.0,0.0,0.0,0.0,True,8.415029242226617e-05,0.06060606060606061,0.00015325215912517735,0.9999793767929077,19.406170316678686,0.0,8.678295582747549e-05,8.331250520703157e-05,0.06896551724137931,0.07692307692307693,0.07692307692307693,0.0,True,0.0006732023393781294,0.07272727272727272,0.0010084980794043928,0.9999713897705078,127.70512079362747,0.0,0.000520697734964853,0.0008331250520703157,0.2413793103448276,0.3076923076923077,0.23076923076923078,0.0,True,0.0008835780704337947,0.0711864406779661,0.001354551341945116,0.9999698400497437,171.52550537967613,0.0,0.0006942636466198039,0.0010830625676914105,0.2413793103448276,0.3076923076923077,0.23076923076923078,0.0,True,0.009593133336138343,0.09413707679603633,0.01084629797163352,0.9999526739120483,1373.456054025582,0.0,0.007376551245335416,0.011913688244605515,0.6551724137931034,0.6923076923076923,0.7692307692307693,0.0,XGBoost,fleet,40000,20000,16.79,B_fleet_size,ROAD_ORNL,FS-A,0,1,CTT_Forester
226048,23767,0.10514138590033975,0.5084732792568498,0.10869369805250712,202303,0.02842950277399512,True,0.0,0.0,1.9774472145184173e-05,0.9998086979298714,2.5040219763456366,0.0,0.0,0.0,0.0,0.0,0.0,0.0,True,0.00016830058484453234,0.09523809523809523,0.00018785748537924967,0.9997889519361653,23.788208775283554,0.0,0.00017356591165495098,0.00016662501041406314,0.13793103448275862,0.15384615384615385,0.15384615384615385,0.0,True,0.0016830058484453233,0.09900990099009901,0.0017994769652117599,0.999751791876056,227.86599984745294,0.0,0.0019092250282044605,0.0014996250937265683,0.27586206896551724,0.3076923076923077,0.3076923076923077,0.0,True,0.0018933815795009888,0.09127789046653144,0.0022147408802606276,0.9997479437935454,280.45046135071135,0.0,0.002082790939859412,0.0017495626093476631,0.27586206896551724,0.3076923076923077,0.3076923076923077,0.0,True,0.021963226322211468,0.11432325886990802,0.0199919913387812,0.9996960393559874,2531.5662180854392,0.0,0.01883190141456218,0.02541031408814463,0.5517241379310345,0.6153846153846154,0.6153846153846154,0.0,HistGB,fleet,40000,20000,45.58,B_fleet_size,ROAD_ORNL,FS-A,1,1,CTT_Forester
226048,23767,0.10514138590033975,0.5100338229691113,0.1031746469413059,202303,0.02842950277399512,True,0.0,0.0,2.9661708217776263e-05,0.9999405145645142,3.7560329645184556,0.0,0.0,0.0,0.0,0.0,0.0,0.0,True,4.2075146211133085e-05,0.017241379310344827,0.0002817862280688745,0.9999265670776367,35.682313162925325,0.0,0.0,8.331250520703157e-05,0.034482758620689655,0.07692307692307693,0.0,0.0,True,0.0003366011696890647,0.02185792349726776,0.0017698152569939837,0.9999046325683594,224.10996688293451,0.0,0.0002603488674824265,0.00041656252603515786,0.2413793103448276,0.3076923076923077,0.23076923076923078,0.0,True,0.0005890520469558632,0.03017241379310345,0.0022246281163332197,0.9999010562896729,281.7024723388842,0.0,0.0004339147791373774,0.0007498125468632841,0.2413793103448276,0.3076923076923077,0.23076923076923078,0.0,True,0.011781040939117263,0.07413290971670639,0.017287832272927264,0.9998540878295898,2189.141212820173,0.0,0.013017443374121323,0.010830625676914105,0.5517241379310345,0.6153846153846154,0.6153846153846154,0.0,XGBoost,fleet,40000,20000,31.26,B_fleet_size,ROAD_ORNL,FS-A,1,1,CTT_Forester
226048,23767,0.10514138590033975,0.5552129010000809,0.14890130167851884,202303,0.02842950277399512,True,0.0,0.0,9.887236072592087e-06,0.999936944070137,1.2520109881728183,0.0,0.0,0.0,0.0,0.0,0.0,0.0,True,0.00042075146211133083,0.47619047619047616,5.437979839925648e-05,0.999933879000253,6.886060434950501,0.0,8.678295582747549e-05,0.0007498125468632841,0.13793103448275862,0.23076923076923078,0.07692307692307693,0.0,True,0.003492237135524046,0.386046511627907,0.0006525575807910778,0.999929136055151,82.63272521940601,0.0,0.0006074806907923284,0.0063317503957344,0.2413793103448276,0.3076923076923077,0.23076923076923078,0.0,True,0.004123364328691042,0.3798449612403101,0.0007909788858073669,0.9999274272454057,100.16087905382547,0.0,0.0006942636466198039,0.007498125468632842,0.2413793103448276,0.3076923076923077,0.23076923076923078,0.0,True,0.022888879538856398,0.21621621621621623,0.009748814767575798,0.9999142879676182,1234.482834338399,0.0,0.00824438080361017,0.03740731483795718,0.6896551724137931,0.8461538461538461,0.6923076923076923,0.0,HistGB,fleet,40000,12610,60.11,B_fleet_size,ROAD_ORNL,FS-A,0,1,CTT_Impala
226048,23767,0.10514138590033975,0.48195388875190026,0.12138677641379858,202303,0.02842950277399512,True,0.0,0.0,0.0,0.9999953508377075,0.0,0.0,0.0,0.0,0.0,0.0,0.0,0.0,True,0.0002524508772667985,0.42857142857142855,3.9548944290368346e-05,0.9999946355819702,5.008043952691273,0.0,8.678295582747549e-05,0.00041656252603515786,0.10344827586206896,0.15384615384615385,0.07692307692307693,0.0,True,0.0014726301173896578,0.2916666666666667,0.0004202075330851637,0.9999935626983643,53.21046699734478,0.0,0.00017356591165495098,0.002749312671832042,0.1724137931034483,0.3076923076923077,0.07692307692307693,0.0,True,0.0019354567257121218,0.26744186046511625,0.0006228958725733015,0.9999933242797852,78.87669225488756,0.0,0.00034713182330990195,0.0034991252186953262,0.20689655172413793,0.3076923076923077,0.15384615384615385,0.0,True,0.0167879833382421,0.2029501525940997,0.0077466494628759,0.9999903440475464,980.9506092334033,0.0,0.004252364835546299,0.02915937682246105,0.6206896551724138,0.6153846153846154,0.7692307692307693,0.0,XGBoost,fleet,40000,12610,14.12,B_fleet_size,ROAD_ORNL,FS-A,0,1,CTT_Impala
226048,23767,0.10514138590033975,0.544945752551077,0.14560308713369222,202303,0.02842950277399512,True,0.0,0.0,0.0,0.999967000150231,0.0,0.0,0.0,0.0,0.0,0.0,0.0,0.0,True,0.0023982833340345858,0.76,8.898512465332879e-05,0.9999581050078368,11.268098893555367,0.0,0.0002603488674824265,0.004498875281179705,0.2413793103448276,0.38461538461538464,0.15384615384615385,0.0,True,0.008583329827071148,0.591304347826087,0.0006970501431177421,0.999950611215388,88.26677466618371,0.0,0.0013017443374121322,0.015746063484128967,0.3448275862068966,0.46153846153846156,0.3076923076923077,0.0,True,0.008751630411915682,0.5875706214689266,0.0007217682332992224,0.9999504019642559,91.39680213661576,0.0,0.0013017443374121322,0.016079313504957095,0.3448275862068966,0.46153846153846156,0.3076923076923077,0.0,True,0.02701224386754744,0.2534544018949862,0.009348381706635819,0.999937875559429,1183.7763893174,0.0,0.005640892128785906,0.04807131550445722,0.7241379310344828,0.8461538461538461,0.7692307692307693,0.0,HistGB,fleet,40000,12610,35.07,B_fleet_size,ROAD_ORNL,FS-A,1,1,CTT_Impala
226048,23767,0.10514138590033975,0.4985172912833622,0.1307720393587358,202303,0.02842950277399512,True,0.0,0.0,9.887236072592087e-06,0.9999933242797852,1.2520109881728183,0.0,0.0,0.0,0.0,0.0,0.0,0.0,True,0.00037867631590019776,0.5294117647058824,3.9548944290368346e-05,0.9999920129776001,5.008043952691273,0.0,8.678295582747549e-05,0.0006665000416562525,0.10344827586206896,0.15384615384615385,0.07692307692307693,0.0,True,0.0038709134514242436,0.519774011299435,0.0004202075330851637,0.9999897480010986,53.21046699734478,0.0,0.0006942636466198039,0.0069982504373906525,0.3448275862068966,0.5384615384615384,0.23076923076923078,0.0,True,0.0047965666680691715,0.4978165938864629,0.000568516074174045,0.99998939037323,71.99063181993705,0.0,0.0008678295582747548,0.008664500541531284,0.3448275862068966,0.5384615384615384,0.23076923076923078,0.0,True,0.02171077544494467,0.2737400530503979,0.006767813091689284,0.9999853372573853,857.0015214042942,0.0,0.004512713703028725,0.03865700241606265,0.6551724137931034,0.7692307692307693,0.6923076923076923,0.0,XGBoost,fleet,40000,12610,18.87,B_fleet_size,ROAD_ORNL,FS-A,1,1,CTT_Impala
226048,23767,0.10514138590033975,0.566987201691348,0.14987477752104128,202303,0.02842950277399512,True,4.2075146211133085e-05,0.5,4.943618036296043e-06,0.9999983876194958,0.6260054940864092,0.0,0.0,8.331250520703157e-05,0.034482758620689655,0.07692307692307693,0.0,0.0,True,0.0002945260234779316,0.4666666666666667,3.9548944290368346e-05,0.9999980229452542,5.008043952691273,0.0,8.678295582747549e-05,0.0004998750312421895,0.2413793103448276,0.46153846153846156,0.07692307692307693,0.0,True,0.003492237135524046,0.3738738738738739,0.0006871629070451501,0.9999973819444944,87.0147636780109,0.008298755186721992,0.001041395469929706,0.005748562859285179,0.5517241379310345,0.6923076923076923,0.46153846153846156,0.3333333333333333,True,0.004628266083224639,0.3900709219858156,0.0008503023022429195,0.9999972819696966,107.67294498286239,0.008298755186721992,0.0015620932048945586,0.007498125468632842,0.5862068965517241,0.6923076923076923,0.5384615384615384,0.3333333333333333,True,0.02962090293263769,0.29931972789115646,0.00814708252381588,0.9999958202363493,1031.6570542544023,0.012448132780082987,0.0134513581532587,0.04548862784303924,0.896551724137931,0.9230769230769231,0.9230769230769231,0.6666666666666666,HistGB,fleet,40000,20000,50.7,B_fleet_size,ROAD_ORNL,FS-A,0,1,CTT_Traverse
226048,23767,0.10514138590033975,0.6215322582089611,0.16276997313374789,202303,0.02842950277399512,True,0.0002524508772667985,0.6666666666666666,1.4830854108888132e-05,0.9999954700469971,1.8780164822592278,0.004149377593360996,0.00017356591165495098,0.00024993751562109475,0.1724137931034483,0.15384615384615385,0.15384615384615385,0.3333333333333333,True,0.0007994277780115286,0.5277777777777778,8.404150661703274e-05,0.9999947547912598,10.642093399468957,0.024896265560165973,0.0002603488674824265,0.0008331250520703157,0.3448275862068966,0.3076923076923077,0.23076923076923078,1.0,True,0.006437497370303362,0.38345864661654133,0.0012161300369288267,0.9999929666519165,153.99735154525666,0.0954356846473029,0.0018224420723769851,0.009081063067566442,0.6206896551724138,0.6153846153846154,0.5384615384615384,1.0,True,0.006858248832414693,0.3638392857142857,0.0014089311403443724,0.999992847442627,178.4115658146266,0.1037344398340249,0.0022563568515143627,0.009331000583187537,0.6206896551724138,0.6153846153846154,0.5384615384615384,1.0,True,0.031472209365927546,0.22288438617401668,0.012892955838660082,0.9999897480010986,1632.6223285773553,0.2572614107883817,0.015447366137290636,0.04232275264517204,0.9655172413793104,1.0,0.9230769230769231,1.0,XGBoost,fleet,40000,20000,18.86,B_fleet_size,ROAD_ORNL,FS-A,0,1,CTT_Traverse
226048,23767,0.10514138590033975,0.490549748394896,0.0989861270151671,202303,0.02842950277399512,True,0.0,0.0,0.0,0.999994687178304,0.0,0.0,0.0,0.0,0.0,0.0,0.0,0.0,True,8.415029242226617e-05,0.09523809523809523,9.392874268962483e-05,0.9999922648905428,11.894104387641777,0.008298755186721992,0.0,0.0,0.034482758620689655,0.0,0.0,0.3333333333333333,True,0.00042075146211133083,0.054945054945054944,0.0008503023022429195,0.9999910627342172,107.67294498286239,0.03319502074688797,0.0,0.00016662501041406314,0.13793103448275862,0.15384615384615385,0.0,0.6666666666666666,True,0.0004628266083224639,0.047619047619047616,0.0010875959679851296,0.9999908503721594,137.72120869901002,0.03734439834024896,0.0,0.00016662501041406314,0.13793103448275862,0.15384615384615385,0.0,0.6666666666666666,True,0.004964867252913704,0.0541036221916552,0.010198684008878738,0.9999886655316816,1291.449334300262,0.16182572614107885,0.0037316671005814457,0.0029992501874531365,0.8620689655172413,0.8461538461538461,0.9230769230769231,0.6666666666666666,HistGB,fleet,40000,20000,123.7,B_fleet_size,ROAD_ORNL,FS-A,1,1,CTT_Traverse
226048,23767,0.10514138590033975,0.5512655110235758,0.1231230483409212,202303,0.02842950277399512,True,0.0,0.0,4.943618036296043e-06,0.999998450279236,0.6260054940864092,0.0,0.0,0.0,0.0,0.0,0.0,0.0,True,0.0003366011696890647,0.36363636363636365,6.921065250814461e-05,0.9999983310699463,8.76407691720973,0.0,8.678295582747549e-05,0.0005831875364492211,0.20689655172413793,0.38461538461538464,0.07692307692307693,0.0,True,0.0010939538014894602,0.12322274881516587,0.0009145693367147681,0.9999979734420776,115.81101640598571,0.0,0.0002603488674824265,0.0019161876197617263,0.3103448275862069,0.5384615384615384,0.15384615384615385,0.0,True,0.0010939538014894602,0.12322274881516587,0.0009145693367147681,0.9999979734420776,115.81101640598571,0.0,0.0002603488674824265,0.0019161876197617263,0.3103448275862069,0.5384615384615384,0.15384615384615385,0.0,True,0.014305549711785248,0.136986301369863,0.010589229833746125,0.9999969005584717,1340.9037683330885,0.0954356846473029,0.0091989933177124,0.017578938598683664,0.9310344827586207,1.0,0.9230769230769231,0.6666666666666666,XGBoost,fleet,40000,20000,75.53,B_fleet_size,ROAD_ORNL,FS-A,1,1,CTT_Traverse
226048,23767,0.10514138590033975,0.4999999420710387,0.105141375498482,202303,0.02842950277399512,True,0.0,0.0,0.0,0.9970302748019942,0.0,0.0,0.0,0.0,0.0,0.0,0.0,0.0,True,0.0,0.0,0.0,0.9970302748019942,0.0,0.0,0.0,0.0,0.0,0.0,0.0,0.0,True,0.0,0.0,0.0,0.9970302748019942,0.0,0.0,0.0,0.0,0.0,0.0,0.0,0.0,True,0.0,0.0,0.0,0.9970302748019942,0.0,0.0,0.0,0.0,0.0,0.0,0.0,0.0,True,0.0,0.0,0.0,0.9970302748019942,0.0,0.0,0.0,0.0,0.0,0.0,0.0,0.0,HistGB,fleet,40000,1816,19.64,B_fleet_size,ROAD_ORNL,FS-A,0,2,CIDv2_OpelAstra|CIDv2_RenaultClio
226048,23767,0.10514138590033975,0.5485668183924342,0.16287163187869308,202303,0.02842950277399512,True,0.0,0.0,0.0,0.9999591112136841,0.0,0.0,0.0,0.0,0.0,0.0,0.0,0.0,True,0.00016830058484453234,0.8,4.943618036296043e-06,0.9999514818191528,0.6260054940864092,0.0,0.0,0.0003332500208281263,0.10344827586206896,0.23076923076923078,0.0,0.0,True,0.0016830058484453233,0.7142857142857143,7.909788858073669e-05,0.9999428987503052,10.016087905382546,0.0,0.00034713182330990195,0.0029992501874531365,0.13793103448275862,0.23076923076923078,0.07692307692307693,0.0,True,0.002103757310556654,0.6493506493506493,0.00013347768697999317,0.9999414682388306,16.902148340333046,0.0,0.000520697734964853,0.003665750229109389,0.20689655172413793,0.23076923076923078,0.23076923076923078,0.0,True,0.030588631295493753,0.4224288204532249,0.004913956328078267,0.9999145269393921,622.2494611218908,0.0,0.010500737655124534,0.050487378155461136,0.7586206896551724,0.9230769230769231,0.7692307692307693,0.0,XGBoost,fleet,40000,1816,14.56,B_fleet_size,ROAD_ORNL,FS-A,0,2,CIDv2_OpelAstra|CIDv2_RenaultClio
226048,23767,0.10514138590033975,0.4999999420710387,0.105141375498482,202303,0.02842950277399512,True,0.0,0.0,0.0,0.9970287680731393,0.0,0.0,0.0,0.0,0.0,0.0,0.0,0.0,True,0.0,0.0,0.0,0.9970287680731393,0.0,0.0,0.0,0.0,0.0,0.0,0.0,0.0,True,0.0,0.0,0.0,0.9970287680731393,0.0,0.0,0.0,0.0,0.0,0.0,0.0,0.0,True,0.0,0.0,0.0,0.9970287680731393,0.0,0.0,0.0,0.0,0.0,0.0,0.0,0.0,True,0.0,0.0,0.0,0.9970287680731393,0.0,0.0,0.0,0.0,0.0,0.0,0.0,0.0,HistGB,fleet,40000,1816,17.74,B_fleet_size,ROAD_ORNL,FS-A,1,2,CIDv2_OpelAstra|CIDv2_RenaultClio
226048,23767,0.10514138590033975,0.478014361305869,0.11012724300934142,202303,0.02842950277399512,True,0.0,0.0,0.0,0.999961256980896,0.0,0.0,0.0,0.0,0.0,0.0,0.0,0.0,True,0.0008835780704337947,0.6363636363636364,5.9323416435552526e-05,0.9999420642852783,7.512065929036911,0.0,0.00017356591165495098,0.0015829375989336,0.10344827586206896,0.15384615384615385,0.07692307692307693,0.0,True,0.0029031850885681827,0.41818181818181815,0.0004745873314844202,0.9999290704727173,60.09652743229529,0.0,0.000520697734964853,0.005248687828042989,0.2413793103448276,0.38461538461538464,0.15384615384615385,0.0,True,0.003450161989312913,0.4205128205128205,0.000558628838101453,0.9999276399612427,70.73862083176425,0.0,0.0006074806907923284,0.006248437890527368,0.2413793103448276,0.38461538461538464,0.15384615384615385,0.0,True,0.017250809946564565,0.20408163265306123,0.007904845240037374,0.9998973608016968,1000.9827850441685,0.004149377593360996,0.005901240996268333,0.02840956427559777,0.6206896551724138,0.6923076923076923,0.6153846153846154,0.3333333333333333,XGBoost,fleet,40000,1816,10.13,B_fleet_size,ROAD_ORNL,FS-A,1,2,CIDv2_OpelAstra|CIDv2_RenaultClio
226048,23767,0.10514138590033975,0.46321464562570397,0.09423981608367271,202303,0.02842950277399512,True,0.0,0.0,4.943618036296043e-06,0.9999985563006552,0.6260054940864092,0.0,0.0,0.0,0.0,0.0,0.0,0.0,True,0.0,0.0,0.00016313939519776945,0.9999979729076598,20.658181304851503,0.0,0.0,0.0,0.0,0.0,0.0,0.0,True,0.0006311271931669963,0.06666666666666667,0.0010381597876221692,0.9999974646341317,131.46115375814594,0.0,0.00017356591165495098,0.0010830625676914105,0.20689655172413793,0.3076923076923077,0.15384615384615385,0.0,True,0.0007152774855892624,0.059027777777777776,0.0013397204878362278,0.9999974073388254,169.6474888974169,0.0,0.0002603488674824265,0.0011663750728984422,0.20689655172413793,0.3076923076923077,0.15384615384615385,0.0,True,0.006984474271048092,0.057083906464924346,0.013555400655523752,0.9999965028666318,1716.5070647849343,0.0,0.00616158986375076,0.007914687994667999,0.4482758620689655,0.6153846153846154,0.38461538461538464,0.0,HistGB,fleet,40000,20000,52.82,B_fleet_size,ROAD_ORNL,FS-A,0,2,CIDv2_OpelAstra|CTT_Silverado
226048,23767,0.10514138590033975,0.47975788607058856,0.1057455249993383,202303,0.02842950277399512,True,0.0,0.0,0.0,0.999999761581421,0.0,0.0,0.0,0.0,0.0,0.0,0.0,0.0,True,0.00016830058484453234,0.0851063829787234,0.00021257557556072988,0.9999996423721313,26.918236245715597,0.0,0.0,0.0003332500208281263,0.13793103448275862,0.3076923076923077,0.0,0.0,True,0.0018092312870787227,0.11345646437994723,0.0016610556601954706,0.9999994039535522,210.3378460130335,0.0,0.0008678295582747548,0.002749312671832042,0.3793103448275862,0.46153846153846156,0.38461538461538464,0.0,True,0.0018092312870787227,0.11345646437994723,0.0016610556601954706,0.9999994039535522,210.3378460130335,0.0,0.0008678295582747548,0.002749312671832042,0.3793103448275862,0.46153846153846156,0.38461538461538464,0.0,True,0.013295746202718055,0.1378107283035325,0.009773532857757278,0.999998927116394,1237.612861808831,0.0,0.00711620237785299,0.01949512621844539,0.7241379310344828,0.9230769230769231,0.6923076923076923,0.0,XGBoost,fleet,40000,20000,13.02,B_fleet_size,ROAD_ORNL,FS-A,0,2,CIDv2_OpelAstra|CTT_Silverado
226048,23767,0.10514138590033975,0.3858970707561766,0.07937378003614834,202303,0.02842950277399512,True,0.0,0.0,9.887236072592087e-06,0.9999977543053004,1.2520109881728183,0.0,0.0,0.0,0.0,0.0,0.0,0.0,True,0.0,0.0,6.921065250814461e-05,0.9999967666511616,8.76407691720973,0.0,0.0,0.0,0.0,0.0,0.0,0.0,True,4.2075146211133085e-05,0.005263157894736842,0.0009343438088599522,0.9999955259980414,118.31503838233135,0.0,0.0,8.331250520703157e-05,0.034482758620689655,0.07692307692307693,0.0,0.0,True,4.2075146211133085e-05,0.0043859649122807015,0.001122201294239202,0.9999953654563032,142.10324715761493,0.0,0.0,8.331250520703157e-05,0.034482758620689655,0.07692307692307693,0.0,0.0,True,0.002987335380990449,0.029086439983613273,0.011716374746021623,0.9999927144302917,1483.63302098479,0.024896265560165973,0.001996007984031936,0.0034991252186953262,0.5517241379310345,0.6153846153846154,0.46153846153846156,0.6666666666666666,HistGB,fleet,40000,20000,50.51,B_fleet_size,ROAD_ORNL,FS-A,1,2,CIDv2_OpelAstra|CTT_Silverado
226048,23767,0.10514138590033975,0.4402954740241694,0.09512760659231882,202303,0.02842950277399512,True,0.0,0.0,0.0,0.9999996423721315,0.0,0.0,0.0,0.0,0.0,0.0,0.0,0.0,True,0.0,0.0,6.426703447184857e-05,0.9999996423721313,8.13807142312332,0.0,0.0,0.0,0.0,0.0,0.0,0.0,True,8.415029242226617e-05,0.028985507246376812,0.0003312224084318349,0.9999995231628418,41.94236810378942,0.0,0.00017356591165495098,0.0,0.06896551724137931,0.0,0.15384615384615385,0.0,True,8.415029242226617e-05,0.028985507246376812,0.0003312224084318349,0.9999995231628418,41.94236810378942,0.0,0.00017356591165495098,0.0,0.06896551724137931,0.0,0.15384615384615385,0.0,True,0.007910127487693019,0.11421628189550426,0.0072077950969196315,0.9999990463256836,912.7160103779847,0.024896265560165973,0.004686279614683676,0.01066400066650004,0.8620689655172413,0.9230769230769231,0.8461538461538461,0.6666666666666666,XGBoost,fleet,40000,20000,11.2,B_fleet_size,ROAD_ORNL,FS-A,1,2,CIDv2_OpelAstra|CTT_Silverado
226048,23767,0.10514138590033975,0.5330975245210313,0.11436613775219542,202303,0.02842950277399512,True,0.0,0.0,0.0,0.9977948251417307,0.0,0.0,0.0,0.0,0.0,0.0,0.0,0.0,True,0.0,0.0,0.0,0.9977948251417307,0.0,0.0,0.0,0.0,0.0,0.0,0.0,0.0,True,0.0,0.0,0.0,0.9977948251417307,0.0,0.0,0.0,0.0,0.0,0.0,0.0,0.0,True,0.0,0.0,0.0,0.9977948251417307,0.0,0.0,0.0,0.0,0.0,0.0,0.0,0.0,True,0.0,0.0,0.0,0.9977948251417307,0.0,0.0,0.0,0.0,0.0,0.0,0.0,0.0,HistGB,fleet,28243,1922,11.16,B_fleet_size,ROAD_ORNL,FS-A,0,2,CIDv2_Prototype|CIDv2_RenaultClio
226048,23767,0.10514138590033975,0.5419027342300624,0.11784238146927145,202303,0.02842950277399512,True,0.0,0.0,0.00020763195752443382,0.999982476234436,26.292230751629187,0.0,0.0,0.0,0.0,0.0,0.0,0.0,True,0.0,0.0,0.0007563735595532947,0.9999654293060303,95.77884059522061,0.0,0.0,0.0,0.0,0.0,0.0,0.0,True,0.0013464046787562587,0.0927536231884058,0.0015473524453606616,0.9999480247497559,195.93971964904608,0.0,0.0007810466024472793,0.0019161876197617263,0.3103448275862069,0.3076923076923077,0.38461538461538464,0.0,True,0.0018513064332898556,0.11027568922305764,0.0017549844028850955,0.9999459981918335,222.2319504006753,0.0,0.0009546125141022303,0.002749312671832042,0.3448275862068966,0.3076923076923077,0.46153846153846156,0.0,True,0.012917069886817857,0.14549763033175356,0.008913343319441767,0.9999264478683472,1128.687905837796,0.0,0.011108218345916862,0.014912938432058652,0.41379310344827586,0.38461538461538464,0.5384615384615384,0.0,XGBoost,fleet,28243,1922,8.11,B_fleet_size,ROAD_ORNL,FS-A,0,2,CIDv2_Prototype|CIDv2_RenaultClio
226048,23767,0.10514138590033975,0.5330975245210313,0.11436613775219542,202303,0.02842950277399512,True,0.0,0.0,0.0,0.9977948251417307,0.0,0.0,0.0,0.0,0.0,0.0,0.0,0.0,True,0.0,0.0,0.0,0.9977948251417307,0.0,0.0,0.0,0.0,0.0,0.0,0.0,0.0,True,0.0,0.0,0.0,0.9977948251417307,0.0,0.0,0.0,0.0,0.0,0.0,0.0,0.0,True,0.0,0.0,0.0,0.9977948251417307,0.0,0.0,0.0,0.0,0.0,0.0,0.0,0.0,True,0.0,0.0,0.0,0.9977948251417307,0.0,0.0,0.0,0.0,0.0,0.0,0.0,0.0,HistGB,fleet,28243,1922,10.77,B_fleet_size,ROAD_ORNL,FS-A,1,2,CIDv2_Prototype|CIDv2_RenaultClio
226048,23767,0.10514138590033975,0.5419027342300624,0.11784238146927145,202303,0.02842950277399512,True,0.0,0.0,0.00020763195752443382,0.999982476234436,26.292230751629187,0.0,0.0,0.0,0.0,0.0,0.0,0.0,True,0.0,0.0,0.0007563735595532947,0.9999654293060303,95.77884059522061,0.0,0.0,0.0,0.0,0.0,0.0,0.0,True,0.0013464046787562587,0.0927536231884058,0.0015473524453606616,0.9999480247497559,195.93971964904608,0.0,0.0007810466024472793,0.0019161876197617263,0.3103448275862069,0.3076923076923077,0.38461538461538464,0.0,True,0.0018513064332898556,0.11027568922305764,0.0017549844028850955,0.9999459981918335,222.2319504006753,0.0,0.0009546125141022303,0.002749312671832042,0.3448275862068966,0.3076923076923077,0.46153846153846156,0.0,True,0.012917069886817857,0.14549763033175356,0.008913343319441767,0.9999264478683472,1128.687905837796,0.0,0.011108218345916862,0.014912938432058652,0.41379310344827586,0.38461538461538464,0.5384615384615384,0.0,XGBoost,fleet,28243,1922,8.05,B_fleet_size,ROAD_ORNL,FS-A,1,2,CIDv2_Prototype|CIDv2_RenaultClio
226048,23767,0.10514138590033975,0.40597458926622854,0.08255777161071381,202303,0.02842950277399512,True,0.0,0.0,4.943618036296043e-06,0.9999965072405895,0.6260054940864092,0.0,0.0,0.0,0.0,0.0,0.0,0.0,True,0.0,0.0,6.426703447184857e-05,0.9999947715293676,8.13807142312332,0.0,0.0,0.0,0.0,0.0,0.0,0.0,True,0.0,0.0,0.0010875959679851296,0.9999925164830081,137.72120869901002,0.0,0.0,0.0,0.0,0.0,0.0,0.0,True,0.0,0.0,0.0013397204878362278,0.9999921900850297,169.6474888974169,0.0,0.0,0.0,0.0,0.0,0.0,0.0,True,0.002608659065090251,0.023238380809595203,0.01288306860258749,0.9999874205020173,1631.3703175891824,0.0,0.0022563568515143627,0.0029992501874531365,0.5172413793103449,0.5384615384615384,0.6153846153846154,0.0,HistGB,fleet,40000,20000,39.29,B_fleet_size,ROAD_ORNL,FS-A,0,2,CIDv2_RenaultClio|CTT_Silverado
226048,23767,0.10514138590033975,0.46469700115248075,0.09737391101154146,202303,0.02842950277399512,True,0.0,0.0,4.943618036296043e-06,0.999994993209839,0.6260054940864092,0.0,0.0,0.0,0.0,0.0,0.0,0.0,True,4.2075146211133085e-05,0.05555555555555555,8.404150661703274e-05,0.9999927282333374,10.642093399468957,0.0,0.0,8.331250520703157e-05,0.034482758620689655,0.07692307692307693,0.0,0.0,True,0.0011781040939117264,0.1308411214953271,0.0009195129547510642,0.9999874830245972,116.43702190007211,0.004149377593360996,0.0006942636466198039,0.0015829375989336,0.27586206896551724,0.38461538461538464,0.15384615384615385,0.3333333333333333,True,0.0013043295325451255,0.12062256809338522,0.001117257676202906,0.9999867677688599,141.4772416635285,0.004149377593360996,0.0008678295582747548,0.0016662501041406314,0.3103448275862069,0.38461538461538464,0.23076923076923078,0.3333333333333333,True,0.009214457020238145,0.10143584993052339,0.009590618990414324,0.9999762773513794,1214.450658527634,0.004149377593360996,0.005120194393821054,0.01324668832791802,0.8275862068965517,0.9230769230769231,0.8461538461538461,0.3333333333333333,XGBoost,fleet,40000,20000,13.67,B_fleet_size,ROAD_ORNL,FS-A,0,2,CIDv2_RenaultClio|CTT_Silverado
226048,23767,0.10514138590033975,0.4535422755586809,0.09194824270470818,202303,0.02842950277399512,True,0.0,0.0,4.943618036296043e-06,0.9999915127565628,0.6260054940864092,0.0,0.0,0.0,0.0,0.0,0.0,0.0,True,4.2075146211133085e-05,0.07142857142857142,6.426703447184857e-05,0.9999865881684156,8.13807142312332,0.0,8.678295582747549e-05,0.0,0.034482758620689655,0.0,0.07692307692307693,0.0,True,0.0003366011696890647,0.031496062992125984,0.0012161300369288267,0.9999804912562386,153.99735154525666,0.0,0.00034713182330990195,0.0003332500208281263,0.20689655172413793,0.23076923076923078,0.23076923076923078,0.0,True,0.0004628266083224639,0.03678929765886288,0.0014237619944532606,0.99997998170285,180.28958229688587,0.0,0.000520697734964853,0.00041656252603515786,0.2413793103448276,0.3076923076923077,0.23076923076923078,0.0,True,0.005890520469558631,0.04961020552799433,0.013258783573345988,0.9999717570175239,1678.9467351397495,0.0,0.005033411437993578,0.0068316254269765895,0.6206896551724138,0.6923076923076923,0.6923076923076923,0.0,HistGB,fleet,40000,20000,51.82,B_fleet_size,ROAD_ORNL,FS-A,1,2,CIDv2_RenaultClio|CTT_Silverado
226048,23767,0.10514138590033975,0.45362504876425125,0.09299410070091459,202303,0.02842950277399512,True,0.0,0.0,9.887236072592087e-06,0.9999971389770508,1.2520109881728183,0.0,0.0,0.0,0.0,0.0,0.0,0.0,True,0.0,0.0,6.921065250814461e-05,0.9999960660934448,8.76407691720973,0.0,0.0,0.0,0.0,0.0,0.0,0.0,True,0.00021037573105566542,0.03787878787878788,0.0006278394906095976,0.9999933242797852,79.50269774897397,0.0,8.678295582747549e-05,0.0003332500208281263,0.13793103448275862,0.23076923076923078,0.07692307692307693,0.0,True,0.00021037573105566542,0.031055900621118012,0.0007712044136621828,0.9999929666519165,97.65685707747984,0.0,8.678295582747549e-05,0.0003332500208281263,0.13793103448275862,0.23076923076923078,0.07692307692307693,0.0,True,0.004039214036268776,0.0594059405940594,0.007514299415169986,0.999987006187439,951.5283510113421,0.0,0.001996007984031936,0.006081812880113305,0.7586206896551724,1.0,0.6923076923076923,0.0,XGBoost,fleet,40000,20000,10.85,B_fleet_size,ROAD_ORNL,FS-A,1,2,CIDv2_RenaultClio|CTT_Silverado
226048,23767,0.10514138590033975,0.5099863923580296,0.14756359374698286,202303,0.02842950277399512,True,0.0,0.0,4.943618036296043e-06,0.9999807286236544,0.6260054940864092,0.0,0.0,0.0,0.0,0.0,0.0,0.0,True,8.415029242226617e-05,0.2,3.9548944290368346e-05,0.9999725745767997,5.008043952691273,0.0,0.0,0.00016662501041406314,0.06896551724137931,0.15384615384615385,0.0,0.0,True,0.0029452602347793157,0.3225806451612903,0.0007267118513355184,0.9999615954423023,92.02280763070215,0.0,0.000520697734964853,0.00533200033325002,0.27586206896551724,0.38461538461538464,0.23076923076923078,0.0,True,0.004207514621113308,0.33444816053511706,0.0009837799892229127,0.9999598924308664,124.57509332319545,0.0,0.0007810466024472793,0.007581437973839873,0.3448275862068966,0.5384615384615384,0.23076923076923078,0.0,True,0.05175242983969369,0.37227602905569007,0.010253063807277994,0.9999232290377582,1298.3353947352127,0.0,0.008678295582747549,0.09414313088394569,0.6896551724137931,0.8461538461538461,0.6923076923076923,0.0,HistGB,fleet,40000,20000,55.92,B_fleet_size,ROAD_ORNL,FS-A,0,2,CTT_Forester|CTT_Impala
226048,23767,0.10514138590033975,0.5332507103270554,0.1432232539779123,202303,0.02842950277399512,True,0.0,0.0,0.0,0.9999973773956299,0.0,0.0,0.0,0.0,0.0,0.0,0.0,0.0,True,0.0006311271931669963,0.3488372093023256,0.00013842130501628923,0.9999926090240479,17.52815383441946,0.0,0.0,0.0012496875781054736,0.10344827586206896,0.23076923076923078,0.0,0.0,True,0.004165439474902176,0.3113207547169811,0.0010826523499488335,0.9999871253967285,137.09520320492362,0.0,0.000520697734964853,0.007748062984253936,0.3448275862068966,0.5384615384615384,0.23076923076923078,0.0,True,0.005301468422602769,0.3036144578313253,0.0014287056124895566,0.9999860525131226,180.91558779097227,0.0,0.0006074806907923284,0.009914188119636758,0.3793103448275862,0.6153846153846154,0.23076923076923078,0.0,True,0.051079227500315565,0.34695627322092026,0.01129616721293646,0.999962568283081,1430.4225539874449,0.0,0.006508721687060661,0.09489294343080897,0.7586206896551724,0.8461538461538461,0.8461538461538461,0.0,XGBoost,fleet,40000,20000,21.49,B_fleet_size,ROAD_ORNL,FS-A,0,2,CTT_Forester|CTT_Impala
226048,23767,0.10514138590033975,0.44698473326030586,0.10079830935950819,202303,0.02842950277399512,True,4.2075146211133085e-05,0.25,1.4830854108888132e-05,0.9999497538267683,1.8780164822592278,0.0,0.0,8.331250520703157e-05,0.034482758620689655,0.07692307692307693,0.0,0.0,True,4.2075146211133085e-05,0.125,3.4605326254072306e-05,0.9999374938651401,4.382038458604865,0.0,0.0,8.331250520703157e-05,0.034482758620689655,0.07692307692307693,0.0,0.0,True,0.00021037573105566542,0.03731343283582089,0.0006377267266821896,0.9999034888786514,80.75470873714679,0.0,8.678295582747549e-05,0.0003332500208281263,0.10344827586206896,0.15384615384615385,0.07692307692307693,0.0,True,0.0003366011696890647,0.049689440993788817,0.0007563735595532947,0.9998997554790995,95.77884059522061,0.0,8.678295582747549e-05,0.0005831875364492211,0.13793103448275862,0.23076923076923078,0.07692307692307693,0.0,True,0.015609879244330374,0.16810149524241053,0.009076482714639535,0.9997971840909652,1149.3460871426473,0.0,0.004078798923891348,0.02699325168707823,0.6551724137931034,0.8461538461538461,0.6153846153846154,0.0,HistGB,fleet,40000,20000,47.75,B_fleet_size,ROAD_ORNL,FS-A,1,2,CTT_Forester|CTT_Impala
226048,23767,0.10514138590033975,0.5198587989285353,0.13292344353375424,202303,0.02842950277399512,True,0.0,0.0,0.0,0.9999812841415405,0.0,0.0,0.0,0.0,0.0,0.0,0.0,0.0,True,0.00012622543863339926,0.15,8.404150661703274e-05,0.9999629259109497,10.642093399468957,0.0,0.0,0.00024993751562109475,0.06896551724137931,0.15384615384615385,0.0,0.0,True,0.0023982833340345858,0.24675324675324675,0.0008601895383155116,0.99993896484375,108.9249559710352,0.0,0.00034713182330990195,0.004415562775972674,0.3103448275862069,0.46153846153846156,0.23076923076923078,0.0,True,0.0031977111120461144,0.247557003257329,0.001141975766384386,0.9999352693557739,144.60726913396053,0.0,0.0004339147791373774,0.005915187869699242,0.3103448275862069,0.46153846153846156,0.23076923076923078,0.0,True,0.040055539192998695,0.30241423125794153,0.010856185207706112,0.9998094439506531,1374.7080650137548,0.0,0.007636900112817842,0.07198200449887528,0.6896551724137931,0.8461538461538461,0.6923076923076923,0.0,XGBoost,fleet,40000,20000,16.01,B_fleet_size,ROAD_ORNL,FS-A,1,2,CTT_Forester|CTT_Impala
226048,23767,0.10514138590033975,0.5051987878306816,0.1420786743885692,202303,0.02842950277399512,True,8.415029242226617e-05,0.6666666666666666,4.943618036296043e-06,0.9999793768115681,0.6260054940864092,0.0,8.678295582747549e-05,8.331250520703157e-05,0.06896551724137931,0.07692307692307693,0.07692307692307693,0.0,True,0.0004628266083224639,0.5238095238095238,4.943618036296043e-05,0.999976383244269,6.260054940864092,0.0,8.678295582747549e-05,0.0008331250520703157,0.20689655172413793,0.38461538461538464,0.07692307692307693,0.0,True,0.004207514621113308,0.37593984962406013,0.0008206405940251433,0.9999708651429721,103.91691201834394,0.0,0.0011281784257571813,0.007248187953011747,0.5862068965517241,0.6923076923076923,0.6153846153846154,0.0,True,0.005806370177136365,0.39204545454545453,0.0010579342597673534,0.9999700193904741,133.9651757344916,0.0,0.0013885272932396078,0.010164125635257853,0.5862068965517241,0.6923076923076923,0.6153846153846154,0.0,True,0.033323515799217406,0.33249370277078083,0.00786035267771071,0.9999611410704913,995.3487355973907,0.0,0.00807081489195522,0.05823544113971507,0.896551724137931,1.0,1.0,0.0,HistGB,fleet,40000,14620,34.96,B_fleet_size,ROAD_ORNL,FS-A,0,3,CIDv2_OpelAstra|CIDv2_Prototype|CTT_Impala
226048,23767,0.10514138590033975,0.39516287602850736,0.08026495146119145,202303,0.02842950277399512,True,0.0,0.0,4.943618036296043e-06,0.9999989271163942,0.6260054940864092,0.0,0.0,0.0,0.0,0.0,0.0,0.0,True,0.0,0.0,5.437979839925648e-05,0.9999988079071045,6.886060434950501,0.0,0.0,0.0,0.0,0.0,0.0,0.0,True,4.2075146211133085e-05,0.0047169811320754715,0.0010431034056584652,0.9999983310699463,132.08715925223234,0.0,8.678295582747549e-05,0.0,0.034482758620689655,0.0,0.07692307692307693,0.0,True,4.2075146211133085e-05,0.0047169811320754715,0.0010431034056584652,0.9999983310699463,132.08715925223234,0.0,8.678295582747549e-05,0.0,0.034482758620689655,0.0,0.07692307692307693,0.0,True,0.0014305549711785249,0.013676588897827836,0.0121217514249979,0.9999974966049194,1534.9654714998755,0.012448132780082987,0.0013885272932396078,0.0012496875781054736,0.5172413793103449,0.5384615384615384,0.46153846153846156,0.6666666666666666,XGBoost,fleet,40000,14620,10.44,B_fleet_size,ROAD_ORNL,FS-A,0,3,CIDv2_OpelAstra|CIDv2_Prototype|CTT_Impala
226048,23767,0.10514138590033975,0.4875875466949835,0.11021839521497909,202303,0.02842950277399512,True,0.0,0.0,0.0,0.9999949349599679,0.0,0.0,0.0,0.0,0.0,0.0,0.0,0.0,True,4.2075146211133085e-05,0.25,1.4830854108888132e-05,0.9999941488141173,1.8780164822592278,0.0,0.0,8.331250520703157e-05,0.034482758620689655,0.07692307692307693,0.0,0.0,True,0.0017671561408675895,0.31343283582089554,0.000454812859339236,0.9999916062783529,57.59250545594965,0.0,0.000520697734964853,0.0029992501874531365,0.3103448275862069,0.38461538461538464,0.3076923076923077,0.0,True,0.0024403584802457187,0.29743589743589743,0.000677275670972558,0.9999912833494508,85.76275268983807,0.0,0.000520697734964853,0.004332250270765642,0.3793103448275862,0.5384615384615384,0.3076923076923077,0.0,True,0.011107838599739133,0.2127316680096696,0.004829914821461234,0.9999886378888027,611.6073677224217,0.08713692946058091,0.0026034886748242643,0.017745563609097726,0.6551724137931034,0.7692307692307693,0.5384615384615384,0.6666666666666666,HistGB,fleet,40000,14620,27.86,B_fleet_size,ROAD_ORNL,FS-A,1,3,CIDv2_OpelAstra|CIDv2_Prototype|CTT_Impala
226048,23767,0.10514138590033975,0.42131788431875844,0.08662473675446691,202303,0.02842950277399512,True,4.2075146211133085e-05,0.3333333333333333,9.887236072592087e-06,0.999998688697815,1.2520109881728183,0.0,8.678295582747549e-05,0.0,0.034482758620689655,0.0,0.07692307692307693,0.0,True,0.0002945260234779316,0.25,0.00010381597876221691,0.9999984502792358,13.146115375814594,0.0,0.000520697734964853,8.331250520703157e-05,0.10344827586206896,0.07692307692307693,0.15384615384615385,0.0,True,0.001556780409811924,0.17209302325581396,0.0008799640104606958,0.9999979734420776,111.42897794738084,0.0,0.0018224420723769851,0.001333000083312505,0.2413793103448276,0.3076923076923077,0.23076923076923078,0.0,True,0.002019607018134388,0.14814814814814814,0.001364438578017708,0.9999978542327881,172.77751636784896,0.0,0.002343139807341838,0.0017495626093476631,0.2413793103448276,0.3076923076923077,0.23076923076923078,0.0,True,0.008751630411915682,0.1,0.009254452963946194,0.9999971389770508,1171.882284929758,0.004149377593360996,0.009719691052677254,0.007914687994667999,0.3103448275862069,0.3076923076923077,0.3076923076923077,0.3333333333333333,XGBoost,fleet,40000,14620,9.01,B_fleet_size,ROAD_ORNL,FS-A,1,3,CIDv2_OpelAstra|CIDv2_Prototype|CTT_Impala
226048,23767,0.10514138590033975,0.5048965086865453,0.10832815804364956,202303,0.02842950277399512,True,0.0,0.0,1.4830854108888132e-05,0.9999965866041385,1.8780164822592278,0.0,0.0,0.0,0.0,0.0,0.0,0.0,True,0.00016830058484453234,0.16666666666666666,9.887236072592087e-05,0.9999954506907143,12.520109881728184,0.012448132780082987,8.678295582747549e-05,0.0,0.10344827586206896,0.0,0.07692307692307693,0.6666666666666666,True,0.0007573526318003955,0.13333333333333333,0.0005784033102466371,0.9999944349980292,73.24264280810988,0.04564315352697095,0.0004339147791373774,0.00016662501041406314,0.20689655172413793,0.15384615384615385,0.15384615384615385,0.6666666666666666,True,0.0009677283628560609,0.1377245508982036,0.0007118809972266303,0.9999942772350836,90.14479114844293,0.06224066390041494,0.000520697734964853,0.00016662501041406314,0.20689655172413793,0.15384615384615385,0.15384615384615385,0.6666666666666666,True,0.007783902049059621,0.10404949381327334,0.007875183531819598,0.9999916142425633,997.2267520796499,0.2821576763485477,0.004165581879718824,0.005748562859285179,0.8275862068965517,0.9230769230769231,0.7692307692307693,0.6666666666666666,HistGB,fleet,40000,20000,33.58,B_fleet_size,ROAD_ORNL,FS-A,0,3,CIDv2_Prototype|CTT_Impala|CTT_Traverse
226048,23767,0.10514138590033975,0.5414854301131576,0.13809837745353648,202303,0.02842950277399512,True,0.0,0.0,0.0,0.9999998807907106,0.0,0.0,0.0,0.0,0.0,0.0,0.0,0.0,True,8.415029242226617e-05,0.4,1.4830854108888132e-05,0.9999998807907104,1.8780164822592278,0.0,0.0,0.00016662501041406314,0.06896551724137931,0.15384615384615385,0.0,0.0,True,0.0013043295325451255,0.3229166666666667,0.00032133517235924283,0.9999997615814209,40.69035711561659,0.0,8.678295582747549e-05,0.0024993751562109472,0.2413793103448276,0.46153846153846156,0.07692307692307693,0.0,True,0.0013043295325451255,0.3229166666666667,0.00032133517235924283,0.9999997615814209,40.69035711561659,0.0,8.678295582747549e-05,0.0024993751562109472,0.2413793103448276,0.46153846153846156,0.07692307692307693,0.0,True,0.024193209071401524,0.2909919028340081,0.006926008868850757,0.9999992847442627,877.0336972150593,0.02074688796680498,0.005727675084613382,0.041989502624343915,0.8275862068965517,0.8461538461538461,0.8461538461538461,0.6666666666666666,XGBoost,fleet,40000,20000,12.64,B_fleet_size,ROAD_ORNL,FS-A,0,3,CIDv2_Prototype|CTT_Impala|CTT_Traverse
226048,23767,0.10514138590033975,0.4892780112352012,0.09878287988053117,202303,0.02842950277399512,True,4.2075146211133085e-05,0.16666666666666666,2.4718090181480216e-05,0.999993905094994,3.130027470432046,0.0,0.0,8.331250520703157e-05,0.034482758620689655,0.07692307692307693,0.0,0.0,True,0.0002524508772667985,0.16666666666666666,0.00014830854108888132,0.999992667694151,18.780164822592276,0.012448132780082987,8.678295582747549e-05,0.00016662501041406314,0.10344827586206896,0.07692307692307693,0.07692307692307693,0.3333333333333333,True,0.001051878655278327,0.08278145695364239,0.0013693821960540041,0.9999901305558082,173.40352186193536,0.03734439834024896,0.0006074806907923284,0.0007498125468632841,0.41379310344827586,0.38461538461538464,0.38461538461538464,0.6666666666666666,True,0.0011360289477005932,0.07736389684813753,0.001591845007687326,0.9999898801410968,201.57376909582376,0.03734439834024896,0.0006074806907923284,0.0009164375572773473,0.4482758620689655,0.46153846153846156,0.38461538461538464,0.6666666666666666,True,0.009887659359616274,0.07904473595694585,0.013535626183378568,0.9999853315859398,1714.0030428085884,0.15352697095435686,0.00807081489195522,0.008747813046738315,0.8620689655172413,0.9230769230769231,0.7692307692307693,1.0,HistGB,fleet,40000,20000,43.06,B_fleet_size,ROAD_ORNL,FS-A,1,3,CIDv2_Prototype|CTT_Impala|CTT_Traverse
226048,23767,0.10514138590033975,0.5046324854332421,0.110036280725327,202303,0.02842950277399512,True,0.0,0.0,0.0,0.9999995231628418,0.0,0.0,0.0,0.0,0.0,0.0,0.0,0.0,True,8.415029242226617e-05,0.16666666666666666,4.943618036296043e-05,0.9999991655349731,6.260054940864092,0.0,0.0,0.00016662501041406314,0.06896551724137931,0.15384615384615385,0.0,0.0,True,0.0014305549711785249,0.21935483870967742,0.0005981777823918212,0.9999985694885254,75.7466647844555,0.0,8.678295582747549e-05,0.002749312671832042,0.27586206896551724,0.5384615384615384,0.07692307692307693,0.0,True,0.0019775318719232548,0.20085470085470086,0.0009244565727873601,0.9999984502792358,117.06302739415852,0.0,0.00017356591165495098,0.003749062734316421,0.27586206896551724,0.5384615384615384,0.07692307692307693,0.0,True,0.012201792401228595,0.13004484304932734,0.009590618990414324,0.9999973773956299,1214.450658527634,0.06639004149377593,0.0037316671005814457,0.019245188702824295,0.896551724137931,1.0,0.8461538461538461,0.6666666666666666,XGBoost,fleet,40000,20000,19.62,B_fleet_size,ROAD_ORNL,FS-A,1,3,CIDv2_Prototype|CTT_Impala|CTT_Traverse
226048,23767,0.10514138590033975,0.6262662781351056,0.20189903154807987,202303,0.02842950277399512,True,0.00012622543863339926,1.0,0.0,0.999987737726051,0.0,0.0,8.678295582747549e-05,0.00016662501041406314,0.10344827586206896,0.15384615384615385,0.07692307692307693,0.0,True,0.003029410527201582,0.8181818181818182,7.909788858073669e-05,0.9999840748901632,10.016087905382546,0.0,0.000520697734964853,0.005498625343664084,0.3103448275862069,0.46153846153846156,0.23076923076923078,0.0,True,0.015062902343585644,0.6325088339222615,0.001028272551549577,0.9999733326715448,130.2091427699731,0.0,0.0021695738956868872,0.027743064233941513,0.5517241379310345,0.6153846153846154,0.6153846153846154,0.0,True,0.0167879833382421,0.6176470588235294,0.0012210736549651228,0.9999715844829822,154.6233570393431,0.0,0.002516705718996789,0.030825626926601683,0.5517241379310345,0.6153846153846154,0.6153846153846154,0.0,True,0.068287962300669,0.42970611596505165,0.010648553250181677,0.9999429830956184,1348.4158342621254,0.029045643153526972,0.038097717608261736,0.09805881862867616,0.7931034482758621,0.9230769230769231,0.7692307692307693,0.3333333333333333,HistGB,fleet,40000,20000,78.91,B_fleet_size,ROAD_ORNL,FS-A,0,3,CIDv2_RenaultClio|CTT_Forester|CTT_Traverse
226048,23767,0.10514138590033975,0.6525333591011337,0.21536866683370773,202303,0.02842950277399512,True,4.2075146211133085e-05,0.5,4.943618036296043e-06,0.9999984502792358,0.6260054940864092,0.0,0.0,8.331250520703157e-05,0.034482758620689655,0.07692307692307693,0.0,0.0,True,0.0018092312870787227,0.7678571428571429,6.426703447184857e-05,0.9999963045120239,8.13807142312332,0.0,8.678295582747549e-05,0.0034991252186953262,0.3103448275862069,0.6153846153846154,0.07692307692307693,0.0,True,0.011654815500483863,0.6873449131513648,0.0006228958725733015,0.9999933242797852,78.87669225488756,0.0,0.0009546125141022303,0.0221611263850704,0.4827586206896552,0.7692307692307693,0.3076923076923077,0.0,True,0.013548197079984853,0.6736401673640168,0.0007712044136621828,0.9999929666519165,97.65685707747984,0.0,0.0011281784257571813,0.025743564108972758,0.5517241379310345,0.7692307692307693,0.46153846153846156,0.0,True,0.062439516977321495,0.45760098674067223,0.00869582412584474,0.9999856948852539,1101.143664097994,0.1825726141078838,0.014753102490670833,0.1058068816129301,0.9655172413793104,1.0,1.0,0.6666666666666666,XGBoost,fleet,40000,20000,13.76,B_fleet_size,ROAD_ORNL,FS-A,0,3,CIDv2_RenaultClio|CTT_Forester|CTT_Traverse
226048,23767,0.10514138590033975,0.6287198308983024,0.20878809159466877,202303,0.02842950277399512,True,0.0002945260234779316,0.7777777777777778,9.887236072592087e-06,0.9999679194105323,1.2520109881728183,0.0,8.678295582747549e-05,0.0004998750312421895,0.13793103448275862,0.23076923076923078,0.07692307692307693,0.0,True,0.0038709134514242436,0.7666666666666667,0.00013842130501628923,0.9999568408489191,17.52815383441946,0.004149377593360996,0.000520697734964853,0.0070815629425976835,0.3448275862068966,0.46153846153846156,0.23076923076923078,0.3333333333333333,True,0.016619682753397567,0.691768826619965,0.0008700767743881037,0.9999399057213277,110.17696695920802,0.02074688796680498,0.004078798923891348,0.02857618928601183,0.6206896551724138,0.6923076923076923,0.5384615384615384,0.6666666666666666,True,0.018513064332898555,0.6537890044576523,0.0011518630024569781,0.999937290240712,145.85928012213336,0.03319502074688797,0.0044259307472012495,0.03174206448387903,0.6206896551724138,0.6923076923076923,0.5384615384615384,0.6666666666666666,True,0.07788109563680734,0.4139087656529517,0.01295722287313193,0.9998891424965037,1640.7604000004787,0.34439834024896265,0.03497353119847262,0.1137215696075981,0.9310344827586207,0.9230769230769231,1.0,0.6666666666666666,HistGB,fleet,40000,20000,71.03,B_fleet_size,ROAD_ORNL,FS-A,1,3,CIDv2_RenaultClio|CTT_Forester|CTT_Traverse
226048,23767,0.10514138590033975,0.6203200951098612,0.1896447334256382,202303,0.02842950277399512,True,0.0,0.0,9.887236072592087e-06,0.9999994039535522,1.2520109881728183,0.0,0.0,0.0,0.0,0.0,0.0,0.0,True,0.001051878655278327,0.5,0.0001235904509074011,0.999998927116394,15.650137352160232,0.0,0.0,0.0020828126301757894,0.20689655172413793,0.46153846153846156,0.0,0.0,True,0.007994277780115286,0.48223350253807107,0.0010084980794043928,0.9999980926513672,127.70512079362747,0.0,0.0004339147791373774,0.015412813463300841,0.4827586206896552,0.7692307692307693,0.3076923076923077,0.0,True,0.00900408128918248,0.4533898305084746,0.0012754534533643792,0.9999979734420776,161.50941747429357,0.0,0.0006074806907923284,0.017245688577855536,0.5172413793103449,0.7692307692307693,0.38461538461538464,0.0,True,0.06487987545756721,0.4137375905554065,0.010801805409306855,0.9999947547912598,1367.8220045788041,0.0,0.011542133125054239,0.11738731983670748,0.896551724137931,1.0,1.0,0.0,XGBoost,fleet,40000,20000,19.46,B_fleet_size,ROAD_ORNL,FS-A,1,3,CIDv2_RenaultClio|CTT_Forester|CTT_Traverse
226048,23767,0.10514138590033975,0.3463303935475414,0.07445139079927605,202303,0.02842950277399512,True,0.0,0.0,0.0,0.999994698608468,0.0,0.0,0.0,0.0,0.0,0.0,0.0,0.0,True,0.0,0.0,0.00012853406894369713,0.9999930534092524,16.27614284624664,0.0,0.0,0.0,0.0,0.0,0.0,0.0,True,4.2075146211133085e-05,0.0037174721189591076,0.0013248896337273396,0.9999911515832234,167.76947241515768,0.0,8.678295582747549e-05,0.0,0.034482758620689655,0.0,0.07692307692307693,0.0,True,8.415029242226617e-05,0.006369426751592357,0.0015424088273243656,0.9999909272537222,195.31371415495968,0.0,8.678295582747549e-05,8.331250520703157e-05,0.06896551724137931,0.07692307692307693,0.07692307692307693,0.0,True,0.002145832456767787,0.01810436634717785,0.013674047488394857,0.999987364703995,1731.5311966430081,0.0,0.002082790939859412,0.0022494376405898524,0.6896551724137931,0.7692307692307693,0.7692307692307693,0.0,HistGB,fleet,40000,20000,51.3,B_fleet_size,ROAD_ORNL,FS-A,0,3,CTT_Forester|CTT_Impala|CTT_Silverado
226048,23767,0.10514138590033975,0.5020531197022567,0.11419189816866895,202303,0.02842950277399512,True,0.0,0.0,9.887236072592087e-06,0.9999988079071046,1.2520109881728183,0.0,0.0,0.0,0.0,0.0,0.0,0.0,True,0.0003366011696890647,0.2222222222222222,0.00013842130501628923,0.9999982118606567,17.52815383441946,0.0,0.0,0.0006665000416562525,0.13793103448275862,0.3076923076923077,0.0,0.0,True,0.0009256532166449278,0.1301775147928994,0.0007267118513355184,0.999997615814209,92.02280763070215,0.0,8.678295582747549e-05,0.0017495626093476631,0.2413793103448276,0.46153846153846156,0.07692307692307693,0.0,True,0.0013884798249673917,0.15714285714285714,0.0008750203924243997,0.9999974966049194,110.80297245329443,0.0,8.678295582747549e-05,0.00266600016662501,0.2413793103448276,0.46153846153846156,0.07692307692307693,0.0,True,0.013464046787562587,0.17534246575342466,0.0074401451446255455,0.9999957084655762,942.1382686000459,0.0,0.004165581879718824,0.02266100141631259,0.6551724137931034,0.7692307692307693,0.6923076923076923,0.0,XGBoost,fleet,40000,20000,12.14,B_fleet_size,ROAD_ORNL,FS-A,0,3,CTT_Forester|CTT_Impala|CTT_Silverado
226048,23767,0.10514138590033975,0.5307761539993175,0.11975970369748963,202303,0.02842950277399512,True,0.0,0.0,1.9774472145184173e-05,0.9999882477094917,2.5040219763456366,0.0,0.0,0.0,0.0,0.0,0.0,0.0,True,0.0004628266083224639,0.22448979591836735,0.00018785748537924967,0.9999823731452193,23.788208775283554,0.0,0.0,0.0009164375572773473,0.1724137931034483,0.38461538461538464,0.0,0.0,True,0.0032397862582572473,0.22,0.0013496077239088199,0.9999748711870737,170.8994998855897,0.0,0.0006074806907923284,0.00583187536449221,0.3448275862068966,0.38461538461538464,0.38461538461538464,0.0,True,0.0037446880127908443,0.20135746606334842,0.0017450971668125034,0.9999738065753679,220.97993941250246,0.0,0.0006942636466198039,0.006748312921769558,0.3448275862068966,0.38461538461538464,0.38461538461538464,0.0,True,0.02962090293263769,0.1790437436419125,0.01595799902116363,0.999957107383341,2020.745734910929,0.0,0.01076108652260696,0.048321253020078316,0.7241379310344828,0.8461538461538461,0.7692307692307693,0.0,HistGB,fleet,40000,20000,38.72,B_fleet_size,ROAD_ORNL,FS-A,1,3,CTT_Forester|CTT_Impala|CTT_Silverado
226048,23767,0.10514138590033975,0.6044571348418071,0.1452625769186242,202303,0.02842950277399512,True,0.00021037573105566542,0.45454545454545453,2.9661708217776263e-05,0.999996542930603,3.7560329645184556,0.0,0.0,0.00041656252603515786,0.10344827586206896,0.23076923076923078,0.0,0.0,True,0.0008415029242226617,0.4,0.00014830854108888132,0.9999953508377075,18.780164822592276,0.0,0.0,0.0016662501041406314,0.20689655172413793,0.46153846153846156,0.0,0.0,True,0.006058821054403164,0.32,0.0015127471191065894,0.999992847442627,191.55768119044123,0.0,0.0006074806907923284,0.011413813213363325,0.3793103448275862,0.5384615384615384,0.3076923076923077,0.0,True,0.0074893760255816885,0.3212996389891697,0.0018588003816473124,0.9999924898147583,235.37806577648988,0.0,0.0007810466024472793,0.014079813379988336,0.41379310344827586,0.6153846153846154,0.3076923076923077,0.0,True,0.0330710649219506,0.20352149145520457,0.015206569079646631,0.9999874830245972,1925.592899809795,0.0,0.011021435390089386,0.05490294093143381,0.8275862068965517,1.0,0.8461538461538461,0.0,XGBoost,fleet,40000,20000,11.75,B_fleet_size,ROAD_ORNL,FS-A,1,3,CTT_Forester|CTT_Impala|CTT_Silverado
226048,23767,0.10514138590033975,0.5418852495639153,0.12002341211625839,202303,0.02842950277399512,True,4.2075146211133085e-05,0.07692307692307693,5.9323416435552526e-05,0.9999854176998151,7.512065929036911,0.0,8.678295582747549e-05,0.0,0.034482758620689655,0.0,0.07692307692307693,0.0,True,0.00012622543863339926,0.04411764705882353,0.00032133517235924283,0.9999764176186643,40.69035711561659,0.0,0.0002603488674824265,0.0,0.034482758620689655,0.0,0.07692307692307693,0.0,True,0.001009803509067194,0.06997084548104957,0.001577014153578438,0.9999600874082188,199.69575261356454,0.004149377593360996,0.0009546125141022303,0.000999750062484379,0.41379310344827586,0.38461538461538464,0.46153846153846156,0.3333333333333333,True,0.0013464046787562587,0.07766990291262135,0.0018785748537924966,0.9999580115272879,237.88208775283553,0.004149377593360996,0.0013017443374121322,0.001333000083312505,0.5172413793103449,0.5384615384615384,0.5384615384615384,0.3333333333333333,True,0.018639289771531956,0.13469139556096077,0.01406953693129854,0.9999217700974756,1781.6116361699208,0.004149377593360996,0.01249674563915647,0.02482712655169541,0.8275862068965517,0.9230769230769231,0.8461538461538461,0.3333333333333333,HistGB,fleet,40000,20000,46.74,B_fleet_size,ROAD_ORNL,FS-A,0,3,CTT_Forester|CTT_Silverado|CTT_Traverse
226048,23767,0.10514138590033975,0.6172959939747658,0.15318093514219372,202303,0.02842950277399512,True,0.0,0.0,0.0,0.9999961853027344,0.0,0.0,0.0,0.0,0.0,0.0,0.0,0.0,True,0.0010939538014894602,0.3132530120481928,0.0002817862280688745,0.999990701675415,35.682313162925325,0.0,8.678295582747549e-05,0.0020828126301757894,0.2413793103448276,0.46153846153846156,0.07692307692307693,0.0,True,0.0055959944460807,0.296875,0.0015572396814332538,0.9999864101409912,197.1917306372189,0.0,0.0013017443374121322,0.009830875614429725,0.5862068965517241,0.8461538461538461,0.46153846153846156,0.0,True,0.006774098539992427,0.30842911877394635,0.0017846461111028717,0.9999858140945435,225.9879833651937,0.0,0.0015620932048945586,0.011913688244605515,0.5862068965517241,0.8461538461538461,0.46153846153846156,0.0,True,0.03176673538940548,0.22304283604135894,0.013001715435458595,0.9999756813049316,1646.3944494472562,0.058091286307053944,0.010240388787642107,0.05190369074398067,0.8620689655172413,0.9230769230769231,0.8461538461538461,0.6666666666666666,XGBoost,fleet,40000,20000,13.47,B_fleet_size,ROAD_ORNL,FS-A,0,3,CTT_Forester|CTT_Silverado|CTT_Traverse
226048,23767,0.10514138590033975,0.5648360981151093,0.12872720126840412,202303,0.02842950277399512,True,0.0,0.0,2.9661708217776263e-05,0.9999935764125936,3.7560329645184556,0.0,0.0,0.0,0.0,0.0,0.0,0.0,True,0.0002524508772667985,0.13043478260869565,0.00019774472145184173,0.9999914427511333,25.040219763456367,0.0,0.0,0.0004998750312421895,0.10344827586206896,0.23076923076923078,0.0,0.0,True,0.002356208187823453,0.17337461300309598,0.0013199460156910437,0.9999879769366339,167.14346692107128,0.0,0.0007810466024472793,0.003915687744730484,0.4827586206896552,0.6923076923076923,0.38461538461538464,0.0,True,0.003071485673412715,0.1750599520383693,0.001700604604485839,0.9999874129622175,215.34588996572478,0.0,0.0012149613815846567,0.004915437807214863,0.4827586206896552,0.6923076923076923,0.38461538461538464,0.0,True,0.024782261118357386,0.1718203033838973,0.014034931605044468,0.9999804480753974,1777.2295977113158,0.004149377593360996,0.013798489976568603,0.035741064733816545,0.8275862068965517,0.8461538461538461,0.9230769230769231,0.3333333333333333,HistGB,fleet,40000,20000,45.11,B_fleet_size,ROAD_ORNL,FS-A,1,3,CTT_Forester|CTT_Silverado|CTT_Traverse
226048,23767,0.10514138590033975,0.5155282113691023,0.10962574802365858,202303,0.02842950277399512,True,0.0,0.0,4.943618036296043e-06,0.9999989271163942,0.6260054940864092,0.0,0.0,0.0,0.0,0.0,0.0,0.0,True,0.0,0.0,3.9548944290368346e-05,0.9999985694885254,5.008043952691273,0.0,0.0,0.0,0.0,0.0,0.0,0.0,True,0.0008415029242226617,0.18518518518518517,0.00043503838719405184,0.9999978542327881,55.08848347960401,0.004149377593360996,0.0,0.0015829375989336,0.1724137931034483,0.3076923076923077,0.0,0.3333333333333333,True,0.0011360289477005932,0.1875,0.0005784033102466371,0.9999977350234985,73.24264280810988,0.004149377593360996,8.678295582747549e-05,0.0020828126301757894,0.27586206896551724,0.46153846153846156,0.07692307692307693,0.3333333333333333,True,0.007405225733159423,0.10686095931997572,0.00727206213139148,0.9999960660934448,920.854081801108,0.012448132780082987,0.001996007984031936,0.012496875781054736,0.6896551724137931,0.8461538461538461,0.5384615384615384,0.6666666666666666,XGBoost,fleet,40000,20000,11.89,B_fleet_size,ROAD_ORNL,FS-A,1,3,CTT_Forester|CTT_Silverado|CTT_Traverse
226048,23767,0.10514138590033975,0.5831276850527267,0.14420742722886595,202303,0.02842950277399512,True,0.0,0.0,1.4830854108888132e-05,0.9999678336216438,1.8780164822592278,0.0,0.0,0.0,0.0,0.0,0.0,0.0,True,0.0,0.0,0.00012853406894369713,0.9999589694298398,16.27614284624664,0.0,0.0,0.0,0.0,0.0,0.0,0.0,True,0.0012201792401228594,0.14009661835748793,0.0008799640104606958,0.9999411885436644,111.42897794738084,0.0,0.0004339147791373774,0.001999500124968758,0.3103448275862069,0.5384615384615384,0.15384615384615385,0.0,True,0.0018933815795009888,0.16666666666666666,0.0011123140581666099,0.9999385799986801,140.8512361694421,0.0,0.000520697734964853,0.0032491877030742314,0.3448275862068966,0.5384615384615384,0.23076923076923078,0.0,True,0.03269238860605041,0.2890625,0.00944725406736174,0.9998889272227726,1196.2964991991282,0.029045643153526972,0.010500737655124534,0.05406981587936349,0.896551724137931,0.9230769230769231,0.8461538461538461,1.0,HistGB,fleet,40000,20000,62.06,B_fleet_size,ROAD_ORNL,FS-A,0,4,CIDv2_OpelAstra|CIDv2_Prototype|CIDv2_RenaultClio|CTT_Forester
226048,23767,0.10514138590033975,0.5625564737821476,0.14548624121611353,202303,0.02842950277399512,True,4.2075146211133085e-05,0.3333333333333333,9.887236072592087e-06,0.999994158744812,1.2520109881728183,0.0,0.0,8.331250520703157e-05,0.034482758620689655,0.07692307692307693,0.0,0.0,True,0.00012622543863339926,0.3333333333333333,2.9661708217776263e-05,0.9999899864196777,3.7560329645184556,0.0,0.0,0.00024993751562109475,0.06896551724137931,0.15384615384615385,0.0,0.0,True,0.0038709134514242436,0.4017467248908297,0.000677275670972558,0.9999752044677734,85.76275268983807,0.0,0.00034713182330990195,0.007331500458218778,0.41379310344827586,0.6923076923076923,0.23076923076923078,0.0,True,0.0052593932763916355,0.390625,0.0009640055170777285,0.9999721050262451,122.0710713468498,0.0,0.0004339147791373774,0.009997500624843789,0.4482758620689655,0.6923076923076923,0.3076923076923077,0.0,True,0.04013968948542096,0.29471733086190915,0.011286279976863867,0.9999188184738159,1429.1705429992721,0.0,0.00902542740605745,0.07081562942597684,0.7241379310344828,0.7692307692307693,0.8461538461538461,0.0,XGBoost,fleet,40000,20000,12.74,B_fleet_size,ROAD_ORNL,FS-A,0,4,CIDv2_OpelAstra|CIDv2_Prototype|CIDv2_RenaultClio|CTT_Forester
226048,23767,0.10514138590033975,0.5355459504151509,0.11533877703686182,202303,0.02842950277399512,True,0.0,0.0,0.0,0.9999726570496718,0.0,0.0,0.0,0.0,0.0,0.0,0.0,0.0,True,4.2075146211133085e-05,0.025,0.0001928011034155457,0.9999513936065473,24.41421426936996,0.0,0.0,8.331250520703157e-05,0.034482758620689655,0.07692307692307693,0.0,0.0,True,0.0005890520469558632,0.05668016194331984,0.0011518630024569781,0.9999291980633389,145.85928012213336,0.0,0.0004339147791373774,0.0007498125468632841,0.27586206896551724,0.3076923076923077,0.3076923076923077,0.0,True,0.0006732023393781294,0.04804804804804805,0.0015671269175058459,0.999925519575327,198.4437416253917,0.0,0.0006074806907923284,0.0007498125468632841,0.27586206896551724,0.3076923076923077,0.3076923076923077,0.0,True,0.006227121639247696,0.06083025071927661,0.01129616721293646,0.9998893895096994,1430.4225539874449,0.0,0.007897248980300269,0.0047488127968008,0.5862068965517241,0.46153846153846156,0.8461538461538461,0.0,HistGB,fleet,40000,20000,36.18,B_fleet_size,ROAD_ORNL,FS-A,1,4,CIDv2_OpelAstra|CIDv2_Prototype|CIDv2_RenaultClio|CTT_Forester
226048,23767,0.10514138590033975,0.5269517206872025,0.1297284659387533,202303,0.02842950277399512,True,4.2075146211133085e-05,1.0,0.0,0.999953031539917,0.0,0.0,0.0,8.331250520703157e-05,0.034482758620689655,0.07692307692307693,0.0,0.0,True,0.0007152774855892624,0.425,0.000113703214834809,0.9999003410339355,14.398126363987412,0.0,0.0,0.0014163125885195368,0.20689655172413793,0.46153846153846156,0.0,0.0,True,0.004375815205957841,0.40625,0.0007514299415169987,0.9998183846473694,95.15283510113422,0.0,0.0004339147791373774,0.008247938015496127,0.3448275862068966,0.6153846153846154,0.15384615384615385,0.0,True,0.005385618715025035,0.3987538940809969,0.0009541182810051364,0.9998036026954651,120.81906035867698,0.0,0.0007810466024472793,0.009914188119636758,0.4482758620689655,0.6153846153846154,0.38461538461538464,0.0,True,0.029662978078848823,0.2512473271560941,0.010386541494257988,0.9995471835136414,1315.2375430755458,0.03734439834024896,0.007550117156990367,0.05073731567108223,0.8275862068965517,0.7692307692307693,0.9230769230769231,0.6666666666666666,XGBoost,fleet,40000,20000,12.0,B_fleet_size,ROAD_ORNL,FS-A,1,4,CIDv2_OpelAstra|CIDv2_Prototype|CIDv2_RenaultClio|CTT_Forester
226048,23767,0.10514138590033975,0.4600542004120624,0.10121896960161536,202303,0.02842950277399512,True,0.0,0.0,9.887236072592087e-06,0.9999982018023995,1.2520109881728183,0.0,0.0,0.0,0.0,0.0,0.0,0.0,True,0.0002945260234779316,0.17073170731707318,0.00016808301323406548,0.9999967195206665,21.284186798937913,0.0,0.0002603488674824265,0.0003332500208281263,0.13793103448275862,0.23076923076923078,0.07692307692307693,0.0,True,0.0018513064332898556,0.1752988047808765,0.001023328933513281,0.999994725867136,129.5831372758867,0.0,0.0008678295582747548,0.0028326251770390736,0.27586206896551724,0.46153846153846156,0.15384615384615385,0.0,True,0.002061682164345521,0.15457413249211358,0.0013248896337273396,0.9999944229798738,167.76947241515768,0.0,0.001041395469929706,0.0030825626926601684,0.3448275862068966,0.46153846153846156,0.3076923076923077,0.0,True,0.012454243278495392,0.12343619683069225,0.010391485112294284,0.9999891731716158,1315.8635485696323,0.004149377593360996,0.00711620237785299,0.017745563609097726,0.7586206896551724,0.9230769230769231,0.6923076923076923,0.3333333333333333,HistGB,fleet,40000,20000,48.23,B_fleet_size,ROAD_ORNL,FS-A,0,4,CIDv2_OpelAstra|CIDv2_Prototype|CIDv2_RenaultClio|CTT_Silverado
226048,23767,0.10514138590033975,0.4051911233610944,0.08451668777273727,202303,0.02842950277399512,True,0.0,0.0,1.4830854108888132e-05,0.9999991655349731,1.8780164822592278,0.0,0.0,0.0,0.0,0.0,0.0,0.0,True,0.0,0.0,2.4718090181480216e-05,0.9999990463256836,3.130027470432046,0.0,0.0,0.0,0.0,0.0,0.0,0.0,True,8.415029242226617e-05,0.0196078431372549,0.0004943618036296044,0.9999985694885254,62.60054940864093,0.0,0.0,0.00016662501041406314,0.034482758620689655,0.07692307692307693,0.0,0.0,True,0.00016830058484453234,0.0213903743315508,0.000904682100642176,0.9999984502792358,114.55900541781288,0.0,0.0,0.0003332500208281263,0.06896551724137931,0.15384615384615385,0.0,0.0,True,0.0036184625741574454,0.05014577259475218,0.008053153781126254,0.9999974966049194,1019.7629498667606,0.0,0.002343139807341838,0.004915437807214863,0.5862068965517241,0.6153846153846154,0.6923076923076923,0.0,XGBoost,fleet,40000,20000,10.98,B_fleet_size,ROAD_ORNL,FS-A,0,4,CIDv2_OpelAstra|CIDv2_Prototype|CIDv2_RenaultClio|CTT_Silverado
226048,23767,0.10514138590033975,0.36053936330464176,0.07614982427034299,202303,0.02842950277399512,True,0.0,0.0,9.887236072592087e-06,0.999997174765418,1.2520109881728183,0.0,0.0,0.0,0.0,0.0,0.0,0.0,True,0.0,0.0,0.00010381597876221691,0.9999953100116182,13.146115375814594,0.0,0.0,0.0,0.0,0.0,0.0,0.0,True,0.0003366011696890647,0.03669724770642202,0.0010381597876221692,0.9999939322609883,131.46115375814594,0.0,8.678295582747549e-05,0.0005831875364492211,0.20689655172413793,0.38461538461538464,0.07692307692307693,0.0,True,0.0004628266083224639,0.039285714285714285,0.0013298332517636356,0.999993741711817,168.39547790924408,0.0,0.00017356591165495098,0.0007498125468632841,0.2413793103448276,0.38461538461538464,0.15384615384615385,0.0,True,0.0037026128665797113,0.037146475306036306,0.011276392740791275,0.9999914794650218,1427.9185320110994,0.0,0.0032109693656165927,0.00424893776555861,0.5862068965517241,0.6923076923076923,0.6153846153846154,0.0,HistGB,fleet,40000,20000,38.44,B_fleet_size,ROAD_ORNL,FS-A,1,4,CIDv2_OpelAstra|CIDv2_Prototype|CIDv2_RenaultClio|CTT_Silverado
226048,23767,0.10514138590033975,0.45013989185821923,0.09401112592186024,202303,0.02842950277399512,True,0.0,0.0,0.0,0.9999995231628419,0.0,0.0,0.0,0.0,0.0,0.0,0.0,0.0,True,0.0,0.0,1.9774472145184173e-05,0.9999995231628418,2.5040219763456366,0.0,0.0,0.0,0.0,0.0,0.0,0.0,True,8.415029242226617e-05,0.0392156862745098,0.00024223728377850614,0.9999992847442627,30.674269210234055,0.0,0.0,0.00016662501041406314,0.06896551724137931,0.15384615384615385,0.0,0.0,True,0.00021037573105566542,0.043478260869565216,0.0005437979839925648,0.9999991655349731,68.86060434950501,0.0,0.0,0.00041656252603515786,0.10344827586206896,0.23076923076923078,0.0,0.0,True,0.002482433626456852,0.052397868561278864,0.005274840444727879,0.9999985694885254,667.9478621901987,0.0,0.0014753102490670832,0.0034991252186953262,0.6551724137931034,0.9230769230769231,0.5384615384615384,0.0,XGBoost,fleet,40000,20000,11.13,B_fleet_size,ROAD_ORNL,FS-A,1,4,CIDv2_OpelAstra|CIDv2_Prototype|CIDv2_RenaultClio|CTT_Silverado
226048,23767,0.10514138590033975,0.4623089250678292,0.0983036797656659,202303,0.02842950277399512,True,8.415029242226617e-05,1.0,0.0,0.9999969762604505,0.0,0.008298755186721992,0.0,0.0,0.034482758620689655,0.0,0.0,0.3333333333333333,True,0.0003366011696890647,0.4444444444444444,4.943618036296043e-05,0.9999957251027441,6.260054940864092,0.02074688796680498,8.678295582747549e-05,0.00016662501041406314,0.1724137931034483,0.15384615384615385,0.07692307692307693,0.6666666666666666,True,0.0013884798249673917,0.17277486910994763,0.0007810916497347749,0.9999944799019325,98.90886806565267,0.07468879668049792,0.0004339147791373774,0.0008331250520703157,0.3448275862068966,0.38461538461538464,0.23076923076923078,0.6666666666666666,True,0.001556780409811924,0.15416666666666667,0.0010035544613680968,0.9999943355055195,127.07911529954106,0.08298755186721991,0.0006074806907923284,0.0008331250520703157,0.3793103448275862,0.38461538461538464,0.3076923076923077,0.6666666666666666,True,0.01241216813228426,0.11706349206349206,0.010999550130758698,0.9999922284474463,1392.8622243422608,0.29045643153526973,0.0072897682895079405,0.011747063234191453,0.8620689655172413,0.9230769230769231,0.8461538461538461,0.6666666666666666,HistGB,fleet,40000,20000,38.0,B_fleet_size,ROAD_ORNL,FS-A,0,4,CIDv2_OpelAstra|CIDv2_Prototype|CTT_Silverado|CTT_Traverse
226048,23767,0.10514138590033975,0.48229723755356213,0.1031886528061026,202303,0.02842950277399512,True,0.0,0.0,4.943618036296043e-06,0.9999995231628419,0.6260054940864092,0.0,0.0,0.0,0.0,0.0,0.0,0.0,True,0.00012622543863339926,0.09375,0.00014336492305258526,0.9999994039535522,18.154159328505866,0.0,0.00017356591165495098,8.331250520703157e-05,0.10344827586206896,0.07692307692307693,0.15384615384615385,0.0,True,0.0006732023393781294,0.07111111111111111,0.0010332161695858731,0.9999990463256836,130.83514826405954,0.0,0.0006942636466198039,0.0006665000416562525,0.2413793103448276,0.23076923076923078,0.3076923076923077,0.0,True,0.0006732023393781294,0.07111111111111111,0.0010332161695858731,0.9999990463256836,130.83514826405954,0.0,0.0006942636466198039,0.0006665000416562525,0.2413793103448276,0.23076923076923078,0.3076923076923077,0.0,True,0.010560861698994404,0.10640101738024586,0.01042114682051206,0.9999982118606567,1319.6195815341507,0.0,0.008765078538575024,0.012496875781054736,0.5862068965517241,0.6153846153846154,0.6923076923076923,0.0,XGBoost,fleet,40000,20000,10.95,B_fleet_size,ROAD_ORNL,FS-A,0,4,CIDv2_OpelAstra|CIDv2_Prototype|CTT_Silverado|CTT_Traverse
226048,23767,0.10514138590033975,0.4754494680390452,0.10138295441818904,202303,0.02842950277399512,True,0.0,0.0,0.0,0.9999986006506718,0.0,0.0,0.0,0.0,0.0,0.0,0.0,0.0,True,0.0003366011696890647,0.5333333333333333,3.4605326254072306e-05,0.9999974687827642,4.382038458604865,0.012448132780082987,0.0,0.00041656252603515786,0.1724137931034483,0.23076923076923078,0.0,0.6666666666666666,True,0.0017671561408675895,0.1510791366906475,0.0011666938565658663,0.9999961485059184,147.73729660439258,0.02074688796680498,0.0007810466024472793,0.0023327501457968843,0.4482758620689655,0.46153846153846156,0.38461538461538464,0.6666666666666666,True,0.002019607018134388,0.14860681114551083,0.001359494959981412,0.9999960234281687,172.15151087376253,0.02074688796680498,0.0009546125141022303,0.00266600016662501,0.4827586206896552,0.46153846153846156,0.46153846153846156,0.6666666666666666,True,0.01241216813228426,0.13682745825602968,0.009200073165546937,0.9999942948096286,1164.9962244948074,0.058091286307053944,0.00711620237785299,0.016579188536199285,0.9655172413793104,1.0,1.0,0.6666666666666666,HistGB,fleet,40000,20000,62.84,B_fleet_size,ROAD_ORNL,FS-A,1,4,CIDv2_OpelAstra|CIDv2_Prototype|CTT_Silverado|CTT_Traverse
226048,23767,0.10514138590033975,0.4239596004364102,0.08953832322302795,202303,0.02842950277399512,True,0.0,0.0,9.887236072592087e-06,0.9999992847442627,1.2520109881728183,0.0,0.0,0.0,0.0,0.0,0.0,0.0,True,0.0,0.0,4.943618036296043e-05,0.9999991655349731,6.260054940864092,0.0,0.0,0.0,0.0,0.0,0.0,0.0,True,0.00042075146211133083,0.07936507936507936,0.000573459692210341,0.9999988079071045,72.61663731402346,0.0,0.0002603488674824265,0.0005831875364492211,0.1724137931034483,0.23076923076923078,0.15384615384615385,0.0,True,0.0009677283628560609,0.11219512195121951,0.0008997384826058799,0.9999986886978149,113.93299992372647,0.0,0.0004339147791373774,0.0014996250937265683,0.3448275862068966,0.5384615384615384,0.23076923076923078,0.0,True,0.007236925148314891,0.1011169900058789,0.007558791977496651,0.9999980926513672,957.1624004581198,0.008298755186721992,0.004165581879718824,0.010164125635257853,0.5517241379310345,0.6153846153846154,0.5384615384615384,0.3333333333333333,XGBoost,fleet,40000,20000,23.11,B_fleet_size,ROAD_ORNL,FS-A,1,4,CIDv2_OpelAstra|CIDv2_Prototype|CTT_Silverado|CTT_Traverse
226048,23767,0.10514138590033975,0.5024382890539049,0.10320465844312394,202303,0.02842950277399512,True,0.0,0.0,9.887236072592087e-06,0.99998992071386,1.2520109881728183,0.0,0.0,0.0,0.0,0.0,0.0,0.0,True,4.2075146211133085e-05,0.07142857142857142,6.426703447184857e-05,0.9999867246150895,8.13807142312332,0.004149377593360996,0.0,0.0,0.034482758620689655,0.0,0.0,0.3333333333333333,True,0.00037867631590019776,0.039473684210526314,0.0010826523499488335,0.9999813263393721,137.09520320492362,0.008298755186721992,0.00017356591165495098,0.00041656252603515786,0.2413793103448276,0.3076923076923077,0.15384615384615385,0.3333333333333333,True,0.0005890520469558632,0.0472972972972973,0.0013941002862354842,0.9999803937968492,176.53354933236741,0.016597510373443983,0.00017356591165495098,0.0006665000416562525,0.3103448275862069,0.38461538461538464,0.15384615384615385,0.6666666666666666,True,0.00913030672781588,0.078113750899928,0.012660605790954167,0.9999690175863778,1603.200070355294,0.11203319502074689,0.005988023952095809,0.01008081313005082,0.6896551724137931,0.6923076923076923,0.6923076923076923,0.6666666666666666,HistGB,fleet,40000,20000,47.79,B_fleet_size,ROAD_ORNL,FS-A,0,4,CIDv2_Prototype|CTT_Forester|CTT_Silverado|CTT_Traverse
226048,23767,0.10514138590033975,0.5350557239281442,0.11841868072957709,202303,0.02842950277399512,True,0.0,0.0,0.0,0.9999994039535524,0.0,0.0,0.0,0.0,0.0,0.0,0.0,0.0,True,0.0,0.0,7.415427054444066e-05,0.9999992847442627,9.390082411296138,0.0,0.0,0.0,0.0,0.0,0.0,0.0,True,0.0007573526318003955,0.1276595744680851,0.0006080650184644133,0.9999990463256836,76.99867577262833,0.0,8.678295582747549e-05,0.0014163125885195368,0.2413793103448276,0.46153846153846156,0.07692307692307693,0.0,True,0.0018513064332898556,0.14814814814814814,0.0012507353631828991,0.999998927116394,158.37939000386154,0.0,0.000520697734964853,0.0031658751978672,0.3793103448275862,0.5384615384615384,0.3076923076923077,0.0,True,0.0113182143307948,0.1220508166969147,0.009565900900232844,0.9999983310699463,1211.3206310572016,0.0,0.004512713703028725,0.01807881362992585,0.7586206896551724,0.8461538461538461,0.8461538461538461,0.0,XGBoost,fleet,40000,20000,11.35,B_fleet_size,ROAD_ORNL,FS-A,0,4,CIDv2_Prototype|CTT_Forester|CTT_Silverado|CTT_Traverse
226048,23767,0.10514138590033975,0.4465408218618696,0.08838435969977249,202303,0.02842950277399512,True,0.0,0.0,0.0,0.9999937609511274,0.0,0.0,0.0,0.0,0.0,0.0,0.0,0.0,True,8.415029242226617e-05,0.05405405405405406,0.00017302663127036154,0.9999861801260016,21.910192293024327,0.008298755186721992,0.0,0.0,0.06896551724137931,0.0,0.0,0.6666666666666666,True,0.0004628266083224639,0.05,0.0010332161695858731,0.9999799041181404,130.83514826405954,0.016597510373443983,0.00034713182330990195,0.00024993751562109475,0.20689655172413793,0.07692307692307693,0.23076923076923078,0.6666666666666666,True,0.0005890520469558632,0.054474708171206226,0.0012012991828199385,0.9999793423808302,152.11933506299744,0.016597510373443983,0.000520697734964853,0.0003332500208281263,0.2413793103448276,0.07692307692307693,0.3076923076923077,0.6666666666666666,True,0.004628266083224639,0.04961659900766802,0.010416203202475764,0.9999690540283157,1318.9935760400642,0.06224066390041494,0.005814458040440857,0.0023327501457968843,0.5517241379310345,0.23076923076923078,0.8461538461538461,0.6666666666666666,HistGB,fleet,40000,20000,41.84,B_fleet_size,ROAD_ORNL,FS-A,1,4,CIDv2_Prototype|CTT_Forester|CTT_Silverado|CTT_Traverse
226048,23767,0.10514138590033975,0.5284807064277791,0.11466605172776066,202303,0.02842950277399512,True,0.0,0.0,4.943618036296043e-06,0.999998688697815,0.6260054940864092,0.0,0.0,0.0,0.0,0.0,0.0,0.0,True,8.415029242226617e-05,0.09523809523809523,9.392874268962483e-05,0.9999984502792358,11.894104387641777,0.0,0.0,0.00016662501041406314,0.06896551724137931,0.15384615384615385,0.0,0.0,True,0.0006732023393781294,0.06751054852320675,0.0010925395860214256,0.999997615814209,138.34721419309645,0.0,0.0002603488674824265,0.0010830625676914105,0.2413793103448276,0.38461538461538464,0.15384615384615385,0.0,True,0.0009677283628560609,0.08041958041958042,0.0013001715435458595,0.9999974966049194,164.63944494472562,0.0,0.00034713182330990195,0.0015829375989336,0.3103448275862069,0.46153846153846156,0.23076923076923078,0.0,True,0.013548197079984853,0.12206216830932524,0.011449419372061637,0.9999953508377075,1449.8287243041236,0.03319502074688797,0.006421938731233185,0.019995001249687578,0.8275862068965517,0.9230769230769231,0.7692307692307693,0.6666666666666666,XGBoost,fleet,40000,20000,13.4,B_fleet_size,ROAD_ORNL,FS-A,1,4,CIDv2_Prototype|CTT_Forester|CTT_Silverado|CTT_Traverse
226048,23767,0.10514138590033975,0.49225309770892856,0.10266386130442791,202303,0.02842950277399512,True,0.0,0.0,4.943618036296043e-06,0.999988237162933,0.6260054940864092,0.0,0.0,0.0,0.0,0.0,0.0,0.0,True,0.00016830058484453234,0.17391304347826086,9.392874268962483e-05,0.9999851801114106,11.894104387641777,0.0,0.00017356591165495098,0.00016662501041406314,0.10344827586206896,0.15384615384615385,0.07692307692307693,0.0,True,0.0014305549711785249,0.1691542288557214,0.0008255842120614392,0.9999794490776244,104.54291751243034,0.0,0.0007810466024472793,0.0020828126301757894,0.3103448275862069,0.46153846153846156,0.23076923076923078,0.0,True,0.0017250809946564565,0.17083333333333334,0.0009837799892229127,0.9999786734949434,124.57509332319545,0.0,0.0009546125141022303,0.0024993751562109472,0.3103448275862069,0.46153846153846156,0.23076923076923078,0.0,True,0.011107838599739133,0.10576923076923077,0.01103415545701277,0.9999685940280068,1397.2442628008655,0.03319502074688797,0.008504729671092597,0.01316337582271099,0.8620689655172413,0.8461538461538461,0.9230769230769231,0.6666666666666666,HistGB,fleet,40000,20000,42.24,B_fleet_size,ROAD_ORNL,FS-A,0,4,CIDv2_Prototype|CTT_Impala|CTT_Silverado|CTT_Traverse
226048,23767,0.10514138590033975,0.3797267038987395,0.07851523450008982,202303,0.02842950277399512,True,0.0,0.0,0.0,0.999996542930603,0.0,0.0,0.0,0.0,0.0,0.0,0.0,0.0,True,0.0,0.0,3.9548944290368346e-05,0.9999948740005493,5.008043952691273,0.0,0.0,0.0,0.0,0.0,0.0,0.0,True,0.00012622543863339926,0.03614457831325301,0.00039548944290368346,0.9999934434890747,50.080439526912734,0.0,0.0002603488674824265,0.0,0.06896551724137931,0.0,0.15384615384615385,0.0,True,0.00012622543863339926,0.030927835051546393,0.0004647000954118281,0.9999933242797852,58.84451644412247,0.0,0.0002603488674824265,0.0,0.06896551724137931,0.0,0.15384615384615385,0.0,True,0.0011781040939117264,0.019337016574585635,0.007019937611540382,0.999990701675415,888.9278016027012,0.0,0.0013017443374121322,0.0010830625676914105,0.4482758620689655,0.5384615384615384,0.46153846153846156,0.0,XGBoost,fleet,40000,20000,11.6,B_fleet_size,ROAD_ORNL,FS-A,0,4,CIDv2_Prototype|CTT_Impala|CTT_Silverado|CTT_Traverse
226048,23767,0.10514138590033975,0.3935389303681295,0.08019701745306965,202303,0.02842950277399512,True,0.0,0.0,0.0,0.9999936662462966,0.0,0.0,0.0,0.0,0.0,0.0,0.0,0.0,True,0.0,0.0,1.4830854108888132e-05,0.9999923267064551,1.8780164822592278,0.0,0.0,0.0,0.0,0.0,0.0,0.0,True,0.0,0.0,0.0004300947691577558,0.9999888203222872,54.4624779855176,0.0,0.0,0.0,0.0,0.0,0.0,0.0,True,0.0,0.0,0.000573459692210341,0.9999883740039565,72.61663731402346,0.0,0.0,0.0,0.0,0.0,0.0,0.0,True,0.0017671561408675895,0.022483940042826552,0.009027046534276576,0.999979996933224,1143.0860322017834,0.016597510373443983,0.0016488761607220343,0.0015829375989336,0.5517241379310345,0.5384615384615384,0.6153846153846154,0.3333333333333333,HistGB,fleet,40000,20000,39.14,B_fleet_size,ROAD_ORNL,FS-A,1,4,CIDv2_Prototype|CTT_Impala|CTT_Silverado|CTT_Traverse
226048,23767,0.10514138590033975,0.42975767793193453,0.09312295639720942,202303,0.02842950277399512,True,0.0,0.0,0.0,0.9999995231628418,0.0,0.0,0.0,0.0,0.0,0.0,0.0,0.0,True,0.0002945260234779316,0.30434782608695654,7.909788858073669e-05,0.9999990463256836,10.016087905382546,0.0,8.678295582747549e-05,0.0004998750312421895,0.13793103448275862,0.23076923076923078,0.07692307692307693,0.0,True,0.0018513064332898556,0.2009132420091324,0.0008651331563518076,0.9999984502792358,109.5509614651216,0.0,0.0012149613815846567,0.0024993751562109472,0.3103448275862069,0.38461538461538464,0.3076923076923077,0.0,True,0.0018513064332898556,0.2009132420091324,0.0008651331563518076,0.9999984502792358,109.5509614651216,0.0,0.0012149613815846567,0.0024993751562109472,0.3103448275862069,0.38461538461538464,0.3076923076923077,0.0,True,0.014515925442840914,0.15891294334408107,0.009027046534276576,0.9999970197677612,1143.0860322017834,0.0,0.008504729671092597,0.0205781887861368,0.5862068965517241,0.6923076923076923,0.6153846153846154,0.0,XGBoost,fleet,40000,20000,12.95,B_fleet_size,ROAD_ORNL,FS-A,1,4,CIDv2_Prototype|CTT_Impala|CTT_Silverado|CTT_Traverse
226048,23767,0.10514138590033975,0.5422741878341062,0.12791027927589146,202303,0.02842950277399512,True,0.0,0.0,9.887236072592087e-06,0.9999780234652477,1.2520109881728183,0.0,0.0,0.0,0.0,0.0,0.0,0.0,True,0.0,0.0,5.437979839925648e-05,0.9999606418140776,6.886060434950501,0.0,0.0,0.0,0.0,0.0,0.0,0.0,True,0.003997138890057643,0.3667953667953668,0.0008107533579525512,0.9999376767216003,102.66490103017111,0.05394190871369295,0.007029419422025514,8.331250520703157e-05,0.3103448275862069,0.07692307692307693,0.46153846153846156,0.6666666666666666,True,0.004838641814280305,0.359375,0.0010134416974406889,0.9999347534317551,128.3311262877139,0.07468879668049792,0.00824438080361017,0.00016662501041406314,0.3448275862068966,0.15384615384615385,0.46153846153846156,0.6666666666666666,True,0.022257752345689403,0.25830078125,0.00750935579713369,0.9999060385690985,950.9023455172555,0.27385892116182575,0.02568775492493274,0.013913188369574274,0.6896551724137931,0.5384615384615384,0.7692307692307693,1.0,HistGB,fleet,40000,20000,41.57,B_fleet_size,ROAD_ORNL,FS-A,0,5,CIDv2_OpelAstra|CIDv2_Prototype|CTT_Forester|CTT_Impala|CTT_Traverse
226048,23767,0.10514138590033975,0.5751613901849707,0.1580934174353895,202303,0.02842950277399512,True,0.0,0.0,0.0,0.9999985694885254,0.0,0.0,0.0,0.0,0.0,0.0,0.0,0.0,True,0.00012622543863339926,0.15,8.404150661703274e-05,0.9999969005584717,10.642093399468957,0.0,0.0,0.00024993751562109475,0.034482758620689655,0.07692307692307693,0.0,0.0,True,0.0047965666680691715,0.41304347826086957,0.000800866121879959,0.9999935626983643,101.4128900419983,0.0,0.0006942636466198039,0.008831125551945347,0.5517241379310345,0.6923076923076923,0.5384615384615384,0.0,True,0.006185046493036563,0.41761363636363635,0.0010134416974406889,0.999993085861206,128.3311262877139,0.0,0.0007810466024472793,0.011497125718570358,0.5517241379310345,0.6923076923076923,0.5384615384615384,0.0,True,0.04758699036479152,0.3818365968939905,0.009051764624458055,0.9999865293502808,1146.2160596722154,0.04149377593360996,0.0072897682895079405,0.08639506789969174,0.9310344827586207,0.9230769230769231,0.9230769230769231,1.0,XGBoost,fleet,40000,20000,11.76,B_fleet_size,ROAD_ORNL,FS-A,0,5,CIDv2_OpelAstra|CIDv2_Prototype|CTT_Forester|CTT_Impala|CTT_Traverse
226048,23767,0.10514138590033975,0.6385136072759884,0.17324754172862628,202303,0.02842950277399512,True,0.0,0.0,4.943618036296043e-06,0.9999900174115316,0.6260054940864092,0.0,0.0,0.0,0.0,0.0,0.0,0.0,True,0.00021037573105566542,0.3125,5.437979839925648e-05,0.9999871521107728,6.886060434950501,0.0,0.00017356591165495098,0.00024993751562109475,0.10344827586206896,0.15384615384615385,0.07692307692307693,0.0,True,0.0036184625741574454,0.2857142857142857,0.0010628778778036495,0.9999809768338429,134.591181228578,0.0,0.0014753102490670832,0.005748562859285179,0.4827586206896552,0.6153846153846154,0.46153846153846156,0.0,True,0.004712416375646906,0.30684931506849317,0.0012507353631828991,0.999980282032281,158.37939000386154,0.0,0.0018224420723769851,0.007581437973839873,0.5862068965517241,0.7692307692307693,0.5384615384615384,0.0,True,0.04384230235200067,0.27515183522577236,0.01357023150963264,0.9999679504362926,1718.3850812671935,0.12033195020746888,0.02204287078017877,0.06323419145213696,0.9655172413793104,1.0,0.9230769230769231,1.0,HistGB,fleet,40000,20000,41.11,B_fleet_size,ROAD_ORNL,FS-A,1,5,CIDv2_OpelAstra|CIDv2_Prototype|CTT_Forester|CTT_Impala|CTT_Traverse
226048,23767,0.10514138590033975,0.6106650908350126,0.1657797474036287,202303,0.02842950277399512,True,4.2075146211133085e-05,0.3333333333333333,9.887236072592087e-06,0.9999973773956299,1.2520109881728183,0.0,0.0,8.331250520703157e-05,0.034482758620689655,0.07692307692307693,0.0,0.0,True,0.0007994277780115286,0.4523809523809524,0.000113703214834809,0.9999958276748657,14.398126363987412,0.0,0.0,0.0015829375989336,0.2413793103448276,0.5384615384615384,0.0,0.0,True,0.006227121639247696,0.4277456647398844,0.0009788363711866167,0.9999934434890747,123.94908782910903,0.0,0.0002603488674824265,0.012080313255019579,0.41379310344827586,0.6923076923076923,0.23076923076923078,0.0,True,0.007699751756637355,0.42757009345794394,0.0012111864188925306,0.999993085861206,153.37134605117026,0.0,0.0004339147791373774,0.01482962592685162,0.4482758620689655,0.6923076923076923,0.3076923076923077,0.0,True,0.04039214036268776,0.3132137030995106,0.010406315966403172,0.9999881982803345,1317.7415650518915,0.004149377593360996,0.008678295582747549,0.07156544197284012,0.8275862068965517,0.8461538461538461,0.9230769230769231,0.3333333333333333,XGBoost,fleet,40000,20000,16.29,B_fleet_size,ROAD_ORNL,FS-A,1,5,CIDv2_OpelAstra|CIDv2_Prototype|CTT_Forester|CTT_Impala|CTT_Traverse
226048,23767,0.10514138590033975,0.5414864626422919,0.1276462190446395,202303,0.02842950277399512,True,0.0,0.0,0.0,0.9999786205869325,0.0,0.0,0.0,0.0,0.0,0.0,0.0,0.0,True,0.0002524508772667985,0.2222222222222222,0.00010381597876221691,0.9999733878424127,13.146115375814594,0.0,0.0,0.0004998750312421895,0.06896551724137931,0.15384615384615385,0.0,0.0,True,0.003534312281735179,0.25925925925925924,0.0011864683287110506,0.999963291792073,150.2413185807382,0.008298755186721992,0.0007810466024472793,0.006081812880113305,0.5172413793103449,0.6923076923076923,0.3076923076923077,0.6666666666666666,True,0.00450204064459124,0.25970873786407767,0.0015078035010702934,0.9999618749343157,190.9316756963548,0.012448132780082987,0.001041395469929706,0.007664750479046905,0.5172413793103449,0.6923076923076923,0.3076923076923077,0.6666666666666666,True,0.02486641141077965,0.19706568856285428,0.011904232231400873,0.9999439966271306,1507.4212297600734,0.14107883817427386,0.01284387746246637,0.03407481462967592,0.7931034482758621,0.8461538461538461,0.6923076923076923,1.0,HistGB,fleet,40000,20000,50.55,B_fleet_size,ROAD_ORNL,FS-A,0,5,CIDv2_OpelAstra|CIDv2_RenaultClio|CTT_Forester|CTT_Impala|CTT_Silverado
226048,23767,0.10514138590033975,0.46065961713057996,0.1020605800670011,202303,0.02842950277399512,True,0.00016830058484453234,0.3076923076923077,4.449256232666439e-05,0.9999901056289673,5.634049446777683,0.0,8.678295582747549e-05,0.00024993751562109475,0.13793103448275862,0.23076923076923078,0.07692307692307693,0.0,True,0.0006732023393781294,0.17391304347826086,0.00037571497075849933,0.9999873638153076,47.57641755056711,0.0,0.00017356591165495098,0.0011663750728984422,0.2413793103448276,0.38461538461538464,0.15384615384615385,0.0,True,0.0026928093575125174,0.1596009975062344,0.0016659992782317667,0.9999836683273315,210.96385150711993,0.0,0.0006942636466198039,0.004665500291593769,0.4827586206896552,0.6923076923076923,0.38461538461538464,0.0,True,0.003450161989312913,0.16302186878727634,0.0020812631932806344,0.9999829530715942,263.54831301037825,0.0,0.0009546125141022303,0.005915187869699242,0.4827586206896552,0.6923076923076923,0.38461538461538464,0.0,True,0.01897589094122102,0.13012117714945182,0.014905008379432571,0.9999731779098511,1887.4065646705237,0.004149377593360996,0.007810466024472794,0.02999250187453137,0.7931034482758621,0.8461538461538461,0.8461538461538461,0.3333333333333333,XGBoost,fleet,40000,20000,11.47,B_fleet_size,ROAD_ORNL,FS-A,0,5,CIDv2_OpelAstra|CIDv2_RenaultClio|CTT_Forester|CTT_Impala|CTT_Silverado
226048,23767,0.10514138590033975,0.5800058823043333,0.1599182153320527,202303,0.02842950277399512,True,0.0,0.0,0.0,0.9999683968055526,0.0,0.0,0.0,0.0,0.0,0.0,0.0,0.0,True,0.0009256532166449278,0.5641025641025641,8.404150661703274e-05,0.9999529671605403,10.642093399468957,0.0,0.0,0.0018328751145546946,0.20689655172413793,0.46153846153846156,0.0,0.0,True,0.007068624563470358,0.4263959390862944,0.001117257676202906,0.9999343404764294,141.4772416635285,0.0,0.0019092250282044605,0.01216362576022661,0.5172413793103449,0.7692307692307693,0.38461538461538464,0.0,True,0.008583329827071148,0.422360248447205,0.0013792694321265962,0.9999321947252667,174.6555328501082,0.0,0.00269027163065174,0.014413063400816462,0.5862068965517241,0.7692307692307693,0.5384615384615384,0.0,True,0.055917869314595865,0.3320839580209895,0.013214291011019324,0.9998914368427256,1673.3126856929716,0.15767634854771784,0.029506204981341665,0.07923019245188703,0.8620689655172413,0.8461538461538461,0.8461538461538461,1.0,HistGB,fleet,40000,20000,43.33,B_fleet_size,ROAD_ORNL,FS-A,1,5,CIDv2_OpelAstra|CIDv2_RenaultClio|CTT_Forester|CTT_Impala|CTT_Silverado
226048,23767,0.10514138590033975,0.5183429743983609,0.11631125223600838,202303,0.02842950277399512,True,0.0,0.0,0.0,0.9999960660934448,0.0,0.0,0.0,0.0,0.0,0.0,0.0,0.0,True,8.415029242226617e-05,0.05263157894736842,0.00017797024930665757,0.9999916553497314,22.536197787110734,0.0,0.0,0.00016662501041406314,0.06896551724137931,0.15384615384615385,0.0,0.0,True,0.0017250809946564565,0.14642857142857144,0.0011815247106747545,0.9999873638153076,149.6153130866518,0.0,0.0004339147791373774,0.0029992501874531365,0.3103448275862069,0.46153846153846156,0.23076923076923078,0.0,True,0.002103757310556654,0.14925373134328357,0.0014089311403443724,0.9999867677688599,178.4115658146266,0.0,0.000520697734964853,0.003665750229109389,0.3103448275862069,0.46153846153846156,0.23076923076923078,0.0,True,0.02036437076618841,0.16490630323679728,0.012116807806961604,0.9999761581420898,1534.339466005789,0.012448132780082987,0.008938644450229976,0.031492126968257934,0.8620689655172413,0.9230769230769231,0.8461538461538461,0.6666666666666666,XGBoost,fleet,40000,20000,12.95,B_fleet_size,ROAD_ORNL,FS-A,1,5,CIDv2_OpelAstra|CIDv2_RenaultClio|CTT_Forester|CTT_Impala|CTT_Silverado
226048,23767,0.10514138590033975,0.4273382294146768,0.09663977203581911,202303,0.02842950277399512,True,0.0,0.0,0.0,0.9999888115801301,0.0,0.0,0.0,0.0,0.0,0.0,0.0,0.0,True,0.00016830058484453234,0.25,5.9323416435552526e-05,0.9999836401777333,7.512065929036911,0.0,0.00017356591165495098,0.00016662501041406314,0.06896551724137931,0.07692307692307693,0.07692307692307693,0.0,True,0.0014726301173896578,0.14893617021276595,0.0009887236072592088,0.9999756627304581,125.20109881728186,0.0,0.0009546125141022303,0.001999500124968758,0.3448275862068966,0.46153846153846156,0.3076923076923077,0.0,True,0.0019775318719232548,0.16040955631399317,0.0012161300369288267,0.9999747875337205,153.99735154525666,0.0,0.0012149613815846567,0.002749312671832042,0.3448275862068966,0.46153846153846156,0.3076923076923077,0.0,True,0.017839861993520428,0.15663095677872182,0.011286279976863867,0.9999566727339549,1429.1705429992721,0.0,0.011368567213399289,0.02441056402566025,0.6551724137931034,0.7692307692307693,0.6923076923076923,0.0,HistGB,fleet,40000,20000,35.12,B_fleet_size,ROAD_ORNL,FS-A,0,5,CIDv2_OpelAstra|CIDv2_RenaultClio|CTT_Impala|CTT_Silverado|CTT_Traverse
226048,23767,0.10514138590033975,0.42115431227638117,0.09345110959764404,202303,0.02842950277399512,True,0.0,0.0,9.887236072592087e-06,0.9999986886978149,1.2520109881728183,0.0,0.0,0.0,0.0,0.0,0.0,0.0,True,0.00012622543863339926,0.08823529411764706,0.00015325215912517735,0.9999978542327881,19.406170316678686,0.0,8.678295582747549e-05,0.00016662501041406314,0.10344827586206896,0.15384615384615385,0.07692307692307693,0.0,True,0.0019354567257121218,0.13855421686746988,0.0014138747583806685,0.9999955892562866,179.03757130871304,0.0,0.0012149613815846567,0.00266600016662501,0.3448275862068966,0.46153846153846156,0.3076923076923077,0.0,True,0.0022299827491900535,0.13350125944584382,0.001700604604485839,0.9999953508377075,215.34588996572478,0.0,0.0015620932048945586,0.002915937682246105,0.3793103448275862,0.46153846153846156,0.38461538461538464,0.0,True,0.017208734800353433,0.13189293776201225,0.013308219753708949,0.9999915361404419,1685.2067900806135,0.0,0.011976047904191617,0.022577688911105558,0.5862068965517241,0.6923076923076923,0.6153846153846154,0.0,XGBoost,fleet,40000,20000,11.21,B_fleet_size,ROAD_ORNL,FS-A,0,5,CIDv2_OpelAstra|CIDv2_RenaultClio|CTT_Impala|CTT_Silverado|CTT_Traverse
226048,23767,0.10514138590033975,0.4652997773711808,0.0990865336988021,202303,0.02842950277399512,True,0.0,0.0,0.0,0.9999919202604783,0.0,0.0,0.0,0.0,0.0,0.0,0.0,0.0,True,8.415029242226617e-05,0.2222222222222222,3.4605326254072306e-05,0.9999852738223926,4.382038458604865,0.0,8.678295582747549e-05,8.331250520703157e-05,0.06896551724137931,0.07692307692307693,0.07692307692307693,0.0,True,0.0008415029242226617,0.0970873786407767,0.0009195129547510642,0.9999693119437706,116.43702190007211,0.0,0.000520697734964853,0.0011663750728984422,0.3448275862068966,0.38461538461538464,0.38461538461538464,0.0,True,0.0008835780704337947,0.09090909090909091,0.0010381597876221692,0.9999680037800023,131.46115375814594,0.0,0.0006074806907923284,0.0011663750728984422,0.3448275862068966,0.38461538461538464,0.38461538461538464,0.0,True,0.009088231581604746,0.11392405063291139,0.008305278300977353,0.9999472779764446,1051.6892300651675,0.004149377593360996,0.0045994966588562,0.013496625843539115,0.6896551724137931,0.7692307692307693,0.6923076923076923,0.3333333333333333,HistGB,fleet,40000,20000,37.53,B_fleet_size,ROAD_ORNL,FS-A,1,5,CIDv2_OpelAstra|CIDv2_RenaultClio|CTT_Impala|CTT_Silverado|CTT_Traverse
226048,23767,0.10514138590033975,0.4580194957753924,0.09921261219751476,202303,0.02842950277399512,True,0.0,0.0,0.0,0.9999984502792358,0.0,0.0,0.0,0.0,0.0,0.0,0.0,0.0,True,0.00012622543863339926,0.2,5.9323416435552526e-05,0.9999960660934448,7.512065929036911,0.0,8.678295582747549e-05,0.00016662501041406314,0.10344827586206896,0.15384615384615385,0.07692307692307693,0.0,True,0.0006732023393781294,0.13793103448275862,0.0004943618036296044,0.9999932050704956,62.60054940864093,0.0,0.00034713182330990195,0.000999750062484379,0.27586206896551724,0.38461538461538464,0.23076923076923078,0.0,True,0.0006732023393781294,0.12121212121212122,0.000573459692210341,0.999992847442627,72.61663731402346,0.0,0.00034713182330990195,0.000999750062484379,0.27586206896551724,0.38461538461538464,0.23076923076923078,0.0,True,0.008162578364959818,0.10700496414782129,0.008003717600763295,0.999984860420227,1013.5028949258966,0.0,0.004946628482166103,0.011413813213363325,0.5517241379310345,0.6923076923076923,0.5384615384615384,0.0,XGBoost,fleet,40000,20000,10.41,B_fleet_size,ROAD_ORNL,FS-A,1,5,CIDv2_OpelAstra|CIDv2_RenaultClio|CTT_Impala|CTT_Silverado|CTT_Traverse
226048,23767,0.10514138590033975,0.46768584091843557,0.09707462717414075,202303,0.02842950277399512,True,0.0,0.0,0.0,0.9999848032639079,0.0,0.0,0.0,0.0,0.0,0.0,0.0,0.0,True,4.2075146211133085e-05,0.047619047619047616,9.887236072592087e-05,0.9999721581218423,12.520109881728184,0.0,8.678295582747549e-05,0.0,0.034482758620689655,0.0,0.07692307692307693,0.0,True,0.00021037573105566542,0.03289473684210526,0.0007267118513355184,0.9999601212848983,92.02280763070215,0.0,0.0004339147791373774,0.0,0.10344827586206896,0.0,0.23076923076923078,0.0,True,0.00021037573105566542,0.02717391304347826,0.0008849076284969919,0.9999588378442397,112.05498344146726,0.0,0.0004339147791373774,0.0,0.10344827586206896,0.0,0.23076923076923078,0.0,True,0.0056380695922918335,0.0624126688402422,0.009951503107063936,0.9999356240556544,1260.1490595959417,0.004149377593360996,0.009719691052677254,0.0017495626093476631,0.5172413793103449,0.23076923076923078,0.8461538461538461,0.3333333333333333,HistGB,fleet,40000,20000,37.11,B_fleet_size,ROAD_ORNL,FS-A,0,5,CIDv2_Prototype|CIDv2_RenaultClio|CTT_Forester|CTT_Silverado|CTT_Traverse
226048,23767,0.10514138590033975,0.4936034924138969,0.10254880659015468,202303,0.02842950277399512,True,0.0,0.0,0.0,0.999992847442627,0.0,0.0,0.0,0.0,0.0,0.0,0.0,0.0,True,4.2075146211133085e-05,0.043478260869565216,0.00010875959679851296,0.9999898672103882,13.772120869901002,0.0,0.0,8.331250520703157e-05,0.034482758620689655,0.07692307692307693,0.0,0.0,True,0.0003366011696890647,0.0299625468164794,0.0012803970714006753,0.999984860420227,162.13542296838,0.0,0.00034713182330990195,0.0003332500208281263,0.1724137931034483,0.15384615384615385,0.23076923076923078,0.0,True,0.000504901754533597,0.03773584905660377,0.0015127471191065894,0.9999843835830688,191.55768119044123,0.004149377593360996,0.0004339147791373774,0.0004998750312421895,0.2413793103448276,0.15384615384615385,0.3076923076923077,0.3333333333333333,True,0.006269196785458829,0.05130853994490358,0.0136196676899956,0.9999749660491943,1724.6451362080575,0.012448132780082987,0.004946628482166103,0.00741481296342581,0.7931034482758621,0.8461538461538461,0.8461538461538461,0.3333333333333333,XGBoost,fleet,40000,20000,10.73,B_fleet_size,ROAD_ORNL,FS-A,0,5,CIDv2_Prototype|CIDv2_RenaultClio|CTT_Forester|CTT_Silverado|CTT_Traverse
226048,23767,0.10514138590033975,0.511644110914848,0.10784089474329131,202303,0.02842950277399512,True,0.0,0.0,0.0,0.999970469611117,0.0,0.0,0.0,0.0,0.0,0.0,0.0,0.0,True,0.0,0.0,0.00011864683287110505,0.9999524263390788,15.024131858073822,0.0,0.0,0.0,0.0,0.0,0.0,0.0,True,0.000504901754533597,0.07017543859649122,0.000786035267771071,0.9999327125265547,99.53487355973907,0.0,0.0006074806907923284,0.00041656252603515786,0.2413793103448276,0.3076923076923077,0.23076923076923078,0.0,True,0.0005469769007447301,0.05803571428571429,0.0010431034056584652,0.999930714640275,132.08715925223234,0.0,0.0006074806907923284,0.0004998750312421895,0.2413793103448276,0.3076923076923077,0.23076923076923078,0.0,True,0.0053435435688139014,0.06440162271805273,0.0091209752769662,0.9999023008257086,1154.9801365894248,0.02074688796680498,0.004946628482166103,0.005415312838457052,0.6896551724137931,0.7692307692307693,0.6923076923076923,0.3333333333333333,HistGB,fleet,40000,20000,33.03,B_fleet_size,ROAD_ORNL,FS-A,1,5,CIDv2_Prototype|CIDv2_RenaultClio|CTT_Forester|CTT_Silverado|CTT_Traverse
226048,23767,0.10514138590033975,0.5208851855127883,0.1127355241169316,202303,0.02842950277399512,True,0.0,0.0,0.0,0.9999939203262329,0.0,0.0,0.0,0.0,0.0,0.0,0.0,0.0,True,0.00016830058484453234,0.12121212121212122,0.00014336492305258526,0.9999892711639404,18.154159328505866,0.0,0.0,0.0003332500208281263,0.13793103448275862,0.3076923076923077,0.0,0.0,True,0.0013884798249673917,0.1064516129032258,0.0013693821960540041,0.9999849796295166,173.40352186193536,0.0,0.0004339147791373774,0.0023327501457968843,0.3448275862068966,0.46153846153846156,0.3076923076923077,0.0,True,0.0015988555560230572,0.10410958904109589,0.0016165630978688063,0.9999845027923584,204.70379656625585,0.0,0.000520697734964853,0.00266600016662501,0.3793103448275862,0.46153846153846156,0.38461538461538464,0.0,True,0.013968948542096184,0.10989738497186362,0.01329338889960006,0.9999759197235107,1683.3287735983542,0.0,0.009372559229367352,0.018662001166375074,0.5862068965517241,0.6923076923076923,0.6153846153846154,0.0,XGBoost,fleet,40000,20000,12.75,B_fleet_size,ROAD_ORNL,FS-A,1,5,CIDv2_Prototype|CIDv2_RenaultClio|CTT_Forester|CTT_Silverado|CTT_Traverse
226048,23767,0.10514138590033975,0.5278752665168767,0.11279749048507416,202303,0.02842950277399512,True,4.2075146211133085e-05,0.07142857142857142,6.426703447184857e-05,0.9999092681318877,8.13807142312332,0.0,0.0,8.331250520703157e-05,0.034482758620689655,0.07692307692307693,0.0,0.0,True,4.2075146211133085e-05,0.02040816326530612,0.0002372936657422101,0.9998941174622779,30.048263716147645,0.0,0.0,8.331250520703157e-05,0.034482758620689655,0.07692307692307693,0.0,0.0,True,0.0008415029242226617,0.05813953488372093,0.001601732243759918,0.9998620782588326,202.8257800839966,0.008298755186721992,0.0009546125141022303,0.0005831875364492211,0.2413793103448276,0.07692307692307693,0.3076923076923077,0.6666666666666666,True,0.001051878655278327,0.05995203836930456,0.001937898270228049,0.9998582538071727,245.39415368187244,0.012448132780082987,0.0011281784257571813,0.0007498125468632841,0.3103448275862069,0.07692307692307693,0.46153846153846156,0.6666666666666666,True,0.009172381874027013,0.07379823967501693,0.013525738947305976,0.9997816713685689,1712.7510318204156,0.07883817427385892,0.013017443374121323,0.004082312755144547,0.7241379310344828,0.6153846153846154,0.8461538461538461,0.6666666666666666,HistGB,fleet,40000,20000,35.74,B_fleet_size,ROAD_ORNL,FS-A,0,5,CIDv2_Prototype|CTT_Forester|CTT_Impala|CTT_Silverado|CTT_Traverse
226048,23767,0.10514138590033975,0.47937166713352314,0.10005415717096541,202303,0.02842950277399512,True,0.0,0.0,0.0,0.9999898672103882,0.0,0.0,0.0,0.0,0.0,0.0,0.0,0.0,True,0.0,0.0,3.4605326254072306e-05,0.9999860525131226,4.382038458604865,0.0,0.0,0.0,0.0,0.0,0.0,0.0,True,0.001051878655278327,0.14534883720930233,0.0007267118513355184,0.9999773502349854,92.02280763070215,0.0,0.000520697734964853,0.0015829375989336,0.27586206896551724,0.46153846153846156,0.15384615384615385,0.0,True,0.0011781040939117264,0.13270142180094788,0.000904682100642176,0.9999759197235107,114.55900541781288,0.0,0.000520697734964853,0.0018328751145546946,0.27586206896551724,0.46153846153846156,0.15384615384615385,0.0,True,0.008962006142971346,0.09824723247232472,0.009664773260958765,0.9999520778656006,1223.84074093893,0.0,0.0043391477913737745,0.013579938348746146,0.7241379310344828,0.7692307692307693,0.8461538461538461,0.0,XGBoost,fleet,40000,20000,9.69,B_fleet_size,ROAD_ORNL,FS-A,0,5,CIDv2_Prototype|CTT_Forester|CTT_Impala|CTT_Silverado|CTT_Traverse
226048,23767,0.10514138590033975,0.6104240002742635,0.14109054843244895,202303,0.02842950277399512,True,0.0,0.0,0.0,0.9999741972531928,0.0,0.0,0.0,0.0,0.0,0.0,0.0,0.0,True,0.0,0.0,3.9548944290368346e-05,0.9999637057527341,5.008043952691273,0.0,0.0,0.0,0.0,0.0,0.0,0.0,True,0.0005890520469558632,0.07526881720430108,0.0008503023022429195,0.9999413018263433,107.67294498286239,0.0,0.000520697734964853,0.0006665000416562525,0.27586206896551724,0.23076923076923078,0.38461538461538464,0.0,True,0.001051878655278327,0.10040160642570281,0.0011073704401303138,0.9999378840168337,140.22523067535568,0.0,0.0008678295582747548,0.0012496875781054736,0.3793103448275862,0.38461538461538464,0.46153846153846156,0.0,True,0.01977531871923255,0.15666666666666668,0.01250735363182899,0.9998900851216616,1583.7939000386154,0.04564315352697095,0.016575544563047818,0.02232775139548446,0.8620689655172413,0.8461538461538461,0.8461538461538461,1.0,HistGB,fleet,40000,20000,42.28,B_fleet_size,ROAD_ORNL,FS-A,1,5,CIDv2_Prototype|CTT_Forester|CTT_Impala|CTT_Silverado|CTT_Traverse
226048,23767,0.10514138590033975,0.5301745910647512,0.11849580400754049,202303,0.02842950277399512,True,4.2075146211133085e-05,1.0,0.0,0.9999899864196777,0.0,0.0,0.0,8.331250520703157e-05,0.034482758620689655,0.07692307692307693,0.0,0.0,True,0.0002945260234779316,0.15217391304347827,0.0001928011034155457,0.9999839067459106,24.41421426936996,0.0,0.0,0.0005831875364492211,0.06896551724137931,0.15384615384615385,0.0,0.0,True,0.0017250809946564565,0.1357615894039735,0.0012902843074732674,0.9999783039093018,163.3874339565528,0.03319502074688797,0.00034713182330990195,0.0024160626510039158,0.41379310344827586,0.5384615384615384,0.23076923076923078,0.6666666666666666,True,0.0021879076029789205,0.14092140921409213,0.0015671269175058459,0.9999774694442749,198.4437416253917,0.04564315352697095,0.00034713182330990195,0.0030825626926601684,0.41379310344827586,0.5384615384615384,0.23076923076923078,0.6666666666666666,True,0.016661757899608703,0.11726384364820847,0.014736925366198505,0.9999651908874512,1866.1223778715857,0.17842323651452283,0.00711620237785299,0.022577688911105558,0.9310344827586207,0.9230769230769231,1.0,0.6666666666666666,XGBoost,fleet,40000,20000,10.19,B_fleet_size,ROAD_ORNL,FS-A,1,5,CIDv2_Prototype|CTT_Forester|CTT_Impala|CTT_Silverado|CTT_Traverse
226048,23767,0.10514138590033975,0.5508565364048941,0.1270064325122876,202303,0.02842950277399512,True,0.0,0.0,4.943618036296043e-06,0.9999656900727242,0.6260054940864092,0.0,0.0,0.0,0.0,0.0,0.0,0.0,True,0.0002524508772667985,0.17142857142857143,0.00014336492305258526,0.999955864772354,18.154159328505866,0.0,8.678295582747549e-05,0.00041656252603515786,0.1724137931034483,0.3076923076923077,0.07692307692307693,0.0,True,0.003912988597635377,0.2703488372093023,0.001240848127110307,0.9999396818305801,157.12737901568872,0.0,0.0014753102490670832,0.0063317503957344,0.5172413793103449,0.6923076923076923,0.46153846153846156,0.0,True,0.004712416375646906,0.25112107623318386,0.0016511684241228785,0.9999373999595278,209.08583502486067,0.0,0.0019092250282044605,0.007498125468632842,0.5517241379310345,0.6923076923076923,0.5384615384615384,0.0,True,0.026423191820591576,0.1910556738667478,0.01314508035851118,0.9999157894714914,1664.5486087757622,0.004149377593360996,0.015273800225635684,0.03757393984837124,0.8275862068965517,0.8461538461538461,0.9230769230769231,0.3333333333333333,HistGB,fleet,40000,20000,38.23,B_fleet_size,ROAD_ORNL,FS-A,0,6,CIDv2_OpelAstra|CIDv2_Prototype|CIDv2_RenaultClio|CTT_Forester|CTT_Impala|CTT_Silverado
226048,23767,0.10514138590033975,0.5357562717533039,0.11962566085552437,202303,0.02842950277399512,True,0.0,0.0,0.0,0.9999955892562867,0.0,0.0,0.0,0.0,0.0,0.0,0.0,0.0,True,0.0004628266083224639,0.23404255319148937,0.00017797024930665757,0.9999934434890747,22.536197787110734,0.0,0.0,0.0009164375572773473,0.13793103448275862,0.3076923076923077,0.0,0.0,True,0.003071485673412715,0.21220930232558138,0.0013397204878362278,0.9999904632568359,169.6474888974169,0.0,0.0008678295582747548,0.005248687828042989,0.41379310344827586,0.6923076923076923,0.23076923076923078,0.0,True,0.0033239365506795137,0.20680628272251309,0.0014979162649977013,0.9999902248382568,189.679664708182,0.0,0.0008678295582747548,0.005748562859285179,0.41379310344827586,0.6923076923076923,0.23076923076923078,0.0,True,0.02006984474271048,0.15905301767255753,0.012467804687538622,0.9999829530715942,1578.7858560859243,0.0,0.008938644450229976,0.03115887694742981,0.6551724137931034,0.7692307692307693,0.6923076923076923,0.0,XGBoost,fleet,40000,20000,9.72,B_fleet_size,ROAD_ORNL,FS-A,0,6,CIDv2_OpelAstra|CIDv2_Prototype|CIDv2_RenaultClio|CTT_Forester|CTT_Impala|CTT_Silverado
226048,23767,0.10514138590033975,0.4971085285218119,0.10883146472884798,202303,0.02842950277399512,True,0.0,0.0,4.943618036296043e-06,0.9999934909207951,0.6260054940864092,0.0,0.0,0.0,0.0,0.0,0.0,0.0,True,0.00021037573105566542,0.16129032258064516,0.00012853406894369713,0.9999908907647064,16.27614284624664,0.0,0.0002603488674824265,0.00016662501041406314,0.10344827586206896,0.07692307692307693,0.15384615384615385,0.0,True,0.001051878655278327,0.10204081632653061,0.0010875959679851296,0.9999877141731753,137.72120869901002,0.0,0.000520697734964853,0.0015829375989336,0.20689655172413793,0.3076923076923077,0.15384615384615385,0.0,True,0.0013043295325451255,0.1040268456375839,0.0013199460156910437,0.9999874320740483,167.14346692107128,0.0,0.0006074806907923284,0.001999500124968758,0.2413793103448276,0.3076923076923077,0.23076923076923078,0.0,True,0.008288803803593217,0.0845856590811507,0.010539793653383166,0.9999822862831457,1334.6437133922248,0.004149377593360996,0.004165581879718824,0.012330250770640674,0.6551724137931034,0.8461538461538461,0.5384615384615384,0.3333333333333333,HistGB,fleet,40000,20000,36.19,B_fleet_size,ROAD_ORNL,FS-A,1,6,CIDv2_OpelAstra|CIDv2_Prototype|CIDv2_RenaultClio|CTT_Forester|CTT_Impala|CTT_Silverado
226048,23767,0.10514138590033975,0.5063163743603416,0.11483678459838671,202303,0.02842950277399512,True,8.415029242226617e-05,0.6666666666666666,4.943618036296043e-06,0.9999942779541016,0.6260054940864092,0.0,0.0,0.00016662501041406314,0.034482758620689655,0.07692307692307693,0.0,0.0,True,0.0007152774855892624,0.3090909090909091,0.00018785748537924967,0.9999920129776001,23.788208775283554,0.0,8.678295582747549e-05,0.001333000083312505,0.20689655172413793,0.38461538461538464,0.07692307692307693,0.0,True,0.003113560819623848,0.2525597269624573,0.0010826523499488335,0.9999884366989136,137.09520320492362,0.0,0.0007810466024472793,0.005415312838457052,0.41379310344827586,0.5384615384615384,0.38461538461538464,0.0,True,0.003450161989312913,0.2222222222222222,0.0014188183764169645,0.9999877214431763,179.66357680279944,0.0,0.0008678295582747548,0.005998500374906273,0.4482758620689655,0.5384615384615384,0.46153846153846156,0.0,True,0.01964909328059915,0.1379208505611341,0.014430421047948151,0.9999781847000122,1827.3100372382285,0.004149377593360996,0.009112210361884926,0.0300758143797384,0.7241379310344828,0.8461538461538461,0.6923076923076923,0.3333333333333333,XGBoost,fleet,40000,20000,9.71,B_fleet_size,ROAD_ORNL,FS-A,1,6,CIDv2_OpelAstra|CIDv2_Prototype|CIDv2_RenaultClio|CTT_Forester|CTT_Impala|CTT_Silverado
226048,23767,0.10514138590033975,0.5830176001619358,0.15614194533266398,202303,0.02842950277399512,True,0.0002945260234779316,0.5833333333333334,2.4718090181480216e-05,0.9999766751965448,3.130027470432046,0.0,0.0,0.0005831875364492211,0.13793103448275862,0.3076923076923077,0.0,0.0,True,0.0019354567257121218,0.6666666666666666,0.000113703214834809,0.9999695045936253,14.398126363987412,0.0,0.00017356591165495098,0.003665750229109389,0.3448275862068966,0.6153846153846154,0.15384615384615385,0.0,True,0.007868052341481887,0.5123287671232877,0.0008799640104606958,0.9999558675356799,111.42897794738084,0.004149377593360996,0.0008678295582747548,0.014663000916437557,0.5862068965517241,0.6923076923076923,0.5384615384615384,0.3333333333333333,True,0.009046156435393613,0.49311926605504586,0.0010925395860214256,0.9999539554446033,138.34721419309645,0.004149377593360996,0.0012149613815846567,0.016662501041406316,0.6551724137931034,0.6923076923076923,0.6923076923076923,0.3333333333333333,True,0.03845668363697564,0.29248,0.010930339478250553,0.9999272281361733,1384.098147425051,0.058091286307053944,0.012930660418293848,0.06256769141048071,0.9655172413793104,1.0,0.9230769230769231,1.0,HistGB,fleet,40000,20000,38.82,B_fleet_size,ROAD_ORNL,FS-A,0,6,CIDv2_OpelAstra|CIDv2_Prototype|CIDv2_RenaultClio|CTT_Forester|CTT_Impala|CTT_Traverse
226048,23767,0.10514138590033975,0.5856210785890567,0.14578747262240332,202303,0.02842950277399512,True,0.0003366011696890647,0.8,9.887236072592087e-06,0.9999970197677612,1.2520109881728183,0.0,0.0,0.0006665000416562525,0.06896551724137931,0.15384615384615385,0.0,0.0,True,0.0008835780704337947,0.375,0.00017302663127036154,0.9999958276748657,21.910192293024327,0.0,0.0,0.0017495626093476631,0.1724137931034483,0.38461538461538464,0.0,0.0,True,0.004670341229435772,0.3523809523809524,0.0010084980794043928,0.9999938011169434,127.70512079362747,0.0,0.000520697734964853,0.008747813046738315,0.4827586206896552,0.7692307692307693,0.3076923076923077,0.0,True,0.006058821054403164,0.3469879518072289,0.0013397204878362278,0.9999934434890747,169.6474888974169,0.0,0.0006074806907923284,0.011413813213363325,0.4827586206896552,0.7692307692307693,0.3076923076923077,0.0,True,0.03109353305002735,0.22523620847302653,0.012566677048264543,0.9999886751174927,1591.3059659676524,0.0,0.008851861494402499,0.05307006581687911,0.7931034482758621,0.9230769230769231,0.8461538461538461,0.0,XGBoost,fleet,40000,20000,11.62,B_fleet_size,ROAD_ORNL,FS-A,0,6,CIDv2_OpelAstra|CIDv2_Prototype|CIDv2_RenaultClio|CTT_Forester|CTT_Impala|CTT_Traverse
226048,23767,0.10514138590033975,0.6179159030217745,0.16337823440711713,202303,0.02842950277399512,True,4.2075146211133085e-05,1.0,0.0,0.9999903629551188,0.0,0.0,0.0,8.331250520703157e-05,0.034482758620689655,0.07692307692307693,0.0,0.0,True,0.0006311271931669963,0.375,0.0001235904509074011,0.9999866731962112,15.650137352160232,0.0,8.678295582747549e-05,0.0011663750728984422,0.1724137931034483,0.3076923076923077,0.07692307692307693,0.0,True,0.0034080868431017796,0.2852112676056338,0.0010035544613680968,0.999983163913758,127.07911529954106,0.0,0.0007810466024472793,0.005998500374906273,0.4827586206896552,0.6923076923076923,0.38461538461538464,0.0,True,0.00450204064459124,0.30484330484330485,0.0012062428008562346,0.9999826781672534,152.74534055708384,0.0,0.0012149613815846567,0.007748062984253936,0.5862068965517241,0.6923076923076923,0.6153846153846154,0.0,True,0.03525897252492952,0.26468730259001894,0.01150874278849719,0.9999754152434935,1457.3407902331608,0.008298755186721992,0.01900546732621713,0.051403815712738485,0.8275862068965517,0.8461538461538461,0.8461538461538461,0.6666666666666666,HistGB,fleet,40000,20000,37.86,B_fleet_size,ROAD_ORNL,FS-A,1,6,CIDv2_OpelAstra|CIDv2_Prototype|CIDv2_RenaultClio|CTT_Forester|CTT_Impala|CTT_Traverse
226048,23767,0.10514138590033975,0.5743061250243722,0.1342712128529844,202303,0.02842950277399512,True,0.0,0.0,4.943618036296043e-06,0.9999923706054688,0.6260054940864092,0.0,0.0,0.0,0.0,0.0,0.0,0.0,True,0.00016830058484453234,0.19047619047619047,8.404150661703274e-05,0.9999905824661255,10.642093399468957,0.0,0.0,0.0003332500208281263,0.06896551724137931,0.15384615384615385,0.0,0.0,True,0.0027348845037236504,0.2313167259786477,0.0010678214958399453,0.9999866485595703,135.21718672266437,0.0,0.000520697734964853,0.004915437807214863,0.3793103448275862,0.6153846153846154,0.23076923076923078,0.0,True,0.003071485673412715,0.21597633136094674,0.0013100587796184516,0.9999861717224121,165.89145593289845,0.0,0.0006942636466198039,0.005415312838457052,0.3793103448275862,0.6153846153846154,0.23076923076923078,0.0,True,0.019186266672276686,0.173846740373618,0.010712820284653526,0.9999792575836182,1356.5539056852488,0.0,0.007984031936127744,0.030325751895359493,0.6896551724137931,0.8461538461538461,0.6923076923076923,0.0,XGBoost,fleet,40000,20000,11.17,B_fleet_size,ROAD_ORNL,FS-A,1,6,CIDv2_OpelAstra|CIDv2_Prototype|CIDv2_RenaultClio|CTT_Forester|CTT_Impala|CTT_Traverse
226048,23767,0.10514138590033975,0.5164183229319554,0.1104079803459855,202303,0.02842950277399512,True,0.0,0.0,0.0,0.9999870829460938,0.0,0.0,0.0,0.0,0.0,0.0,0.0,0.0,True,8.415029242226617e-05,0.06896551724137931,0.00013347768697999317,0.9999765268508776,16.902148340333046,0.0,0.0,0.00016662501041406314,0.06896551724137931,0.15384615384615385,0.0,0.0,True,0.0008415029242226617,0.091324200913242,0.0009837799892229127,0.9999648057032532,124.57509332319545,0.004149377593360996,0.000520697734964853,0.0010830625676914105,0.3793103448275862,0.46153846153846156,0.3076923076923077,0.3333333333333333,True,0.0009256532166449278,0.07746478873239436,0.0012952279255095634,0.9999626436755144,164.0134394506392,0.004149377593360996,0.0006074806907923284,0.0011663750728984422,0.3793103448275862,0.46153846153846156,0.3076923076923077,0.3333333333333333,True,0.012496318424706526,0.10305343511450382,0.012779252623825272,0.9999318849264311,1618.2242022133678,0.008298755186721992,0.009372559229367352,0.015579438473714905,0.7931034482758621,0.8461538461538461,0.7692307692307693,0.6666666666666666,HistGB,fleet,40000,20000,36.03,B_fleet_size,ROAD_ORNL,FS-A,0,6,CIDv2_OpelAstra|CIDv2_Prototype|CIDv2_RenaultClio|CTT_Forester|CTT_Silverado|CTT_Traverse
226048,23767,0.10514138590033975,0.5307799997751357,0.12515200180282945,202303,0.02842950277399512,True,0.0,0.0,0.0,0.9999942779541016,0.0,0.0,0.0,0.0,0.0,0.0,0.0,0.0,True,8.415029242226617e-05,0.06896551724137931,0.00013347768697999317,0.999991774559021,16.902148340333046,0.0,0.0,0.00016662501041406314,0.034482758620689655,0.07692307692307693,0.0,0.0,True,0.0027348845037236504,0.1790633608815427,0.001473198174816221,0.9999879598617554,186.54963723774995,0.0,0.0013017443374121322,0.004165625260351579,0.4482758620689655,0.5384615384615384,0.46153846153846156,0.0,True,0.0031977111120461144,0.18673218673218672,0.0016363375700139905,0.9999876022338867,207.20781854260147,0.0,0.0013885272932396078,0.0049987503124218945,0.5517241379310345,0.7692307692307693,0.46153846153846156,0.0,True,0.02495056170320192,0.1756516587677725,0.013758088995011889,0.9999790191650391,1742.1732900424768,0.0,0.01709624229801267,0.03299175206198451,0.8275862068965517,0.9230769230769231,0.9230769230769231,0.0,XGBoost,fleet,40000,20000,9.75,B_fleet_size,ROAD_ORNL,FS-A,0,6,CIDv2_OpelAstra|CIDv2_Prototype|CIDv2_RenaultClio|CTT_Forester|CTT_Silverado|CTT_Traverse
226048,23767,0.10514138590033975,0.5223392953148447,0.113512788934638,202303,0.02842950277399512,True,0.0,0.0,0.0,0.9999791181365733,0.0,0.0,0.0,0.0,0.0,0.0,0.0,0.0,True,4.2075146211133085e-05,0.03571428571428571,0.00013347768697999317,0.9999634640821137,16.902148340333046,0.0,0.0,8.331250520703157e-05,0.034482758620689655,0.07692307692307693,0.0,0.0,True,0.001009803509067194,0.08921933085501858,0.0012111864188925306,0.9999464751646142,153.37134605117026,0.004149377593360996,0.0004339147791373774,0.0014996250937265683,0.41379310344827586,0.6923076923076923,0.15384615384615385,0.3333333333333333,True,0.0013043295325451255,0.08683473389355742,0.0016116194798325102,0.999943988535151,204.07779107216942,0.004149377593360996,0.0004339147791373774,0.0020828126301757894,0.4482758620689655,0.7692307692307693,0.15384615384615385,0.3333333333333333,True,0.010939538014894602,0.08422416585681892,0.013975608188608915,0.9999149433556731,1769.717531782279,0.029045643153526972,0.0072029853336804655,0.014163125885195367,0.8620689655172413,0.9230769230769231,0.8461538461538461,0.6666666666666666,HistGB,fleet,40000,20000,35.2,B_fleet_size,ROAD_ORNL,FS-A,1,6,CIDv2_OpelAstra|CIDv2_Prototype|CIDv2_RenaultClio|CTT_Forester|CTT_Silverado|CTT_Traverse
226048,23767,0.10514138590033975,0.536246996096572,0.12437633425339706,202303,0.02842950277399512,True,0.0,0.0,4.943618036296043e-06,0.999993085861206,0.6260054940864092,0.0,0.0,0.0,0.0,0.0,0.0,0.0,True,0.00037867631590019776,0.3333333333333333,8.898512465332879e-05,0.9999898672103882,11.268098893555367,0.0,0.0,0.0007498125468632841,0.10344827586206896,0.23076923076923078,0.0,0.0,True,0.0022299827491900535,0.27040816326530615,0.0007069373791903342,0.9999860525131226,89.51878565435652,0.0,0.001041395469929706,0.0034158127134882948,0.4482758620689655,0.6153846153846154,0.38461538461538464,0.0,True,0.002608659065090251,0.2672413793103448,0.0008404150661703274,0.9999855756759644,106.42093399468956,0.0,0.001041395469929706,0.004165625260351579,0.4827586206896552,0.6923076923076923,0.38461538461538464,0.0,True,0.017419110531409095,0.1810231744643638,0.00925939658198249,0.9999755620956421,1172.5082904238443,0.0,0.008331163759437647,0.02649337665583604,0.7931034482758621,0.9230769230769231,0.8461538461538461,0.0,XGBoost,fleet,40000,20000,9.89,B_fleet_size,ROAD_ORNL,FS-A,1,6,CIDv2_OpelAstra|CIDv2_Prototype|CIDv2_RenaultClio|CTT_Forester|CTT_Silverado|CTT_Traverse
226048,23767,0.10514138590033975,0.5326719325065941,0.1165349801156427,202303,0.02842950277399512,True,0.0,0.0,4.943618036296043e-06,0.9999697809410791,0.6260054940864092,0.0,0.0,0.0,0.0,0.0,0.0,0.0,True,4.2075146211133085e-05,0.043478260869565216,0.00010875959679851296,0.999960294604617,13.772120869901002,0.0,0.0,8.331250520703157e-05,0.034482758620689655,0.07692307692307693,0.0,0.0,True,0.000504901754533597,0.05063291139240506,0.0011123140581666099,0.9999472361958054,140.8512361694421,0.0,0.0004339147791373774,0.0005831875364492211,0.27586206896551724,0.38461538461538464,0.23076923076923078,0.0,True,0.0007994277780115286,0.06070287539936102,0.0014534237026710367,0.9999449695849116,184.0456152614043,0.0,0.0008678295582747548,0.0007498125468632841,0.3103448275862069,0.38461538461538464,0.3076923076923077,0.0,True,0.012917069886817857,0.10354131534569982,0.013140136740474885,0.9999176235322879,1663.9226032816757,0.0,0.009112210361884926,0.016829126051820378,0.7586206896551724,0.8461538461538461,0.8461538461538461,0.0,HistGB,fleet,40000,20000,36.96,B_fleet_size,ROAD_ORNL,FS-A,0,6,CIDv2_OpelAstra|CIDv2_Prototype|CTT_Forester|CTT_Impala|CTT_Silverado|CTT_Traverse
226048,23767,0.10514138590033975,0.5000492693615947,0.11192325433316706,202303,0.02842950277399512,True,0.0,0.0,1.4830854108888132e-05,0.9999924898147583,1.8780164822592278,0.0,0.0,0.0,0.0,0.0,0.0,0.0,True,4.2075146211133085e-05,0.022222222222222223,0.00021751919359702592,0.9999892711639404,27.544241739802004,0.0,0.0,8.331250520703157e-05,0.034482758620689655,0.07692307692307693,0.0,0.0,True,0.001009803509067194,0.07476635514018691,0.001468254556779925,0.9999856948852539,185.92363174366352,0.008298755186721992,0.000520697734964853,0.001333000083312505,0.3448275862068966,0.46153846153846156,0.15384615384615385,0.6666666666666666,True,0.0012622543863339926,0.079155672823219,0.0017253226946673192,0.9999852180480957,218.47591743615683,0.008298755186721992,0.0007810466024472793,0.0015829375989336,0.3448275862068966,0.46153846153846156,0.15384615384615385,0.6666666666666666,True,0.012075566962595196,0.09849004804392587,0.012986884581349707,0.9999771118164062,1644.516432964997,0.06224066390041494,0.008678295582747549,0.01432975089560943,0.7931034482758621,0.7692307692307693,0.8461538461538461,0.6666666666666666,XGBoost,fleet,40000,20000,9.94,B_fleet_size,ROAD_ORNL,FS-A,0,6,CIDv2_OpelAstra|CIDv2_Prototype|CTT_Forester|CTT_Impala|CTT_Silverado|CTT_Traverse
226048,23767,0.10514138590033975,0.5076139510608277,0.12180117267897175,202303,0.02842950277399512,True,0.0,0.0,0.0,0.9999439244774952,0.0,0.0,0.0,0.0,0.0,0.0,0.0,0.0,True,0.00037867631590019776,0.28125,0.000113703214834809,0.9999216384047998,14.398126363987412,0.03734439834024896,0.0,0.0,0.034482758620689655,0.0,0.0,0.3333333333333333,True,0.002608659065090251,0.1901840490797546,0.0013051151615821556,0.9998857620752227,165.26545043881202,0.14107883817427386,0.0006942636466198039,0.0016662501041406314,0.4482758620689655,0.38461538461538464,0.46153846153846156,0.6666666666666666,True,0.0028611099423570497,0.18037135278514588,0.0015275779732154774,0.9998825790343246,193.43569767270043,0.14937759336099585,0.0008678295582747548,0.0018328751145546946,0.4827586206896552,0.46153846153846156,0.46153846153846156,0.6666666666666666,True,0.022215677199478267,0.16412806963009013,0.01329338889960006,0.9998095757392269,1683.3287735983542,0.4896265560165975,0.013798489976568603,0.020911438806964926,0.9310344827586207,0.9230769230769231,0.9230769230769231,1.0,HistGB,fleet,40000,20000,35.0,B_fleet_size,ROAD_ORNL,FS-A,1,6,CIDv2_OpelAstra|CIDv2_Prototype|CTT_Forester|CTT_Impala|CTT_Silverado|CTT_Traverse
226048,23767,0.10514138590033975,0.5254572945121208,0.12158292698368824,202303,0.02842950277399512,True,0.0,0.0,3.4605326254072306e-05,0.9999970197677612,4.382038458604865,0.0,0.0,0.0,0.0,0.0,0.0,0.0,True,0.00021037573105566542,0.2,9.887236072592087e-05,0.9999964237213135,12.520109881728184,0.0,0.0,0.00041656252603515786,0.10344827586206896,0.23076923076923078,0.0,0.0,True,0.002019607018134388,0.19591836734693877,0.0009738927531503206,0.9999947547912598,123.32308233502263,0.0,0.0002603488674824265,0.003749062734316421,0.3448275862068966,0.6153846153846154,0.15384615384615385,0.0,True,0.0029031850885681827,0.1954674220963173,0.0014039875223080763,0.9999943971633911,177.7855603205402,0.0,0.0004339147791373774,0.00533200033325002,0.41379310344827586,0.6923076923076923,0.23076923076923078,0.0,True,0.01872344006395422,0.14485677083333334,0.012986884581349707,0.9999892711639404,1644.516432964997,0.004149377593360996,0.007897248980300269,0.029409314338082145,0.7586206896551724,0.8461538461538461,0.7692307692307693,0.3333333333333333,XGBoost,fleet,40000,20000,9.87,B_fleet_size,ROAD_ORNL,FS-A,1,6,CIDv2_OpelAstra|CIDv2_Prototype|CTT_Forester|CTT_Impala|CTT_Silverado|CTT_Traverse
226048,23767,0.10514138590033975,0.5504117626241471,0.12201960736246482,202303,0.02842950277399512,True,0.0,0.0,4.943618036296043e-06,0.9999864793750519,0.6260054940864092,0.0,0.0,0.0,0.0,0.0,0.0,0.0,True,0.0,0.0,5.437979839925648e-05,0.9999789621535405,6.886060434950501,0.0,0.0,0.0,0.0,0.0,0.0,0.0,True,0.0005469769007447301,0.11504424778761062,0.0004943618036296044,0.9999691255141777,62.60054940864093,0.0,0.00034713182330990195,0.0007498125468632841,0.20689655172413793,0.23076923076923078,0.23076923076923078,0.0,True,0.0006732023393781294,0.1095890410958904,0.0006426703447184857,0.9999678312978924,81.38071423123318,0.0,0.0004339147791373774,0.0009164375572773473,0.2413793103448276,0.3076923076923077,0.23076923076923078,0.0,True,0.010476711406572138,0.14874551971326164,0.007044655701721862,0.9999423382119772,892.0578290731331,0.0,0.006074806907923284,0.014912938432058652,0.6206896551724138,0.8461538461538461,0.5384615384615384,0.0,HistGB,fleet,40000,20000,37.13,B_fleet_size,ROAD_ORNL,FS-A,0,6,CIDv2_Prototype|CIDv2_RenaultClio|CTT_Forester|CTT_Impala|CTT_Silverado|CTT_Traverse
226048,23767,0.10514138590033975,0.5117464896937607,0.11436825521424099,202303,0.02842950277399512,True,0.0,0.0,0.0,0.9999932050704956,0.0,0.0,0.0,0.0,0.0,0.0,0.0,0.0,True,0.0003366011696890647,0.21052631578947367,0.00014830854108888132,0.9999887943267822,18.780164822592276,0.0,0.0,0.0006665000416562525,0.13793103448275862,0.3076923076923077,0.0,0.0,True,0.0018092312870787227,0.19369369369369369,0.0008849076284969919,0.9999845027923584,112.05498344146726,0.0,0.00034713182330990195,0.0032491877030742314,0.41379310344827586,0.6153846153846154,0.3076923076923077,0.0,True,0.0022299827491900535,0.20152091254752852,0.0010381597876221692,0.9999839067459106,131.46115375814594,0.0,0.0006074806907923284,0.0038323752395234526,0.4482758620689655,0.6153846153846154,0.38461538461538464,0.0,True,0.013800647957251652,0.14675615212527965,0.009427479595216556,0.9999732971191406,1193.7924772227823,0.0,0.006595504642888137,0.020994751312171957,0.6896551724137931,0.7692307692307693,0.7692307692307693,0.0,XGBoost,fleet,40000,20000,10.23,B_fleet_size,ROAD_ORNL,FS-A,0,6,CIDv2_Prototype|CIDv2_RenaultClio|CTT_Forester|CTT_Impala|CTT_Silverado|CTT_Traverse
226048,23767,0.10514138590033975,0.5257513374475822,0.12053432921348668,202303,0.02842950277399512,True,0.0,0.0,0.0,0.99995797095999,0.0,0.0,0.0,0.0,0.0,0.0,0.0,0.0,True,0.0002945260234779316,0.21875,0.0001235904509074011,0.9999457763543312,15.650137352160232,0.0,0.0002603488674824265,0.0003332500208281263,0.20689655172413793,0.23076923076923078,0.23076923076923078,0.0,True,0.0021879076029789205,0.18309859154929578,0.001146919384420682,0.9999307004762177,145.23327462804693,0.0,0.0012149613815846567,0.0031658751978672,0.4827586206896552,0.6153846153846154,0.46153846153846156,0.0,True,0.002482433626456852,0.17771084337349397,0.0013496077239088199,0.9999291494557595,170.8994998855897,0.0,0.0013017443374121322,0.003665750229109389,0.5172413793103449,0.6153846153846154,0.5384615384615384,0.0,True,0.020785122228299743,0.1536547433903577,0.013451584676761535,0.9998948517217086,1703.3609494091195,0.004149377593360996,0.012583528594983946,0.02899275181204699,0.7931034482758621,0.9230769230769231,0.7692307692307693,0.3333333333333333,HistGB,fleet,40000,20000,35.44,B_fleet_size,ROAD_ORNL,FS-A,1,6,CIDv2_Prototype|CIDv2_RenaultClio|CTT_Forester|CTT_Impala|CTT_Silverado|CTT_Traverse
226048,23767,0.10514138590033975,0.5043770454423728,0.11702332304771139,202303,0.02842950277399512,True,0.0002945260234779316,1.0,0.0,0.9999788999557495,0.0,0.0,0.0,0.0005831875364492211,0.10344827586206896,0.23076923076923078,0.0,0.0,True,0.0011781040939117264,0.6222222222222222,8.404150661703274e-05,0.9999649524688721,10.642093399468957,0.0,0.00017356591165495098,0.002166125135382821,0.20689655172413793,0.3076923076923077,0.15384615384615385,0.0,True,0.0038288383052131106,0.3473282442748092,0.0008453586842066235,0.9999502897262573,107.04693948877598,0.0,0.000520697734964853,0.0070815629425976835,0.3448275862068966,0.5384615384615384,0.23076923076923078,0.0,True,0.0044178903521689735,0.3220858895705521,0.0010925395860214256,0.9999485015869141,138.34721419309645,0.0,0.0006942636466198039,0.008081313005082063,0.4482758620689655,0.6923076923076923,0.3076923076923077,0.0,True,0.020953422813144277,0.17653314427507977,0.01148402469831571,0.9999151229858398,1454.2107627627288,0.004149377593360996,0.010327171743469582,0.031492126968257934,0.8620689655172413,1.0,0.8461538461538461,0.3333333333333333,XGBoost,fleet,40000,20000,9.15,B_fleet_size,ROAD_ORNL,FS-A,1,6,CIDv2_Prototype|CIDv2_RenaultClio|CTT_Forester|CTT_Impala|CTT_Silverado|CTT_Traverse
226048,23767,0.10514138590033975,0.49739654674129696,0.11155540483778706,202303,0.02842950277399512,True,0.0,0.0,0.0,0.9999657444764987,0.0,0.0,0.0,0.0,0.0,0.0,0.0,0.0,True,8.415029242226617e-05,0.06060606060606061,0.00015325215912517735,0.9999508501598897,19.406170316678686,0.0,0.0,0.00016662501041406314,0.034482758620689655,0.07692307692307693,0.0,0.0,True,0.001514705263600791,0.14516129032258066,0.0010480470236947613,0.9999332673557141,132.71316474631877,0.004149377593360996,0.0006074806907923284,0.0023327501457968843,0.41379310344827586,0.46153846153846156,0.38461538461538464,0.3333333333333333,True,0.0017250809946564565,0.13398692810457516,0.0013100587796184516,0.9999306585565207,165.89145593289845,0.004149377593360996,0.0006942636466198039,0.00266600016662501,0.41379310344827586,0.46153846153846156,0.38461538461538464,0.3333333333333333,True,0.013884798249673917,0.1273639521420301,0.011177520380065354,0.9998958056893086,1415.3984221293713,0.029045643153526972,0.006942636466198039,0.02024493876530867,0.8275862068965517,0.8461538461538461,0.8461538461538461,0.6666666666666666,HistGB,fleet,40000,20000,35.51,B_fleet_size,ROAD_ORNL,FS-A,0,7,CIDv2_OpelAstra|CIDv2_Prototype|CIDv2_RenaultClio|CTT_Forester|CTT_Impala|CTT_Silverado|CTT_Traverse
226048,23767,0.10514138590033975,0.47321652238468764,0.101567393601845,202303,0.02842950277399512,True,0.0,0.0,4.943618036296043e-06,0.9999896287918091,0.6260054940864092,0.0,0.0,0.0,0.0,0.0,0.0,0.0,True,4.2075146211133085e-05,0.043478260869565216,0.00010875959679851296,0.9999836683273315,13.772120869901002,0.0,0.0,8.331250520703157e-05,0.034482758620689655,0.07692307692307693,0.0,0.0,True,0.000504901754533597,0.04979253112033195,0.0011320885303117939,0.9999773502349854,143.3552581457877,0.0,0.0004339147791373774,0.0005831875364492211,0.2413793103448276,0.3076923076923077,0.23076923076923078,0.0,True,0.0006311271931669963,0.05,0.0014089311403443724,0.9999762773513794,178.4115658146266,0.0,0.000520697734964853,0.0007498125468632841,0.2413793103448276,0.3076923076923077,0.23076923076923078,0.0,True,0.010602936845205538,0.09897879025923016,0.011340659775263124,0.9999614953994751,1436.0566034342228,0.004149377593360996,0.007376551245335416,0.013829875864367241,0.6896551724137931,0.6923076923076923,0.7692307692307693,0.3333333333333333,XGBoost,fleet,40000,20000,9.32,B_fleet_size,ROAD_ORNL,FS-A,0,7,CIDv2_OpelAstra|CIDv2_Prototype|CIDv2_RenaultClio|CTT_Forester|CTT_Impala|CTT_Silverado|CTT_Traverse
226048,23767,0.10514138590033975,0.535726998179527,0.12185573200393818,202303,0.02842950277399512,True,8.415029242226617e-05,0.16666666666666666,4.943618036296043e-05,0.9999760733627819,6.260054940864092,0.0,0.0,0.00016662501041406314,0.034482758620689655,0.07692307692307693,0.0,0.0,True,0.00042075146211133083,0.23255813953488372,0.00016313939519776945,0.9999706900788138,20.658181304851503,0.0,0.0004339147791373774,0.00041656252603515786,0.13793103448275862,0.15384615384615385,0.15384615384615385,0.0,True,0.0031556359658349814,0.19083969465648856,0.001572070535542142,0.9999579853848649,199.06974711947814,0.0,0.0024299227631693135,0.003915687744730484,0.41379310344827586,0.5384615384615384,0.38461538461538464,0.0,True,0.003912988597635377,0.19661733615221988,0.0018785748537924966,0.999956286390098,237.88208775283553,0.0,0.0029506204981341664,0.004915437807214863,0.4482758620689655,0.5384615384615384,0.46153846153846156,0.0,True,0.02482433626456852,0.15809217577706325,0.01553284787004217,0.9999313747491289,1966.9092624194977,0.012448132780082987,0.02108825826607654,0.02865950179121886,0.8275862068965517,0.8461538461538461,0.8461538461538461,0.6666666666666666,HistGB,fleet,40000,20000,36.93,B_fleet_size,ROAD_ORNL,FS-A,1,7,CIDv2_OpelAstra|CIDv2_Prototype|CIDv2_RenaultClio|CTT_Forester|CTT_Impala|CTT_Silverado|CTT_Traverse
226048,23767,0.10514138590033975,0.5313654617865172,0.12859864688752665,202303,0.02842950277399512,True,8.415029242226617e-05,0.6666666666666666,4.943618036296043e-06,0.9999901056289673,0.6260054940864092,0.0,8.678295582747549e-05,8.331250520703157e-05,0.06896551724137931,0.07692307692307693,0.07692307692307693,0.0,True,0.000504901754533597,0.2727272727272727,0.00015819577716147339,0.9999860525131226,20.032175810765093,0.0,0.00017356591165495098,0.0008331250520703157,0.1724137931034483,0.23076923076923078,0.15384615384615385,0.0,True,0.003450161989312913,0.2336182336182336,0.0013298332517636356,0.9999784231185913,168.39547790924408,0.004149377593360996,0.0009546125141022303,0.00583187536449221,0.4827586206896552,0.6153846153846154,0.38461538461538464,0.3333333333333333,True,0.0038288383052131106,0.22413793103448276,0.0015572396814332538,0.999977707862854,197.1917306372189,0.004149377593360996,0.001041395469929706,0.006498375406148463,0.4827586206896552,0.6153846153846154,0.38461538461538464,0.3333333333333333,True,0.02688601842891404,0.19316807738814995,0.01319451653887414,0.9999618530273438,1670.8086637166261,0.024896265560165973,0.016575544563047818,0.036824127301507956,0.8620689655172413,0.9230769230769231,0.8461538461538461,0.6666666666666666,XGBoost,fleet,40000,20000,9.86,B_fleet_size,ROAD_ORNL,FS-A,1,7,CIDv2_OpelAstra|CIDv2_Prototype|CIDv2_RenaultClio|CTT_Forester|CTT_Impala|CTT_Silverado|CTT_Traverse
