n_windows,n_pos,pos_rate,roc_auc,pr_auc,n_calib,win_seconds,resolvable@fa1,recall@fa1,precision@fa1,fpr@fa1,thr@fa1,fa_per_hour@fa1,recall[diagnostic]@fa1,recall[dos]@fa1,recall[fuzzing]@fa1,recall[replay]@fa1,recall[suspension]@fa1,event_recall@fa1,event_recall[diagnostic]@fa1,event_recall[dos]@fa1,event_recall[fuzzing]@fa1,event_recall[replay]@fa1,event_recall[suspension]@fa1,resolvable@fa10,recall@fa10,precision@fa10,fpr@fa10,thr@fa10,fa_per_hour@fa10,recall[diagnostic]@fa10,recall[dos]@fa10,recall[fuzzing]@fa10,recall[replay]@fa10,recall[suspension]@fa10,event_recall@fa10,event_recall[diagnostic]@fa10,event_recall[dos]@fa10,event_recall[fuzzing]@fa10,event_recall[replay]@fa10,event_recall[suspension]@fa10,resolvable@fa100,recall@fa100,precision@fa100,fpr@fa100,thr@fa100,fa_per_hour@fa100,recall[diagnostic]@fa100,recall[dos]@fa100,recall[fuzzing]@fa100,recall[replay]@fa100,recall[suspension]@fa100,event_recall@fa100,event_recall[diagnostic]@fa100,event_recall[dos]@fa100,event_recall[fuzzing]@fa100,event_recall[replay]@fa100,event_recall[suspension]@fa100,resolvable@fpr0.001,recall@fpr0.001,precision@fpr0.001,fpr@fpr0.001,thr@fpr0.001,fa_per_hour@fpr0.001,recall[diagnostic]@fpr0.001,recall[dos]@fpr0.001,recall[fuzzing]@fpr0.001,recall[replay]@fpr0.001,recall[suspension]@fpr0.001,event_recall@fpr0.001,event_recall[diagnostic]@fpr0.001,event_recall[dos]@fpr0.001,event_recall[fuzzing]@fpr0.001,event_recall[replay]@fpr0.001,event_recall[suspension]@fpr0.001,resolvable@fpr0.01,recall@fpr0.01,precision@fpr0.01,fpr@fpr0.01,thr@fpr0.01,fa_per_hour@fpr0.01,recall[diagnostic]@fpr0.01,recall[dos]@fpr0.01,recall[fuzzing]@fpr0.01,recall[replay]@fpr0.01,recall[suspension]@fpr0.01,event_recall@fpr0.01,event_recall[diagnostic]@fpr0.01,event_recall[dos]@fpr0.01,event_recall[fuzzing]@fpr0.01,event_recall[replay]@fpr0.01,event_recall[suspension]@fpr0.01,model,scope,n_train,n_train_pos,fit_s,control,test_domain,feature_set,seed,k,sources
9085,864,0.09510181618051734,0.9942095840823185,0.9864376225689808,8224,0.0455447607482506,False,0.0,0.0,0.0,0.9934240776645941,0.0,0.0,0.0,0.0,0.0,0.0,0.0,0.0,0.0,0.0,0.0,0.0,True,0.0,0.0,0.0,0.9934240776645941,0.0,0.0,0.0,0.0,0.0,0.0,0.0,0.0,0.0,0.0,0.0,0.0,True,0.9699074074074074,1.0,0.0,0.931539166278001,0.0,0.2,0.9968051118210862,0.15384615384615385,0.0,0.9905660377358491,0.6666666666666666,1.0,1.0,0.5,0.0,1.0,True,0.9652777777777778,1.0,0.0,0.993424077664594,0.0,0.0,0.9968051118210862,0.0,0.0,0.9905660377358491,0.3333333333333333,0.0,1.0,0.0,0.0,1.0,True,0.9791666666666666,0.9215686274509803,0.008758058630336941,0.3469592546457328,692.2642813624625,0.3,1.0,0.3076923076923077,1.0,0.9905660377358491,0.8333333333333334,1.0,1.0,0.5,1.0,1.0,HistGB,fleet,40000,952,8.13,B_fleet_size,CIDv2_RenaultClio,FS-B,0,1,CIDv2_OpelAstra
9085,864,0.09510181618051734,0.9995162569210738,0.9983670776127819,8224,0.0455447607482506,False,0.9768518518518519,1.0,0.0,0.4719169437885285,0.0,0.3,1.0,0.46153846153846156,0.0,0.9858490566037735,0.6666666666666666,1.0,1.0,0.5,0.0,1.0,True,0.9768518518518519,1.0,0.0,0.47191694378852844,0.0,0.3,1.0,0.46153846153846156,0.0,0.9858490566037735,0.6666666666666666,1.0,1.0,0.5,0.0,1.0,True,0.9930555555555556,0.9976744186046511,0.0002432794063982484,0.05541561171412468,19.229563371179516,1.0,1.0,0.7692307692307693,0.6666666666666666,0.9905660377358491,0.8333333333333334,1.0,1.0,0.5,1.0,1.0,True,0.9837962962962963,1.0,0.0,0.35023215413093567,0.0,0.4,1.0,0.6153846153846154,0.6666666666666666,0.9905660377358491,0.8333333333333334,1.0,1.0,0.5,1.0,1.0,True,0.9953703703703703,0.9368191721132898,0.0070551027855492035,0.014205883257091045,557.657337764206,1.0,1.0,0.8461538461538461,1.0,0.9905660377358491,1.0,1.0,1.0,1.0,1.0,1.0,XGBoost,fleet,40000,952,5.7,B_fleet_size,CIDv2_RenaultClio,FS-B,0,1,CIDv2_OpelAstra
9085,864,0.09510181618051734,0.982663948920335,0.8854464953584804,8224,0.0455447607482506,False,0.7233796296296297,1.0,0.0,437500.00000000006,0.0,0.0,0.9984025559105432,0.0,0.0,0.0,0.16666666666666666,0.0,1.0,0.0,0.0,0.0,True,0.7233796296296297,1.0,0.0,437500.0,0.0,0.0,0.9984025559105432,0.0,0.0,0.0,0.16666666666666666,0.0,1.0,0.0,0.0,0.0,True,0.7233796296296297,1.0,0.0,296875.0,0.0,0.0,0.9984025559105432,0.0,0.0,0.0,0.16666666666666666,0.0,1.0,0.0,0.0,0.0,True,0.7233796296296297,1.0,0.0,296875.0,0.0,0.0,0.9984025559105432,0.0,0.0,0.0,0.16666666666666666,0.0,1.0,0.0,0.0,0.0,True,0.7303240740740741,0.797724399494311,0.019462352511859873,46875.0,1538.3650696943612,0.0,1.0,0.15384615384615385,1.0,0.0,0.5,0.0,1.0,0.5,1.0,0.0,Rule:Combined,fleet,40000,952,0.07,B_fleet_size,CIDv2_RenaultClio,FS-B,0,1,CIDv2_OpelAstra
9085,864,0.09510181618051734,0.993790462095717,0.9864616237151793,8224,0.0455447607482506,False,0.0,0.0,0.0,0.9934240776645941,0.0,0.0,0.0,0.0,0.0,0.0,0.0,0.0,0.0,0.0,0.0,0.0,True,0.0,0.0,0.0,0.9934240776645941,0.0,0.0,0.0,0.0,0.0,0.0,0.0,0.0,0.0,0.0,0.0,0.0,True,0.9664351851851852,1.0,0.0,0.9016050476857833,0.0,0.0,0.9968051118210862,0.07692307692307693,0.0,0.9905660377358491,0.5,0.0,1.0,0.5,0.0,1.0,True,0.9652777777777778,1.0,0.0,0.993424077664594,0.0,0.0,0.9968051118210862,0.0,0.0,0.9905660377358491,0.3333333333333333,0.0,1.0,0.0,0.0,1.0,True,0.9791666666666666,0.9746543778801844,0.0026760734703807324,0.3519496472713006,211.52519708297467,0.3,0.9984025559105432,0.3076923076923077,1.0,0.9952830188679245,0.8333333333333334,1.0,1.0,0.5,1.0,1.0,HistGB,fleet,40000,952,6.99,B_fleet_size,CIDv2_RenaultClio,FS-B,1,1,CIDv2_OpelAstra
9085,864,0.09510181618051734,0.9995936896025084,0.9987845228850345,8224,0.0455447607482506,False,0.9907407407407407,1.0,0.0,0.4281658530235291,0.0,1.0,1.0,0.7692307692307693,0.3333333333333333,0.9858490566037735,0.8333333333333334,1.0,1.0,0.5,1.0,1.0,True,0.9907407407407407,1.0,0.0,0.42816585302352905,0.0,1.0,1.0,0.7692307692307693,0.3333333333333333,0.9858490566037735,0.8333333333333334,1.0,1.0,0.5,1.0,1.0,True,0.9942129629629629,0.9976771196283392,0.0002432794063982484,0.08410178124904633,19.229563371179516,1.0,1.0,0.7692307692307693,1.0,0.9905660377358491,0.8333333333333334,1.0,1.0,0.5,1.0,1.0,True,0.9942129629629629,0.9976771196283392,0.0002432794063982484,0.08410178124904633,19.229563371179516,1.0,1.0,0.7692307692307693,1.0,0.9905660377358491,0.8333333333333334,1.0,1.0,0.5,1.0,1.0,True,0.9976851851851852,0.9318918918918919,0.007663301301544824,0.018489615991711617,605.7312461921547,1.0,1.0,0.9230769230769231,1.0,0.9952830188679245,1.0,1.0,1.0,1.0,1.0,1.0,XGBoost,fleet,40000,952,4.98,B_fleet_size,CIDv2_RenaultClio,FS-B,1,1,CIDv2_OpelAstra
9085,864,0.09510181618051734,0.9826639489203349,0.8854464953584803,8224,0.0455447607482506,False,0.7233796296296297,1.0,0.0,437500.00000000006,0.0,0.0,0.9984025559105432,0.0,0.0,0.0,0.16666666666666666,0.0,1.0,0.0,0.0,0.0,True,0.7233796296296297,1.0,0.0,437500.0,0.0,0.0,0.9984025559105432,0.0,0.0,0.0,0.16666666666666666,0.0,1.0,0.0,0.0,0.0,True,0.7233796296296297,1.0,0.0,296875.0,0.0,0.0,0.9984025559105432,0.0,0.0,0.0,0.16666666666666666,0.0,1.0,0.0,0.0,0.0,True,0.7233796296296297,1.0,0.0,296875.0,0.0,0.0,0.9984025559105432,0.0,0.0,0.0,0.16666666666666666,0.0,1.0,0.0,0.0,0.0,True,0.7303240740740741,0.797724399494311,0.019462352511859873,46875.0,1538.3650696943612,0.0,1.0,0.15384615384615385,1.0,0.0,0.5,0.0,1.0,0.5,1.0,0.0,Rule:Combined,fleet,40000,952,0.08,B_fleet_size,CIDv2_RenaultClio,FS-B,1,1,CIDv2_OpelAstra
9085,864,0.09510181618051734,0.9157714744759357,0.8102807751460108,8224,0.0455447607482506,False,0.7233796296296297,1.0,0.0,0.9155468895926112,0.0,0.0,0.9968051118210862,0.0,0.3333333333333333,0.0,0.3333333333333333,0.0,1.0,0.0,1.0,0.0,True,0.7233796296296297,1.0,0.0,0.9155468895926112,0.0,0.0,0.9968051118210862,0.0,0.3333333333333333,0.0,0.3333333333333333,0.0,1.0,0.0,1.0,0.0,True,0.7233796296296297,1.0,0.0,0.9155468895926112,0.0,0.0,0.9968051118210862,0.0,0.3333333333333333,0.0,0.3333333333333333,0.0,1.0,0.0,1.0,0.0,True,0.7233796296296297,1.0,0.0,0.9155468895926112,0.0,0.0,0.9968051118210862,0.0,0.3333333333333333,0.0,0.3333333333333333,0.0,1.0,0.0,1.0,0.0,True,0.7280092592592593,0.9290989660265879,0.005838705753557961,0.580036489777208,461.50952090830833,0.1,0.9984025559105432,0.0,0.3333333333333333,0.009433962264150943,0.6666666666666666,1.0,1.0,0.0,1.0,1.0,HistGB,fleet,10934,1058,7.9,B_fleet_size,CIDv2_RenaultClio,FS-B,0,1,CIDv2_Prototype
9085,864,0.09510181618051734,0.9426258323309321,0.9026407540423877,8224,0.0455447607482506,False,0.7488425925925926,1.0,0.0,0.13579587638378146,0.0,1.0,1.0,0.7692307692307693,0.3333333333333333,0.0,0.6666666666666666,1.0,1.0,0.5,1.0,0.0,True,0.7488425925925926,1.0,0.0,0.13579587638378146,0.0,1.0,1.0,0.7692307692307693,0.3333333333333333,0.0,0.6666666666666666,1.0,1.0,0.5,1.0,0.0,True,0.7488425925925926,1.0,0.0,0.13579587638378143,0.0,1.0,1.0,0.7692307692307693,0.3333333333333333,0.0,0.6666666666666666,1.0,1.0,0.5,1.0,0.0,True,0.7488425925925926,1.0,0.0,0.13579587638378143,0.0,1.0,1.0,0.7692307692307693,0.3333333333333333,0.0,0.6666666666666666,1.0,1.0,0.5,1.0,0.0,True,0.7870370370370371,0.9226594301221167,0.006933463082350079,0.024734245613217354,548.0425560786161,1.0,1.0,0.7692307692307693,0.3333333333333333,0.15566037735849056,0.8333333333333334,1.0,1.0,0.5,1.0,1.0,XGBoost,fleet,10934,1058,4.86,B_fleet_size,CIDv2_RenaultClio,FS-B,0,1,CIDv2_Prototype
9085,864,0.09510181618051734,0.9610541065789059,0.935385761888115,8224,0.0455447607482506,False,0.7511574074074074,1.0,0.0,105.79713626325358,0.0,1.0,1.0,1.0,0.0,0.0,0.6666666666666666,1.0,1.0,1.0,0.0,0.0,True,0.7511574074074074,1.0,0.0,105.79713626325356,0.0,1.0,1.0,1.0,0.0,0.0,0.6666666666666666,1.0,1.0,1.0,0.0,0.0,True,0.9120370370370371,0.9987325728770595,0.0001216397031991242,16.0,9.614781685589758,1.0,1.0,1.0,0.0,0.6556603773584906,0.8333333333333334,1.0,1.0,1.0,0.0,1.0,True,0.9120370370370371,0.9987325728770595,0.0001216397031991242,16.0,9.614781685589758,1.0,1.0,1.0,0.0,0.6556603773584906,0.8333333333333334,1.0,1.0,1.0,0.0,1.0,True,0.9155092592592593,0.9801734820322181,0.001946235251185987,15.5,153.83650696943613,1.0,1.0,1.0,0.0,0.6698113207547169,0.8333333333333334,1.0,1.0,1.0,0.0,1.0,Rule:Combined,fleet,10934,1058,0.04,B_fleet_size,CIDv2_RenaultClio,FS-B,0,1,CIDv2_Prototype
9085,864,0.09510181618051734,0.9157714744759357,0.8102807751460108,8224,0.0455447607482506,False,0.7233796296296297,1.0,0.0,0.9155468895926112,0.0,0.0,0.9968051118210862,0.0,0.3333333333333333,0.0,0.3333333333333333,0.0,1.0,0.0,1.0,0.0,True,0.7233796296296297,1.0,0.0,0.9155468895926112,0.0,0.0,0.9968051118210862,0.0,0.3333333333333333,0.0,0.3333333333333333,0.0,1.0,0.0,1.0,0.0,True,0.7233796296296297,1.0,0.0,0.9155468895926112,0.0,0.0,0.9968051118210862,0.0,0.3333333333333333,0.0,0.3333333333333333,0.0,1.0,0.0,1.0,0.0,True,0.7233796296296297,1.0,0.0,0.9155468895926112,0.0,0.0,0.9968051118210862,0.0,0.3333333333333333,0.0,0.3333333333333333,0.0,1.0,0.0,1.0,0.0,True,0.7280092592592593,0.9290989660265879,0.005838705753557961,0.580036489777208,461.50952090830833,0.1,0.9984025559105432,0.0,0.3333333333333333,0.009433962264150943,0.6666666666666666,1.0,1.0,0.0,1.0,1.0,HistGB,fleet,10934,1058,6.46,B_fleet_size,CIDv2_RenaultClio,FS-B,1,1,CIDv2_Prototype
9085,864,0.09510181618051734,0.9426258323309321,0.9026407540423877,8224,0.0455447607482506,False,0.7488425925925926,1.0,0.0,0.13579587638378146,0.0,1.0,1.0,0.7692307692307693,0.3333333333333333,0.0,0.6666666666666666,1.0,1.0,0.5,1.0,0.0,True,0.7488425925925926,1.0,0.0,0.13579587638378146,0.0,1.0,1.0,0.7692307692307693,0.3333333333333333,0.0,0.6666666666666666,1.0,1.0,0.5,1.0,0.0,True,0.7488425925925926,1.0,0.0,0.13579587638378143,0.0,1.0,1.0,0.7692307692307693,0.3333333333333333,0.0,0.6666666666666666,1.0,1.0,0.5,1.0,0.0,True,0.7488425925925926,1.0,0.0,0.13579587638378143,0.0,1.0,1.0,0.7692307692307693,0.3333333333333333,0.0,0.6666666666666666,1.0,1.0,0.5,1.0,0.0,True,0.7870370370370371,0.9226594301221167,0.006933463082350079,0.024734245613217354,548.0425560786161,1.0,1.0,0.7692307692307693,0.3333333333333333,0.15566037735849056,0.8333333333333334,1.0,1.0,0.5,1.0,1.0,XGBoost,fleet,10934,1058,2.74,B_fleet_size,CIDv2_RenaultClio,FS-B,1,1,CIDv2_Prototype
9085,864,0.09510181618051734,0.9610541065789059,0.935385761888115,8224,0.0455447607482506,False,0.7511574074074074,1.0,0.0,105.79713626325358,0.0,1.0,1.0,1.0,0.0,0.0,0.6666666666666666,1.0,1.0,1.0,0.0,0.0,True,0.7511574074074074,1.0,0.0,105.79713626325356,0.0,1.0,1.0,1.0,0.0,0.0,0.6666666666666666,1.0,1.0,1.0,0.0,0.0,True,0.9120370370370371,0.9987325728770595,0.0001216397031991242,16.0,9.614781685589758,1.0,1.0,1.0,0.0,0.6556603773584906,0.8333333333333334,1.0,1.0,1.0,0.0,1.0,True,0.9120370370370371,0.9987325728770595,0.0001216397031991242,16.0,9.614781685589758,1.0,1.0,1.0,0.0,0.6556603773584906,0.8333333333333334,1.0,1.0,1.0,0.0,1.0,True,0.9155092592592593,0.9801734820322181,0.001946235251185987,15.5,153.83650696943613,1.0,1.0,1.0,0.0,0.6698113207547169,0.8333333333333334,1.0,1.0,1.0,0.0,1.0,Rule:Combined,fleet,10934,1058,0.03,B_fleet_size,CIDv2_RenaultClio,FS-B,1,1,CIDv2_Prototype
9085,864,0.09510181618051734,0.9196447275946424,0.8065721748868668,8224,0.0455447607482506,False,0.0,0.0,0.0,0.9999751207010661,0.0,0.0,0.0,0.0,0.0,0.0,0.0,0.0,0.0,0.0,0.0,0.0,True,0.0,0.0,0.0,0.999975120701066,0.0,0.0,0.0,0.0,0.0,0.0,0.0,0.0,0.0,0.0,0.0,0.0,True,0.024305555555555556,0.7777777777777778,0.0007298382191947452,0.9997880133213124,57.68869011353854,0.9,0.001597444089456869,0.6153846153846154,1.0,0.0,0.6666666666666666,1.0,1.0,0.5,1.0,0.0,True,0.024305555555555556,0.8076923076923077,0.000608198515995621,0.999829837867626,48.07390842794879,0.9,0.001597444089456869,0.6153846153846154,1.0,0.0,0.6666666666666666,1.0,1.0,0.5,1.0,0.0,True,0.75,0.8297055057618438,0.01617808052548352,0.8942633863938139,1278.7659641834377,0.9,0.9984025559105432,0.7692307692307693,1.0,0.0047169811320754715,0.8333333333333334,1.0,1.0,0.5,1.0,1.0,HistGB,fleet,40000,20000,19.92,B_fleet_size,CIDv2_RenaultClio,FS-B,0,1,CTT_Forester
9085,864,0.09510181618051734,0.9281694322804741,0.7943058398385788,8224,0.0455447607482506,False,0.0,0.0,0.0002432794063982484,0.9999903440475465,19.229563371179516,0.0,0.0,0.0,0.0,0.0,0.0,0.0,0.0,0.0,0.0,0.0,True,0.0,0.0,0.0002432794063982484,0.9999903440475464,19.229563371179516,0.0,0.0,0.0,0.0,0.0,0.0,0.0,0.0,0.0,0.0,0.0,True,0.003472222222222222,0.17647058823529413,0.0017029558447877388,0.9998958110809326,134.6069435982566,0.0,0.0,0.0,1.0,0.0,0.16666666666666666,0.0,0.0,0.0,1.0,0.0,True,0.003472222222222222,0.17647058823529413,0.0017029558447877388,0.9998958110809326,134.6069435982566,0.0,0.0,0.0,1.0,0.0,0.16666666666666666,0.0,0.0,0.0,1.0,0.0,True,0.7523148148148148,0.819672131147541,0.01739447755747476,0.933872401714325,1374.9137810393352,0.9,1.0,0.7692307692307693,1.0,0.009433962264150943,0.8333333333333334,1.0,1.0,0.5,1.0,1.0,XGBoost,fleet,40000,20000,4.12,B_fleet_size,CIDv2_RenaultClio,FS-B,0,1,CTT_Forester
9085,864,0.09510181618051734,0.8757323019863312,0.7607774546724257,8224,0.0455447607482506,False,0.7233796296296297,1.0,0.0,437500.00000000006,0.0,0.0,0.9984025559105432,0.0,0.0,0.0,0.16666666666666666,0.0,1.0,0.0,0.0,0.0,True,0.7233796296296297,1.0,0.0,437500.0,0.0,0.0,0.9984025559105432,0.0,0.0,0.0,0.16666666666666666,0.0,1.0,0.0,0.0,0.0,True,0.7233796296296297,1.0,0.0,296875.0,0.0,0.0,0.9984025559105432,0.0,0.0,0.0,0.16666666666666666,0.0,1.0,0.0,0.0,0.0,True,0.7233796296296297,1.0,0.0,296875.0,0.0,0.0,0.9984025559105432,0.0,0.0,0.0,0.16666666666666666,0.0,1.0,0.0,0.0,0.0,True,0.7303240740740741,0.797724399494311,0.019462352511859873,46875.0,1538.3650696943612,0.0,1.0,0.15384615384615385,1.0,0.0,0.5,0.0,1.0,0.5,1.0,0.0,Rule:Combined,fleet,40000,20000,0.07,B_fleet_size,CIDv2_RenaultClio,FS-B,0,1,CTT_Forester
9085,864,0.09510181618051734,0.8917877573017611,0.7792858451244417,8224,0.0455447607482506,False,0.0,0.0,0.0001216397031991242,0.9999656308885255,9.614781685589758,0.0,0.0,0.0,0.0,0.0,0.0,0.0,0.0,0.0,0.0,0.0,True,0.0,0.0,0.0001216397031991242,0.9999656308885254,9.614781685589758,0.0,0.0,0.0,0.0,0.0,0.0,0.0,0.0,0.0,0.0,0.0,True,0.0011574074074074073,0.25,0.0003649191095973726,0.9998966332334275,28.84434505676927,0.0,0.0,0.0,0.3333333333333333,0.0,0.16666666666666666,0.0,0.0,0.0,1.0,0.0,True,0.0011574074074074073,0.25,0.0003649191095973726,0.9999016420373884,28.84434505676927,0.0,0.0,0.0,0.3333333333333333,0.0,0.16666666666666666,0.0,0.0,0.0,1.0,0.0,True,0.75,0.84375,0.014596764383894904,0.9740066423538721,1153.773802270771,0.9,0.9984025559105432,0.7692307692307693,1.0,0.0047169811320754715,0.8333333333333334,1.0,1.0,0.5,1.0,1.0,HistGB,fleet,40000,20000,10.73,B_fleet_size,CIDv2_RenaultClio,FS-B,1,1,CTT_Forester
9085,864,0.09510181618051734,0.9163310311893209,0.786439921039608,8224,0.0455447607482506,False,0.0,0.0,0.0,0.9999638795852662,0.0,0.0,0.0,0.0,0.0,0.0,0.0,0.0,0.0,0.0,0.0,0.0,True,0.0,0.0,0.0,0.9999638795852662,0.0,0.0,0.0,0.0,0.0,0.0,0.0,0.0,0.0,0.0,0.0,0.0,True,0.003472222222222222,0.25,0.0010947573287921177,0.9998544454574585,86.53303517030781,0.0,0.0,0.0,1.0,0.0,0.16666666666666666,0.0,0.0,0.0,1.0,0.0,True,0.003472222222222222,0.25,0.0010947573287921177,0.9998544454574585,86.53303517030781,0.0,0.0,0.0,1.0,0.0,0.16666666666666666,0.0,0.0,0.0,1.0,0.0,True,0.7523148148148148,0.8441558441558441,0.014596764383894904,0.9567983746528625,1153.773802270771,0.9,1.0,0.7692307692307693,1.0,0.009433962264150943,0.8333333333333334,1.0,1.0,0.5,1.0,1.0,XGBoost,fleet,40000,20000,5.44,B_fleet_size,CIDv2_RenaultClio,FS-B,1,1,CTT_Forester
9085,864,0.09510181618051734,0.8757323019863312,0.7607774546724257,8224,0.0455447607482506,False,0.7233796296296297,1.0,0.0,437500.00000000006,0.0,0.0,0.9984025559105432,0.0,0.0,0.0,0.16666666666666666,0.0,1.0,0.0,0.0,0.0,True,0.7233796296296297,1.0,0.0,437500.0,0.0,0.0,0.9984025559105432,0.0,0.0,0.0,0.16666666666666666,0.0,1.0,0.0,0.0,0.0,True,0.7233796296296297,1.0,0.0,296875.0,0.0,0.0,0.9984025559105432,0.0,0.0,0.0,0.16666666666666666,0.0,1.0,0.0,0.0,0.0,True,0.7233796296296297,1.0,0.0,296875.0,0.0,0.0,0.9984025559105432,0.0,0.0,0.0,0.16666666666666666,0.0,1.0,0.0,0.0,0.0,True,0.7303240740740741,0.797724399494311,0.019462352511859873,46875.0,1538.3650696943612,0.0,1.0,0.15384615384615385,1.0,0.0,0.5,0.0,1.0,0.5,1.0,0.0,Rule:Combined,fleet,40000,20000,0.05,B_fleet_size,CIDv2_RenaultClio,FS-B,1,1,CTT_Forester
9085,864,0.09510181618051734,0.8685031164542478,0.7881320902175191,8224,0.0455447607482506,False,0.024305555555555556,0.9130434782608695,0.0002432794063982484,0.9998644745430612,19.229563371179516,0.9,0.001597444089456869,0.6923076923076923,0.6666666666666666,0.0,0.6666666666666666,1.0,1.0,0.5,1.0,0.0,True,0.024305555555555556,0.9130434782608695,0.0002432794063982484,0.999864474543061,19.229563371179516,0.9,0.001597444089456869,0.6923076923076923,0.6666666666666666,0.0,0.6666666666666666,1.0,1.0,0.5,1.0,0.0,True,0.7476851851851852,0.9817629179331308,0.0014596764383894903,0.9998184916637292,115.37738022707708,0.9,0.9984025559105432,0.6923076923076923,1.0,0.0,0.6666666666666666,1.0,1.0,0.5,1.0,0.0,True,0.024305555555555556,0.65625,0.0013380367351903662,0.9998402233491123,105.76259854148734,0.9,0.001597444089456869,0.6923076923076923,0.6666666666666666,0.0,0.6666666666666666,1.0,1.0,0.5,1.0,0.0,True,0.7511574074074074,0.8417639429312581,0.014840043790293151,0.9947655592754041,1173.0033656419505,1.0,0.9984025559105432,0.7692307692307693,1.0,0.0047169811320754715,0.8333333333333334,1.0,1.0,0.5,1.0,1.0,HistGB,fleet,40000,20000,9.66,B_fleet_size,CIDv2_RenaultClio,FS-B,0,1,CTT_Traverse
9085,864,0.09510181618051734,0.8715750117134529,0.727239975416074,8224,0.0455447607482506,False,0.0011574074074074073,0.2,0.0004865588127964968,0.9999253749847413,38.45912674235903,0.0,0.0,0.0,0.3333333333333333,0.0,0.16666666666666666,0.0,0.0,0.0,1.0,0.0,True,0.0011574074074074073,0.2,0.0004865588127964968,0.9999253749847412,38.45912674235903,0.0,0.0,0.0,0.3333333333333333,0.0,0.16666666666666666,0.0,0.0,0.0,1.0,0.0,True,0.003472222222222222,0.2,0.0014596764383894903,0.9997909665107727,115.37738022707708,0.0,0.0,0.0,1.0,0.0,0.16666666666666666,0.0,0.0,0.0,1.0,0.0,True,0.003472222222222222,0.23076923076923078,0.001216397031991242,0.9998162388801575,96.14781685589757,0.0,0.0,0.0,1.0,0.0,0.16666666666666666,0.0,0.0,0.0,1.0,0.0,True,0.7546296296296297,0.8295165394402035,0.016299720228682642,0.9895176291465759,1288.3807458690274,1.0,1.0,0.7692307692307693,1.0,0.014150943396226415,0.8333333333333334,1.0,1.0,0.5,1.0,1.0,XGBoost,fleet,40000,20000,5.82,B_fleet_size,CIDv2_RenaultClio,FS-B,0,1,CTT_Traverse
9085,864,0.09510181618051734,0.9826639489203349,0.8854464953584804,8224,0.0455447607482506,False,0.7233796296296297,1.0,0.0,437500.00000000006,0.0,0.0,0.9984025559105432,0.0,0.0,0.0,0.16666666666666666,0.0,1.0,0.0,0.0,0.0,True,0.7233796296296297,1.0,0.0,437500.0,0.0,0.0,0.9984025559105432,0.0,0.0,0.0,0.16666666666666666,0.0,1.0,0.0,0.0,0.0,True,0.7233796296296297,1.0,0.0,296875.0,0.0,0.0,0.9984025559105432,0.0,0.0,0.0,0.16666666666666666,0.0,1.0,0.0,0.0,0.0,True,0.7233796296296297,1.0,0.0,296875.0,0.0,0.0,0.9984025559105432,0.0,0.0,0.0,0.16666666666666666,0.0,1.0,0.0,0.0,0.0,True,0.7303240740740741,0.797724399494311,0.019462352511859873,46875.0,1538.3650696943612,0.0,1.0,0.15384615384615385,1.0,0.0,0.5,0.0,1.0,0.5,1.0,0.0,Rule:Combined,fleet,40000,20000,0.05,B_fleet_size,CIDv2_RenaultClio,FS-B,0,1,CTT_Traverse
9085,864,0.09510181618051734,0.8703516457401326,0.796408843145541,8224,0.0455447607482506,False,0.023148148148148147,0.9090909090909091,0.0002432794063982484,0.9997315268644237,19.229563371179516,0.9,0.001597444089456869,0.6923076923076923,0.3333333333333333,0.0,0.6666666666666666,1.0,1.0,0.5,1.0,0.0,True,0.023148148148148147,0.9090909090909091,0.0002432794063982484,0.9997315268644236,19.229563371179516,0.9,0.001597444089456869,0.6923076923076923,0.3333333333333333,0.0,0.6666666666666666,1.0,1.0,0.5,1.0,0.0,True,0.7476851851851852,0.9892802450229708,0.0008514779223938694,0.999539488844514,67.3034717991283,0.9,0.9984025559105432,0.7692307692307693,0.6666666666666666,0.0,0.6666666666666666,1.0,1.0,0.5,1.0,0.0,True,0.7476851851851852,0.9892802450229708,0.0008514779223938694,0.999551030389606,67.3034717991283,0.9,0.9984025559105432,0.7692307692307693,0.6666666666666666,0.0,0.6666666666666666,1.0,1.0,0.5,1.0,0.0,True,0.7546296296296297,0.8624338624338624,0.012650529132708916,0.9809590731525089,999.9372953013348,1.0,1.0,0.7692307692307693,1.0,0.014150943396226415,0.8333333333333334,1.0,1.0,0.5,1.0,1.0,HistGB,fleet,40000,20000,19.89,B_fleet_size,CIDv2_RenaultClio,FS-B,1,1,CTT_Traverse
9085,864,0.09510181618051734,0.8849722030752318,0.795274550110064,8224,0.0455447607482506,False,0.0,0.0,0.0,0.999860167503357,0.0,0.0,0.0,0.0,0.0,0.0,0.0,0.0,0.0,0.0,0.0,0.0,True,0.0,0.0,0.0001216397031991242,0.9998601675033569,9.614781685589758,0.0,0.0,0.0,0.0,0.0,0.0,0.0,0.0,0.0,0.0,0.0,True,0.005787037037037037,0.4166666666666667,0.0008514779223938694,0.999523401260376,67.3034717991283,0.0,0.0,0.15384615384615385,1.0,0.0,0.3333333333333333,0.0,0.0,0.5,1.0,0.0,True,0.003472222222222222,0.5,0.0003649191095973726,0.9996860027313232,28.84434505676927,0.0,0.0,0.15384615384615385,0.3333333333333333,0.0,0.3333333333333333,0.0,0.0,0.5,1.0,0.0,True,0.7534722222222222,0.8809201623815968,0.01070429388152293,0.9741676449775696,846.1007883318987,1.0,1.0,0.7692307692307693,1.0,0.009433962264150943,0.8333333333333334,1.0,1.0,0.5,1.0,1.0,XGBoost,fleet,40000,20000,16.77,B_fleet_size,CIDv2_RenaultClio,FS-B,1,1,CTT_Traverse
9085,864,0.09510181618051734,0.982663948920335,0.8854464953584804,8224,0.0455447607482506,False,0.7233796296296297,1.0,0.0,437500.00000000006,0.0,0.0,0.9984025559105432,0.0,0.0,0.0,0.16666666666666666,0.0,1.0,0.0,0.0,0.0,True,0.7233796296296297,1.0,0.0,437500.0,0.0,0.0,0.9984025559105432,0.0,0.0,0.0,0.16666666666666666,0.0,1.0,0.0,0.0,0.0,True,0.7233796296296297,1.0,0.0,296875.0,0.0,0.0,0.9984025559105432,0.0,0.0,0.0,0.16666666666666666,0.0,1.0,0.0,0.0,0.0,True,0.7233796296296297,1.0,0.0,296875.0,0.0,0.0,0.9984025559105432,0.0,0.0,0.0,0.16666666666666666,0.0,1.0,0.0,0.0,0.0,True,0.7303240740740741,0.797724399494311,0.019462352511859873,46875.0,1538.3650696943612,0.0,1.0,0.15384615384615385,1.0,0.0,0.5,0.0,1.0,0.5,1.0,0.0,Rule:Combined,fleet,40000,20000,0.05,B_fleet_size,CIDv2_RenaultClio,FS-B,1,1,CTT_Traverse
9085,864,0.09510181618051734,0.07317613654281946,0.07708753797594634,8224,0.0455447607482506,False,0.003472222222222222,0.5,0.0003649191095973726,0.9789965141645537,28.84434505676927,0.0,0.0,0.0,1.0,0.0,0.16666666666666666,0.0,0.0,0.0,1.0,0.0,True,0.003472222222222222,0.5,0.0003649191095973726,0.9789965141645537,28.84434505676927,0.0,0.0,0.0,1.0,0.0,0.16666666666666666,0.0,0.0,0.0,1.0,0.0,True,0.003472222222222222,0.09090909090909091,0.003649191095973726,0.9396564099531718,288.44345056769276,0.0,0.0,0.0,1.0,0.0,0.16666666666666666,0.0,0.0,0.0,1.0,0.0,True,0.003472222222222222,0.15,0.0020678749543851112,0.958628205007134,163.45128865502588,0.0,0.0,0.0,1.0,0.0,0.16666666666666666,0.0,0.0,0.0,1.0,0.0,True,0.009259259259259259,0.05228758169934641,0.017637756963873007,0.6852340881250153,1394.1433444105146,0.2,0.0,0.23076923076923078,1.0,0.0,0.5,1.0,0.0,0.5,1.0,0.0,HistGB,fleet,40000,20000,23.29,B_fleet_size,CIDv2_RenaultClio,FS-B,0,1,ROAD_ORNL
9085,864,0.09510181618051734,0.15069385314033165,0.08311245147281701,8224,0.0455447607482506,False,0.0023148148148148147,0.3333333333333333,0.0004865588127964968,0.9918243288993837,38.45912674235903,0.0,0.0,0.0,0.6666666666666666,0.0,0.16666666666666666,0.0,0.0,0.0,1.0,0.0,True,0.0023148148148148147,0.3333333333333333,0.0004865588127964968,0.9918243288993835,38.45912674235903,0.0,0.0,0.0,0.6666666666666666,0.0,0.16666666666666666,0.0,0.0,0.0,1.0,0.0,True,0.003472222222222222,0.075,0.004500669018367595,0.9500617384910583,355.7469223668211,0.0,0.0,0.0,1.0,0.0,0.16666666666666666,0.0,0.0,0.0,1.0,0.0,True,0.003472222222222222,0.075,0.004500669018367595,0.950087308883667,355.7469223668211,0.0,0.0,0.0,1.0,0.0,0.16666666666666666,0.0,0.0,0.0,1.0,0.0,True,0.006944444444444444,0.031746031746031744,0.02226006568543973,0.7704821825027466,1759.5050484629255,0.1,0.0,0.15384615384615385,1.0,0.0,0.5,1.0,0.0,0.5,1.0,0.0,XGBoost,fleet,40000,20000,9.38,B_fleet_size,CIDv2_RenaultClio,FS-B,0,1,ROAD_ORNL
9085,864,0.09510181618051734,0.9990063275171535,0.9938012965940891,8224,0.0455447607482506,False,0.7233796296296297,1.0,0.0,421875.00000000006,0.0,0.0,0.9984025559105432,0.0,0.0,0.0,0.16666666666666666,0.0,1.0,0.0,0.0,0.0,True,0.7233796296296297,1.0,0.0,421875.0,0.0,0.0,0.9984025559105432,0.0,0.0,0.0,0.16666666666666666,0.0,1.0,0.0,0.0,0.0,True,0.9953703703703703,0.979498861047836,0.0021895146575842354,19.827619882969085,173.06607034061562,1.0,1.0,1.0,0.0,0.9952830188679245,0.8333333333333334,1.0,1.0,1.0,0.0,1.0,True,0.9953703703703703,0.979498861047836,0.0021895146575842354,19.87632612710503,173.06607034061562,1.0,1.0,1.0,0.0,0.9952830188679245,0.8333333333333334,1.0,1.0,1.0,0.0,1.0,True,0.9976851851851852,0.8877445932028837,0.013258727648704538,5.714032021879332,1048.0112037292836,1.0,1.0,1.0,0.3333333333333333,1.0,1.0,1.0,1.0,1.0,1.0,1.0,Rule:Combined,fleet,40000,20000,0.05,B_fleet_size,CIDv2_RenaultClio,FS-B,0,1,ROAD_ORNL
9085,864,0.09510181618051734,0.05010696972973462,0.07657073824356633,8224,0.0455447607482506,False,0.003472222222222222,0.3333333333333333,0.0007298382191947452,0.9909235629441557,57.68869011353854,0.0,0.0,0.0,1.0,0.0,0.16666666666666666,0.0,0.0,0.0,1.0,0.0,True,0.003472222222222222,0.3333333333333333,0.0007298382191947452,0.9909235629441557,57.68869011353854,0.0,0.0,0.0,1.0,0.0,0.16666666666666666,0.0,0.0,0.0,1.0,0.0,True,0.005787037037037037,0.13513513513513514,0.003892470502371974,0.9771612945081134,307.67301393887226,0.1,0.0,0.07692307692307693,1.0,0.0,0.5,1.0,0.0,0.5,1.0,0.0,True,0.005787037037037037,0.15625,0.003284271986376353,0.9786554160149395,259.59910551092344,0.1,0.0,0.07692307692307693,1.0,0.0,0.5,1.0,0.0,0.5,1.0,0.0,True,0.006944444444444444,0.057692307692307696,0.011920690913514172,0.9470085487838409,942.2486051877962,0.1,0.0,0.15384615384615385,1.0,0.0,0.5,1.0,0.0,0.5,1.0,0.0,HistGB,fleet,40000,20000,23.02,B_fleet_size,CIDv2_RenaultClio,FS-B,1,1,ROAD_ORNL
9085,864,0.09510181618051734,0.0487693553546248,0.07585557544595889,8224,0.0455447607482506,False,0.0011574074074074073,0.25,0.0003649191095973726,0.9973005652427674,28.84434505676927,0.0,0.0,0.0,0.3333333333333333,0.0,0.16666666666666666,0.0,0.0,0.0,1.0,0.0,True,0.0011574074074074073,0.25,0.0003649191095973726,0.9973005652427673,28.84434505676927,0.0,0.0,0.0,0.3333333333333333,0.0,0.16666666666666666,0.0,0.0,0.0,1.0,0.0,True,0.003472222222222222,0.07894736842105263,0.004257389611969347,0.9893664717674255,336.51735899564153,0.0,0.0,0.0,1.0,0.0,0.16666666666666666,0.0,0.0,0.0,1.0,0.0,True,0.003472222222222222,0.09375,0.0035275513927746018,0.9919284582138062,278.828668882103,0.0,0.0,0.0,1.0,0.0,0.16666666666666666,0.0,0.0,0.0,1.0,0.0,True,0.006944444444444444,0.0375,0.018732514292665127,0.9292516112327576,1480.6763795808229,0.1,0.0,0.15384615384615385,1.0,0.0,0.5,1.0,0.0,0.5,1.0,0.0,XGBoost,fleet,40000,20000,6.86,B_fleet_size,CIDv2_RenaultClio,FS-B,1,1,ROAD_ORNL
9085,864,0.09510181618051734,0.9990106215113057,0.9938008474824732,8224,0.0455447607482506,False,0.7233796296296297,1.0,0.0,421875.00000000006,0.0,0.0,0.9984025559105432,0.0,0.0,0.0,0.16666666666666666,0.0,1.0,0.0,0.0,0.0,True,0.7233796296296297,1.0,0.0,421875.0,0.0,0.0,0.9984025559105432,0.0,0.0,0.0,0.16666666666666666,0.0,1.0,0.0,0.0,0.0,True,0.9953703703703703,0.979498861047836,0.0021895146575842354,20.128691246381607,173.06607034061562,1.0,1.0,1.0,0.0,0.9952830188679245,0.8333333333333334,1.0,1.0,1.0,0.0,1.0,True,0.9953703703703703,0.979498861047836,0.0021895146575842354,20.178133779809524,173.06607034061562,1.0,1.0,1.0,0.0,0.9952830188679245,0.8333333333333334,1.0,1.0,1.0,0.0,1.0,True,0.9976851851851852,0.8877445932028837,0.013258727648704538,5.674971520985592,1048.0112037292836,1.0,1.0,1.0,0.3333333333333333,1.0,1.0,1.0,1.0,1.0,1.0,1.0,Rule:Combined,fleet,40000,20000,0.05,B_fleet_size,CIDv2_RenaultClio,FS-B,1,1,ROAD_ORNL
9085,864,0.09510181618051734,0.9985387749079817,0.9917123686343897,8224,0.0455447607482506,False,0.9386574074074074,0.9878197320341048,0.001216397031991242,0.9362004705744159,96.14781685589757,1.0,1.0,0.6923076923076923,0.3333333333333333,0.7783018867924528,0.8333333333333334,1.0,1.0,0.5,1.0,1.0,True,0.9386574074074074,0.9878197320341048,0.001216397031991242,0.9362004705744158,96.14781685589757,1.0,1.0,0.6923076923076923,0.3333333333333333,0.7783018867924528,0.8333333333333334,1.0,1.0,0.5,1.0,1.0,True,0.9560185185185185,0.9740566037735849,0.0026760734703807324,0.9076096711023954,211.52519708297467,1.0,1.0,0.7692307692307693,1.0,0.8349056603773585,0.8333333333333334,1.0,1.0,0.5,1.0,1.0,True,0.9502314814814815,0.9797136038186157,0.0020678749543851112,0.921648471030443,163.45128865502588,1.0,1.0,0.7692307692307693,1.0,0.8113207547169812,0.8333333333333334,1.0,1.0,0.5,1.0,1.0,True,0.9814814814814815,0.8565656565656565,0.017272837854275636,0.23056604901786637,1365.2989993537456,1.0,1.0,0.7692307692307693,1.0,0.9386792452830188,0.8333333333333334,1.0,1.0,0.5,1.0,1.0,HistGB,fleet,40000,20000,9.73,B_fleet_size,CIDv2_RenaultClio,FS-B,0,2,CIDv2_OpelAstra|CTT_Silverado
9085,864,0.09510181618051734,0.9983765886370496,0.9908905982395481,8224,0.0455447607482506,False,0.8055555555555556,0.9985652797704447,0.0001216397031991242,0.8540272712707521,9.614781685589758,1.0,1.0,0.7692307692307693,0.6666666666666666,0.22641509433962265,0.8333333333333334,1.0,1.0,0.5,1.0,1.0,True,0.8055555555555556,0.9985652797704447,0.0001216397031991242,0.8540272712707521,9.614781685589758,1.0,1.0,0.7692307692307693,0.6666666666666666,0.22641509433962265,0.8333333333333334,1.0,1.0,0.5,1.0,1.0,True,0.8784722222222222,0.9908616187989556,0.0008514779223938694,0.7781158685684204,67.3034717991283,1.0,1.0,0.7692307692307693,1.0,0.5188679245283019,0.8333333333333334,1.0,1.0,0.5,1.0,1.0,True,0.8125,0.9985775248933144,0.0001216397031991242,0.8464787006378174,9.614781685589758,1.0,1.0,0.7692307692307693,0.6666666666666666,0.25471698113207547,0.8333333333333334,1.0,1.0,0.5,1.0,1.0,True,0.9872685185185185,0.866869918699187,0.015934801119085268,0.20405416190624237,1259.536400812258,1.0,1.0,0.7692307692307693,1.0,0.9622641509433962,0.8333333333333334,1.0,1.0,0.5,1.0,1.0,XGBoost,fleet,40000,20000,5.41,B_fleet_size,CIDv2_RenaultClio,FS-B,0,2,CIDv2_OpelAstra|CTT_Silverado
9085,864,0.09510181618051734,0.8760281652227582,0.7597086403153982,8224,0.0455447607482506,False,0.7233796296296297,1.0,0.0,437500.00000000006,0.0,0.0,0.9984025559105432,0.0,0.0,0.0,0.16666666666666666,0.0,1.0,0.0,0.0,0.0,True,0.7233796296296297,1.0,0.0,437500.0,0.0,0.0,0.9984025559105432,0.0,0.0,0.0,0.16666666666666666,0.0,1.0,0.0,0.0,0.0,True,0.7233796296296297,1.0,0.0,296875.0,0.0,0.0,0.9984025559105432,0.0,0.0,0.0,0.16666666666666666,0.0,1.0,0.0,0.0,0.0,True,0.7233796296296297,1.0,0.0,296875.0,0.0,0.0,0.9984025559105432,0.0,0.0,0.0,0.16666666666666666,0.0,1.0,0.0,0.0,0.0,True,0.7303240740740741,0.8975817923186344,0.008758058630336941,62500.0,692.2642813624625,0.0,1.0,0.15384615384615385,1.0,0.0,0.5,0.0,1.0,0.5,1.0,0.0,Rule:Combined,fleet,40000,20000,0.04,B_fleet_size,CIDv2_RenaultClio,FS-B,0,2,CIDv2_OpelAstra|CTT_Silverado
9085,864,0.09510181618051734,0.998589176544261,0.9913731773705478,8224,0.0455447607482506,False,0.9606481481481481,0.991636798088411,0.0008514779223938694,0.940261665816876,67.3034717991283,0.9,1.0,0.6923076923076923,0.6666666666666666,0.8679245283018868,0.8333333333333334,1.0,1.0,0.5,1.0,1.0,True,0.9606481481481481,0.991636798088411,0.0008514779223938694,0.940261665816876,67.3034717991283,0.9,1.0,0.6923076923076923,0.6666666666666666,0.8679245283018868,0.8333333333333334,1.0,1.0,0.5,1.0,1.0,True,0.9618055555555556,0.9822695035460993,0.001824595547986863,0.9269348714650388,144.22172528384638,0.9,1.0,0.6923076923076923,0.6666666666666666,0.8726415094339622,0.8333333333333334,1.0,1.0,0.5,1.0,1.0,True,0.9618055555555556,0.9845971563981043,0.0015813161415886145,0.9283249403682038,124.99216191266684,0.9,1.0,0.6923076923076923,0.6666666666666666,0.8726415094339622,0.8333333333333334,1.0,1.0,0.5,1.0,1.0,True,0.9780092592592593,0.8300589390962672,0.021043668653448484,0.5458989393818129,1663.3572316070279,1.0,1.0,0.7692307692307693,1.0,0.9245283018867925,0.8333333333333334,1.0,1.0,0.5,1.0,1.0,HistGB,fleet,40000,20000,8.99,B_fleet_size,CIDv2_RenaultClio,FS-B,1,2,CIDv2_OpelAstra|CTT_Silverado
9085,864,0.09510181618051734,0.9986397189672338,0.9933768982937057,8224,0.0455447607482506,False,0.9247685185185185,0.9925465838509316,0.0007298382191947452,0.9242286682128907,57.68869011353854,0.9,1.0,0.7692307692307693,0.6666666666666666,0.7169811320754716,0.8333333333333334,1.0,1.0,0.5,1.0,1.0,True,0.9247685185185185,0.9925465838509316,0.0007298382191947452,0.9242286682128907,57.68869011353854,0.9,1.0,0.7692307692307693,0.6666666666666666,0.7169811320754716,0.8333333333333334,1.0,1.0,0.5,1.0,1.0,True,0.96875,0.9766627771295215,0.002432794063982484,0.7954526543617249,192.29563371179515,1.0,1.0,0.7692307692307693,1.0,0.8867924528301887,0.8333333333333334,1.0,1.0,0.5,1.0,1.0,True,0.96875,0.981242672919109,0.001946235251185987,0.8195838332176208,153.83650696943613,1.0,1.0,0.7692307692307693,1.0,0.8867924528301887,0.8333333333333334,1.0,1.0,0.5,1.0,1.0,True,0.9872685185185185,0.8462301587301587,0.01885415399586425,0.16089577972888947,1490.2911612664127,1.0,1.0,0.7692307692307693,1.0,0.9622641509433962,0.8333333333333334,1.0,1.0,0.5,1.0,1.0,XGBoost,fleet,40000,20000,5.07,B_fleet_size,CIDv2_RenaultClio,FS-B,1,2,CIDv2_OpelAstra|CTT_Silverado
9085,864,0.09510181618051734,0.8760281652227582,0.7597086403153982,8224,0.0455447607482506,False,0.7233796296296297,1.0,0.0,437500.00000000006,0.0,0.0,0.9984025559105432,0.0,0.0,0.0,0.16666666666666666,0.0,1.0,0.0,0.0,0.0,True,0.7233796296296297,1.0,0.0,437500.0,0.0,0.0,0.9984025559105432,0.0,0.0,0.0,0.16666666666666666,0.0,1.0,0.0,0.0,0.0,True,0.7233796296296297,1.0,0.0,296875.0,0.0,0.0,0.9984025559105432,0.0,0.0,0.0,0.16666666666666666,0.0,1.0,0.0,0.0,0.0,True,0.7233796296296297,1.0,0.0,296875.0,0.0,0.0,0.9984025559105432,0.0,0.0,0.0,0.16666666666666666,0.0,1.0,0.0,0.0,0.0,True,0.7303240740740741,0.8975817923186344,0.008758058630336941,62500.0,692.2642813624625,0.0,1.0,0.15384615384615385,1.0,0.0,0.5,0.0,1.0,0.5,1.0,0.0,Rule:Combined,fleet,40000,20000,0.05,B_fleet_size,CIDv2_RenaultClio,FS-B,1,2,CIDv2_OpelAstra|CTT_Silverado
9085,864,0.09510181618051734,0.8690970955141981,0.8033623777425838,8224,0.0455447607482506,False,0.7430555555555556,0.9984447900466563,0.0001216397031991242,0.9993118676812808,9.614781685589758,0.9,0.9984025559105432,0.6153846153846154,0.0,0.0,0.5,1.0,1.0,0.5,0.0,0.0,True,0.7430555555555556,0.9984447900466563,0.0001216397031991242,0.9993118676812807,9.614781685589758,0.9,0.9984025559105432,0.6153846153846154,0.0,0.0,0.5,1.0,1.0,0.5,0.0,0.0,True,0.7430555555555556,0.9892141756548536,0.0008514779223938694,0.9990139025209719,67.3034717991283,0.9,0.9984025559105432,0.6153846153846154,0.0,0.0,0.5,1.0,1.0,0.5,0.0,0.0,True,0.7430555555555556,0.9892141756548536,0.0008514779223938694,0.9990185027836743,67.3034717991283,0.9,0.9984025559105432,0.6153846153846154,0.0,0.0,0.5,1.0,1.0,0.5,0.0,0.0,True,0.7523148148148148,0.8819538670284939,0.010582654178323806,0.645819278125876,836.486006646309,1.0,1.0,0.7692307692307693,1.0,0.0047169811320754715,0.8333333333333334,1.0,1.0,0.5,1.0,1.0,HistGB,fleet,40000,20000,8.61,B_fleet_size,CIDv2_RenaultClio,FS-B,0,2,CIDv2_Prototype|CTT_Silverado
9085,864,0.09510181618051734,0.9272643850211968,0.8236169691765913,8224,0.0455447607482506,False,0.7314814814814815,1.0,0.0,0.9962855577468873,0.0,0.2,1.0,0.15384615384615385,0.6666666666666666,0.0,0.6666666666666666,1.0,1.0,0.5,1.0,0.0,True,0.7314814814814815,1.0,0.0,0.9962855577468873,0.0,0.2,1.0,0.15384615384615385,0.6666666666666666,0.0,0.6666666666666666,1.0,1.0,0.5,1.0,0.0,True,0.7384259259259259,0.9860896445131375,0.0010947573287921177,0.9915456175804138,86.53303517030781,0.4,1.0,0.38461538461538464,1.0,0.0,0.6666666666666666,1.0,1.0,0.5,1.0,0.0,True,0.7372685185185185,0.9891304347826086,0.0008514779223938694,0.9926667809486389,67.3034717991283,0.3,1.0,0.38461538461538464,1.0,0.0,0.6666666666666666,1.0,1.0,0.5,1.0,0.0,True,0.7523148148148148,0.8928571428571429,0.009487896849531687,0.5324109792709351,749.9529714760012,1.0,1.0,0.7692307692307693,1.0,0.0047169811320754715,0.8333333333333334,1.0,1.0,0.5,1.0,1.0,XGBoost,fleet,40000,20000,5.09,B_fleet_size,CIDv2_RenaultClio,FS-B,0,2,CIDv2_Prototype|CTT_Silverado
9085,864,0.09510181618051734,0.8760281652227582,0.7597086403153982,8224,0.0455447607482506,False,0.7233796296296297,1.0,0.0,437500.00000000006,0.0,0.0,0.9984025559105432,0.0,0.0,0.0,0.16666666666666666,0.0,1.0,0.0,0.0,0.0,True,0.7233796296296297,1.0,0.0,437500.0,0.0,0.0,0.9984025559105432,0.0,0.0,0.0,0.16666666666666666,0.0,1.0,0.0,0.0,0.0,True,0.7233796296296297,1.0,0.0,296875.0,0.0,0.0,0.9984025559105432,0.0,0.0,0.0,0.16666666666666666,0.0,1.0,0.0,0.0,0.0,True,0.7233796296296297,1.0,0.0,296875.0,0.0,0.0,0.9984025559105432,0.0,0.0,0.0,0.16666666666666666,0.0,1.0,0.0,0.0,0.0,True,0.7303240740740741,0.8975817923186344,0.008758058630336941,62500.0,692.2642813624625,0.0,1.0,0.15384615384615385,1.0,0.0,0.5,0.0,1.0,0.5,1.0,0.0,Rule:Combined,fleet,40000,20000,0.05,B_fleet_size,CIDv2_RenaultClio,FS-B,0,2,CIDv2_Prototype|CTT_Silverado
9085,864,0.09510181618051734,0.8895103213540752,0.8061418048213056,8224,0.0455447607482506,False,0.7233796296296297,0.9920634920634921,0.000608198515995621,0.9997240468868634,48.07390842794879,0.0,0.9968051118210862,0.0,0.3333333333333333,0.0,0.3333333333333333,0.0,1.0,0.0,1.0,0.0,True,0.7233796296296297,0.9920634920634921,0.000608198515995621,0.9997240468868634,48.07390842794879,0.0,0.9968051118210862,0.0,0.3333333333333333,0.0,0.3333333333333333,0.0,1.0,0.0,1.0,0.0,True,0.7280092592592593,0.9828125,0.0013380367351903662,0.9996050473555088,105.76259854148734,0.2,0.9968051118210862,0.15384615384615385,0.3333333333333333,0.0,0.6666666666666666,1.0,1.0,0.5,1.0,0.0,True,0.7233796296296297,0.9827044025157232,0.0013380367351903662,0.9997110836596579,105.76259854148734,0.0,0.9968051118210862,0.0,0.3333333333333333,0.0,0.3333333333333333,0.0,1.0,0.0,1.0,0.0,True,0.7523148148148148,0.8783783783783784,0.010947573287921177,0.9145806942079141,865.330351703078,1.0,1.0,0.7692307692307693,1.0,0.0047169811320754715,0.8333333333333334,1.0,1.0,0.5,1.0,1.0,HistGB,fleet,40000,20000,8.32,B_fleet_size,CIDv2_RenaultClio,FS-B,1,2,CIDv2_Prototype|CTT_Silverado
9085,864,0.09510181618051734,0.9324860930904143,0.8264921624451524,8224,0.0455447607482506,False,0.7245370370370371,0.9920760697305864,0.000608198515995621,0.9994443058967591,48.07390842794879,0.0,0.9968051118210862,0.0,0.6666666666666666,0.0,0.3333333333333333,0.0,1.0,0.0,1.0,0.0,True,0.7245370370370371,0.9920760697305864,0.000608198515995621,0.9994443058967591,48.07390842794879,0.0,0.9968051118210862,0.0,0.6666666666666666,0.0,0.3333333333333333,0.0,1.0,0.0,1.0,0.0,True,0.7349537037037037,0.9799382716049383,0.0015813161415886145,0.9981993436813354,124.99216191266684,0.2,1.0,0.3076923076923077,1.0,0.0,0.6666666666666666,1.0,1.0,0.5,1.0,0.0,True,0.7349537037037037,0.98145285935085,0.0014596764383894903,0.9985268115997314,115.37738022707708,0.2,1.0,0.3076923076923077,1.0,0.0,0.6666666666666666,1.0,1.0,0.5,1.0,0.0,True,0.7523148148148148,0.8771929824561403,0.011069212991120302,0.6891152858734131,874.945133388668,1.0,1.0,0.7692307692307693,1.0,0.0047169811320754715,0.8333333333333334,1.0,1.0,0.5,1.0,1.0,XGBoost,fleet,40000,20000,5.81,B_fleet_size,CIDv2_RenaultClio,FS-B,1,2,CIDv2_Prototype|CTT_Silverado
9085,864,0.09510181618051734,0.8760281652227582,0.7597086403153982,8224,0.0455447607482506,False,0.7233796296296297,1.0,0.0,437500.00000000006,0.0,0.0,0.9984025559105432,0.0,0.0,0.0,0.16666666666666666,0.0,1.0,0.0,0.0,0.0,True,0.7233796296296297,1.0,0.0,437500.0,0.0,0.0,0.9984025559105432,0.0,0.0,0.0,0.16666666666666666,0.0,1.0,0.0,0.0,0.0,True,0.7233796296296297,1.0,0.0,296875.0,0.0,0.0,0.9984025559105432,0.0,0.0,0.0,0.16666666666666666,0.0,1.0,0.0,0.0,0.0,True,0.7233796296296297,1.0,0.0,296875.0,0.0,0.0,0.9984025559105432,0.0,0.0,0.0,0.16666666666666666,0.0,1.0,0.0,0.0,0.0,True,0.7303240740740741,0.8975817923186344,0.008758058630336941,62500.0,692.2642813624625,0.0,1.0,0.15384615384615385,1.0,0.0,0.5,0.0,1.0,0.5,1.0,0.0,Rule:Combined,fleet,40000,20000,0.04,B_fleet_size,CIDv2_RenaultClio,FS-B,1,2,CIDv2_Prototype|CTT_Silverado
9085,864,0.09510181618051734,0.9075679746313641,0.7846103756720226,8224,0.0455447607482506,False,0.0023148148148148147,0.18181818181818182,0.0010947573287921177,0.9995405378295978,86.53303517030781,0.0,0.0,0.0,0.6666666666666666,0.0,0.16666666666666666,0.0,0.0,0.0,1.0,0.0,True,0.0023148148148148147,0.18181818181818182,0.0010947573287921177,0.9995405378295977,86.53303517030781,0.0,0.0,0.0,0.6666666666666666,0.0,0.16666666666666666,0.0,0.0,0.0,1.0,0.0,True,0.018518518518518517,0.5925925925925926,0.0013380367351903662,0.9988641374372077,105.76259854148734,0.7,0.0,0.46153846153846156,1.0,0.0,0.5,1.0,0.0,0.5,1.0,0.0,True,0.018518518518518517,0.5925925925925926,0.0013380367351903662,0.9988744146929432,105.76259854148734,0.7,0.0,0.46153846153846156,1.0,0.0,0.5,1.0,0.0,0.5,1.0,0.0,True,0.7523148148148148,0.8145363408521303,0.01800267607347038,0.8164408290928035,1422.9876894672843,1.0,1.0,0.7692307692307693,1.0,0.0047169811320754715,0.8333333333333334,1.0,1.0,0.5,1.0,1.0,HistGB,fleet,40000,20000,8.13,B_fleet_size,CIDv2_RenaultClio,FS-B,0,2,CTT_Forester|CTT_Silverado
9085,864,0.09510181618051734,0.940278706969955,0.8233071567104108,8224,0.0455447607482506,False,0.7256944444444444,0.9858490566037735,0.0010947573287921177,0.999468743801117,86.53303517030781,0.0,0.9968051118210862,0.0,1.0,0.0,0.3333333333333333,0.0,1.0,0.0,1.0,0.0,True,0.7256944444444444,0.9858490566037735,0.0010947573287921177,0.9994687438011169,86.53303517030781,0.0,0.9968051118210862,0.0,1.0,0.0,0.3333333333333333,0.0,1.0,0.0,1.0,0.0,True,0.7268518518518519,0.9827856025039123,0.0013380367351903662,0.9987936019897461,105.76259854148734,0.0,0.9968051118210862,0.07692307692307693,1.0,0.0,0.5,0.0,1.0,0.5,1.0,0.0,True,0.7268518518518519,0.9827856025039123,0.0013380367351903662,0.998836100101471,105.76259854148734,0.0,0.9968051118210862,0.07692307692307693,1.0,0.0,0.5,0.0,1.0,0.5,1.0,0.0,True,0.7523148148148148,0.8387096774193549,0.015204962899890524,0.858314037322998,1201.8477106987198,1.0,1.0,0.7692307692307693,1.0,0.0047169811320754715,0.8333333333333334,1.0,1.0,0.5,1.0,1.0,XGBoost,fleet,40000,20000,4.94,B_fleet_size,CIDv2_RenaultClio,FS-B,0,2,CTT_Forester|CTT_Silverado
9085,864,0.09510181618051734,0.9826639489203349,0.8854464953584803,8224,0.0455447607482506,False,0.7233796296296297,1.0,0.0,437500.00000000006,0.0,0.0,0.9984025559105432,0.0,0.0,0.0,0.16666666666666666,0.0,1.0,0.0,0.0,0.0,True,0.7233796296296297,1.0,0.0,437500.0,0.0,0.0,0.9984025559105432,0.0,0.0,0.0,0.16666666666666666,0.0,1.0,0.0,0.0,0.0,True,0.7233796296296297,1.0,0.0,296875.0,0.0,0.0,0.9984025559105432,0.0,0.0,0.0,0.16666666666666666,0.0,1.0,0.0,0.0,0.0,True,0.7233796296296297,1.0,0.0,296875.0,0.0,0.0,0.9984025559105432,0.0,0.0,0.0,0.16666666666666666,0.0,1.0,0.0,0.0,0.0,True,0.7303240740740741,0.797724399494311,0.019462352511859873,46875.0,1538.3650696943612,0.0,1.0,0.15384615384615385,1.0,0.0,0.5,0.0,1.0,0.5,1.0,0.0,Rule:Combined,fleet,40000,20000,0.05,B_fleet_size,CIDv2_RenaultClio,FS-B,0,2,CTT_Forester|CTT_Silverado
9085,864,0.09510181618051734,0.9013192980262832,0.7772037522828654,8224,0.0455447607482506,False,0.0,0.0,0.0001216397031991242,0.9998881858356239,9.614781685589758,0.0,0.0,0.0,0.0,0.0,0.0,0.0,0.0,0.0,0.0,0.0,True,0.0,0.0,0.0001216397031991242,0.9998881858356238,9.614781685589758,0.0,0.0,0.0,0.0,0.0,0.0,0.0,0.0,0.0,0.0,0.0,True,0.003472222222222222,0.2,0.0014596764383894903,0.9997958969874157,115.37738022707708,0.0,0.0,0.0,1.0,0.0,0.16666666666666666,0.0,0.0,0.0,1.0,0.0,True,0.003472222222222222,0.2,0.0014596764383894903,0.9997958969874157,115.37738022707708,0.0,0.0,0.0,1.0,0.0,0.16666666666666666,0.0,0.0,0.0,1.0,0.0,True,0.7523148148148148,0.7965686274509803,0.020192190731054615,0.9636945681755972,1596.0537598078997,1.0,1.0,0.7692307692307693,1.0,0.0047169811320754715,0.8333333333333334,1.0,1.0,0.5,1.0,1.0,HistGB,fleet,40000,20000,8.84,B_fleet_size,CIDv2_RenaultClio,FS-B,1,2,CTT_Forester|CTT_Silverado
9085,864,0.09510181618051734,0.9048355160902297,0.8052691016469485,8224,0.0455447607482506,False,0.0011574074074074073,1.0,0.0,0.9998672008514405,0.0,0.0,0.0,0.0,0.3333333333333333,0.0,0.16666666666666666,0.0,0.0,0.0,1.0,0.0,True,0.0011574074074074073,1.0,0.0,0.9998672008514404,0.0,0.0,0.0,0.0,0.3333333333333333,0.0,0.16666666666666666,0.0,0.0,0.0,1.0,0.0,True,0.7268518518518519,0.9766718506998445,0.001824595547986863,0.9995065927505493,144.22172528384638,0.0,0.9984025559105432,0.0,1.0,0.0,0.3333333333333333,0.0,1.0,0.0,1.0,0.0,True,0.7256944444444444,0.9920886075949367,0.000608198515995621,0.999690055847168,48.07390842794879,0.0,0.9968051118210862,0.0,1.0,0.0,0.3333333333333333,0.0,1.0,0.0,1.0,0.0,True,0.7523148148148148,0.8655126498002663,0.012285610023111543,0.9632049798965454,971.0929502445654,1.0,1.0,0.7692307692307693,1.0,0.0047169811320754715,0.8333333333333334,1.0,1.0,0.5,1.0,1.0,XGBoost,fleet,40000,20000,5.33,B_fleet_size,CIDv2_RenaultClio,FS-B,1,2,CTT_Forester|CTT_Silverado
9085,864,0.09510181618051734,0.982663948920335,0.8854464953584804,8224,0.0455447607482506,False,0.7233796296296297,1.0,0.0,437500.00000000006,0.0,0.0,0.9984025559105432,0.0,0.0,0.0,0.16666666666666666,0.0,1.0,0.0,0.0,0.0,True,0.7233796296296297,1.0,0.0,437500.0,0.0,0.0,0.9984025559105432,0.0,0.0,0.0,0.16666666666666666,0.0,1.0,0.0,0.0,0.0,True,0.7233796296296297,1.0,0.0,296875.0,0.0,0.0,0.9984025559105432,0.0,0.0,0.0,0.16666666666666666,0.0,1.0,0.0,0.0,0.0,True,0.7233796296296297,1.0,0.0,296875.0,0.0,0.0,0.9984025559105432,0.0,0.0,0.0,0.16666666666666666,0.0,1.0,0.0,0.0,0.0,True,0.7303240740740741,0.797724399494311,0.019462352511859873,46875.0,1538.3650696943612,0.0,1.0,0.15384615384615385,1.0,0.0,0.5,0.0,1.0,0.5,1.0,0.0,Rule:Combined,fleet,40000,20000,0.05,B_fleet_size,CIDv2_RenaultClio,FS-B,1,2,CTT_Forester|CTT_Silverado
9085,864,0.09510181618051734,0.8185597408623804,0.6680985605930777,8224,0.0455447607482506,False,0.0023148148148148147,1.0,0.0,0.9998870434549152,0.0,0.0,0.0,0.0,0.6666666666666666,0.0,0.16666666666666666,0.0,0.0,0.0,1.0,0.0,True,0.0023148148148148147,1.0,0.0,0.9998870434549152,0.0,0.0,0.0,0.0,0.6666666666666666,0.0,0.16666666666666666,0.0,0.0,0.0,1.0,0.0,True,0.016203703703703703,0.42424242424242425,0.0023111543607833595,0.9989422540492785,182.6808520262054,0.5,0.001597444089456869,0.38461538461538464,1.0,0.0,0.6666666666666666,1.0,1.0,0.5,1.0,0.0,True,0.016203703703703703,0.42424242424242425,0.0023111543607833595,0.9989422540492785,182.6808520262054,0.5,0.001597444089456869,0.38461538461538464,1.0,0.0,0.6666666666666666,1.0,1.0,0.5,1.0,0.0,True,0.75,0.7807228915662651,0.022138425982240605,0.9348901025143854,1749.890266777336,1.0,0.9984025559105432,0.7692307692307693,1.0,0.0,0.6666666666666666,1.0,1.0,0.5,1.0,0.0,HistGB,fleet,40000,20000,14.79,B_fleet_size,CIDv2_RenaultClio,FS-B,0,2,CTT_Forester|ROAD_ORNL
9085,864,0.09510181618051734,0.804808118999671,0.6637655149787908,8224,0.0455447607482506,False,0.0011574074074074073,0.3333333333333333,0.0002432794063982484,0.999950408935547,19.229563371179516,0.0,0.0,0.0,0.3333333333333333,0.0,0.16666666666666666,0.0,0.0,0.0,1.0,0.0,True,0.0011574074074074073,0.3333333333333333,0.0002432794063982484,0.9999504089355469,19.229563371179516,0.0,0.0,0.0,0.3333333333333333,0.0,0.16666666666666666,0.0,0.0,0.0,1.0,0.0,True,0.003472222222222222,0.15,0.0020678749543851112,0.9990850687026978,163.45128865502588,0.0,0.0,0.0,1.0,0.0,0.16666666666666666,0.0,0.0,0.0,1.0,0.0,True,0.003472222222222222,0.15,0.0020678749543851112,0.9991173148155212,163.45128865502588,0.0,0.0,0.0,1.0,0.0,0.16666666666666666,0.0,0.0,0.0,1.0,0.0,True,0.7488425925925926,0.7757793764988009,0.022746624498236223,0.9553790092468262,1797.9641752052844,0.9,0.9984025559105432,0.7692307692307693,1.0,0.0,0.6666666666666666,1.0,1.0,0.5,1.0,0.0,XGBoost,fleet,40000,20000,6.82,B_fleet_size,CIDv2_RenaultClio,FS-B,0,2,CTT_Forester|ROAD_ORNL
9085,864,0.09510181618051734,0.9999682526006118,0.9997127672093642,8224,0.0455447607482506,False,0.9456018518518519,1.0,0.0,2192.8519393622587,0.0,1.0,1.0,1.0,0.0,0.7924528301886793,0.8333333333333334,1.0,1.0,1.0,0.0,1.0,True,0.9456018518518519,1.0,0.0,2192.8519393622582,0.0,1.0,1.0,1.0,0.0,0.7924528301886793,0.8333333333333334,1.0,1.0,1.0,0.0,1.0,True,0.9953703703703703,0.9942196531791907,0.000608198515995621,21.671800836382644,48.07390842794879,1.0,1.0,1.0,0.0,0.9952830188679245,0.8333333333333334,1.0,1.0,1.0,0.0,1.0,True,0.9953703703703703,0.9942196531791907,0.000608198515995621,21.671800836382644,48.07390842794879,1.0,1.0,1.0,0.0,0.9952830188679245,0.8333333333333334,1.0,1.0,1.0,0.0,1.0,True,0.9988425925925926,0.8924508790072389,0.012650529132708916,6.325067956089911,999.9372953013348,1.0,1.0,1.0,0.6666666666666666,1.0,1.0,1.0,1.0,1.0,1.0,1.0,Rule:Combined,fleet,40000,20000,0.05,B_fleet_size,CIDv2_RenaultClio,FS-B,0,2,CTT_Forester|ROAD_ORNL
9085,864,0.09510181618051734,0.8326796607153315,0.6254169062901066,8224,0.0455447607482506,False,0.0023148148148148147,0.2857142857142857,0.000608198515995621,0.9998069398295039,48.07390842794879,0.0,0.0,0.0,0.6666666666666666,0.0,0.16666666666666666,0.0,0.0,0.0,1.0,0.0,True,0.0023148148148148147,0.2857142857142857,0.000608198515995621,0.9998069398295037,48.07390842794879,0.0,0.0,0.0,0.6666666666666666,0.0,0.16666666666666666,0.0,0.0,0.0,1.0,0.0,True,0.01273148148148148,0.3548387096774194,0.002432794063982484,0.9992860896062128,192.29563371179515,0.4,0.0,0.3076923076923077,1.0,0.0,0.5,1.0,0.0,0.5,1.0,0.0,True,0.009259259259259259,0.2962962962962963,0.0023111543607833595,0.9995368759027004,182.6808520262054,0.2,0.0,0.23076923076923078,1.0,0.0,0.5,1.0,0.0,0.5,1.0,0.0,True,0.7488425925925926,0.7558411214953271,0.025422697968616955,0.9654613363671061,2009.4893722882591,0.9,0.9984025559105432,0.7692307692307693,1.0,0.0,0.6666666666666666,1.0,1.0,0.5,1.0,0.0,HistGB,fleet,40000,20000,14.43,B_fleet_size,CIDv2_RenaultClio,FS-B,1,2,CTT_Forester|ROAD_ORNL
9085,864,0.09510181618051734,0.8186394261309113,0.5625502701889481,8224,0.0455447607482506,False,0.0011574074074074073,0.14285714285714285,0.0007298382191947452,0.9998825788497926,57.68869011353854,0.0,0.0,0.0,0.3333333333333333,0.0,0.16666666666666666,0.0,0.0,0.0,1.0,0.0,True,0.0011574074074074073,0.14285714285714285,0.0007298382191947452,0.9998825788497926,57.68869011353854,0.0,0.0,0.0,0.3333333333333333,0.0,0.16666666666666666,0.0,0.0,0.0,1.0,0.0,True,0.004629629629629629,0.13793103448275862,0.0030409925799781048,0.9985724687576294,240.3695421397439,0.0,0.0,0.07692307692307693,1.0,0.0,0.3333333333333333,0.0,0.0,0.5,1.0,0.0,True,0.003472222222222222,0.11538461538461539,0.0027977131735798565,0.9987983703613281,221.13997876856442,0.0,0.0,0.0,1.0,0.0,0.16666666666666666,0.0,0.0,0.0,1.0,0.0,True,0.024305555555555556,0.10396039603960396,0.022016786279041477,0.9620590806007385,1740.2754850917458,0.8,0.001597444089456869,0.6923076923076923,1.0,0.0,0.6666666666666666,1.0,1.0,0.5,1.0,0.0,XGBoost,fleet,40000,20000,6.01,B_fleet_size,CIDv2_RenaultClio,FS-B,1,2,CTT_Forester|ROAD_ORNL
9085,864,0.09510181618051734,0.9999688157473858,0.9997170871923546,8224,0.0455447607482506,False,0.9456018518518519,1.0,0.0,2170.1859399315763,0.0,1.0,1.0,1.0,0.0,0.7924528301886793,0.8333333333333334,1.0,1.0,1.0,0.0,1.0,True,0.9456018518518519,1.0,0.0,2170.185939931576,0.0,1.0,1.0,1.0,0.0,0.7924528301886793,0.8333333333333334,1.0,1.0,1.0,0.0,1.0,True,0.9953703703703703,0.9942196531791907,0.000608198515995621,21.451392649897034,48.07390842794879,1.0,1.0,1.0,0.0,0.9952830188679245,0.8333333333333334,1.0,1.0,1.0,0.0,1.0,True,0.9953703703703703,0.9942196531791907,0.000608198515995621,21.451392649897034,48.07390842794879,1.0,1.0,1.0,0.0,0.9952830188679245,0.8333333333333334,1.0,1.0,1.0,0.0,1.0,True,0.9988425925925926,0.8924508790072389,0.012650529132708916,6.263313861056082,999.9372953013348,1.0,1.0,1.0,0.6666666666666666,1.0,1.0,1.0,1.0,1.0,1.0,1.0,Rule:Combined,fleet,40000,20000,0.05,B_fleet_size,CIDv2_RenaultClio,FS-B,1,2,CTT_Forester|ROAD_ORNL
9085,864,0.09510181618051734,0.8719657651813106,0.792434010802871,8224,0.0455447607482506,False,0.0,0.0,0.0003649191095973726,0.9999526553957341,28.84434505676927,0.0,0.0,0.0,0.0,0.0,0.0,0.0,0.0,0.0,0.0,0.0,True,0.0,0.0,0.0003649191095973726,0.9999526553957341,28.84434505676927,0.0,0.0,0.0,0.0,0.0,0.0,0.0,0.0,0.0,0.0,0.0,True,0.0,0.0,0.0007298382191947452,0.9999429785048943,57.68869011353854,0.0,0.0,0.0,0.0,0.0,0.0,0.0,0.0,0.0,0.0,0.0,True,0.0,0.0,0.0007298382191947452,0.9999429785048943,57.68869011353854,0.0,0.0,0.0,0.0,0.0,0.0,0.0,0.0,0.0,0.0,0.0,True,0.7523148148148148,0.8530183727034121,0.01362364675830191,0.9947927715611612,1076.8555487860529,1.0,1.0,0.7692307692307693,1.0,0.0047169811320754715,0.8333333333333334,1.0,1.0,0.5,1.0,1.0,HistGB,fleet,40000,20000,10.9,B_fleet_size,CIDv2_RenaultClio,FS-B,0,2,CTT_Silverado|CTT_Traverse
9085,864,0.09510181618051734,0.8684051289155595,0.7712283757432881,8224,0.0455447607482506,False,0.0011574074074074073,0.1111111111111111,0.0009731176255929935,0.9999554157257081,76.91825348471806,0.0,0.0,0.0,0.3333333333333333,0.0,0.16666666666666666,0.0,0.0,0.0,1.0,0.0,True,0.0011574074074074073,0.1111111111111111,0.0009731176255929935,0.999955415725708,76.91825348471806,0.0,0.0,0.0,0.3333333333333333,0.0,0.16666666666666666,0.0,0.0,0.0,1.0,0.0,True,0.0023148148148148147,0.16666666666666666,0.001216397031991242,0.9999315738677979,96.14781685589757,0.0,0.0,0.0,0.6666666666666666,0.0,0.16666666666666666,0.0,0.0,0.0,1.0,0.0,True,0.0023148148148148147,0.16666666666666666,0.001216397031991242,0.9999315738677979,96.14781685589757,0.0,0.0,0.0,0.6666666666666666,0.0,0.16666666666666666,0.0,0.0,0.0,1.0,0.0,True,0.7523148148148148,0.8575197889182058,0.013137087945505412,0.9953503608703613,1038.3964220436937,1.0,1.0,0.7692307692307693,1.0,0.0047169811320754715,0.8333333333333334,1.0,1.0,0.5,1.0,1.0,XGBoost,fleet,40000,20000,5.93,B_fleet_size,CIDv2_RenaultClio,FS-B,0,2,CTT_Silverado|CTT_Traverse
9085,864,0.09510181618051734,0.982663948920335,0.8854464953584804,8224,0.0455447607482506,False,0.7233796296296297,1.0,0.0,437500.00000000006,0.0,0.0,0.9984025559105432,0.0,0.0,0.0,0.16666666666666666,0.0,1.0,0.0,0.0,0.0,True,0.7233796296296297,1.0,0.0,437500.0,0.0,0.0,0.9984025559105432,0.0,0.0,0.0,0.16666666666666666,0.0,1.0,0.0,0.0,0.0,True,0.7233796296296297,1.0,0.0,296875.0,0.0,0.0,0.9984025559105432,0.0,0.0,0.0,0.16666666666666666,0.0,1.0,0.0,0.0,0.0,True,0.7233796296296297,1.0,0.0,296875.0,0.0,0.0,0.9984025559105432,0.0,0.0,0.0,0.16666666666666666,0.0,1.0,0.0,0.0,0.0,True,0.7303240740740741,0.797724399494311,0.019462352511859873,46875.0,1538.3650696943612,0.0,1.0,0.15384615384615385,1.0,0.0,0.5,0.0,1.0,0.5,1.0,0.0,Rule:Combined,fleet,40000,20000,0.05,B_fleet_size,CIDv2_RenaultClio,FS-B,0,2,CTT_Silverado|CTT_Traverse
9085,864,0.09510181618051734,0.8514561708497208,0.800665874545757,8224,0.0455447607482506,False,0.7465277777777778,0.9907834101382489,0.0007298382191947452,0.9997237397699235,57.68869011353854,0.9,0.9984025559105432,0.6923076923076923,0.6666666666666666,0.0,0.6666666666666666,1.0,1.0,0.5,1.0,0.0,True,0.7465277777777778,0.9907834101382489,0.0007298382191947452,0.9997237397699233,57.68869011353854,0.9,0.9984025559105432,0.6923076923076923,0.6666666666666666,0.0,0.6666666666666666,1.0,1.0,0.5,1.0,0.0,True,0.7465277777777778,0.9847328244274809,0.001216397031991242,0.9996811765192938,96.14781685589757,0.9,0.9984025559105432,0.6923076923076923,0.6666666666666666,0.0,0.6666666666666666,1.0,1.0,0.5,1.0,0.0,True,0.7465277777777778,0.9877488514548239,0.0009731176255929935,0.9997002398747786,76.91825348471806,0.9,0.9984025559105432,0.6923076923076923,0.6666666666666666,0.0,0.6666666666666666,1.0,1.0,0.5,1.0,0.0,True,0.7511574074074074,0.8641810918774967,0.012407249726310668,0.9853813193345603,980.7077319301553,1.0,0.9984025559105432,0.7692307692307693,1.0,0.0047169811320754715,0.8333333333333334,1.0,1.0,0.5,1.0,1.0,HistGB,fleet,40000,20000,13.09,B_fleet_size,CIDv2_RenaultClio,FS-B,1,2,CTT_Silverado|CTT_Traverse
9085,864,0.09510181618051734,0.8601037823189933,0.784235558402657,8224,0.0455447607482506,False,0.0023148148148148147,0.18181818181818182,0.0010947573287921177,0.9998784065246583,86.53303517030781,0.0,0.0,0.0,0.6666666666666666,0.0,0.16666666666666666,0.0,0.0,0.0,1.0,0.0,True,0.0023148148148148147,0.18181818181818182,0.0010947573287921177,0.9998784065246582,86.53303517030781,0.0,0.0,0.0,0.6666666666666666,0.0,0.16666666666666666,0.0,0.0,0.0,1.0,0.0,True,0.7303240740740741,0.9707692307692307,0.0023111543607833595,0.9997251629829407,182.6808520262054,0.2,0.9968051118210862,0.23076923076923078,0.6666666666666666,0.0,0.6666666666666666,1.0,1.0,0.5,1.0,0.0,True,0.7303240740740741,0.9707692307692307,0.0023111543607833595,0.9997251629829407,182.6808520262054,0.2,0.9968051118210862,0.23076923076923078,0.6666666666666666,0.0,0.6666666666666666,1.0,1.0,0.5,1.0,0.0,True,0.7523148148148148,0.8227848101265823,0.017029558447877388,0.9824950098991394,1346.0694359825661,1.0,1.0,0.7692307692307693,1.0,0.0047169811320754715,0.8333333333333334,1.0,1.0,0.5,1.0,1.0,XGBoost,fleet,40000,20000,7.73,B_fleet_size,CIDv2_RenaultClio,FS-B,1,2,CTT_Silverado|CTT_Traverse
9085,864,0.09510181618051734,0.982663948920335,0.8854464953584804,8224,0.0455447607482506,False,0.7233796296296297,1.0,0.0,437500.00000000006,0.0,0.0,0.9984025559105432,0.0,0.0,0.0,0.16666666666666666,0.0,1.0,0.0,0.0,0.0,True,0.7233796296296297,1.0,0.0,437500.0,0.0,0.0,0.9984025559105432,0.0,0.0,0.0,0.16666666666666666,0.0,1.0,0.0,0.0,0.0,True,0.7233796296296297,1.0,0.0,296875.0,0.0,0.0,0.9984025559105432,0.0,0.0,0.0,0.16666666666666666,0.0,1.0,0.0,0.0,0.0,True,0.7233796296296297,1.0,0.0,296875.0,0.0,0.0,0.9984025559105432,0.0,0.0,0.0,0.16666666666666666,0.0,1.0,0.0,0.0,0.0,True,0.7303240740740741,0.797724399494311,0.019462352511859873,46875.0,1538.3650696943612,0.0,1.0,0.15384615384615385,1.0,0.0,0.5,0.0,1.0,0.5,1.0,0.0,Rule:Combined,fleet,40000,20000,0.05,B_fleet_size,CIDv2_RenaultClio,FS-B,1,2,CTT_Silverado|CTT_Traverse
9085,864,0.09510181618051734,0.8659422768925111,0.8041544560059213,8224,0.0455447607482506,False,0.7465277777777778,1.0,0.0,0.9995974336495547,0.0,0.9,0.9984025559105432,0.6923076923076923,0.6666666666666666,0.0,0.6666666666666666,1.0,1.0,0.5,1.0,0.0,True,0.7465277777777778,1.0,0.0,0.9995974336495546,0.0,0.9,0.9984025559105432,0.6923076923076923,0.6666666666666666,0.0,0.6666666666666666,1.0,1.0,0.5,1.0,0.0,True,0.7488425925925926,0.9832826747720365,0.0013380367351903662,0.999165531522698,105.76259854148734,1.0,0.9984025559105432,0.6923076923076923,1.0,0.0,0.6666666666666666,1.0,1.0,0.5,1.0,0.0,True,0.7488425925925926,0.9862804878048781,0.0010947573287921177,0.9992804785844602,86.53303517030781,1.0,0.9984025559105432,0.6923076923076923,1.0,0.0,0.6666666666666666,1.0,1.0,0.5,1.0,0.0,True,0.7534722222222222,0.8520942408376964,0.013745286461501034,0.8846202323627741,1086.4703304716427,1.0,1.0,0.7692307692307693,1.0,0.009433962264150943,0.8333333333333334,1.0,1.0,0.5,1.0,1.0,HistGB,fleet,40000,20000,13.63,B_fleet_size,CIDv2_RenaultClio,FS-B,0,3,CIDv2_Prototype|CTT_Silverado|CTT_Traverse
9085,864,0.09510181618051734,0.8618275042010749,0.801790382951723,8224,0.0455447607482506,False,0.7291666666666666,1.0,0.0,0.9995856881141664,0.0,0.1,0.9968051118210862,0.15384615384615385,1.0,0.0,0.6666666666666666,1.0,1.0,0.5,1.0,0.0,True,0.7291666666666666,1.0,0.0,0.9995856881141663,0.0,0.1,0.9968051118210862,0.15384615384615385,1.0,0.0,0.6666666666666666,1.0,1.0,0.5,1.0,0.0,True,0.7476851851851852,0.9743589743589743,0.0020678749543851112,0.9976022839546204,163.45128865502588,1.0,0.9984025559105432,0.6153846153846154,1.0,0.0,0.6666666666666666,1.0,1.0,0.5,1.0,0.0,True,0.7303240740740741,0.9952681388012619,0.0003649191095973726,0.9993532299995422,28.84434505676927,0.1,0.9968051118210862,0.23076923076923078,1.0,0.0,0.6666666666666666,1.0,1.0,0.5,1.0,0.0,True,0.7534722222222222,0.8240506329113924,0.016907918744678264,0.877990186214447,1336.4546542969763,1.0,1.0,0.7692307692307693,1.0,0.009433962264150943,0.8333333333333334,1.0,1.0,0.5,1.0,1.0,XGBoost,fleet,40000,20000,8.27,B_fleet_size,CIDv2_RenaultClio,FS-B,0,3,CIDv2_Prototype|CTT_Silverado|CTT_Traverse
9085,864,0.09510181618051734,0.982663948920335,0.8854464953584804,8224,0.0455447607482506,False,0.7233796296296297,1.0,0.0,437500.00000000006,0.0,0.0,0.9984025559105432,0.0,0.0,0.0,0.16666666666666666,0.0,1.0,0.0,0.0,0.0,True,0.7233796296296297,1.0,0.0,437500.0,0.0,0.0,0.9984025559105432,0.0,0.0,0.0,0.16666666666666666,0.0,1.0,0.0,0.0,0.0,True,0.7233796296296297,1.0,0.0,296875.0,0.0,0.0,0.9984025559105432,0.0,0.0,0.0,0.16666666666666666,0.0,1.0,0.0,0.0,0.0,True,0.7233796296296297,1.0,0.0,296875.0,0.0,0.0,0.9984025559105432,0.0,0.0,0.0,0.16666666666666666,0.0,1.0,0.0,0.0,0.0,True,0.7303240740740741,0.797724399494311,0.019462352511859873,46875.0,1538.3650696943612,0.0,1.0,0.15384615384615385,1.0,0.0,0.5,0.0,1.0,0.5,1.0,0.0,Rule:Combined,fleet,40000,20000,0.05,B_fleet_size,CIDv2_RenaultClio,FS-B,0,3,CIDv2_Prototype|CTT_Silverado|CTT_Traverse
9085,864,0.09510181618051734,0.8727938021192339,0.8016190920185589,8224,0.0455447607482506,False,0.7465277777777778,0.9907834101382489,0.0007298382191947452,0.9996101979964884,57.68869011353854,0.9,0.9984025559105432,0.6923076923076923,0.6666666666666666,0.0,0.6666666666666666,1.0,1.0,0.5,1.0,0.0,True,0.7465277777777778,0.9907834101382489,0.0007298382191947452,0.9996101979964883,57.68869011353854,0.9,0.9984025559105432,0.6923076923076923,0.6666666666666666,0.0,0.6666666666666666,1.0,1.0,0.5,1.0,0.0,True,0.75,0.9803328290468987,0.0015813161415886145,0.9994080175207357,124.99216191266684,1.0,0.9984025559105432,0.7692307692307693,1.0,0.0,0.6666666666666666,1.0,1.0,0.5,1.0,0.0,True,0.75,0.9803328290468987,0.0015813161415886145,0.9994080175207357,124.99216191266684,1.0,0.9984025559105432,0.7692307692307693,1.0,0.0,0.6666666666666666,1.0,1.0,0.5,1.0,0.0,True,0.7534722222222222,0.81375,0.018124315776669505,0.9518903718895824,1432.602471152874,1.0,1.0,0.7692307692307693,1.0,0.009433962264150943,0.8333333333333334,1.0,1.0,0.5,1.0,1.0,HistGB,fleet,40000,20000,11.39,B_fleet_size,CIDv2_RenaultClio,FS-B,1,3,CIDv2_Prototype|CTT_Silverado|CTT_Traverse
9085,864,0.09510181618051734,0.8492988963449521,0.7878050841951455,8224,0.0455447607482506,False,0.0,0.0,0.0001216397031991242,0.9999485015869142,9.614781685589758,0.0,0.0,0.0,0.0,0.0,0.0,0.0,0.0,0.0,0.0,0.0,True,0.0,0.0,0.0001216397031991242,0.9999485015869141,9.614781685589758,0.0,0.0,0.0,0.0,0.0,0.0,0.0,0.0,0.0,0.0,0.0,True,0.7372685185185185,0.9507462686567164,0.004014110205571099,0.9991996884346008,317.287795624462,0.5,0.9984025559105432,0.38461538461538464,0.6666666666666666,0.0,0.6666666666666666,1.0,1.0,0.5,1.0,0.0,True,0.7372685185185185,0.9521674140508222,0.003892470502371974,0.9992067217826843,307.67301393887226,0.5,0.9984025559105432,0.38461538461538464,0.6666666666666666,0.0,0.6666666666666666,1.0,1.0,0.5,1.0,0.0,True,0.7534722222222222,0.7491369390103567,0.026517455297409075,0.9332009553909302,2096.022407458567,1.0,1.0,0.7692307692307693,1.0,0.009433962264150943,0.8333333333333334,1.0,1.0,0.5,1.0,1.0,XGBoost,fleet,40000,20000,7.59,B_fleet_size,CIDv2_RenaultClio,FS-B,1,3,CIDv2_Prototype|CTT_Silverado|CTT_Traverse
9085,864,0.09510181618051734,0.9826639489203349,0.8854464953584804,8224,0.0455447607482506,False,0.7233796296296297,1.0,0.0,437500.00000000006,0.0,0.0,0.9984025559105432,0.0,0.0,0.0,0.16666666666666666,0.0,1.0,0.0,0.0,0.0,True,0.7233796296296297,1.0,0.0,437500.0,0.0,0.0,0.9984025559105432,0.0,0.0,0.0,0.16666666666666666,0.0,1.0,0.0,0.0,0.0,True,0.7233796296296297,1.0,0.0,296875.0,0.0,0.0,0.9984025559105432,0.0,0.0,0.0,0.16666666666666666,0.0,1.0,0.0,0.0,0.0,True,0.7233796296296297,1.0,0.0,296875.0,0.0,0.0,0.9984025559105432,0.0,0.0,0.0,0.16666666666666666,0.0,1.0,0.0,0.0,0.0,True,0.7303240740740741,0.797724399494311,0.019462352511859873,46875.0,1538.3650696943612,0.0,1.0,0.15384615384615385,1.0,0.0,0.5,0.0,1.0,0.5,1.0,0.0,Rule:Combined,fleet,40000,20000,0.05,B_fleet_size,CIDv2_RenaultClio,FS-B,1,3,CIDv2_Prototype|CTT_Silverado|CTT_Traverse
9085,864,0.09510181618051734,0.8723251232165141,0.7887348912758381,8224,0.0455447607482506,False,0.0023148148148148147,0.5,0.0002432794063982484,0.9999385489887009,19.229563371179516,0.0,0.0,0.0,0.6666666666666666,0.0,0.16666666666666666,0.0,0.0,0.0,1.0,0.0,True,0.0023148148148148147,0.5,0.0002432794063982484,0.9999385489887008,19.229563371179516,0.0,0.0,0.0,0.6666666666666666,0.0,0.16666666666666666,0.0,0.0,0.0,1.0,0.0,True,0.020833333333333332,0.75,0.0007298382191947452,0.9997619433173034,57.68869011353854,0.8,0.001597444089456869,0.46153846153846156,1.0,0.0,0.6666666666666666,1.0,1.0,0.5,1.0,0.0,True,0.017361111111111112,0.7894736842105263,0.0004865588127964968,0.999804600133388,38.45912674235903,0.8,0.0,0.3076923076923077,1.0,0.0,0.5,1.0,0.0,0.5,1.0,0.0,True,0.7523148148148148,0.8322663252240717,0.015934801119085268,0.9197029629727032,1259.536400812258,1.0,1.0,0.7692307692307693,1.0,0.0047169811320754715,0.8333333333333334,1.0,1.0,0.5,1.0,1.0,HistGB,fleet,40000,20000,13.08,B_fleet_size,CIDv2_RenaultClio,FS-B,0,3,CTT_Forester|CTT_Impala|CTT_Silverado
9085,864,0.09510181618051734,0.9034598893078701,0.8093344518339951,8224,0.0455447607482506,False,0.0011574074074074073,1.0,0.0,0.9998193383216859,0.0,0.0,0.0,0.0,0.3333333333333333,0.0,0.16666666666666666,0.0,0.0,0.0,1.0,0.0,True,0.0011574074074074073,1.0,0.0,0.9998193383216858,0.0,0.0,0.0,0.0,0.3333333333333333,0.0,0.16666666666666666,0.0,0.0,0.0,1.0,0.0,True,0.7256944444444444,0.990521327014218,0.0007298382191947452,0.9995600581169128,57.68869011353854,0.0,0.9968051118210862,0.0,1.0,0.0,0.3333333333333333,0.0,1.0,0.0,1.0,0.0,True,0.7256944444444444,0.990521327014218,0.0007298382191947452,0.9995600581169128,57.68869011353854,0.0,0.9968051118210862,0.0,1.0,0.0,0.3333333333333333,0.0,1.0,0.0,1.0,0.0,True,0.7523148148148148,0.8387096774193549,0.015204962899890524,0.9463512301445007,1201.8477106987198,1.0,1.0,0.7692307692307693,1.0,0.0047169811320754715,0.8333333333333334,1.0,1.0,0.5,1.0,1.0,XGBoost,fleet,40000,20000,5.12,B_fleet_size,CIDv2_RenaultClio,FS-B,0,3,CTT_Forester|CTT_Impala|CTT_Silverado
9085,864,0.09510181618051734,0.9826639489203349,0.8854464953584803,8224,0.0455447607482506,False,0.7233796296296297,1.0,0.0,437500.00000000006,0.0,0.0,0.9984025559105432,0.0,0.0,0.0,0.16666666666666666,0.0,1.0,0.0,0.0,0.0,True,0.7233796296296297,1.0,0.0,437500.0,0.0,0.0,0.9984025559105432,0.0,0.0,0.0,0.16666666666666666,0.0,1.0,0.0,0.0,0.0,True,0.7233796296296297,1.0,0.0,296875.0,0.0,0.0,0.9984025559105432,0.0,0.0,0.0,0.16666666666666666,0.0,1.0,0.0,0.0,0.0,True,0.7233796296296297,1.0,0.0,296875.0,0.0,0.0,0.9984025559105432,0.0,0.0,0.0,0.16666666666666666,0.0,1.0,0.0,0.0,0.0,True,0.7303240740740741,0.797724399494311,0.019462352511859873,46875.0,1538.3650696943612,0.0,1.0,0.15384615384615385,1.0,0.0,0.5,0.0,1.0,0.5,1.0,0.0,Rule:Combined,fleet,40000,20000,0.05,B_fleet_size,CIDv2_RenaultClio,FS-B,0,3,CTT_Forester|CTT_Impala|CTT_Silverado
9085,864,0.09510181618051734,0.9151455368365566,0.7455240917033643,8224,0.0455447607482506,False,0.0011574074074074073,0.25,0.0003649191095973726,0.9998240968338695,28.84434505676927,0.0,0.0,0.0,0.3333333333333333,0.0,0.16666666666666666,0.0,0.0,0.0,1.0,0.0,True,0.0011574074074074073,0.25,0.0003649191095973726,0.9998240968338695,28.84434505676927,0.0,0.0,0.0,0.3333333333333333,0.0,0.16666666666666666,0.0,0.0,0.0,1.0,0.0,True,0.0023148148148148147,0.18181818181818182,0.0010947573287921177,0.9998126626218892,86.53303517030781,0.0,0.0,0.0,0.6666666666666666,0.0,0.16666666666666666,0.0,0.0,0.0,1.0,0.0,True,0.0023148148148148147,0.18181818181818182,0.0010947573287921177,0.9998126626218892,86.53303517030781,0.0,0.0,0.0,0.6666666666666666,0.0,0.16666666666666666,0.0,0.0,0.0,1.0,0.0,True,0.7523148148148148,0.8632138114209827,0.012528889429509792,0.9719774879126524,990.322513615745,1.0,1.0,0.7692307692307693,1.0,0.0047169811320754715,0.8333333333333334,1.0,1.0,0.5,1.0,1.0,HistGB,fleet,40000,20000,9.99,B_fleet_size,CIDv2_RenaultClio,FS-B,1,3,CTT_Forester|CTT_Impala|CTT_Silverado
9085,864,0.09510181618051734,0.93746937889416,0.8167492175061712,8224,0.0455447607482506,False,0.0011574074074074073,1.0,0.0,0.9999243021011354,0.0,0.0,0.0,0.0,0.3333333333333333,0.0,0.16666666666666666,0.0,0.0,0.0,1.0,0.0,True,0.0011574074074074073,1.0,0.0,0.9999243021011353,0.0,0.0,0.0,0.0,0.3333333333333333,0.0,0.16666666666666666,0.0,0.0,0.0,1.0,0.0,True,0.7256944444444444,0.9751166407465007,0.001946235251185987,0.9997996687889099,153.83650696943613,0.0,0.9968051118210862,0.0,1.0,0.0,0.3333333333333333,0.0,1.0,0.0,1.0,0.0,True,0.7256944444444444,0.9796875,0.0015813161415886145,0.9998189806938171,124.99216191266684,0.0,0.9968051118210862,0.0,1.0,0.0,0.3333333333333333,0.0,1.0,0.0,1.0,0.0,True,0.7523148148148148,0.8643617021276596,0.012407249726310668,0.9526735544204712,980.7077319301553,1.0,1.0,0.7692307692307693,1.0,0.0047169811320754715,0.8333333333333334,1.0,1.0,0.5,1.0,1.0,XGBoost,fleet,40000,20000,6.31,B_fleet_size,CIDv2_RenaultClio,FS-B,1,3,CTT_Forester|CTT_Impala|CTT_Silverado
9085,864,0.09510181618051734,0.982663948920335,0.8854464953584804,8224,0.0455447607482506,False,0.7233796296296297,1.0,0.0,437500.00000000006,0.0,0.0,0.9984025559105432,0.0,0.0,0.0,0.16666666666666666,0.0,1.0,0.0,0.0,0.0,True,0.7233796296296297,1.0,0.0,437500.0,0.0,0.0,0.9984025559105432,0.0,0.0,0.0,0.16666666666666666,0.0,1.0,0.0,0.0,0.0,True,0.7233796296296297,1.0,0.0,296875.0,0.0,0.0,0.9984025559105432,0.0,0.0,0.0,0.16666666666666666,0.0,1.0,0.0,0.0,0.0,True,0.7233796296296297,1.0,0.0,296875.0,0.0,0.0,0.9984025559105432,0.0,0.0,0.0,0.16666666666666666,0.0,1.0,0.0,0.0,0.0,True,0.7303240740740741,0.797724399494311,0.019462352511859873,46875.0,1538.3650696943612,0.0,1.0,0.15384615384615385,1.0,0.0,0.5,0.0,1.0,0.5,1.0,0.0,Rule:Combined,fleet,40000,20000,0.05,B_fleet_size,CIDv2_RenaultClio,FS-B,1,3,CTT_Forester|CTT_Impala|CTT_Silverado
9085,864,0.09510181618051734,0.9143567793861249,0.8112014036520003,8224,0.0455447607482506,False,0.005787037037037037,0.8333333333333334,0.0001216397031991242,0.9999736946762229,9.614781685589758,0.2,0.0,0.23076923076923078,0.0,0.0,0.3333333333333333,1.0,0.0,0.5,0.0,0.0,True,0.005787037037037037,0.8333333333333334,0.0001216397031991242,0.9999736946762229,9.614781685589758,0.2,0.0,0.23076923076923078,0.0,0.0,0.3333333333333333,1.0,0.0,0.5,0.0,0.0,True,0.7488425925925926,0.9877862595419847,0.0009731176255929935,0.9999377503590894,76.91825348471806,0.9,0.9984025559105432,0.7692307692307693,0.6666666666666666,0.0047169811320754715,0.8333333333333334,1.0,1.0,0.5,1.0,1.0,True,0.7488425925925926,0.9877862595419847,0.0009731176255929935,0.9999377503590894,76.91825348471806,0.9,0.9984025559105432,0.7692307692307693,0.6666666666666666,0.0047169811320754715,0.8333333333333334,1.0,1.0,0.5,1.0,1.0,True,0.7523148148148148,0.8541392904073587,0.013502007055102785,0.971907685113042,1067.240767100463,1.0,1.0,0.7692307692307693,1.0,0.0047169811320754715,0.8333333333333334,1.0,1.0,0.5,1.0,1.0,HistGB,fleet,40000,20000,13.87,B_fleet_size,CIDv2_RenaultClio,FS-B,0,3,CTT_Forester|CTT_Impala|CTT_Traverse
9085,864,0.09510181618051734,0.8773920363162092,0.7845576700160063,8224,0.0455447607482506,False,0.0011574074074074073,1.0,0.0,0.9999121427536012,0.0,0.0,0.0,0.0,0.3333333333333333,0.0,0.16666666666666666,0.0,0.0,0.0,1.0,0.0,True,0.0011574074074074073,1.0,0.0,0.9999121427536011,0.0,0.0,0.0,0.0,0.3333333333333333,0.0,0.16666666666666666,0.0,0.0,0.0,1.0,0.0,True,0.003472222222222222,0.5,0.0003649191095973726,0.9998157620429993,28.84434505676927,0.0,0.0,0.0,1.0,0.0,0.16666666666666666,0.0,0.0,0.0,1.0,0.0,True,0.0023148148148148147,0.5,0.0002432794063982484,0.999871015548706,19.229563371179516,0.0,0.0,0.0,0.6666666666666666,0.0,0.16666666666666666,0.0,0.0,0.0,1.0,0.0,True,0.7523148148148148,0.8463541666666666,0.014353484977496654,0.960019588470459,1134.5442388995914,1.0,1.0,0.7692307692307693,1.0,0.0047169811320754715,0.8333333333333334,1.0,1.0,0.5,1.0,1.0,XGBoost,fleet,40000,20000,4.09,B_fleet_size,CIDv2_RenaultClio,FS-B,0,3,CTT_Forester|CTT_Impala|CTT_Traverse
9085,864,0.09510181618051734,0.982663948920335,0.8854464953584804,8224,0.0455447607482506,False,0.7233796296296297,1.0,0.0,437500.00000000006,0.0,0.0,0.9984025559105432,0.0,0.0,0.0,0.16666666666666666,0.0,1.0,0.0,0.0,0.0,True,0.7233796296296297,1.0,0.0,437500.0,0.0,0.0,0.9984025559105432,0.0,0.0,0.0,0.16666666666666666,0.0,1.0,0.0,0.0,0.0,True,0.7233796296296297,1.0,0.0,296875.0,0.0,0.0,0.9984025559105432,0.0,0.0,0.0,0.16666666666666666,0.0,1.0,0.0,0.0,0.0,True,0.7233796296296297,1.0,0.0,296875.0,0.0,0.0,0.9984025559105432,0.0,0.0,0.0,0.16666666666666666,0.0,1.0,0.0,0.0,0.0,True,0.7303240740740741,0.797724399494311,0.019462352511859873,46875.0,1538.3650696943612,0.0,1.0,0.15384615384615385,1.0,0.0,0.5,0.0,1.0,0.5,1.0,0.0,Rule:Combined,fleet,40000,20000,0.06,B_fleet_size,CIDv2_RenaultClio,FS-B,0,3,CTT_Forester|CTT_Impala|CTT_Traverse
9085,864,0.09510181618051734,0.888875725333045,0.7817464002173289,8224,0.0455447607482506,False,0.0,0.0,0.0,0.9998971547863443,0.0,0.0,0.0,0.0,0.0,0.0,0.0,0.0,0.0,0.0,0.0,0.0,True,0.0,0.0,0.0,0.9998971547863442,0.0,0.0,0.0,0.0,0.0,0.0,0.0,0.0,0.0,0.0,0.0,0.0,True,0.024305555555555556,0.84,0.0004865588127964968,0.9998220600469808,38.45912674235903,1.0,0.001597444089456869,0.6923076923076923,0.3333333333333333,0.0,0.6666666666666666,1.0,1.0,0.5,1.0,0.0,True,0.008101851851851851,0.7777777777777778,0.0002432794063982484,0.9998507214415917,19.229563371179516,0.1,0.001597444089456869,0.3076923076923077,0.3333333333333333,0.0,0.6666666666666666,1.0,1.0,0.5,1.0,0.0,True,0.7546296296296297,0.8049382716049382,0.019219073105461622,0.9943830353817742,1519.1355063231817,1.0,1.0,0.7692307692307693,1.0,0.014150943396226415,0.8333333333333334,1.0,1.0,0.5,1.0,1.0,HistGB,fleet,40000,20000,8.36,B_fleet_size,CIDv2_RenaultClio,FS-B,1,3,CTT_Forester|CTT_Impala|CTT_Traverse
9085,864,0.09510181618051734,0.8903382175053048,0.7942649030999275,8224,0.0455447607482506,False,0.0023148148148148147,1.0,0.0,0.9999090433120729,0.0,0.0,0.0,0.0,0.6666666666666666,0.0,0.16666666666666666,0.0,0.0,0.0,1.0,0.0,True,0.0023148148148148147,1.0,0.0,0.9999090433120728,0.0,0.0,0.0,0.0,0.6666666666666666,0.0,0.16666666666666666,0.0,0.0,0.0,1.0,0.0,True,0.003472222222222222,0.2727272727272727,0.0009731176255929935,0.9998039603233337,76.91825348471806,0.0,0.0,0.0,1.0,0.0,0.16666666666666666,0.0,0.0,0.0,1.0,0.0,True,0.003472222222222222,0.3,0.0008514779223938694,0.9998233914375305,67.3034717991283,0.0,0.0,0.0,1.0,0.0,0.16666666666666666,0.0,0.0,0.0,1.0,0.0,True,0.7534722222222222,0.8367609254498715,0.015448242306288773,0.9905235171318054,1221.0772740698992,1.0,1.0,0.7692307692307693,1.0,0.009433962264150943,0.8333333333333334,1.0,1.0,0.5,1.0,1.0,XGBoost,fleet,40000,20000,4.15,B_fleet_size,CIDv2_RenaultClio,FS-B,1,3,CTT_Forester|CTT_Impala|CTT_Traverse
9085,864,0.09510181618051734,0.982663948920335,0.8854464953584803,8224,0.0455447607482506,False,0.7233796296296297,1.0,0.0,437500.00000000006,0.0,0.0,0.9984025559105432,0.0,0.0,0.0,0.16666666666666666,0.0,1.0,0.0,0.0,0.0,True,0.7233796296296297,1.0,0.0,437500.0,0.0,0.0,0.9984025559105432,0.0,0.0,0.0,0.16666666666666666,0.0,1.0,0.0,0.0,0.0,True,0.7233796296296297,1.0,0.0,296875.0,0.0,0.0,0.9984025559105432,0.0,0.0,0.0,0.16666666666666666,0.0,1.0,0.0,0.0,0.0,True,0.7233796296296297,1.0,0.0,296875.0,0.0,0.0,0.9984025559105432,0.0,0.0,0.0,0.16666666666666666,0.0,1.0,0.0,0.0,0.0,True,0.7303240740740741,0.797724399494311,0.019462352511859873,46875.0,1538.3650696943612,0.0,1.0,0.15384615384615385,1.0,0.0,0.5,0.0,1.0,0.5,1.0,0.0,Rule:Combined,fleet,40000,20000,0.05,B_fleet_size,CIDv2_RenaultClio,FS-B,1,3,CTT_Forester|CTT_Impala|CTT_Traverse
9085,864,0.09510181618051734,0.9066894656638149,0.8147114869554043,8224,0.0455447607482506,False,0.7245370370370371,1.0,0.0,0.9996264507209026,0.0,0.1,0.9984025559105432,0.0,0.0,0.0,0.3333333333333333,1.0,1.0,0.0,0.0,0.0,True,0.7245370370370371,1.0,0.0,0.9996264507209025,0.0,0.1,0.9984025559105432,0.0,0.0,0.0,0.3333333333333333,1.0,1.0,0.0,0.0,0.0,True,0.7465277777777778,0.9728506787330317,0.0021895146575842354,0.9992129404828614,173.06607034061562,0.9,0.9984025559105432,0.6923076923076923,0.6666666666666666,0.0,0.6666666666666666,1.0,1.0,0.5,1.0,0.0,True,0.7465277777777778,0.9772727272727273,0.001824595547986863,0.9993036081129116,144.22172528384638,0.9,0.9984025559105432,0.6923076923076923,0.6666666666666666,0.0,0.6666666666666666,1.0,1.0,0.5,1.0,0.0,True,0.7523148148148148,0.8430609597924773,0.014718404087094027,0.975279197984531,1163.3885839563607,1.0,0.9984025559105432,0.7692307692307693,1.0,0.009433962264150943,0.8333333333333334,1.0,1.0,0.5,1.0,1.0,HistGB,fleet,40000,20000,8.16,B_fleet_size,CIDv2_RenaultClio,FS-B,0,3,CTT_Forester|CTT_Silverado|CTT_Traverse
9085,864,0.09510181618051734,0.8898887559862502,0.7897952280037888,8224,0.0455447607482506,False,0.0011574074074074073,0.3333333333333333,0.0002432794063982484,0.9999638795852662,19.229563371179516,0.0,0.0,0.0,0.3333333333333333,0.0,0.16666666666666666,0.0,0.0,0.0,1.0,0.0,True,0.0011574074074074073,0.3333333333333333,0.0002432794063982484,0.9999638795852661,19.229563371179516,0.0,0.0,0.0,0.3333333333333333,0.0,0.16666666666666666,0.0,0.0,0.0,1.0,0.0,True,0.7256944444444444,0.9751166407465007,0.001946235251185987,0.9997804760932922,153.83650696943613,0.0,0.9968051118210862,0.0,1.0,0.0,0.3333333333333333,0.0,1.0,0.0,1.0,0.0,True,0.003472222222222222,0.1875,0.0015813161415886145,0.9998303651809692,124.99216191266684,0.0,0.0,0.0,1.0,0.0,0.16666666666666666,0.0,0.0,0.0,1.0,0.0,True,0.7534722222222222,0.863395225464191,0.012528889429509792,0.978010892868042,990.322513615745,1.0,1.0,0.7692307692307693,1.0,0.009433962264150943,0.8333333333333334,1.0,1.0,0.5,1.0,1.0,XGBoost,fleet,40000,20000,4.56,B_fleet_size,CIDv2_RenaultClio,FS-B,0,3,CTT_Forester|CTT_Silverado|CTT_Traverse
9085,864,0.09510181618051734,0.982663948920335,0.8854464953584803,8224,0.0455447607482506,False,0.7233796296296297,1.0,0.0,437500.00000000006,0.0,0.0,0.9984025559105432,0.0,0.0,0.0,0.16666666666666666,0.0,1.0,0.0,0.0,0.0,True,0.7233796296296297,1.0,0.0,437500.0,0.0,0.0,0.9984025559105432,0.0,0.0,0.0,0.16666666666666666,0.0,1.0,0.0,0.0,0.0,True,0.7233796296296297,1.0,0.0,296875.0,0.0,0.0,0.9984025559105432,0.0,0.0,0.0,0.16666666666666666,0.0,1.0,0.0,0.0,0.0,True,0.7233796296296297,1.0,0.0,296875.0,0.0,0.0,0.9984025559105432,0.0,0.0,0.0,0.16666666666666666,0.0,1.0,0.0,0.0,0.0,True,0.7303240740740741,0.797724399494311,0.019462352511859873,46875.0,1538.3650696943612,0.0,1.0,0.15384615384615385,1.0,0.0,0.5,0.0,1.0,0.5,1.0,0.0,Rule:Combined,fleet,40000,20000,0.05,B_fleet_size,CIDv2_RenaultClio,FS-B,0,3,CTT_Forester|CTT_Silverado|CTT_Traverse
9085,864,0.09510181618051734,0.8962908196939186,0.736433151459954,8224,0.0455447607482506,False,0.0023148148148148147,1.0,0.0,0.999936510023327,0.0,0.0,0.0,0.0,0.6666666666666666,0.0,0.16666666666666666,0.0,0.0,0.0,1.0,0.0,True,0.0023148148148148147,1.0,0.0,0.9999365100233268,0.0,0.0,0.0,0.0,0.6666666666666666,0.0,0.16666666666666666,0.0,0.0,0.0,1.0,0.0,True,0.003472222222222222,0.15,0.0020678749543851112,0.9999026824078885,163.45128865502588,0.0,0.0,0.0,1.0,0.0,0.16666666666666666,0.0,0.0,0.0,1.0,0.0,True,0.003472222222222222,0.15,0.0020678749543851112,0.9999026824078885,163.45128865502588,0.0,0.0,0.0,1.0,0.0,0.16666666666666666,0.0,0.0,0.0,1.0,0.0,True,0.7511574074074074,0.8699731903485255,0.011799051210315046,0.9965788918707933,932.6338235022064,1.0,0.9984025559105432,0.7692307692307693,1.0,0.0047169811320754715,0.8333333333333334,1.0,1.0,0.5,1.0,1.0,HistGB,fleet,40000,20000,8.36,B_fleet_size,CIDv2_RenaultClio,FS-B,1,3,CTT_Forester|CTT_Silverado|CTT_Traverse
9085,864,0.09510181618051734,0.9308530378389582,0.7885906689764851,8224,0.0455447607482506,False,0.0023148148148148147,0.6666666666666666,0.0001216397031991242,0.9999495744705201,9.614781685589758,0.0,0.0,0.0,0.6666666666666666,0.0,0.16666666666666666,0.0,0.0,0.0,1.0,0.0,True,0.0023148148148148147,0.6666666666666666,0.0001216397031991242,0.99994957447052,9.614781685589758,0.0,0.0,0.0,0.6666666666666666,0.0,0.16666666666666666,0.0,0.0,0.0,1.0,0.0,True,0.003472222222222222,0.2727272727272727,0.0009731176255929935,0.9998825788497925,76.91825348471806,0.0,0.0,0.0,1.0,0.0,0.16666666666666666,0.0,0.0,0.0,1.0,0.0,True,0.003472222222222222,0.2727272727272727,0.0009731176255929935,0.9998825788497925,76.91825348471806,0.0,0.0,0.0,1.0,0.0,0.16666666666666666,0.0,0.0,0.0,1.0,0.0,True,0.7523148148148148,0.8541392904073587,0.013502007055102785,0.9792628288269043,1067.240767100463,1.0,1.0,0.7692307692307693,1.0,0.0047169811320754715,0.8333333333333334,1.0,1.0,0.5,1.0,1.0,XGBoost,fleet,40000,20000,6.53,B_fleet_size,CIDv2_RenaultClio,FS-B,1,3,CTT_Forester|CTT_Silverado|CTT_Traverse
9085,864,0.09510181618051734,0.982663948920335,0.8854464953584803,8224,0.0455447607482506,False,0.7233796296296297,1.0,0.0,437500.00000000006,0.0,0.0,0.9984025559105432,0.0,0.0,0.0,0.16666666666666666,0.0,1.0,0.0,0.0,0.0,True,0.7233796296296297,1.0,0.0,437500.0,0.0,0.0,0.9984025559105432,0.0,0.0,0.0,0.16666666666666666,0.0,1.0,0.0,0.0,0.0,True,0.7233796296296297,1.0,0.0,296875.0,0.0,0.0,0.9984025559105432,0.0,0.0,0.0,0.16666666666666666,0.0,1.0,0.0,0.0,0.0,True,0.7233796296296297,1.0,0.0,296875.0,0.0,0.0,0.9984025559105432,0.0,0.0,0.0,0.16666666666666666,0.0,1.0,0.0,0.0,0.0,True,0.7303240740740741,0.797724399494311,0.019462352511859873,46875.0,1538.3650696943612,0.0,1.0,0.15384615384615385,1.0,0.0,0.5,0.0,1.0,0.5,1.0,0.0,Rule:Combined,fleet,40000,20000,0.06,B_fleet_size,CIDv2_RenaultClio,FS-B,1,3,CTT_Forester|CTT_Silverado|CTT_Traverse
9085,864,0.09510181618051734,0.8582877747593111,0.6646700252849579,8224,0.0455447607482506,False,0.008101851851851851,0.5833333333333334,0.000608198515995621,0.9997297108151931,48.07390842794879,0.3,0.0,0.23076923076923078,0.3333333333333333,0.0,0.5,1.0,0.0,0.5,1.0,0.0,True,0.008101851851851851,0.5833333333333334,0.000608198515995621,0.999729710815193,48.07390842794879,0.3,0.0,0.23076923076923078,0.3333333333333333,0.0,0.5,1.0,0.0,0.5,1.0,0.0,True,0.023148148148148147,0.6451612903225806,0.0013380367351903662,0.9993982941390896,105.76259854148734,0.8,0.001597444089456869,0.6923076923076923,0.6666666666666666,0.0,0.6666666666666666,1.0,1.0,0.5,1.0,0.0,True,0.02199074074074074,0.6551724137931034,0.001216397031991242,0.9994719491051646,96.14781685589757,0.7,0.001597444089456869,0.6923076923076923,0.6666666666666666,0.0,0.6666666666666666,1.0,1.0,0.5,1.0,0.0,True,0.7523148148148148,0.78031212484994,0.02226006568543973,0.976529819675935,1759.5050484629255,1.0,0.9984025559105432,0.7692307692307693,1.0,0.009433962264150943,0.8333333333333334,1.0,1.0,0.5,1.0,1.0,HistGB,fleet,40000,20000,14.69,B_fleet_size,CIDv2_RenaultClio,FS-B,0,3,CTT_Silverado|CTT_Traverse|ROAD_ORNL
9085,864,0.09510181618051734,0.8116096649501953,0.5183843069669558,8224,0.0455447607482506,False,0.0023148148148148147,0.3333333333333333,0.0004865588127964968,0.9998131394386293,38.45912674235903,0.0,0.0,0.07692307692307693,0.3333333333333333,0.0,0.3333333333333333,0.0,0.0,0.5,1.0,0.0,True,0.0023148148148148147,0.3333333333333333,0.0004865588127964968,0.9998131394386292,38.45912674235903,0.0,0.0,0.07692307692307693,0.3333333333333333,0.0,0.3333333333333333,0.0,0.0,0.5,1.0,0.0,True,0.008101851851851851,0.25925925925925924,0.002432794063982484,0.9993053674697876,192.29563371179515,0.2,0.0,0.23076923076923078,0.6666666666666666,0.0,0.5,1.0,0.0,0.5,1.0,0.0,True,0.008101851851851851,0.35,0.0015813161415886145,0.9994814991950989,124.99216191266684,0.2,0.0,0.23076923076923078,0.6666666666666666,0.0,0.5,1.0,0.0,0.5,1.0,0.0,True,0.027777777777777776,0.13872832369942195,0.018124315776669505,0.9876993894577026,1432.602471152874,1.0,0.001597444089456869,0.7692307692307693,1.0,0.0,0.6666666666666666,1.0,1.0,0.5,1.0,0.0,XGBoost,fleet,40000,20000,9.57,B_fleet_size,CIDv2_RenaultClio,FS-B,0,3,CTT_Silverado|CTT_Traverse|ROAD_ORNL
9085,864,0.09510181618051734,0.9999750103619007,0.9997700601247328,8224,0.0455447607482506,False,0.9456018518518519,1.0,0.0,1781.0959702107245,0.0,1.0,1.0,1.0,0.0,0.7924528301886793,0.8333333333333334,1.0,1.0,1.0,0.0,1.0,True,0.9456018518518519,1.0,0.0,1781.0959702107243,0.0,1.0,1.0,1.0,0.0,0.7924528301886793,0.8333333333333334,1.0,1.0,1.0,0.0,1.0,True,0.9953703703703703,0.9942196531791907,0.000608198515995621,17.57276845801436,48.07390842794879,1.0,1.0,1.0,0.0,0.9952830188679245,0.8333333333333334,1.0,1.0,1.0,0.0,1.0,True,0.9953703703703703,0.9942196531791907,0.000608198515995621,17.57276845801436,48.07390842794879,1.0,1.0,1.0,0.0,0.9952830188679245,0.8333333333333334,1.0,1.0,1.0,0.0,1.0,True,1.0,0.8744939271255061,0.0150833231966914,5.985710403743191,1192.23292901313,1.0,1.0,1.0,1.0,1.0,1.0,1.0,1.0,1.0,1.0,1.0,Rule:Combined,fleet,40000,20000,0.06,B_fleet_size,CIDv2_RenaultClio,FS-B,0,3,CTT_Silverado|CTT_Traverse|ROAD_ORNL
9085,864,0.09510181618051734,0.8297736825744366,0.5913361786824098,8224,0.0455447607482506,False,0.006944444444444444,0.46153846153846156,0.0008514779223938694,0.9996375957909049,67.3034717991283,0.2,0.0,0.15384615384615385,0.6666666666666666,0.0,0.5,1.0,0.0,0.5,1.0,0.0,True,0.006944444444444444,0.46153846153846156,0.0008514779223938694,0.9996375957909048,67.3034717991283,0.2,0.0,0.15384615384615385,0.6666666666666666,0.0,0.5,1.0,0.0,0.5,1.0,0.0,True,0.018518518518518517,0.41025641025641024,0.0027977131735798565,0.9991675994422627,221.13997876856442,0.6,0.001597444089456869,0.5384615384615384,0.6666666666666666,0.0,0.6666666666666666,1.0,1.0,0.5,1.0,0.0,True,0.016203703703703703,0.4666666666666667,0.001946235251185987,0.9993358480247373,153.83650696943613,0.6,0.0,0.46153846153846156,0.6666666666666666,0.0,0.5,1.0,0.0,0.5,1.0,0.0,True,0.027777777777777776,0.10084033613445378,0.026030896484612577,0.9802911294732602,2057.563280716208,1.0,0.001597444089456869,0.7692307692307693,1.0,0.0,0.6666666666666666,1.0,1.0,0.5,1.0,0.0,HistGB,fleet,40000,20000,24.12,B_fleet_size,CIDv2_RenaultClio,FS-B,1,3,CTT_Silverado|CTT_Traverse|ROAD_ORNL
9085,864,0.09510181618051734,0.8099557028747517,0.5799999086115332,8224,0.0455447607482506,False,0.0011574074074074073,0.07692307692307693,0.0014596764383894903,0.9998946189880372,115.37738022707708,0.0,0.0,0.0,0.3333333333333333,0.0,0.16666666666666666,0.0,0.0,0.0,1.0,0.0,True,0.0011574074074074073,0.07692307692307693,0.0014596764383894903,0.9998946189880371,115.37738022707708,0.0,0.0,0.0,0.3333333333333333,0.0,0.16666666666666666,0.0,0.0,0.0,1.0,0.0,True,0.004629629629629629,0.16,0.0025544337671816082,0.9994288086891174,201.9104153973849,0.0,0.0,0.07692307692307693,1.0,0.0,0.3333333333333333,0.0,0.0,0.5,1.0,0.0,True,0.004629629629629629,0.16,0.0025544337671816082,0.9994367957115173,201.9104153973849,0.0,0.0,0.07692307692307693,1.0,0.0,0.3333333333333333,0.0,0.0,0.5,1.0,0.0,True,0.02662037037037037,0.11616161616161616,0.021286948059846735,0.991098940372467,1682.5867949782075,1.0,0.001597444089456869,0.6923076923076923,1.0,0.0,0.6666666666666666,1.0,1.0,0.5,1.0,0.0,XGBoost,fleet,40000,20000,7.33,B_fleet_size,CIDv2_RenaultClio,FS-B,1,3,CTT_Silverado|CTT_Traverse|ROAD_ORNL
9085,864,0.09510181618051734,0.9999771221623034,0.9997870543250245,8224,0.0455447607482506,False,0.9456018518518519,1.0,0.0,1717.362346059665,0.0,1.0,1.0,1.0,0.0,0.7924528301886793,0.8333333333333334,1.0,1.0,1.0,0.0,1.0,True,0.9456018518518519,1.0,0.0,1717.3623460596648,0.0,1.0,1.0,1.0,0.0,0.7924528301886793,0.8333333333333334,1.0,1.0,1.0,0.0,1.0,True,0.9965277777777778,0.9942263279445728,0.000608198515995621,16.93784866062633,48.07390842794879,1.0,1.0,1.0,0.3333333333333333,0.9952830188679245,1.0,1.0,1.0,1.0,1.0,1.0,True,0.9965277777777778,0.9942263279445728,0.000608198515995621,16.93784866062633,48.07390842794879,1.0,1.0,1.0,0.3333333333333333,0.9952830188679245,1.0,1.0,1.0,1.0,1.0,1.0,True,1.0,0.8744939271255061,0.0150833231966914,5.765374587082957,1192.23292901313,1.0,1.0,1.0,1.0,1.0,1.0,1.0,1.0,1.0,1.0,1.0,Rule:Combined,fleet,40000,20000,0.05,B_fleet_size,CIDv2_RenaultClio,FS-B,1,3,CTT_Silverado|CTT_Traverse|ROAD_ORNL
9085,864,0.09510181618051734,0.9912523595849834,0.9423481922991739,8224,0.0455447607482506,False,0.7245370370370371,1.0,0.0,0.9998509219527419,0.0,0.0,0.9968051118210862,0.0,0.6666666666666666,0.0,0.3333333333333333,0.0,1.0,0.0,1.0,0.0,True,0.7245370370370371,1.0,0.0,0.9998509219527419,0.0,0.0,0.9968051118210862,0.0,0.6666666666666666,0.0,0.3333333333333333,0.0,1.0,0.0,1.0,0.0,True,0.7488425925925926,0.9656716417910448,0.0027977131735798565,0.9994743424942003,221.13997876856442,0.9,0.9984025559105432,0.6923076923076923,1.0,0.0047169811320754715,0.8333333333333334,1.0,1.0,0.5,1.0,1.0,True,0.7280092592592593,0.9858934169278997,0.0010947573287921177,0.9997647201667277,86.53303517030781,0.1,0.9984025559105432,0.07692307692307693,0.6666666666666666,0.0,0.6666666666666666,1.0,1.0,0.5,1.0,0.0,True,0.7534722222222222,0.8588390501319261,0.013015448242306289,0.6846751123222872,1028.781640358104,1.0,1.0,0.7692307692307693,1.0,0.009433962264150943,0.8333333333333334,1.0,1.0,0.5,1.0,1.0,HistGB,fleet,40000,20000,13.82,B_fleet_size,CIDv2_RenaultClio,FS-B,0,4,CIDv2_OpelAstra|CIDv2_Prototype|CTT_Impala|CTT_Silverado
9085,864,0.09510181618051734,0.985112651880685,0.9104769727135232,8224,0.0455447607482506,False,0.7222222222222222,0.9968051118210862,0.0002432794063982484,0.9998435974121095,19.229563371179516,0.0,0.9968051118210862,0.0,0.0,0.0,0.16666666666666666,0.0,1.0,0.0,0.0,0.0,True,0.7222222222222222,0.9968051118210862,0.0002432794063982484,0.9998435974121095,19.229563371179516,0.0,0.9968051118210862,0.0,0.0,0.0,0.16666666666666666,0.0,1.0,0.0,0.0,0.0,True,0.7245370370370371,0.990506329113924,0.0007298382191947452,0.9997568726539612,57.68869011353854,0.0,0.9968051118210862,0.0,0.6666666666666666,0.0,0.3333333333333333,0.0,1.0,0.0,1.0,0.0,True,0.7245370370370371,0.990506329113924,0.0007298382191947452,0.9997568726539612,57.68869011353854,0.0,0.9968051118210862,0.0,0.6666666666666666,0.0,0.3333333333333333,0.0,1.0,0.0,1.0,0.0,True,0.7719907407407407,0.8486005089058524,0.01447512468069578,0.7076140642166138,1144.1590205851812,1.0,1.0,0.7692307692307693,1.0,0.08490566037735849,0.8333333333333334,1.0,1.0,0.5,1.0,1.0,XGBoost,fleet,40000,20000,6.11,B_fleet_size,CIDv2_RenaultClio,FS-B,0,4,CIDv2_OpelAstra|CIDv2_Prototype|CTT_Impala|CTT_Silverado
9085,864,0.09510181618051734,0.9826639489203349,0.8854464953584803,8224,0.0455447607482506,False,0.7233796296296297,1.0,0.0,437500.00000000006,0.0,0.0,0.9984025559105432,0.0,0.0,0.0,0.16666666666666666,0.0,1.0,0.0,0.0,0.0,True,0.7233796296296297,1.0,0.0,437500.0,0.0,0.0,0.9984025559105432,0.0,0.0,0.0,0.16666666666666666,0.0,1.0,0.0,0.0,0.0,True,0.7233796296296297,1.0,0.0,296875.0,0.0,0.0,0.9984025559105432,0.0,0.0,0.0,0.16666666666666666,0.0,1.0,0.0,0.0,0.0,True,0.7233796296296297,1.0,0.0,296875.0,0.0,0.0,0.9984025559105432,0.0,0.0,0.0,0.16666666666666666,0.0,1.0,0.0,0.0,0.0,True,0.7303240740740741,0.797724399494311,0.019462352511859873,46875.0,1538.3650696943612,0.0,1.0,0.15384615384615385,1.0,0.0,0.5,0.0,1.0,0.5,1.0,0.0,Rule:Combined,fleet,40000,20000,0.05,B_fleet_size,CIDv2_RenaultClio,FS-B,0,4,CIDv2_OpelAstra|CIDv2_Prototype|CTT_Impala|CTT_Silverado
9085,864,0.09510181618051734,0.9905046414557118,0.9318906584364198,8224,0.0455447607482506,False,0.7233796296296297,1.0,0.0,0.9997092941410448,0.0,0.0,0.9968051118210862,0.0,0.3333333333333333,0.0,0.3333333333333333,0.0,1.0,0.0,1.0,0.0,True,0.7233796296296297,1.0,0.0,0.9997092941410448,0.0,0.0,0.9968051118210862,0.0,0.3333333333333333,0.0,0.3333333333333333,0.0,1.0,0.0,1.0,0.0,True,0.75,0.9893129770992366,0.0008514779223938694,0.9986636685024934,67.3034717991283,1.0,1.0,0.6923076923076923,1.0,0.0,0.6666666666666666,1.0,1.0,0.5,1.0,0.0,True,0.75,0.9893129770992366,0.0008514779223938694,0.9986636685024934,67.3034717991283,1.0,1.0,0.6923076923076923,1.0,0.0,0.6666666666666666,1.0,1.0,0.5,1.0,0.0,True,0.7534722222222222,0.8905608755129959,0.009731176255929936,0.8776686702369826,769.1825348471806,1.0,1.0,0.7692307692307693,1.0,0.009433962264150943,0.8333333333333334,1.0,1.0,0.5,1.0,1.0,HistGB,fleet,40000,20000,14.56,B_fleet_size,CIDv2_RenaultClio,FS-B,1,4,CIDv2_OpelAstra|CIDv2_Prototype|CTT_Impala|CTT_Silverado
9085,864,0.09510181618051734,0.984154457644605,0.9021247394432705,8224,0.0455447607482506,False,0.7233796296296297,0.9984025559105432,0.0001216397031991242,0.9997529387474061,9.614781685589758,0.0,0.9968051118210862,0.0,0.3333333333333333,0.0,0.3333333333333333,0.0,1.0,0.0,1.0,0.0,True,0.7233796296296297,0.9984025559105432,0.0001216397031991242,0.9997529387474061,9.614781685589758,0.0,0.9968051118210862,0.0,0.3333333333333333,0.0,0.3333333333333333,0.0,1.0,0.0,1.0,0.0,True,0.7245370370370371,0.9889415481832543,0.0008514779223938694,0.9995241165161133,67.3034717991283,0.0,0.9968051118210862,0.0,0.6666666666666666,0.0,0.3333333333333333,0.0,1.0,0.0,1.0,0.0,True,0.7245370370370371,0.9952305246422893,0.0003649191095973726,0.99960857629776,28.84434505676927,0.0,0.9968051118210862,0.0,0.6666666666666666,0.0,0.3333333333333333,0.0,1.0,0.0,1.0,0.0,True,0.7557870370370371,0.8614775725593667,0.012772168835908041,0.889011800289154,1009.5520769869246,1.0,1.0,0.7692307692307693,1.0,0.018867924528301886,0.8333333333333334,1.0,1.0,0.5,1.0,1.0,XGBoost,fleet,40000,20000,9.92,B_fleet_size,CIDv2_RenaultClio,FS-B,1,4,CIDv2_OpelAstra|CIDv2_Prototype|CTT_Impala|CTT_Silverado
9085,864,0.09510181618051734,0.982663948920335,0.8854464953584804,8224,0.0455447607482506,False,0.7233796296296297,1.0,0.0,437500.00000000006,0.0,0.0,0.9984025559105432,0.0,0.0,0.0,0.16666666666666666,0.0,1.0,0.0,0.0,0.0,True,0.7233796296296297,1.0,0.0,437500.0,0.0,0.0,0.9984025559105432,0.0,0.0,0.0,0.16666666666666666,0.0,1.0,0.0,0.0,0.0,True,0.7233796296296297,1.0,0.0,296875.0,0.0,0.0,0.9984025559105432,0.0,0.0,0.0,0.16666666666666666,0.0,1.0,0.0,0.0,0.0,True,0.7233796296296297,1.0,0.0,296875.0,0.0,0.0,0.9984025559105432,0.0,0.0,0.0,0.16666666666666666,0.0,1.0,0.0,0.0,0.0,True,0.7303240740740741,0.797724399494311,0.019462352511859873,46875.0,1538.3650696943612,0.0,1.0,0.15384615384615385,1.0,0.0,0.5,0.0,1.0,0.5,1.0,0.0,Rule:Combined,fleet,40000,20000,0.05,B_fleet_size,CIDv2_RenaultClio,FS-B,1,4,CIDv2_OpelAstra|CIDv2_Prototype|CTT_Impala|CTT_Silverado
9085,864,0.09510181618051734,0.9760043863502232,0.8643218097137773,8224,0.0455447607482506,False,0.0023148148148148147,0.3333333333333333,0.0004865588127964968,0.9998827491966263,38.45912674235903,0.0,0.001597444089456869,0.0,0.3333333333333333,0.0,0.3333333333333333,0.0,1.0,0.0,1.0,0.0,True,0.0023148148148148147,0.3333333333333333,0.0004865588127964968,0.9998827491966263,38.45912674235903,0.0,0.001597444089456869,0.0,0.3333333333333333,0.0,0.3333333333333333,0.0,1.0,0.0,1.0,0.0,True,0.7256944444444444,0.9766355140186916,0.001824595547986863,0.9998623432864294,144.22172528384638,0.0,0.9968051118210862,0.0,1.0,0.0,0.3333333333333333,0.0,1.0,0.0,1.0,0.0,True,0.7245370370370371,0.978125,0.0017029558447877388,0.999871979890267,134.6069435982566,0.0,0.9968051118210862,0.0,0.6666666666666666,0.0,0.3333333333333333,0.0,1.0,0.0,1.0,0.0,True,0.7523148148148148,0.8290816326530612,0.016299720228682642,0.9798955125427596,1288.3807458690274,1.0,1.0,0.7692307692307693,1.0,0.0047169811320754715,0.8333333333333334,1.0,1.0,0.5,1.0,1.0,HistGB,fleet,40000,20000,9.36,B_fleet_size,CIDv2_RenaultClio,FS-B,0,4,CIDv2_OpelAstra|CTT_Forester|CTT_Silverado|CTT_Traverse
9085,864,0.09510181618051734,0.9768066593232327,0.8740174968489383,8224,0.0455447607482506,False,0.7245370370370371,0.9920760697305864,0.000608198515995621,0.9999325275421144,48.07390842794879,0.0,0.9968051118210862,0.0,0.6666666666666666,0.0,0.3333333333333333,0.0,1.0,0.0,1.0,0.0,True,0.7245370370370371,0.9920760697305864,0.000608198515995621,0.9999325275421143,48.07390842794879,0.0,0.9968051118210862,0.0,0.6666666666666666,0.0,0.3333333333333333,0.0,1.0,0.0,1.0,0.0,True,0.7256944444444444,0.9736024844720497,0.0020678749543851112,0.9997802376747131,163.45128865502588,0.0,0.9968051118210862,0.0,1.0,0.0,0.3333333333333333,0.0,1.0,0.0,1.0,0.0,True,0.7256944444444444,0.9889589905362776,0.0008514779223938694,0.9998767375946045,67.3034717991283,0.0,0.9968051118210862,0.0,1.0,0.0,0.3333333333333333,0.0,1.0,0.0,1.0,0.0,True,0.7534722222222222,0.8443579766536965,0.014596764383894904,0.9560137987136841,1153.773802270771,1.0,1.0,0.7692307692307693,1.0,0.009433962264150943,0.8333333333333334,1.0,1.0,0.5,1.0,1.0,XGBoost,fleet,40000,20000,5.99,B_fleet_size,CIDv2_RenaultClio,FS-B,0,4,CIDv2_OpelAstra|CTT_Forester|CTT_Silverado|CTT_Traverse
9085,864,0.09510181618051734,0.982663948920335,0.8854464953584803,8224,0.0455447607482506,False,0.7233796296296297,1.0,0.0,437500.00000000006,0.0,0.0,0.9984025559105432,0.0,0.0,0.0,0.16666666666666666,0.0,1.0,0.0,0.0,0.0,True,0.7233796296296297,1.0,0.0,437500.0,0.0,0.0,0.9984025559105432,0.0,0.0,0.0,0.16666666666666666,0.0,1.0,0.0,0.0,0.0,True,0.7233796296296297,1.0,0.0,296875.0,0.0,0.0,0.9984025559105432,0.0,0.0,0.0,0.16666666666666666,0.0,1.0,0.0,0.0,0.0,True,0.7233796296296297,1.0,0.0,296875.0,0.0,0.0,0.9984025559105432,0.0,0.0,0.0,0.16666666666666666,0.0,1.0,0.0,0.0,0.0,True,0.7303240740740741,0.797724399494311,0.019462352511859873,46875.0,1538.3650696943612,0.0,1.0,0.15384615384615385,1.0,0.0,0.5,0.0,1.0,0.5,1.0,0.0,Rule:Combined,fleet,40000,20000,0.05,B_fleet_size,CIDv2_RenaultClio,FS-B,0,4,CIDv2_OpelAstra|CTT_Forester|CTT_Silverado|CTT_Traverse
9085,864,0.09510181618051734,0.9733217662985939,0.8549405189467033,8224,0.0455447607482506,False,0.0011574074074074073,1.0,0.0,0.9999558409387281,0.0,0.0,0.0,0.0,0.3333333333333333,0.0,0.16666666666666666,0.0,0.0,0.0,1.0,0.0,True,0.0011574074074074073,1.0,0.0,0.999955840938728,0.0,0.0,0.0,0.0,0.3333333333333333,0.0,0.16666666666666666,0.0,0.0,0.0,1.0,0.0,True,0.003472222222222222,0.16666666666666666,0.001824595547986863,0.9999031264641784,144.22172528384638,0.0,0.0,0.0,1.0,0.0,0.16666666666666666,0.0,0.0,0.0,1.0,0.0,True,0.003472222222222222,0.16666666666666666,0.001824595547986863,0.9999031264641784,144.22172528384638,0.0,0.0,0.0,1.0,0.0,0.16666666666666666,0.0,0.0,0.0,1.0,0.0,True,0.7523148148148148,0.8155583437892095,0.017881036370271258,0.9927091998623354,1413.3729077816945,1.0,1.0,0.7692307692307693,1.0,0.0047169811320754715,0.8333333333333334,1.0,1.0,0.5,1.0,1.0,HistGB,fleet,40000,20000,10.48,B_fleet_size,CIDv2_RenaultClio,FS-B,1,4,CIDv2_OpelAstra|CTT_Forester|CTT_Silverado|CTT_Traverse
9085,864,0.09510181618051734,0.9753635957146785,0.8735652082622567,8224,0.0455447607482506,False,0.0011574074074074073,1.0,0.0,0.9999514818191529,0.0,0.0,0.0,0.0,0.3333333333333333,0.0,0.16666666666666666,0.0,0.0,0.0,1.0,0.0,True,0.0011574074074074073,1.0,0.0,0.9999514818191528,0.0,0.0,0.0,0.0,0.3333333333333333,0.0,0.16666666666666666,0.0,0.0,0.0,1.0,0.0,True,0.7256944444444444,0.9766355140186916,0.001824595547986863,0.9998669624328613,144.22172528384638,0.0,0.9968051118210862,0.0,1.0,0.0,0.3333333333333333,0.0,1.0,0.0,1.0,0.0,True,0.7256944444444444,0.9889589905362776,0.0008514779223938694,0.9998881816864014,67.3034717991283,0.0,0.9968051118210862,0.0,1.0,0.0,0.3333333333333333,0.0,1.0,0.0,1.0,0.0,True,0.7534722222222222,0.8240506329113924,0.016907918744678264,0.9810497164726257,1336.4546542969763,1.0,1.0,0.7692307692307693,1.0,0.009433962264150943,0.8333333333333334,1.0,1.0,0.5,1.0,1.0,XGBoost,fleet,40000,20000,4.66,B_fleet_size,CIDv2_RenaultClio,FS-B,1,4,CIDv2_OpelAstra|CTT_Forester|CTT_Silverado|CTT_Traverse
9085,864,0.09510181618051734,0.9826639489203349,0.8854464953584804,8224,0.0455447607482506,False,0.7233796296296297,1.0,0.0,437500.00000000006,0.0,0.0,0.9984025559105432,0.0,0.0,0.0,0.16666666666666666,0.0,1.0,0.0,0.0,0.0,True,0.7233796296296297,1.0,0.0,437500.0,0.0,0.0,0.9984025559105432,0.0,0.0,0.0,0.16666666666666666,0.0,1.0,0.0,0.0,0.0,True,0.7233796296296297,1.0,0.0,296875.0,0.0,0.0,0.9984025559105432,0.0,0.0,0.0,0.16666666666666666,0.0,1.0,0.0,0.0,0.0,True,0.7233796296296297,1.0,0.0,296875.0,0.0,0.0,0.9984025559105432,0.0,0.0,0.0,0.16666666666666666,0.0,1.0,0.0,0.0,0.0,True,0.7303240740740741,0.797724399494311,0.019462352511859873,46875.0,1538.3650696943612,0.0,1.0,0.15384615384615385,1.0,0.0,0.5,0.0,1.0,0.5,1.0,0.0,Rule:Combined,fleet,40000,20000,0.05,B_fleet_size,CIDv2_RenaultClio,FS-B,1,4,CIDv2_OpelAstra|CTT_Forester|CTT_Silverado|CTT_Traverse
9085,864,0.09510181618051734,0.972260516202859,0.8468942706445641,8224,0.0455447607482506,False,0.003472222222222222,0.23076923076923078,0.001216397031991242,0.9998137642387251,96.14781685589757,0.0,0.0,0.07692307692307693,0.6666666666666666,0.0,0.3333333333333333,0.0,0.0,0.5,1.0,0.0,True,0.003472222222222222,0.23076923076923078,0.001216397031991242,0.9998137642387251,96.14781685589757,0.0,0.0,0.07692307692307693,0.6666666666666666,0.0,0.3333333333333333,0.0,0.0,0.5,1.0,0.0,True,0.7314814814814815,0.9753086419753086,0.001946235251185987,0.9996309728898426,153.83650696943613,0.3,0.9936102236421726,0.38461538461538464,0.6666666666666666,0.0,0.6666666666666666,1.0,1.0,0.5,1.0,0.0,True,0.009259259259259259,0.42105263157894735,0.0013380367351903662,0.9996877135318287,105.76259854148734,0.3,0.0,0.23076923076923078,0.6666666666666666,0.0,0.5,1.0,0.0,0.5,1.0,0.0,True,0.7523148148148148,0.7995079950799509,0.019827271621457244,0.9919526819336526,1567.2094147511302,1.0,0.9984025559105432,0.7692307692307693,1.0,0.009433962264150943,0.8333333333333334,1.0,1.0,0.5,1.0,1.0,HistGB,fleet,40000,20000,14.72,B_fleet_size,CIDv2_RenaultClio,FS-B,0,4,CIDv2_OpelAstra|CTT_Impala|CTT_Traverse|ROAD_ORNL
9085,864,0.09510181618051734,0.9706578004838556,0.854828759804328,8224,0.0455447607482506,False,0.0011574074074074073,0.1,0.0010947573287921177,0.9998840093612672,86.53303517030781,0.0,0.0,0.0,0.3333333333333333,0.0,0.16666666666666666,0.0,0.0,0.0,1.0,0.0,True,0.0011574074074074073,0.1,0.0010947573287921177,0.9998840093612671,86.53303517030781,0.0,0.0,0.0,0.3333333333333333,0.0,0.16666666666666666,0.0,0.0,0.0,1.0,0.0,True,0.7268518518518519,0.9736434108527132,0.0020678749543851112,0.9995525479316711,163.45128865502588,0.0,0.9968051118210862,0.07692307692307693,1.0,0.0,0.5,0.0,1.0,0.5,1.0,0.0,True,0.7268518518518519,0.9736434108527132,0.0020678749543851112,0.9995525479316711,163.45128865502588,0.0,0.9968051118210862,0.07692307692307693,1.0,0.0,0.5,0.0,1.0,0.5,1.0,0.0,True,0.75,0.8,0.01970563191825812,0.9845139384269714,1557.5946330655406,1.0,0.9984025559105432,0.7692307692307693,1.0,0.0,0.6666666666666666,1.0,1.0,0.5,1.0,0.0,XGBoost,fleet,40000,20000,6.49,B_fleet_size,CIDv2_RenaultClio,FS-B,0,4,CIDv2_OpelAstra|CTT_Impala|CTT_Traverse|ROAD_ORNL
9085,864,0.09510181618051734,0.9999747287885136,0.999767668818602,8224,0.0455447607482506,False,0.9456018518518519,1.0,0.0,1784.7921869436527,0.0,1.0,1.0,1.0,0.0,0.7924528301886793,0.8333333333333334,1.0,1.0,1.0,0.0,1.0,True,0.9456018518518519,1.0,0.0,1784.7921869436525,0.0,1.0,1.0,1.0,0.0,0.7924528301886793,0.8333333333333334,1.0,1.0,1.0,0.0,1.0,True,0.9953703703703703,0.9942196531791907,0.000608198515995621,17.630402994008634,48.07390842794879,1.0,1.0,1.0,0.0,0.9952830188679245,0.8333333333333334,1.0,1.0,1.0,0.0,1.0,True,0.9953703703703703,0.9942196531791907,0.000608198515995621,17.630402994008634,48.07390842794879,1.0,1.0,1.0,0.0,0.9952830188679245,0.8333333333333334,1.0,1.0,1.0,0.0,1.0,True,1.0,0.8744939271255061,0.0150833231966914,6.0,1192.23292901313,1.0,1.0,1.0,1.0,1.0,1.0,1.0,1.0,1.0,1.0,1.0,Rule:Combined,fleet,40000,20000,0.06,B_fleet_size,CIDv2_RenaultClio,FS-B,0,4,CIDv2_OpelAstra|CTT_Impala|CTT_Traverse|ROAD_ORNL
9085,864,0.09510181618051734,0.9760509163524308,0.8781471979373432,8224,0.0455447607482506,False,0.7280092592592593,0.9889937106918238,0.0008514779223938694,0.9996329226028552,67.3034717991283,0.0,0.9968051118210862,0.23076923076923078,0.6666666666666666,0.0,0.5,0.0,1.0,0.5,1.0,0.0,True,0.7280092592592593,0.9889937106918238,0.0008514779223938694,0.9996329226028551,67.3034717991283,0.0,0.9968051118210862,0.23076923076923078,0.6666666666666666,0.0,0.5,0.0,1.0,0.5,1.0,0.0,True,0.7384259259259259,0.9755351681957186,0.001946235251185987,0.9993249781069488,153.83650696943613,0.6,0.9984025559105432,0.38461538461538464,0.6666666666666666,0.0,0.6666666666666666,1.0,1.0,0.5,1.0,0.0,True,0.7384259259259259,0.9755351681957186,0.001946235251185987,0.9993249781069488,153.83650696943613,0.6,0.9984025559105432,0.38461538461538464,0.6666666666666666,0.0,0.6666666666666666,1.0,1.0,0.5,1.0,0.0,True,0.7546296296296297,0.7599067599067599,0.025057778859019584,0.9792124885556824,1980.64502723149,1.0,1.0,0.7692307692307693,1.0,0.014150943396226415,0.8333333333333334,1.0,1.0,0.5,1.0,1.0,HistGB,fleet,40000,20000,14.14,B_fleet_size,CIDv2_RenaultClio,FS-B,1,4,CIDv2_OpelAstra|CTT_Impala|CTT_Traverse|ROAD_ORNL
9085,864,0.09510181618051734,0.9773993713029414,0.8803676964130837,8224,0.0455447607482506,False,0.7256944444444444,0.9968203497615262,0.0002432794063982484,0.9997153878211976,19.229563371179516,0.0,0.9968051118210862,0.07692307692307693,0.6666666666666666,0.0,0.5,0.0,1.0,0.5,1.0,0.0,True,0.7256944444444444,0.9968203497615262,0.0002432794063982484,0.9997153878211975,19.229563371179516,0.0,0.9968051118210862,0.07692307692307693,0.6666666666666666,0.0,0.5,0.0,1.0,0.5,1.0,0.0,True,0.7395833333333334,0.9681818181818181,0.0025544337671816082,0.9987707734107971,201.9104153973849,0.4,0.9984025559105432,0.5384615384615384,1.0,0.0,0.6666666666666666,1.0,1.0,0.5,1.0,0.0,True,0.7395833333333334,0.9681818181818181,0.0025544337671816082,0.9987707734107971,201.9104153973849,0.4,0.9984025559105432,0.5384615384615384,1.0,0.0,0.6666666666666666,1.0,1.0,0.5,1.0,0.0,True,0.7546296296296297,0.8029556650246306,0.019462352511859873,0.9732134938240051,1538.3650696943612,1.0,0.9984025559105432,0.7692307692307693,1.0,0.018867924528301886,0.8333333333333334,1.0,1.0,0.5,1.0,1.0,XGBoost,fleet,40000,20000,6.29,B_fleet_size,CIDv2_RenaultClio,FS-B,1,4,CIDv2_OpelAstra|CTT_Impala|CTT_Traverse|ROAD_ORNL
9085,864,0.09510181618051734,0.9999757142953682,0.999776073593466,8224,0.0455447607482506,False,0.9456018518518519,1.0,0.0,1758.2665156346438,0.0,1.0,1.0,1.0,0.0,0.7924528301886793,0.8333333333333334,1.0,1.0,1.0,0.0,1.0,True,0.9456018518518519,1.0,0.0,1758.2665156346436,0.0,1.0,1.0,1.0,0.0,0.7924528301886793,0.8333333333333334,1.0,1.0,1.0,0.0,1.0,True,0.9953703703703703,0.9942196531791907,0.000608198515995621,17.36019251343623,48.07390842794879,1.0,1.0,1.0,0.0,0.9952830188679245,0.8333333333333334,1.0,1.0,1.0,0.0,1.0,True,0.9953703703703703,0.9942196531791907,0.000608198515995621,17.36019251343623,48.07390842794879,1.0,1.0,1.0,0.0,0.9952830188679245,0.8333333333333334,1.0,1.0,1.0,0.0,1.0,True,1.0,0.8744939271255061,0.0150833231966914,5.921736141746558,1192.23292901313,1.0,1.0,1.0,1.0,1.0,1.0,1.0,1.0,1.0,1.0,1.0,Rule:Combined,fleet,40000,20000,0.05,B_fleet_size,CIDv2_RenaultClio,FS-B,1,4,CIDv2_OpelAstra|CTT_Impala|CTT_Traverse|ROAD_ORNL
9085,864,0.09510181618051734,0.8687800438803966,0.803430361498273,8224,0.0455447607482506,False,0.7337962962962963,1.0,0.0,0.9996710761410721,0.0,0.5,0.9968051118210862,0.15384615384615385,1.0,0.0,0.6666666666666666,1.0,1.0,0.5,1.0,0.0,True,0.7337962962962963,1.0,0.0,0.999671076141072,0.0,0.5,0.9968051118210862,0.15384615384615385,1.0,0.0,0.6666666666666666,1.0,1.0,0.5,1.0,0.0,True,0.7465277777777778,0.9832317073170732,0.0013380367351903662,0.9986120017558059,105.76259854148734,0.9,0.9968051118210862,0.6923076923076923,1.0,0.0,0.6666666666666666,1.0,1.0,0.5,1.0,0.0,True,0.7442129629629629,0.9861963190184049,0.0010947573287921177,0.9989873769719292,86.53303517030781,0.9,0.9968051118210862,0.5384615384615384,1.0,0.0,0.6666666666666666,1.0,1.0,0.5,1.0,0.0,True,0.7523148148148148,0.7719714964370546,0.023354823014231845,0.931119560262016,1846.0380836332333,1.0,1.0,0.7692307692307693,1.0,0.0047169811320754715,0.8333333333333334,1.0,1.0,0.5,1.0,1.0,HistGB,fleet,40000,20000,14.14,B_fleet_size,CIDv2_RenaultClio,FS-B,0,4,CIDv2_Prototype|CTT_Forester|CTT_Traverse|ROAD_ORNL
9085,864,0.09510181618051734,0.8587312528438912,0.7901795011248309,8224,0.0455447607482506,False,0.7245370370370371,0.990506329113924,0.0007298382191947452,0.9997764229774476,57.68869011353854,0.0,0.9968051118210862,0.0,0.6666666666666666,0.0,0.3333333333333333,0.0,1.0,0.0,1.0,0.0,True,0.7245370370370371,0.990506329113924,0.0007298382191947452,0.9997764229774476,57.68869011353854,0.0,0.9968051118210862,0.0,0.6666666666666666,0.0,0.3333333333333333,0.0,1.0,0.0,1.0,0.0,True,0.7418981481481481,0.9538690476190477,0.00377083079917285,0.9978556036949158,298.0582322532825,0.8,0.9968051118210862,0.46153846153846156,1.0,0.0,0.6666666666666666,1.0,1.0,0.5,1.0,0.0,True,0.7418981481481481,0.9624624624624625,0.0030409925799781048,0.9981608986854553,240.3695421397439,0.8,0.9968051118210862,0.46153846153846156,1.0,0.0,0.6666666666666666,1.0,1.0,0.5,1.0,0.0,True,0.7511574074074074,0.7781774580335732,0.022503345091837976,0.9676047563552856,1778.734611834105,1.0,0.9984025559105432,0.7692307692307693,1.0,0.0047169811320754715,0.8333333333333334,1.0,1.0,0.5,1.0,1.0,XGBoost,fleet,40000,20000,5.55,B_fleet_size,CIDv2_RenaultClio,FS-B,0,4,CIDv2_Prototype|CTT_Forester|CTT_Traverse|ROAD_ORNL
9085,864,0.09510181618051734,0.8801546936031032,0.7614970042863398,8224,0.0455447607482506,False,0.7303240740740741,1.0,0.0,31250.000000000004,0.0,0.0,1.0,0.15384615384615385,1.0,0.0,0.5,0.0,1.0,0.5,1.0,0.0,True,0.7303240740740741,1.0,0.0,31250.000000000004,0.0,0.0,1.0,0.15384615384615385,1.0,0.0,0.5,0.0,1.0,0.5,1.0,0.0,True,0.7303240740740741,1.0,0.0,31250.000000000004,0.0,0.0,1.0,0.15384615384615385,1.0,0.0,0.5,0.0,1.0,0.5,1.0,0.0,True,0.7303240740740741,1.0,0.0,31250.000000000004,0.0,0.0,1.0,0.15384615384615385,1.0,0.0,0.5,0.0,1.0,0.5,1.0,0.0,True,0.7337962962962963,0.8720770288858322,0.01131249239751855,31250.0,894.1746967598474,0.0,1.0,0.23076923076923078,1.0,0.009433962264150943,0.6666666666666666,0.0,1.0,0.5,1.0,1.0,Rule:Combined,fleet,40000,20000,0.05,B_fleet_size,CIDv2_RenaultClio,FS-B,0,4,CIDv2_Prototype|CTT_Forester|CTT_Traverse|ROAD_ORNL
9085,864,0.09510181618051734,0.8450591754630192,0.7966010206647681,8224,0.0455447607482506,False,0.7256944444444444,1.0,0.0,0.9997146887061107,0.0,0.0,0.9968051118210862,0.23076923076923078,0.0,0.0,0.3333333333333333,0.0,1.0,0.5,0.0,0.0,True,0.7256944444444444,1.0,0.0,0.9997146887061107,0.0,0.0,0.9968051118210862,0.23076923076923078,0.0,0.0,0.3333333333333333,0.0,1.0,0.5,0.0,0.0,True,0.7453703703703703,0.9742813918305597,0.0020678749543851112,0.9989464981451007,163.45128865502588,0.8,0.9984025559105432,0.6923076923076923,0.6666666666666666,0.0,0.6666666666666666,1.0,1.0,0.5,1.0,0.0,True,0.7430555555555556,0.9892141756548536,0.0008514779223938694,0.9992730392523768,67.3034717991283,0.7,0.9984025559105432,0.6153846153846154,0.6666666666666666,0.0,0.6666666666666666,1.0,1.0,0.5,1.0,0.0,True,0.7511574074074074,0.7982779827798278,0.019948911324656367,0.937054263924884,1576.82419643672,1.0,1.0,0.7692307692307693,1.0,0.0,0.6666666666666666,1.0,1.0,0.5,1.0,0.0,HistGB,fleet,40000,20000,14.51,B_fleet_size,CIDv2_RenaultClio,FS-B,1,4,CIDv2_Prototype|CTT_Forester|CTT_Traverse|ROAD_ORNL
9085,864,0.09510181618051734,0.8530847209269846,0.7932894567200354,8224,0.0455447607482506,False,0.7245370370370371,0.9968152866242038,0.0002432794063982484,0.9997710585594178,19.229563371179516,0.0,0.9968051118210862,0.07692307692307693,0.3333333333333333,0.0,0.5,0.0,1.0,0.5,1.0,0.0,True,0.7245370370370371,0.9968152866242038,0.0002432794063982484,0.9997710585594178,19.229563371179516,0.0,0.9968051118210862,0.07692307692307693,0.3333333333333333,0.0,0.5,0.0,1.0,0.5,1.0,0.0,True,0.7453703703703703,0.9456681350954479,0.004500669018367595,0.9950716495513916,355.7469223668211,0.9,0.9984025559105432,0.6153846153846154,0.6666666666666666,0.0,0.6666666666666666,1.0,1.0,0.5,1.0,0.0,True,0.7442129629629629,0.9540059347181009,0.00377083079917285,0.9956691265106201,298.0582322532825,0.9,0.9984025559105432,0.5384615384615384,0.6666666666666666,0.0,0.6666666666666666,1.0,1.0,0.5,1.0,0.0,True,0.7523148148148148,0.7840772014475271,0.02177350687264323,0.9578245282173157,1721.0459217205664,1.0,1.0,0.7692307692307693,1.0,0.0047169811320754715,0.8333333333333334,1.0,1.0,0.5,1.0,1.0,XGBoost,fleet,40000,20000,7.27,B_fleet_size,CIDv2_RenaultClio,FS-B,1,4,CIDv2_Prototype|CTT_Forester|CTT_Traverse|ROAD_ORNL
9085,864,0.09510181618051734,0.8801546936031032,0.7614970042863398,8224,0.0455447607482506,False,0.7303240740740741,1.0,0.0,31250.000000000004,0.0,0.0,1.0,0.15384615384615385,1.0,0.0,0.5,0.0,1.0,0.5,1.0,0.0,True,0.7303240740740741,1.0,0.0,31250.000000000004,0.0,0.0,1.0,0.15384615384615385,1.0,0.0,0.5,0.0,1.0,0.5,1.0,0.0,True,0.7303240740740741,1.0,0.0,31250.000000000004,0.0,0.0,1.0,0.15384615384615385,1.0,0.0,0.5,0.0,1.0,0.5,1.0,0.0,True,0.7303240740740741,1.0,0.0,31250.000000000004,0.0,0.0,1.0,0.15384615384615385,1.0,0.0,0.5,0.0,1.0,0.5,1.0,0.0,True,0.7337962962962963,0.8720770288858322,0.01131249239751855,31250.0,894.1746967598474,0.0,1.0,0.23076923076923078,1.0,0.009433962264150943,0.6666666666666666,0.0,1.0,0.5,1.0,1.0,Rule:Combined,fleet,40000,20000,0.06,B_fleet_size,CIDv2_RenaultClio,FS-B,1,4,CIDv2_Prototype|CTT_Forester|CTT_Traverse|ROAD_ORNL
9085,864,0.09510181618051734,0.8105243403298688,0.4874994808412335,8224,0.0455447607482506,False,0.003472222222222222,0.75,0.0001216397031991242,0.999899072061207,9.614781685589758,0.0,0.0,0.0,1.0,0.0,0.16666666666666666,0.0,0.0,0.0,1.0,0.0,True,0.003472222222222222,0.75,0.0001216397031991242,0.999899072061207,9.614781685589758,0.0,0.0,0.0,1.0,0.0,0.16666666666666666,0.0,0.0,0.0,1.0,0.0,True,0.009259259259259259,0.5,0.0009731176255929935,0.9995063211386706,76.91825348471806,0.1,0.001597444089456869,0.23076923076923078,1.0,0.0,0.6666666666666666,1.0,1.0,0.5,1.0,0.0,True,0.009259259259259259,0.5,0.0009731176255929935,0.9995204889347586,76.91825348471806,0.1,0.001597444089456869,0.23076923076923078,1.0,0.0,0.6666666666666666,1.0,1.0,0.5,1.0,0.0,True,0.028935185185185185,0.12690355329949238,0.02092202895024936,0.982519652954896,1653.742449921438,1.0,0.001597444089456869,0.7692307692307693,1.0,0.0047169811320754715,0.8333333333333334,1.0,1.0,0.5,1.0,1.0,HistGB,fleet,40000,20000,24.32,B_fleet_size,CIDv2_RenaultClio,FS-B,0,4,CTT_Forester|CTT_Impala|CTT_Traverse|ROAD_ORNL
9085,864,0.09510181618051734,0.8102253093928378,0.4571616529930459,8224,0.0455447607482506,False,0.0023148148148148147,0.4,0.0003649191095973726,0.9997835755348207,28.84434505676927,0.0,0.0,0.0,0.6666666666666666,0.0,0.16666666666666666,0.0,0.0,0.0,1.0,0.0,True,0.0023148148148148147,0.4,0.0003649191095973726,0.9997835755348207,28.84434505676927,0.0,0.0,0.0,0.6666666666666666,0.0,0.16666666666666666,0.0,0.0,0.0,1.0,0.0,True,0.004629629629629629,0.23529411764705882,0.0015813161415886145,0.9996167421340942,124.99216191266684,0.0,0.0,0.07692307692307693,1.0,0.0,0.3333333333333333,0.0,0.0,0.5,1.0,0.0,True,0.0023148148148148147,0.18181818181818182,0.0010947573287921177,0.9997093081474304,86.53303517030781,0.0,0.0,0.0,0.6666666666666666,0.0,0.16666666666666666,0.0,0.0,0.0,1.0,0.0,True,0.027777777777777776,0.10480349344978165,0.02493613915582046,0.9849739074707031,1971.0302455459002,0.9,0.001597444089456869,0.7692307692307693,1.0,0.0047169811320754715,0.8333333333333334,1.0,1.0,0.5,1.0,1.0,XGBoost,fleet,40000,20000,6.97,B_fleet_size,CIDv2_RenaultClio,FS-B,0,4,CTT_Forester|CTT_Impala|CTT_Traverse|ROAD_ORNL
9085,864,0.09510181618051734,0.9999762774421423,0.9997805367789345,8224,0.0455447607482506,False,0.9456018518518519,1.0,0.0,1734.5471921189906,0.0,1.0,1.0,1.0,0.0,0.7924528301886793,0.8333333333333334,1.0,1.0,1.0,0.0,1.0,True,0.9456018518518519,1.0,0.0,1734.5471921189903,0.0,1.0,1.0,1.0,0.0,0.7924528301886793,0.8333333333333334,1.0,1.0,1.0,0.0,1.0,True,0.9953703703703703,0.9942196531791907,0.000608198515995621,17.15382983314619,48.07390842794879,1.0,1.0,1.0,0.0,0.9952830188679245,0.8333333333333334,1.0,1.0,1.0,0.0,1.0,True,0.9953703703703703,0.9942196531791907,0.000608198515995621,17.15382983314619,48.07390842794879,1.0,1.0,1.0,0.0,0.9952830188679245,0.8333333333333334,1.0,1.0,1.0,0.0,1.0,True,1.0,0.8744939271255061,0.0150833231966914,5.869863588965656,1192.23292901313,1.0,1.0,1.0,1.0,1.0,1.0,1.0,1.0,1.0,1.0,1.0,Rule:Combined,fleet,40000,20000,0.05,B_fleet_size,CIDv2_RenaultClio,FS-B,0,4,CTT_Forester|CTT_Impala|CTT_Traverse|ROAD_ORNL
9085,864,0.09510181618051734,0.8061872654493686,0.5716574666290545,8224,0.0455447607482506,False,0.003472222222222222,0.21428571428571427,0.0013380367351903662,0.9996122551878383,105.76259854148734,0.0,0.0,0.0,1.0,0.0,0.16666666666666666,0.0,0.0,0.0,1.0,0.0,True,0.003472222222222222,0.21428571428571427,0.0013380367351903662,0.9996122551878381,105.76259854148734,0.0,0.0,0.0,1.0,0.0,0.16666666666666666,0.0,0.0,0.0,1.0,0.0,True,0.016203703703703703,0.4666666666666667,0.001946235251185987,0.9991518650707214,153.83650696943613,0.3,0.0,0.6153846153846154,1.0,0.0,0.5,1.0,0.0,0.5,1.0,0.0,True,0.016203703703703703,0.4666666666666667,0.001946235251185987,0.9991518650707214,153.83650696943613,0.3,0.0,0.6153846153846154,1.0,0.0,0.5,1.0,0.0,0.5,1.0,0.0,True,0.027777777777777776,0.13333333333333333,0.018975793699063374,0.9808412344817278,1499.9059429520023,1.0,0.001597444089456869,0.7692307692307693,1.0,0.0,0.6666666666666666,1.0,1.0,0.5,1.0,0.0,HistGB,fleet,40000,20000,19.44,B_fleet_size,CIDv2_RenaultClio,FS-B,1,4,CTT_Forester|CTT_Impala|CTT_Traverse|ROAD_ORNL
9085,864,0.09510181618051734,0.8249831337541167,0.5092900298050219,8224,0.0455447607482506,False,0.0023148148148148147,0.15384615384615385,0.0013380367351903662,0.9997913241386415,105.76259854148734,0.0,0.0,0.0,0.6666666666666666,0.0,0.16666666666666666,0.0,0.0,0.0,1.0,0.0,True,0.0023148148148148147,0.15384615384615385,0.0013380367351903662,0.9997913241386414,105.76259854148734,0.0,0.0,0.0,0.6666666666666666,0.0,0.16666666666666666,0.0,0.0,0.0,1.0,0.0,True,0.004629629629629629,0.16666666666666666,0.002432794063982484,0.9994627833366394,192.29563371179515,0.0,0.0,0.07692307692307693,1.0,0.0,0.3333333333333333,0.0,0.0,0.5,1.0,0.0,True,0.004629629629629629,0.16666666666666666,0.002432794063982484,0.9995373487472534,192.29563371179515,0.0,0.0,0.07692307692307693,1.0,0.0,0.3333333333333333,0.0,0.0,0.5,1.0,0.0,True,0.02662037037037037,0.13142857142857142,0.018489234886266876,0.9925877451896667,1461.4468162096432,0.9,0.001597444089456869,0.7692307692307693,1.0,0.0,0.6666666666666666,1.0,1.0,0.5,1.0,0.0,XGBoost,fleet,40000,20000,9.5,B_fleet_size,CIDv2_RenaultClio,FS-B,1,4,CTT_Forester|CTT_Impala|CTT_Traverse|ROAD_ORNL
9085,864,0.09510181618051734,0.9999747287885136,0.999767668818602,8224,0.0455447607482506,False,0.9456018518518519,1.0,0.0,1783.2205862622404,0.0,1.0,1.0,1.0,0.0,0.7924528301886793,0.8333333333333334,1.0,1.0,1.0,0.0,1.0,True,0.9456018518518519,1.0,0.0,1783.2205862622402,0.0,1.0,1.0,1.0,0.0,0.7924528301886793,0.8333333333333334,1.0,1.0,1.0,0.0,1.0,True,0.9953703703703703,0.9942196531791907,0.000608198515995621,17.641040110288483,48.07390842794879,1.0,1.0,1.0,0.0,0.9952830188679245,0.8333333333333334,1.0,1.0,1.0,0.0,1.0,True,0.9953703703703703,0.9942196531791907,0.000608198515995621,17.641040110288483,48.07390842794879,1.0,1.0,1.0,0.0,0.9952830188679245,0.8333333333333334,1.0,1.0,1.0,0.0,1.0,True,1.0,0.8744939271255061,0.0150833231966914,6.0,1192.23292901313,1.0,1.0,1.0,1.0,1.0,1.0,1.0,1.0,1.0,1.0,1.0,Rule:Combined,fleet,40000,20000,0.05,B_fleet_size,CIDv2_RenaultClio,FS-B,1,4,CTT_Forester|CTT_Impala|CTT_Traverse|ROAD_ORNL
9085,864,0.09510181618051734,0.9854026020759843,0.8725886084805322,8224,0.0455447607482506,False,0.0,0.0,0.0,0.9997917781367344,0.0,0.0,0.0,0.0,0.0,0.0,0.0,0.0,0.0,0.0,0.0,0.0,True,0.0,0.0,0.0,0.9997917781367343,0.0,0.0,0.0,0.0,0.0,0.0,0.0,0.0,0.0,0.0,0.0,0.0,True,0.003472222222222222,0.15,0.0020678749543851112,0.9997328582873717,163.45128865502588,0.0,0.0,0.0,1.0,0.0,0.16666666666666666,0.0,0.0,0.0,1.0,0.0,True,0.003472222222222222,0.15789473684210525,0.001946235251185987,0.9997420975241718,153.83650696943613,0.0,0.0,0.0,1.0,0.0,0.16666666666666666,0.0,0.0,0.0,1.0,0.0,True,0.7557870370370371,0.8350383631713555,0.01569152171268702,0.8948014815577326,1240.3068374410786,1.0,1.0,0.7692307692307693,1.0,0.018867924528301886,0.8333333333333334,1.0,1.0,0.5,1.0,1.0,HistGB,fleet,40000,20000,14.41,B_fleet_size,CIDv2_RenaultClio,FS-B,0,5,CIDv2_OpelAstra|CIDv2_Prototype|CTT_Forester|CTT_Impala|CTT_Traverse
9085,864,0.09510181618051734,0.9821461354615777,0.8873096986600876,8224,0.0455447607482506,False,0.0011574074074074073,1.0,0.0,0.9999744892120362,0.0,0.0,0.0,0.0,0.3333333333333333,0.0,0.16666666666666666,0.0,0.0,0.0,1.0,0.0,True,0.0011574074074074073,1.0,0.0,0.9999744892120361,0.0,0.0,0.0,0.0,0.3333333333333333,0.0,0.16666666666666666,0.0,0.0,0.0,1.0,0.0,True,0.7245370370370371,0.9858267716535433,0.0010947573287921177,0.999904990196228,86.53303517030781,0.0,0.9968051118210862,0.0,0.6666666666666666,0.0,0.3333333333333333,0.0,1.0,0.0,1.0,0.0,True,0.7245370370370371,0.9873817034700315,0.0009731176255929935,0.9999125003814697,76.91825348471806,0.0,0.9968051118210862,0.0,0.6666666666666666,0.0,0.3333333333333333,0.0,1.0,0.0,1.0,0.0,True,0.7534722222222222,0.857707509881423,0.013137087945505412,0.9787958264350891,1038.3964220436937,1.0,1.0,0.7692307692307693,1.0,0.009433962264150943,0.8333333333333334,1.0,1.0,0.5,1.0,1.0,XGBoost,fleet,40000,20000,4.94,B_fleet_size,CIDv2_RenaultClio,FS-B,0,5,CIDv2_OpelAstra|CIDv2_Prototype|CTT_Forester|CTT_Impala|CTT_Traverse
9085,864,0.09510181618051734,0.982663948920335,0.8854464953584803,8224,0.0455447607482506,False,0.7233796296296297,1.0,0.0,437500.00000000006,0.0,0.0,0.9984025559105432,0.0,0.0,0.0,0.16666666666666666,0.0,1.0,0.0,0.0,0.0,True,0.7233796296296297,1.0,0.0,437500.0,0.0,0.0,0.9984025559105432,0.0,0.0,0.0,0.16666666666666666,0.0,1.0,0.0,0.0,0.0,True,0.7233796296296297,1.0,0.0,296875.0,0.0,0.0,0.9984025559105432,0.0,0.0,0.0,0.16666666666666666,0.0,1.0,0.0,0.0,0.0,True,0.7233796296296297,1.0,0.0,296875.0,0.0,0.0,0.9984025559105432,0.0,0.0,0.0,0.16666666666666666,0.0,1.0,0.0,0.0,0.0,True,0.7303240740740741,0.797724399494311,0.019462352511859873,46875.0,1538.3650696943612,0.0,1.0,0.15384615384615385,1.0,0.0,0.5,0.0,1.0,0.5,1.0,0.0,Rule:Combined,fleet,40000,20000,0.05,B_fleet_size,CIDv2_RenaultClio,FS-B,0,5,CIDv2_OpelAstra|CIDv2_Prototype|CTT_Forester|CTT_Impala|CTT_Traverse
9085,864,0.09510181618051734,0.9776575740988526,0.8446142104319256,8224,0.0455447607482506,False,0.0,0.0,0.0,0.9998848747133816,0.0,0.0,0.0,0.0,0.0,0.0,0.0,0.0,0.0,0.0,0.0,0.0,True,0.0,0.0,0.0,0.9998848747133816,0.0,0.0,0.0,0.0,0.0,0.0,0.0,0.0,0.0,0.0,0.0,0.0,True,0.0023148148148148147,0.15384615384615385,0.0013380367351903662,0.9998642111885793,105.76259854148734,0.0,0.0,0.0,0.6666666666666666,0.0,0.16666666666666666,0.0,0.0,0.0,1.0,0.0,True,0.0023148148148148147,0.15384615384615385,0.0013380367351903662,0.9998642111885793,105.76259854148734,0.0,0.0,0.0,0.6666666666666666,0.0,0.16666666666666666,0.0,0.0,0.0,1.0,0.0,True,0.7534722222222222,0.8335467349551856,0.015813161415886144,0.8979869679301412,1249.9216191266685,1.0,1.0,0.7692307692307693,1.0,0.009433962264150943,0.8333333333333334,1.0,1.0,0.5,1.0,1.0,HistGB,fleet,40000,20000,10.09,B_fleet_size,CIDv2_RenaultClio,FS-B,1,5,CIDv2_OpelAstra|CIDv2_Prototype|CTT_Forester|CTT_Impala|CTT_Traverse
9085,864,0.09510181618051734,0.9759654588294657,0.8751312451941001,8224,0.0455447607482506,False,0.7245370370370371,1.0,0.0,0.9998633861541749,0.0,0.0,0.9968051118210862,0.0,0.6666666666666666,0.0,0.3333333333333333,0.0,1.0,0.0,1.0,0.0,True,0.7245370370370371,1.0,0.0,0.9998633861541748,0.0,0.0,0.9968051118210862,0.0,0.6666666666666666,0.0,0.3333333333333333,0.0,1.0,0.0,1.0,0.0,True,0.7268518518518519,0.988976377952756,0.0008514779223938694,0.9996908903121948,67.3034717991283,0.0,0.9984025559105432,0.0,1.0,0.0,0.3333333333333333,0.0,1.0,0.0,1.0,0.0,True,0.7245370370370371,1.0,0.0,0.9998176693916321,0.0,0.0,0.9968051118210862,0.0,0.6666666666666666,0.0,0.3333333333333333,0.0,1.0,0.0,1.0,0.0,True,0.7534722222222222,0.84765625,0.01423184527429753,0.8565830588340759,1124.9294572140016,1.0,1.0,0.7692307692307693,1.0,0.009433962264150943,0.8333333333333334,1.0,1.0,0.5,1.0,1.0,XGBoost,fleet,40000,20000,19.19,B_fleet_size,CIDv2_RenaultClio,FS-B,1,5,CIDv2_OpelAstra|CIDv2_Prototype|CTT_Forester|CTT_Impala|CTT_Traverse
9085,864,0.09510181618051734,0.982663948920335,0.8854464953584804,8224,0.0455447607482506,False,0.7233796296296297,1.0,0.0,437500.00000000006,0.0,0.0,0.9984025559105432,0.0,0.0,0.0,0.16666666666666666,0.0,1.0,0.0,0.0,0.0,True,0.7233796296296297,1.0,0.0,437500.0,0.0,0.0,0.9984025559105432,0.0,0.0,0.0,0.16666666666666666,0.0,1.0,0.0,0.0,0.0,True,0.7233796296296297,1.0,0.0,296875.0,0.0,0.0,0.9984025559105432,0.0,0.0,0.0,0.16666666666666666,0.0,1.0,0.0,0.0,0.0,True,0.7233796296296297,1.0,0.0,296875.0,0.0,0.0,0.9984025559105432,0.0,0.0,0.0,0.16666666666666666,0.0,1.0,0.0,0.0,0.0,True,0.7303240740740741,0.797724399494311,0.019462352511859873,46875.0,1538.3650696943612,0.0,1.0,0.15384615384615385,1.0,0.0,0.5,0.0,1.0,0.5,1.0,0.0,Rule:Combined,fleet,40000,20000,0.05,B_fleet_size,CIDv2_RenaultClio,FS-B,1,5,CIDv2_OpelAstra|CIDv2_Prototype|CTT_Forester|CTT_Impala|CTT_Traverse
9085,864,0.09510181618051734,0.9769795453828722,0.8774793104221783,8224,0.0455447607482506,False,0.7233796296296297,1.0,0.0,0.9998394564151937,0.0,0.0,0.9968051118210862,0.0,0.3333333333333333,0.0,0.3333333333333333,0.0,1.0,0.0,1.0,0.0,True,0.7233796296296297,1.0,0.0,0.9998394564151937,0.0,0.0,0.9968051118210862,0.0,0.3333333333333333,0.0,0.3333333333333333,0.0,1.0,0.0,1.0,0.0,True,0.7337962962962963,0.9921752738654147,0.000608198515995621,0.9994183427650165,48.07390842794879,0.5,0.9968051118210862,0.23076923076923078,0.6666666666666666,0.0,0.6666666666666666,1.0,1.0,0.5,1.0,0.0,True,0.7245370370370371,0.9968152866242038,0.0002432794063982484,0.9996606804510293,19.229563371179516,0.0,0.9968051118210862,0.0,0.6666666666666666,0.0,0.3333333333333333,0.0,1.0,0.0,1.0,0.0,True,0.7511574074074074,0.8052109181141439,0.019097433402262498,0.9334814859069674,1509.5207246375921,0.9,0.9984025559105432,0.7692307692307693,1.0,0.009433962264150943,0.8333333333333334,1.0,1.0,0.5,1.0,1.0,HistGB,fleet,40000,20000,13.83,B_fleet_size,CIDv2_RenaultClio,FS-B,0,5,CIDv2_OpelAstra|CIDv2_Prototype|CTT_Forester|CTT_Impala|ROAD_ORNL
9085,864,0.09510181618051734,0.9628979195105578,0.8552079529692921,8224,0.0455447607482506,False,0.7256944444444444,0.9968203497615262,0.0002432794063982484,0.9996127486228944,19.229563371179516,0.0,0.9968051118210862,0.0,1.0,0.0,0.3333333333333333,0.0,1.0,0.0,1.0,0.0,True,0.7256944444444444,0.9968203497615262,0.0002432794063982484,0.9996127486228943,19.229563371179516,0.0,0.9968051118210862,0.0,1.0,0.0,0.3333333333333333,0.0,1.0,0.0,1.0,0.0,True,0.7280092592592593,0.9889937106918238,0.0008514779223938694,0.9985660910606384,67.3034717991283,0.0,0.9968051118210862,0.15384615384615385,1.0,0.0,0.5,0.0,1.0,0.5,1.0,0.0,True,0.7280092592592593,0.9921135646687698,0.000608198515995621,0.9987906813621521,48.07390842794879,0.0,0.9968051118210862,0.15384615384615385,1.0,0.0,0.5,0.0,1.0,0.5,1.0,0.0,True,0.75,0.7980295566502463,0.019948911324656367,0.9299548268318176,1576.82419643672,1.0,0.9984025559105432,0.7692307692307693,1.0,0.0,0.6666666666666666,1.0,1.0,0.5,1.0,0.0,XGBoost,fleet,40000,20000,5.72,B_fleet_size,CIDv2_RenaultClio,FS-B,0,5,CIDv2_OpelAstra|CIDv2_Prototype|CTT_Forester|CTT_Impala|ROAD_ORNL
9085,864,0.09510181618051734,0.9999706459744017,0.9997329945346092,8224,0.0455447607482506,False,0.9456018518518519,1.0,0.0,2013.4942618111656,0.0,1.0,1.0,1.0,0.0,0.7924528301886793,0.8333333333333334,1.0,1.0,1.0,0.0,1.0,True,0.9456018518518519,1.0,0.0,2013.4942618111654,0.0,1.0,1.0,1.0,0.0,0.7924528301886793,0.8333333333333334,1.0,1.0,1.0,0.0,1.0,True,0.9953703703703703,0.9942196531791907,0.000608198515995621,19.903162363625018,48.07390842794879,1.0,1.0,1.0,0.0,0.9952830188679245,0.8333333333333334,1.0,1.0,1.0,0.0,1.0,True,0.9953703703703703,0.9942196531791907,0.000608198515995621,19.903162363625018,48.07390842794879,1.0,1.0,1.0,0.0,0.9952830188679245,0.8333333333333334,1.0,1.0,1.0,0.0,1.0,True,0.9988425925925926,0.8933747412008282,0.012528889429509792,6.1601641059609005,990.322513615745,1.0,1.0,1.0,0.6666666666666666,1.0,1.0,1.0,1.0,1.0,1.0,1.0,Rule:Combined,fleet,40000,20000,0.05,B_fleet_size,CIDv2_RenaultClio,FS-B,0,5,CIDv2_OpelAstra|CIDv2_Prototype|CTT_Forester|CTT_Impala|ROAD_ORNL
9085,864,0.09510181618051734,0.9854944653935045,0.90986518507866,8224,0.0455447607482506,False,0.7442129629629629,0.9968992248062015,0.0002432794063982484,0.999059948993374,19.229563371179516,0.9,0.9984025559105432,0.5384615384615384,0.6666666666666666,0.0,0.6666666666666666,1.0,1.0,0.5,1.0,0.0,True,0.7442129629629629,0.9968992248062015,0.0002432794063982484,0.9990599489933739,19.229563371179516,0.9,0.9984025559105432,0.5384615384615384,0.6666666666666666,0.0,0.6666666666666666,1.0,1.0,0.5,1.0,0.0,True,0.7476851851851852,0.99079754601227,0.0007298382191947452,0.9987365510198364,57.68869011353854,0.9,0.9984025559105432,0.6923076923076923,1.0,0.0,0.6666666666666666,1.0,1.0,0.5,1.0,0.0,True,0.7453703703703703,0.9922958397534669,0.000608198515995621,0.9988271675957883,48.07390842794879,0.9,0.9984025559105432,0.6153846153846154,0.6666666666666666,0.0,0.6666666666666666,1.0,1.0,0.5,1.0,0.0,True,0.7534722222222222,0.7939024390243903,0.02055710984065199,0.8892995834347366,1624.898104864669,1.0,0.9984025559105432,0.7692307692307693,1.0,0.014150943396226415,0.8333333333333334,1.0,1.0,0.5,1.0,1.0,HistGB,fleet,40000,20000,15.12,B_fleet_size,CIDv2_RenaultClio,FS-B,1,5,CIDv2_OpelAstra|CIDv2_Prototype|CTT_Forester|CTT_Impala|ROAD_ORNL
9085,864,0.09510181618051734,0.9729765573260889,0.8682769508165794,8224,0.0455447607482506,False,0.7245370370370371,0.9952305246422893,0.0003649191095973726,0.9995873570442201,28.84434505676927,0.0,0.9968051118210862,0.0,0.6666666666666666,0.0,0.3333333333333333,0.0,1.0,0.0,1.0,0.0,True,0.7245370370370371,0.9952305246422893,0.0003649191095973726,0.99958735704422,28.84434505676927,0.0,0.9968051118210862,0.0,0.6666666666666666,0.0,0.3333333333333333,0.0,1.0,0.0,1.0,0.0,True,0.7280092592592593,0.9843505477308294,0.001216397031991242,0.9992225170135498,96.14781685589757,0.0,0.9968051118210862,0.15384615384615385,1.0,0.0,0.5,0.0,1.0,0.5,1.0,0.0,True,0.7280092592592593,0.9874411302982732,0.0009731176255929935,0.9993621706962585,76.91825348471806,0.0,0.9968051118210862,0.15384615384615385,1.0,0.0,0.5,0.0,1.0,0.5,1.0,0.0,True,0.7511574074074074,0.7828709288299156,0.021895146575842354,0.9719284176826477,1730.660703406156,1.0,0.9984025559105432,0.7692307692307693,1.0,0.0047169811320754715,0.8333333333333334,1.0,1.0,0.5,1.0,1.0,XGBoost,fleet,40000,20000,7.79,B_fleet_size,CIDv2_RenaultClio,FS-B,1,5,CIDv2_OpelAstra|CIDv2_Prototype|CTT_Forester|CTT_Impala|ROAD_ORNL
9085,864,0.09510181618051734,0.9999710683344822,0.9997363344115852,8224,0.0455447607482506,False,0.9456018518518519,1.0,0.0,1999.4050235927746,0.0,1.0,1.0,1.0,0.0,0.7924528301886793,0.8333333333333334,1.0,1.0,1.0,0.0,1.0,True,0.9456018518518519,1.0,0.0,1999.4050235927743,0.0,1.0,1.0,1.0,0.0,0.7924528301886793,0.8333333333333334,1.0,1.0,1.0,0.0,1.0,True,0.9953703703703703,0.9942196531791907,0.000608198515995621,19.772229636337638,48.07390842794879,1.0,1.0,1.0,0.0,0.9952830188679245,0.8333333333333334,1.0,1.0,1.0,0.0,1.0,True,0.9953703703703703,0.9942196531791907,0.000608198515995621,19.772229636337638,48.07390842794879,1.0,1.0,1.0,0.0,0.9952830188679245,0.8333333333333334,1.0,1.0,1.0,0.0,1.0,True,0.9988425925925926,0.8933747412008282,0.012528889429509792,6.125453982174348,990.322513615745,1.0,1.0,1.0,0.6666666666666666,1.0,1.0,1.0,1.0,1.0,1.0,1.0,Rule:Combined,fleet,40000,20000,0.06,B_fleet_size,CIDv2_RenaultClio,FS-B,1,5,CIDv2_OpelAstra|CIDv2_Prototype|CTT_Forester|CTT_Impala|ROAD_ORNL
9085,864,0.09510181618051734,0.9825656798082598,0.8958992760058807,8224,0.0455447607482506,False,0.7453703703703703,0.9938271604938271,0.0004865588127964968,0.9988241035490013,38.45912674235903,0.9,0.9984025559105432,0.5384615384615384,1.0,0.0,0.6666666666666666,1.0,1.0,0.5,1.0,0.0,True,0.7453703703703703,0.9938271604938271,0.0004865588127964968,0.9988241035490013,38.45912674235903,0.9,0.9984025559105432,0.5384615384615384,1.0,0.0,0.6666666666666666,1.0,1.0,0.5,1.0,0.0,True,0.7465277777777778,0.9802431610942249,0.0015813161415886145,0.9975957300240493,124.99216191266684,0.9,0.9984025559105432,0.6153846153846154,1.0,0.0,0.6666666666666666,1.0,1.0,0.5,1.0,0.0,True,0.7465277777777778,0.9817351598173516,0.0014596764383894903,0.9978433994973217,115.37738022707708,0.9,0.9984025559105432,0.6153846153846154,1.0,0.0,0.6666666666666666,1.0,1.0,0.5,1.0,0.0,True,0.7627314814814815,0.812577065351418,0.018489234886266876,0.9183695317239897,1461.4468162096432,1.0,1.0,0.7692307692307693,1.0,0.04716981132075472,0.8333333333333334,1.0,1.0,0.5,1.0,1.0,HistGB,fleet,40000,20000,14.52,B_fleet_size,CIDv2_RenaultClio,FS-B,0,5,CIDv2_OpelAstra|CIDv2_Prototype|CTT_Silverado|CTT_Traverse|ROAD_ORNL
9085,864,0.09510181618051734,0.9702572623407985,0.8680105285204276,8224,0.0455447607482506,False,0.7326388888888888,0.985981308411215,0.0010947573287921177,0.9990001320838929,86.53303517030781,0.2,0.9968051118210862,0.38461538461538464,0.6666666666666666,0.0,0.6666666666666666,1.0,1.0,0.5,1.0,0.0,True,0.7326388888888888,0.985981308411215,0.0010947573287921177,0.9990001320838928,86.53303517030781,0.2,0.9968051118210862,0.38461538461538464,0.6666666666666666,0.0,0.6666666666666666,1.0,1.0,0.5,1.0,0.0,True,0.7418981481481481,0.9771341463414634,0.001824595547986863,0.997877836227417,144.22172528384638,0.8,0.9968051118210862,0.5384615384615384,0.6666666666666666,0.0,0.6666666666666666,1.0,1.0,0.5,1.0,0.0,True,0.7384259259259259,0.9785276073619632,0.0017029558447877388,0.9980159997940063,134.6069435982566,0.6,0.9968051118210862,0.46153846153846156,0.6666666666666666,0.0,0.6666666666666666,1.0,1.0,0.5,1.0,0.0,True,0.7546296296296297,0.7951219512195122,0.020435470137452866,0.95667964220047,1615.2833231790792,1.0,0.9984025559105432,0.7692307692307693,1.0,0.018867924528301886,0.8333333333333334,1.0,1.0,0.5,1.0,1.0,XGBoost,fleet,40000,20000,6.32,B_fleet_size,CIDv2_RenaultClio,FS-B,0,5,CIDv2_OpelAstra|CIDv2_Prototype|CTT_Silverado|CTT_Traverse|ROAD_ORNL
9085,864,0.09510181618051734,0.9999736024949655,0.9997581249137164,8224,0.0455447607482506,False,0.9456018518518519,1.0,0.0,1877.092247033956,0.0,1.0,1.0,1.0,0.0,0.7924528301886793,0.8333333333333334,1.0,1.0,1.0,0.0,1.0,True,0.9456018518518519,1.0,0.0,1877.0922470339558,0.0,1.0,1.0,1.0,0.0,0.7924528301886793,0.8333333333333334,1.0,1.0,1.0,0.0,1.0,True,0.9953703703703703,0.9942196531791907,0.000608198515995621,18.529367905811494,48.07390842794879,1.0,1.0,1.0,0.0,0.9952830188679245,0.8333333333333334,1.0,1.0,1.0,0.0,1.0,True,0.9953703703703703,0.9942196531791907,0.000608198515995621,18.529367905811494,48.07390842794879,1.0,1.0,1.0,0.0,0.9952830188679245,0.8333333333333334,1.0,1.0,1.0,0.0,1.0,True,0.9988425925925926,0.8980228928199792,0.011920690913514172,6.243124164135184,942.2486051877962,1.0,1.0,1.0,0.6666666666666666,1.0,1.0,1.0,1.0,1.0,1.0,1.0,Rule:Combined,fleet,40000,20000,0.04,B_fleet_size,CIDv2_RenaultClio,FS-B,0,5,CIDv2_OpelAstra|CIDv2_Prototype|CTT_Silverado|CTT_Traverse|ROAD_ORNL
9085,864,0.09510181618051734,0.9759502538665658,0.878679764402688,8224,0.0455447607482506,False,0.7280092592592593,0.9968304278922345,0.0002432794063982484,0.9995751062320168,19.229563371179516,0.2,0.9968051118210862,0.07692307692307693,0.6666666666666666,0.0,0.6666666666666666,1.0,1.0,0.5,1.0,0.0,True,0.7280092592592593,0.9968304278922345,0.0002432794063982484,0.9995751062320168,19.229563371179516,0.2,0.9968051118210862,0.07692307692307693,0.6666666666666666,0.0,0.6666666666666666,1.0,1.0,0.5,1.0,0.0,True,0.7465277777777778,0.9787556904400607,0.0017029558447877388,0.9980675734277548,134.6069435982566,0.9,0.9984025559105432,0.6153846153846154,1.0,0.0,0.6666666666666666,1.0,1.0,0.5,1.0,0.0,True,0.7465277777777778,0.9832317073170732,0.0013380367351903662,0.9985841653533325,105.76259854148734,0.9,0.9984025559105432,0.6153846153846154,1.0,0.0,0.6666666666666666,1.0,1.0,0.5,1.0,0.0,True,0.7534722222222222,0.7587412587412588,0.025179418562218708,0.8941107031465055,1990.2598089170797,1.0,1.0,0.7692307692307693,1.0,0.009433962264150943,0.8333333333333334,1.0,1.0,0.5,1.0,1.0,HistGB,fleet,40000,20000,12.87,B_fleet_size,CIDv2_RenaultClio,FS-B,1,5,CIDv2_OpelAstra|CIDv2_Prototype|CTT_Silverado|CTT_Traverse|ROAD_ORNL
9085,864,0.09510181618051734,0.9728737830398213,0.8735713427272946,8224,0.0455447607482506,False,0.7280092592592593,0.9921135646687698,0.000608198515995621,0.9994076490402223,48.07390842794879,0.1,0.9968051118210862,0.15384615384615385,0.6666666666666666,0.0,0.6666666666666666,1.0,1.0,0.5,1.0,0.0,True,0.7280092592592593,0.9921135646687698,0.000608198515995621,0.9994076490402222,48.07390842794879,0.1,0.9968051118210862,0.15384615384615385,0.6666666666666666,0.0,0.6666666666666666,1.0,1.0,0.5,1.0,0.0,True,0.7465277777777778,0.9598214285714286,0.003284271986376353,0.9977608919143677,259.59910551092344,0.9,0.9984025559105432,0.6153846153846154,1.0,0.0,0.6666666666666666,1.0,1.0,0.5,1.0,0.0,True,0.7442129629629629,0.972768532526475,0.0021895146575842354,0.9983859062194824,173.06607034061562,0.8,0.9984025559105432,0.5384615384615384,1.0,0.0,0.6666666666666666,1.0,1.0,0.5,1.0,0.0,True,0.7592592592592593,0.7645687645687645,0.024571220046223086,0.9542370438575745,1942.1859004891307,1.0,0.9984025559105432,0.7692307692307693,1.0,0.03773584905660377,0.8333333333333334,1.0,1.0,0.5,1.0,1.0,XGBoost,fleet,40000,20000,6.32,B_fleet_size,CIDv2_RenaultClio,FS-B,1,5,CIDv2_OpelAstra|CIDv2_Prototype|CTT_Silverado|CTT_Traverse|ROAD_ORNL
9085,864,0.09510181618051734,0.9999741656417395,0.9997627878090946,8224,0.0455447607482506,False,0.9456018518518519,1.0,0.0,1840.6084320531886,0.0,1.0,1.0,1.0,0.0,0.7924528301886793,0.8333333333333334,1.0,1.0,1.0,0.0,1.0,True,0.9456018518518519,1.0,0.0,1840.6084320531884,0.0,1.0,1.0,1.0,0.0,0.7924528301886793,0.8333333333333334,1.0,1.0,1.0,0.0,1.0,True,0.9953703703703703,0.9942196531791907,0.000608198515995621,18.169772006908516,48.07390842794879,1.0,1.0,1.0,0.0,0.9952830188679245,0.8333333333333334,1.0,1.0,1.0,0.0,1.0,True,0.9953703703703703,0.9942196531791907,0.000608198515995621,18.169772006908516,48.07390842794879,1.0,1.0,1.0,0.0,0.9952830188679245,0.8333333333333334,1.0,1.0,1.0,0.0,1.0,True,0.9988425925925926,0.8980228928199792,0.011920690913514172,6.1223316296057,942.2486051877962,1.0,1.0,1.0,0.6666666666666666,1.0,1.0,1.0,1.0,1.0,1.0,1.0,Rule:Combined,fleet,40000,20000,0.04,B_fleet_size,CIDv2_RenaultClio,FS-B,1,5,CIDv2_OpelAstra|CIDv2_Prototype|CTT_Silverado|CTT_Traverse|ROAD_ORNL
9085,864,0.09510181618051734,0.9760832972919399,0.867844286873533,8224,0.0455447607482506,False,0.003472222222222222,0.75,0.0001216397031991242,0.9997911156571762,9.614781685589758,0.1,0.0,0.0,0.6666666666666666,0.0,0.3333333333333333,1.0,0.0,0.0,1.0,0.0,True,0.003472222222222222,0.75,0.0001216397031991242,0.999791115657176,9.614781685589758,0.1,0.0,0.0,0.6666666666666666,0.0,0.3333333333333333,1.0,0.0,0.0,1.0,0.0,True,0.7361111111111112,0.9891135303265941,0.0008514779223938694,0.9996261606862059,67.3034717991283,0.6,0.9968051118210862,0.23076923076923078,1.0,0.0,0.6666666666666666,1.0,1.0,0.5,1.0,0.0,True,0.7326388888888888,0.9890625,0.0008514779223938694,0.9997012148939042,67.3034717991283,0.4,0.9968051118210862,0.15384615384615385,1.0,0.0,0.6666666666666666,1.0,1.0,0.5,1.0,0.0,True,0.7523148148148148,0.7665094339622641,0.02408466123342659,0.9754722671029521,1903.7267737467719,1.0,1.0,0.7692307692307693,1.0,0.0047169811320754715,0.8333333333333334,1.0,1.0,0.5,1.0,1.0,HistGB,fleet,40000,20000,11.7,B_fleet_size,CIDv2_RenaultClio,FS-B,0,5,CIDv2_OpelAstra|CTT_Forester|CTT_Impala|CTT_Traverse|ROAD_ORNL
9085,864,0.09510181618051734,0.9717745205368364,0.8546155000883868,8224,0.0455447607482506,False,0.0011574074074074073,0.3333333333333333,0.0002432794063982484,0.999955177307129,19.229563371179516,0.0,0.0,0.0,0.3333333333333333,0.0,0.16666666666666666,0.0,0.0,0.0,1.0,0.0,True,0.0011574074074074073,0.3333333333333333,0.0002432794063982484,0.9999551773071289,19.229563371179516,0.0,0.0,0.0,0.3333333333333333,0.0,0.16666666666666666,0.0,0.0,0.0,1.0,0.0,True,0.7280092592592593,0.9736842105263158,0.0020678749543851112,0.9995718598365784,163.45128865502588,0.0,0.9984025559105432,0.07692307692307693,1.0,0.0,0.5,0.0,1.0,0.5,1.0,0.0,True,0.7280092592592593,0.9736842105263158,0.0020678749543851112,0.9995718598365784,163.45128865502588,0.0,0.9984025559105432,0.07692307692307693,1.0,0.0,0.5,0.0,1.0,0.5,1.0,0.0,True,0.75,0.7883211678832117,0.02116530835664761,0.9779344201087952,1672.972013292618,1.0,0.9984025559105432,0.7692307692307693,1.0,0.0,0.6666666666666666,1.0,1.0,0.5,1.0,0.0,XGBoost,fleet,40000,20000,5.74,B_fleet_size,CIDv2_RenaultClio,FS-B,0,5,CIDv2_OpelAstra|CTT_Forester|CTT_Impala|CTT_Traverse|ROAD_ORNL
9085,864,0.09510181618051734,0.9830818742200417,0.88714373785511,8224,0.0455447607482506,False,0.7256944444444444,1.0,0.0,93750.00000000001,0.0,0.0,0.9984025559105432,0.0,0.6666666666666666,0.0,0.3333333333333333,0.0,1.0,0.0,1.0,0.0,True,0.7256944444444444,1.0,0.0,93750.00000000001,0.0,0.0,0.9984025559105432,0.0,0.6666666666666666,0.0,0.3333333333333333,0.0,1.0,0.0,1.0,0.0,True,0.7256944444444444,1.0,0.0,93750.00000000001,0.0,0.0,0.9984025559105432,0.0,0.6666666666666666,0.0,0.3333333333333333,0.0,1.0,0.0,1.0,0.0,True,0.7256944444444444,1.0,0.0,93750.00000000001,0.0,0.0,0.9984025559105432,0.0,0.6666666666666666,0.0,0.3333333333333333,0.0,1.0,0.0,1.0,0.0,True,0.7303240740740741,0.7987341772151899,0.019340712808660745,46875.0,1528.7502880087713,0.0,1.0,0.15384615384615385,1.0,0.0,0.5,0.0,1.0,0.5,1.0,0.0,Rule:Combined,fleet,40000,20000,0.05,B_fleet_size,CIDv2_RenaultClio,FS-B,0,5,CIDv2_OpelAstra|CTT_Forester|CTT_Impala|CTT_Traverse|ROAD_ORNL
9085,864,0.09510181618051734,0.9779031060923471,0.8802051190145511,8224,0.0455447607482506,False,0.005787037037037037,0.8333333333333334,0.0001216397031991242,0.9997680999815959,9.614781685589758,0.1,0.0,0.23076923076923078,0.3333333333333333,0.0,0.5,1.0,0.0,0.5,1.0,0.0,True,0.005787037037037037,0.8333333333333334,0.0001216397031991242,0.9997680999815958,9.614781685589758,0.1,0.0,0.23076923076923078,0.3333333333333333,0.0,0.5,1.0,0.0,0.5,1.0,0.0,True,0.7488425925925926,0.984779299847793,0.001216397031991242,0.9989117494350419,96.14781685589757,1.0,0.9984025559105432,0.7692307692307693,0.6666666666666666,0.0,0.6666666666666666,1.0,1.0,0.5,1.0,0.0,True,0.7407407407407407,0.9937888198757764,0.0004865588127964968,0.9994390091538983,38.45912674235903,0.8,0.9968051118210862,0.46153846153846156,0.6666666666666666,0.0,0.6666666666666666,1.0,1.0,0.5,1.0,0.0,True,0.7523148148148148,0.8430609597924773,0.014718404087094027,0.9707172773371738,1163.3885839563607,1.0,1.0,0.7692307692307693,1.0,0.0047169811320754715,0.8333333333333334,1.0,1.0,0.5,1.0,1.0,HistGB,fleet,40000,20000,12.42,B_fleet_size,CIDv2_RenaultClio,FS-B,1,5,CIDv2_OpelAstra|CTT_Forester|CTT_Impala|CTT_Traverse|ROAD_ORNL
9085,864,0.09510181618051734,0.9756450283150198,0.8750930252883861,8224,0.0455447607482506,False,0.0011574074074074073,1.0,0.0,0.999825417995453,0.0,0.0,0.0,0.0,0.3333333333333333,0.0,0.16666666666666666,0.0,0.0,0.0,1.0,0.0,True,0.0011574074074074073,1.0,0.0,0.9998254179954529,0.0,0.0,0.0,0.0,0.3333333333333333,0.0,0.16666666666666666,0.0,0.0,0.0,1.0,0.0,True,0.7291666666666666,0.9859154929577465,0.0010947573287921177,0.9993307590484619,86.53303517030781,0.0,0.9968051118210862,0.23076923076923078,1.0,0.0,0.5,0.0,1.0,0.5,1.0,0.0,True,0.7268518518518519,0.9936708860759493,0.0004865588127964968,0.9994818568229675,38.45912674235903,0.0,0.9968051118210862,0.15384615384615385,0.6666666666666666,0.0,0.5,0.0,1.0,0.5,1.0,0.0,True,0.7511574074074074,0.8092269326683291,0.018610874589466003,0.9532169103622437,1471.0615978952333,1.0,0.9984025559105432,0.7692307692307693,1.0,0.0047169811320754715,0.8333333333333334,1.0,1.0,0.5,1.0,1.0,XGBoost,fleet,40000,20000,8.01,B_fleet_size,CIDv2_RenaultClio,FS-B,1,5,CIDv2_OpelAstra|CTT_Forester|CTT_Impala|CTT_Traverse|ROAD_ORNL
9085,864,0.09510181618051734,0.9830818742200417,0.88714373785511,8224,0.0455447607482506,False,0.7256944444444444,1.0,0.0,93750.00000000001,0.0,0.0,0.9984025559105432,0.0,0.6666666666666666,0.0,0.3333333333333333,0.0,1.0,0.0,1.0,0.0,True,0.7256944444444444,1.0,0.0,93750.00000000001,0.0,0.0,0.9984025559105432,0.0,0.6666666666666666,0.0,0.3333333333333333,0.0,1.0,0.0,1.0,0.0,True,0.7256944444444444,1.0,0.0,93750.00000000001,0.0,0.0,0.9984025559105432,0.0,0.6666666666666666,0.0,0.3333333333333333,0.0,1.0,0.0,1.0,0.0,True,0.7256944444444444,1.0,0.0,93750.00000000001,0.0,0.0,0.9984025559105432,0.0,0.6666666666666666,0.0,0.3333333333333333,0.0,1.0,0.0,1.0,0.0,True,0.7303240740740741,0.7987341772151899,0.019340712808660745,46875.0,1528.7502880087713,0.0,1.0,0.15384615384615385,1.0,0.0,0.5,0.0,1.0,0.5,1.0,0.0,Rule:Combined,fleet,40000,20000,0.05,B_fleet_size,CIDv2_RenaultClio,FS-B,1,5,CIDv2_OpelAstra|CTT_Forester|CTT_Impala|CTT_Traverse|ROAD_ORNL
9085,864,0.09510181618051734,0.8881513777948975,0.7436680210943158,8224,0.0455447607482506,False,0.0,0.0,0.0003649191095973726,0.9997566368309095,28.84434505676927,0.0,0.0,0.0,0.0,0.0,0.0,0.0,0.0,0.0,0.0,0.0,True,0.0,0.0,0.0003649191095973726,0.9997566368309094,28.84434505676927,0.0,0.0,0.0,0.0,0.0,0.0,0.0,0.0,0.0,0.0,0.0,True,0.0,0.0,0.0009731176255929935,0.999736052723617,76.91825348471806,0.0,0.0,0.0,0.0,0.0,0.0,0.0,0.0,0.0,0.0,0.0,True,0.0,0.0,0.0003649191095973726,0.9997488560587164,28.84434505676927,0.0,0.0,0.0,0.0,0.0,0.0,0.0,0.0,0.0,0.0,0.0,True,0.7523148148148148,0.8678237650200267,0.012042330616713295,0.9625029895864019,951.8633868733859,1.0,1.0,0.7692307692307693,1.0,0.0047169811320754715,0.8333333333333334,1.0,1.0,0.5,1.0,1.0,HistGB,fleet,40000,20000,10.06,B_fleet_size,CIDv2_RenaultClio,FS-B,0,5,CIDv2_Prototype|CTT_Forester|CTT_Impala|CTT_Silverado|CTT_Traverse
9085,864,0.09510181618051734,0.8946048990390464,0.7880132371982108,8224,0.0455447607482506,False,0.0,0.0,0.0,0.9999848604202272,0.0,0.0,0.0,0.0,0.0,0.0,0.0,0.0,0.0,0.0,0.0,0.0,True,0.0,0.0,0.0,0.999984860420227,0.0,0.0,0.0,0.0,0.0,0.0,0.0,0.0,0.0,0.0,0.0,0.0,True,0.003472222222222222,0.375,0.000608198515995621,0.9999198913574219,48.07390842794879,0.0,0.0,0.0,1.0,0.0,0.16666666666666666,0.0,0.0,0.0,1.0,0.0,True,0.003472222222222222,0.6,0.0002432794063982484,0.9999446868896484,19.229563371179516,0.0,0.0,0.0,1.0,0.0,0.16666666666666666,0.0,0.0,0.0,1.0,0.0,True,0.7523148148148148,0.8655126498002663,0.012285610023111543,0.9751573801040649,971.0929502445654,1.0,1.0,0.7692307692307693,1.0,0.0047169811320754715,0.8333333333333334,1.0,1.0,0.5,1.0,1.0,XGBoost,fleet,40000,20000,4.75,B_fleet_size,CIDv2_RenaultClio,FS-B,0,5,CIDv2_Prototype|CTT_Forester|CTT_Impala|CTT_Silverado|CTT_Traverse
9085,864,0.09510181618051734,0.9826639489203349,0.8854464953584803,8224,0.0455447607482506,False,0.7233796296296297,1.0,0.0,437500.00000000006,0.0,0.0,0.9984025559105432,0.0,0.0,0.0,0.16666666666666666,0.0,1.0,0.0,0.0,0.0,True,0.7233796296296297,1.0,0.0,437500.0,0.0,0.0,0.9984025559105432,0.0,0.0,0.0,0.16666666666666666,0.0,1.0,0.0,0.0,0.0,True,0.7233796296296297,1.0,0.0,296875.0,0.0,0.0,0.9984025559105432,0.0,0.0,0.0,0.16666666666666666,0.0,1.0,0.0,0.0,0.0,True,0.7233796296296297,1.0,0.0,296875.0,0.0,0.0,0.9984025559105432,0.0,0.0,0.0,0.16666666666666666,0.0,1.0,0.0,0.0,0.0,True,0.7303240740740741,0.797724399494311,0.019462352511859873,46875.0,1538.3650696943612,0.0,1.0,0.15384615384615385,1.0,0.0,0.5,0.0,1.0,0.5,1.0,0.0,Rule:Combined,fleet,40000,20000,0.05,B_fleet_size,CIDv2_RenaultClio,FS-B,0,5,CIDv2_Prototype|CTT_Forester|CTT_Impala|CTT_Silverado|CTT_Traverse
9085,864,0.09510181618051734,0.9063412297773994,0.7692215644705365,8224,0.0455447607482506,False,0.003472222222222222,0.375,0.000608198515995621,0.9997693782223961,48.07390842794879,0.0,0.0,0.0,1.0,0.0,0.16666666666666666,0.0,0.0,0.0,1.0,0.0,True,0.003472222222222222,0.375,0.000608198515995621,0.9997693782223961,48.07390842794879,0.0,0.0,0.0,1.0,0.0,0.16666666666666666,0.0,0.0,0.0,1.0,0.0,True,0.003472222222222222,0.375,0.000608198515995621,0.9997414844921647,48.07390842794879,0.0,0.0,0.0,1.0,0.0,0.16666666666666666,0.0,0.0,0.0,1.0,0.0,True,0.003472222222222222,0.375,0.000608198515995621,0.9997502200708681,48.07390842794879,0.0,0.0,0.0,1.0,0.0,0.16666666666666666,0.0,0.0,0.0,1.0,0.0,True,0.7523148148148148,0.8485639686684073,0.014110205571098407,0.9782060198238985,1115.314675528412,1.0,1.0,0.7692307692307693,1.0,0.0047169811320754715,0.8333333333333334,1.0,1.0,0.5,1.0,1.0,HistGB,fleet,40000,20000,9.96,B_fleet_size,CIDv2_RenaultClio,FS-B,1,5,CIDv2_Prototype|CTT_Forester|CTT_Impala|CTT_Silverado|CTT_Traverse
9085,864,0.09510181618051734,0.9331861549239302,0.8207953212862371,8224,0.0455447607482506,False,0.0023148148148148147,0.4,0.0003649191095973726,0.9999432563781739,28.84434505676927,0.0,0.0,0.0,0.6666666666666666,0.0,0.16666666666666666,0.0,0.0,0.0,1.0,0.0,True,0.0023148148148148147,0.4,0.0003649191095973726,0.9999432563781739,28.84434505676927,0.0,0.0,0.0,0.6666666666666666,0.0,0.16666666666666666,0.0,0.0,0.0,1.0,0.0,True,0.7256944444444444,0.990521327014218,0.0007298382191947452,0.9997958540916443,57.68869011353854,0.0,0.9968051118210862,0.0,1.0,0.0,0.3333333333333333,0.0,1.0,0.0,1.0,0.0,True,0.0023148148148148147,0.3333333333333333,0.0004865588127964968,0.9999237060546875,38.45912674235903,0.0,0.0,0.0,0.6666666666666666,0.0,0.16666666666666666,0.0,0.0,0.0,1.0,0.0,True,0.7534722222222222,0.8520942408376964,0.013745286461501034,0.955466628074646,1086.4703304716427,1.0,1.0,0.7692307692307693,1.0,0.009433962264150943,0.8333333333333334,1.0,1.0,0.5,1.0,1.0,XGBoost,fleet,40000,20000,5.12,B_fleet_size,CIDv2_RenaultClio,FS-B,1,5,CIDv2_Prototype|CTT_Forester|CTT_Impala|CTT_Silverado|CTT_Traverse
9085,864,0.09510181618051734,0.9826639489203349,0.8854464953584803,8224,0.0455447607482506,False,0.7233796296296297,1.0,0.0,437500.00000000006,0.0,0.0,0.9984025559105432,0.0,0.0,0.0,0.16666666666666666,0.0,1.0,0.0,0.0,0.0,True,0.7233796296296297,1.0,0.0,437500.0,0.0,0.0,0.9984025559105432,0.0,0.0,0.0,0.16666666666666666,0.0,1.0,0.0,0.0,0.0,True,0.7233796296296297,1.0,0.0,296875.0,0.0,0.0,0.9984025559105432,0.0,0.0,0.0,0.16666666666666666,0.0,1.0,0.0,0.0,0.0,True,0.7233796296296297,1.0,0.0,296875.0,0.0,0.0,0.9984025559105432,0.0,0.0,0.0,0.16666666666666666,0.0,1.0,0.0,0.0,0.0,True,0.7303240740740741,0.797724399494311,0.019462352511859873,46875.0,1538.3650696943612,0.0,1.0,0.15384615384615385,1.0,0.0,0.5,0.0,1.0,0.5,1.0,0.0,Rule:Combined,fleet,40000,20000,0.05,B_fleet_size,CIDv2_RenaultClio,FS-B,1,5,CIDv2_Prototype|CTT_Forester|CTT_Impala|CTT_Silverado|CTT_Traverse
9085,864,0.09510181618051734,0.9816480321399127,0.8936501659240731,8224,0.0455447607482506,False,0.7233796296296297,0.9920634920634921,0.000608198515995621,0.9998479274835453,48.07390842794879,0.0,0.9968051118210862,0.0,0.3333333333333333,0.0,0.3333333333333333,0.0,1.0,0.0,1.0,0.0,True,0.7233796296296297,0.9920634920634921,0.000608198515995621,0.9998479274835452,48.07390842794879,0.0,0.9968051118210862,0.0,0.3333333333333333,0.0,0.3333333333333333,0.0,1.0,0.0,1.0,0.0,True,0.7418981481481481,0.9786259541984733,0.0017029558447877388,0.9996584866770779,134.6069435982566,0.9,0.9984025559105432,0.38461538461538464,0.6666666666666666,0.0,0.6666666666666666,1.0,1.0,0.5,1.0,0.0,True,0.7418981481481481,0.9786259541984733,0.0017029558447877388,0.9996584866770779,134.6069435982566,0.9,0.9984025559105432,0.38461538461538464,0.6666666666666666,0.0,0.6666666666666666,1.0,1.0,0.5,1.0,0.0,True,0.7534722222222222,0.8282442748091603,0.016421359931881766,0.9718046817900109,1297.9955275546174,1.0,1.0,0.7692307692307693,1.0,0.009433962264150943,0.8333333333333334,1.0,1.0,0.5,1.0,1.0,HistGB,fleet,40000,20000,10.49,B_fleet_size,CIDv2_RenaultClio,FS-B,0,6,CIDv2_OpelAstra|CIDv2_Prototype|CTT_Forester|CTT_Impala|CTT_Silverado|CTT_Traverse
9085,864,0.09510181618051734,0.9821157255357779,0.8930051947509777,8224,0.0455447607482506,False,0.7222222222222222,1.0,0.0,0.9999252557754518,0.0,0.0,0.9968051118210862,0.0,0.0,0.0,0.16666666666666666,0.0,1.0,0.0,0.0,0.0,True,0.7222222222222222,1.0,0.0,0.9999252557754518,0.0,0.0,0.9968051118210862,0.0,0.0,0.0,0.16666666666666666,0.0,1.0,0.0,0.0,0.0,True,0.7245370370370371,0.9858267716535433,0.0010947573287921177,0.999744713306427,86.53303517030781,0.0,0.9968051118210862,0.0,0.6666666666666666,0.0,0.3333333333333333,0.0,1.0,0.0,1.0,0.0,True,0.7245370370370371,0.9858267716535433,0.0010947573287921177,0.9997512698173523,86.53303517030781,0.0,0.9968051118210862,0.0,0.6666666666666666,0.0,0.3333333333333333,0.0,1.0,0.0,1.0,0.0,True,0.7534722222222222,0.8622516556291391,0.012650529132708916,0.9670604467391968,999.9372953013348,1.0,1.0,0.7692307692307693,1.0,0.009433962264150943,0.8333333333333334,1.0,1.0,0.5,1.0,1.0,XGBoost,fleet,40000,20000,5.67,B_fleet_size,CIDv2_RenaultClio,FS-B,0,6,CIDv2_OpelAstra|CIDv2_Prototype|CTT_Forester|CTT_Impala|CTT_Silverado|CTT_Traverse
9085,864,0.09510181618051734,0.982663948920335,0.8854464953584804,8224,0.0455447607482506,False,0.7233796296296297,1.0,0.0,437500.00000000006,0.0,0.0,0.9984025559105432,0.0,0.0,0.0,0.16666666666666666,0.0,1.0,0.0,0.0,0.0,True,0.7233796296296297,1.0,0.0,437500.0,0.0,0.0,0.9984025559105432,0.0,0.0,0.0,0.16666666666666666,0.0,1.0,0.0,0.0,0.0,True,0.7233796296296297,1.0,0.0,296875.0,0.0,0.0,0.9984025559105432,0.0,0.0,0.0,0.16666666666666666,0.0,1.0,0.0,0.0,0.0,True,0.7233796296296297,1.0,0.0,296875.0,0.0,0.0,0.9984025559105432,0.0,0.0,0.0,0.16666666666666666,0.0,1.0,0.0,0.0,0.0,True,0.7303240740740741,0.797724399494311,0.019462352511859873,46875.0,1538.3650696943612,0.0,1.0,0.15384615384615385,1.0,0.0,0.5,0.0,1.0,0.5,1.0,0.0,Rule:Combined,fleet,40000,20000,0.05,B_fleet_size,CIDv2_RenaultClio,FS-B,0,6,CIDv2_OpelAstra|CIDv2_Prototype|CTT_Forester|CTT_Impala|CTT_Silverado|CTT_Traverse
9085,864,0.09510181618051734,0.9801038836854126,0.8679677990331846,8224,0.0455447607482506,False,0.0023148148148148147,0.2222222222222222,0.0008514779223938694,0.9998554822071427,67.3034717991283,0.0,0.0,0.0,0.6666666666666666,0.0,0.16666666666666666,0.0,0.0,0.0,1.0,0.0,True,0.0023148148148148147,0.2,0.0009731176255929935,0.9998554822071426,76.91825348471806,0.0,0.0,0.0,0.6666666666666666,0.0,0.16666666666666666,0.0,0.0,0.0,1.0,0.0,True,0.003472222222222222,0.15,0.0020678749543851112,0.9998454251236326,163.45128865502588,0.0,0.0,0.0,1.0,0.0,0.16666666666666666,0.0,0.0,0.0,1.0,0.0,True,0.003472222222222222,0.15,0.0020678749543851112,0.9998454251236326,163.45128865502588,0.0,0.0,0.0,1.0,0.0,0.16666666666666666,0.0,0.0,0.0,1.0,0.0,True,0.7534722222222222,0.868,0.012042330616713295,0.9775650660882925,951.8633868733859,1.0,1.0,0.7692307692307693,1.0,0.009433962264150943,0.8333333333333334,1.0,1.0,0.5,1.0,1.0,HistGB,fleet,40000,20000,10.19,B_fleet_size,CIDv2_RenaultClio,FS-B,1,6,CIDv2_OpelAstra|CIDv2_Prototype|CTT_Forester|CTT_Impala|CTT_Silverado|CTT_Traverse
9085,864,0.09510181618051734,0.9812728356016884,0.8898689666312206,8224,0.0455447607482506,False,0.7256944444444444,0.9968203497615262,0.0002432794063982484,0.9998983144760133,19.229563371179516,0.0,0.9968051118210862,0.0,1.0,0.0,0.3333333333333333,0.0,1.0,0.0,1.0,0.0,True,0.7256944444444444,0.9968203497615262,0.0002432794063982484,0.9998983144760133,19.229563371179516,0.0,0.9968051118210862,0.0,1.0,0.0,0.3333333333333333,0.0,1.0,0.0,1.0,0.0,True,0.7256944444444444,0.9920886075949367,0.000608198515995621,0.999850869178772,48.07390842794879,0.0,0.9968051118210862,0.0,1.0,0.0,0.3333333333333333,0.0,1.0,0.0,1.0,0.0,True,0.7256944444444444,0.993660855784469,0.0004865588127964968,0.9998754262924194,38.45912674235903,0.0,0.9968051118210862,0.0,1.0,0.0,0.3333333333333333,0.0,1.0,0.0,1.0,0.0,True,0.7523148148148148,0.8736559139784946,0.011434132100717673,0.9758415222167969,903.7894784454371,1.0,1.0,0.7692307692307693,1.0,0.0047169811320754715,0.8333333333333334,1.0,1.0,0.5,1.0,1.0,XGBoost,fleet,40000,20000,5.44,B_fleet_size,CIDv2_RenaultClio,FS-B,1,6,CIDv2_OpelAstra|CIDv2_Prototype|CTT_Forester|CTT_Impala|CTT_Silverado|CTT_Traverse
9085,864,0.09510181618051734,0.9826639489203349,0.8854464953584803,8224,0.0455447607482506,False,0.7233796296296297,1.0,0.0,437500.00000000006,0.0,0.0,0.9984025559105432,0.0,0.0,0.0,0.16666666666666666,0.0,1.0,0.0,0.0,0.0,True,0.7233796296296297,1.0,0.0,437500.0,0.0,0.0,0.9984025559105432,0.0,0.0,0.0,0.16666666666666666,0.0,1.0,0.0,0.0,0.0,True,0.7233796296296297,1.0,0.0,296875.0,0.0,0.0,0.9984025559105432,0.0,0.0,0.0,0.16666666666666666,0.0,1.0,0.0,0.0,0.0,True,0.7233796296296297,1.0,0.0,296875.0,0.0,0.0,0.9984025559105432,0.0,0.0,0.0,0.16666666666666666,0.0,1.0,0.0,0.0,0.0,True,0.7303240740740741,0.797724399494311,0.019462352511859873,46875.0,1538.3650696943612,0.0,1.0,0.15384615384615385,1.0,0.0,0.5,0.0,1.0,0.5,1.0,0.0,Rule:Combined,fleet,40000,20000,0.05,B_fleet_size,CIDv2_RenaultClio,FS-B,1,6,CIDv2_OpelAstra|CIDv2_Prototype|CTT_Forester|CTT_Impala|CTT_Silverado|CTT_Traverse
9085,864,0.09510181618051734,0.9770345929800376,0.8783521955275178,8224,0.0455447607482506,False,0.7245370370370371,0.9873817034700315,0.0009731176255929935,0.999507592125106,76.91825348471806,0.2,0.9968051118210862,0.0,0.0,0.0,0.3333333333333333,1.0,1.0,0.0,0.0,0.0,True,0.7245370370370371,0.9873817034700315,0.0009731176255929935,0.999507592125106,76.91825348471806,0.2,0.9968051118210862,0.0,0.0,0.0,0.3333333333333333,1.0,1.0,0.0,0.0,0.0,True,0.7465277777777778,0.9772727272727273,0.001824595547986863,0.9989202356624912,144.22172528384638,0.8,1.0,0.6153846153846154,1.0,0.0,0.6666666666666666,1.0,1.0,0.5,1.0,0.0,True,0.7303240740740741,0.9874804381846636,0.0009731176255929935,0.999400409383464,76.91825348471806,0.3,0.9984025559105432,0.15384615384615385,0.3333333333333333,0.0,0.6666666666666666,1.0,1.0,0.5,1.0,0.0,True,0.7546296296296297,0.8232323232323232,0.017029558447877388,0.966924075717245,1346.0694359825661,1.0,1.0,0.7692307692307693,1.0,0.014150943396226415,0.8333333333333334,1.0,1.0,0.5,1.0,1.0,HistGB,fleet,40000,20000,15.39,B_fleet_size,CIDv2_RenaultClio,FS-B,0,6,CIDv2_OpelAstra|CIDv2_Prototype|CTT_Forester|CTT_Impala|CTT_Traverse|ROAD_ORNL
9085,864,0.09510181618051734,0.9630399732843171,0.8523618009143512,8224,0.0455447607482506,False,0.7222222222222222,0.9920508744038156,0.000608198515995621,0.9998016953468324,48.07390842794879,0.0,0.9968051118210862,0.0,0.0,0.0,0.16666666666666666,0.0,1.0,0.0,0.0,0.0,True,0.7222222222222222,0.9920508744038156,0.000608198515995621,0.9998016953468324,48.07390842794879,0.0,0.9968051118210862,0.0,0.0,0.0,0.16666666666666666,0.0,1.0,0.0,0.0,0.0,True,0.7256944444444444,0.9812206572769953,0.0014596764383894903,0.9995290040969849,115.37738022707708,0.0,0.9968051118210862,0.07692307692307693,0.6666666666666666,0.0,0.5,0.0,1.0,0.5,1.0,0.0,True,0.7222222222222222,0.9842271293375394,0.001216397031991242,0.9996711015701294,96.14781685589757,0.0,0.9968051118210862,0.0,0.0,0.0,0.16666666666666666,0.0,1.0,0.0,0.0,0.0,True,0.7534722222222222,0.8017241379310345,0.019583992215058996,0.9734265208244324,1547.9798513799508,1.0,1.0,0.7692307692307693,1.0,0.009433962264150943,0.8333333333333334,1.0,1.0,0.5,1.0,1.0,XGBoost,fleet,40000,20000,7.36,B_fleet_size,CIDv2_RenaultClio,FS-B,0,6,CIDv2_OpelAstra|CIDv2_Prototype|CTT_Forester|CTT_Impala|CTT_Traverse|ROAD_ORNL
9085,864,0.09510181618051734,0.9999744472151266,0.999765163494305,8224,0.0455447607482506,False,0.9456018518518519,1.0,0.0,1807.2805233837926,0.0,1.0,1.0,1.0,0.0,0.7924528301886793,0.8333333333333334,1.0,1.0,1.0,0.0,1.0,True,0.9456018518518519,1.0,0.0,1807.2805233837923,0.0,1.0,1.0,1.0,0.0,0.7924528301886793,0.8333333333333334,1.0,1.0,1.0,0.0,1.0,True,0.9953703703703703,0.9942196531791907,0.000608198515995621,17.87647102064094,48.07390842794879,1.0,1.0,1.0,0.0,0.9952830188679245,0.8333333333333334,1.0,1.0,1.0,0.0,1.0,True,0.9953703703703703,0.9942196531791907,0.000608198515995621,17.87647102064094,48.07390842794879,1.0,1.0,1.0,0.0,0.9952830188679245,0.8333333333333334,1.0,1.0,1.0,0.0,1.0,True,0.9988425925925926,0.8970893970893971,0.012042330616713295,6.047409239995444,951.8633868733859,1.0,1.0,1.0,0.6666666666666666,1.0,1.0,1.0,1.0,1.0,1.0,1.0,Rule:Combined,fleet,40000,20000,0.05,B_fleet_size,CIDv2_RenaultClio,FS-B,0,6,CIDv2_OpelAstra|CIDv2_Prototype|CTT_Forester|CTT_Impala|CTT_Traverse|ROAD_ORNL
9085,864,0.09510181618051734,0.9755233886118206,0.877204676225242,8224,0.0455447607482506,False,0.7442129629629629,0.9861963190184049,0.0010947573287921177,0.9992833809276559,86.53303517030781,0.6,1.0,0.6153846153846154,1.0,0.0,0.6666666666666666,1.0,1.0,0.5,1.0,0.0,True,0.7442129629629629,0.9861963190184049,0.0010947573287921177,0.9992833809276558,86.53303517030781,0.6,1.0,0.6153846153846154,1.0,0.0,0.6666666666666666,1.0,1.0,0.5,1.0,0.0,True,0.7465277777777778,0.9787556904400607,0.0017029558447877388,0.999117589137882,134.6069435982566,0.8,1.0,0.6153846153846154,1.0,0.0,0.6666666666666666,1.0,1.0,0.5,1.0,0.0,True,0.7465277777777778,0.9787556904400607,0.0017029558447877388,0.9991204706618513,134.6069435982566,0.8,1.0,0.6153846153846154,1.0,0.0,0.6666666666666666,1.0,1.0,0.5,1.0,0.0,True,0.7523148148148148,0.8322663252240717,0.015934801119085268,0.9778420997387639,1259.536400812258,1.0,1.0,0.7692307692307693,1.0,0.0047169811320754715,0.8333333333333334,1.0,1.0,0.5,1.0,1.0,HistGB,fleet,40000,20000,13.27,B_fleet_size,CIDv2_RenaultClio,FS-B,1,6,CIDv2_OpelAstra|CIDv2_Prototype|CTT_Forester|CTT_Impala|CTT_Traverse|ROAD_ORNL
9085,864,0.09510181618051734,0.9735501927088261,0.8721597055679964,8224,0.0455447607482506,False,0.7233796296296297,0.9968102073365231,0.0002432794063982484,0.9999024868011476,19.229563371179516,0.0,0.9968051118210862,0.0,0.3333333333333333,0.0,0.3333333333333333,0.0,1.0,0.0,1.0,0.0,True,0.7233796296296297,0.9968102073365231,0.0002432794063982484,0.9999024868011475,19.229563371179516,0.0,0.9968051118210862,0.0,0.3333333333333333,0.0,0.3333333333333333,0.0,1.0,0.0,1.0,0.0,True,0.7268518518518519,0.9858712715855573,0.0010947573287921177,0.9996784925460815,86.53303517030781,0.0,0.9968051118210862,0.07692307692307693,1.0,0.0,0.5,0.0,1.0,0.5,1.0,0.0,True,0.7256944444444444,0.9858490566037735,0.0010947573287921177,0.9997523427009583,86.53303517030781,0.0,0.9968051118210862,0.07692307692307693,0.6666666666666666,0.0,0.5,0.0,1.0,0.5,1.0,0.0,True,0.7523148148148148,0.8114856429463171,0.018367595183067752,0.9558671712875366,1451.8320345240534,1.0,1.0,0.7692307692307693,1.0,0.0047169811320754715,0.8333333333333334,1.0,1.0,0.5,1.0,1.0,XGBoost,fleet,40000,20000,9.71,B_fleet_size,CIDv2_RenaultClio,FS-B,1,6,CIDv2_OpelAstra|CIDv2_Prototype|CTT_Forester|CTT_Impala|CTT_Traverse|ROAD_ORNL
9085,864,0.09510181618051734,0.9999738840683524,0.9997607430702077,8224,0.0455447607482506,False,0.9456018518518519,1.0,0.0,1844.1837591443941,0.0,1.0,1.0,1.0,0.0,0.7924528301886793,0.8333333333333334,1.0,1.0,1.0,0.0,1.0,True,0.9456018518518519,1.0,0.0,1844.183759144394,0.0,1.0,1.0,1.0,0.0,0.7924528301886793,0.8333333333333334,1.0,1.0,1.0,0.0,1.0,True,0.9953703703703703,0.9942196531791907,0.000608198515995621,18.245540283416105,48.07390842794879,1.0,1.0,1.0,0.0,0.9952830188679245,0.8333333333333334,1.0,1.0,1.0,0.0,1.0,True,0.9953703703703703,0.9942196531791907,0.000608198515995621,18.245540283416105,48.07390842794879,1.0,1.0,1.0,0.0,0.9952830188679245,0.8333333333333334,1.0,1.0,1.0,0.0,1.0,True,0.9988425925925926,0.8970893970893971,0.012042330616713295,6.17496513968169,951.8633868733859,1.0,1.0,1.0,0.6666666666666666,1.0,1.0,1.0,1.0,1.0,1.0,1.0,Rule:Combined,fleet,40000,20000,0.06,B_fleet_size,CIDv2_RenaultClio,FS-B,1,6,CIDv2_OpelAstra|CIDv2_Prototype|CTT_Forester|CTT_Impala|CTT_Traverse|ROAD_ORNL
9085,864,0.09510181618051734,0.9765808374668306,0.8827962696472595,8224,0.0455447607482506,False,0.7268518518518519,1.0,0.0,0.9996824854619686,0.0,0.0,0.9968051118210862,0.07692307692307693,1.0,0.0,0.5,0.0,1.0,0.5,1.0,0.0,True,0.7268518518518519,1.0,0.0,0.9996824854619685,0.0,0.0,0.9968051118210862,0.07692307692307693,1.0,0.0,0.5,0.0,1.0,0.5,1.0,0.0,True,0.7418981481481481,0.987673343605547,0.0009731176255929935,0.999295168825488,76.91825348471806,0.7,0.9968051118210862,0.5384615384615384,1.0,0.0,0.6666666666666666,1.0,1.0,0.5,1.0,0.0,True,0.7372685185185185,0.9984326018808778,0.0001216397031991242,0.999539876807932,9.614781685589758,0.5,0.9968051118210862,0.38461538461538464,1.0,0.0,0.6666666666666666,1.0,1.0,0.5,1.0,0.0,True,0.7557870370370371,0.8041871921182266,0.019340712808660745,0.9198063335512013,1528.7502880087713,1.0,1.0,0.7692307692307693,1.0,0.018867924528301886,0.8333333333333334,1.0,1.0,0.5,1.0,1.0,HistGB,fleet,40000,20000,31.68,B_fleet_size,CIDv2_RenaultClio,FS-B,0,6,CIDv2_OpelAstra|CIDv2_Prototype|CTT_Forester|CTT_Silverado|CTT_Traverse|ROAD_ORNL
9085,864,0.09510181618051734,0.9597314859866557,0.8525228006096207,8224,0.0455447607482506,False,0.7233796296296297,0.9968102073365231,0.0002432794063982484,0.9998759031295777,19.229563371179516,0.0,0.9968051118210862,0.0,0.3333333333333333,0.0,0.3333333333333333,0.0,1.0,0.0,1.0,0.0,True,0.7233796296296297,0.9968102073365231,0.0002432794063982484,0.9998759031295776,19.229563371179516,0.0,0.9968051118210862,0.0,0.3333333333333333,0.0,0.3333333333333333,0.0,1.0,0.0,1.0,0.0,True,0.7326388888888888,0.9723502304147466,0.0021895146575842354,0.9990001320838928,173.06607034061562,0.1,0.9984025559105432,0.3076923076923077,1.0,0.0,0.6666666666666666,1.0,1.0,0.5,1.0,0.0,True,0.7326388888888888,0.9723502304147466,0.0021895146575842354,0.9990001320838928,173.06607034061562,0.1,0.9984025559105432,0.3076923076923077,1.0,0.0,0.6666666666666666,1.0,1.0,0.5,1.0,0.0,True,0.7523148148148148,0.7784431137724551,0.022503345091837976,0.9410343766212463,1778.734611834105,1.0,0.9984025559105432,0.7692307692307693,1.0,0.009433962264150943,0.8333333333333334,1.0,1.0,0.5,1.0,1.0,XGBoost,fleet,40000,20000,23.0,B_fleet_size,CIDv2_RenaultClio,FS-B,0,6,CIDv2_OpelAstra|CIDv2_Prototype|CTT_Forester|CTT_Silverado|CTT_Traverse|ROAD_ORNL
9085,864,0.09510181618051734,0.9999738840683525,0.9997607430702077,8224,0.0455447607482506,False,0.9456018518518519,1.0,0.0,1862.1200049272402,0.0,1.0,1.0,1.0,0.0,0.7924528301886793,0.8333333333333334,1.0,1.0,1.0,0.0,1.0,True,0.9456018518518519,1.0,0.0,1862.12000492724,0.0,1.0,1.0,1.0,0.0,0.7924528301886793,0.8333333333333334,1.0,1.0,1.0,0.0,1.0,True,0.9953703703703703,0.9942196531791907,0.000608198515995621,18.41447410036255,48.07390842794879,1.0,1.0,1.0,0.0,0.9952830188679245,0.8333333333333334,1.0,1.0,1.0,0.0,1.0,True,0.9953703703703703,0.9942196531791907,0.000608198515995621,18.41447410036255,48.07390842794879,1.0,1.0,1.0,0.0,0.9952830188679245,0.8333333333333334,1.0,1.0,1.0,0.0,1.0,True,0.9988425925925926,0.8970893970893971,0.012042330616713295,6.082407308721229,951.8633868733859,1.0,1.0,1.0,0.6666666666666666,1.0,1.0,1.0,1.0,1.0,1.0,1.0,Rule:Combined,fleet,40000,20000,0.05,B_fleet_size,CIDv2_RenaultClio,FS-B,0,6,CIDv2_OpelAstra|CIDv2_Prototype|CTT_Forester|CTT_Silverado|CTT_Traverse|ROAD_ORNL
9085,864,0.09510181618051734,0.9777250109250474,0.8825697303059769,8224,0.0455447607482506,False,0.7280092592592593,1.0,0.0,0.9997042592071129,0.0,0.1,0.9968051118210862,0.15384615384615385,0.6666666666666666,0.0,0.6666666666666666,1.0,1.0,0.5,1.0,0.0,True,0.7280092592592593,1.0,0.0,0.9997042592071129,0.0,0.1,0.9968051118210862,0.15384615384615385,0.6666666666666666,0.0,0.6666666666666666,1.0,1.0,0.5,1.0,0.0,True,0.7384259259259259,0.9891472868217054,0.0008514779223938694,0.9991577757832604,67.3034717991283,0.5,0.9968051118210862,0.46153846153846156,1.0,0.0,0.6666666666666666,1.0,1.0,0.5,1.0,0.0,True,0.7384259259259259,0.9891472868217054,0.0008514779223938694,0.9991577757832604,67.3034717991283,0.5,0.9968051118210862,0.46153846153846156,1.0,0.0,0.6666666666666666,1.0,1.0,0.5,1.0,0.0,True,0.7546296296296297,0.7743467933491687,0.023111543607833598,0.8815486798027387,1826.808520262054,1.0,1.0,0.7692307692307693,1.0,0.014150943396226415,0.8333333333333334,1.0,1.0,0.5,1.0,1.0,HistGB,fleet,40000,20000,17.35,B_fleet_size,CIDv2_RenaultClio,FS-B,1,6,CIDv2_OpelAstra|CIDv2_Prototype|CTT_Forester|CTT_Silverado|CTT_Traverse|ROAD_ORNL
9085,864,0.09510181618051734,0.9721825203746502,0.8687753660124137,8224,0.0455447607482506,False,0.7245370370370371,0.9968152866242038,0.0002432794063982484,0.999732792377472,19.229563371179516,0.0,0.9968051118210862,0.0,0.6666666666666666,0.0,0.3333333333333333,0.0,1.0,0.0,1.0,0.0,True,0.7245370370370371,0.9968152866242038,0.0002432794063982484,0.9997327923774719,19.229563371179516,0.0,0.9968051118210862,0.0,0.6666666666666666,0.0,0.3333333333333333,0.0,1.0,0.0,1.0,0.0,True,0.7291666666666666,0.9767441860465116,0.001824595547986863,0.9971190690994263,144.22172528384638,0.0,0.9968051118210862,0.23076923076923078,1.0,0.0,0.5,0.0,1.0,0.5,1.0,0.0,True,0.7291666666666666,0.9767441860465116,0.001824595547986863,0.9971190690994263,144.22172528384638,0.0,0.9968051118210862,0.23076923076923078,1.0,0.0,0.5,0.0,1.0,0.5,1.0,0.0,True,0.7546296296296297,0.8221941992433796,0.017151198151076512,0.8859574794769287,1355.6842176681557,1.0,1.0,0.7692307692307693,1.0,0.014150943396226415,0.8333333333333334,1.0,1.0,0.5,1.0,1.0,XGBoost,fleet,40000,20000,6.43,B_fleet_size,CIDv2_RenaultClio,FS-B,1,6,CIDv2_OpelAstra|CIDv2_Prototype|CTT_Forester|CTT_Silverado|CTT_Traverse|ROAD_ORNL
9085,864,0.09510181618051734,0.9999721946280303,0.9997460109394732,8224,0.0455447607482506,False,0.9456018518518519,1.0,0.0,1918.6313050393437,0.0,1.0,1.0,1.0,0.0,0.7924528301886793,0.8333333333333334,1.0,1.0,1.0,0.0,1.0,True,0.9456018518518519,1.0,0.0,1918.6313050393435,0.0,1.0,1.0,1.0,0.0,0.7924528301886793,0.8333333333333334,1.0,1.0,1.0,0.0,1.0,True,0.9953703703703703,0.9942196531791907,0.000608198515995621,18.976804973168342,48.07390842794879,1.0,1.0,1.0,0.0,0.9952830188679245,0.8333333333333334,1.0,1.0,1.0,0.0,1.0,True,0.9953703703703703,0.9942196531791907,0.000608198515995621,18.976804973168342,48.07390842794879,1.0,1.0,1.0,0.0,0.9952830188679245,0.8333333333333334,1.0,1.0,1.0,0.0,1.0,True,0.9988425925925926,0.894300518134715,0.012407249726310668,6.007805521149886,980.7077319301553,1.0,1.0,1.0,0.6666666666666666,1.0,1.0,1.0,1.0,1.0,1.0,1.0,Rule:Combined,fleet,40000,20000,0.05,B_fleet_size,CIDv2_RenaultClio,FS-B,1,6,CIDv2_OpelAstra|CIDv2_Prototype|CTT_Forester|CTT_Silverado|CTT_Traverse|ROAD_ORNL
9085,864,0.09510181618051734,0.9766106842458564,0.8840250590300451,8224,0.0455447607482506,False,0.7314814814814815,1.0,0.0,0.9995448833006683,0.0,0.5,0.9968051118210862,0.07692307692307693,0.6666666666666666,0.0,0.6666666666666666,1.0,1.0,0.5,1.0,0.0,True,0.7314814814814815,1.0,0.0,0.9995448833006683,0.0,0.5,0.9968051118210862,0.07692307692307693,0.6666666666666666,0.0,0.6666666666666666,1.0,1.0,0.5,1.0,0.0,True,0.75,0.9818181818181818,0.0014596764383894903,0.9980437463202195,115.37738022707708,1.0,0.9984025559105432,0.7692307692307693,1.0,0.0,0.6666666666666666,1.0,1.0,0.5,1.0,0.0,True,0.7488425925925926,0.9862804878048781,0.0010947573287921177,0.9983587647583195,86.53303517030781,1.0,0.9984025559105432,0.7692307692307693,0.6666666666666666,0.0,0.6666666666666666,1.0,1.0,0.5,1.0,0.0,True,0.7523148148148148,0.818639798488665,0.017516117260673883,0.9409684449352808,1384.528562724925,1.0,1.0,0.7692307692307693,1.0,0.0047169811320754715,0.8333333333333334,1.0,1.0,0.5,1.0,1.0,HistGB,fleet,40000,20000,15.96,B_fleet_size,CIDv2_RenaultClio,FS-B,0,6,CIDv2_OpelAstra|CIDv2_Prototype|CTT_Impala|CTT_Silverado|CTT_Traverse|ROAD_ORNL
9085,864,0.09510181618051734,0.9742309667653299,0.8802464903603557,8224,0.0455447607482506,False,0.7245370370370371,0.9968152866242038,0.0002432794063982484,0.9997225403785707,19.229563371179516,0.0,0.9968051118210862,0.07692307692307693,0.3333333333333333,0.0,0.5,0.0,1.0,0.5,1.0,0.0,True,0.7245370370370371,0.9968152866242038,0.0002432794063982484,0.9997225403785706,19.229563371179516,0.0,0.9968051118210862,0.07692307692307693,0.3333333333333333,0.0,0.5,0.0,1.0,0.5,1.0,0.0,True,0.7442129629629629,0.981679389312977,0.0014596764383894903,0.9984404444694519,115.37738022707708,0.8,0.9984025559105432,0.6153846153846154,0.6666666666666666,0.0,0.6666666666666666,1.0,1.0,0.5,1.0,0.0,True,0.7442129629629629,0.981679389312977,0.0014596764383894903,0.9984732270240784,115.37738022707708,0.8,0.9984025559105432,0.6153846153846154,0.6666666666666666,0.0,0.6666666666666666,1.0,1.0,0.5,1.0,0.0,True,0.7581018518518519,0.8126550868486352,0.018367595183067752,0.9647806882858276,1451.8320345240534,1.0,1.0,0.7692307692307693,1.0,0.02830188679245283,0.8333333333333334,1.0,1.0,0.5,1.0,1.0,XGBoost,fleet,40000,20000,6.57,B_fleet_size,CIDv2_RenaultClio,FS-B,0,6,CIDv2_OpelAstra|CIDv2_Prototype|CTT_Impala|CTT_Silverado|CTT_Traverse|ROAD_ORNL
9085,864,0.09510181618051734,0.9999762774421423,0.9997805367789346,8224,0.0455447607482506,False,0.9456018518518519,1.0,0.0,1738.2582597577298,0.0,1.0,1.0,1.0,0.0,0.7924528301886793,0.8333333333333334,1.0,1.0,1.0,0.0,1.0,True,0.9456018518518519,1.0,0.0,1738.2582597577295,0.0,1.0,1.0,1.0,0.0,0.7924528301886793,0.8333333333333334,1.0,1.0,1.0,0.0,1.0,True,0.9953703703703703,0.9942196531791907,0.000608198515995621,17.158136247575573,48.07390842794879,1.0,1.0,1.0,0.0,0.9952830188679245,0.8333333333333334,1.0,1.0,1.0,0.0,1.0,True,0.9953703703703703,0.9942196531791907,0.000608198515995621,17.158136247575573,48.07390842794879,1.0,1.0,1.0,0.0,0.9952830188679245,0.8333333333333334,1.0,1.0,1.0,0.0,1.0,True,1.0,0.8744939271255061,0.0150833231966914,5.849814864261849,1192.23292901313,1.0,1.0,1.0,1.0,1.0,1.0,1.0,1.0,1.0,1.0,1.0,Rule:Combined,fleet,40000,20000,0.05,B_fleet_size,CIDv2_RenaultClio,FS-B,0,6,CIDv2_OpelAstra|CIDv2_Prototype|CTT_Impala|CTT_Silverado|CTT_Traverse|ROAD_ORNL
9085,864,0.09510181618051734,0.9822027317123717,0.8948944147815345,8224,0.0455447607482506,False,0.7465277777777778,0.9969088098918083,0.0002432794063982484,0.9985696713680073,19.229563371179516,0.9,0.9984025559105432,0.6153846153846154,1.0,0.0,0.6666666666666666,1.0,1.0,0.5,1.0,0.0,True,0.7465277777777778,0.9969088098918083,0.0002432794063982484,0.9985696713680073,19.229563371179516,0.9,0.9984025559105432,0.6153846153846154,1.0,0.0,0.6666666666666666,1.0,1.0,0.5,1.0,0.0,True,0.7476851851851852,0.9953775038520801,0.0003649191095973726,0.9975821311398217,28.84434505676927,0.9,0.9984025559105432,0.6923076923076923,1.0,0.0,0.6666666666666666,1.0,1.0,0.5,1.0,0.0,True,0.7476851851851852,0.9969135802469136,0.0002432794063982484,0.9979644230361995,19.229563371179516,0.9,0.9984025559105432,0.6923076923076923,1.0,0.0,0.6666666666666666,1.0,1.0,0.5,1.0,0.0,True,0.7615740740740741,0.8194271481942715,0.017637756963873007,0.8996213688855296,1394.1433444105146,1.0,1.0,0.7692307692307693,1.0,0.04245283018867924,0.8333333333333334,1.0,1.0,0.5,1.0,1.0,HistGB,fleet,40000,20000,16.62,B_fleet_size,CIDv2_RenaultClio,FS-B,1,6,CIDv2_OpelAstra|CIDv2_Prototype|CTT_Impala|CTT_Silverado|CTT_Traverse|ROAD_ORNL
9085,864,0.09510181618051734,0.9762100053161056,0.8770870322176728,8224,0.0455447607482506,False,0.7245370370370371,0.9952305246422893,0.0003649191095973726,0.9992542862892152,28.84434505676927,0.0,0.9968051118210862,0.07692307692307693,0.3333333333333333,0.0,0.5,0.0,1.0,0.5,1.0,0.0,True,0.7245370370370371,0.9952305246422893,0.0003649191095973726,0.9992542862892151,28.84434505676927,0.0,0.9968051118210862,0.07692307692307693,0.3333333333333333,0.0,0.5,0.0,1.0,0.5,1.0,0.0,True,0.7303240740740741,0.9859375,0.0010947573287921177,0.9981180429458618,86.53303517030781,0.1,0.9968051118210862,0.23076923076923078,1.0,0.0,0.6666666666666666,1.0,1.0,0.5,1.0,0.0,True,0.7245370370370371,0.9936507936507937,0.0004865588127964968,0.9990273714065552,38.45912674235903,0.0,0.9968051118210862,0.07692307692307693,0.3333333333333333,0.0,0.5,0.0,1.0,0.5,1.0,0.0,True,0.7534722222222222,0.8178391959798995,0.017637756963873007,0.922999918460846,1394.1433444105146,1.0,1.0,0.7692307692307693,1.0,0.009433962264150943,0.8333333333333334,1.0,1.0,0.5,1.0,1.0,XGBoost,fleet,40000,20000,7.56,B_fleet_size,CIDv2_RenaultClio,FS-B,1,6,CIDv2_OpelAstra|CIDv2_Prototype|CTT_Impala|CTT_Silverado|CTT_Traverse|ROAD_ORNL
9085,864,0.09510181618051734,0.9999755735086747,0.9997750460364417,8224,0.0455447607482506,False,0.9456018518518519,1.0,0.0,1761.253585912725,0.0,1.0,1.0,1.0,0.0,0.7924528301886793,0.8333333333333334,1.0,1.0,1.0,0.0,1.0,True,0.9456018518518519,1.0,0.0,1761.2535859127247,0.0,1.0,1.0,1.0,0.0,0.7924528301886793,0.8333333333333334,1.0,1.0,1.0,0.0,1.0,True,0.9953703703703703,0.9942196531791907,0.000608198515995621,17.388326644038088,48.07390842794879,1.0,1.0,1.0,0.0,0.9952830188679245,0.8333333333333334,1.0,1.0,1.0,0.0,1.0,True,0.9953703703703703,0.9942196531791907,0.000608198515995621,17.388326644038088,48.07390842794879,1.0,1.0,1.0,0.0,0.9952830188679245,0.8333333333333334,1.0,1.0,1.0,0.0,1.0,True,1.0,0.8744939271255061,0.0150833231966914,5.930429055202103,1192.23292901313,1.0,1.0,1.0,1.0,1.0,1.0,1.0,1.0,1.0,1.0,1.0,Rule:Combined,fleet,40000,20000,0.05,B_fleet_size,CIDv2_RenaultClio,FS-B,1,6,CIDv2_OpelAstra|CIDv2_Prototype|CTT_Impala|CTT_Silverado|CTT_Traverse|ROAD_ORNL
9085,864,0.09510181618051734,0.8509827755927684,0.7971839369872904,8224,0.0455447607482506,False,0.7465277777777778,0.9953703703703703,0.0003649191095973726,0.9994688100169223,28.84434505676927,0.9,0.9984025559105432,0.6153846153846154,1.0,0.0,0.6666666666666666,1.0,1.0,0.5,1.0,0.0,True,0.7465277777777778,0.9953703703703703,0.0003649191095973726,0.9994688100169223,28.84434505676927,0.9,0.9984025559105432,0.6153846153846154,1.0,0.0,0.6666666666666666,1.0,1.0,0.5,1.0,0.0,True,0.7488425925925926,0.9862804878048781,0.0010947573287921177,0.998786475827261,86.53303517030781,0.9,0.9984025559105432,0.7692307692307693,1.0,0.0,0.6666666666666666,1.0,1.0,0.5,1.0,0.0,True,0.7488425925925926,0.9908116385911179,0.0007298382191947452,0.9992743931877806,57.68869011353854,0.9,0.9984025559105432,0.7692307692307693,1.0,0.0,0.6666666666666666,1.0,1.0,0.5,1.0,0.0,True,0.7523148148148148,0.8408796895213454,0.014961683493492276,0.9713915725169598,1182.6181473275403,1.0,1.0,0.7692307692307693,1.0,0.0047169811320754715,0.8333333333333334,1.0,1.0,0.5,1.0,1.0,HistGB,fleet,40000,20000,15.84,B_fleet_size,CIDv2_RenaultClio,FS-B,0,6,CIDv2_Prototype|CTT_Forester|CTT_Impala|CTT_Silverado|CTT_Traverse|ROAD_ORNL
9085,864,0.09510181618051734,0.8228916066352205,0.7904212786059311,8224,0.0455447607482506,False,0.0011574074074074073,1.0,0.0,0.9998773336410524,0.0,0.0,0.0,0.0,0.3333333333333333,0.0,0.16666666666666666,0.0,0.0,0.0,1.0,0.0,True,0.0011574074074074073,1.0,0.0,0.9998773336410522,0.0,0.0,0.0,0.0,0.3333333333333333,0.0,0.16666666666666666,0.0,0.0,0.0,1.0,0.0,True,0.7280092592592593,0.9905511811023622,0.0007298382191947452,0.9993042945861816,57.68869011353854,0.0,0.9968051118210862,0.15384615384615385,1.0,0.0,0.5,0.0,1.0,0.5,1.0,0.0,True,0.7280092592592593,0.9921135646687698,0.000608198515995621,0.9993398785591125,48.07390842794879,0.0,0.9968051118210862,0.15384615384615385,1.0,0.0,0.5,0.0,1.0,0.5,1.0,0.0,True,0.7523148148148148,0.8125,0.01824595547986863,0.9440135359764099,1442.2172528384638,1.0,1.0,0.7692307692307693,1.0,0.0047169811320754715,0.8333333333333334,1.0,1.0,0.5,1.0,1.0,XGBoost,fleet,40000,20000,8.03,B_fleet_size,CIDv2_RenaultClio,FS-B,0,6,CIDv2_Prototype|CTT_Forester|CTT_Impala|CTT_Silverado|CTT_Traverse|ROAD_ORNL
9085,864,0.09510181618051734,0.9830818742200418,0.8871437378551101,8224,0.0455447607482506,False,0.7256944444444444,1.0,0.0,93750.00000000001,0.0,0.0,0.9984025559105432,0.0,0.6666666666666666,0.0,0.3333333333333333,0.0,1.0,0.0,1.0,0.0,True,0.7256944444444444,1.0,0.0,93750.00000000001,0.0,0.0,0.9984025559105432,0.0,0.6666666666666666,0.0,0.3333333333333333,0.0,1.0,0.0,1.0,0.0,True,0.7256944444444444,1.0,0.0,93750.00000000001,0.0,0.0,0.9984025559105432,0.0,0.6666666666666666,0.0,0.3333333333333333,0.0,1.0,0.0,1.0,0.0,True,0.7256944444444444,1.0,0.0,93750.00000000001,0.0,0.0,0.9984025559105432,0.0,0.6666666666666666,0.0,0.3333333333333333,0.0,1.0,0.0,1.0,0.0,True,0.7303240740740741,0.7987341772151899,0.019340712808660745,46875.0,1528.7502880087713,0.0,1.0,0.15384615384615385,1.0,0.0,0.5,0.0,1.0,0.5,1.0,0.0,Rule:Combined,fleet,40000,20000,0.05,B_fleet_size,CIDv2_RenaultClio,FS-B,0,6,CIDv2_Prototype|CTT_Forester|CTT_Impala|CTT_Silverado|CTT_Traverse|ROAD_ORNL
9085,864,0.09510181618051734,0.8228927329287687,0.7941050900291167,8224,0.0455447607482506,False,0.011574074074074073,1.0,0.0,0.9998858927775265,0.0,0.3,0.001597444089456869,0.3076923076923077,0.6666666666666666,0.0,0.6666666666666666,1.0,1.0,0.5,1.0,0.0,True,0.011574074074074073,1.0,0.0,0.9998858927775265,0.0,0.3,0.001597444089456869,0.3076923076923077,0.6666666666666666,0.0,0.6666666666666666,1.0,1.0,0.5,1.0,0.0,True,0.7488425925925926,0.9877862595419847,0.0009731176255929935,0.9995129340424428,76.91825348471806,0.9,0.9984025559105432,0.7692307692307693,1.0,0.0,0.6666666666666666,1.0,1.0,0.5,1.0,0.0,True,0.7476851851851852,0.9892802450229708,0.0008514779223938694,0.9995598814793314,67.3034717991283,0.9,0.9984025559105432,0.6923076923076923,1.0,0.0,0.6666666666666666,1.0,1.0,0.5,1.0,0.0,True,0.7523148148148148,0.8280254777070064,0.016421359931881766,0.9793129425162569,1297.9955275546174,1.0,1.0,0.7692307692307693,1.0,0.0047169811320754715,0.8333333333333334,1.0,1.0,0.5,1.0,1.0,HistGB,fleet,40000,20000,22.47,B_fleet_size,CIDv2_RenaultClio,FS-B,1,6,CIDv2_Prototype|CTT_Forester|CTT_Impala|CTT_Silverado|CTT_Traverse|ROAD_ORNL
9085,864,0.09510181618051734,0.8286371115976698,0.7902041816857317,8224,0.0455447607482506,False,0.7268518518518519,0.9968253968253968,0.0002432794063982484,0.999752700328827,19.229563371179516,0.0,0.9984025559105432,0.0,1.0,0.0,0.3333333333333333,0.0,1.0,0.0,1.0,0.0,True,0.7268518518518519,0.9968253968253968,0.0002432794063982484,0.999752700328827,19.229563371179516,0.0,0.9984025559105432,0.0,1.0,0.0,0.3333333333333333,0.0,1.0,0.0,1.0,0.0,True,0.7314814814814815,0.9875,0.0009731176255929935,0.9994022846221924,76.91825348471806,0.2,0.9984025559105432,0.15384615384615385,1.0,0.0,0.6666666666666666,1.0,1.0,0.5,1.0,0.0,True,0.7280092592592593,0.9889937106918238,0.0008514779223938694,0.9995174407958984,67.3034717991283,0.0,0.9984025559105432,0.07692307692307693,1.0,0.0,0.5,0.0,1.0,0.5,1.0,0.0,True,0.7511574074074074,0.7992610837438424,0.019827271621457244,0.9664299488067627,1567.2094147511302,1.0,0.9984025559105432,0.7692307692307693,1.0,0.0047169811320754715,0.8333333333333334,1.0,1.0,0.5,1.0,1.0,XGBoost,fleet,40000,20000,10.75,B_fleet_size,CIDv2_RenaultClio,FS-B,1,6,CIDv2_Prototype|CTT_Forester|CTT_Impala|CTT_Silverado|CTT_Traverse|ROAD_ORNL
9085,864,0.09510181618051734,0.9830818742200417,0.88714373785511,8224,0.0455447607482506,False,0.7256944444444444,1.0,0.0,93750.00000000001,0.0,0.0,0.9984025559105432,0.0,0.6666666666666666,0.0,0.3333333333333333,0.0,1.0,0.0,1.0,0.0,True,0.7256944444444444,1.0,0.0,93750.00000000001,0.0,0.0,0.9984025559105432,0.0,0.6666666666666666,0.0,0.3333333333333333,0.0,1.0,0.0,1.0,0.0,True,0.7256944444444444,1.0,0.0,93750.00000000001,0.0,0.0,0.9984025559105432,0.0,0.6666666666666666,0.0,0.3333333333333333,0.0,1.0,0.0,1.0,0.0,True,0.7256944444444444,1.0,0.0,93750.00000000001,0.0,0.0,0.9984025559105432,0.0,0.6666666666666666,0.0,0.3333333333333333,0.0,1.0,0.0,1.0,0.0,True,0.7303240740740741,0.7987341772151899,0.019340712808660745,46875.0,1528.7502880087713,0.0,1.0,0.15384615384615385,1.0,0.0,0.5,0.0,1.0,0.5,1.0,0.0,Rule:Combined,fleet,40000,20000,0.06,B_fleet_size,CIDv2_RenaultClio,FS-B,1,6,CIDv2_Prototype|CTT_Forester|CTT_Impala|CTT_Silverado|CTT_Traverse|ROAD_ORNL
9085,864,0.09510181618051734,0.9795947990016534,0.8875867347277213,8224,0.0455447607482506,False,0.7303240740740741,0.9984177215189873,0.0001216397031991242,0.9993544251043627,9.614781685589758,0.0,0.9984025559105432,0.23076923076923078,1.0,0.0,0.5,0.0,1.0,0.5,1.0,0.0,True,0.7303240740740741,0.9984177215189873,0.0001216397031991242,0.9993544251043627,9.614781685589758,0.0,0.9984025559105432,0.23076923076923078,1.0,0.0,0.5,0.0,1.0,0.5,1.0,0.0,True,0.7349537037037037,0.9937402190923318,0.0004865588127964968,0.9987808087901096,38.45912674235903,0.2,0.9984025559105432,0.38461538461538464,1.0,0.0,0.6666666666666666,1.0,1.0,0.5,1.0,0.0,True,0.7303240740740741,0.9952681388012619,0.0003649191095973726,0.9992464799524821,28.84434505676927,0.0,0.9984025559105432,0.23076923076923078,1.0,0.0,0.5,0.0,1.0,0.5,1.0,0.0,True,0.7581018518518519,0.808641975308642,0.01885415399586425,0.8664925641885153,1490.2911612664127,1.0,1.0,0.7692307692307693,1.0,0.02830188679245283,0.8333333333333334,1.0,1.0,0.5,1.0,1.0,HistGB,fleet,40000,20000,14.96,B_fleet_size,CIDv2_RenaultClio,FS-B,0,7,CIDv2_OpelAstra|CIDv2_Prototype|CTT_Forester|CTT_Impala|CTT_Silverado|CTT_Traverse|ROAD_ORNL
9085,864,0.09510181618051734,0.9739903623061086,0.8744880061916319,8224,0.0455447607482506,False,0.7280092592592593,0.9889937106918238,0.0008514779223938694,0.9996179342269899,67.3034717991283,0.0,0.9968051118210862,0.23076923076923078,0.6666666666666666,0.0,0.5,0.0,1.0,0.5,1.0,0.0,True,0.7280092592592593,0.9889937106918238,0.0008514779223938694,0.9996179342269897,67.3034717991283,0.0,0.9968051118210862,0.23076923076923078,0.6666666666666666,0.0,0.5,0.0,1.0,0.5,1.0,0.0,True,0.7453703703703703,0.983206106870229,0.0013380367351903662,0.9990233182907104,105.76259854148734,0.9,0.9984025559105432,0.6153846153846154,0.6666666666666666,0.0,0.6666666666666666,1.0,1.0,0.5,1.0,0.0,True,0.7453703703703703,0.983206106870229,0.0013380367351903662,0.9990233182907104,105.76259854148734,0.9,0.9984025559105432,0.6153846153846154,0.6666666666666666,0.0,0.6666666666666666,1.0,1.0,0.5,1.0,0.0,True,0.7534722222222222,0.8198992443324937,0.01739447755747476,0.9567105174064636,1374.9137810393352,1.0,1.0,0.7692307692307693,1.0,0.009433962264150943,0.8333333333333334,1.0,1.0,0.5,1.0,1.0,XGBoost,fleet,40000,20000,5.92,B_fleet_size,CIDv2_RenaultClio,FS-B,0,7,CIDv2_OpelAstra|CIDv2_Prototype|CTT_Forester|CTT_Impala|CTT_Silverado|CTT_Traverse|ROAD_ORNL
9085,864,0.09510181618051734,0.982663948920335,0.8854464953584803,8224,0.0455447607482506,False,0.7233796296296297,1.0,0.0,437500.00000000006,0.0,0.0,0.9984025559105432,0.0,0.0,0.0,0.16666666666666666,0.0,1.0,0.0,0.0,0.0,True,0.7233796296296297,1.0,0.0,437500.0,0.0,0.0,0.9984025559105432,0.0,0.0,0.0,0.16666666666666666,0.0,1.0,0.0,0.0,0.0,True,0.7233796296296297,1.0,0.0,296875.0,0.0,0.0,0.9984025559105432,0.0,0.0,0.0,0.16666666666666666,0.0,1.0,0.0,0.0,0.0,True,0.7233796296296297,1.0,0.0,296875.0,0.0,0.0,0.9984025559105432,0.0,0.0,0.0,0.16666666666666666,0.0,1.0,0.0,0.0,0.0,True,0.7303240740740741,0.797724399494311,0.019462352511859873,46875.0,1538.3650696943612,0.0,1.0,0.15384615384615385,1.0,0.0,0.5,0.0,1.0,0.5,1.0,0.0,Rule:Combined,fleet,40000,20000,0.05,B_fleet_size,CIDv2_RenaultClio,FS-B,0,7,CIDv2_OpelAstra|CIDv2_Prototype|CTT_Forester|CTT_Impala|CTT_Silverado|CTT_Traverse|ROAD_ORNL
9085,864,0.09510181618051734,0.9811185333855933,0.8885515843366741,8224,0.0455447607482506,False,0.7245370370370371,0.9968152866242038,0.0002432794063982484,0.999742731295998,19.229563371179516,0.0,0.9968051118210862,0.0,0.6666666666666666,0.0,0.3333333333333333,0.0,1.0,0.0,1.0,0.0,True,0.7245370370370371,0.9968152866242038,0.0002432794063982484,0.999742731295998,19.229563371179516,0.0,0.9968051118210862,0.0,0.6666666666666666,0.0,0.3333333333333333,0.0,1.0,0.0,1.0,0.0,True,0.75,0.9671641791044776,0.0026760734703807324,0.998026530223634,211.52519708297467,0.9,1.0,0.7692307692307693,1.0,0.0,0.6666666666666666,1.0,1.0,0.5,1.0,0.0,True,0.7418981481481481,0.9891975308641975,0.0008514779223938694,0.9991662195999058,67.3034717991283,0.7,0.9984025559105432,0.46153846153846156,1.0,0.0,0.6666666666666666,1.0,1.0,0.5,1.0,0.0,True,0.7546296296296297,0.7931873479318735,0.020678749543851113,0.9448161215797029,1634.5128865502586,1.0,1.0,0.7692307692307693,1.0,0.014150943396226415,0.8333333333333334,1.0,1.0,0.5,1.0,1.0,HistGB,fleet,40000,20000,12.2,B_fleet_size,CIDv2_RenaultClio,FS-B,1,7,CIDv2_OpelAstra|CIDv2_Prototype|CTT_Forester|CTT_Impala|CTT_Silverado|CTT_Traverse|ROAD_ORNL
9085,864,0.09510181618051734,0.9762649121265774,0.8760623436666898,8224,0.0455447607482506,False,0.7256944444444444,0.993660855784469,0.0004865588127964968,0.9997548460960389,38.45912674235903,0.0,0.9968051118210862,0.0,1.0,0.0,0.3333333333333333,0.0,1.0,0.0,1.0,0.0,True,0.7256944444444444,0.993660855784469,0.0004865588127964968,0.9997548460960388,38.45912674235903,0.0,0.9968051118210862,0.0,1.0,0.0,0.3333333333333333,0.0,1.0,0.0,1.0,0.0,True,0.7291666666666666,0.987460815047022,0.0009731176255929935,0.999496579170227,76.91825348471806,0.1,0.9968051118210862,0.15384615384615385,1.0,0.0,0.6666666666666666,1.0,1.0,0.5,1.0,0.0,True,0.7291666666666666,0.987460815047022,0.0009731176255929935,0.9995062351226807,76.91825348471806,0.1,0.9968051118210862,0.15384615384615385,1.0,0.0,0.6666666666666666,1.0,1.0,0.5,1.0,0.0,True,0.7557870370370371,0.8012269938650307,0.01970563191825812,0.9663487672805786,1557.5946330655406,1.0,1.0,0.7692307692307693,1.0,0.018867924528301886,0.8333333333333334,1.0,1.0,0.5,1.0,1.0,XGBoost,fleet,40000,20000,8.11,B_fleet_size,CIDv2_RenaultClio,FS-B,1,7,CIDv2_OpelAstra|CIDv2_Prototype|CTT_Forester|CTT_Impala|CTT_Silverado|CTT_Traverse|ROAD_ORNL
9085,864,0.09510181618051734,0.9830818742200417,0.8871437378551101,8224,0.0455447607482506,False,0.7256944444444444,1.0,0.0,93750.00000000001,0.0,0.0,0.9984025559105432,0.0,0.6666666666666666,0.0,0.3333333333333333,0.0,1.0,0.0,1.0,0.0,True,0.7256944444444444,1.0,0.0,93750.00000000001,0.0,0.0,0.9984025559105432,0.0,0.6666666666666666,0.0,0.3333333333333333,0.0,1.0,0.0,1.0,0.0,True,0.7256944444444444,1.0,0.0,93750.00000000001,0.0,0.0,0.9984025559105432,0.0,0.6666666666666666,0.0,0.3333333333333333,0.0,1.0,0.0,1.0,0.0,True,0.7256944444444444,1.0,0.0,93750.00000000001,0.0,0.0,0.9984025559105432,0.0,0.6666666666666666,0.0,0.3333333333333333,0.0,1.0,0.0,1.0,0.0,True,0.7303240740740741,0.7987341772151899,0.019340712808660745,46875.0,1528.7502880087713,0.0,1.0,0.15384615384615385,1.0,0.0,0.5,0.0,1.0,0.5,1.0,0.0,Rule:Combined,fleet,40000,20000,0.05,B_fleet_size,CIDv2_RenaultClio,FS-B,1,7,CIDv2_OpelAstra|CIDv2_Prototype|CTT_Forester|CTT_Impala|CTT_Silverado|CTT_Traverse|ROAD_ORNL
9085,864,0.09510181618051734,0.5,0.09510181618051734,8224,0.0455447607482506,False,0.0,0.0,0.0,0.9934795769747364,0.0,0.0,0.0,0.0,0.0,0.0,0.0,0.0,0.0,0.0,0.0,0.0,True,0.0,0.0,0.0,0.9934795769747364,0.0,0.0,0.0,0.0,0.0,0.0,0.0,0.0,0.0,0.0,0.0,0.0,True,0.0,0.0,0.0,0.9934795769747364,0.0,0.0,0.0,0.0,0.0,0.0,0.0,0.0,0.0,0.0,0.0,0.0,True,0.0,0.0,0.0,0.9934795769747364,0.0,0.0,0.0,0.0,0.0,0.0,0.0,0.0,0.0,0.0,0.0,0.0,True,0.0,0.0,0.0,0.9934795769747364,0.0,0.0,0.0,0.0,0.0,0.0,0.0,0.0,0.0,0.0,0.0,0.0,HistGB,fleet,40000,952,8.41,B_fleet_size,CIDv2_RenaultClio,FS-A,0,1,CIDv2_OpelAstra
9085,864,0.09510181618051734,0.7916109855293805,0.7631255104020842,8224,0.0455447607482506,False,0.7233796296296297,1.0,0.0,0.9990605711936952,0.0,0.0,0.9984025559105432,0.0,0.0,0.0,0.16666666666666666,0.0,1.0,0.0,0.0,0.0,True,0.7233796296296297,1.0,0.0,0.9990605711936951,0.0,0.0,0.9984025559105432,0.0,0.0,0.0,0.16666666666666666,0.0,1.0,0.0,0.0,0.0,True,0.7233796296296297,1.0,0.0,0.9989144802093506,0.0,0.0,0.9984025559105432,0.0,0.0,0.0,0.16666666666666666,0.0,1.0,0.0,0.0,0.0,True,0.7233796296296297,1.0,0.0,0.998978853225708,0.0,0.0,0.9984025559105432,0.0,0.0,0.0,0.16666666666666666,0.0,1.0,0.0,0.0,0.0,True,0.7280092592592593,0.970679012345679,0.0023111543607833595,0.9986644983291626,182.6808520262054,0.1,0.9984025559105432,0.23076923076923078,0.0,0.0,0.5,1.0,1.0,0.5,0.0,0.0,XGBoost,fleet,40000,952,9.42,B_fleet_size,CIDv2_RenaultClio,FS-A,0,1,CIDv2_OpelAstra
9085,864,0.09510181618051734,0.5,0.09510181618051734,8224,0.0455447607482506,False,0.0,0.0,0.0,0.9934795769747364,0.0,0.0,0.0,0.0,0.0,0.0,0.0,0.0,0.0,0.0,0.0,0.0,True,0.0,0.0,0.0,0.9934795769747364,0.0,0.0,0.0,0.0,0.0,0.0,0.0,0.0,0.0,0.0,0.0,0.0,True,0.0,0.0,0.0,0.9934795769747364,0.0,0.0,0.0,0.0,0.0,0.0,0.0,0.0,0.0,0.0,0.0,0.0,True,0.0,0.0,0.0,0.9934795769747364,0.0,0.0,0.0,0.0,0.0,0.0,0.0,0.0,0.0,0.0,0.0,0.0,True,0.0,0.0,0.0,0.9934795769747364,0.0,0.0,0.0,0.0,0.0,0.0,0.0,0.0,0.0,0.0,0.0,0.0,HistGB,fleet,40000,952,8.45,B_fleet_size,CIDv2_RenaultClio,FS-A,1,1,CIDv2_OpelAstra
9085,864,0.09510181618051734,0.8243773990052576,0.7701231161958515,8224,0.0455447607482506,False,0.7233796296296297,1.0,0.0,0.9991189837455751,0.0,0.0,0.9984025559105432,0.0,0.0,0.0,0.16666666666666666,0.0,1.0,0.0,0.0,0.0,True,0.7233796296296297,1.0,0.0,0.999118983745575,0.0,0.0,0.9984025559105432,0.0,0.0,0.0,0.16666666666666666,0.0,1.0,0.0,0.0,0.0,True,0.7233796296296297,1.0,0.0,0.9990586638450623,0.0,0.0,0.9984025559105432,0.0,0.0,0.0,0.16666666666666666,0.0,1.0,0.0,0.0,0.0,True,0.7233796296296297,1.0,0.0,0.9990769624710083,0.0,0.0,0.9984025559105432,0.0,0.0,0.0,0.16666666666666666,0.0,1.0,0.0,0.0,0.0,True,0.7233796296296297,0.9952229299363057,0.0003649191095973726,0.9987602233886719,28.84434505676927,0.0,0.9984025559105432,0.0,0.0,0.0,0.16666666666666666,0.0,1.0,0.0,0.0,0.0,XGBoost,fleet,40000,952,6.62,B_fleet_size,CIDv2_RenaultClio,FS-A,1,1,CIDv2_OpelAstra
9085,864,0.09510181618051734,0.8035789103785698,0.7566025833791837,8224,0.0455447607482506,False,0.7233796296296297,1.0,0.0,0.9573373708279915,0.0,0.0,0.9968051118210862,0.0,0.3333333333333333,0.0,0.3333333333333333,0.0,1.0,0.0,1.0,0.0,True,0.7233796296296297,1.0,0.0,0.9573373708279915,0.0,0.0,0.9968051118210862,0.0,0.3333333333333333,0.0,0.3333333333333333,0.0,1.0,0.0,1.0,0.0,True,0.7233796296296297,1.0,0.0,0.9573373708279915,0.0,0.0,0.9968051118210862,0.0,0.3333333333333333,0.0,0.3333333333333333,0.0,1.0,0.0,1.0,0.0,True,0.7233796296296297,1.0,0.0,0.9573373708279915,0.0,0.0,0.9968051118210862,0.0,0.3333333333333333,0.0,0.3333333333333333,0.0,1.0,0.0,1.0,0.0,True,0.7233796296296297,0.9541984732824428,0.003649191095973726,0.9573373708279914,288.44345056769276,0.0,0.9968051118210862,0.0,0.3333333333333333,0.0,0.3333333333333333,0.0,1.0,0.0,1.0,0.0,HistGB,fleet,10934,1058,4.95,B_fleet_size,CIDv2_RenaultClio,FS-A,0,1,CIDv2_Prototype
9085,864,0.09510181618051734,0.8046303757991051,0.7606753494111786,8224,0.0455447607482506,False,0.7245370370370371,0.9920760697305864,0.000608198515995621,0.9888018369674684,48.07390842794879,0.0,0.9984025559105432,0.0,0.3333333333333333,0.0,0.3333333333333333,0.0,1.0,0.0,1.0,0.0,True,0.7245370370370371,0.9920760697305864,0.000608198515995621,0.9888018369674684,48.07390842794879,0.0,0.9984025559105432,0.0,0.3333333333333333,0.0,0.3333333333333333,0.0,1.0,0.0,1.0,0.0,True,0.7245370370370371,0.9920760697305864,0.000608198515995621,0.9888018369674684,48.07390842794879,0.0,0.9984025559105432,0.0,0.3333333333333333,0.0,0.3333333333333333,0.0,1.0,0.0,1.0,0.0,True,0.7245370370370371,0.9920760697305864,0.000608198515995621,0.9888018369674684,48.07390842794879,0.0,0.9984025559105432,0.0,0.3333333333333333,0.0,0.3333333333333333,0.0,1.0,0.0,1.0,0.0,True,0.7245370370370371,0.9357249626307922,0.00523050723756234,0.987595796585083,413.4356124803595,0.0,0.9984025559105432,0.0,0.3333333333333333,0.0,0.3333333333333333,0.0,1.0,0.0,1.0,0.0,XGBoost,fleet,10934,1058,3.18,B_fleet_size,CIDv2_RenaultClio,FS-A,0,1,CIDv2_Prototype
9085,864,0.09510181618051734,0.8035789103785698,0.7566025833791837,8224,0.0455447607482506,False,0.7233796296296297,1.0,0.0,0.9573373708279915,0.0,0.0,0.9968051118210862,0.0,0.3333333333333333,0.0,0.3333333333333333,0.0,1.0,0.0,1.0,0.0,True,0.7233796296296297,1.0,0.0,0.9573373708279915,0.0,0.0,0.9968051118210862,0.0,0.3333333333333333,0.0,0.3333333333333333,0.0,1.0,0.0,1.0,0.0,True,0.7233796296296297,1.0,0.0,0.9573373708279915,0.0,0.0,0.9968051118210862,0.0,0.3333333333333333,0.0,0.3333333333333333,0.0,1.0,0.0,1.0,0.0,True,0.7233796296296297,1.0,0.0,0.9573373708279915,0.0,0.0,0.9968051118210862,0.0,0.3333333333333333,0.0,0.3333333333333333,0.0,1.0,0.0,1.0,0.0,True,0.7233796296296297,0.9541984732824428,0.003649191095973726,0.9573373708279914,288.44345056769276,0.0,0.9968051118210862,0.0,0.3333333333333333,0.0,0.3333333333333333,0.0,1.0,0.0,1.0,0.0,HistGB,fleet,10934,1058,5.18,B_fleet_size,CIDv2_RenaultClio,FS-A,1,1,CIDv2_Prototype
9085,864,0.09510181618051734,0.8046303757991051,0.7606753494111786,8224,0.0455447607482506,False,0.7245370370370371,0.9920760697305864,0.000608198515995621,0.9888018369674684,48.07390842794879,0.0,0.9984025559105432,0.0,0.3333333333333333,0.0,0.3333333333333333,0.0,1.0,0.0,1.0,0.0,True,0.7245370370370371,0.9920760697305864,0.000608198515995621,0.9888018369674684,48.07390842794879,0.0,0.9984025559105432,0.0,0.3333333333333333,0.0,0.3333333333333333,0.0,1.0,0.0,1.0,0.0,True,0.7245370370370371,0.9920760697305864,0.000608198515995621,0.9888018369674684,48.07390842794879,0.0,0.9984025559105432,0.0,0.3333333333333333,0.0,0.3333333333333333,0.0,1.0,0.0,1.0,0.0,True,0.7245370370370371,0.9920760697305864,0.000608198515995621,0.9888018369674684,48.07390842794879,0.0,0.9984025559105432,0.0,0.3333333333333333,0.0,0.3333333333333333,0.0,1.0,0.0,1.0,0.0,True,0.7245370370370371,0.9357249626307922,0.00523050723756234,0.987595796585083,413.4356124803595,0.0,0.9984025559105432,0.0,0.3333333333333333,0.0,0.3333333333333333,0.0,1.0,0.0,1.0,0.0,XGBoost,fleet,10934,1058,2.34,B_fleet_size,CIDv2_RenaultClio,FS-A,1,1,CIDv2_Prototype
9085,864,0.09510181618051734,0.8736813918285151,0.7928322789085172,8224,0.0455447607482506,False,0.7245370370370371,0.9968152866242038,0.0002432794063982484,0.9996913542900756,19.229563371179516,0.0,0.9984025559105432,0.0,0.3333333333333333,0.0,0.3333333333333333,0.0,1.0,0.0,1.0,0.0,True,0.7245370370370371,0.9968152866242038,0.0002432794063982484,0.9996913542900755,19.229563371179516,0.0,0.9984025559105432,0.0,0.3333333333333333,0.0,0.3333333333333333,0.0,1.0,0.0,1.0,0.0,True,0.7256944444444444,0.9920886075949367,0.000608198515995621,0.9996174003508254,48.07390842794879,0.0,0.9984025559105432,0.0,0.3333333333333333,0.0047169811320754715,0.5,0.0,1.0,0.0,1.0,1.0,True,0.7256944444444444,0.9920886075949367,0.000608198515995621,0.9996225641439488,48.07390842794879,0.0,0.9984025559105432,0.0,0.3333333333333333,0.0047169811320754715,0.5,0.0,1.0,0.0,1.0,1.0,True,0.7303240740740741,0.8413333333333334,0.01447512468069578,0.9995766162106022,1144.1590205851812,0.0,0.9984025559105432,0.0,0.3333333333333333,0.02358490566037736,0.5,0.0,1.0,0.0,1.0,1.0,HistGB,fleet,40000,20000,16.46,B_fleet_size,CIDv2_RenaultClio,FS-A,0,1,CTT_Forester
9085,864,0.09510181618051734,0.8830979098244334,0.7889717200669581,8224,0.0455447607482506,False,0.7222222222222222,1.0,0.0,0.9999958276748658,0.0,0.0,0.9968051118210862,0.0,0.0,0.0,0.16666666666666666,0.0,1.0,0.0,0.0,0.0,True,0.7222222222222222,1.0,0.0,0.9999958276748657,0.0,0.0,0.9968051118210862,0.0,0.0,0.0,0.16666666666666666,0.0,1.0,0.0,0.0,0.0,True,0.7222222222222222,1.0,0.0,0.9999924898147583,0.0,0.0,0.9968051118210862,0.0,0.0,0.0,0.16666666666666666,0.0,1.0,0.0,0.0,0.0,True,0.7222222222222222,1.0,0.0,0.9999926090240479,0.0,0.0,0.9968051118210862,0.0,0.0,0.0,0.16666666666666666,0.0,1.0,0.0,0.0,0.0,True,0.7245370370370371,0.833555259653795,0.015204962899890524,0.9999785423278809,1201.8477106987198,0.0,0.9968051118210862,0.0,0.0,0.009433962264150943,0.3333333333333333,0.0,1.0,0.0,0.0,1.0,XGBoost,fleet,40000,20000,7.06,B_fleet_size,CIDv2_RenaultClio,FS-A,0,1,CTT_Forester
9085,864,0.09510181618051734,0.867665576414512,0.7891256082096529,8224,0.0455447607482506,False,0.7222222222222222,1.0,0.0,0.9999229747245083,0.0,0.0,0.9968051118210862,0.0,0.0,0.0,0.16666666666666666,0.0,1.0,0.0,0.0,0.0,True,0.7222222222222222,1.0,0.0,0.9999229747245082,0.0,0.0,0.9968051118210862,0.0,0.0,0.0,0.16666666666666666,0.0,1.0,0.0,0.0,0.0,True,0.7233796296296297,0.9904912836767037,0.0007298382191947452,0.9998999656171977,57.68869011353854,0.0,0.9984025559105432,0.0,0.0,0.0,0.16666666666666666,0.0,1.0,0.0,0.0,0.0,True,0.7222222222222222,1.0,0.0,0.9999125327910181,0.0,0.0,0.9968051118210862,0.0,0.0,0.0,0.16666666666666666,0.0,1.0,0.0,0.0,0.0,True,0.7349537037037037,0.8455392809587217,0.014110205571098407,0.9998507237344952,1115.314675528412,0.0,0.9984025559105432,0.0,0.0,0.04716981132075472,0.3333333333333333,0.0,1.0,0.0,0.0,1.0,HistGB,fleet,40000,20000,17.57,B_fleet_size,CIDv2_RenaultClio,FS-A,1,1,CTT_Forester
9085,864,0.09510181618051734,0.876994665873756,0.7969347033540112,8224,0.0455447607482506,False,0.7222222222222222,1.0,0.0,0.9999960660934449,0.0,0.0,0.9968051118210862,0.0,0.0,0.0,0.16666666666666666,0.0,1.0,0.0,0.0,0.0,True,0.7222222222222222,1.0,0.0,0.9999960660934448,0.0,0.0,0.9968051118210862,0.0,0.0,0.0,0.16666666666666666,0.0,1.0,0.0,0.0,0.0,True,0.7233796296296297,0.9750390015600624,0.001946235251185987,0.999990701675415,153.83650696943613,0.0,0.9968051118210862,0.0,0.3333333333333333,0.0,0.3333333333333333,0.0,1.0,0.0,1.0,0.0,True,0.7233796296296297,0.9827044025157232,0.0013380367351903662,0.9999924898147583,105.76259854148734,0.0,0.9968051118210862,0.0,0.3333333333333333,0.0,0.3333333333333333,0.0,1.0,0.0,1.0,0.0,True,0.7268518518518519,0.8795518207282913,0.01046101447512468,0.9999725818634033,826.871224960719,0.0,0.9984025559105432,0.0,0.6666666666666666,0.0047169811320754715,0.5,0.0,1.0,0.0,1.0,1.0,XGBoost,fleet,40000,20000,8.45,B_fleet_size,CIDv2_RenaultClio,FS-A,1,1,CTT_Forester
9085,864,0.09510181618051734,0.13443348279248718,0.07586400271451903,8224,0.0455447607482506,False,0.0,0.0,0.0,0.999998748888471,0.0,0.0,0.0,0.0,0.0,0.0,0.0,0.0,0.0,0.0,0.0,0.0,True,0.0,0.0,0.0,0.999998748888471,0.0,0.0,0.0,0.0,0.0,0.0,0.0,0.0,0.0,0.0,0.0,0.0,True,0.0,0.0,0.000608198515995621,0.9999985162195624,48.07390842794879,0.0,0.0,0.0,0.0,0.0,0.0,0.0,0.0,0.0,0.0,0.0,True,0.0,0.0,0.0002432794063982484,0.9999986765791671,19.229563371179516,0.0,0.0,0.0,0.0,0.0,0.0,0.0,0.0,0.0,0.0,0.0,True,0.0011574074074074073,0.006134969325153374,0.01970563191825812,0.9999978028947714,1557.5946330655406,0.0,0.0,0.0,0.0,0.0047169811320754715,0.16666666666666666,0.0,0.0,0.0,0.0,1.0,HistGB,fleet,40000,20000,59.63,B_fleet_size,CIDv2_RenaultClio,FS-A,0,1,CTT_Traverse
9085,864,0.09510181618051734,0.20743279124824862,0.09003635205143087,8224,0.0455447607482506,False,0.0,0.0,0.0003649191095973726,0.9999980926513673,28.84434505676927,0.0,0.0,0.0,0.0,0.0,0.0,0.0,0.0,0.0,0.0,0.0,True,0.0,0.0,0.0003649191095973726,0.9999980926513673,28.84434505676927,0.0,0.0,0.0,0.0,0.0,0.0,0.0,0.0,0.0,0.0,0.0,True,0.0,0.0,0.0014596764383894903,0.9999977350234985,115.37738022707708,0.0,0.0,0.0,0.0,0.0,0.0,0.0,0.0,0.0,0.0,0.0,True,0.0,0.0,0.0010947573287921177,0.9999979734420776,86.53303517030781,0.0,0.0,0.0,0.0,0.0,0.0,0.0,0.0,0.0,0.0,0.0,True,0.013888888888888888,0.11428571428571428,0.01131249239751855,0.9999957084655762,894.1746967598474,0.1,0.0,0.0,0.0,0.05188679245283019,0.3333333333333333,1.0,0.0,0.0,0.0,1.0,XGBoost,fleet,40000,20000,7.15,B_fleet_size,CIDv2_RenaultClio,FS-A,0,1,CTT_Traverse
9085,864,0.09510181618051734,0.1845460135966157,0.08166437744653897,8224,0.0455447607482506,False,0.0,0.0,0.0002432794063982484,0.9999969002212652,19.229563371179516,0.0,0.0,0.0,0.0,0.0,0.0,0.0,0.0,0.0,0.0,0.0,True,0.0,0.0,0.0002432794063982484,0.9999969002212651,19.229563371179516,0.0,0.0,0.0,0.0,0.0,0.0,0.0,0.0,0.0,0.0,0.0,True,0.0011574074074074073,0.058823529411764705,0.001946235251185987,0.9999954656412263,153.83650696943613,0.1,0.0,0.0,0.0,0.0,0.16666666666666666,1.0,0.0,0.0,0.0,0.0,True,0.0011574074074074073,0.06666666666666667,0.0017029558447877388,0.9999959554017911,134.6069435982566,0.1,0.0,0.0,0.0,0.0,0.16666666666666666,1.0,0.0,0.0,0.0,0.0,True,0.003472222222222222,0.022556390977443608,0.015813161415886144,0.9999937417571497,1249.9216191266685,0.2,0.0,0.0,0.0,0.0047169811320754715,0.3333333333333333,1.0,0.0,0.0,0.0,1.0,HistGB,fleet,40000,20000,20.59,B_fleet_size,CIDv2_RenaultClio,FS-A,1,1,CTT_Traverse
9085,864,0.09510181618051734,0.10474332896331438,0.07449230226879443,8224,0.0455447607482506,False,0.0,0.0,0.0,0.9999996423721315,0.0,0.0,0.0,0.0,0.0,0.0,0.0,0.0,0.0,0.0,0.0,0.0,True,0.0,0.0,0.0,0.9999996423721315,0.0,0.0,0.0,0.0,0.0,0.0,0.0,0.0,0.0,0.0,0.0,0.0,True,0.0,0.0,0.0004865588127964968,0.9999996423721313,38.45912674235903,0.0,0.0,0.0,0.0,0.0,0.0,0.0,0.0,0.0,0.0,0.0,True,0.0,0.0,0.0004865588127964968,0.9999996423721313,38.45912674235903,0.0,0.0,0.0,0.0,0.0,0.0,0.0,0.0,0.0,0.0,0.0,True,0.0,0.0,0.008149860114341321,0.9999995231628418,644.1903729345137,0.0,0.0,0.0,0.0,0.0,0.0,0.0,0.0,0.0,0.0,0.0,XGBoost,fleet,40000,20000,7.63,B_fleet_size,CIDv2_RenaultClio,FS-A,1,1,CTT_Traverse
9085,864,0.09510181618051734,0.21480093324683397,0.08720957289815624,8224,0.0455447607482506,False,0.0,0.0,0.0,0.9599732446811591,0.0,0.0,0.0,0.0,0.0,0.0,0.0,0.0,0.0,0.0,0.0,0.0,True,0.0,0.0,0.0,0.959973244681159,0.0,0.0,0.0,0.0,0.0,0.0,0.0,0.0,0.0,0.0,0.0,0.0,True,0.0,0.0,0.0001216397031991242,0.9531063511945954,9.614781685589758,0.0,0.0,0.0,0.0,0.0,0.0,0.0,0.0,0.0,0.0,0.0,True,0.0,0.0,0.0001216397031991242,0.954288305558319,9.614781685589758,0.0,0.0,0.0,0.0,0.0,0.0,0.0,0.0,0.0,0.0,0.0,True,0.0,0.0,0.00900133803673519,0.9149282687251639,711.4938447336422,0.0,0.0,0.0,0.0,0.0,0.0,0.0,0.0,0.0,0.0,0.0,HistGB,fleet,40000,20000,22.86,B_fleet_size,CIDv2_RenaultClio,FS-A,0,1,ROAD_ORNL
9085,864,0.09510181618051734,0.7473807339604536,0.38348331180788714,8224,0.0455447607482506,False,0.0023148148148148147,0.6666666666666666,0.0001216397031991242,0.9690675139427186,9.614781685589758,0.0,0.0,0.0,0.0,0.009433962264150943,0.16666666666666666,0.0,0.0,0.0,0.0,1.0,True,0.0023148148148148147,0.6666666666666666,0.0001216397031991242,0.9690675139427185,9.614781685589758,0.0,0.0,0.0,0.0,0.009433962264150943,0.16666666666666666,0.0,0.0,0.0,0.0,1.0,True,0.0023148148148148147,0.2,0.0009731176255929935,0.9596202969551086,76.91825348471806,0.0,0.0,0.0,0.0,0.009433962264150943,0.16666666666666666,0.0,0.0,0.0,0.0,1.0,True,0.0023148148148148147,0.2,0.0009731176255929935,0.9596202969551086,76.91825348471806,0.0,0.0,0.0,0.0,0.009433962264150943,0.16666666666666666,0.0,0.0,0.0,0.0,1.0,True,0.004629629629629629,0.0625,0.007298382191947452,0.9444369673728943,576.8869011353855,0.0,0.0,0.0,0.0,0.018867924528301886,0.16666666666666666,0.0,0.0,0.0,0.0,1.0,XGBoost,fleet,40000,20000,11.28,B_fleet_size,CIDv2_RenaultClio,FS-A,0,1,ROAD_ORNL
9085,864,0.09510181618051734,0.16170330218005377,0.08106646911392111,8224,0.0455447607482506,False,0.0,0.0,0.0,0.8341255532190768,0.0,0.0,0.0,0.0,0.0,0.0,0.0,0.0,0.0,0.0,0.0,0.0,True,0.0,0.0,0.0,0.8341255532190767,0.0,0.0,0.0,0.0,0.0,0.0,0.0,0.0,0.0,0.0,0.0,0.0,True,0.0,0.0,0.000608198515995621,0.677833842636332,48.07390842794879,0.0,0.0,0.0,0.0,0.0,0.0,0.0,0.0,0.0,0.0,0.0,True,0.0,0.0,0.000608198515995621,0.6921048161141605,48.07390842794879,0.0,0.0,0.0,0.0,0.0,0.0,0.0,0.0,0.0,0.0,0.0,True,0.0023148148148148147,0.022222222222222223,0.01070429388152293,0.5226325784788685,846.1007883318987,0.0,0.0,0.0,0.0,0.009433962264150943,0.16666666666666666,0.0,0.0,0.0,0.0,1.0,HistGB,fleet,40000,20000,21.07,B_fleet_size,CIDv2_RenaultClio,FS-A,1,1,ROAD_ORNL
9085,864,0.09510181618051734,0.5592067880585854,0.1589401822945781,8224,0.0455447607482506,False,0.0011574074074074073,0.25,0.0003649191095973726,0.9666468501091005,28.84434505676927,0.0,0.0,0.0,0.0,0.0047169811320754715,0.16666666666666666,0.0,0.0,0.0,0.0,1.0,True,0.0011574074074074073,0.25,0.0003649191095973726,0.9666468501091003,28.84434505676927,0.0,0.0,0.0,0.0,0.0047169811320754715,0.16666666666666666,0.0,0.0,0.0,0.0,1.0,True,0.0011574074074074073,0.1,0.0010947573287921177,0.9558707475662231,86.53303517030781,0.0,0.0,0.0,0.0,0.0047169811320754715,0.16666666666666666,0.0,0.0,0.0,0.0,1.0,True,0.0011574074074074073,0.1111111111111111,0.0009731176255929935,0.9575161933898926,76.91825348471806,0.0,0.0,0.0,0.0,0.0047169811320754715,0.16666666666666666,0.0,0.0,0.0,0.0,1.0,True,0.003472222222222222,0.13636363636363635,0.0023111543607833595,0.9448171257972717,182.6808520262054,0.1,0.0,0.0,0.0,0.009433962264150943,0.3333333333333333,1.0,0.0,0.0,0.0,1.0,XGBoost,fleet,40000,20000,8.09,B_fleet_size,CIDv2_RenaultClio,FS-A,1,1,ROAD_ORNL
9085,864,0.09510181618051734,0.8729789366212095,0.7993989283570901,8224,0.0455447607482506,False,0.7256944444444444,1.0,0.0,0.9999682008756462,0.0,0.2,0.9984025559105432,0.0,0.0,0.0,0.3333333333333333,1.0,1.0,0.0,0.0,0.0,True,0.7256944444444444,1.0,0.0,0.9999682008756462,0.0,0.2,0.9984025559105432,0.0,0.0,0.0,0.3333333333333333,1.0,1.0,0.0,0.0,0.0,True,0.7268518518518519,1.0,0.0,0.9999664092632442,0.0,0.3,0.9984025559105432,0.0,0.0,0.0,0.3333333333333333,1.0,1.0,0.0,0.0,0.0,True,0.7268518518518519,1.0,0.0,0.9999664092632442,0.0,0.3,0.9984025559105432,0.0,0.0,0.0,0.3333333333333333,1.0,1.0,0.0,0.0,0.0,True,0.7268518518518519,0.9781931464174455,0.0017029558447877388,0.9999364727914466,134.6069435982566,0.3,0.9984025559105432,0.0,0.0,0.0,0.3333333333333333,1.0,1.0,0.0,0.0,0.0,HistGB,fleet,40000,20000,44.29,B_fleet_size,CIDv2_RenaultClio,FS-A,0,2,CIDv2_OpelAstra|CTT_Silverado
9085,864,0.09510181618051734,0.8710685315835236,0.7895905592904102,8224,0.0455447607482506,False,0.7268518518518519,0.9936708860759493,0.0004865588127964968,0.9999817609786988,38.45912674235903,0.4,0.9968051118210862,0.0,0.0,0.0,0.3333333333333333,1.0,1.0,0.0,0.0,0.0,True,0.7268518518518519,0.9936708860759493,0.0004865588127964968,0.9999817609786988,38.45912674235903,0.4,0.9968051118210862,0.0,0.0,0.0,0.3333333333333333,1.0,1.0,0.0,0.0,0.0,True,0.7268518518518519,0.9936708860759493,0.0004865588127964968,0.9999817609786987,38.45912674235903,0.4,0.9968051118210862,0.0,0.0,0.0,0.3333333333333333,1.0,1.0,0.0,0.0,0.0,True,0.7268518518518519,0.9936708860759493,0.0004865588127964968,0.9999817609786987,38.45912674235903,0.4,0.9968051118210862,0.0,0.0,0.0,0.3333333333333333,1.0,1.0,0.0,0.0,0.0,True,0.7291666666666666,0.9170305676855895,0.006933463082350079,0.999971866607666,548.0425560786161,0.4,0.9984025559105432,0.0,0.0,0.0047169811320754715,0.5,1.0,1.0,0.0,0.0,1.0,XGBoost,fleet,40000,20000,13.62,B_fleet_size,CIDv2_RenaultClio,FS-A,0,2,CIDv2_OpelAstra|CTT_Silverado
9085,864,0.09510181618051734,0.8648197141917493,0.7905720862613373,8224,0.0455447607482506,False,0.7280092592592593,0.9889937106918238,0.0008514779223938694,0.9998529535766483,67.3034717991283,0.4,0.9984025559105432,0.0,0.0,0.0,0.3333333333333333,1.0,1.0,0.0,0.0,0.0,True,0.7280092592592593,0.9889937106918238,0.0008514779223938694,0.9998529535766483,67.3034717991283,0.4,0.9984025559105432,0.0,0.0,0.0,0.3333333333333333,1.0,1.0,0.0,0.0,0.0,True,0.7280092592592593,0.9889937106918238,0.0008514779223938694,0.9998529535766482,67.3034717991283,0.4,0.9984025559105432,0.0,0.0,0.0,0.3333333333333333,1.0,1.0,0.0,0.0,0.0,True,0.7280092592592593,0.9889937106918238,0.0008514779223938694,0.9998529535766482,67.3034717991283,0.4,0.9984025559105432,0.0,0.0,0.0,0.3333333333333333,1.0,1.0,0.0,0.0,0.0,True,0.7280092592592593,0.9374068554396423,0.0051088675343632164,0.999770281692426,403.8208307947698,0.4,0.9984025559105432,0.0,0.0,0.0,0.3333333333333333,1.0,1.0,0.0,0.0,0.0,HistGB,fleet,40000,20000,36.06,B_fleet_size,CIDv2_RenaultClio,FS-A,1,2,CIDv2_OpelAstra|CTT_Silverado
9085,864,0.09510181618051734,0.8275708635743151,0.7720563017306136,8224,0.0455447607482506,False,0.7233796296296297,0.9936406995230525,0.0004865588127964968,0.9999485015869142,38.45912674235903,0.0,0.9984025559105432,0.0,0.0,0.0,0.16666666666666666,0.0,1.0,0.0,0.0,0.0,True,0.7233796296296297,0.9936406995230525,0.0004865588127964968,0.9999485015869142,38.45912674235903,0.0,0.9984025559105432,0.0,0.0,0.0,0.16666666666666666,0.0,1.0,0.0,0.0,0.0,True,0.7233796296296297,0.9920634920634921,0.000608198515995621,0.999943733215332,48.07390842794879,0.0,0.9984025559105432,0.0,0.0,0.0,0.16666666666666666,0.0,1.0,0.0,0.0,0.0,True,0.7233796296296297,0.9920634920634921,0.000608198515995621,0.9999438524246216,48.07390842794879,0.0,0.9984025559105432,0.0,0.0,0.0,0.16666666666666666,0.0,1.0,0.0,0.0,0.0,True,0.7245370370370371,0.9470499243570348,0.004257389611969347,0.9999188184738159,336.51735899564153,0.1,0.9984025559105432,0.0,0.0,0.0,0.3333333333333333,1.0,1.0,0.0,0.0,0.0,XGBoost,fleet,40000,20000,9.01,B_fleet_size,CIDv2_RenaultClio,FS-A,1,2,CIDv2_OpelAstra|CTT_Silverado
9085,864,0.09510181618051734,0.8159363216153752,0.7685621763284994,8224,0.0455447607482506,False,0.7256944444444444,1.0,0.0,0.9999841871387083,0.0,0.3,0.9968051118210862,0.0,0.0,0.0,0.3333333333333333,1.0,1.0,0.0,0.0,0.0,True,0.7256944444444444,1.0,0.0,0.9999841871387082,0.0,0.3,0.9968051118210862,0.0,0.0,0.0,0.3333333333333333,1.0,1.0,0.0,0.0,0.0,True,0.7268518518518519,0.9905362776025236,0.0007298382191947452,0.9999808293921052,57.68869011353854,0.4,0.9968051118210862,0.0,0.0,0.0,0.3333333333333333,1.0,1.0,0.0,0.0,0.0,True,0.7268518518518519,0.9905362776025236,0.0007298382191947452,0.9999808942701122,57.68869011353854,0.4,0.9968051118210862,0.0,0.0,0.0,0.3333333333333333,1.0,1.0,0.0,0.0,0.0,True,0.7291666666666666,0.8936170212765957,0.009122977739934314,0.9999741030349194,721.1086264192319,0.5,0.9984025559105432,0.0,0.0,0.0,0.3333333333333333,1.0,1.0,0.0,0.0,0.0,HistGB,fleet,40000,20000,31.83,B_fleet_size,CIDv2_RenaultClio,FS-A,0,2,CIDv2_Prototype|CTT_Silverado
9085,864,0.09510181618051734,0.8542847163091811,0.7800373647412284,8224,0.0455447607482506,False,0.7245370370370371,1.0,0.0,0.9999561309814454,0.0,0.1,0.9984025559105432,0.0,0.0,0.0,0.3333333333333333,1.0,1.0,0.0,0.0,0.0,True,0.7245370370370371,1.0,0.0,0.9999561309814453,0.0,0.1,0.9984025559105432,0.0,0.0,0.0,0.3333333333333333,1.0,1.0,0.0,0.0,0.0,True,0.7268518518518519,0.98125,0.0014596764383894903,0.9999251365661621,115.37738022707708,0.3,0.9984025559105432,0.0,0.0,0.0,0.3333333333333333,1.0,1.0,0.0,0.0,0.0,True,0.7268518518518519,0.9905362776025236,0.0007298382191947452,0.9999321699142456,57.68869011353854,0.3,0.9984025559105432,0.0,0.0,0.0,0.3333333333333333,1.0,1.0,0.0,0.0,0.0,True,0.7326388888888888,0.8473895582329317,0.013866926164700158,0.9998981952667236,1096.0851121572323,0.5,0.9984025559105432,0.0,0.0,0.014150943396226415,0.5,1.0,1.0,0.0,0.0,1.0,XGBoost,fleet,40000,20000,12.06,B_fleet_size,CIDv2_RenaultClio,FS-A,0,2,CIDv2_Prototype|CTT_Silverado
9085,864,0.09510181618051734,0.8005663567106822,0.7644131373608685,8224,0.0455447607482506,False,0.7268518518518519,0.9905362776025236,0.0007298382191947452,0.9999906050438804,57.68869011353854,0.4,0.9968051118210862,0.0,0.0,0.0,0.3333333333333333,1.0,1.0,0.0,0.0,0.0,True,0.7268518518518519,0.9905362776025236,0.0007298382191947452,0.9999906050438803,57.68869011353854,0.4,0.9968051118210862,0.0,0.0,0.0,0.3333333333333333,1.0,1.0,0.0,0.0,0.0,True,0.7268518518518519,0.9558599695585996,0.0035275513927746018,0.9999884484218297,278.828668882103,0.4,0.9968051118210862,0.0,0.0,0.0,0.3333333333333333,1.0,1.0,0.0,0.0,0.0,True,0.7268518518518519,0.9631901840490797,0.0029193528767789806,0.9999887603495976,230.75476045415417,0.4,0.9968051118210862,0.0,0.0,0.0,0.3333333333333333,1.0,1.0,0.0,0.0,0.0,True,0.7291666666666666,0.860655737704918,0.012407249726310668,0.9999852472585495,980.7077319301553,0.4,0.9968051118210862,0.07692307692307693,0.0,0.0047169811320754715,0.6666666666666666,1.0,1.0,0.5,0.0,1.0,HistGB,fleet,40000,20000,25.62,B_fleet_size,CIDv2_RenaultClio,FS-A,1,2,CIDv2_Prototype|CTT_Silverado
9085,864,0.09510181618051734,0.8215588494010371,0.7765188643611968,8224,0.0455447607482506,False,0.7256944444444444,0.9984076433121019,0.0001216397031991242,0.9999719858169557,9.614781685589758,0.2,0.9984025559105432,0.0,0.0,0.0,0.3333333333333333,1.0,1.0,0.0,0.0,0.0,True,0.7256944444444444,0.9984076433121019,0.0001216397031991242,0.9999719858169557,9.614781685589758,0.2,0.9984025559105432,0.0,0.0,0.0,0.3333333333333333,1.0,1.0,0.0,0.0,0.0,True,0.7268518518518519,0.9751552795031055,0.001946235251185987,0.9999594688415527,153.83650696943613,0.2,0.9984025559105432,0.0,0.0,0.0047169811320754715,0.5,1.0,1.0,0.0,0.0,1.0,True,0.7268518518518519,0.9781931464174455,0.0017029558447877388,0.9999597072601318,134.6069435982566,0.2,0.9984025559105432,0.0,0.0,0.0047169811320754715,0.5,1.0,1.0,0.0,0.0,1.0,True,0.7337962962962963,0.844207723035952,0.01423184527429753,0.9999431371688843,1124.9294572140016,0.3,0.9984025559105432,0.0,0.0,0.02830188679245283,0.5,1.0,1.0,0.0,0.0,1.0,XGBoost,fleet,40000,20000,8.35,B_fleet_size,CIDv2_RenaultClio,FS-A,1,2,CIDv2_Prototype|CTT_Silverado
9085,864,0.09510181618051734,0.847496263521154,0.7789975533757483,8224,0.0455447607482506,False,0.7268518518518519,1.0,0.0,0.9998817252735838,0.0,0.4,0.9968051118210862,0.0,0.0,0.0,0.3333333333333333,1.0,1.0,0.0,0.0,0.0,True,0.7268518518518519,1.0,0.0,0.9998817252735837,0.0,0.4,0.9968051118210862,0.0,0.0,0.0,0.3333333333333333,1.0,1.0,0.0,0.0,0.0,True,0.7280092592592593,0.9921135646687698,0.000608198515995621,0.9997872906098365,48.07390842794879,0.4,0.9984025559105432,0.0,0.0,0.0,0.3333333333333333,1.0,1.0,0.0,0.0,0.0,True,0.7280092592592593,0.9936808846761453,0.0004865588127964968,0.9997938723398426,38.45912674235903,0.4,0.9984025559105432,0.0,0.0,0.0,0.3333333333333333,1.0,1.0,0.0,0.0,0.0,True,0.7280092592592593,0.8442953020134228,0.014110205571098407,0.9996846061006928,1115.314675528412,0.4,0.9984025559105432,0.0,0.0,0.0,0.3333333333333333,1.0,1.0,0.0,0.0,0.0,HistGB,fleet,40000,20000,15.78,B_fleet_size,CIDv2_RenaultClio,FS-A,0,2,CTT_Forester|CTT_Silverado
9085,864,0.09510181618051734,0.86720281055292,0.8091438964514442,8224,0.0455447607482506,False,0.7245370370370371,1.0,0.0,0.9999921321868898,0.0,0.2,0.9968051118210862,0.0,0.0,0.0,0.3333333333333333,1.0,1.0,0.0,0.0,0.0,True,0.7245370370370371,1.0,0.0,0.9999921321868898,0.0,0.2,0.9968051118210862,0.0,0.0,0.0,0.3333333333333333,1.0,1.0,0.0,0.0,0.0,True,0.7280092592592593,0.9782270606531882,0.0017029558447877388,0.9999818801879883,134.6069435982566,0.3,0.9968051118210862,0.0,0.0,0.009433962264150943,0.5,1.0,1.0,0.0,0.0,1.0,True,0.7256944444444444,0.9781591263650546,0.0017029558447877388,0.9999825954437256,134.6069435982566,0.2,0.9968051118210862,0.0,0.0,0.0047169811320754715,0.5,1.0,1.0,0.0,0.0,1.0,True,0.7418981481481481,0.8965034965034965,0.00900133803673519,0.9999662637710571,711.4938447336422,0.4,0.9968051118210862,0.0,0.0,0.06132075471698113,0.5,1.0,1.0,0.0,0.0,1.0,XGBoost,fleet,40000,20000,7.19,B_fleet_size,CIDv2_RenaultClio,FS-A,0,2,CTT_Forester|CTT_Silverado
9085,864,0.09510181618051734,0.8440214367451018,0.7774118414674362,8224,0.0455447607482506,False,0.7245370370370371,1.0,0.0,0.9998984905066178,0.0,0.1,0.9984025559105432,0.0,0.0,0.0,0.3333333333333333,1.0,1.0,0.0,0.0,0.0,True,0.7245370370370371,1.0,0.0,0.9998984905066177,0.0,0.1,0.9984025559105432,0.0,0.0,0.0,0.3333333333333333,1.0,1.0,0.0,0.0,0.0,True,0.7245370370370371,0.9984051036682615,0.0001216397031991242,0.9998903397893647,9.614781685589758,0.1,0.9984025559105432,0.0,0.0,0.0,0.3333333333333333,1.0,1.0,0.0,0.0,0.0,True,0.7245370370370371,0.9984051036682615,0.0001216397031991242,0.9998903397893647,9.614781685589758,0.1,0.9984025559105432,0.0,0.0,0.0,0.3333333333333333,1.0,1.0,0.0,0.0,0.0,True,0.7280092592592593,0.9812792511700468,0.0014596764383894903,0.9998543278241785,115.37738022707708,0.4,0.9984025559105432,0.0,0.0,0.0,0.3333333333333333,1.0,1.0,0.0,0.0,0.0,HistGB,fleet,40000,20000,30.48,B_fleet_size,CIDv2_RenaultClio,FS-A,1,2,CTT_Forester|CTT_Silverado
9085,864,0.09510181618051734,0.8434549110903873,0.7861156497009062,8224,0.0455447607482506,False,0.7280092592592593,0.9721792890262752,0.0021895146575842354,0.9999908208847047,173.06607034061562,0.5,0.9968051118210862,0.0,0.0,0.0,0.3333333333333333,1.0,1.0,0.0,0.0,0.0,True,0.7280092592592593,0.9721792890262752,0.0021895146575842354,0.9999908208847047,173.06607034061562,0.5,0.9968051118210862,0.0,0.0,0.0,0.3333333333333333,1.0,1.0,0.0,0.0,0.0,True,0.7326388888888888,0.9391691394658753,0.004987227831164092,0.9999885559082031,394.20604910918,0.7,0.9968051118210862,0.0,0.0,0.009433962264150943,0.5,1.0,1.0,0.0,0.0,1.0,True,0.7291666666666666,0.9516616314199395,0.003892470502371974,0.9999890327453613,307.67301393887226,0.6,0.9968051118210862,0.0,0.0,0.0,0.3333333333333333,1.0,1.0,0.0,0.0,0.0,True,0.7407407407407407,0.7729468599033816,0.022868264201435347,0.9999840259552002,1807.5789568908742,0.7,0.9968051118210862,0.0,0.0,0.04245283018867924,0.5,1.0,1.0,0.0,0.0,1.0,XGBoost,fleet,40000,20000,8.69,B_fleet_size,CIDv2_RenaultClio,FS-A,1,2,CTT_Forester|CTT_Silverado
9085,864,0.09510181618051734,0.8772543469299491,0.741601642114935,8224,0.0455447607482506,False,0.0023148148148148147,1.0,0.0,0.99876537610192,0.0,0.0,0.0,0.0,0.3333333333333333,0.0047169811320754715,0.3333333333333333,0.0,0.0,0.0,1.0,1.0,True,0.0023148148148148147,1.0,0.0,0.9987653761019198,0.0,0.0,0.0,0.0,0.3333333333333333,0.0047169811320754715,0.3333333333333333,0.0,0.0,0.0,1.0,1.0,True,0.004629629629629629,0.3333333333333333,0.0009731176255929935,0.9978551252060014,76.91825348471806,0.0,0.0,0.0,0.3333333333333333,0.014150943396226415,0.3333333333333333,0.0,0.0,0.0,1.0,1.0,True,0.003472222222222222,0.375,0.000608198515995621,0.9981268898646638,48.07390842794879,0.0,0.0,0.0,0.3333333333333333,0.009433962264150943,0.3333333333333333,0.0,0.0,0.0,1.0,1.0,True,0.7337962962962963,0.8892005610098177,0.009609536552730811,0.9963300986042444,759.5677531615909,0.0,0.9968051118210862,0.0,0.3333333333333333,0.04245283018867924,0.5,0.0,1.0,0.0,1.0,1.0,HistGB,fleet,40000,20000,26.23,B_fleet_size,CIDv2_RenaultClio,FS-A,0,2,CTT_Forester|ROAD_ORNL
9085,864,0.09510181618051734,0.849519509093694,0.7888162994792398,8224,0.0455447607482506,False,0.7233796296296297,1.0,0.0,0.9989606142044068,0.0,0.0,0.9968051118210862,0.0,0.0,0.0047169811320754715,0.3333333333333333,0.0,1.0,0.0,0.0,1.0,True,0.7233796296296297,1.0,0.0,0.9989606142044068,0.0,0.0,0.9968051118210862,0.0,0.0,0.0047169811320754715,0.3333333333333333,0.0,1.0,0.0,0.0,1.0,True,0.7245370370370371,0.990506329113924,0.0007298382191947452,0.9983053207397461,57.68869011353854,0.0,0.9968051118210862,0.0,0.0,0.009433962264150943,0.3333333333333333,0.0,1.0,0.0,0.0,1.0,True,0.7233796296296297,1.0,0.0,0.9984986782073975,0.0,0.0,0.9968051118210862,0.0,0.0,0.0047169811320754715,0.3333333333333333,0.0,1.0,0.0,0.0,1.0,True,0.7349537037037037,0.8956276445698167,0.00900133803673519,0.9970762729644775,711.4938447336422,0.0,0.9968051118210862,0.0,0.3333333333333333,0.04716981132075472,0.5,0.0,1.0,0.0,1.0,1.0,XGBoost,fleet,40000,20000,10.45,B_fleet_size,CIDv2_RenaultClio,FS-A,0,2,CTT_Forester|ROAD_ORNL
9085,864,0.09510181618051734,0.7920393290444074,0.5558393055463241,8224,0.0455447607482506,False,0.0011574074074074073,1.0,0.0,0.9998741562457742,0.0,0.0,0.0,0.0,0.3333333333333333,0.0,0.16666666666666666,0.0,0.0,0.0,1.0,0.0,True,0.0011574074074074073,1.0,0.0,0.9998741562457742,0.0,0.0,0.0,0.0,0.3333333333333333,0.0,0.16666666666666666,0.0,0.0,0.0,1.0,0.0,True,0.0011574074074074073,0.3333333333333333,0.0002432794063982484,0.9998126219593109,19.229563371179516,0.0,0.0,0.0,0.3333333333333333,0.0,0.16666666666666666,0.0,0.0,0.0,1.0,0.0,True,0.0011574074074074073,0.5,0.0001216397031991242,0.999818614083195,9.614781685589758,0.0,0.0,0.0,0.3333333333333333,0.0,0.16666666666666666,0.0,0.0,0.0,1.0,0.0,True,0.0023148148148148147,0.018518518518518517,0.012893808539107165,0.9995602824870092,1019.1668586725143,0.0,0.001597444089456869,0.0,0.3333333333333333,0.0,0.3333333333333333,0.0,1.0,0.0,1.0,0.0,HistGB,fleet,40000,20000,29.01,B_fleet_size,CIDv2_RenaultClio,FS-A,1,2,CTT_Forester|ROAD_ORNL
9085,864,0.09510181618051734,0.7974235753512909,0.759936862082739,8224,0.0455447607482506,False,0.0,0.0,0.0,0.9998682737350465,0.0,0.0,0.0,0.0,0.0,0.0,0.0,0.0,0.0,0.0,0.0,0.0,True,0.0,0.0,0.0,0.9998682737350464,0.0,0.0,0.0,0.0,0.0,0.0,0.0,0.0,0.0,0.0,0.0,0.0,True,0.7233796296296297,0.9936406995230525,0.0004865588127964968,0.9996922016143799,38.45912674235903,0.0,0.9968051118210862,0.0,0.0,0.0047169811320754715,0.3333333333333333,0.0,1.0,0.0,0.0,1.0,True,0.0011574074074074073,0.25,0.0003649191095973726,0.9997153878211975,28.84434505676927,0.0,0.0,0.0,0.0,0.0047169811320754715,0.16666666666666666,0.0,0.0,0.0,0.0,1.0,True,0.7233796296296297,0.9164222873900293,0.006933463082350079,0.9994389414787292,548.0425560786161,0.0,0.9968051118210862,0.0,0.0,0.0047169811320754715,0.3333333333333333,0.0,1.0,0.0,0.0,1.0,XGBoost,fleet,40000,20000,9.46,B_fleet_size,CIDv2_RenaultClio,FS-A,1,2,CTT_Forester|ROAD_ORNL
9085,864,0.09510181618051734,0.8407993924772601,0.7660257705422762,8224,0.0455447607482506,False,0.0,0.0,0.0,0.9999926550116701,0.0,0.0,0.0,0.0,0.0,0.0,0.0,0.0,0.0,0.0,0.0,0.0,True,0.0,0.0,0.0,0.99999265501167,0.0,0.0,0.0,0.0,0.0,0.0,0.0,0.0,0.0,0.0,0.0,0.0,True,0.7222222222222222,0.9826771653543307,0.0013380367351903662,0.9999768017033068,105.76259854148734,0.0,0.9968051118210862,0.0,0.0,0.0,0.16666666666666666,0.0,1.0,0.0,0.0,0.0,True,0.0,0.0,0.000608198515995621,0.9999806915354283,48.07390842794879,0.0,0.0,0.0,0.0,0.0,0.0,0.0,0.0,0.0,0.0,0.0,True,0.7222222222222222,0.8727272727272727,0.011069212991120302,0.9999637167259046,874.945133388668,0.0,0.9968051118210862,0.0,0.0,0.0,0.16666666666666666,0.0,1.0,0.0,0.0,0.0,HistGB,fleet,40000,20000,29.54,B_fleet_size,CIDv2_RenaultClio,FS-A,0,2,CTT_Silverado|CTT_Traverse
9085,864,0.09510181618051734,0.7060932762527764,0.3007719276926868,8224,0.0455447607482506,False,0.0,0.0,0.0,0.9999995231628419,0.0,0.0,0.0,0.0,0.0,0.0,0.0,0.0,0.0,0.0,0.0,0.0,True,0.0,0.0,0.0,0.9999995231628418,0.0,0.0,0.0,0.0,0.0,0.0,0.0,0.0,0.0,0.0,0.0,0.0,True,0.0,0.0,0.0010947573287921177,0.9999992847442627,86.53303517030781,0.0,0.0,0.0,0.0,0.0,0.0,0.0,0.0,0.0,0.0,0.0,True,0.0,0.0,0.0004865588127964968,0.9999994039535522,38.45912674235903,0.0,0.0,0.0,0.0,0.0,0.0,0.0,0.0,0.0,0.0,0.0,True,0.0011574074074074073,0.010101010101010102,0.011920690913514172,0.999998927116394,942.2486051877962,0.1,0.0,0.0,0.0,0.0,0.16666666666666666,1.0,0.0,0.0,0.0,0.0,XGBoost,fleet,40000,20000,9.6,B_fleet_size,CIDv2_RenaultClio,FS-A,0,2,CTT_Silverado|CTT_Traverse
9085,864,0.09510181618051734,0.7545132694274375,0.30871465229547806,8224,0.0455447607482506,False,0.0,0.0,0.0,0.9999976208040652,0.0,0.0,0.0,0.0,0.0,0.0,0.0,0.0,0.0,0.0,0.0,0.0,True,0.0,0.0,0.0,0.9999976208040652,0.0,0.0,0.0,0.0,0.0,0.0,0.0,0.0,0.0,0.0,0.0,0.0,True,0.0,0.0,0.0002432794063982484,0.9999952102047404,19.229563371179516,0.0,0.0,0.0,0.0,0.0,0.0,0.0,0.0,0.0,0.0,0.0,True,0.0,0.0,0.0001216397031991242,0.9999953205178201,9.614781685589758,0.0,0.0,0.0,0.0,0.0,0.0,0.0,0.0,0.0,0.0,0.0,True,0.0023148148148148147,0.03278688524590164,0.007176742488748327,0.9999936795620311,567.2721194497957,0.0,0.0,0.0,0.0,0.009433962264150943,0.16666666666666666,0.0,0.0,0.0,0.0,1.0,HistGB,fleet,40000,20000,29.3,B_fleet_size,CIDv2_RenaultClio,FS-A,1,2,CTT_Silverado|CTT_Traverse
9085,864,0.09510181618051734,0.7370476241963896,0.2854902434679917,8224,0.0455447607482506,False,0.0,0.0,0.0,0.9999996423721315,0.0,0.0,0.0,0.0,0.0,0.0,0.0,0.0,0.0,0.0,0.0,0.0,True,0.0,0.0,0.0,0.9999996423721313,0.0,0.0,0.0,0.0,0.0,0.0,0.0,0.0,0.0,0.0,0.0,0.0,True,0.0,0.0,0.0003649191095973726,0.9999994039535522,28.84434505676927,0.0,0.0,0.0,0.0,0.0,0.0,0.0,0.0,0.0,0.0,0.0,True,0.0,0.0,0.0002432794063982484,0.9999995231628418,19.229563371179516,0.0,0.0,0.0,0.0,0.0,0.0,0.0,0.0,0.0,0.0,0.0,True,0.0,0.0,0.011555771803916799,0.9999990463256836,913.404260131027,0.0,0.0,0.0,0.0,0.0,0.0,0.0,0.0,0.0,0.0,0.0,XGBoost,fleet,40000,20000,12.06,B_fleet_size,CIDv2_RenaultClio,FS-A,1,2,CTT_Silverado|CTT_Traverse
9085,864,0.09510181618051734,0.8481894972000343,0.7796355448197912,8224,0.0455447607482506,False,0.7245370370370371,1.0,0.0,0.9999868537196357,0.0,0.2,0.9968051118210862,0.0,0.0,0.0,0.3333333333333333,1.0,1.0,0.0,0.0,0.0,True,0.7245370370370371,1.0,0.0,0.9999868537196357,0.0,0.2,0.9968051118210862,0.0,0.0,0.0,0.3333333333333333,1.0,1.0,0.0,0.0,0.0,True,0.7256944444444444,0.9920886075949367,0.000608198515995621,0.9999847539702829,48.07390842794879,0.2,0.9968051118210862,0.0,0.0,0.0047169811320754715,0.5,1.0,1.0,0.0,0.0,1.0,True,0.7245370370370371,0.9968152866242038,0.0002432794063982484,0.9999855436038867,19.229563371179516,0.2,0.9968051118210862,0.0,0.0,0.0,0.3333333333333333,1.0,1.0,0.0,0.0,0.0,True,0.7280092592592593,0.9063400576368876,0.007906580707943072,0.9999812379606495,624.9608095633342,0.3,0.9968051118210862,0.0,0.0,0.009433962264150943,0.5,1.0,1.0,0.0,0.0,1.0,HistGB,fleet,40000,20000,23.07,B_fleet_size,CIDv2_RenaultClio,FS-A,0,3,CIDv2_Prototype|CTT_Silverado|CTT_Traverse
9085,864,0.09510181618051734,0.7348692316875931,0.30049567921817333,8224,0.0455447607482506,False,0.0,0.0,0.0,0.9999991655349733,0.0,0.0,0.0,0.0,0.0,0.0,0.0,0.0,0.0,0.0,0.0,0.0,True,0.0,0.0,0.0,0.9999991655349733,0.0,0.0,0.0,0.0,0.0,0.0,0.0,0.0,0.0,0.0,0.0,0.0,True,0.0011574074074074073,0.047619047619047616,0.002432794063982484,0.999998927116394,192.29563371179515,0.1,0.0,0.0,0.0,0.0,0.16666666666666666,1.0,0.0,0.0,0.0,0.0,True,0.0011574074074074073,0.125,0.0008514779223938694,0.9999990463256836,67.3034717991283,0.1,0.0,0.0,0.0,0.0,0.16666666666666666,1.0,0.0,0.0,0.0,0.0,True,0.0023148148148148147,0.017391304347826087,0.013745286461501034,0.9999985694885254,1086.4703304716427,0.2,0.0,0.0,0.0,0.0,0.16666666666666666,1.0,0.0,0.0,0.0,0.0,XGBoost,fleet,40000,20000,7.3,B_fleet_size,CIDv2_RenaultClio,FS-A,0,3,CIDv2_Prototype|CTT_Silverado|CTT_Traverse
9085,864,0.09510181618051734,0.8587986896700861,0.7863757442488364,8224,0.0455447607482506,False,0.7222222222222222,0.9904761904761905,0.0007298382191947452,0.9999782310979527,57.68869011353854,0.0,0.9968051118210862,0.0,0.0,0.0,0.16666666666666666,0.0,1.0,0.0,0.0,0.0,True,0.7222222222222222,0.9904761904761905,0.0007298382191947452,0.9999782310979526,57.68869011353854,0.0,0.9968051118210862,0.0,0.0,0.0,0.16666666666666666,0.0,1.0,0.0,0.0,0.0,True,0.7233796296296297,0.9615384615384616,0.0030409925799781048,0.9999691049610941,240.3695421397439,0.0,0.9968051118210862,0.0,0.0,0.0047169811320754715,0.3333333333333333,0.0,1.0,0.0,0.0,1.0,True,0.7233796296296297,0.9615384615384616,0.0030409925799781048,0.999969274555975,240.3695421397439,0.0,0.9968051118210862,0.0,0.0,0.0047169811320754715,0.3333333333333333,0.0,1.0,0.0,0.0,1.0,True,0.7326388888888888,0.8462566844919787,0.013988565867899282,0.9999537868745413,1105.6998938428221,0.3,0.9968051118210862,0.0,0.0,0.02830188679245283,0.5,1.0,1.0,0.0,0.0,1.0,HistGB,fleet,40000,20000,27.98,B_fleet_size,CIDv2_RenaultClio,FS-A,1,3,CIDv2_Prototype|CTT_Silverado|CTT_Traverse
9085,864,0.09510181618051734,0.8410899058193334,0.7693393848201001,8224,0.0455447607482506,False,0.7222222222222222,0.9984,0.0001216397031991242,0.9999974966049195,9.614781685589758,0.0,0.9968051118210862,0.0,0.0,0.0,0.16666666666666666,0.0,1.0,0.0,0.0,0.0,True,0.7233796296296297,0.9952229299363057,0.0003649191095973726,0.9999974966049194,28.84434505676927,0.1,0.9968051118210862,0.0,0.0,0.0,0.3333333333333333,1.0,1.0,0.0,0.0,0.0,True,0.7233796296296297,0.9811616954474097,0.0014596764383894903,0.9999969005584717,115.37738022707708,0.1,0.9968051118210862,0.0,0.0,0.0,0.3333333333333333,1.0,1.0,0.0,0.0,0.0,True,0.7233796296296297,0.9811616954474097,0.0014596764383894903,0.9999969005584717,115.37738022707708,0.1,0.9968051118210862,0.0,0.0,0.0,0.3333333333333333,1.0,1.0,0.0,0.0,0.0,True,0.7233796296296297,0.8400537634408602,0.01447512468069578,0.999995231628418,1144.1590205851812,0.1,0.9968051118210862,0.0,0.0,0.0,0.3333333333333333,1.0,1.0,0.0,0.0,0.0,XGBoost,fleet,40000,20000,10.65,B_fleet_size,CIDv2_RenaultClio,FS-A,1,3,CIDv2_Prototype|CTT_Silverado|CTT_Traverse
9085,864,0.09510181618051734,0.8459403593777453,0.7823610654376364,8224,0.0455447607482506,False,0.7245370370370371,0.9984051036682615,0.0001216397031991242,0.9997198063411441,9.614781685589758,0.2,0.9968051118210862,0.0,0.0,0.0,0.3333333333333333,1.0,1.0,0.0,0.0,0.0,True,0.7245370370370371,0.9984051036682615,0.0001216397031991242,0.999719806341144,9.614781685589758,0.2,0.9968051118210862,0.0,0.0,0.0,0.3333333333333333,1.0,1.0,0.0,0.0,0.0,True,0.7245370370370371,0.9811912225705329,0.0014596764383894903,0.9996294211976767,115.37738022707708,0.2,0.9968051118210862,0.0,0.0,0.0,0.3333333333333333,1.0,1.0,0.0,0.0,0.0,True,0.7245370370370371,0.9811912225705329,0.0014596764383894903,0.9996294211976767,115.37738022707708,0.2,0.9968051118210862,0.0,0.0,0.0,0.3333333333333333,1.0,1.0,0.0,0.0,0.0,True,0.7303240740740741,0.8596730245231607,0.012528889429509792,0.9993672704791422,990.322513615745,0.4,0.9968051118210862,0.0,0.0,0.014150943396226415,0.5,1.0,1.0,0.0,0.0,1.0,HistGB,fleet,40000,20000,20.11,B_fleet_size,CIDv2_RenaultClio,FS-A,0,3,CTT_Forester|CTT_Impala|CTT_Silverado
9085,864,0.09510181618051734,0.8524794789315528,0.7918098548046407,8224,0.0455447607482506,False,0.7303240740740741,0.9984177215189873,0.0001216397031991242,0.9999481439590455,9.614781685589758,0.4,0.9968051118210862,0.0,0.0,0.014150943396226415,0.5,1.0,1.0,0.0,0.0,1.0,True,0.7303240740740741,0.9984177215189873,0.0001216397031991242,0.9999481439590455,9.614781685589758,0.4,0.9968051118210862,0.0,0.0,0.014150943396226415,0.5,1.0,1.0,0.0,0.0,1.0,True,0.7349537037037037,0.9784283513097073,0.0017029558447877388,0.999927282333374,134.6069435982566,0.5,0.9968051118210862,0.0,0.0,0.02830188679245283,0.5,1.0,1.0,0.0,0.0,1.0,True,0.7337962962962963,0.9814241486068112,0.0014596764383894903,0.9999303817749023,115.37738022707708,0.5,0.9968051118210862,0.0,0.0,0.02358490566037736,0.5,1.0,1.0,0.0,0.0,1.0,True,0.7465277777777778,0.8154235145385588,0.017759396667072134,0.9999035596847534,1403.7581260961047,0.5,0.9968051118210862,0.07692307692307693,0.0,0.07075471698113207,0.6666666666666666,1.0,1.0,0.5,0.0,1.0,XGBoost,fleet,40000,20000,6.96,B_fleet_size,CIDv2_RenaultClio,FS-A,0,3,CTT_Forester|CTT_Impala|CTT_Silverado
9085,864,0.09510181618051734,0.7667624860902746,0.39847595464210595,8224,0.0455447607482506,False,0.0011574074074074073,0.5,0.0001216397031991242,0.9999682207281537,9.614781685589758,0.1,0.0,0.0,0.0,0.0,0.16666666666666666,1.0,0.0,0.0,0.0,0.0,True,0.0011574074074074073,0.5,0.0001216397031991242,0.9999682207281536,9.614781685589758,0.1,0.0,0.0,0.0,0.0,0.16666666666666666,1.0,0.0,0.0,0.0,0.0,True,0.003472222222222222,0.07692307692307693,0.004379029315168471,0.9999519966332849,346.13214068123125,0.3,0.0,0.0,0.0,0.0,0.16666666666666666,1.0,0.0,0.0,0.0,0.0,True,0.003472222222222222,0.11538461538461539,0.0027977131735798565,0.9999552830944494,221.13997876856442,0.3,0.0,0.0,0.0,0.0,0.16666666666666666,1.0,0.0,0.0,0.0,0.0,True,0.005787037037037037,0.019305019305019305,0.030896484612577546,0.9999303818377688,2442.1545481397984,0.4,0.0,0.0,0.0,0.0047169811320754715,0.3333333333333333,1.0,0.0,0.0,0.0,1.0,HistGB,fleet,40000,20000,16.0,B_fleet_size,CIDv2_RenaultClio,FS-A,1,3,CTT_Forester|CTT_Impala|CTT_Silverado
9085,864,0.09510181618051734,0.8566931542751851,0.7880692751324103,8224,0.0455447607482506,False,0.7280092592592593,0.9921135646687698,0.000608198515995621,0.9999786615371705,48.07390842794879,0.5,0.9968051118210862,0.0,0.0,0.0,0.3333333333333333,1.0,1.0,0.0,0.0,0.0,True,0.7280092592592593,0.9921135646687698,0.000608198515995621,0.9999786615371704,48.07390842794879,0.5,0.9968051118210862,0.0,0.0,0.0,0.3333333333333333,1.0,1.0,0.0,0.0,0.0,True,0.7280092592592593,0.9573820395738204,0.0034059116895754776,0.9999703168869019,269.2138871965132,0.5,0.9968051118210862,0.0,0.0,0.0,0.3333333333333333,1.0,1.0,0.0,0.0,0.0,True,0.7280092592592593,0.9573820395738204,0.0034059116895754776,0.9999703168869019,269.2138871965132,0.5,0.9968051118210862,0.0,0.0,0.0,0.3333333333333333,1.0,1.0,0.0,0.0,0.0,True,0.7314814814814815,0.8598639455782313,0.012528889429509792,0.9999611377716064,990.322513615745,0.6,0.9968051118210862,0.0,0.0,0.009433962264150943,0.5,1.0,1.0,0.0,0.0,1.0,XGBoost,fleet,40000,20000,6.34,B_fleet_size,CIDv2_RenaultClio,FS-A,1,3,CTT_Forester|CTT_Impala|CTT_Silverado
9085,864,0.09510181618051734,0.8290745358544288,0.45717024312153176,8224,0.0455447607482506,False,0.0,0.0,0.0,0.999986025520966,0.0,0.0,0.0,0.0,0.0,0.0,0.0,0.0,0.0,0.0,0.0,0.0,True,0.0,0.0,0.0,0.9999860255209659,0.0,0.0,0.0,0.0,0.0,0.0,0.0,0.0,0.0,0.0,0.0,0.0,True,0.0,0.0,0.0003649191095973726,0.999979975176643,28.84434505676927,0.0,0.0,0.0,0.0,0.0,0.0,0.0,0.0,0.0,0.0,0.0,True,0.0,0.0,0.0,0.9999809613615135,0.0,0.0,0.0,0.0,0.0,0.0,0.0,0.0,0.0,0.0,0.0,0.0,True,0.008101851851851851,0.13725490196078433,0.005352146940761465,0.9999699536052449,423.05039416594934,0.0,0.0,0.0,0.0,0.0330188679245283,0.16666666666666666,0.0,0.0,0.0,0.0,1.0,HistGB,fleet,40000,20000,15.7,B_fleet_size,CIDv2_RenaultClio,FS-A,0,3,CTT_Forester|CTT_Impala|CTT_Traverse
9085,864,0.09510181618051734,0.4390356308595422,0.11872043159183235,8224,0.0455447607482506,False,0.0,0.0,0.0001216397031991242,0.9999982118606568,9.614781685589758,0.0,0.0,0.0,0.0,0.0,0.0,0.0,0.0,0.0,0.0,0.0,True,0.0,0.0,0.0001216397031991242,0.9999982118606567,9.614781685589758,0.0,0.0,0.0,0.0,0.0,0.0,0.0,0.0,0.0,0.0,0.0,True,0.003472222222222222,0.15789473684210525,0.001946235251185987,0.9999972581863403,153.83650696943613,0.1,0.0,0.0,0.0,0.009433962264150943,0.3333333333333333,1.0,0.0,0.0,0.0,1.0,True,0.003472222222222222,0.23076923076923078,0.001216397031991242,0.9999973773956299,96.14781685589757,0.1,0.0,0.0,0.0,0.009433962264150943,0.3333333333333333,1.0,0.0,0.0,0.0,1.0,True,0.008101851851851851,0.056910569105691054,0.014110205571098407,0.9999958276748657,1115.314675528412,0.2,0.0,0.0,0.0,0.02358490566037736,0.3333333333333333,1.0,0.0,0.0,0.0,1.0,XGBoost,fleet,40000,20000,6.9,B_fleet_size,CIDv2_RenaultClio,FS-A,0,3,CTT_Forester|CTT_Impala|CTT_Traverse
9085,864,0.09510181618051734,0.719663001707461,0.26717040309411283,8224,0.0455447607482506,False,0.0011574074074074073,1.0,0.0,0.9999937150371994,0.0,0.1,0.0,0.0,0.0,0.0,0.16666666666666666,1.0,0.0,0.0,0.0,0.0,True,0.0011574074074074073,1.0,0.0,0.9999937150371992,0.0,0.1,0.0,0.0,0.0,0.0,0.16666666666666666,1.0,0.0,0.0,0.0,0.0,True,0.0023148148148148147,0.14285714285714285,0.0014596764383894903,0.9999907927369106,115.37738022707708,0.2,0.0,0.0,0.0,0.0,0.16666666666666666,1.0,0.0,0.0,0.0,0.0,True,0.0023148148148148147,0.16666666666666666,0.001216397031991242,0.999990831129407,96.14781685589757,0.2,0.0,0.0,0.0,0.0,0.16666666666666666,1.0,0.0,0.0,0.0,0.0,True,0.003472222222222222,0.06666666666666667,0.0051088675343632164,0.9999873488912568,403.8208307947698,0.2,0.0,0.0,0.0,0.0047169811320754715,0.3333333333333333,1.0,0.0,0.0,0.0,1.0,HistGB,fleet,40000,20000,20.58,B_fleet_size,CIDv2_RenaultClio,FS-A,1,3,CTT_Forester|CTT_Impala|CTT_Traverse
9085,864,0.09510181618051734,0.5434438874922849,0.14622339565114087,8224,0.0455447607482506,False,0.0011574074074074073,0.5,0.0001216397031991242,0.9999951124191285,9.614781685589758,0.1,0.0,0.0,0.0,0.0,0.16666666666666666,1.0,0.0,0.0,0.0,0.0,True,0.0011574074074074073,0.5,0.0001216397031991242,0.9999951124191284,9.614781685589758,0.1,0.0,0.0,0.0,0.0,0.16666666666666666,1.0,0.0,0.0,0.0,0.0,True,0.003472222222222222,0.3,0.0008514779223938694,0.9999939203262329,67.3034717991283,0.3,0.0,0.0,0.0,0.0,0.16666666666666666,1.0,0.0,0.0,0.0,0.0,True,0.0023148148148148147,0.25,0.0007298382191947452,0.9999940395355225,57.68869011353854,0.2,0.0,0.0,0.0,0.0,0.16666666666666666,1.0,0.0,0.0,0.0,0.0,True,0.01273148148148148,0.09243697478991597,0.013137087945505412,0.9999903440475464,1038.3964220436937,0.4,0.0,0.0,0.0,0.0330188679245283,0.3333333333333333,1.0,0.0,0.0,0.0,1.0,XGBoost,fleet,40000,20000,8.72,B_fleet_size,CIDv2_RenaultClio,FS-A,1,3,CTT_Forester|CTT_Impala|CTT_Traverse
9085,864,0.09510181618051734,0.885250538368316,0.800353945850071,8224,0.0455447607482506,False,0.7222222222222222,1.0,0.0,0.9999442073344761,0.0,0.0,0.9968051118210862,0.0,0.0,0.0,0.16666666666666666,0.0,1.0,0.0,0.0,0.0,True,0.7222222222222222,1.0,0.0,0.999944207334476,0.0,0.0,0.9968051118210862,0.0,0.0,0.0,0.16666666666666666,0.0,1.0,0.0,0.0,0.0,True,0.7233796296296297,0.9968102073365231,0.0002432794063982484,0.9998771009791637,19.229563371179516,0.1,0.9968051118210862,0.0,0.0,0.0,0.3333333333333333,1.0,1.0,0.0,0.0,0.0,True,0.7233796296296297,0.9968102073365231,0.0002432794063982484,0.9998873481687897,19.229563371179516,0.1,0.9968051118210862,0.0,0.0,0.0,0.3333333333333333,1.0,1.0,0.0,0.0,0.0,True,0.7326388888888888,0.9281524926686217,0.005960345456757086,0.9994094484023613,471.1243025938981,0.5,0.9968051118210862,0.0,0.0,0.018867924528301886,0.5,1.0,1.0,0.0,0.0,1.0,HistGB,fleet,40000,20000,21.94,B_fleet_size,CIDv2_RenaultClio,FS-A,0,3,CTT_Forester|CTT_Silverado|CTT_Traverse
9085,864,0.09510181618051734,0.83881176593818,0.779014086823998,8224,0.0455447607482506,False,0.7245370370370371,1.0,0.0,0.9999238252639772,0.0,0.2,0.9968051118210862,0.0,0.0,0.0,0.3333333333333333,1.0,1.0,0.0,0.0,0.0,True,0.7245370370370371,1.0,0.0,0.999923825263977,0.0,0.2,0.9968051118210862,0.0,0.0,0.0,0.3333333333333333,1.0,1.0,0.0,0.0,0.0,True,0.7268518518518519,0.9984101748807631,0.0001216397031991242,0.99983811378479,9.614781685589758,0.4,0.9968051118210862,0.0,0.0,0.0,0.3333333333333333,1.0,1.0,0.0,0.0,0.0,True,0.7268518518518519,1.0,0.0,0.9998493194580078,0.0,0.4,0.9968051118210862,0.0,0.0,0.0,0.3333333333333333,1.0,1.0,0.0,0.0,0.0,True,0.7303240740740741,0.9460269865067467,0.004379029315168471,0.9996480941772461,346.13214068123125,0.7,0.9968051118210862,0.0,0.0,0.0,0.3333333333333333,1.0,1.0,0.0,0.0,0.0,XGBoost,fleet,40000,20000,9.48,B_fleet_size,CIDv2_RenaultClio,FS-A,0,3,CTT_Forester|CTT_Silverado|CTT_Traverse
9085,864,0.09510181618051734,0.8753597100019372,0.8001388527515437,8224,0.0455447607482506,False,0.7245370370370371,1.0,0.0,0.9998912837639166,0.0,0.2,0.9968051118210862,0.0,0.0,0.0,0.3333333333333333,1.0,1.0,0.0,0.0,0.0,True,0.7245370370370371,1.0,0.0,0.9998912837639164,0.0,0.2,0.9968051118210862,0.0,0.0,0.0,0.3333333333333333,1.0,1.0,0.0,0.0,0.0,True,0.7256944444444444,0.9952380952380953,0.0003649191095973726,0.9998482344304063,28.84434505676927,0.3,0.9968051118210862,0.0,0.0,0.0,0.3333333333333333,1.0,1.0,0.0,0.0,0.0,True,0.7256944444444444,0.9952380952380953,0.0003649191095973726,0.9998527808828103,28.84434505676927,0.3,0.9968051118210862,0.0,0.0,0.0,0.3333333333333333,1.0,1.0,0.0,0.0,0.0,True,0.7395833333333334,0.9397058823529412,0.004987227831164092,0.9997424542178541,394.20604910918,0.5,0.9968051118210862,0.0,0.0,0.04716981132075472,0.5,1.0,1.0,0.0,0.0,1.0,HistGB,fleet,40000,20000,19.63,B_fleet_size,CIDv2_RenaultClio,FS-A,1,3,CTT_Forester|CTT_Silverado|CTT_Traverse
9085,864,0.09510181618051734,0.8204806345087332,0.7742281414210341,8224,0.0455447607482506,False,0.7268518518518519,1.0,0.0,0.9998948574066163,0.0,0.4,0.9968051118210862,0.0,0.0,0.0,0.3333333333333333,1.0,1.0,0.0,0.0,0.0,True,0.7268518518518519,1.0,0.0,0.9998948574066162,0.0,0.4,0.9968051118210862,0.0,0.0,0.0,0.3333333333333333,1.0,1.0,0.0,0.0,0.0,True,0.7268518518518519,0.988976377952756,0.0008514779223938694,0.9998276233673096,67.3034717991283,0.4,0.9968051118210862,0.0,0.0,0.0,0.3333333333333333,1.0,1.0,0.0,0.0,0.0,True,0.7268518518518519,0.9984101748807631,0.0001216397031991242,0.9998432397842407,9.614781685589758,0.4,0.9968051118210862,0.0,0.0,0.0,0.3333333333333333,1.0,1.0,0.0,0.0,0.0,True,0.7349537037037037,0.8698630136986302,0.011555771803916799,0.9997336268424988,913.404260131027,0.6,0.9968051118210862,0.0,0.0,0.02358490566037736,0.5,1.0,1.0,0.0,0.0,1.0,XGBoost,fleet,40000,20000,9.68,B_fleet_size,CIDv2_RenaultClio,FS-A,1,3,CTT_Forester|CTT_Silverado|CTT_Traverse
9085,864,0.09510181618051734,0.839646279064005,0.6689650859671791,8224,0.0455447607482506,False,0.0,0.0,0.0,0.9996522337987771,0.0,0.0,0.0,0.0,0.0,0.0,0.0,0.0,0.0,0.0,0.0,0.0,True,0.0,0.0,0.0,0.9996522337987771,0.0,0.0,0.0,0.0,0.0,0.0,0.0,0.0,0.0,0.0,0.0,0.0,True,0.0,0.0,0.0,0.9994253646898259,0.0,0.0,0.0,0.0,0.0,0.0,0.0,0.0,0.0,0.0,0.0,0.0,True,0.0,0.0,0.0,0.9994253646898259,0.0,0.0,0.0,0.0,0.0,0.0,0.0,0.0,0.0,0.0,0.0,0.0,True,0.003472222222222222,0.07692307692307693,0.004379029315168471,0.9991731521510406,346.13214068123125,0.0,0.004792332268370607,0.0,0.0,0.0,0.16666666666666666,0.0,1.0,0.0,0.0,0.0,HistGB,fleet,40000,20000,21.98,B_fleet_size,CIDv2_RenaultClio,FS-A,0,3,CTT_Silverado|CTT_Traverse|ROAD_ORNL
9085,864,0.09510181618051734,0.8274893480787684,0.7682030629936556,8224,0.0455447607482506,False,0.7222222222222222,0.9936305732484076,0.0004865588127964968,0.9993337988853456,38.45912674235903,0.0,0.9968051118210862,0.0,0.0,0.0,0.16666666666666666,0.0,1.0,0.0,0.0,0.0,True,0.7222222222222222,0.9936305732484076,0.0004865588127964968,0.9993337988853455,38.45912674235903,0.0,0.9968051118210862,0.0,0.0,0.0,0.16666666666666666,0.0,1.0,0.0,0.0,0.0,True,0.7222222222222222,0.9734789391575663,0.0020678749543851112,0.9991883635520935,163.45128865502588,0.0,0.9968051118210862,0.0,0.0,0.0,0.16666666666666666,0.0,1.0,0.0,0.0,0.0,True,0.7222222222222222,0.9765258215962441,0.001824595547986863,0.9992353916168213,144.22172528384638,0.0,0.9968051118210862,0.0,0.0,0.0,0.16666666666666666,0.0,1.0,0.0,0.0,0.0,True,0.7222222222222222,0.8801128349788434,0.010339374771925557,0.9988052845001221,817.2564432751293,0.0,0.9968051118210862,0.0,0.0,0.0,0.16666666666666666,0.0,1.0,0.0,0.0,0.0,XGBoost,fleet,40000,20000,9.69,B_fleet_size,CIDv2_RenaultClio,FS-A,0,3,CTT_Silverado|CTT_Traverse|ROAD_ORNL
9085,864,0.09510181618051734,0.875239266985633,0.7963998427782365,8224,0.0455447607482506,False,0.7222222222222222,1.0,0.0,0.9983768079779911,0.0,0.0,0.9968051118210862,0.0,0.0,0.0,0.16666666666666666,0.0,1.0,0.0,0.0,0.0,True,0.7222222222222222,1.0,0.0,0.998376807977991,0.0,0.0,0.9968051118210862,0.0,0.0,0.0,0.16666666666666666,0.0,1.0,0.0,0.0,0.0,True,0.7222222222222222,0.9904761904761905,0.0007298382191947452,0.9966310387334696,57.68869011353854,0.0,0.9968051118210862,0.0,0.0,0.0,0.16666666666666666,0.0,1.0,0.0,0.0,0.0,True,0.7222222222222222,0.9920508744038156,0.000608198515995621,0.9967363076689288,48.07390842794879,0.0,0.9968051118210862,0.0,0.0,0.0,0.16666666666666666,0.0,1.0,0.0,0.0,0.0,True,0.7256944444444444,0.8007662835249042,0.018975793699063374,0.9932095694456052,1499.9059429520023,0.0,0.9984025559105432,0.0,0.0,0.009433962264150943,0.3333333333333333,0.0,1.0,0.0,0.0,1.0,HistGB,fleet,40000,20000,33.05,B_fleet_size,CIDv2_RenaultClio,FS-A,1,3,CTT_Silverado|CTT_Traverse|ROAD_ORNL
9085,864,0.09510181618051734,0.8351259703018917,0.7696389835671121,8224,0.0455447607482506,False,0.7222222222222222,1.0,0.0,0.9992502331733705,0.0,0.0,0.9968051118210862,0.0,0.0,0.0,0.16666666666666666,0.0,1.0,0.0,0.0,0.0,True,0.7222222222222222,1.0,0.0,0.9992502331733704,0.0,0.0,0.9968051118210862,0.0,0.0,0.0,0.16666666666666666,0.0,1.0,0.0,0.0,0.0,True,0.7222222222222222,0.9936305732484076,0.0004865588127964968,0.998511016368866,38.45912674235903,0.0,0.9968051118210862,0.0,0.0,0.0,0.16666666666666666,0.0,1.0,0.0,0.0,0.0,True,0.7222222222222222,0.9952153110047847,0.0003649191095973726,0.99857497215271,28.84434505676927,0.0,0.9968051118210862,0.0,0.0,0.0,0.16666666666666666,0.0,1.0,0.0,0.0,0.0,True,0.7222222222222222,0.8851063829787233,0.00985281595912906,0.9973015189170837,778.7973165327703,0.0,0.9968051118210862,0.0,0.0,0.0,0.16666666666666666,0.0,1.0,0.0,0.0,0.0,XGBoost,fleet,40000,20000,14.69,B_fleet_size,CIDv2_RenaultClio,FS-A,1,3,CTT_Silverado|CTT_Traverse|ROAD_ORNL
9085,864,0.09510181618051734,0.8520226261110886,0.783224922214846,8224,0.0455447607482506,False,0.7233796296296297,1.0,0.0,0.9999539045633172,0.0,0.0,0.9984025559105432,0.0,0.0,0.0,0.16666666666666666,0.0,1.0,0.0,0.0,0.0,True,0.7233796296296297,1.0,0.0,0.9999539045633172,0.0,0.0,0.9984025559105432,0.0,0.0,0.0,0.16666666666666666,0.0,1.0,0.0,0.0,0.0,True,0.7233796296296297,1.0,0.0,0.999951803581383,0.0,0.0,0.9984025559105432,0.0,0.0,0.0,0.16666666666666666,0.0,1.0,0.0,0.0,0.0,True,0.7233796296296297,1.0,0.0,0.9999539045633171,0.0,0.0,0.9984025559105432,0.0,0.0,0.0,0.16666666666666666,0.0,1.0,0.0,0.0,0.0,True,0.7268518518518519,0.9905362776025236,0.0007298382191947452,0.9999277488769998,57.68869011353854,0.3,0.9984025559105432,0.0,0.0,0.0,0.3333333333333333,1.0,1.0,0.0,0.0,0.0,HistGB,fleet,40000,20000,29.35,B_fleet_size,CIDv2_RenaultClio,FS-A,0,4,CIDv2_OpelAstra|CIDv2_Prototype|CTT_Impala|CTT_Silverado
9085,864,0.09510181618051734,0.833804968756617,0.7781302565932674,8224,0.0455447607482506,False,0.7222222222222222,0.9984,0.0001216397031991242,0.9999978542327882,9.614781685589758,0.0,0.9968051118210862,0.0,0.0,0.0,0.16666666666666666,0.0,1.0,0.0,0.0,0.0,True,0.7222222222222222,0.9984,0.0001216397031991242,0.9999978542327881,9.614781685589758,0.0,0.9968051118210862,0.0,0.0,0.0,0.16666666666666666,0.0,1.0,0.0,0.0,0.0,True,0.7222222222222222,0.9984,0.0001216397031991242,0.9999971389770508,9.614781685589758,0.0,0.9968051118210862,0.0,0.0,0.0,0.16666666666666666,0.0,1.0,0.0,0.0,0.0,True,0.7222222222222222,0.9984,0.0001216397031991242,0.9999971389770508,9.614781685589758,0.0,0.9968051118210862,0.0,0.0,0.0,0.16666666666666666,0.0,1.0,0.0,0.0,0.0,True,0.7245370370370371,0.9601226993865031,0.003162632283177229,0.9999935626983643,249.9843238253337,0.1,0.9968051118210862,0.0,0.0,0.0047169811320754715,0.5,1.0,1.0,0.0,0.0,1.0,XGBoost,fleet,40000,20000,8.54,B_fleet_size,CIDv2_RenaultClio,FS-A,0,4,CIDv2_OpelAstra|CIDv2_Prototype|CTT_Impala|CTT_Silverado
9085,864,0.09510181618051734,0.8932715786580887,0.8005309234832053,8224,0.0455447607482506,False,0.7280092592592593,0.9968304278922345,0.0002432794063982484,0.999931039923883,19.229563371179516,0.4,0.9984025559105432,0.0,0.0,0.0,0.3333333333333333,1.0,1.0,0.0,0.0,0.0,True,0.7280092592592593,0.9968304278922345,0.0002432794063982484,0.999931039923883,19.229563371179516,0.4,0.9984025559105432,0.0,0.0,0.0,0.3333333333333333,1.0,1.0,0.0,0.0,0.0,True,0.7280092592592593,0.9843505477308294,0.001216397031991242,0.9999185645953745,96.14781685589757,0.4,0.9984025559105432,0.0,0.0,0.0,0.3333333333333333,1.0,1.0,0.0,0.0,0.0,True,0.7280092592592593,0.9843505477308294,0.001216397031991242,0.9999193878348547,96.14781685589757,0.4,0.9984025559105432,0.0,0.0,0.0,0.3333333333333333,1.0,1.0,0.0,0.0,0.0,True,0.7326388888888888,0.8707015130674003,0.011434132100717673,0.9998843431363544,903.7894784454371,0.4,0.9984025559105432,0.0,0.0,0.018867924528301886,0.5,1.0,1.0,0.0,0.0,1.0,HistGB,fleet,40000,20000,24.45,B_fleet_size,CIDv2_RenaultClio,FS-A,1,4,CIDv2_OpelAstra|CIDv2_Prototype|CTT_Impala|CTT_Silverado
9085,864,0.09510181618051734,0.8015344764086553,0.7588355417192003,8224,0.0455447607482506,False,0.7222222222222222,0.975,0.001946235251185987,0.9999917745590211,153.83650696943613,0.0,0.9968051118210862,0.0,0.0,0.0,0.16666666666666666,0.0,1.0,0.0,0.0,0.0,True,0.7222222222222222,0.975,0.001946235251185987,0.999991774559021,153.83650696943613,0.0,0.9968051118210862,0.0,0.0,0.0,0.16666666666666666,0.0,1.0,0.0,0.0,0.0,True,0.7222222222222222,0.9570552147239264,0.0034059116895754776,0.999990701675415,269.2138871965132,0.0,0.9968051118210862,0.0,0.0,0.0,0.16666666666666666,0.0,1.0,0.0,0.0,0.0,True,0.7222222222222222,0.9570552147239264,0.0034059116895754776,0.999990701675415,269.2138871965132,0.0,0.9968051118210862,0.0,0.0,0.0,0.16666666666666666,0.0,1.0,0.0,0.0,0.0,True,0.7245370370370371,0.7844611528822055,0.02092202895024936,0.9999856948852539,1653.742449921438,0.1,0.9984025559105432,0.0,0.0,0.0,0.3333333333333333,1.0,1.0,0.0,0.0,0.0,XGBoost,fleet,40000,20000,9.27,B_fleet_size,CIDv2_RenaultClio,FS-A,1,4,CIDv2_OpelAstra|CIDv2_Prototype|CTT_Impala|CTT_Silverado
9085,864,0.09510181618051734,0.8528856485423508,0.7873994156062353,8224,0.0455447607482506,False,0.7222222222222222,1.0,0.0,0.9999729102722242,0.0,0.0,0.9968051118210862,0.0,0.0,0.0,0.16666666666666666,0.0,1.0,0.0,0.0,0.0,True,0.7222222222222222,1.0,0.0,0.9999729102722241,0.0,0.0,0.9968051118210862,0.0,0.0,0.0,0.16666666666666666,0.0,1.0,0.0,0.0,0.0,True,0.7233796296296297,0.9968102073365231,0.0002432794063982484,0.9999292873968254,19.229563371179516,0.1,0.9968051118210862,0.0,0.0,0.0,0.3333333333333333,1.0,1.0,0.0,0.0,0.0,True,0.7222222222222222,0.9968051118210862,0.0002432794063982484,0.9999346703057763,19.229563371179516,0.0,0.9968051118210862,0.0,0.0,0.0,0.16666666666666666,0.0,1.0,0.0,0.0,0.0,True,0.7291666666666666,0.9,0.008514779223938694,0.9996866462675045,673.0347179912831,0.5,0.9968051118210862,0.0,0.3333333333333333,0.0,0.5,1.0,1.0,0.0,1.0,0.0,HistGB,fleet,40000,20000,31.6,B_fleet_size,CIDv2_RenaultClio,FS-A,0,4,CIDv2_OpelAstra|CTT_Forester|CTT_Silverado|CTT_Traverse
9085,864,0.09510181618051734,0.8497299852005028,0.7835787517142314,8224,0.0455447607482506,False,0.7268518518518519,1.0,0.0,0.9999766349792482,0.0,0.4,0.9968051118210862,0.0,0.0,0.0,0.3333333333333333,1.0,1.0,0.0,0.0,0.0,True,0.7268518518518519,1.0,0.0,0.999976634979248,0.0,0.4,0.9968051118210862,0.0,0.0,0.0,0.3333333333333333,1.0,1.0,0.0,0.0,0.0,True,0.7280092592592593,0.9984126984126984,0.0001216397031991242,0.9999607801437378,9.614781685589758,0.5,0.9968051118210862,0.0,0.0,0.0,0.3333333333333333,1.0,1.0,0.0,0.0,0.0,True,0.7280092592592593,0.9984126984126984,0.0001216397031991242,0.9999616146087646,9.614781685589758,0.5,0.9968051118210862,0.0,0.0,0.0,0.3333333333333333,1.0,1.0,0.0,0.0,0.0,True,0.7326388888888888,0.9391691394658753,0.004987227831164092,0.99993896484375,394.20604910918,0.6,0.9968051118210862,0.0,0.0,0.014150943396226415,0.5,1.0,1.0,0.0,0.0,1.0,XGBoost,fleet,40000,20000,7.99,B_fleet_size,CIDv2_RenaultClio,FS-A,0,4,CIDv2_OpelAstra|CTT_Forester|CTT_Silverado|CTT_Traverse
9085,864,0.09510181618051734,0.9101744290818005,0.8265810328701728,8224,0.0455447607482506,False,0.7222222222222222,1.0,0.0,0.9998158939670336,0.0,0.0,0.9968051118210862,0.0,0.0,0.0,0.16666666666666666,0.0,1.0,0.0,0.0,0.0,True,0.7222222222222222,1.0,0.0,0.9998158939670335,0.0,0.0,0.9968051118210862,0.0,0.0,0.0,0.16666666666666666,0.0,1.0,0.0,0.0,0.0,True,0.7268518518518519,0.9968253968253968,0.0002432794063982484,0.9994736168776802,19.229563371179516,0.2,0.9968051118210862,0.0,0.0,0.009433962264150943,0.5,1.0,1.0,0.0,0.0,1.0,True,0.7245370370370371,0.9968152866242038,0.0002432794063982484,0.9995848611564798,19.229563371179516,0.2,0.9968051118210862,0.0,0.0,0.0,0.3333333333333333,1.0,1.0,0.0,0.0,0.0,True,0.7361111111111112,0.931185944363104,0.005717066050358837,0.9989168756415084,451.89473922271856,0.4,0.9968051118210862,0.0,0.0,0.03773584905660377,0.5,1.0,1.0,0.0,0.0,1.0,HistGB,fleet,40000,20000,32.71,B_fleet_size,CIDv2_RenaultClio,FS-A,1,4,CIDv2_OpelAstra|CTT_Forester|CTT_Silverado|CTT_Traverse
9085,864,0.09510181618051734,0.8873095437610095,0.8030178458471581,8224,0.0455447607482506,False,0.7256944444444444,1.0,0.0,0.9999513626098634,0.0,0.3,0.9968051118210862,0.0,0.0,0.0,0.3333333333333333,1.0,1.0,0.0,0.0,0.0,True,0.7256944444444444,1.0,0.0,0.9999513626098633,0.0,0.3,0.9968051118210862,0.0,0.0,0.0,0.3333333333333333,1.0,1.0,0.0,0.0,0.0,True,0.7268518518518519,0.9984101748807631,0.0001216397031991242,0.9999039173126221,9.614781685589758,0.3,0.9968051118210862,0.0,0.0,0.0047169811320754715,0.5,1.0,1.0,0.0,0.0,1.0,True,0.7256944444444444,0.9984076433121019,0.0001216397031991242,0.9999115467071533,9.614781685589758,0.3,0.9968051118210862,0.0,0.0,0.0,0.3333333333333333,1.0,1.0,0.0,0.0,0.0,True,0.7372685185185185,0.9353891336270191,0.005352146940761465,0.9998303651809692,423.05039416594934,0.3,0.9968051118210862,0.07692307692307693,0.0,0.04245283018867924,0.6666666666666666,1.0,1.0,0.5,0.0,1.0,XGBoost,fleet,40000,20000,10.82,B_fleet_size,CIDv2_RenaultClio,FS-A,1,4,CIDv2_OpelAstra|CTT_Forester|CTT_Silverado|CTT_Traverse
9085,864,0.09510181618051734,0.6709814972495911,0.2112650778618886,8224,0.0455447607482506,False,0.0,0.0,0.0,0.9999813650613072,0.0,0.0,0.0,0.0,0.0,0.0,0.0,0.0,0.0,0.0,0.0,0.0,True,0.0,0.0,0.0,0.9999813650613071,0.0,0.0,0.0,0.0,0.0,0.0,0.0,0.0,0.0,0.0,0.0,0.0,True,0.0,0.0,0.000608198515995621,0.999976106672802,48.07390842794879,0.0,0.0,0.0,0.0,0.0,0.0,0.0,0.0,0.0,0.0,0.0,True,0.0,0.0,0.0004865588127964968,0.9999767634064121,38.45912674235903,0.0,0.0,0.0,0.0,0.0,0.0,0.0,0.0,0.0,0.0,0.0,True,0.0011574074074074073,0.01818181818181818,0.006568543972752706,0.9999589837557457,519.1982110218469,0.0,0.0,0.0,0.0,0.0047169811320754715,0.16666666666666666,0.0,0.0,0.0,0.0,1.0,HistGB,fleet,40000,20000,19.89,B_fleet_size,CIDv2_RenaultClio,FS-A,0,4,CIDv2_OpelAstra|CTT_Impala|CTT_Traverse|ROAD_ORNL
9085,864,0.09510181618051734,0.8618644607081232,0.7833118945800657,8224,0.0455447607482506,False,0.7222222222222222,1.0,0.0,0.9976273179054261,0.0,0.0,0.9968051118210862,0.0,0.0,0.0,0.16666666666666666,0.0,1.0,0.0,0.0,0.0,True,0.7222222222222222,1.0,0.0,0.997627317905426,0.0,0.0,0.9968051118210862,0.0,0.0,0.0,0.16666666666666666,0.0,1.0,0.0,0.0,0.0,True,0.7222222222222222,0.9936305732484076,0.0004865588127964968,0.9963846206665039,38.45912674235903,0.0,0.9968051118210862,0.0,0.0,0.0,0.16666666666666666,0.0,1.0,0.0,0.0,0.0,True,0.7222222222222222,0.9936305732484076,0.0004865588127964968,0.9963905215263367,38.45912674235903,0.0,0.9968051118210862,0.0,0.0,0.0,0.16666666666666666,0.0,1.0,0.0,0.0,0.0,True,0.7268518518518519,0.8406961178045516,0.01447512468069578,0.994178056716919,1144.1590205851812,0.0,0.9968051118210862,0.0,0.0,0.018867924528301886,0.3333333333333333,0.0,1.0,0.0,0.0,1.0,XGBoost,fleet,40000,20000,8.86,B_fleet_size,CIDv2_RenaultClio,FS-A,0,4,CIDv2_OpelAstra|CTT_Impala|CTT_Traverse|ROAD_ORNL
9085,864,0.09510181618051734,0.8435062982335212,0.6349774652946031,8224,0.0455447607482506,False,0.0,0.0,0.0013380367351903662,0.9999378819951616,105.76259854148734,0.0,0.0,0.0,0.0,0.0,0.0,0.0,0.0,0.0,0.0,0.0,True,0.0,0.0,0.0013380367351903662,0.9999378819951615,105.76259854148734,0.0,0.0,0.0,0.0,0.0,0.0,0.0,0.0,0.0,0.0,0.0,True,0.0011574074074074073,0.05263157894736842,0.0021895146575842354,0.999925814379053,173.06607034061562,0.0,0.0,0.07692307692307693,0.0,0.0,0.16666666666666666,0.0,0.0,0.5,0.0,0.0,True,0.0011574074074074073,0.05263157894736842,0.0021895146575842354,0.999925814379053,173.06607034061562,0.0,0.0,0.07692307692307693,0.0,0.0,0.16666666666666666,0.0,0.0,0.5,0.0,0.0,True,0.004629629629629629,0.06666666666666667,0.006811823379150955,0.9998940555226598,538.4277743930264,0.0,0.0,0.07692307692307693,0.0,0.014150943396226415,0.3333333333333333,0.0,0.0,0.5,0.0,1.0,HistGB,fleet,40000,20000,18.29,B_fleet_size,CIDv2_RenaultClio,FS-A,1,4,CIDv2_OpelAstra|CTT_Impala|CTT_Traverse|ROAD_ORNL
9085,864,0.09510181618051734,0.8621586345042281,0.788574058429521,8224,0.0455447607482506,False,0.7222222222222222,1.0,0.0,0.9985199570655824,0.0,0.0,0.9968051118210862,0.0,0.0,0.0,0.16666666666666666,0.0,1.0,0.0,0.0,0.0,True,0.7222222222222222,1.0,0.0,0.9985199570655823,0.0,0.0,0.9968051118210862,0.0,0.0,0.0,0.16666666666666666,0.0,1.0,0.0,0.0,0.0,True,0.7233796296296297,0.9873617693522907,0.0009731176255929935,0.9972617626190186,76.91825348471806,0.0,0.9984025559105432,0.0,0.0,0.0,0.16666666666666666,0.0,1.0,0.0,0.0,0.0,True,0.7233796296296297,0.9873617693522907,0.0009731176255929935,0.9973202347755432,76.91825348471806,0.0,0.9984025559105432,0.0,0.0,0.0,0.16666666666666666,0.0,1.0,0.0,0.0,0.0,True,0.7268518518518519,0.8857545839210155,0.00985281595912906,0.9951249957084656,778.7973165327703,0.0,0.9984025559105432,0.0,0.0,0.014150943396226415,0.3333333333333333,0.0,1.0,0.0,0.0,1.0,XGBoost,fleet,40000,20000,8.53,B_fleet_size,CIDv2_RenaultClio,FS-A,1,4,CIDv2_OpelAstra|CTT_Impala|CTT_Traverse|ROAD_ORNL
9085,864,0.09510181618051734,0.8380125198790812,0.7763284850827336,8224,0.0455447607482506,False,0.7222222222222222,1.0,0.0,0.9992870038596506,0.0,0.0,0.9968051118210862,0.0,0.0,0.0,0.16666666666666666,0.0,1.0,0.0,0.0,0.0,True,0.7222222222222222,1.0,0.0,0.9992870038596505,0.0,0.0,0.9968051118210862,0.0,0.0,0.0,0.16666666666666666,0.0,1.0,0.0,0.0,0.0,True,0.7222222222222222,0.9984,0.0001216397031991242,0.9978132251849703,9.614781685589758,0.0,0.9968051118210862,0.0,0.0,0.0,0.16666666666666666,0.0,1.0,0.0,0.0,0.0,True,0.7222222222222222,1.0,0.0,0.998074989815638,0.0,0.0,0.9968051118210862,0.0,0.0,0.0,0.16666666666666666,0.0,1.0,0.0,0.0,0.0,True,0.7233796296296297,0.9455370650529501,0.004379029315168471,0.9914414770175738,346.13214068123125,0.0,0.9968051118210862,0.0,0.3333333333333333,0.0,0.3333333333333333,0.0,1.0,0.0,1.0,0.0,HistGB,fleet,40000,20000,29.52,B_fleet_size,CIDv2_RenaultClio,FS-A,0,4,CIDv2_Prototype|CTT_Forester|CTT_Traverse|ROAD_ORNL
9085,864,0.09510181618051734,0.8517895537399703,0.7666919533668917,8224,0.0455447607482506,False,0.0,0.0,0.0001216397031991242,0.9999362230300904,9.614781685589758,0.0,0.0,0.0,0.0,0.0,0.0,0.0,0.0,0.0,0.0,0.0,True,0.0,0.0,0.0001216397031991242,0.9999362230300903,9.614781685589758,0.0,0.0,0.0,0.0,0.0,0.0,0.0,0.0,0.0,0.0,0.0,True,0.0,0.0,0.001216397031991242,0.9998960494995117,96.14781685589757,0.0,0.0,0.0,0.0,0.0,0.0,0.0,0.0,0.0,0.0,0.0,True,0.0,0.0,0.0010947573287921177,0.9999035596847534,86.53303517030781,0.0,0.0,0.0,0.0,0.0,0.0,0.0,0.0,0.0,0.0,0.0,True,0.7268518518518519,0.8686030428769018,0.011555771803916799,0.9997956156730652,913.404260131027,0.0,0.9968051118210862,0.0,0.0,0.018867924528301886,0.3333333333333333,0.0,1.0,0.0,0.0,1.0,XGBoost,fleet,40000,20000,8.94,B_fleet_size,CIDv2_RenaultClio,FS-A,0,4,CIDv2_Prototype|CTT_Forester|CTT_Traverse|ROAD_ORNL
9085,864,0.09510181618051734,0.8442272668910243,0.7829437042649714,8224,0.0455447607482506,False,0.7222222222222222,1.0,0.0,0.999472666691117,0.0,0.0,0.9968051118210862,0.0,0.0,0.0,0.16666666666666666,0.0,1.0,0.0,0.0,0.0,True,0.7222222222222222,1.0,0.0,0.9994726666911169,0.0,0.0,0.9968051118210862,0.0,0.0,0.0,0.16666666666666666,0.0,1.0,0.0,0.0,0.0,True,0.7222222222222222,1.0,0.0,0.9987628202766063,0.0,0.0,0.9968051118210862,0.0,0.0,0.0,0.16666666666666666,0.0,1.0,0.0,0.0,0.0,True,0.7222222222222222,1.0,0.0,0.9987909209316819,0.0,0.0,0.9968051118210862,0.0,0.0,0.0,0.16666666666666666,0.0,1.0,0.0,0.0,0.0,True,0.7222222222222222,0.9873417721518988,0.0009731176255929935,0.9951866173241553,76.91825348471806,0.0,0.9968051118210862,0.0,0.0,0.0,0.16666666666666666,0.0,1.0,0.0,0.0,0.0,HistGB,fleet,40000,20000,55.23,B_fleet_size,CIDv2_RenaultClio,FS-A,1,4,CIDv2_Prototype|CTT_Forester|CTT_Traverse|ROAD_ORNL
9085,864,0.09510181618051734,0.8320304228781756,0.7673645060456324,8224,0.0455447607482506,False,0.7222222222222222,0.9968051118210862,0.0002432794063982484,0.999898910522461,19.229563371179516,0.0,0.9968051118210862,0.0,0.0,0.0,0.16666666666666666,0.0,1.0,0.0,0.0,0.0,True,0.7222222222222222,0.9968051118210862,0.0002432794063982484,0.9998989105224609,19.229563371179516,0.0,0.9968051118210862,0.0,0.0,0.0,0.16666666666666666,0.0,1.0,0.0,0.0,0.0,True,0.7222222222222222,0.9873417721518988,0.0009731176255929935,0.999876856803894,76.91825348471806,0.0,0.9968051118210862,0.0,0.0,0.0,0.16666666666666666,0.0,1.0,0.0,0.0,0.0,True,0.7222222222222222,0.9952153110047847,0.0003649191095973726,0.9998862743377686,28.84434505676927,0.0,0.9968051118210862,0.0,0.0,0.0,0.16666666666666666,0.0,1.0,0.0,0.0,0.0,True,0.7245370370370371,0.8792134831460674,0.01046101447512468,0.9998000264167786,826.871224960719,0.1,0.9968051118210862,0.0,0.0,0.0047169811320754715,0.5,1.0,1.0,0.0,0.0,1.0,XGBoost,fleet,40000,20000,14.03,B_fleet_size,CIDv2_RenaultClio,FS-A,1,4,CIDv2_Prototype|CTT_Forester|CTT_Traverse|ROAD_ORNL
9085,864,0.09510181618051734,0.792958032612956,0.547511340487768,8224,0.0455447607482506,False,0.0,0.0,0.0,0.9997924269592723,0.0,0.0,0.0,0.0,0.0,0.0,0.0,0.0,0.0,0.0,0.0,0.0,True,0.0,0.0,0.0,0.9997924269592722,0.0,0.0,0.0,0.0,0.0,0.0,0.0,0.0,0.0,0.0,0.0,0.0,True,0.0,0.0,0.0002432794063982484,0.9997261746105268,19.229563371179516,0.0,0.0,0.0,0.0,0.0,0.0,0.0,0.0,0.0,0.0,0.0,True,0.0,0.0,0.0002432794063982484,0.9997295899332496,19.229563371179516,0.0,0.0,0.0,0.0,0.0,0.0,0.0,0.0,0.0,0.0,0.0,True,0.003472222222222222,0.06382978723404255,0.005352146940761465,0.9995502930247661,423.05039416594934,0.1,0.001597444089456869,0.0,0.0,0.0047169811320754715,0.5,1.0,1.0,0.0,0.0,1.0,HistGB,fleet,40000,20000,20.82,B_fleet_size,CIDv2_RenaultClio,FS-A,0,4,CTT_Forester|CTT_Impala|CTT_Traverse|ROAD_ORNL
9085,864,0.09510181618051734,0.8382859276378922,0.7764811854455066,8224,0.0455447607482506,False,0.7222222222222222,0.9968051118210862,0.0002432794063982484,0.9999324083328248,19.229563371179516,0.0,0.9968051118210862,0.0,0.0,0.0,0.16666666666666666,0.0,1.0,0.0,0.0,0.0,True,0.7222222222222222,0.9968051118210862,0.0002432794063982484,0.9999324083328247,19.229563371179516,0.0,0.9968051118210862,0.0,0.0,0.0,0.16666666666666666,0.0,1.0,0.0,0.0,0.0,True,0.7222222222222222,0.9811320754716981,0.0014596764383894903,0.9999083280563354,115.37738022707708,0.0,0.9968051118210862,0.0,0.0,0.0,0.16666666666666666,0.0,1.0,0.0,0.0,0.0,True,0.7222222222222222,0.9811320754716981,0.0014596764383894903,0.9999089241027832,115.37738022707708,0.0,0.9968051118210862,0.0,0.0,0.0,0.16666666666666666,0.0,1.0,0.0,0.0,0.0,True,0.7245370370370371,0.8706536856745479,0.01131249239751855,0.9998583793640137,894.1746967598474,0.0,0.9968051118210862,0.0,0.0,0.009433962264150943,0.3333333333333333,0.0,1.0,0.0,0.0,1.0,XGBoost,fleet,40000,20000,7.64,B_fleet_size,CIDv2_RenaultClio,FS-A,0,4,CTT_Forester|CTT_Impala|CTT_Traverse|ROAD_ORNL
9085,864,0.09510181618051734,0.3936750029283632,0.11154296850047045,8224,0.0455447607482506,False,0.0,0.0,0.000608198515995621,0.999876821196803,48.07390842794879,0.0,0.0,0.0,0.0,0.0,0.0,0.0,0.0,0.0,0.0,0.0,True,0.0,0.0,0.000608198515995621,0.9998768211968029,48.07390842794879,0.0,0.0,0.0,0.0,0.0,0.0,0.0,0.0,0.0,0.0,0.0,True,0.0,0.0,0.0014596764383894903,0.9998584436643305,115.37738022707708,0.0,0.0,0.0,0.0,0.0,0.0,0.0,0.0,0.0,0.0,0.0,True,0.0,0.0,0.0014596764383894903,0.9998628485930208,115.37738022707708,0.0,0.0,0.0,0.0,0.0,0.0,0.0,0.0,0.0,0.0,0.0,True,0.0011574074074074073,0.010309278350515464,0.011677411507115923,0.9997794643176279,923.0190418166167,0.0,0.0,0.07692307692307693,0.0,0.0,0.16666666666666666,0.0,0.0,0.5,0.0,0.0,HistGB,fleet,40000,20000,14.62,B_fleet_size,CIDv2_RenaultClio,FS-A,1,4,CTT_Forester|CTT_Impala|CTT_Traverse|ROAD_ORNL
9085,864,0.09510181618051734,0.7785295787211612,0.3883572611618083,8224,0.0455447607482506,False,0.0,0.0,0.0001216397031991242,0.9999783039093019,9.614781685589758,0.0,0.0,0.0,0.0,0.0,0.0,0.0,0.0,0.0,0.0,0.0,True,0.0,0.0,0.0001216397031991242,0.9999783039093018,9.614781685589758,0.0,0.0,0.0,0.0,0.0,0.0,0.0,0.0,0.0,0.0,0.0,True,0.0,0.0,0.0014596764383894903,0.9999679327011108,115.37738022707708,0.0,0.0,0.0,0.0,0.0,0.0,0.0,0.0,0.0,0.0,0.0,True,0.0,0.0,0.0014596764383894903,0.9999679327011108,115.37738022707708,0.0,0.0,0.0,0.0,0.0,0.0,0.0,0.0,0.0,0.0,0.0,True,0.0011574074074074073,0.008620689655172414,0.013988565867899282,0.9999499320983887,1105.6998938428221,0.0,0.0,0.07692307692307693,0.0,0.0,0.16666666666666666,0.0,0.0,0.5,0.0,0.0,XGBoost,fleet,40000,20000,6.72,B_fleet_size,CIDv2_RenaultClio,FS-A,1,4,CTT_Forester|CTT_Impala|CTT_Traverse|ROAD_ORNL
9085,864,0.09510181618051734,0.8516803736591475,0.7849382823041355,8224,0.0455447607482506,False,0.7233796296296297,0.9968102073365231,0.0002432794063982484,0.9999897329703139,19.229563371179516,0.1,0.9968051118210862,0.0,0.0,0.0,0.3333333333333333,1.0,1.0,0.0,0.0,0.0,True,0.7233796296296297,0.9968102073365231,0.0002432794063982484,0.9999897329703138,19.229563371179516,0.1,0.9968051118210862,0.0,0.0,0.0,0.3333333333333333,1.0,1.0,0.0,0.0,0.0,True,0.7245370370370371,0.9889415481832543,0.0008514779223938694,0.9999866012009586,67.3034717991283,0.2,0.9968051118210862,0.0,0.0,0.0,0.3333333333333333,1.0,1.0,0.0,0.0,0.0,True,0.7245370370370371,0.9889415481832543,0.0008514779223938694,0.9999866924984354,67.3034717991283,0.2,0.9968051118210862,0.0,0.0,0.0,0.3333333333333333,1.0,1.0,0.0,0.0,0.0,True,0.7291666666666666,0.8987161198288159,0.008636418927137818,0.9999810166647861,682.6494996768728,0.4,0.9968051118210862,0.0,0.0,0.009433962264150943,0.5,1.0,1.0,0.0,0.0,1.0,HistGB,fleet,40000,20000,20.71,B_fleet_size,CIDv2_RenaultClio,FS-A,0,5,CIDv2_OpelAstra|CIDv2_Prototype|CTT_Forester|CTT_Impala|CTT_Traverse
9085,864,0.09510181618051734,0.8876003386764699,0.8056208900343282,8224,0.0455447607482506,False,0.7268518518518519,1.0,0.0,0.9999927282333375,0.0,0.4,0.9968051118210862,0.0,0.0,0.0,0.3333333333333333,1.0,1.0,0.0,0.0,0.0,True,0.7268518518518519,1.0,0.0,0.9999927282333374,0.0,0.4,0.9968051118210862,0.0,0.0,0.0,0.3333333333333333,1.0,1.0,0.0,0.0,0.0,True,0.7268518518518519,0.9874213836477987,0.0009731176255929935,0.9999896287918091,76.91825348471806,0.4,0.9968051118210862,0.0,0.0,0.0,0.3333333333333333,1.0,1.0,0.0,0.0,0.0,True,0.7268518518518519,0.988976377952756,0.0008514779223938694,0.9999899864196777,67.3034717991283,0.4,0.9968051118210862,0.0,0.0,0.0,0.3333333333333333,1.0,1.0,0.0,0.0,0.0,True,0.7372685185185185,0.8654891304347826,0.012042330616713295,0.9999840259552002,951.8633868733859,0.5,0.9968051118210862,0.0,0.0,0.03773584905660377,0.5,1.0,1.0,0.0,0.0,1.0,XGBoost,fleet,40000,20000,7.78,B_fleet_size,CIDv2_RenaultClio,FS-A,0,5,CIDv2_OpelAstra|CIDv2_Prototype|CTT_Forester|CTT_Impala|CTT_Traverse
9085,864,0.09510181618051734,0.8806689170011758,0.8064401542114757,8224,0.0455447607482506,False,0.7256944444444444,1.0,0.0,0.9999812405092516,0.0,0.2,0.9968051118210862,0.0,0.0,0.0047169811320754715,0.5,1.0,1.0,0.0,0.0,1.0,True,0.7256944444444444,1.0,0.0,0.9999812405092515,0.0,0.2,0.9968051118210862,0.0,0.0,0.0047169811320754715,0.5,1.0,1.0,0.0,0.0,1.0,True,0.7268518518518519,1.0,0.0,0.9999779529702746,0.0,0.3,0.9968051118210862,0.0,0.0,0.0047169811320754715,0.5,1.0,1.0,0.0,0.0,1.0,True,0.7256944444444444,1.0,0.0,0.9999791597074521,0.0,0.2,0.9968051118210862,0.0,0.0,0.0047169811320754715,0.5,1.0,1.0,0.0,0.0,1.0,True,0.7337962962962963,0.8708791208791209,0.011434132100717673,0.9999645464859933,903.7894784454371,0.4,0.9968051118210862,0.0,0.0,0.02830188679245283,0.5,1.0,1.0,0.0,0.0,1.0,HistGB,fleet,40000,20000,19.65,B_fleet_size,CIDv2_RenaultClio,FS-A,1,5,CIDv2_OpelAstra|CIDv2_Prototype|CTT_Forester|CTT_Impala|CTT_Traverse
9085,864,0.09510181618051734,0.9046056818130623,0.8253306997764011,8224,0.0455447607482506,False,0.7256944444444444,1.0,0.0,0.9999896287918092,0.0,0.3,0.9968051118210862,0.0,0.0,0.0,0.3333333333333333,1.0,1.0,0.0,0.0,0.0,True,0.7256944444444444,1.0,0.0,0.9999896287918091,0.0,0.3,0.9968051118210862,0.0,0.0,0.0,0.3333333333333333,1.0,1.0,0.0,0.0,0.0,True,0.7291666666666666,0.995260663507109,0.0003649191095973726,0.9999862909317017,28.84434505676927,0.3,0.9968051118210862,0.0,0.0,0.014150943396226415,0.5,1.0,1.0,0.0,0.0,1.0,True,0.7291666666666666,0.9968354430379747,0.0002432794063982484,0.9999865293502808,19.229563371179516,0.3,0.9968051118210862,0.0,0.0,0.014150943396226415,0.5,1.0,1.0,0.0,0.0,1.0,True,0.7430555555555556,0.9331395348837209,0.005595426347159713,0.9999792575836182,442.27995753712884,0.4,0.9968051118210862,0.0,0.0,0.0660377358490566,0.5,1.0,1.0,0.0,0.0,1.0,XGBoost,fleet,40000,20000,7.37,B_fleet_size,CIDv2_RenaultClio,FS-A,1,5,CIDv2_OpelAstra|CIDv2_Prototype|CTT_Forester|CTT_Impala|CTT_Traverse
9085,864,0.09510181618051734,0.788795392445724,0.756016304188108,8224,0.0455447607482506,False,0.7222222222222222,0.9842271293375394,0.001216397031991242,0.9996613905607259,96.14781685589757,0.0,0.9968051118210862,0.0,0.0,0.0,0.16666666666666666,0.0,1.0,0.0,0.0,0.0,True,0.7222222222222222,0.9842271293375394,0.001216397031991242,0.9996613905607258,96.14781685589757,0.0,0.9968051118210862,0.0,0.0,0.0,0.16666666666666666,0.0,1.0,0.0,0.0,0.0,True,0.7222222222222222,0.9454545454545454,0.004379029315168471,0.999600302807545,346.13214068123125,0.0,0.9968051118210862,0.0,0.0,0.0,0.16666666666666666,0.0,1.0,0.0,0.0,0.0,True,0.7222222222222222,0.9468892261001517,0.004257389611969347,0.9996021318875195,336.51735899564153,0.0,0.9968051118210862,0.0,0.0,0.0,0.16666666666666666,0.0,1.0,0.0,0.0,0.0,True,0.7233796296296297,0.7440476190476191,0.0261525361878117,0.9994806103708228,2067.178062401798,0.0,0.9968051118210862,0.0,0.0,0.0047169811320754715,0.3333333333333333,0.0,1.0,0.0,0.0,1.0,HistGB,fleet,40000,20000,40.87,B_fleet_size,CIDv2_RenaultClio,FS-A,0,5,CIDv2_OpelAstra|CIDv2_Prototype|CTT_Forester|CTT_Impala|ROAD_ORNL
9085,864,0.09510181618051734,0.8025773538408864,0.7608979055139656,8224,0.0455447607482506,False,0.7222222222222222,0.9984,0.0001216397031991242,0.9997801184654237,9.614781685589758,0.0,0.9968051118210862,0.0,0.0,0.0,0.16666666666666666,0.0,1.0,0.0,0.0,0.0,True,0.7222222222222222,0.9984,0.0001216397031991242,0.9997801184654236,9.614781685589758,0.0,0.9968051118210862,0.0,0.0,0.0,0.16666666666666666,0.0,1.0,0.0,0.0,0.0,True,0.7222222222222222,0.968944099378882,0.002432794063982484,0.999691367149353,192.29563371179515,0.0,0.9968051118210862,0.0,0.0,0.0,0.16666666666666666,0.0,1.0,0.0,0.0,0.0,True,0.7222222222222222,0.9826771653543307,0.0013380367351903662,0.9997099041938782,105.76259854148734,0.0,0.9968051118210862,0.0,0.0,0.0,0.16666666666666666,0.0,1.0,0.0,0.0,0.0,True,0.7245370370370371,0.7615571776155717,0.023841381827028343,0.9995570778846741,1884.4972103755924,0.0,0.9968051118210862,0.0,0.3333333333333333,0.0047169811320754715,0.5,0.0,1.0,0.0,1.0,1.0,XGBoost,fleet,40000,20000,18.1,B_fleet_size,CIDv2_RenaultClio,FS-A,0,5,CIDv2_OpelAstra|CIDv2_Prototype|CTT_Forester|CTT_Impala|ROAD_ORNL
9085,864,0.09510181618051734,0.8058671869016565,0.7609183356264635,8224,0.0455447607482506,False,0.7222222222222222,0.9904761904761905,0.0007298382191947452,0.9999142104730772,57.68869011353854,0.0,0.9968051118210862,0.0,0.0,0.0,0.16666666666666666,0.0,1.0,0.0,0.0,0.0,True,0.7222222222222222,0.9904761904761905,0.0007298382191947452,0.9999142104730772,57.68869011353854,0.0,0.9968051118210862,0.0,0.0,0.0,0.16666666666666666,0.0,1.0,0.0,0.0,0.0,True,0.7233796296296297,0.9720062208398134,0.0021895146575842354,0.9998683546875011,173.06607034061562,0.1,0.9968051118210862,0.0,0.0,0.0,0.3333333333333333,1.0,1.0,0.0,0.0,0.0,True,0.7233796296296297,0.9780907668231612,0.0017029558447877388,0.9998820629814724,134.6069435982566,0.1,0.9968051118210862,0.0,0.0,0.0,0.3333333333333333,1.0,1.0,0.0,0.0,0.0,True,0.7245370370370371,0.8563611491108071,0.012772168835908041,0.9997160796082785,1009.5520769869246,0.1,0.9968051118210862,0.0,0.3333333333333333,0.0,0.5,1.0,1.0,0.0,1.0,0.0,HistGB,fleet,40000,20000,30.49,B_fleet_size,CIDv2_RenaultClio,FS-A,1,5,CIDv2_OpelAstra|CIDv2_Prototype|CTT_Forester|CTT_Impala|ROAD_ORNL
9085,864,0.09510181618051734,0.78106148661738,0.7541228231685376,8224,0.0455447607482506,False,0.7222222222222222,1.0,0.0,0.9996615648269654,0.0,0.0,0.9968051118210862,0.0,0.0,0.0,0.16666666666666666,0.0,1.0,0.0,0.0,0.0,True,0.7222222222222222,1.0,0.0,0.9996615648269653,0.0,0.0,0.9968051118210862,0.0,0.0,0.0,0.16666666666666666,0.0,1.0,0.0,0.0,0.0,True,0.7222222222222222,0.9585253456221198,0.003284271986376353,0.9994706511497498,259.59910551092344,0.0,0.9968051118210862,0.0,0.0,0.0,0.16666666666666666,0.0,1.0,0.0,0.0,0.0,True,0.7222222222222222,0.968944099378882,0.002432794063982484,0.9994931221008301,192.29563371179515,0.0,0.9968051118210862,0.0,0.0,0.0,0.16666666666666666,0.0,1.0,0.0,0.0,0.0,True,0.7222222222222222,0.803088803088803,0.018610874589466003,0.9992668032646179,1471.0615978952333,0.0,0.9968051118210862,0.0,0.0,0.0,0.16666666666666666,0.0,1.0,0.0,0.0,0.0,XGBoost,fleet,40000,20000,10.66,B_fleet_size,CIDv2_RenaultClio,FS-A,1,5,CIDv2_OpelAstra|CIDv2_Prototype|CTT_Forester|CTT_Impala|ROAD_ORNL
9085,864,0.09510181618051734,0.8544055112922191,0.7801942386564645,8224,0.0455447607482506,False,0.7222222222222222,1.0,0.0,0.9985359559251913,0.0,0.0,0.9968051118210862,0.0,0.0,0.0,0.16666666666666666,0.0,1.0,0.0,0.0,0.0,True,0.7222222222222222,1.0,0.0,0.9985359559251912,0.0,0.0,0.9968051118210862,0.0,0.0,0.0,0.16666666666666666,0.0,1.0,0.0,0.0,0.0,True,0.7222222222222222,0.985781990521327,0.0010947573287921177,0.9979568392799567,86.53303517030781,0.0,0.9968051118210862,0.0,0.0,0.0,0.16666666666666666,0.0,1.0,0.0,0.0,0.0,True,0.7222222222222222,0.9889064976228209,0.0008514779223938694,0.9980115986732184,67.3034717991283,0.0,0.9968051118210862,0.0,0.0,0.0,0.16666666666666666,0.0,1.0,0.0,0.0,0.0,True,0.7222222222222222,0.9341317365269461,0.005352146940761465,0.9970827999059168,423.05039416594934,0.0,0.9968051118210862,0.0,0.0,0.0,0.16666666666666666,0.0,1.0,0.0,0.0,0.0,HistGB,fleet,40000,20000,35.69,B_fleet_size,CIDv2_RenaultClio,FS-A,0,5,CIDv2_OpelAstra|CIDv2_Prototype|CTT_Silverado|CTT_Traverse|ROAD_ORNL
9085,864,0.09510181618051734,0.8056304540765069,0.762285861635661,8224,0.0455447607482506,False,0.7222222222222222,1.0,0.0,0.9989157915115358,0.0,0.0,0.9968051118210862,0.0,0.0,0.0,0.16666666666666666,0.0,1.0,0.0,0.0,0.0,True,0.7222222222222222,1.0,0.0,0.9989157915115356,0.0,0.0,0.9968051118210862,0.0,0.0,0.0,0.16666666666666666,0.0,1.0,0.0,0.0,0.0,True,0.7222222222222222,1.0,0.0,0.9980499744415283,0.0,0.0,0.9968051118210862,0.0,0.0,0.0,0.16666666666666666,0.0,1.0,0.0,0.0,0.0,True,0.7222222222222222,1.0,0.0,0.9980586171150208,0.0,0.0,0.9968051118210862,0.0,0.0,0.0,0.16666666666666666,0.0,1.0,0.0,0.0,0.0,True,0.7222222222222222,0.9674418604651163,0.0025544337671816082,0.9959600567817688,201.9104153973849,0.0,0.9968051118210862,0.0,0.0,0.0,0.16666666666666666,0.0,1.0,0.0,0.0,0.0,XGBoost,fleet,40000,20000,10.89,B_fleet_size,CIDv2_RenaultClio,FS-A,0,5,CIDv2_OpelAstra|CIDv2_Prototype|CTT_Silverado|CTT_Traverse|ROAD_ORNL
9085,864,0.09510181618051734,0.8635740335275064,0.7958003164915465,8224,0.0455447607482506,False,0.7222222222222222,1.0,0.0,0.9987569937201963,0.0,0.0,0.9968051118210862,0.0,0.0,0.0,0.16666666666666666,0.0,1.0,0.0,0.0,0.0,True,0.7222222222222222,1.0,0.0,0.9987569937201962,0.0,0.0,0.9968051118210862,0.0,0.0,0.0,0.16666666666666666,0.0,1.0,0.0,0.0,0.0,True,0.7222222222222222,1.0,0.0,0.9982618963740325,0.0,0.0,0.9968051118210862,0.0,0.0,0.0,0.16666666666666666,0.0,1.0,0.0,0.0,0.0,True,0.7222222222222222,1.0,0.0,0.9983733021315087,0.0,0.0,0.9968051118210862,0.0,0.0,0.0,0.16666666666666666,0.0,1.0,0.0,0.0,0.0,True,0.7222222222222222,0.975,0.001946235251185987,0.9965489332810367,153.83650696943613,0.0,0.9968051118210862,0.0,0.0,0.0,0.16666666666666666,0.0,1.0,0.0,0.0,0.0,HistGB,fleet,40000,20000,42.81,B_fleet_size,CIDv2_RenaultClio,FS-A,1,5,CIDv2_OpelAstra|CIDv2_Prototype|CTT_Silverado|CTT_Traverse|ROAD_ORNL
9085,864,0.09510181618051734,0.8457843677213279,0.7717537416279013,8224,0.0455447607482506,False,0.7222222222222222,1.0,0.0,0.9994114637374879,0.0,0.0,0.9968051118210862,0.0,0.0,0.0,0.16666666666666666,0.0,1.0,0.0,0.0,0.0,True,0.7222222222222222,1.0,0.0,0.9994114637374878,0.0,0.0,0.9968051118210862,0.0,0.0,0.0,0.16666666666666666,0.0,1.0,0.0,0.0,0.0,True,0.7222222222222222,0.9920508744038156,0.000608198515995621,0.9988433122634888,48.07390842794879,0.0,0.9968051118210862,0.0,0.0,0.0,0.16666666666666666,0.0,1.0,0.0,0.0,0.0,True,0.7222222222222222,0.9936305732484076,0.0004865588127964968,0.9989979863166809,38.45912674235903,0.0,0.9968051118210862,0.0,0.0,0.0,0.16666666666666666,0.0,1.0,0.0,0.0,0.0,True,0.7222222222222222,0.8838526912181303,0.009974455662328184,0.9976065158843994,788.41209821836,0.0,0.9968051118210862,0.0,0.0,0.0,0.16666666666666666,0.0,1.0,0.0,0.0,0.0,XGBoost,fleet,40000,20000,12.34,B_fleet_size,CIDv2_RenaultClio,FS-A,1,5,CIDv2_OpelAstra|CIDv2_Prototype|CTT_Silverado|CTT_Traverse|ROAD_ORNL
9085,864,0.09510181618051734,0.8452300905089495,0.773877644930788,8224,0.0455447607482506,False,0.0,0.0,0.0,0.9999636776869013,0.0,0.0,0.0,0.0,0.0,0.0,0.0,0.0,0.0,0.0,0.0,0.0,True,0.0,0.0,0.0,0.9999636776869012,0.0,0.0,0.0,0.0,0.0,0.0,0.0,0.0,0.0,0.0,0.0,0.0,True,0.7222222222222222,0.9811320754716981,0.0014596764383894903,0.9999437192226267,115.37738022707708,0.0,0.9968051118210862,0.0,0.0,0.0,0.16666666666666666,0.0,1.0,0.0,0.0,0.0,True,0.7222222222222222,0.9826771653543307,0.0013380367351903662,0.9999456193721302,105.76259854148734,0.0,0.9968051118210862,0.0,0.0,0.0,0.16666666666666666,0.0,1.0,0.0,0.0,0.0,True,0.7233796296296297,0.8790436005625879,0.01046101447512468,0.9998952944995914,826.871224960719,0.0,0.9968051118210862,0.07692307692307693,0.0,0.0,0.3333333333333333,0.0,1.0,0.5,0.0,0.0,HistGB,fleet,40000,20000,16.13,B_fleet_size,CIDv2_RenaultClio,FS-A,0,5,CIDv2_OpelAstra|CTT_Forester|CTT_Impala|CTT_Traverse|ROAD_ORNL
9085,864,0.09510181618051734,0.8453189269125589,0.777522398654727,8224,0.0455447607482506,False,0.7233796296296297,0.9920634920634921,0.000608198515995621,0.9999195337295533,48.07390842794879,0.0,0.9984025559105432,0.0,0.0,0.0,0.16666666666666666,0.0,1.0,0.0,0.0,0.0,True,0.7233796296296297,0.9920634920634921,0.000608198515995621,0.9999195337295532,48.07390842794879,0.0,0.9984025559105432,0.0,0.0,0.0,0.16666666666666666,0.0,1.0,0.0,0.0,0.0,True,0.7233796296296297,0.9873617693522907,0.0009731176255929935,0.999893307685852,76.91825348471806,0.0,0.9984025559105432,0.0,0.0,0.0,0.16666666666666666,0.0,1.0,0.0,0.0,0.0,True,0.7233796296296297,0.9873617693522907,0.0009731176255929935,0.9998995065689087,76.91825348471806,0.0,0.9984025559105432,0.0,0.0,0.0,0.16666666666666666,0.0,1.0,0.0,0.0,0.0,True,0.7233796296296297,0.894134477825465,0.00900133803673519,0.9998229146003723,711.4938447336422,0.0,0.9984025559105432,0.0,0.0,0.0,0.16666666666666666,0.0,1.0,0.0,0.0,0.0,XGBoost,fleet,40000,20000,7.21,B_fleet_size,CIDv2_RenaultClio,FS-A,0,5,CIDv2_OpelAstra|CTT_Forester|CTT_Impala|CTT_Traverse|ROAD_ORNL
9085,864,0.09510181618051734,0.8599934055512756,0.7858851020635931,8224,0.0455447607482506,False,0.7222222222222222,0.9968051118210862,0.0002432794063982484,0.999880622661989,19.229563371179516,0.0,0.9968051118210862,0.0,0.0,0.0,0.16666666666666666,0.0,1.0,0.0,0.0,0.0,True,0.7222222222222222,0.9968051118210862,0.0002432794063982484,0.9998806226619888,19.229563371179516,0.0,0.9968051118210862,0.0,0.0,0.0,0.16666666666666666,0.0,1.0,0.0,0.0,0.0,True,0.7222222222222222,0.9920508744038156,0.000608198515995621,0.9998263425652205,48.07390842794879,0.0,0.9968051118210862,0.0,0.0,0.0,0.16666666666666666,0.0,1.0,0.0,0.0,0.0,True,0.7222222222222222,0.9920508744038156,0.000608198515995621,0.9998290975883901,48.07390842794879,0.0,0.9968051118210862,0.0,0.0,0.0,0.16666666666666666,0.0,1.0,0.0,0.0,0.0,True,0.7245370370370371,0.9059334298118669,0.007906580707943072,0.9997176685708897,624.9608095633342,0.0,0.9968051118210862,0.07692307692307693,0.0,0.0047169811320754715,0.5,0.0,1.0,0.5,0.0,1.0,HistGB,fleet,40000,20000,25.54,B_fleet_size,CIDv2_RenaultClio,FS-A,1,5,CIDv2_OpelAstra|CTT_Forester|CTT_Impala|CTT_Traverse|ROAD_ORNL
9085,864,0.09510181618051734,0.8715553719697072,0.7858407143774795,8224,0.0455447607482506,False,0.7222222222222222,1.0,0.0,0.9999287128448487,0.0,0.0,0.9968051118210862,0.0,0.0,0.0,0.16666666666666666,0.0,1.0,0.0,0.0,0.0,True,0.7222222222222222,1.0,0.0,0.9999287128448486,0.0,0.0,0.9968051118210862,0.0,0.0,0.0,0.16666666666666666,0.0,1.0,0.0,0.0,0.0,True,0.7222222222222222,0.9842271293375394,0.001216397031991242,0.999895453453064,96.14781685589757,0.0,0.9968051118210862,0.0,0.0,0.0,0.16666666666666666,0.0,1.0,0.0,0.0,0.0,True,0.7222222222222222,0.9984,0.0001216397031991242,0.999908447265625,9.614781685589758,0.0,0.9968051118210862,0.0,0.0,0.0,0.16666666666666666,0.0,1.0,0.0,0.0,0.0,True,0.7233796296296297,0.8585164835164835,0.012528889429509792,0.9998249411582947,990.322513615745,0.0,0.9984025559105432,0.0,0.0,0.0,0.16666666666666666,0.0,1.0,0.0,0.0,0.0,XGBoost,fleet,40000,20000,11.56,B_fleet_size,CIDv2_RenaultClio,FS-A,1,5,CIDv2_OpelAstra|CTT_Forester|CTT_Impala|CTT_Traverse|ROAD_ORNL
9085,864,0.09510181618051734,0.8387836789928232,0.5850503434635766,8224,0.0455447607482506,False,0.0011574074074074073,0.2,0.0004865588127964968,0.999964377060603,38.45912674235903,0.1,0.0,0.0,0.0,0.0,0.16666666666666666,1.0,0.0,0.0,0.0,0.0,True,0.0011574074074074073,0.2,0.0004865588127964968,0.9999643770606029,38.45912674235903,0.1,0.0,0.0,0.0,0.0,0.16666666666666666,1.0,0.0,0.0,0.0,0.0,True,0.003472222222222222,0.09375,0.0035275513927746018,0.999955965036147,278.828668882103,0.2,0.0,0.0,0.0,0.0047169811320754715,0.3333333333333333,1.0,0.0,0.0,0.0,1.0,True,0.0023148148148148147,0.08,0.0027977131735798565,0.9999575280473535,221.13997876856442,0.1,0.0,0.0,0.0,0.0047169811320754715,0.3333333333333333,1.0,0.0,0.0,0.0,1.0,True,0.006944444444444444,0.038461538461538464,0.01824595547986863,0.9999348152167032,1442.2172528384638,0.4,0.0,0.0,0.0,0.009433962264150943,0.3333333333333333,1.0,0.0,0.0,0.0,1.0,HistGB,fleet,40000,20000,30.14,B_fleet_size,CIDv2_RenaultClio,FS-A,0,5,CIDv2_Prototype|CTT_Forester|CTT_Impala|CTT_Silverado|CTT_Traverse
9085,864,0.09510181618051734,0.8668233904138904,0.7880731730938025,8224,0.0455447607482506,False,0.7245370370370371,0.9984051036682615,0.0001216397031991242,0.9999911785125734,9.614781685589758,0.2,0.9968051118210862,0.0,0.0,0.0,0.3333333333333333,1.0,1.0,0.0,0.0,0.0,True,0.7245370370370371,0.9984051036682615,0.0001216397031991242,0.9999911785125732,9.614781685589758,0.2,0.9968051118210862,0.0,0.0,0.0,0.3333333333333333,1.0,1.0,0.0,0.0,0.0,True,0.7280092592592593,0.9782270606531882,0.0017029558447877388,0.999985933303833,134.6069435982566,0.3,0.9968051118210862,0.0,0.0,0.009433962264150943,0.5,1.0,1.0,0.0,0.0,1.0,True,0.7280092592592593,0.9828125,0.0013380367351903662,0.9999864101409912,105.76259854148734,0.3,0.9968051118210862,0.0,0.0,0.009433962264150943,0.5,1.0,1.0,0.0,0.0,1.0,True,0.7291666666666666,0.8411214953271028,0.01447512468069578,0.9999792575836182,1144.1590205851812,0.3,0.9968051118210862,0.0,0.0,0.014150943396226415,0.5,1.0,1.0,0.0,0.0,1.0,XGBoost,fleet,40000,20000,10.1,B_fleet_size,CIDv2_RenaultClio,FS-A,0,5,CIDv2_Prototype|CTT_Forester|CTT_Impala|CTT_Silverado|CTT_Traverse
9085,864,0.09510181618051734,0.8522190235485455,0.7908968690152726,8224,0.0455447607482506,False,0.7222222222222222,1.0,0.0,0.9998943226737423,0.0,0.0,0.9968051118210862,0.0,0.0,0.0,0.16666666666666666,0.0,1.0,0.0,0.0,0.0,True,0.7222222222222222,1.0,0.0,0.9998943226737422,0.0,0.0,0.9968051118210862,0.0,0.0,0.0,0.16666666666666666,0.0,1.0,0.0,0.0,0.0,True,0.7222222222222222,0.9968051118210862,0.0002432794063982484,0.9998755459498505,19.229563371179516,0.0,0.9968051118210862,0.0,0.0,0.0,0.16666666666666666,0.0,1.0,0.0,0.0,0.0,True,0.7222222222222222,0.9968051118210862,0.0002432794063982484,0.9998807142454567,19.229563371179516,0.0,0.9968051118210862,0.0,0.0,0.0,0.16666666666666666,0.0,1.0,0.0,0.0,0.0,True,0.7314814814814815,0.9376854599406528,0.0051088675343632164,0.9997875629064285,403.8208307947698,0.4,0.9968051118210862,0.0,0.0,0.018867924528301886,0.5,1.0,1.0,0.0,0.0,1.0,HistGB,fleet,40000,20000,34.13,B_fleet_size,CIDv2_RenaultClio,FS-A,1,5,CIDv2_Prototype|CTT_Forester|CTT_Impala|CTT_Silverado|CTT_Traverse
9085,864,0.09510181618051734,0.8465009719913321,0.7843859535494563,8224,0.0455447607482506,False,0.7245370370370371,0.9968152866242038,0.0002432794063982484,0.9999594688415528,19.229563371179516,0.2,0.9968051118210862,0.0,0.0,0.0,0.3333333333333333,1.0,1.0,0.0,0.0,0.0,True,0.7245370370370371,0.9968152866242038,0.0002432794063982484,0.9999594688415527,19.229563371179516,0.2,0.9968051118210862,0.0,0.0,0.0,0.3333333333333333,1.0,1.0,0.0,0.0,0.0,True,0.7268518518518519,0.98125,0.0014596764383894903,0.9999493360519409,115.37738022707708,0.2,0.9968051118210862,0.0,0.0,0.009433962264150943,0.5,1.0,1.0,0.0,0.0,1.0,True,0.7245370370370371,0.9889415481832543,0.0008514779223938694,0.9999536275863647,67.3034717991283,0.2,0.9968051118210862,0.0,0.0,0.0,0.3333333333333333,1.0,1.0,0.0,0.0,0.0,True,0.7337962962962963,0.8744827586206897,0.011069212991120302,0.9999202489852905,874.945133388668,0.3,0.9968051118210862,0.0,0.0,0.0330188679245283,0.5,1.0,1.0,0.0,0.0,1.0,XGBoost,fleet,40000,20000,10.04,B_fleet_size,CIDv2_RenaultClio,FS-A,1,5,CIDv2_Prototype|CTT_Forester|CTT_Impala|CTT_Silverado|CTT_Traverse
9085,864,0.09510181618051734,0.8617818189190285,0.7956443499229966,8224,0.0455447607482506,False,0.7256944444444444,1.0,0.0,0.9996082566964865,0.0,0.3,0.9968051118210862,0.0,0.0,0.0,0.3333333333333333,1.0,1.0,0.0,0.0,0.0,True,0.7256944444444444,1.0,0.0,0.9996082566964863,0.0,0.3,0.9968051118210862,0.0,0.0,0.0,0.3333333333333333,1.0,1.0,0.0,0.0,0.0,True,0.7280092592592593,0.9573820395738204,0.0034059116895754776,0.9993934551313953,269.2138871965132,0.4,0.9984025559105432,0.0,0.0,0.0,0.3333333333333333,1.0,1.0,0.0,0.0,0.0,True,0.7280092592592593,0.9573820395738204,0.0034059116895754776,0.9993934551313953,269.2138871965132,0.4,0.9984025559105432,0.0,0.0,0.0,0.3333333333333333,1.0,1.0,0.0,0.0,0.0,True,0.7384259259259259,0.8264248704663213,0.016299720228682642,0.9991497293620084,1288.3807458690274,0.6,0.9984025559105432,0.0,0.0,0.0330188679245283,0.5,1.0,1.0,0.0,0.0,1.0,HistGB,fleet,40000,20000,32.95,B_fleet_size,CIDv2_RenaultClio,FS-A,0,6,CIDv2_OpelAstra|CIDv2_Prototype|CTT_Forester|CTT_Impala|CTT_Silverado|CTT_Traverse
9085,864,0.09510181618051734,0.892363504484901,0.8177294692714636,8224,0.0455447607482506,False,0.7280092592592593,0.9968304278922345,0.0002432794063982484,0.9998025298118592,19.229563371179516,0.4,0.9984025559105432,0.0,0.0,0.0,0.3333333333333333,1.0,1.0,0.0,0.0,0.0,True,0.7280092592592593,0.9968304278922345,0.0002432794063982484,0.9998025298118591,19.229563371179516,0.4,0.9984025559105432,0.0,0.0,0.0,0.3333333333333333,1.0,1.0,0.0,0.0,0.0,True,0.7395833333333334,0.9740853658536586,0.0020678749543851112,0.9996411800384521,163.45128865502588,0.6,0.9984025559105432,0.0,0.3333333333333333,0.0330188679245283,0.6666666666666666,1.0,1.0,0.0,1.0,1.0,True,0.7395833333333334,0.9740853658536586,0.0020678749543851112,0.9996463060379028,163.45128865502588,0.6,0.9984025559105432,0.0,0.3333333333333333,0.0330188679245283,0.6666666666666666,1.0,1.0,0.0,1.0,1.0,True,0.7581018518518519,0.8106435643564357,0.018610874589466003,0.9994285702705383,1471.0615978952333,0.7,0.9984025559105432,0.0,0.3333333333333333,0.10377358490566038,0.6666666666666666,1.0,1.0,0.0,1.0,1.0,XGBoost,fleet,40000,20000,9.99,B_fleet_size,CIDv2_RenaultClio,FS-A,0,6,CIDv2_OpelAstra|CIDv2_Prototype|CTT_Forester|CTT_Impala|CTT_Silverado|CTT_Traverse
9085,864,0.09510181618051734,0.8449935688638401,0.7805805428983621,8224,0.0455447607482506,False,0.7245370370370371,1.0,0.0,0.9997433577841536,0.0,0.1,0.9984025559105432,0.0,0.0,0.0,0.3333333333333333,1.0,1.0,0.0,0.0,0.0,True,0.7245370370370371,1.0,0.0,0.9997433577841535,0.0,0.1,0.9984025559105432,0.0,0.0,0.0,0.3333333333333333,1.0,1.0,0.0,0.0,0.0,True,0.7268518518518519,0.9874213836477987,0.0009731176255929935,0.9996181342675342,76.91825348471806,0.3,0.9984025559105432,0.0,0.0,0.0,0.3333333333333333,1.0,1.0,0.0,0.0,0.0,True,0.7268518518518519,0.9874213836477987,0.0009731176255929935,0.9996192967034137,76.91825348471806,0.3,0.9984025559105432,0.0,0.0,0.0,0.3333333333333333,1.0,1.0,0.0,0.0,0.0,True,0.7303240740740741,0.8862359550561798,0.00985281595912906,0.9994158433642724,778.7973165327703,0.4,0.9984025559105432,0.0,0.0,0.009433962264150943,0.5,1.0,1.0,0.0,0.0,1.0,HistGB,fleet,40000,20000,21.88,B_fleet_size,CIDv2_RenaultClio,FS-A,1,6,CIDv2_OpelAstra|CIDv2_Prototype|CTT_Forester|CTT_Impala|CTT_Silverado|CTT_Traverse
9085,864,0.09510181618051734,0.8271194310415513,0.7717489478832689,8224,0.0455447607482506,False,0.7245370370370371,0.9889415481832543,0.0008514779223938694,0.9999549388885499,67.3034717991283,0.2,0.9968051118210862,0.0,0.0,0.0,0.3333333333333333,1.0,1.0,0.0,0.0,0.0,True,0.7245370370370371,0.9889415481832543,0.0008514779223938694,0.9999549388885498,67.3034717991283,0.2,0.9968051118210862,0.0,0.0,0.0,0.3333333333333333,1.0,1.0,0.0,0.0,0.0,True,0.7256944444444444,0.9766355140186916,0.001824595547986863,0.9999407529830933,144.22172528384638,0.2,0.9984025559105432,0.0,0.0,0.0,0.3333333333333333,1.0,1.0,0.0,0.0,0.0,True,0.7256944444444444,0.9766355140186916,0.001824595547986863,0.999941349029541,144.22172528384638,0.2,0.9984025559105432,0.0,0.0,0.0,0.3333333333333333,1.0,1.0,0.0,0.0,0.0,True,0.7280092592592593,0.8723994452149791,0.011190852694319426,0.9999016523361206,884.5599150742577,0.4,0.9984025559105432,0.0,0.0,0.0,0.3333333333333333,1.0,1.0,0.0,0.0,0.0,XGBoost,fleet,40000,20000,8.28,B_fleet_size,CIDv2_RenaultClio,FS-A,1,6,CIDv2_OpelAstra|CIDv2_Prototype|CTT_Forester|CTT_Impala|CTT_Silverado|CTT_Traverse
9085,864,0.09510181618051734,0.8663885003176148,0.7877496700821734,8224,0.0455447607482506,False,0.7222222222222222,0.9780564263322884,0.0017029558447877388,0.9993985566831529,134.6069435982566,0.0,0.9968051118210862,0.0,0.0,0.0,0.16666666666666666,0.0,1.0,0.0,0.0,0.0,True,0.7222222222222222,0.9780564263322884,0.0017029558447877388,0.9993985566831528,134.6069435982566,0.0,0.9968051118210862,0.0,0.0,0.0,0.16666666666666666,0.0,1.0,0.0,0.0,0.0,True,0.7233796296296297,0.9645061728395061,0.0027977131735798565,0.9993070749900093,221.13997876856442,0.0,0.9968051118210862,0.0,0.0,0.0047169811320754715,0.3333333333333333,0.0,1.0,0.0,0.0,1.0,True,0.7233796296296297,0.9704968944099379,0.0023111543607833595,0.9993264609718645,182.6808520262054,0.0,0.9968051118210862,0.0,0.0,0.0047169811320754715,0.3333333333333333,0.0,1.0,0.0,0.0,1.0,True,0.7268518518518519,0.8486486486486486,0.01362364675830191,0.9989400096990559,1076.8555487860529,0.1,0.9968051118210862,0.07692307692307693,0.0,0.009433962264150943,0.6666666666666666,1.0,1.0,0.5,0.0,1.0,HistGB,fleet,40000,20000,19.34,B_fleet_size,CIDv2_RenaultClio,FS-A,0,6,CIDv2_OpelAstra|CIDv2_Prototype|CTT_Forester|CTT_Impala|CTT_Traverse|ROAD_ORNL
9085,864,0.09510181618051734,0.8779958704447057,0.8052692700563339,8224,0.0455447607482506,False,0.7233796296296297,0.9968102073365231,0.0002432794063982484,0.9997066855430604,19.229563371179516,0.0,0.9984025559105432,0.0,0.0,0.0,0.16666666666666666,0.0,1.0,0.0,0.0,0.0,True,0.7233796296296297,0.9968102073365231,0.0002432794063982484,0.9997066855430603,19.229563371179516,0.0,0.9984025559105432,0.0,0.0,0.0,0.16666666666666666,0.0,1.0,0.0,0.0,0.0,True,0.7268518518518519,0.9858712715855573,0.0010947573287921177,0.9995902180671692,86.53303517030781,0.0,0.9984025559105432,0.0,0.0,0.014150943396226415,0.3333333333333333,0.0,1.0,0.0,0.0,1.0,True,0.7268518518518519,0.9874213836477987,0.0009731176255929935,0.9996009469032288,76.91825348471806,0.0,0.9984025559105432,0.0,0.0,0.014150943396226415,0.3333333333333333,0.0,1.0,0.0,0.0,1.0,True,0.7384259259259259,0.8998589562764457,0.008636418927137818,0.9993751645088196,682.6494996768728,0.1,0.9984025559105432,0.0,0.0,0.05660377358490566,0.5,1.0,1.0,0.0,0.0,1.0,XGBoost,fleet,40000,20000,7.96,B_fleet_size,CIDv2_RenaultClio,FS-A,0,6,CIDv2_OpelAstra|CIDv2_Prototype|CTT_Forester|CTT_Impala|CTT_Traverse|ROAD_ORNL
9085,864,0.09510181618051734,0.8136713452900656,0.7657189245976597,8224,0.0455447607482506,False,0.7222222222222222,0.9968051118210862,0.0002432794063982484,0.9999312750241781,19.229563371179516,0.0,0.9968051118210862,0.0,0.0,0.0,0.16666666666666666,0.0,1.0,0.0,0.0,0.0,True,0.7222222222222222,0.9968051118210862,0.0002432794063982484,0.999931275024178,19.229563371179516,0.0,0.9968051118210862,0.0,0.0,0.0,0.16666666666666666,0.0,1.0,0.0,0.0,0.0,True,0.7233796296296297,0.9765625,0.001824595547986863,0.9998923812868324,144.22172528384638,0.0,0.9968051118210862,0.07692307692307693,0.0,0.0,0.3333333333333333,0.0,1.0,0.5,0.0,0.0,True,0.7222222222222222,0.9780564263322884,0.0017029558447877388,0.9998997459666018,134.6069435982566,0.0,0.9968051118210862,0.0,0.0,0.0,0.16666666666666666,0.0,1.0,0.0,0.0,0.0,True,0.7256944444444444,0.9166666666666666,0.006933463082350079,0.9998508666991296,548.0425560786161,0.2,0.9968051118210862,0.07692307692307693,0.0,0.0,0.5,1.0,1.0,0.5,0.0,0.0,HistGB,fleet,40000,20000,19.6,B_fleet_size,CIDv2_RenaultClio,FS-A,1,6,CIDv2_OpelAstra|CIDv2_Prototype|CTT_Forester|CTT_Impala|CTT_Traverse|ROAD_ORNL
9085,864,0.09510181618051734,0.8524879261331639,0.7834135145672498,8224,0.0455447607482506,False,0.7245370370370371,0.9920760697305864,0.000608198515995621,0.9994314312934877,48.07390842794879,0.1,0.9984025559105432,0.0,0.0,0.0,0.3333333333333333,1.0,1.0,0.0,0.0,0.0,True,0.7245370370370371,0.9920760697305864,0.000608198515995621,0.9994314312934877,48.07390842794879,0.1,0.9984025559105432,0.0,0.0,0.0,0.3333333333333333,1.0,1.0,0.0,0.0,0.0,True,0.7245370370370371,0.9690402476780186,0.002432794063982484,0.9990932941436768,192.29563371179515,0.1,0.9984025559105432,0.0,0.0,0.0,0.3333333333333333,1.0,1.0,0.0,0.0,0.0,True,0.7245370370370371,0.9690402476780186,0.002432794063982484,0.9990932941436768,192.29563371179515,0.1,0.9984025559105432,0.0,0.0,0.0,0.3333333333333333,1.0,1.0,0.0,0.0,0.0,True,0.7314814814814815,0.8283093053735255,0.015934801119085268,0.9982860684394836,1259.536400812258,0.1,0.9984025559105432,0.0,0.0,0.02830188679245283,0.5,1.0,1.0,0.0,0.0,1.0,XGBoost,fleet,40000,20000,9.23,B_fleet_size,CIDv2_RenaultClio,FS-A,1,6,CIDv2_OpelAstra|CIDv2_Prototype|CTT_Forester|CTT_Impala|CTT_Traverse|ROAD_ORNL
9085,864,0.09510181618051734,0.8295436371172291,0.7729201848147218,8224,0.0455447607482506,False,0.7222222222222222,1.0,0.0,0.9992907721016421,0.0,0.0,0.9968051118210862,0.0,0.0,0.0,0.16666666666666666,0.0,1.0,0.0,0.0,0.0,True,0.7222222222222222,1.0,0.0,0.999290772101642,0.0,0.0,0.9968051118210862,0.0,0.0,0.0,0.16666666666666666,0.0,1.0,0.0,0.0,0.0,True,0.7233796296296297,0.9936406995230525,0.0004865588127964968,0.998795449027804,38.45912674235903,0.0,0.9984025559105432,0.0,0.0,0.0,0.16666666666666666,0.0,1.0,0.0,0.0,0.0,True,0.7233796296296297,0.9968102073365231,0.0002432794063982484,0.998885572702051,19.229563371179516,0.0,0.9984025559105432,0.0,0.0,0.0,0.16666666666666666,0.0,1.0,0.0,0.0,0.0,True,0.7233796296296297,0.9720062208398134,0.0021895146575842354,0.998072332427112,173.06607034061562,0.0,0.9984025559105432,0.0,0.0,0.0,0.16666666666666666,0.0,1.0,0.0,0.0,0.0,HistGB,fleet,40000,20000,26.74,B_fleet_size,CIDv2_RenaultClio,FS-A,0,6,CIDv2_OpelAstra|CIDv2_Prototype|CTT_Forester|CTT_Silverado|CTT_Traverse|ROAD_ORNL
9085,864,0.09510181618051734,0.8572843879946117,0.7870676888684467,8224,0.0455447607482506,False,0.7233796296296297,0.9984025559105432,0.0001216397031991242,0.9994859695434571,9.614781685589758,0.0,0.9984025559105432,0.0,0.0,0.0,0.16666666666666666,0.0,1.0,0.0,0.0,0.0,True,0.7233796296296297,0.9984025559105432,0.0001216397031991242,0.999485969543457,9.614781685589758,0.0,0.9984025559105432,0.0,0.0,0.0,0.16666666666666666,0.0,1.0,0.0,0.0,0.0,True,0.7233796296296297,0.984251968503937,0.001216397031991242,0.9992251396179199,96.14781685589757,0.0,0.9984025559105432,0.0,0.0,0.0,0.16666666666666666,0.0,1.0,0.0,0.0,0.0,True,0.7233796296296297,0.984251968503937,0.001216397031991242,0.9992432594299316,96.14781685589757,0.0,0.9984025559105432,0.0,0.0,0.0,0.16666666666666666,0.0,1.0,0.0,0.0,0.0,True,0.7268518518518519,0.9154518950437318,0.0070551027855492035,0.9988559484481812,557.657337764206,0.0,0.9984025559105432,0.0,0.0,0.014150943396226415,0.3333333333333333,0.0,1.0,0.0,0.0,1.0,XGBoost,fleet,40000,20000,8.58,B_fleet_size,CIDv2_RenaultClio,FS-A,0,6,CIDv2_OpelAstra|CIDv2_Prototype|CTT_Forester|CTT_Silverado|CTT_Traverse|ROAD_ORNL
9085,864,0.09510181618051734,0.8524251352678551,0.7829561314904956,8224,0.0455447607482506,False,0.7222222222222222,1.0,0.0,0.9997111693205233,0.0,0.0,0.9968051118210862,0.0,0.0,0.0,0.16666666666666666,0.0,1.0,0.0,0.0,0.0,True,0.7222222222222222,1.0,0.0,0.9997111693205232,0.0,0.0,0.9968051118210862,0.0,0.0,0.0,0.16666666666666666,0.0,1.0,0.0,0.0,0.0,True,0.7222222222222222,0.9952153110047847,0.0003649191095973726,0.9993261683041124,28.84434505676927,0.0,0.9968051118210862,0.0,0.0,0.0,0.16666666666666666,0.0,1.0,0.0,0.0,0.0,True,0.7222222222222222,0.9952153110047847,0.0003649191095973726,0.9993474710934696,28.84434505676927,0.0,0.9968051118210862,0.0,0.0,0.0,0.16666666666666666,0.0,1.0,0.0,0.0,0.0,True,0.7233796296296297,0.9272997032640949,0.005960345456757086,0.9986672516409607,471.1243025938981,0.0,0.9984025559105432,0.0,0.0,0.0,0.16666666666666666,0.0,1.0,0.0,0.0,0.0,HistGB,fleet,40000,20000,21.2,B_fleet_size,CIDv2_RenaultClio,FS-A,1,6,CIDv2_OpelAstra|CIDv2_Prototype|CTT_Forester|CTT_Silverado|CTT_Traverse|ROAD_ORNL
9085,864,0.09510181618051734,0.8503291733681133,0.780247488320932,8224,0.0455447607482506,False,0.7233796296296297,0.9984025559105432,0.0001216397031991242,0.9994244575500489,9.614781685589758,0.0,0.9984025559105432,0.0,0.0,0.0,0.16666666666666666,0.0,1.0,0.0,0.0,0.0,True,0.7233796296296297,0.9984025559105432,0.0001216397031991242,0.9994244575500488,9.614781685589758,0.0,0.9984025559105432,0.0,0.0,0.0,0.16666666666666666,0.0,1.0,0.0,0.0,0.0,True,0.7233796296296297,0.9968102073365231,0.0002432794063982484,0.9991514682769775,19.229563371179516,0.0,0.9984025559105432,0.0,0.0,0.0,0.16666666666666666,0.0,1.0,0.0,0.0,0.0,True,0.7233796296296297,0.9968102073365231,0.0002432794063982484,0.9991581439971924,19.229563371179516,0.0,0.9984025559105432,0.0,0.0,0.0,0.16666666666666666,0.0,1.0,0.0,0.0,0.0,True,0.7245370370370371,0.9219440353460973,0.006446904269553582,0.9986754059791565,509.58342933625715,0.0,0.9984025559105432,0.0,0.0,0.0047169811320754715,0.3333333333333333,0.0,1.0,0.0,0.0,1.0,XGBoost,fleet,40000,20000,8.5,B_fleet_size,CIDv2_RenaultClio,FS-A,1,6,CIDv2_OpelAstra|CIDv2_Prototype|CTT_Forester|CTT_Silverado|CTT_Traverse|ROAD_ORNL
9085,864,0.09510181618051734,0.8458844670604189,0.7710127126764106,8224,0.0455447607482506,False,0.0,0.0,0.0002432794063982484,0.9999301724719076,19.229563371179516,0.0,0.0,0.0,0.0,0.0,0.0,0.0,0.0,0.0,0.0,0.0,True,0.0,0.0,0.0002432794063982484,0.9999301724719075,19.229563371179516,0.0,0.0,0.0,0.0,0.0,0.0,0.0,0.0,0.0,0.0,0.0,True,0.7222222222222222,0.9920508744038156,0.000608198515995621,0.9998713095414885,48.07390842794879,0.0,0.9968051118210862,0.0,0.0,0.0,0.16666666666666666,0.0,1.0,0.0,0.0,0.0,True,0.7222222222222222,0.9920508744038156,0.000608198515995621,0.9998713095414885,48.07390842794879,0.0,0.9968051118210862,0.0,0.0,0.0,0.16666666666666666,0.0,1.0,0.0,0.0,0.0,True,0.7222222222222222,0.9030390738060782,0.008149860114341321,0.9997915226887745,644.1903729345137,0.0,0.9968051118210862,0.0,0.0,0.0,0.16666666666666666,0.0,1.0,0.0,0.0,0.0,HistGB,fleet,40000,20000,24.19,B_fleet_size,CIDv2_RenaultClio,FS-A,0,6,CIDv2_OpelAstra|CIDv2_Prototype|CTT_Impala|CTT_Silverado|CTT_Traverse|ROAD_ORNL
9085,864,0.09510181618051734,0.817888751481076,0.765221907560047,8224,0.0455447607482506,False,0.7222222222222222,1.0,0.0,0.9997158646583558,0.0,0.0,0.9968051118210862,0.0,0.0,0.0,0.16666666666666666,0.0,1.0,0.0,0.0,0.0,True,0.7222222222222222,1.0,0.0,0.9997158646583557,0.0,0.0,0.9968051118210862,0.0,0.0,0.0,0.16666666666666666,0.0,1.0,0.0,0.0,0.0,True,0.7222222222222222,0.9811320754716981,0.0014596764383894903,0.9995661377906799,115.37738022707708,0.0,0.9968051118210862,0.0,0.0,0.0,0.16666666666666666,0.0,1.0,0.0,0.0,0.0,True,0.7222222222222222,0.9842271293375394,0.001216397031991242,0.9995701909065247,96.14781685589757,0.0,0.9968051118210862,0.0,0.0,0.0,0.16666666666666666,0.0,1.0,0.0,0.0,0.0,True,0.7233796296296297,0.8491847826086957,0.013502007055102785,0.9992455244064331,1067.240767100463,0.0,0.9968051118210862,0.0,0.0,0.0047169811320754715,0.3333333333333333,0.0,1.0,0.0,0.0,1.0,XGBoost,fleet,40000,20000,8.9,B_fleet_size,CIDv2_RenaultClio,FS-A,0,6,CIDv2_OpelAstra|CIDv2_Prototype|CTT_Impala|CTT_Silverado|CTT_Traverse|ROAD_ORNL
9085,864,0.09510181618051734,0.8528957147909374,0.7839510323097539,8224,0.0455447607482506,False,0.7222222222222222,0.9936305732484076,0.0004865588127964968,0.9998175158991738,38.45912674235903,0.0,0.9968051118210862,0.0,0.0,0.0,0.16666666666666666,0.0,1.0,0.0,0.0,0.0,True,0.7222222222222222,0.9936305732484076,0.0004865588127964968,0.9998175158991737,38.45912674235903,0.0,0.9968051118210862,0.0,0.0,0.0,0.16666666666666666,0.0,1.0,0.0,0.0,0.0,True,0.7222222222222222,0.9765258215962441,0.001824595547986863,0.9997621349189827,144.22172528384638,0.0,0.9968051118210862,0.0,0.0,0.0,0.16666666666666666,0.0,1.0,0.0,0.0,0.0,True,0.7222222222222222,0.9765258215962441,0.001824595547986863,0.9997648913185686,144.22172528384638,0.0,0.9968051118210862,0.0,0.0,0.0,0.16666666666666666,0.0,1.0,0.0,0.0,0.0,True,0.7222222222222222,0.9271916790490342,0.005960345456757086,0.9996754401915064,471.1243025938981,0.0,0.9968051118210862,0.0,0.0,0.0,0.16666666666666666,0.0,1.0,0.0,0.0,0.0,HistGB,fleet,40000,20000,22.37,B_fleet_size,CIDv2_RenaultClio,FS-A,1,6,CIDv2_OpelAstra|CIDv2_Prototype|CTT_Impala|CTT_Silverado|CTT_Traverse|ROAD_ORNL
9085,864,0.09510181618051734,0.8556438006550523,0.7816707023493895,8224,0.0455447607482506,False,0.7222222222222222,0.9952153110047847,0.0003649191095973726,0.9995804429054261,28.84434505676927,0.0,0.9968051118210862,0.0,0.0,0.0,0.16666666666666666,0.0,1.0,0.0,0.0,0.0,True,0.7222222222222222,0.9952153110047847,0.0003649191095973726,0.999580442905426,28.84434505676927,0.0,0.9968051118210862,0.0,0.0,0.0,0.16666666666666666,0.0,1.0,0.0,0.0,0.0,True,0.7222222222222222,0.968944099378882,0.002432794063982484,0.9993777275085449,192.29563371179515,0.0,0.9968051118210862,0.0,0.0,0.0,0.16666666666666666,0.0,1.0,0.0,0.0,0.0,True,0.7222222222222222,0.968944099378882,0.002432794063982484,0.9993869066238403,192.29563371179515,0.0,0.9968051118210862,0.0,0.0,0.0,0.16666666666666666,0.0,1.0,0.0,0.0,0.0,True,0.7233796296296297,0.8778089887640449,0.010582654178323806,0.9990838766098022,836.486006646309,0.0,0.9968051118210862,0.0,0.0,0.0047169811320754715,0.3333333333333333,0.0,1.0,0.0,0.0,1.0,XGBoost,fleet,40000,20000,8.04,B_fleet_size,CIDv2_RenaultClio,FS-A,1,6,CIDv2_OpelAstra|CIDv2_Prototype|CTT_Impala|CTT_Silverado|CTT_Traverse|ROAD_ORNL
9085,864,0.09510181618051734,0.8317334333482004,0.7736048260739745,8224,0.0455447607482506,False,0.7233796296296297,1.0,0.0,0.9993812197281507,0.0,0.0,0.9984025559105432,0.0,0.0,0.0,0.16666666666666666,0.0,1.0,0.0,0.0,0.0,True,0.7233796296296297,1.0,0.0,0.9993812197281506,0.0,0.0,0.9984025559105432,0.0,0.0,0.0,0.16666666666666666,0.0,1.0,0.0,0.0,0.0,True,0.7233796296296297,0.9936406995230525,0.0004865588127964968,0.9990412252514649,38.45912674235903,0.0,0.9984025559105432,0.0,0.0,0.0,0.16666666666666666,0.0,1.0,0.0,0.0,0.0,True,0.7233796296296297,0.9968102073365231,0.0002432794063982484,0.9990632440048144,19.229563371179516,0.0,0.9984025559105432,0.0,0.0,0.0,0.16666666666666666,0.0,1.0,0.0,0.0,0.0,True,0.7233796296296297,0.8954154727793696,0.008879698333536067,0.998398657706867,701.8790630480523,0.0,0.9984025559105432,0.0,0.0,0.0,0.16666666666666666,0.0,1.0,0.0,0.0,0.0,HistGB,fleet,40000,20000,38.85,B_fleet_size,CIDv2_RenaultClio,FS-A,0,6,CIDv2_Prototype|CTT_Forester|CTT_Impala|CTT_Silverado|CTT_Traverse|ROAD_ORNL
9085,864,0.09510181618051734,0.8524786342113918,0.7800703100986037,8224,0.0455447607482506,False,0.7233796296296297,0.9952229299363057,0.0003649191095973726,0.9989556074142457,28.84434505676927,0.0,0.9984025559105432,0.0,0.0,0.0,0.16666666666666666,0.0,1.0,0.0,0.0,0.0,True,0.7233796296296297,0.9952229299363057,0.0003649191095973726,0.9989556074142456,28.84434505676927,0.0,0.9984025559105432,0.0,0.0,0.0,0.16666666666666666,0.0,1.0,0.0,0.0,0.0,True,0.7233796296296297,0.9735202492211839,0.0020678749543851112,0.9984893798828125,163.45128865502588,0.0,0.9984025559105432,0.0,0.0,0.0,0.16666666666666666,0.0,1.0,0.0,0.0,0.0,True,0.7233796296296297,0.9735202492211839,0.0020678749543851112,0.9985023736953735,163.45128865502588,0.0,0.9984025559105432,0.0,0.0,0.0,0.16666666666666666,0.0,1.0,0.0,0.0,0.0,True,0.7256944444444444,0.8132295719844358,0.017516117260673883,0.9974963068962097,1384.528562724925,0.0,0.9984025559105432,0.0,0.0,0.009433962264150943,0.3333333333333333,0.0,1.0,0.0,0.0,1.0,XGBoost,fleet,40000,20000,16.08,B_fleet_size,CIDv2_RenaultClio,FS-A,0,6,CIDv2_Prototype|CTT_Forester|CTT_Impala|CTT_Silverado|CTT_Traverse|ROAD_ORNL
9085,864,0.09510181618051734,0.8561359909355895,0.7822688089380128,8224,0.0455447607482506,False,0.7233796296296297,0.9984025559105432,0.0001216397031991242,0.9987162148647779,9.614781685589758,0.0,0.9984025559105432,0.0,0.0,0.0,0.16666666666666666,0.0,1.0,0.0,0.0,0.0,True,0.7233796296296297,0.9984025559105432,0.0001216397031991242,0.9987162148647778,9.614781685589758,0.0,0.9984025559105432,0.0,0.0,0.0,0.16666666666666666,0.0,1.0,0.0,0.0,0.0,True,0.7233796296296297,0.9585889570552147,0.003284271986376353,0.9982237819737559,259.59910551092344,0.0,0.9984025559105432,0.0,0.0,0.0,0.16666666666666666,0.0,1.0,0.0,0.0,0.0,True,0.7233796296296297,0.9615384615384616,0.0030409925799781048,0.9982466867079635,240.3695421397439,0.0,0.9984025559105432,0.0,0.0,0.0,0.16666666666666666,0.0,1.0,0.0,0.0,0.0,True,0.7245370370370371,0.828042328042328,0.015813161415886144,0.9976276941601888,1249.9216191266685,0.0,0.9984025559105432,0.0,0.0,0.0047169811320754715,0.3333333333333333,0.0,1.0,0.0,0.0,1.0,HistGB,fleet,40000,20000,23.5,B_fleet_size,CIDv2_RenaultClio,FS-A,1,6,CIDv2_Prototype|CTT_Forester|CTT_Impala|CTT_Silverado|CTT_Traverse|ROAD_ORNL
9085,864,0.09510181618051734,0.8377515013492998,0.7749796165956354,8224,0.0455447607482506,False,0.7222222222222222,0.9889064976228209,0.0008514779223938694,0.9998865127563478,67.3034717991283,0.0,0.9968051118210862,0.0,0.0,0.0,0.16666666666666666,0.0,1.0,0.0,0.0,0.0,True,0.7222222222222222,0.9889064976228209,0.0008514779223938694,0.9998865127563477,67.3034717991283,0.0,0.9968051118210862,0.0,0.0,0.0,0.16666666666666666,0.0,1.0,0.0,0.0,0.0,True,0.7222222222222222,0.96,0.003162632283177229,0.9998486042022705,249.9843238253337,0.0,0.9968051118210862,0.0,0.0,0.0,0.16666666666666666,0.0,1.0,0.0,0.0,0.0,True,0.7222222222222222,0.9659442724458205,0.0026760734703807324,0.9998583793640137,211.52519708297467,0.0,0.9968051118210862,0.0,0.0,0.0,0.16666666666666666,0.0,1.0,0.0,0.0,0.0,True,0.7256944444444444,0.8577291381668947,0.012650529132708916,0.9997709393501282,999.9372953013348,0.1,0.9984025559105432,0.0,0.0,0.0047169811320754715,0.5,1.0,1.0,0.0,0.0,1.0,XGBoost,fleet,40000,20000,8.55,B_fleet_size,CIDv2_RenaultClio,FS-A,1,6,CIDv2_Prototype|CTT_Forester|CTT_Impala|CTT_Silverado|CTT_Traverse|ROAD_ORNL
9085,864,0.09510181618051734,0.8505711856942699,0.7820878770631419,8224,0.0455447607482506,False,0.7222222222222222,1.0,0.0,0.9996344956770218,0.0,0.0,0.9968051118210862,0.0,0.0,0.0,0.16666666666666666,0.0,1.0,0.0,0.0,0.0,True,0.7222222222222222,1.0,0.0,0.9996344956770217,0.0,0.0,0.9968051118210862,0.0,0.0,0.0,0.16666666666666666,0.0,1.0,0.0,0.0,0.0,True,0.7222222222222222,0.9984,0.0001216397031991242,0.9994001547300525,9.614781685589758,0.0,0.9968051118210862,0.0,0.0,0.0,0.16666666666666666,0.0,1.0,0.0,0.0,0.0,True,0.7222222222222222,1.0,0.0,0.9994602869556289,0.0,0.0,0.9968051118210862,0.0,0.0,0.0,0.16666666666666666,0.0,1.0,0.0,0.0,0.0,True,0.7233796296296297,0.8979885057471264,0.008636418927137818,0.9990512802655481,682.6494996768728,0.0,0.9968051118210862,0.0,0.0,0.0047169811320754715,0.3333333333333333,0.0,1.0,0.0,0.0,1.0,HistGB,fleet,40000,20000,26.56,B_fleet_size,CIDv2_RenaultClio,FS-A,0,7,CIDv2_OpelAstra|CIDv2_Prototype|CTT_Forester|CTT_Impala|CTT_Silverado|CTT_Traverse|ROAD_ORNL
9085,864,0.09510181618051734,0.8283281551987458,0.7696990225326664,8224,0.0455447607482506,False,0.7233796296296297,1.0,0.0,0.9993378520011903,0.0,0.0,0.9984025559105432,0.0,0.0,0.0,0.16666666666666666,0.0,1.0,0.0,0.0,0.0,True,0.7233796296296297,1.0,0.0,0.9993378520011902,0.0,0.0,0.9984025559105432,0.0,0.0,0.0,0.16666666666666666,0.0,1.0,0.0,0.0,0.0,True,0.7233796296296297,1.0,0.0,0.9990333318710327,0.0,0.0,0.9984025559105432,0.0,0.0,0.0,0.16666666666666666,0.0,1.0,0.0,0.0,0.0,True,0.7233796296296297,1.0,0.0,0.999037504196167,0.0,0.0,0.9984025559105432,0.0,0.0,0.0,0.16666666666666666,0.0,1.0,0.0,0.0,0.0,True,0.7245370370370371,0.9484848484848485,0.0041357499087702225,0.9981765747070312,326.90257731005175,0.0,0.9984025559105432,0.0,0.0,0.0047169811320754715,0.3333333333333333,0.0,1.0,0.0,0.0,1.0,XGBoost,fleet,40000,20000,12.6,B_fleet_size,CIDv2_RenaultClio,FS-A,0,7,CIDv2_OpelAstra|CIDv2_Prototype|CTT_Forester|CTT_Impala|CTT_Silverado|CTT_Traverse|ROAD_ORNL
9085,864,0.09510181618051734,0.8238816186640356,0.7715166829081899,8224,0.0455447607482506,False,0.7222222222222222,1.0,0.0,0.9998326380953186,0.0,0.0,0.9968051118210862,0.0,0.0,0.0,0.16666666666666666,0.0,1.0,0.0,0.0,0.0,True,0.7222222222222222,1.0,0.0,0.9998326380953185,0.0,0.0,0.9968051118210862,0.0,0.0,0.0,0.16666666666666666,0.0,1.0,0.0,0.0,0.0,True,0.7222222222222222,0.9904761904761905,0.0007298382191947452,0.999736168518527,57.68869011353854,0.0,0.9968051118210862,0.0,0.0,0.0,0.16666666666666666,0.0,1.0,0.0,0.0,0.0,True,0.7222222222222222,0.9904761904761905,0.0007298382191947452,0.9997441977225178,57.68869011353854,0.0,0.9968051118210862,0.0,0.0,0.0,0.16666666666666666,0.0,1.0,0.0,0.0,0.0,True,0.7233796296296297,0.9286775631500743,0.005838705753557961,0.9995370080419916,461.50952090830833,0.0,0.9984025559105432,0.0,0.0,0.0,0.16666666666666666,0.0,1.0,0.0,0.0,0.0,HistGB,fleet,40000,20000,17.44,B_fleet_size,CIDv2_RenaultClio,FS-A,1,7,CIDv2_OpelAstra|CIDv2_Prototype|CTT_Forester|CTT_Impala|CTT_Silverado|CTT_Traverse|ROAD_ORNL
9085,864,0.09510181618051734,0.8260921105389539,0.7710094602350678,8224,0.0455447607482506,False,0.7233796296296297,1.0,0.0,0.9994327425956727,0.0,0.0,0.9984025559105432,0.0,0.0,0.0,0.16666666666666666,0.0,1.0,0.0,0.0,0.0,True,0.7233796296296297,1.0,0.0,0.9994327425956726,0.0,0.0,0.9984025559105432,0.0,0.0,0.0,0.16666666666666666,0.0,1.0,0.0,0.0,0.0,True,0.7233796296296297,0.9858044164037855,0.0010947573287921177,0.9991496801376343,86.53303517030781,0.0,0.9984025559105432,0.0,0.0,0.0,0.16666666666666666,0.0,1.0,0.0,0.0,0.0,True,0.7233796296296297,0.9920634920634921,0.000608198515995621,0.9992227554321289,48.07390842794879,0.0,0.9984025559105432,0.0,0.0,0.0,0.16666666666666666,0.0,1.0,0.0,0.0,0.0,True,0.7268518518518519,0.81877444589309,0.016907918744678264,0.9984955787658691,1336.4546542969763,0.1,0.9984025559105432,0.0,0.0,0.009433962264150943,0.5,1.0,1.0,0.0,0.0,1.0,XGBoost,fleet,40000,20000,6.7,B_fleet_size,CIDv2_RenaultClio,FS-A,1,7,CIDv2_OpelAstra|CIDv2_Prototype|CTT_Forester|CTT_Impala|CTT_Silverado|CTT_Traverse|ROAD_ORNL
