n_windows,n_pos,pos_rate,roc_auc,pr_auc,n_calib,win_seconds,resolvable@fa1,recall@fa1,precision@fa1,fpr@fa1,thr@fa1,fa_per_hour@fa1,recall[diagnostic]@fa1,recall[dos]@fa1,recall[fuzzing]@fa1,recall[spoofing]@fa1,recall[suspension]@fa1,event_recall@fa1,event_recall[diagnostic]@fa1,event_recall[dos]@fa1,event_recall[fuzzing]@fa1,event_recall[spoofing]@fa1,event_recall[suspension]@fa1,resolvable@fa10,recall@fa10,precision@fa10,fpr@fa10,thr@fa10,fa_per_hour@fa10,recall[diagnostic]@fa10,recall[dos]@fa10,recall[fuzzing]@fa10,recall[spoofing]@fa10,recall[suspension]@fa10,event_recall@fa10,event_recall[diagnostic]@fa10,event_recall[dos]@fa10,event_recall[fuzzing]@fa10,event_recall[spoofing]@fa10,event_recall[suspension]@fa10,resolvable@fa100,recall@fa100,precision@fa100,fpr@fa100,thr@fa100,fa_per_hour@fa100,recall[diagnostic]@fa100,recall[dos]@fa100,recall[fuzzing]@fa100,recall[spoofing]@fa100,recall[suspension]@fa100,event_recall@fa100,event_recall[diagnostic]@fa100,event_recall[dos]@fa100,event_recall[fuzzing]@fa100,event_recall[spoofing]@fa100,event_recall[suspension]@fa100,resolvable@fpr0.001,recall@fpr0.001,precision@fpr0.001,fpr@fpr0.001,thr@fpr0.001,fa_per_hour@fpr0.001,recall[diagnostic]@fpr0.001,recall[dos]@fpr0.001,recall[fuzzing]@fpr0.001,recall[spoofing]@fpr0.001,recall[suspension]@fpr0.001,event_recall@fpr0.001,event_recall[diagnostic]@fpr0.001,event_recall[dos]@fpr0.001,event_recall[fuzzing]@fpr0.001,event_recall[spoofing]@fpr0.001,event_recall[suspension]@fpr0.001,resolvable@fpr0.01,recall@fpr0.01,precision@fpr0.01,fpr@fpr0.01,thr@fpr0.01,fa_per_hour@fpr0.01,recall[diagnostic]@fpr0.01,recall[dos]@fpr0.01,recall[fuzzing]@fpr0.01,recall[spoofing]@fpr0.01,recall[suspension]@fpr0.01,event_recall@fpr0.01,event_recall[diagnostic]@fpr0.01,event_recall[dos]@fpr0.01,event_recall[fuzzing]@fpr0.01,event_recall[spoofing]@fpr0.01,event_recall[suspension]@fpr0.01,model,scope,n_train,n_train_pos,fit_s,control,test_domain,feature_set,seed,k,sources
5994,1058,0.17650984317650983,0.8745421547030727,0.750766992171224,4940,0.05043064462733162,False,0.611531190926276,1.0,0.0,0.996262608671808,0.0,1.0,1.0,0.7692307692307693,0.0,0.0,0.5,1.0,1.0,0.5,0.0,0.0,False,0.611531190926276,1.0,0.0,0.996262608671808,0.0,1.0,1.0,0.7692307692307693,0.0,0.0,0.5,1.0,1.0,0.5,0.0,0.0,True,0.611531190926276,1.0,0.0,0.996262608671808,0.0,1.0,1.0,0.7692307692307693,0.0,0.0,0.5,1.0,1.0,0.5,0.0,0.0,True,0.611531190926276,1.0,0.0,0.996262608671808,0.0,1.0,1.0,0.7692307692307693,0.0,0.0,0.5,1.0,1.0,0.5,0.0,0.0,True,0.6134215500945179,0.9923547400611621,0.001012965964343598,0.9634001656147865,72.31074475816997,1.0,1.0,0.7692307692307693,0.0,0.038461538461538464,0.6666666666666666,1.0,1.0,0.5,0.0,1.0,HistGB,fleet,17309,864,9.04,B_fleet_size,CIDv2_Prototype,FS-B,0,1,CIDv2_RenaultClio
5994,1058,0.17650984317650983,0.8376053752684648,0.7449839815730601,4940,0.05043064462733162,False,0.5916824196597353,0.9984051036682615,0.0002025931928687196,0.9652857184410096,14.462148951633994,0.0,0.9968102073365231,0.07692307692307693,0.0,0.0,0.3333333333333333,0.0,1.0,0.5,0.0,0.0,False,0.5916824196597353,0.9984051036682615,0.0002025931928687196,0.9652857184410096,14.462148951633994,0.0,0.9968102073365231,0.07692307692307693,0.0,0.0,0.3333333333333333,0.0,1.0,0.5,0.0,0.0,True,0.5926275992438563,0.9984076433121019,0.0002025931928687196,0.9529945850372314,14.462148951633994,0.0,0.9968102073365231,0.07692307692307693,0.0,0.019230769230769232,0.5,0.0,1.0,0.5,0.0,1.0,True,0.5926275992438563,0.9984076433121019,0.0002025931928687196,0.9529945850372314,14.462148951633994,0.0,0.9968102073365231,0.07692307692307693,0.0,0.019230769230769232,0.5,0.0,1.0,0.5,0.0,1.0,True,0.6011342155009451,0.9177489177489178,0.011547811993517018,0.8815255761146545,824.3424902431377,0.5,0.9984051036682615,0.15384615384615385,0.0,0.057692307692307696,0.6666666666666666,1.0,1.0,0.5,0.0,1.0,XGBoost,fleet,17309,864,4.49,B_fleet_size,CIDv2_Prototype,FS-B,0,1,CIDv2_RenaultClio
5994,1058,0.17650984317650983,0.8975779390183,0.7652809781110348,4940,0.05043064462733162,False,0.0,0.0,0.0,1000000.0000000001,0.0,0.0,0.0,0.0,0.0,0.0,0.0,0.0,0.0,0.0,0.0,0.0,False,0.0,0.0,0.0,1000000.0000000001,0.0,0.0,0.0,0.0,0.0,0.0,0.0,0.0,0.0,0.0,0.0,0.0,True,0.5916824196597353,0.9936507936507937,0.0008103727714748784,1000000.0,57.848595806535975,0.0,0.9968102073365231,0.0,0.0,0.019230769230769232,0.3333333333333333,0.0,1.0,0.0,0.0,1.0,True,0.5916824196597353,0.9936507936507937,0.0008103727714748784,1000000.0,57.848595806535975,0.0,0.9968102073365231,0.0,0.0,0.019230769230769232,0.3333333333333333,0.0,1.0,0.0,0.0,1.0,True,0.6049149338374291,0.9580838323353293,0.005672609400324149,984375.0,404.94017064575183,0.0,0.9968102073365231,0.0,0.0,0.28846153846153844,0.3333333333333333,0.0,1.0,0.0,0.0,1.0,Rule:Combined,fleet,17309,864,0.03,B_fleet_size,CIDv2_Prototype,FS-B,0,1,CIDv2_RenaultClio
5994,1058,0.17650984317650983,0.8745421547030727,0.750766992171224,4940,0.05043064462733162,False,0.611531190926276,1.0,0.0,0.996262608671808,0.0,1.0,1.0,0.7692307692307693,0.0,0.0,0.5,1.0,1.0,0.5,0.0,0.0,False,0.611531190926276,1.0,0.0,0.996262608671808,0.0,1.0,1.0,0.7692307692307693,0.0,0.0,0.5,1.0,1.0,0.5,0.0,0.0,True,0.611531190926276,1.0,0.0,0.996262608671808,0.0,1.0,1.0,0.7692307692307693,0.0,0.0,0.5,1.0,1.0,0.5,0.0,0.0,True,0.611531190926276,1.0,0.0,0.996262608671808,0.0,1.0,1.0,0.7692307692307693,0.0,0.0,0.5,1.0,1.0,0.5,0.0,0.0,True,0.6134215500945179,0.9923547400611621,0.001012965964343598,0.9634001656147865,72.31074475816997,1.0,1.0,0.7692307692307693,0.0,0.038461538461538464,0.6666666666666666,1.0,1.0,0.5,0.0,1.0,HistGB,fleet,17309,864,7.9,B_fleet_size,CIDv2_Prototype,FS-B,1,1,CIDv2_RenaultClio
5994,1058,0.17650984317650983,0.8376053752684648,0.7449839815730601,4940,0.05043064462733162,False,0.5916824196597353,0.9984051036682615,0.0002025931928687196,0.9652857184410096,14.462148951633994,0.0,0.9968102073365231,0.07692307692307693,0.0,0.0,0.3333333333333333,0.0,1.0,0.5,0.0,0.0,False,0.5916824196597353,0.9984051036682615,0.0002025931928687196,0.9652857184410096,14.462148951633994,0.0,0.9968102073365231,0.07692307692307693,0.0,0.0,0.3333333333333333,0.0,1.0,0.5,0.0,0.0,True,0.5926275992438563,0.9984076433121019,0.0002025931928687196,0.9529945850372314,14.462148951633994,0.0,0.9968102073365231,0.07692307692307693,0.0,0.019230769230769232,0.5,0.0,1.0,0.5,0.0,1.0,True,0.5926275992438563,0.9984076433121019,0.0002025931928687196,0.9529945850372314,14.462148951633994,0.0,0.9968102073365231,0.07692307692307693,0.0,0.019230769230769232,0.5,0.0,1.0,0.5,0.0,1.0,True,0.6011342155009451,0.9177489177489178,0.011547811993517018,0.8815255761146545,824.3424902431377,0.5,0.9984051036682615,0.15384615384615385,0.0,0.057692307692307696,0.6666666666666666,1.0,1.0,0.5,0.0,1.0,XGBoost,fleet,17309,864,2.95,B_fleet_size,CIDv2_Prototype,FS-B,1,1,CIDv2_RenaultClio
5994,1058,0.17650984317650983,0.8975779390183,0.7652809781110348,4940,0.05043064462733162,False,0.0,0.0,0.0,1000000.0000000001,0.0,0.0,0.0,0.0,0.0,0.0,0.0,0.0,0.0,0.0,0.0,0.0,False,0.0,0.0,0.0,1000000.0000000001,0.0,0.0,0.0,0.0,0.0,0.0,0.0,0.0,0.0,0.0,0.0,0.0,True,0.5916824196597353,0.9936507936507937,0.0008103727714748784,1000000.0,57.848595806535975,0.0,0.9968102073365231,0.0,0.0,0.019230769230769232,0.3333333333333333,0.0,1.0,0.0,0.0,1.0,True,0.5916824196597353,0.9936507936507937,0.0008103727714748784,1000000.0,57.848595806535975,0.0,0.9968102073365231,0.0,0.0,0.019230769230769232,0.3333333333333333,0.0,1.0,0.0,0.0,1.0,True,0.6049149338374291,0.9580838323353293,0.005672609400324149,984375.0,404.94017064575183,0.0,0.9968102073365231,0.0,0.0,0.28846153846153844,0.3333333333333333,0.0,1.0,0.0,0.0,1.0,Rule:Combined,fleet,17309,864,0.03,B_fleet_size,CIDv2_Prototype,FS-B,1,1,CIDv2_RenaultClio
5994,1058,0.17650984317650983,0.719309716354211,0.6852717934313268,4940,0.05043064462733162,False,0.6068052930056711,0.9968944099378882,0.0004051863857374392,0.9766645217947834,28.924297903267988,0.8,0.9984051036682615,0.6153846153846154,0.0,0.0,0.5,1.0,1.0,0.5,0.0,0.0,False,0.6068052930056711,0.9968944099378882,0.0004051863857374392,0.9766645217947834,28.924297903267988,0.8,0.9984051036682615,0.6153846153846154,0.0,0.0,0.5,1.0,1.0,0.5,0.0,0.0,True,0.6068052930056711,0.9861751152073732,0.0018233387358184765,0.9676475313636832,130.15934056470596,0.8,0.9984051036682615,0.6153846153846154,0.0,0.0,0.5,1.0,1.0,0.5,0.0,0.0,True,0.6068052930056711,0.9922720247295209,0.001012965964343598,0.9721472547337501,72.31074475816997,0.8,0.9984051036682615,0.6153846153846154,0.0,0.0,0.5,1.0,1.0,0.5,0.0,0.0,True,0.6068052930056711,0.9344978165938864,0.009116693679092382,0.9545805343360945,650.7967028235297,0.8,0.9984051036682615,0.6153846153846154,0.0,0.0,0.5,1.0,1.0,0.5,0.0,0.0,HistGB,fleet,40000,20000,12.23,B_fleet_size,CIDv2_Prototype,FS-B,0,1,CTT_Forester
5994,1058,0.17650984317650983,0.7777497143014709,0.706435438929811,4940,0.05043064462733162,False,0.5973534971644613,0.9968454258675079,0.0004051863857374392,0.9979788661003114,28.924297903267988,0.4,0.9968102073365231,0.23076923076923078,0.0,0.0,0.5,1.0,1.0,0.5,0.0,0.0,False,0.5973534971644613,0.9968454258675079,0.0004051863857374392,0.9979788661003114,28.924297903267988,0.4,0.9968102073365231,0.23076923076923078,0.0,0.0,0.5,1.0,1.0,0.5,0.0,0.0,True,0.5982986767485823,0.9890625,0.0014181523500810373,0.9978492259979248,101.23504266143796,0.5,0.9968102073365231,0.23076923076923078,0.0,0.0,0.5,1.0,1.0,0.5,0.0,0.0,True,0.5973534971644613,0.9952755905511811,0.0006077795786061589,0.9979548454284668,43.386446854902,0.4,0.9968102073365231,0.23076923076923078,0.0,0.0,0.5,1.0,1.0,0.5,0.0,0.0,True,0.5982986767485823,0.9391691394658753,0.008306320907617504,0.997800886631012,592.9481070169938,0.5,0.9968102073365231,0.23076923076923078,0.0,0.0,0.5,1.0,1.0,0.5,0.0,0.0,XGBoost,fleet,40000,20000,6.38,B_fleet_size,CIDv2_Prototype,FS-B,0,1,CTT_Forester
5994,1058,0.17650984317650983,0.8912785928313414,0.7629545798064914,4940,0.05043064462733162,False,0.0,0.0,0.0,1000000.0000000001,0.0,0.0,0.0,0.0,0.0,0.0,0.0,0.0,0.0,0.0,0.0,0.0,False,0.0,0.0,0.0,1000000.0000000001,0.0,0.0,0.0,0.0,0.0,0.0,0.0,0.0,0.0,0.0,0.0,0.0,True,0.5916824196597353,0.9936507936507937,0.0008103727714748784,1000000.0,57.848595806535975,0.0,0.9968102073365231,0.0,0.0,0.019230769230769232,0.3333333333333333,0.0,1.0,0.0,0.0,1.0,True,0.5916824196597353,0.9936507936507937,0.0008103727714748784,1000000.0,57.848595806535975,0.0,0.9968102073365231,0.0,0.0,0.019230769230769232,0.3333333333333333,0.0,1.0,0.0,0.0,1.0,True,0.6049149338374291,0.9580838323353293,0.005672609400324149,984375.0,404.94017064575183,0.0,0.9968102073365231,0.0,0.0,0.28846153846153844,0.3333333333333333,0.0,1.0,0.0,0.0,1.0,Rule:Combined,fleet,40000,20000,0.04,B_fleet_size,CIDv2_Prototype,FS-B,0,1,CTT_Forester
5994,1058,0.17650984317650983,0.8529708625797735,0.8000168954647451,4940,0.05043064462733162,False,0.6351606805293005,0.9940828402366864,0.0008103727714748784,0.9825956732614595,57.848595806535975,0.8,0.9984051036682615,0.6153846153846154,0.08426966292134831,0.0,0.6666666666666666,1.0,1.0,0.5,1.0,0.0,False,0.6351606805293005,0.9940828402366864,0.0008103727714748784,0.9825956732614595,57.848595806535975,0.8,0.9984051036682615,0.6153846153846154,0.08426966292134831,0.0,0.6666666666666666,1.0,1.0,0.5,1.0,0.0,True,0.6351606805293005,0.9940828402366864,0.0008103727714748784,0.9825956732614594,57.848595806535975,0.8,0.9984051036682615,0.6153846153846154,0.08426966292134831,0.0,0.6666666666666666,1.0,1.0,0.5,1.0,0.0,True,0.6351606805293005,0.9940828402366864,0.0008103727714748784,0.9825956732614594,57.848595806535975,0.8,0.9984051036682615,0.6153846153846154,0.08426966292134831,0.0,0.6666666666666666,1.0,1.0,0.5,1.0,0.0,True,0.6814744801512287,0.944954128440367,0.008508914100486223,0.9802933908912572,607.4102559686278,0.8,0.9984051036682615,0.6153846153846154,0.21348314606741572,0.057692307692307696,0.8333333333333334,1.0,1.0,0.5,1.0,1.0,HistGB,fleet,40000,20000,11.36,B_fleet_size,CIDv2_Prototype,FS-B,1,1,CTT_Forester
5994,1058,0.17650984317650983,0.8602873874439709,0.8130603904821823,4940,0.05043064462733162,False,0.6153119092627599,1.0,0.0,0.9952479004859925,0.0,0.8,0.9984051036682615,0.6153846153846154,0.025280898876404494,0.0,0.6666666666666666,1.0,1.0,0.5,1.0,0.0,False,0.6153119092627599,1.0,0.0,0.9952479004859925,0.0,0.8,0.9984051036682615,0.6153846153846154,0.025280898876404494,0.0,0.6666666666666666,1.0,1.0,0.5,1.0,0.0,True,0.6153119092627599,0.9923780487804879,0.001012965964343598,0.9948678016662598,72.31074475816997,0.8,0.9984051036682615,0.6153846153846154,0.025280898876404494,0.0,0.6666666666666666,1.0,1.0,0.5,1.0,0.0,True,0.6153119092627599,0.9954128440366973,0.0006077795786061589,0.994952917098999,43.386446854902,0.8,0.9984051036682615,0.6153846153846154,0.025280898876404494,0.0,0.6666666666666666,1.0,1.0,0.5,1.0,0.0,True,0.6512287334593573,0.9438356164383561,0.008306320907617504,0.9932838678359985,592.9481070169938,0.8,0.9984051036682615,0.6153846153846154,0.13202247191011235,0.0,0.6666666666666666,1.0,1.0,0.5,1.0,0.0,XGBoost,fleet,40000,20000,5.91,B_fleet_size,CIDv2_Prototype,FS-B,1,1,CTT_Forester
5994,1058,0.17650984317650983,0.8912785928313414,0.7629545798064914,4940,0.05043064462733162,False,0.0,0.0,0.0,1000000.0000000001,0.0,0.0,0.0,0.0,0.0,0.0,0.0,0.0,0.0,0.0,0.0,0.0,False,0.0,0.0,0.0,1000000.0000000001,0.0,0.0,0.0,0.0,0.0,0.0,0.0,0.0,0.0,0.0,0.0,0.0,True,0.5916824196597353,0.9936507936507937,0.0008103727714748784,1000000.0,57.848595806535975,0.0,0.9968102073365231,0.0,0.0,0.019230769230769232,0.3333333333333333,0.0,1.0,0.0,0.0,1.0,True,0.5916824196597353,0.9936507936507937,0.0008103727714748784,1000000.0,57.848595806535975,0.0,0.9968102073365231,0.0,0.0,0.019230769230769232,0.3333333333333333,0.0,1.0,0.0,0.0,1.0,True,0.6049149338374291,0.9580838323353293,0.005672609400324149,984375.0,404.94017064575183,0.0,0.9968102073365231,0.0,0.0,0.28846153846153844,0.3333333333333333,0.0,1.0,0.0,0.0,1.0,Rule:Combined,fleet,40000,20000,0.04,B_fleet_size,CIDv2_Prototype,FS-B,1,1,CTT_Forester
5994,1058,0.17650984317650983,0.7795530426510372,0.7144644238285844,4940,0.05043064462733162,False,0.611531190926276,1.0,0.0,0.9935242097992198,0.0,1.0,1.0,0.7692307692307693,0.0,0.0,0.5,1.0,1.0,0.5,0.0,0.0,False,0.611531190926276,1.0,0.0,0.9935242097992198,0.0,1.0,1.0,0.7692307692307693,0.0,0.0,0.5,1.0,1.0,0.5,0.0,0.0,True,0.6134215500945179,0.9833333333333333,0.002228525121555916,0.9935242097992197,159.08363846797394,1.0,1.0,0.7692307692307693,0.0,0.038461538461538464,0.6666666666666666,1.0,1.0,0.5,0.0,1.0,True,0.6134215500945179,0.9833333333333333,0.002228525121555916,0.9935242097992197,159.08363846797394,1.0,1.0,0.7692307692307693,0.0,0.038461538461538464,0.6666666666666666,1.0,1.0,0.5,0.0,1.0,True,0.6134215500945179,0.9833333333333333,0.002228525121555916,0.9935242097992197,159.08363846797394,1.0,1.0,0.7692307692307693,0.0,0.038461538461538464,0.6666666666666666,1.0,1.0,0.5,0.0,1.0,HistGB,fleet,40000,12610,15.02,B_fleet_size,CIDv2_Prototype,FS-B,0,1,CTT_Impala
5994,1058,0.17650984317650983,0.9425882869730662,0.932449813506495,4940,0.05043064462733162,False,0.8364839319470699,1.0,0.0,0.9951560497283937,0.0,0.8,0.9984051036682615,0.6153846153846154,0.6825842696629213,0.0,0.6666666666666666,1.0,1.0,0.5,1.0,0.0,False,0.8364839319470699,1.0,0.0,0.9951560497283937,0.0,0.8,0.9984051036682615,0.6153846153846154,0.6825842696629213,0.0,0.6666666666666666,1.0,1.0,0.5,1.0,0.0,True,0.8752362948960303,0.9967707212055974,0.0006077795786061589,0.9948921203613281,43.386446854902,0.8,0.9984051036682615,0.6153846153846154,0.797752808988764,0.0,0.6666666666666666,1.0,1.0,0.5,1.0,0.0,True,0.8752362948960303,0.9967707212055974,0.0006077795786061589,0.9948921203613281,43.386446854902,0.8,0.9984051036682615,0.6153846153846154,0.797752808988764,0.0,0.6666666666666666,1.0,1.0,0.5,1.0,0.0,True,0.8752362948960303,0.9967707212055974,0.0006077795786061589,0.9948921203613281,43.386446854902,0.8,0.9984051036682615,0.6153846153846154,0.797752808988764,0.0,0.6666666666666666,1.0,1.0,0.5,1.0,0.0,XGBoost,fleet,40000,12610,5.79,B_fleet_size,CIDv2_Prototype,FS-B,0,1,CTT_Impala
5994,1058,0.17650984317650983,0.8975779390183,0.7652809781110348,4940,0.05043064462733162,False,0.0,0.0,0.0,1000000.0000000001,0.0,0.0,0.0,0.0,0.0,0.0,0.0,0.0,0.0,0.0,0.0,0.0,False,0.0,0.0,0.0,1000000.0000000001,0.0,0.0,0.0,0.0,0.0,0.0,0.0,0.0,0.0,0.0,0.0,0.0,True,0.5916824196597353,0.9936507936507937,0.0008103727714748784,1000000.0,57.848595806535975,0.0,0.9968102073365231,0.0,0.0,0.019230769230769232,0.3333333333333333,0.0,1.0,0.0,0.0,1.0,True,0.5916824196597353,0.9936507936507937,0.0008103727714748784,1000000.0,57.848595806535975,0.0,0.9968102073365231,0.0,0.0,0.019230769230769232,0.3333333333333333,0.0,1.0,0.0,0.0,1.0,True,0.6049149338374291,0.9580838323353293,0.005672609400324149,984375.0,404.94017064575183,0.0,0.9968102073365231,0.0,0.0,0.28846153846153844,0.3333333333333333,0.0,1.0,0.0,0.0,1.0,Rule:Combined,fleet,40000,12610,0.05,B_fleet_size,CIDv2_Prototype,FS-B,0,1,CTT_Impala
5994,1058,0.17650984317650983,0.900817323747752,0.8397547572792591,4940,0.05043064462733162,False,0.6068052930056711,1.0,0.0,0.9999344111086802,0.0,0.8,0.9984051036682615,0.6153846153846154,0.0,0.0,0.5,1.0,1.0,0.5,0.0,0.0,False,0.6068052930056711,1.0,0.0,0.9999344111086802,0.0,0.8,0.9984051036682615,0.6153846153846154,0.0,0.0,0.5,1.0,1.0,0.5,0.0,0.0,True,0.6068052930056711,1.0,0.0,0.9999344111086802,0.0,0.8,0.9984051036682615,0.6153846153846154,0.0,0.0,0.5,1.0,1.0,0.5,0.0,0.0,True,0.6068052930056711,1.0,0.0,0.9999344111086802,0.0,0.8,0.9984051036682615,0.6153846153846154,0.0,0.0,0.5,1.0,1.0,0.5,0.0,0.0,True,0.611531190926276,0.9642324888226528,0.004862236628849271,0.9999302049668889,347.091574839216,0.9,0.9984051036682615,0.7692307692307693,0.0,0.038461538461538464,0.6666666666666666,1.0,1.0,0.5,0.0,1.0,HistGB,fleet,40000,12610,17.64,B_fleet_size,CIDv2_Prototype,FS-B,1,1,CTT_Impala
5994,1058,0.17650984317650983,0.8923828980707307,0.8077842246243616,4940,0.05043064462733162,False,0.610586011342155,1.0,0.0,0.9861682057380677,0.0,1.0,0.9984051036682615,0.7692307692307693,0.0,0.0,0.5,1.0,1.0,0.5,0.0,0.0,False,0.610586011342155,1.0,0.0,0.9861682057380677,0.0,1.0,0.9984051036682615,0.7692307692307693,0.0,0.0,0.5,1.0,1.0,0.5,0.0,0.0,True,0.611531190926276,0.9969183359013868,0.0004051863857374392,0.9854876399040222,28.924297903267988,1.0,0.9984051036682615,0.7692307692307693,0.0,0.019230769230769232,0.6666666666666666,1.0,1.0,0.5,0.0,1.0,True,0.610586011342155,0.9969135802469136,0.0004051863857374392,0.9861682057380676,28.924297903267988,1.0,0.9984051036682615,0.7692307692307693,0.0,0.0,0.5,1.0,1.0,0.5,0.0,0.0,True,0.6928166351606805,0.9544270833333334,0.007090761750405186,0.9837587475776672,506.1752133071898,1.0,1.0,0.7692307692307693,0.23876404494382023,0.019230769230769232,0.8333333333333334,1.0,1.0,0.5,1.0,1.0,XGBoost,fleet,40000,12610,6.26,B_fleet_size,CIDv2_Prototype,FS-B,1,1,CTT_Impala
5994,1058,0.17650984317650983,0.8975779390183,0.7652809781110348,4940,0.05043064462733162,False,0.0,0.0,0.0,1000000.0000000001,0.0,0.0,0.0,0.0,0.0,0.0,0.0,0.0,0.0,0.0,0.0,0.0,False,0.0,0.0,0.0,1000000.0000000001,0.0,0.0,0.0,0.0,0.0,0.0,0.0,0.0,0.0,0.0,0.0,0.0,True,0.5916824196597353,0.9936507936507937,0.0008103727714748784,1000000.0,57.848595806535975,0.0,0.9968102073365231,0.0,0.0,0.019230769230769232,0.3333333333333333,0.0,1.0,0.0,0.0,1.0,True,0.5916824196597353,0.9936507936507937,0.0008103727714748784,1000000.0,57.848595806535975,0.0,0.9968102073365231,0.0,0.0,0.019230769230769232,0.3333333333333333,0.0,1.0,0.0,0.0,1.0,True,0.6049149338374291,0.9580838323353293,0.005672609400324149,984375.0,404.94017064575183,0.0,0.9968102073365231,0.0,0.0,0.28846153846153844,0.3333333333333333,0.0,1.0,0.0,0.0,1.0,Rule:Combined,fleet,40000,12610,0.05,B_fleet_size,CIDv2_Prototype,FS-B,1,1,CTT_Impala
5994,1058,0.17650984317650983,0.8432589317172856,0.7040383715121971,4940,0.05043064462733162,False,0.611531190926276,1.0,0.0,0.9967567851344707,0.0,1.0,1.0,0.7692307692307693,0.0,0.0,0.5,1.0,1.0,0.5,0.0,0.0,False,0.611531190926276,1.0,0.0,0.9967567851344707,0.0,1.0,1.0,0.7692307692307693,0.0,0.0,0.5,1.0,1.0,0.5,0.0,0.0,True,0.611531190926276,1.0,0.0,0.9967567851344707,0.0,1.0,1.0,0.7692307692307693,0.0,0.0,0.5,1.0,1.0,0.5,0.0,0.0,True,0.611531190926276,1.0,0.0,0.9967567851344707,0.0,1.0,1.0,0.7692307692307693,0.0,0.0,0.5,1.0,1.0,0.5,0.0,0.0,True,0.611531190926276,1.0,0.0,0.9967567851344707,0.0,1.0,1.0,0.7692307692307693,0.0,0.0,0.5,1.0,1.0,0.5,0.0,0.0,HistGB,fleet,40000,20000,11.42,B_fleet_size,CIDv2_Prototype,FS-B,0,1,CTT_Silverado
5994,1058,0.17650984317650983,0.9592238114788002,0.9568989958626116,4940,0.05043064462733162,False,0.8638941398865785,1.0,0.0,0.9987577199935914,0.0,0.8,1.0,0.7692307692307693,0.7556179775280899,0.0,0.6666666666666666,1.0,1.0,0.5,1.0,0.0,False,0.8638941398865785,1.0,0.0,0.9987577199935914,0.0,0.8,1.0,0.7692307692307693,0.7556179775280899,0.0,0.6666666666666666,1.0,1.0,0.5,1.0,0.0,True,0.9262759924385633,0.9929078014184397,0.0014181523500810373,0.9984753727912903,101.23504266143796,1.0,1.0,0.7692307692307693,0.9353932584269663,0.0,0.6666666666666666,1.0,1.0,0.5,1.0,0.0,True,0.9262759924385633,0.9939148073022313,0.0012155591572123178,0.9985235333442688,86.772893709804,1.0,1.0,0.7692307692307693,0.9353932584269663,0.0,0.6666666666666666,1.0,1.0,0.5,1.0,0.0,True,0.9347826086956522,0.9374407582938389,0.013371150729335495,0.9981665015220642,954.5018308078438,1.0,1.0,0.7692307692307693,0.952247191011236,0.057692307692307696,0.8333333333333334,1.0,1.0,0.5,1.0,1.0,XGBoost,fleet,40000,20000,5.48,B_fleet_size,CIDv2_Prototype,FS-B,0,1,CTT_Silverado
5994,1058,0.17650984317650983,0.8844758274534075,0.7596093340648004,4940,0.05043064462733162,False,0.0,0.0,0.0,1000000.0000000001,0.0,0.0,0.0,0.0,0.0,0.0,0.0,0.0,0.0,0.0,0.0,0.0,False,0.0,0.0,0.0,1000000.0000000001,0.0,0.0,0.0,0.0,0.0,0.0,0.0,0.0,0.0,0.0,0.0,0.0,True,0.5916824196597353,0.9936507936507937,0.0008103727714748784,1000000.0,57.848595806535975,0.0,0.9968102073365231,0.0,0.0,0.019230769230769232,0.3333333333333333,0.0,1.0,0.0,0.0,1.0,True,0.5916824196597353,0.9936507936507937,0.0008103727714748784,1000000.0,57.848595806535975,0.0,0.9968102073365231,0.0,0.0,0.019230769230769232,0.3333333333333333,0.0,1.0,0.0,0.0,1.0,True,0.6049149338374291,0.9580838323353293,0.005672609400324149,984375.0,404.94017064575183,0.0,0.9968102073365231,0.0,0.0,0.28846153846153844,0.3333333333333333,0.0,1.0,0.0,0.0,1.0,Rule:Combined,fleet,40000,20000,0.05,B_fleet_size,CIDv2_Prototype,FS-B,0,1,CTT_Silverado
5994,1058,0.17650984317650983,0.9385115298122201,0.8686536951380023,4940,0.05043064462733162,False,0.5973534971644613,1.0,0.0,0.9997611177880339,0.0,0.3,0.9984051036682615,0.15384615384615385,0.0028089887640449437,0.0,0.6666666666666666,1.0,1.0,0.5,1.0,0.0,False,0.5973534971644613,1.0,0.0,0.9997611177880339,0.0,0.3,0.9984051036682615,0.15384615384615385,0.0028089887640449437,0.0,0.6666666666666666,1.0,1.0,0.5,1.0,0.0,True,0.5973534971644613,1.0,0.0,0.9997611177880339,0.0,0.3,0.9984051036682615,0.15384615384615385,0.0028089887640449437,0.0,0.6666666666666666,1.0,1.0,0.5,1.0,0.0,True,0.5973534971644613,1.0,0.0,0.9997611177880339,0.0,0.3,0.9984051036682615,0.15384615384615385,0.0028089887640449437,0.0,0.6666666666666666,1.0,1.0,0.5,1.0,0.0,True,0.5973534971644613,1.0,0.0,0.9997611177880339,0.0,0.3,0.9984051036682615,0.15384615384615385,0.0028089887640449437,0.0,0.6666666666666666,1.0,1.0,0.5,1.0,0.0,HistGB,fleet,40000,20000,8.68,B_fleet_size,CIDv2_Prototype,FS-B,1,1,CTT_Silverado
5994,1058,0.17650984317650983,0.9616703444926821,0.9606725490216781,4940,0.05043064462733162,False,0.889413988657845,1.0,0.0,0.9996803998947145,0.0,1.0,1.0,0.7692307692307693,0.8258426966292135,0.0,0.6666666666666666,1.0,1.0,0.5,1.0,0.0,False,0.889413988657845,1.0,0.0,0.9996803998947145,0.0,1.0,1.0,0.7692307692307693,0.8258426966292135,0.0,0.6666666666666666,1.0,1.0,0.5,1.0,0.0,True,0.889413988657845,1.0,0.0,0.9996803998947144,0.0,1.0,1.0,0.7692307692307693,0.8258426966292135,0.0,0.6666666666666666,1.0,1.0,0.5,1.0,0.0,True,0.889413988657845,1.0,0.0,0.9996803998947145,0.0,1.0,1.0,0.7692307692307693,0.8258426966292135,0.0,0.6666666666666666,1.0,1.0,0.5,1.0,0.0,True,0.9347826086956522,0.9667644183773216,0.006888168557536467,0.9995730519294739,491.7130643555559,1.0,1.0,0.7692307692307693,0.949438202247191,0.07692307692307693,0.8333333333333334,1.0,1.0,0.5,1.0,1.0,XGBoost,fleet,40000,20000,4.75,B_fleet_size,CIDv2_Prototype,FS-B,1,1,CTT_Silverado
5994,1058,0.17650984317650983,0.8844758274534075,0.7596093340648004,4940,0.05043064462733162,False,0.0,0.0,0.0,1000000.0000000001,0.0,0.0,0.0,0.0,0.0,0.0,0.0,0.0,0.0,0.0,0.0,0.0,False,0.0,0.0,0.0,1000000.0000000001,0.0,0.0,0.0,0.0,0.0,0.0,0.0,0.0,0.0,0.0,0.0,0.0,True,0.5916824196597353,0.9936507936507937,0.0008103727714748784,1000000.0,57.848595806535975,0.0,0.9968102073365231,0.0,0.0,0.019230769230769232,0.3333333333333333,0.0,1.0,0.0,0.0,1.0,True,0.5916824196597353,0.9936507936507937,0.0008103727714748784,1000000.0,57.848595806535975,0.0,0.9968102073365231,0.0,0.0,0.019230769230769232,0.3333333333333333,0.0,1.0,0.0,0.0,1.0,True,0.6049149338374291,0.9580838323353293,0.005672609400324149,984375.0,404.94017064575183,0.0,0.9968102073365231,0.0,0.0,0.28846153846153844,0.3333333333333333,0.0,1.0,0.0,0.0,1.0,Rule:Combined,fleet,40000,20000,0.04,B_fleet_size,CIDv2_Prototype,FS-B,1,1,CTT_Silverado
5994,1058,0.17650984317650983,0.9611064154255758,0.9493987246209346,4940,0.05043064462733162,False,0.8563327032136105,1.0,0.0,0.3174639600194782,0.0,1.0,1.0,0.7692307692307693,0.7275280898876404,0.0,0.6666666666666666,1.0,1.0,0.5,1.0,0.0,False,0.8563327032136105,1.0,0.0,0.3174639600194782,0.0,1.0,1.0,0.7692307692307693,0.7275280898876404,0.0,0.6666666666666666,1.0,1.0,0.5,1.0,0.0,True,0.8563327032136105,0.9988974641675854,0.0002025931928687196,0.31746396001947813,14.462148951633994,1.0,1.0,0.7692307692307693,0.7275280898876404,0.0,0.6666666666666666,1.0,1.0,0.5,1.0,0.0,True,0.8563327032136105,0.9988974641675854,0.0002025931928687196,0.31746396001947813,14.462148951633994,1.0,1.0,0.7692307692307693,0.7275280898876404,0.0,0.6666666666666666,1.0,1.0,0.5,1.0,0.0,True,0.8563327032136105,0.9837133550488599,0.0030388978930307943,0.3036970641473234,216.93223427450997,1.0,1.0,0.7692307692307693,0.7275280898876404,0.0,0.6666666666666666,1.0,1.0,0.5,1.0,0.0,HistGB,fleet,40000,20000,8.76,B_fleet_size,CIDv2_Prototype,FS-B,0,1,CTT_Traverse
5994,1058,0.17650984317650983,0.9110920347556473,0.8803231367804195,4940,0.05043064462733162,False,0.6531190926275993,0.9985549132947977,0.0002025931928687196,0.9007690548896791,14.462148951633994,1.0,1.0,0.7692307692307693,0.12359550561797752,0.0,0.6666666666666666,1.0,1.0,0.5,1.0,0.0,False,0.6531190926275993,0.9985549132947977,0.0002025931928687196,0.9007690548896791,14.462148951633994,1.0,1.0,0.7692307692307693,0.12359550561797752,0.0,0.6666666666666666,1.0,1.0,0.5,1.0,0.0,True,0.6786389413988658,0.9958391123439667,0.0006077795786061589,0.8914065361022949,43.386446854902,1.0,1.0,0.7692307692307693,0.199438202247191,0.0,0.6666666666666666,1.0,1.0,0.5,1.0,0.0,True,0.6776937618147448,0.9972183588317107,0.0004051863857374392,0.8952440619468689,28.924297903267988,1.0,1.0,0.7692307692307693,0.19662921348314608,0.0,0.6666666666666666,1.0,1.0,0.5,1.0,0.0,True,0.7844990548204159,0.9518348623853211,0.008508914100486223,0.745854914188385,607.4102559686278,1.0,1.0,0.7692307692307693,0.5140449438202247,0.0,0.6666666666666666,1.0,1.0,0.5,1.0,0.0,XGBoost,fleet,40000,20000,5.34,B_fleet_size,CIDv2_Prototype,FS-B,0,1,CTT_Traverse
5994,1058,0.17650984317650983,0.9041014206799778,0.7699821054468886,4940,0.05043064462733162,False,0.0,0.0,0.0,1000000.0000000001,0.0,0.0,0.0,0.0,0.0,0.0,0.0,0.0,0.0,0.0,0.0,0.0,False,0.0,0.0,0.0,1000000.0000000001,0.0,0.0,0.0,0.0,0.0,0.0,0.0,0.0,0.0,0.0,0.0,0.0,True,0.5916824196597353,0.9936507936507937,0.0008103727714748784,1000000.0,57.848595806535975,0.0,0.9968102073365231,0.0,0.0,0.019230769230769232,0.3333333333333333,0.0,1.0,0.0,0.0,1.0,True,0.5916824196597353,0.9936507936507937,0.0008103727714748784,1000000.0,57.848595806535975,0.0,0.9968102073365231,0.0,0.0,0.019230769230769232,0.3333333333333333,0.0,1.0,0.0,0.0,1.0,True,0.6049149338374291,0.9580838323353293,0.005672609400324149,984375.0,404.94017064575183,0.0,0.9968102073365231,0.0,0.0,0.28846153846153844,0.3333333333333333,0.0,1.0,0.0,0.0,1.0,Rule:Combined,fleet,40000,20000,0.05,B_fleet_size,CIDv2_Prototype,FS-B,0,1,CTT_Traverse
5994,1058,0.17650984317650983,0.7679443378074897,0.7039901974675642,4940,0.05043064462733162,False,0.611531190926276,1.0,0.0,0.9733215073881124,0.0,1.0,1.0,0.7692307692307693,0.0,0.0,0.5,1.0,1.0,0.5,0.0,0.0,False,0.611531190926276,1.0,0.0,0.9733215073881124,0.0,1.0,1.0,0.7692307692307693,0.0,0.0,0.5,1.0,1.0,0.5,0.0,0.0,True,0.611531190926276,0.9969183359013868,0.0004051863857374392,0.9733215073881123,28.924297903267988,1.0,1.0,0.7692307692307693,0.0,0.0,0.5,1.0,1.0,0.5,0.0,0.0,True,0.611531190926276,1.0,0.0,0.9733215073881124,0.0,1.0,1.0,0.7692307692307693,0.0,0.0,0.5,1.0,1.0,0.5,0.0,0.0,True,0.611531190926276,0.9803030303030303,0.002633711507293355,0.9696675389978153,188.00793637124193,1.0,1.0,0.7692307692307693,0.0,0.0,0.5,1.0,1.0,0.5,0.0,0.0,HistGB,fleet,40000,20000,8.33,B_fleet_size,CIDv2_Prototype,FS-B,1,1,CTT_Traverse
5994,1058,0.17650984317650983,0.8556374140989542,0.7958643945556911,4940,0.05043064462733162,False,0.610586011342155,0.9984544049459042,0.0002025931928687196,0.9965335130691529,14.462148951633994,0.9,1.0,0.6923076923076923,0.0028089887640449437,0.0,0.6666666666666666,1.0,1.0,0.5,1.0,0.0,False,0.610586011342155,0.9984544049459042,0.0002025931928687196,0.9965335130691529,14.462148951633994,0.9,1.0,0.6923076923076923,0.0028089887640449437,0.0,0.6666666666666666,1.0,1.0,0.5,1.0,0.0,True,0.6134215500945179,0.995398773006135,0.0006077795786061589,0.9958245754241943,43.386446854902,1.0,1.0,0.6923076923076923,0.008426966292134831,0.0,0.6666666666666666,1.0,1.0,0.5,1.0,0.0,True,0.6124763705103969,0.9984591679506933,0.0002025931928687196,0.996059775352478,14.462148951633994,1.0,1.0,0.6923076923076923,0.0056179775280898875,0.0,0.6666666666666666,1.0,1.0,0.5,1.0,0.0,True,0.6275992438563327,0.9418439716312057,0.008306320907617504,0.9945691823959351,592.9481070169938,1.0,1.0,0.7692307692307693,0.047752808988764044,0.0,0.6666666666666666,1.0,1.0,0.5,1.0,0.0,XGBoost,fleet,40000,20000,5.02,B_fleet_size,CIDv2_Prototype,FS-B,1,1,CTT_Traverse
5994,1058,0.17650984317650983,0.9041014206799778,0.7699821054468886,4940,0.05043064462733162,False,0.0,0.0,0.0,1000000.0000000001,0.0,0.0,0.0,0.0,0.0,0.0,0.0,0.0,0.0,0.0,0.0,0.0,False,0.0,0.0,0.0,1000000.0000000001,0.0,0.0,0.0,0.0,0.0,0.0,0.0,0.0,0.0,0.0,0.0,0.0,True,0.5916824196597353,0.9936507936507937,0.0008103727714748784,1000000.0,57.848595806535975,0.0,0.9968102073365231,0.0,0.0,0.019230769230769232,0.3333333333333333,0.0,1.0,0.0,0.0,1.0,True,0.5916824196597353,0.9936507936507937,0.0008103727714748784,1000000.0,57.848595806535975,0.0,0.9968102073365231,0.0,0.0,0.019230769230769232,0.3333333333333333,0.0,1.0,0.0,0.0,1.0,True,0.6049149338374291,0.9580838323353293,0.005672609400324149,984375.0,404.94017064575183,0.0,0.9968102073365231,0.0,0.0,0.28846153846153844,0.3333333333333333,0.0,1.0,0.0,0.0,1.0,Rule:Combined,fleet,40000,20000,0.04,B_fleet_size,CIDv2_Prototype,FS-B,1,1,CTT_Traverse
5994,1058,0.17650984317650983,0.8388049452653701,0.7630078983373398,4940,0.05043064462733162,False,0.6134215500945179,1.0,0.0,0.9439348076972487,0.0,1.0,1.0,0.7692307692307693,0.0056179775280898875,0.0,0.6666666666666666,1.0,1.0,0.5,1.0,0.0,False,0.6134215500945179,1.0,0.0,0.9439348076972487,0.0,1.0,1.0,0.7692307692307693,0.0056179775280898875,0.0,0.6666666666666666,1.0,1.0,0.5,1.0,0.0,True,0.6162570888468809,0.9954198473282443,0.0006077795786061589,0.9228100939956485,43.386446854902,1.0,1.0,0.7692307692307693,0.014044943820224719,0.0,0.6666666666666666,1.0,1.0,0.5,1.0,0.0,True,0.6162570888468809,0.9954198473282443,0.0006077795786061589,0.9228100939956485,43.386446854902,1.0,1.0,0.7692307692307693,0.014044943820224719,0.0,0.6666666666666666,1.0,1.0,0.5,1.0,0.0,True,0.6219281663516069,0.9241573033707865,0.01094003241491086,0.9050162891180079,780.9560433882359,1.0,1.0,0.7692307692307693,0.03089887640449438,0.0,0.6666666666666666,1.0,1.0,0.5,1.0,0.0,HistGB,fleet,40000,20000,8.87,B_fleet_size,CIDv2_Prototype,FS-B,0,2,CIDv2_OpelAstra|CTT_Forester
5994,1058,0.17650984317650983,0.8504358625950924,0.7632996977705976,4940,0.05043064462733162,False,0.6124763705103969,0.9984591679506933,0.0002025931928687196,0.9972050786018373,14.462148951633994,0.7,0.9968102073365231,0.46153846153846156,0.028089887640449437,0.0,0.6666666666666666,1.0,1.0,0.5,1.0,0.0,False,0.6124763705103969,0.9984591679506933,0.0002025931928687196,0.9972050786018373,14.462148951633994,0.7,0.9968102073365231,0.46153846153846156,0.028089887640449437,0.0,0.6666666666666666,1.0,1.0,0.5,1.0,0.0,True,0.6304347826086957,0.9970104633781763,0.0004051863857374392,0.9967958331108093,28.924297903267988,0.7,0.9968102073365231,0.46153846153846156,0.08146067415730338,0.0,0.6666666666666666,1.0,1.0,0.5,1.0,0.0,True,0.6247637051039697,0.9969834087481146,0.0004051863857374392,0.9969413876533508,28.924297903267988,0.7,0.9968102073365231,0.46153846153846156,0.06460674157303371,0.0,0.6666666666666666,1.0,1.0,0.5,1.0,0.0,True,0.6389413988657845,0.922237380627558,0.011547811993517018,0.9964026212692261,824.3424902431377,0.7,0.9968102073365231,0.46153846153846156,0.10674157303370786,0.0,0.6666666666666666,1.0,1.0,0.5,1.0,0.0,XGBoost,fleet,40000,20000,4.43,B_fleet_size,CIDv2_Prototype,FS-B,0,2,CIDv2_OpelAstra|CTT_Forester
5994,1058,0.17650984317650983,0.8912785928313414,0.7629545798064914,4940,0.05043064462733162,False,0.0,0.0,0.0,1000000.0000000001,0.0,0.0,0.0,0.0,0.0,0.0,0.0,0.0,0.0,0.0,0.0,0.0,False,0.0,0.0,0.0,1000000.0000000001,0.0,0.0,0.0,0.0,0.0,0.0,0.0,0.0,0.0,0.0,0.0,0.0,True,0.5916824196597353,0.9936507936507937,0.0008103727714748784,1000000.0,57.848595806535975,0.0,0.9968102073365231,0.0,0.0,0.019230769230769232,0.3333333333333333,0.0,1.0,0.0,0.0,1.0,True,0.5916824196597353,0.9936507936507937,0.0008103727714748784,1000000.0,57.848595806535975,0.0,0.9968102073365231,0.0,0.0,0.019230769230769232,0.3333333333333333,0.0,1.0,0.0,0.0,1.0,True,0.6049149338374291,0.9580838323353293,0.005672609400324149,984375.0,404.94017064575183,0.0,0.9968102073365231,0.0,0.0,0.28846153846153844,0.3333333333333333,0.0,1.0,0.0,0.0,1.0,Rule:Combined,fleet,40000,20000,0.04,B_fleet_size,CIDv2_Prototype,FS-B,0,2,CIDv2_OpelAstra|CTT_Forester
5994,1058,0.17650984317650983,0.7644927855376801,0.7159490641003459,4940,0.05043064462733162,False,0.610586011342155,1.0,0.0,0.9897114970112785,0.0,1.0,0.9984051036682615,0.7692307692307693,0.0,0.0,0.5,1.0,1.0,0.5,0.0,0.0,False,0.610586011342155,1.0,0.0,0.9897114970112785,0.0,1.0,0.9984051036682615,0.7692307692307693,0.0,0.0,0.5,1.0,1.0,0.5,0.0,0.0,True,0.610586011342155,0.9877675840978594,0.0016207455429497568,0.989219722767527,115.69719161307195,1.0,0.9984051036682615,0.7692307692307693,0.0,0.0,0.5,1.0,1.0,0.5,0.0,0.0,True,0.610586011342155,0.9923195084485407,0.001012965964343598,0.9895526335964808,72.31074475816997,1.0,0.9984051036682615,0.7692307692307693,0.0,0.0,0.5,1.0,1.0,0.5,0.0,0.0,True,0.611531190926276,0.9309352517985612,0.009724473257698542,0.9870318519019161,694.183149678432,1.0,0.9984051036682615,0.7692307692307693,0.0028089887640449437,0.0,0.6666666666666666,1.0,1.0,0.5,1.0,0.0,HistGB,fleet,40000,20000,13.72,B_fleet_size,CIDv2_Prototype,FS-B,1,2,CIDv2_OpelAstra|CTT_Forester
5994,1058,0.17650984317650983,0.8528530981056579,0.7615605035576019,4940,0.05043064462733162,False,0.5907372400756143,1.0,0.0,0.9998579025268556,0.0,0.0,0.9968102073365231,0.0,0.0,0.0,0.16666666666666666,0.0,1.0,0.0,0.0,0.0,False,0.5907372400756143,1.0,0.0,0.9998579025268556,0.0,0.0,0.9968102073365231,0.0,0.0,0.0,0.16666666666666666,0.0,1.0,0.0,0.0,0.0,True,0.6020793950850661,0.9906687402799378,0.0012155591572123178,0.9997368454933167,86.772893709804,0.7,0.9968102073365231,0.38461538461538464,0.0,0.0,0.5,1.0,1.0,0.5,0.0,0.0,True,0.6001890359168242,0.9952978056426333,0.0006077795786061589,0.9997830986976624,43.386446854902,0.5,0.9968102073365231,0.38461538461538464,0.0,0.0,0.5,1.0,1.0,0.5,0.0,0.0,True,0.6257088846880907,0.9245810055865922,0.01094003241491086,0.9995436072349548,780.9560433882359,0.7,0.9968102073365231,0.46153846153846156,0.06741573033707865,0.0,0.6666666666666666,1.0,1.0,0.5,1.0,0.0,XGBoost,fleet,40000,20000,4.69,B_fleet_size,CIDv2_Prototype,FS-B,1,2,CIDv2_OpelAstra|CTT_Forester
5994,1058,0.17650984317650983,0.8912785928313414,0.7629545798064914,4940,0.05043064462733162,False,0.0,0.0,0.0,1000000.0000000001,0.0,0.0,0.0,0.0,0.0,0.0,0.0,0.0,0.0,0.0,0.0,0.0,False,0.0,0.0,0.0,1000000.0000000001,0.0,0.0,0.0,0.0,0.0,0.0,0.0,0.0,0.0,0.0,0.0,0.0,True,0.5916824196597353,0.9936507936507937,0.0008103727714748784,1000000.0,57.848595806535975,0.0,0.9968102073365231,0.0,0.0,0.019230769230769232,0.3333333333333333,0.0,1.0,0.0,0.0,1.0,True,0.5916824196597353,0.9936507936507937,0.0008103727714748784,1000000.0,57.848595806535975,0.0,0.9968102073365231,0.0,0.0,0.019230769230769232,0.3333333333333333,0.0,1.0,0.0,0.0,1.0,True,0.6049149338374291,0.9580838323353293,0.005672609400324149,984375.0,404.94017064575183,0.0,0.9968102073365231,0.0,0.0,0.28846153846153844,0.3333333333333333,0.0,1.0,0.0,0.0,1.0,Rule:Combined,fleet,40000,20000,0.04,B_fleet_size,CIDv2_Prototype,FS-B,1,2,CIDv2_OpelAstra|CTT_Forester
5994,1058,0.17650984317650983,0.8456040723912583,0.8014102885771116,4940,0.05043064462733162,False,0.611531190926276,1.0,0.0,0.7879941521160184,0.0,1.0,1.0,0.7692307692307693,0.0,0.0,0.5,1.0,1.0,0.5,0.0,0.0,False,0.611531190926276,1.0,0.0,0.7879941521160184,0.0,1.0,1.0,0.7692307692307693,0.0,0.0,0.5,1.0,1.0,0.5,0.0,0.0,True,0.6153119092627599,0.9938931297709923,0.0008103727714748784,0.7137229602946632,57.848595806535975,1.0,1.0,0.7692307692307693,0.011235955056179775,0.0,0.6666666666666666,1.0,1.0,0.5,1.0,0.0,True,0.6143667296786389,0.9969325153374233,0.0004051863857374392,0.7586505363503434,28.924297903267988,1.0,1.0,0.7692307692307693,0.008426966292134831,0.0,0.6666666666666666,1.0,1.0,0.5,1.0,0.0,True,0.6379962192816635,0.9183673469387755,0.012155591572123177,0.6547036326020459,867.7289370980399,1.0,1.0,0.7692307692307693,0.07865168539325842,0.0,0.6666666666666666,1.0,1.0,0.5,1.0,0.0,HistGB,fleet,40000,20000,9.06,B_fleet_size,CIDv2_Prototype,FS-B,0,2,CIDv2_RenaultClio|CTT_Forester
5994,1058,0.17650984317650983,0.8933342052372446,0.7933953499519676,4940,0.05043064462733162,False,0.611531190926276,1.0,0.0,0.9875444173812867,0.0,1.0,1.0,0.7692307692307693,0.0,0.0,0.5,1.0,1.0,0.5,0.0,0.0,False,0.611531190926276,1.0,0.0,0.9875444173812867,0.0,1.0,1.0,0.7692307692307693,0.0,0.0,0.5,1.0,1.0,0.5,0.0,0.0,True,0.611531190926276,0.9984567901234568,0.0002025931928687196,0.9860331416130066,14.462148951633994,1.0,1.0,0.7692307692307693,0.0,0.0,0.5,1.0,1.0,0.5,0.0,0.0,True,0.611531190926276,0.9984567901234568,0.0002025931928687196,0.9860331416130066,14.462148951633994,1.0,1.0,0.7692307692307693,0.0,0.0,0.5,1.0,1.0,0.5,0.0,0.0,True,0.6181474480151229,0.919831223628692,0.011547811993517018,0.9759549498558044,824.3424902431377,1.0,1.0,0.7692307692307693,0.014044943820224719,0.038461538461538464,0.8333333333333334,1.0,1.0,0.5,1.0,1.0,XGBoost,fleet,40000,20000,5.25,B_fleet_size,CIDv2_Prototype,FS-B,0,2,CIDv2_RenaultClio|CTT_Forester
5994,1058,0.17650984317650983,0.8912785928313414,0.7629545798064914,4940,0.05043064462733162,False,0.0,0.0,0.0,1000000.0000000001,0.0,0.0,0.0,0.0,0.0,0.0,0.0,0.0,0.0,0.0,0.0,0.0,False,0.0,0.0,0.0,1000000.0000000001,0.0,0.0,0.0,0.0,0.0,0.0,0.0,0.0,0.0,0.0,0.0,0.0,True,0.5916824196597353,0.9936507936507937,0.0008103727714748784,1000000.0,57.848595806535975,0.0,0.9968102073365231,0.0,0.0,0.019230769230769232,0.3333333333333333,0.0,1.0,0.0,0.0,1.0,True,0.5916824196597353,0.9936507936507937,0.0008103727714748784,1000000.0,57.848595806535975,0.0,0.9968102073365231,0.0,0.0,0.019230769230769232,0.3333333333333333,0.0,1.0,0.0,0.0,1.0,True,0.6049149338374291,0.9580838323353293,0.005672609400324149,984375.0,404.94017064575183,0.0,0.9968102073365231,0.0,0.0,0.28846153846153844,0.3333333333333333,0.0,1.0,0.0,0.0,1.0,Rule:Combined,fleet,40000,20000,0.04,B_fleet_size,CIDv2_Prototype,FS-B,0,2,CIDv2_RenaultClio|CTT_Forester
5994,1058,0.17650984317650983,0.7849112304798204,0.7143780935272873,4940,0.05043064462733162,False,0.611531190926276,0.9969183359013868,0.0004051863857374392,0.9289634767333524,28.924297903267988,1.0,1.0,0.7692307692307693,0.0,0.0,0.5,1.0,1.0,0.5,0.0,0.0,False,0.611531190926276,0.9969183359013868,0.0004051863857374392,0.9289634767333524,28.924297903267988,1.0,1.0,0.7692307692307693,0.0,0.0,0.5,1.0,1.0,0.5,0.0,0.0,True,0.611531190926276,0.9908116385911179,0.0012155591572123178,0.9241021046757765,86.772893709804,1.0,1.0,0.7692307692307693,0.0,0.0,0.5,1.0,1.0,0.5,0.0,0.0,True,0.611531190926276,0.9923312883435583,0.001012965964343598,0.9259132863675401,72.31074475816997,1.0,1.0,0.7692307692307693,0.0,0.0,0.5,1.0,1.0,0.5,0.0,0.0,True,0.6124763705103969,0.9473684210526315,0.007293354943273906,0.8889518953702443,520.6373622588238,1.0,1.0,0.7692307692307693,0.0028089887640449437,0.0,0.6666666666666666,1.0,1.0,0.5,1.0,0.0,HistGB,fleet,40000,20000,12.04,B_fleet_size,CIDv2_Prototype,FS-B,1,2,CIDv2_RenaultClio|CTT_Forester
5994,1058,0.17650984317650983,0.8570013756422473,0.7620446340876061,4940,0.05043064462733162,False,0.611531190926276,1.0,0.0,0.9883242845535279,0.0,1.0,1.0,0.7692307692307693,0.0,0.0,0.5,1.0,1.0,0.5,0.0,0.0,False,0.611531190926276,1.0,0.0,0.9883242845535279,0.0,1.0,1.0,0.7692307692307693,0.0,0.0,0.5,1.0,1.0,0.5,0.0,0.0,True,0.611531190926276,0.9984567901234568,0.0002025931928687196,0.9849137663841248,14.462148951633994,1.0,1.0,0.7692307692307693,0.0,0.0,0.5,1.0,1.0,0.5,0.0,0.0,True,0.611531190926276,1.0,0.0,0.9856895208358765,0.0,1.0,1.0,0.7692307692307693,0.0,0.0,0.5,1.0,1.0,0.5,0.0,0.0,True,0.611531190926276,0.9125528913963329,0.012560777957860616,0.9805989265441895,896.6532350013078,1.0,1.0,0.7692307692307693,0.0,0.0,0.5,1.0,1.0,0.5,0.0,0.0,XGBoost,fleet,40000,20000,3.97,B_fleet_size,CIDv2_Prototype,FS-B,1,2,CIDv2_RenaultClio|CTT_Forester
5994,1058,0.17650984317650983,0.8912785928313414,0.7629545798064914,4940,0.05043064462733162,False,0.0,0.0,0.0,1000000.0000000001,0.0,0.0,0.0,0.0,0.0,0.0,0.0,0.0,0.0,0.0,0.0,0.0,False,0.0,0.0,0.0,1000000.0000000001,0.0,0.0,0.0,0.0,0.0,0.0,0.0,0.0,0.0,0.0,0.0,0.0,True,0.5916824196597353,0.9936507936507937,0.0008103727714748784,1000000.0,57.848595806535975,0.0,0.9968102073365231,0.0,0.0,0.019230769230769232,0.3333333333333333,0.0,1.0,0.0,0.0,1.0,True,0.5916824196597353,0.9936507936507937,0.0008103727714748784,1000000.0,57.848595806535975,0.0,0.9968102073365231,0.0,0.0,0.019230769230769232,0.3333333333333333,0.0,1.0,0.0,0.0,1.0,True,0.6049149338374291,0.9580838323353293,0.005672609400324149,984375.0,404.94017064575183,0.0,0.9968102073365231,0.0,0.0,0.28846153846153844,0.3333333333333333,0.0,1.0,0.0,0.0,1.0,Rule:Combined,fleet,40000,20000,0.04,B_fleet_size,CIDv2_Prototype,FS-B,1,2,CIDv2_RenaultClio|CTT_Forester
5994,1058,0.17650984317650983,0.9694172362765133,0.963366750071996,4940,0.05043064462733162,False,0.9130434782608695,0.9979338842975206,0.0004051863857374392,0.969630388786642,28.924297903267988,0.2,0.9968102073365231,0.15384615384615385,0.9466292134831461,0.0,0.6666666666666666,1.0,1.0,0.5,1.0,0.0,False,0.9130434782608695,0.9979338842975206,0.0004051863857374392,0.969630388786642,28.924297903267988,0.2,0.9968102073365231,0.15384615384615385,0.9466292134831461,0.0,0.6666666666666666,1.0,1.0,0.5,1.0,0.0,True,0.9130434782608695,0.9979338842975206,0.0004051863857374392,0.9696303887866419,28.924297903267988,0.2,0.9968102073365231,0.15384615384615385,0.9466292134831461,0.0,0.6666666666666666,1.0,1.0,0.5,1.0,0.0,True,0.9130434782608695,0.9979338842975206,0.0004051863857374392,0.969630388786642,28.924297903267988,0.2,0.9968102073365231,0.15384615384615385,0.9466292134831461,0.0,0.6666666666666666,1.0,1.0,0.5,1.0,0.0,True,0.9357277882797732,0.9392789373814042,0.012965964343598054,0.9280082130640082,925.5775329045756,0.5,0.9968102073365231,0.46153846153846156,0.9943820224719101,0.0,0.6666666666666666,1.0,1.0,0.5,1.0,0.0,HistGB,fleet,40000,20000,15.98,B_fleet_size,CIDv2_Prototype,FS-B,0,2,CIDv2_RenaultClio|ROAD_ORNL
5994,1058,0.17650984317650983,0.957661182225109,0.9529329776704565,4940,0.05043064462733162,False,0.9120982986767486,0.9979317476732161,0.0004051863857374392,0.9347428083419801,28.924297903267988,0.0,0.9968102073365231,0.0,0.9550561797752809,0.0,0.3333333333333333,0.0,1.0,0.0,1.0,0.0,False,0.9120982986767486,0.9979317476732161,0.0004051863857374392,0.9347428083419801,28.924297903267988,0.0,0.9968102073365231,0.0,0.9550561797752809,0.0,0.3333333333333333,0.0,1.0,0.0,1.0,0.0,True,0.9168241965973535,0.9908069458631257,0.0018233387358184765,0.8875907063484192,130.15934056470596,0.0,0.9968102073365231,0.0,0.9691011235955056,0.0,0.3333333333333333,0.0,1.0,0.0,1.0,0.0,True,0.9168241965973535,0.9918200408997955,0.0016207455429497568,0.8921384215354919,115.69719161307195,0.0,0.9968102073365231,0.0,0.9691011235955056,0.0,0.3333333333333333,0.0,1.0,0.0,1.0,0.0,True,0.9243856332703214,0.9560117302052786,0.009116693679092382,0.8141175508499146,650.7967028235297,0.0,0.9968102073365231,0.15384615384615385,0.9859550561797753,0.0,0.5,0.0,1.0,0.5,1.0,0.0,XGBoost,fleet,40000,20000,7.7,B_fleet_size,CIDv2_Prototype,FS-B,0,2,CIDv2_RenaultClio|ROAD_ORNL
5994,1058,0.17650984317650983,0.693379319562613,0.6932449974652622,4940,0.05043064462733162,False,0.5907372400756143,1.0,0.0,984375.0000000001,0.0,0.0,0.9968102073365231,0.0,0.0,0.0,0.16666666666666666,0.0,1.0,0.0,0.0,0.0,False,0.5907372400756143,1.0,0.0,984375.0000000001,0.0,0.0,0.9968102073365231,0.0,0.0,0.0,0.16666666666666666,0.0,1.0,0.0,0.0,0.0,True,0.5916824196597353,0.9936507936507937,0.0008103727714748784,984375.0,57.848595806535975,0.0,0.9968102073365231,0.0,0.0,0.019230769230769232,0.3333333333333333,0.0,1.0,0.0,0.0,1.0,True,0.5916824196597353,0.9936507936507937,0.0008103727714748784,984375.0,57.848595806535975,0.0,0.9968102073365231,0.0,0.0,0.019230769230769232,0.3333333333333333,0.0,1.0,0.0,0.0,1.0,True,0.6049149338374291,0.9580838323353293,0.005672609400324149,968750.0,404.94017064575183,0.0,0.9968102073365231,0.0,0.0,0.28846153846153844,0.3333333333333333,0.0,1.0,0.0,0.0,1.0,Rule:Combined,fleet,40000,20000,0.04,B_fleet_size,CIDv2_Prototype,FS-B,0,2,CIDv2_RenaultClio|ROAD_ORNL
5994,1058,0.17650984317650983,0.9842569961671972,0.9742841301561971,4940,0.05043064462733162,False,0.9338374291115312,0.9959677419354839,0.0008103727714748784,0.8851322394774881,57.848595806535975,0.9,0.9968102073365231,0.7692307692307693,0.9662921348314607,0.0,0.8333333333333334,1.0,1.0,1.0,1.0,0.0,False,0.9338374291115312,0.9959677419354839,0.0008103727714748784,0.8851322394774881,57.848595806535975,0.9,0.9968102073365231,0.7692307692307693,0.9662921348314607,0.0,0.8333333333333334,1.0,1.0,1.0,1.0,0.0,True,0.9338374291115312,0.9959677419354839,0.0008103727714748784,0.885132239477488,57.848595806535975,0.9,0.9968102073365231,0.7692307692307693,0.9662921348314607,0.0,0.8333333333333334,1.0,1.0,1.0,1.0,0.0,True,0.9338374291115312,0.9959677419354839,0.0008103727714748784,0.8851322394774881,57.848595806535975,0.9,0.9968102073365231,0.7692307692307693,0.9662921348314607,0.0,0.8333333333333334,1.0,1.0,1.0,1.0,0.0,True,0.94234404536862,0.9240037071362373,0.01661264181523501,0.7081442546992786,1185.8962140339877,0.9,0.9968102073365231,1.0,0.9775280898876404,0.038461538461538464,1.0,1.0,1.0,1.0,1.0,1.0,HistGB,fleet,40000,20000,19.3,B_fleet_size,CIDv2_Prototype,FS-B,1,2,CIDv2_RenaultClio|ROAD_ORNL
5994,1058,0.17650984317650983,0.9707039328355694,0.9607123445324643,4940,0.05043064462733162,False,0.9243856332703214,1.0,0.0,0.615383267402649,0.0,0.3,0.9968102073365231,0.46153846153846156,0.9662921348314607,0.0,0.6666666666666666,1.0,1.0,0.5,1.0,0.0,False,0.9243856332703214,1.0,0.0,0.615383267402649,0.0,0.3,0.9968102073365231,0.46153846153846156,0.9662921348314607,0.0,0.6666666666666666,1.0,1.0,0.5,1.0,0.0,True,0.9272211720226843,0.9899091826437941,0.002025931928687196,0.4766121208667755,144.62148951633995,0.3,0.9984051036682615,0.5384615384615384,0.9691011235955056,0.0,0.6666666666666666,1.0,1.0,0.5,1.0,0.0,True,0.9262759924385633,0.9959349593495935,0.0008103727714748784,0.5183116793632507,57.848595806535975,0.3,0.9968102073365231,0.5384615384615384,0.9691011235955056,0.0,0.6666666666666666,1.0,1.0,0.5,1.0,0.0,True,0.9347826086956522,0.9564796905222437,0.009116693679092382,0.36731112003326416,650.7967028235297,0.7,0.9984051036682615,0.8461538461538461,0.9691011235955056,0.0,0.8333333333333334,1.0,1.0,1.0,1.0,0.0,XGBoost,fleet,40000,20000,10.57,B_fleet_size,CIDv2_Prototype,FS-B,1,2,CIDv2_RenaultClio|ROAD_ORNL
5994,1058,0.17650984317650983,0.693379319562613,0.6932449974652622,4940,0.05043064462733162,False,0.5907372400756143,1.0,0.0,984375.0000000001,0.0,0.0,0.9968102073365231,0.0,0.0,0.0,0.16666666666666666,0.0,1.0,0.0,0.0,0.0,False,0.5907372400756143,1.0,0.0,984375.0000000001,0.0,0.0,0.9968102073365231,0.0,0.0,0.0,0.16666666666666666,0.0,1.0,0.0,0.0,0.0,True,0.5916824196597353,0.9936507936507937,0.0008103727714748784,984375.0,57.848595806535975,0.0,0.9968102073365231,0.0,0.0,0.019230769230769232,0.3333333333333333,0.0,1.0,0.0,0.0,1.0,True,0.5916824196597353,0.9936507936507937,0.0008103727714748784,984375.0,57.848595806535975,0.0,0.9968102073365231,0.0,0.0,0.019230769230769232,0.3333333333333333,0.0,1.0,0.0,0.0,1.0,True,0.6049149338374291,0.9580838323353293,0.005672609400324149,968750.0,404.94017064575183,0.0,0.9968102073365231,0.0,0.0,0.28846153846153844,0.3333333333333333,0.0,1.0,0.0,0.0,1.0,Rule:Combined,fleet,40000,20000,0.05,B_fleet_size,CIDv2_Prototype,FS-B,1,2,CIDv2_RenaultClio|ROAD_ORNL
5994,1058,0.17650984317650983,0.8536705558942748,0.7714259020252329,4940,0.05043064462733162,False,0.5982986767485823,1.0,0.0,0.9994731727821162,0.0,0.3,0.9984051036682615,0.3076923076923077,0.0,0.0,0.5,1.0,1.0,0.5,0.0,0.0,False,0.5982986767485823,1.0,0.0,0.9994731727821162,0.0,0.3,0.9984051036682615,0.3076923076923077,0.0,0.0,0.5,1.0,1.0,0.5,0.0,0.0,True,0.5982986767485823,0.9968503937007874,0.0004051863857374392,0.9994731727821161,28.924297903267988,0.3,0.9984051036682615,0.3076923076923077,0.0,0.0,0.5,1.0,1.0,0.5,0.0,0.0,True,0.5982986767485823,0.9968503937007874,0.0004051863857374392,0.9994731727821161,28.924297903267988,0.3,0.9984051036682615,0.3076923076923077,0.0,0.0,0.5,1.0,1.0,0.5,0.0,0.0,True,0.6096408317580341,0.9267241379310345,0.010332252836304701,0.9994134214129134,737.5695965333338,0.8,1.0,0.6153846153846154,0.0,0.038461538461538464,0.6666666666666666,1.0,1.0,0.5,0.0,1.0,HistGB,fleet,40000,20000,10.08,B_fleet_size,CIDv2_Prototype,FS-B,0,2,CTT_Forester|CTT_Impala
5994,1058,0.17650984317650983,0.9182614018989377,0.8715508311698679,4940,0.05043064462733162,False,0.6701323251417769,1.0,0.0,0.9991950392723085,0.0,0.9,0.9984051036682615,0.7692307692307693,0.1797752808988764,0.0,0.6666666666666666,1.0,1.0,0.5,1.0,0.0,False,0.6701323251417769,1.0,0.0,0.9991950392723085,0.0,0.9,0.9984051036682615,0.7692307692307693,0.1797752808988764,0.0,0.6666666666666666,1.0,1.0,0.5,1.0,0.0,True,0.6701323251417769,1.0,0.0,0.9991950392723085,0.0,0.9,0.9984051036682615,0.7692307692307693,0.1797752808988764,0.0,0.6666666666666666,1.0,1.0,0.5,1.0,0.0,True,0.6701323251417769,1.0,0.0,0.9991950392723085,0.0,0.9,0.9984051036682615,0.7692307692307693,0.1797752808988764,0.0,0.6666666666666666,1.0,1.0,0.5,1.0,0.0,True,0.6928166351606805,0.9556714471968709,0.006888168557536467,0.9990637898445129,491.7130643555559,1.0,0.9984051036682615,0.7692307692307693,0.24157303370786518,0.019230769230769232,0.8333333333333334,1.0,1.0,0.5,1.0,1.0,XGBoost,fleet,40000,20000,3.87,B_fleet_size,CIDv2_Prototype,FS-B,0,2,CTT_Forester|CTT_Impala
5994,1058,0.17650984317650983,0.9041014206799778,0.7699821054468886,4940,0.05043064462733162,False,0.0,0.0,0.0,1000000.0000000001,0.0,0.0,0.0,0.0,0.0,0.0,0.0,0.0,0.0,0.0,0.0,0.0,False,0.0,0.0,0.0,1000000.0000000001,0.0,0.0,0.0,0.0,0.0,0.0,0.0,0.0,0.0,0.0,0.0,0.0,True,0.5916824196597353,0.9936507936507937,0.0008103727714748784,1000000.0,57.848595806535975,0.0,0.9968102073365231,0.0,0.0,0.019230769230769232,0.3333333333333333,0.0,1.0,0.0,0.0,1.0,True,0.5916824196597353,0.9936507936507937,0.0008103727714748784,1000000.0,57.848595806535975,0.0,0.9968102073365231,0.0,0.0,0.019230769230769232,0.3333333333333333,0.0,1.0,0.0,0.0,1.0,True,0.6049149338374291,0.9580838323353293,0.005672609400324149,984375.0,404.94017064575183,0.0,0.9968102073365231,0.0,0.0,0.28846153846153844,0.3333333333333333,0.0,1.0,0.0,0.0,1.0,Rule:Combined,fleet,40000,20000,0.04,B_fleet_size,CIDv2_Prototype,FS-B,0,2,CTT_Forester|CTT_Impala
5994,1058,0.17650984317650983,0.8118035619636451,0.732844977819058,4940,0.05043064462733162,False,0.6096408317580341,1.0,0.0,0.9986317432533778,0.0,0.9,0.9984051036682615,0.7692307692307693,0.0,0.0,0.5,1.0,1.0,0.5,0.0,0.0,False,0.6096408317580341,1.0,0.0,0.9986317432533778,0.0,0.9,0.9984051036682615,0.7692307692307693,0.0,0.0,0.5,1.0,1.0,0.5,0.0,0.0,True,0.6096408317580341,0.9938366718027735,0.0008103727714748784,0.9984491153234931,57.848595806535975,0.9,0.9984051036682615,0.7692307692307693,0.0,0.0,0.5,1.0,1.0,0.5,0.0,0.0,True,0.6096408317580341,0.9984520123839009,0.0002025931928687196,0.998555363812981,14.462148951633994,0.9,0.9984051036682615,0.7692307692307693,0.0,0.0,0.5,1.0,1.0,0.5,0.0,0.0,True,0.6096408317580341,0.9320809248554913,0.009521880064829822,0.9982796576530439,679.7210007267978,0.9,0.9984051036682615,0.7692307692307693,0.0,0.0,0.5,1.0,1.0,0.5,0.0,0.0,HistGB,fleet,40000,20000,12.9,B_fleet_size,CIDv2_Prototype,FS-B,1,2,CTT_Forester|CTT_Impala
5994,1058,0.17650984317650983,0.8950365242208014,0.8028747140991118,4940,0.05043064462733162,False,0.5916824196597353,1.0,0.0,0.9994347691535951,0.0,0.1,0.9968102073365231,0.0,0.0,0.0,0.3333333333333333,1.0,1.0,0.0,0.0,0.0,False,0.5916824196597353,1.0,0.0,0.9994347691535951,0.0,0.1,0.9968102073365231,0.0,0.0,0.0,0.3333333333333333,1.0,1.0,0.0,0.0,0.0,True,0.5935727788279773,0.9952456418383518,0.0006077795786061589,0.9993637204170227,43.386446854902,0.1,0.9968102073365231,0.0,0.0056179775280898875,0.0,0.5,1.0,1.0,0.0,1.0,0.0,True,0.5935727788279773,0.9968253968253968,0.0004051863857374392,0.9993751645088196,28.924297903267988,0.1,0.9968102073365231,0.0,0.0056179775280898875,0.0,0.5,1.0,1.0,0.0,1.0,0.0,True,0.6020793950850661,0.9285714285714286,0.00992706645056726,0.9990874528884888,708.6452986300658,0.5,0.9968102073365231,0.38461538461538464,0.0056179775280898875,0.0,0.6666666666666666,1.0,1.0,0.5,1.0,0.0,XGBoost,fleet,40000,20000,3.57,B_fleet_size,CIDv2_Prototype,FS-B,1,2,CTT_Forester|CTT_Impala
5994,1058,0.17650984317650983,0.9041014206799778,0.7699821054468886,4940,0.05043064462733162,False,0.0,0.0,0.0,1000000.0000000001,0.0,0.0,0.0,0.0,0.0,0.0,0.0,0.0,0.0,0.0,0.0,0.0,False,0.0,0.0,0.0,1000000.0000000001,0.0,0.0,0.0,0.0,0.0,0.0,0.0,0.0,0.0,0.0,0.0,0.0,True,0.5916824196597353,0.9936507936507937,0.0008103727714748784,1000000.0,57.848595806535975,0.0,0.9968102073365231,0.0,0.0,0.019230769230769232,0.3333333333333333,0.0,1.0,0.0,0.0,1.0,True,0.5916824196597353,0.9936507936507937,0.0008103727714748784,1000000.0,57.848595806535975,0.0,0.9968102073365231,0.0,0.0,0.019230769230769232,0.3333333333333333,0.0,1.0,0.0,0.0,1.0,True,0.6049149338374291,0.9580838323353293,0.005672609400324149,984375.0,404.94017064575183,0.0,0.9968102073365231,0.0,0.0,0.28846153846153844,0.3333333333333333,0.0,1.0,0.0,0.0,1.0,Rule:Combined,fleet,40000,20000,0.04,B_fleet_size,CIDv2_Prototype,FS-B,1,2,CTT_Forester|CTT_Impala
5994,1058,0.17650984317650983,0.9526917129043821,0.9208064155028611,4940,0.05043064462733162,False,0.2722117202268431,0.993103448275862,0.0004051863857374392,0.9795930233535007,28.924297903267988,0.5,0.0,0.5384615384615384,0.7752808988764045,0.0,0.5,1.0,0.0,0.5,1.0,0.0,False,0.2722117202268431,0.993103448275862,0.0004051863857374392,0.9795930233535007,28.924297903267988,0.5,0.0,0.5384615384615384,0.7752808988764045,0.0,0.5,1.0,0.0,0.5,1.0,0.0,True,0.30718336483931946,0.9365994236311239,0.004457050243111832,0.9730015853079966,318.1672769359479,0.6,0.0,0.6923076923076923,0.8707865168539326,0.0,0.5,1.0,0.0,0.5,1.0,0.0,True,0.30151228733459357,0.9494047619047619,0.0034440842787682334,0.9742163889050929,245.85653217777795,0.6,0.0,0.6923076923076923,0.8539325842696629,0.0,0.5,1.0,0.0,0.5,1.0,0.0,True,0.9300567107750473,0.9318181818181818,0.014586709886547812,0.9595608993510687,1041.2747245176477,1.0,0.9968102073365231,0.7692307692307693,0.9466292134831461,0.038461538461538464,0.8333333333333334,1.0,1.0,0.5,1.0,1.0,HistGB,fleet,40000,20000,18.63,B_fleet_size,CIDv2_Prototype,FS-B,0,2,CTT_Silverado|ROAD_ORNL
5994,1058,0.17650984317650983,0.9613482634431498,0.9481141550961938,4940,0.05043064462733162,False,0.332703213610586,0.9643835616438357,0.002633711507293355,0.9731518626213075,188.00793637124193,0.9,0.0,0.6923076923076923,0.9382022471910112,0.0,0.5,1.0,0.0,0.5,1.0,0.0,False,0.332703213610586,0.9643835616438357,0.002633711507293355,0.9731518626213075,188.00793637124193,0.9,0.0,0.6923076923076923,0.9382022471910112,0.0,0.5,1.0,0.0,0.5,1.0,0.0,True,0.9319470699432892,0.9801192842942346,0.004051863857374392,0.9602755308151245,289.2429790326799,0.9,0.9968102073365231,0.7692307692307693,0.9606741573033708,0.0,0.6666666666666666,1.0,1.0,0.5,1.0,0.0,True,0.332703213610586,0.9643835616438357,0.002633711507293355,0.9731518626213074,188.00793637124193,0.9,0.0,0.6923076923076923,0.9382022471910112,0.0,0.5,1.0,0.0,0.5,1.0,0.0,True,0.9376181474480151,0.9411764705882353,0.012560777957860616,0.9136214256286621,896.6532350013078,0.9,0.9984051036682615,0.7692307692307693,0.9691011235955056,0.038461538461538464,0.8333333333333334,1.0,1.0,0.5,1.0,1.0,XGBoost,fleet,40000,20000,7.65,B_fleet_size,CIDv2_Prototype,FS-B,0,2,CTT_Silverado|ROAD_ORNL
5994,1058,0.17650984317650983,0.8547873077853998,0.7502252244614804,4940,0.05043064462733162,False,0.6143667296786389,1.0,0.0,8567.033551746388,0.0,1.0,1.0,1.0,0.0,0.0,0.6666666666666666,1.0,1.0,1.0,0.0,0.0,False,0.6143667296786389,1.0,0.0,8567.033551746388,0.0,1.0,1.0,1.0,0.0,0.0,0.6666666666666666,1.0,1.0,1.0,0.0,0.0,True,0.6143667296786389,1.0,0.0,2271.124681700428,0.0,1.0,1.0,1.0,0.0,0.0,0.6666666666666666,1.0,1.0,1.0,0.0,0.0,True,0.6143667296786389,1.0,0.0,2271.124681700428,0.0,1.0,1.0,1.0,0.0,0.0,0.6666666666666666,1.0,1.0,1.0,0.0,0.0,True,0.6200378071833649,0.8888888888888888,0.01661264181523501,936.3535097623055,1185.8962140339877,1.0,1.0,1.0,0.0,0.11538461538461539,0.8333333333333334,1.0,1.0,1.0,0.0,1.0,Rule:Combined,fleet,40000,20000,0.05,B_fleet_size,CIDv2_Prototype,FS-B,0,2,CTT_Silverado|ROAD_ORNL
5994,1058,0.17650984317650983,0.9690864425707659,0.9579844217890531,4940,0.05043064462733162,False,0.2637051039697543,1.0,0.0,0.9868478045453323,0.0,1.0,0.0,0.7692307692307693,0.7275280898876404,0.0,0.5,1.0,0.0,0.5,1.0,0.0,False,0.2637051039697543,1.0,0.0,0.9868478045453323,0.0,1.0,0.0,0.7692307692307693,0.7275280898876404,0.0,0.5,1.0,0.0,0.5,1.0,0.0,True,0.2731568998109641,1.0,0.0,0.9856598659487849,0.0,1.0,0.0,0.7692307692307693,0.7556179775280899,0.0,0.5,1.0,0.0,0.5,1.0,0.0,True,0.2637051039697543,1.0,0.0,0.9868478045453322,0.0,1.0,0.0,0.7692307692307693,0.7275280898876404,0.0,0.5,1.0,0.0,0.5,1.0,0.0,True,0.9291115311909263,0.9646712463199215,0.007293354943273906,0.9559478215787175,520.6373622588238,1.0,0.9984051036682615,0.7692307692307693,0.9438202247191011,0.019230769230769232,0.8333333333333334,1.0,1.0,0.5,1.0,1.0,HistGB,fleet,40000,20000,16.29,B_fleet_size,CIDv2_Prototype,FS-B,1,2,CTT_Silverado|ROAD_ORNL
5994,1058,0.17650984317650983,0.6755088957177391,0.5391574188104554,4940,0.05043064462733162,False,0.34120982986767484,0.9972375690607734,0.0002025931928687196,0.9863750934600831,14.462148951633994,0.7,0.0,0.7692307692307693,0.9662921348314607,0.0,0.5,1.0,0.0,0.5,1.0,0.0,False,0.34120982986767484,0.9972375690607734,0.0002025931928687196,0.9863750934600831,14.462148951633994,0.7,0.0,0.7692307692307693,0.9662921348314607,0.0,0.5,1.0,0.0,0.5,1.0,0.0,True,0.3431001890359168,0.9918032786885246,0.0006077795786061589,0.9827855229377747,43.386446854902,0.9,0.0,0.7692307692307693,0.9662921348314607,0.0,0.5,1.0,0.0,0.5,1.0,0.0,True,0.34215500945179583,0.9945054945054945,0.0004051863857374392,0.9835501909255981,28.924297903267988,0.8,0.0,0.7692307692307693,0.9662921348314607,0.0,0.5,1.0,0.0,0.5,1.0,0.0,True,0.3440453686200378,0.8813559322033898,0.00992706645056726,0.9733002185821533,708.6452986300658,0.9,0.0,0.7692307692307693,0.9691011235955056,0.0,0.5,1.0,0.0,0.5,1.0,0.0,XGBoost,fleet,40000,20000,5.92,B_fleet_size,CIDv2_Prototype,FS-B,1,2,CTT_Silverado|ROAD_ORNL
5994,1058,0.17650984317650983,0.8548343178315713,0.7502475838270807,4940,0.05043064462733162,False,0.6143667296786389,1.0,0.0,8526.388357237913,0.0,1.0,1.0,1.0,0.0,0.0,0.6666666666666666,1.0,1.0,1.0,0.0,0.0,False,0.6143667296786389,1.0,0.0,8526.388357237913,0.0,1.0,1.0,1.0,0.0,0.0,0.6666666666666666,1.0,1.0,1.0,0.0,0.0,True,0.6143667296786389,1.0,0.0,2260.3511544423436,0.0,1.0,1.0,1.0,0.0,0.0,0.6666666666666666,1.0,1.0,1.0,0.0,0.0,True,0.6143667296786389,1.0,0.0,2260.3511544423436,0.0,1.0,1.0,1.0,0.0,0.0,0.6666666666666666,1.0,1.0,1.0,0.0,0.0,True,0.6200378071833649,0.8888888888888888,0.01661264181523501,931.9130600578342,1185.8962140339877,1.0,1.0,1.0,0.0,0.11538461538461539,0.8333333333333334,1.0,1.0,1.0,0.0,1.0,Rule:Combined,fleet,40000,20000,0.05,B_fleet_size,CIDv2_Prototype,FS-B,1,2,CTT_Silverado|ROAD_ORNL
5994,1058,0.17650984317650983,0.8421225524138078,0.7948269797256963,4940,0.05043064462733162,False,0.723062381852552,1.0,0.0,0.9932418842077454,0.0,1.0,1.0,0.7692307692307693,0.33146067415730335,0.0,0.6666666666666666,1.0,1.0,0.5,1.0,0.0,False,0.723062381852552,1.0,0.0,0.9932418842077454,0.0,1.0,1.0,0.7692307692307693,0.33146067415730335,0.0,0.6666666666666666,1.0,1.0,0.5,1.0,0.0,True,0.723062381852552,0.9922178988326849,0.0012155591572123178,0.9918857354830655,86.772893709804,1.0,1.0,0.7692307692307693,0.33146067415730335,0.0,0.6666666666666666,1.0,1.0,0.5,1.0,0.0,True,0.723062381852552,0.9922178988326849,0.0012155591572123178,0.9919667793777738,86.772893709804,1.0,1.0,0.7692307692307693,0.33146067415730335,0.0,0.6666666666666666,1.0,1.0,0.5,1.0,0.0,True,0.724007561436673,0.9503722084367245,0.008103727714748784,0.9895470944831702,578.4859580653598,1.0,1.0,0.7692307692307693,0.3342696629213483,0.0,0.6666666666666666,1.0,1.0,0.5,1.0,0.0,HistGB,fleet,40000,20000,15.39,B_fleet_size,CIDv2_Prototype,FS-B,0,3,CIDv2_OpelAstra|CIDv2_RenaultClio|CTT_Forester
5994,1058,0.17650984317650983,0.8815237688921025,0.8047321009127473,4940,0.05043064462733162,False,0.6134215500945179,0.9969278033794163,0.0004051863857374392,0.998194992542267,28.924297903267988,0.8,0.9984051036682615,0.6923076923076923,0.016853932584269662,0.0,0.6666666666666666,1.0,1.0,0.5,1.0,0.0,False,0.6134215500945179,0.9969278033794163,0.0004051863857374392,0.998194992542267,28.924297903267988,0.8,0.9984051036682615,0.6923076923076923,0.016853932584269662,0.0,0.6666666666666666,1.0,1.0,0.5,1.0,0.0,True,0.6143667296786389,0.9938837920489296,0.0008103727714748784,0.9978985786437988,57.848595806535975,0.8,0.9984051036682615,0.6923076923076923,0.019662921348314606,0.0,0.6666666666666666,1.0,1.0,0.5,1.0,0.0,True,0.6143667296786389,0.9969325153374233,0.0004051863857374392,0.9981257319450378,28.924297903267988,0.8,0.9984051036682615,0.6923076923076923,0.019662921348314606,0.0,0.6666666666666666,1.0,1.0,0.5,1.0,0.0,True,0.6313799621928167,0.9329608938547486,0.009724473257698542,0.9963518381118774,694.183149678432,0.8,0.9984051036682615,0.7692307692307693,0.06741573033707865,0.0,0.6666666666666666,1.0,1.0,0.5,1.0,0.0,XGBoost,fleet,40000,20000,4.74,B_fleet_size,CIDv2_Prototype,FS-B,0,3,CIDv2_OpelAstra|CIDv2_RenaultClio|CTT_Forester
5994,1058,0.17650984317650983,0.8912785928313414,0.7629545798064914,4940,0.05043064462733162,False,0.0,0.0,0.0,1000000.0000000001,0.0,0.0,0.0,0.0,0.0,0.0,0.0,0.0,0.0,0.0,0.0,0.0,False,0.0,0.0,0.0,1000000.0000000001,0.0,0.0,0.0,0.0,0.0,0.0,0.0,0.0,0.0,0.0,0.0,0.0,True,0.5916824196597353,0.9936507936507937,0.0008103727714748784,1000000.0,57.848595806535975,0.0,0.9968102073365231,0.0,0.0,0.019230769230769232,0.3333333333333333,0.0,1.0,0.0,0.0,1.0,True,0.5916824196597353,0.9936507936507937,0.0008103727714748784,1000000.0,57.848595806535975,0.0,0.9968102073365231,0.0,0.0,0.019230769230769232,0.3333333333333333,0.0,1.0,0.0,0.0,1.0,True,0.6049149338374291,0.9580838323353293,0.005672609400324149,984375.0,404.94017064575183,0.0,0.9968102073365231,0.0,0.0,0.28846153846153844,0.3333333333333333,0.0,1.0,0.0,0.0,1.0,Rule:Combined,fleet,40000,20000,0.04,B_fleet_size,CIDv2_Prototype,FS-B,0,3,CIDv2_OpelAstra|CIDv2_RenaultClio|CTT_Forester
5994,1058,0.17650984317650983,0.7831814331189701,0.7115660886661221,4940,0.05043064462733162,False,0.611531190926276,0.9984567901234568,0.0002025931928687196,0.9989316892752822,14.462148951633994,1.0,1.0,0.7692307692307693,0.0,0.0,0.5,1.0,1.0,0.5,0.0,0.0,False,0.611531190926276,0.9984567901234568,0.0002025931928687196,0.9989316892752822,14.462148951633994,1.0,1.0,0.7692307692307693,0.0,0.0,0.5,1.0,1.0,0.5,0.0,0.0,True,0.611531190926276,0.9908116385911179,0.0012155591572123178,0.9986903982827078,86.772893709804,1.0,1.0,0.7692307692307693,0.0,0.0,0.5,1.0,1.0,0.5,0.0,0.0,True,0.611531190926276,0.9908116385911179,0.0012155591572123178,0.9988495130932936,86.772893709804,1.0,1.0,0.7692307692307693,0.0,0.0,0.5,1.0,1.0,0.5,0.0,0.0,True,0.611531190926276,0.9542772861356932,0.006280388978930308,0.9985888618186017,448.3266175006539,1.0,1.0,0.7692307692307693,0.0,0.0,0.5,1.0,1.0,0.5,0.0,0.0,HistGB,fleet,40000,20000,10.75,B_fleet_size,CIDv2_Prototype,FS-B,1,3,CIDv2_OpelAstra|CIDv2_RenaultClio|CTT_Forester
5994,1058,0.17650984317650983,0.8557064451443506,0.7950399134368431,4940,0.05043064462733162,False,0.5935727788279773,1.0,0.0,0.999627709388733,0.0,0.1,0.9968102073365231,0.15384615384615385,0.0,0.0,0.5,1.0,1.0,0.5,0.0,0.0,False,0.5935727788279773,1.0,0.0,0.999627709388733,0.0,0.1,0.9968102073365231,0.15384615384615385,0.0,0.0,0.5,1.0,1.0,0.5,0.0,0.0,True,0.5982986767485823,0.9952830188679245,0.0006077795786061589,0.9995342493057251,43.386446854902,0.2,0.9968102073365231,0.15384615384615385,0.011235955056179775,0.0,0.6666666666666666,1.0,1.0,0.5,1.0,0.0,True,0.5945179584120983,0.9968304278922345,0.0004051863857374392,0.9995661377906799,28.924297903267988,0.2,0.9968102073365231,0.15384615384615385,0.0,0.0,0.5,1.0,1.0,0.5,0.0,0.0,True,0.6474480151228733,0.9513888888888888,0.007090761750405186,0.9991961121559143,506.1752133071898,0.7,0.9968102073365231,0.38461538461538464,0.1348314606741573,0.0,0.6666666666666666,1.0,1.0,0.5,1.0,0.0,XGBoost,fleet,40000,20000,5.71,B_fleet_size,CIDv2_Prototype,FS-B,1,3,CIDv2_OpelAstra|CIDv2_RenaultClio|CTT_Forester
5994,1058,0.17650984317650983,0.8912785928313414,0.7629545798064914,4940,0.05043064462733162,False,0.0,0.0,0.0,1000000.0000000001,0.0,0.0,0.0,0.0,0.0,0.0,0.0,0.0,0.0,0.0,0.0,0.0,False,0.0,0.0,0.0,1000000.0000000001,0.0,0.0,0.0,0.0,0.0,0.0,0.0,0.0,0.0,0.0,0.0,0.0,True,0.5916824196597353,0.9936507936507937,0.0008103727714748784,1000000.0,57.848595806535975,0.0,0.9968102073365231,0.0,0.0,0.019230769230769232,0.3333333333333333,0.0,1.0,0.0,0.0,1.0,True,0.5916824196597353,0.9936507936507937,0.0008103727714748784,1000000.0,57.848595806535975,0.0,0.9968102073365231,0.0,0.0,0.019230769230769232,0.3333333333333333,0.0,1.0,0.0,0.0,1.0,True,0.6049149338374291,0.9580838323353293,0.005672609400324149,984375.0,404.94017064575183,0.0,0.9968102073365231,0.0,0.0,0.28846153846153844,0.3333333333333333,0.0,1.0,0.0,0.0,1.0,Rule:Combined,fleet,40000,20000,0.04,B_fleet_size,CIDv2_Prototype,FS-B,1,3,CIDv2_OpelAstra|CIDv2_RenaultClio|CTT_Forester
5994,1058,0.17650984317650983,0.8371743381445068,0.7468944787399738,4940,0.05043064462733162,False,0.6039697542533081,1.0,0.0,0.974772635475447,0.0,0.7,0.9984051036682615,0.46153846153846156,0.0,0.0,0.5,1.0,1.0,0.5,0.0,0.0,False,0.6039697542533081,1.0,0.0,0.974772635475447,0.0,0.7,0.9984051036682615,0.46153846153846156,0.0,0.0,0.5,1.0,1.0,0.5,0.0,0.0,True,0.6039697542533081,1.0,0.0,0.974772635475447,0.0,0.7,0.9984051036682615,0.46153846153846156,0.0,0.0,0.5,1.0,1.0,0.5,0.0,0.0,True,0.6039697542533081,1.0,0.0,0.974772635475447,0.0,0.7,0.9984051036682615,0.46153846153846156,0.0,0.0,0.5,1.0,1.0,0.5,0.0,0.0,True,0.6068052930056711,0.8794520547945206,0.017828200972447326,0.9588856938847938,1272.6691077437915,0.7,0.9984051036682615,0.46153846153846156,0.0,0.057692307692307696,0.6666666666666666,1.0,1.0,0.5,0.0,1.0,HistGB,fleet,40000,20000,15.09,B_fleet_size,CIDv2_Prototype,FS-B,0,3,CIDv2_OpelAstra|CTT_Forester|CTT_Traverse
5994,1058,0.17650984317650983,0.8145783036094525,0.7277098131407275,4940,0.05043064462733162,False,0.6039697542533081,1.0,0.0,0.9963626265525819,0.0,0.7,0.9984051036682615,0.46153846153846156,0.0,0.0,0.5,1.0,1.0,0.5,0.0,0.0,False,0.6039697542533081,1.0,0.0,0.9963626265525819,0.0,0.7,0.9984051036682615,0.46153846153846156,0.0,0.0,0.5,1.0,1.0,0.5,0.0,0.0,True,0.6039697542533081,0.9937791601866252,0.0008103727714748784,0.9953511953353882,57.848595806535975,0.7,0.9984051036682615,0.46153846153846156,0.0,0.0,0.5,1.0,1.0,0.5,0.0,0.0,True,0.6039697542533081,0.9953271028037384,0.0006077795786061589,0.9954127669334412,43.386446854902,0.7,0.9984051036682615,0.46153846153846156,0.0,0.0,0.5,1.0,1.0,0.5,0.0,0.0,True,0.6068052930056711,0.9237410071942446,0.01073743922204214,0.9932680726051331,766.4938944366017,0.7,0.9984051036682615,0.46153846153846156,0.008426966292134831,0.0,0.6666666666666666,1.0,1.0,0.5,1.0,0.0,XGBoost,fleet,40000,20000,8.07,B_fleet_size,CIDv2_Prototype,FS-B,0,3,CIDv2_OpelAstra|CTT_Forester|CTT_Traverse
5994,1058,0.17650984317650983,0.8912785928313414,0.7629545798064914,4940,0.05043064462733162,False,0.0,0.0,0.0,1000000.0000000001,0.0,0.0,0.0,0.0,0.0,0.0,0.0,0.0,0.0,0.0,0.0,0.0,False,0.0,0.0,0.0,1000000.0000000001,0.0,0.0,0.0,0.0,0.0,0.0,0.0,0.0,0.0,0.0,0.0,0.0,True,0.5916824196597353,0.9936507936507937,0.0008103727714748784,1000000.0,57.848595806535975,0.0,0.9968102073365231,0.0,0.0,0.019230769230769232,0.3333333333333333,0.0,1.0,0.0,0.0,1.0,True,0.5916824196597353,0.9936507936507937,0.0008103727714748784,1000000.0,57.848595806535975,0.0,0.9968102073365231,0.0,0.0,0.019230769230769232,0.3333333333333333,0.0,1.0,0.0,0.0,1.0,True,0.6049149338374291,0.9580838323353293,0.005672609400324149,984375.0,404.94017064575183,0.0,0.9968102073365231,0.0,0.0,0.28846153846153844,0.3333333333333333,0.0,1.0,0.0,0.0,1.0,Rule:Combined,fleet,40000,20000,0.05,B_fleet_size,CIDv2_Prototype,FS-B,0,3,CIDv2_OpelAstra|CTT_Forester|CTT_Traverse
5994,1058,0.17650984317650983,0.721549539205804,0.69144466713579,4940,0.05043064462733162,False,0.6039697542533081,1.0,0.0,0.9741459511240311,0.0,0.7,0.9984051036682615,0.46153846153846156,0.0,0.0,0.5,1.0,1.0,0.5,0.0,0.0,False,0.6039697542533081,1.0,0.0,0.9741459511240311,0.0,0.7,0.9984051036682615,0.46153846153846156,0.0,0.0,0.5,1.0,1.0,0.5,0.0,0.0,True,0.6039697542533081,0.9968798751950078,0.0004051863857374392,0.974145951124031,28.924297903267988,0.7,0.9984051036682615,0.46153846153846156,0.0,0.0,0.5,1.0,1.0,0.5,0.0,0.0,True,0.6039697542533081,0.9968798751950078,0.0004051863857374392,0.974145951124031,28.924297903267988,0.7,0.9984051036682615,0.46153846153846156,0.0,0.0,0.5,1.0,1.0,0.5,0.0,0.0,True,0.6039697542533081,0.9968798751950078,0.0004051863857374392,0.974145951124031,28.924297903267988,0.7,0.9984051036682615,0.46153846153846156,0.0,0.0,0.5,1.0,1.0,0.5,0.0,0.0,HistGB,fleet,40000,20000,9.01,B_fleet_size,CIDv2_Prototype,FS-B,1,3,CIDv2_OpelAstra|CTT_Forester|CTT_Traverse
5994,1058,0.17650984317650983,0.7442831571142763,0.7022099066268932,4940,0.05043064462733162,False,0.6049149338374291,1.0,0.0,0.9966269731521608,0.0,0.8,0.9984051036682615,0.46153846153846156,0.0,0.0,0.5,1.0,1.0,0.5,0.0,0.0,False,0.6049149338374291,1.0,0.0,0.9966269731521608,0.0,0.8,0.9984051036682615,0.46153846153846156,0.0,0.0,0.5,1.0,1.0,0.5,0.0,0.0,True,0.6058601134215501,0.9953416149068323,0.0006077795786061589,0.9962453246116638,43.386446854902,0.8,0.9984051036682615,0.5384615384615384,0.0,0.0,0.5,1.0,1.0,0.5,0.0,0.0,True,0.6058601134215501,0.9953416149068323,0.0006077795786061589,0.9962453246116638,43.386446854902,0.8,0.9984051036682615,0.5384615384615384,0.0,0.0,0.5,1.0,1.0,0.5,0.0,0.0,True,0.6068052930056711,0.9625187406296851,0.00506482982171799,0.9960421323776245,361.55372379084986,0.8,0.9984051036682615,0.5384615384615384,0.0,0.019230769230769232,0.6666666666666666,1.0,1.0,0.5,0.0,1.0,XGBoost,fleet,40000,20000,3.83,B_fleet_size,CIDv2_Prototype,FS-B,1,3,CIDv2_OpelAstra|CTT_Forester|CTT_Traverse
5994,1058,0.17650984317650983,0.8912785928313414,0.7629545798064914,4940,0.05043064462733162,False,0.0,0.0,0.0,1000000.0000000001,0.0,0.0,0.0,0.0,0.0,0.0,0.0,0.0,0.0,0.0,0.0,0.0,False,0.0,0.0,0.0,1000000.0000000001,0.0,0.0,0.0,0.0,0.0,0.0,0.0,0.0,0.0,0.0,0.0,0.0,True,0.5916824196597353,0.9936507936507937,0.0008103727714748784,1000000.0,57.848595806535975,0.0,0.9968102073365231,0.0,0.0,0.019230769230769232,0.3333333333333333,0.0,1.0,0.0,0.0,1.0,True,0.5916824196597353,0.9936507936507937,0.0008103727714748784,1000000.0,57.848595806535975,0.0,0.9968102073365231,0.0,0.0,0.019230769230769232,0.3333333333333333,0.0,1.0,0.0,0.0,1.0,True,0.6049149338374291,0.9580838323353293,0.005672609400324149,984375.0,404.94017064575183,0.0,0.9968102073365231,0.0,0.0,0.28846153846153844,0.3333333333333333,0.0,1.0,0.0,0.0,1.0,Rule:Combined,fleet,40000,20000,0.04,B_fleet_size,CIDv2_Prototype,FS-B,1,3,CIDv2_OpelAstra|CTT_Forester|CTT_Traverse
5994,1058,0.17650984317650983,0.9575872682624933,0.9519393615846562,4940,0.05043064462733162,False,0.9017013232514177,1.0,0.0,0.9967883497361071,0.0,1.0,0.9984051036682615,0.7692307692307693,0.8651685393258427,0.0,0.6666666666666666,1.0,1.0,0.5,1.0,0.0,False,0.9017013232514177,1.0,0.0,0.9967883497361071,0.0,1.0,0.9984051036682615,0.7692307692307693,0.8651685393258427,0.0,0.6666666666666666,1.0,1.0,0.5,1.0,0.0,True,0.9035916824196597,0.9968717413972888,0.0006077795786061589,0.9960855459474383,43.386446854902,1.0,0.9984051036682615,0.7692307692307693,0.8707865168539326,0.0,0.6666666666666666,1.0,1.0,0.5,1.0,0.0,True,0.9035916824196597,1.0,0.0,0.9962691370777468,0.0,1.0,0.9984051036682615,0.7692307692307693,0.8707865168539326,0.0,0.6666666666666666,1.0,1.0,0.5,1.0,0.0,True,0.9177693761814745,0.9408914728682171,0.012358184764991896,0.9915286318966788,882.1910860496737,1.0,1.0,0.7692307692307693,0.9101123595505618,0.0,0.6666666666666666,1.0,1.0,0.5,1.0,0.0,HistGB,fleet,40000,20000,16.52,B_fleet_size,CIDv2_Prototype,FS-B,0,3,CIDv2_OpelAstra|CTT_Traverse|ROAD_ORNL
5994,1058,0.17650984317650983,0.9550396301391268,0.9536218022366592,4940,0.05043064462733162,False,0.9130434782608695,1.0,0.0,0.9943659305572511,0.0,1.0,0.9968102073365231,0.7692307692307693,0.901685393258427,0.0,0.6666666666666666,1.0,1.0,0.5,1.0,0.0,False,0.9130434782608695,1.0,0.0,0.9943659305572511,0.0,1.0,0.9968102073365231,0.7692307692307693,0.901685393258427,0.0,0.6666666666666666,1.0,1.0,0.5,1.0,0.0,True,0.9300567107750473,0.9909365558912386,0.0018233387358184765,0.9910176992416382,130.15934056470596,1.0,0.9968102073365231,0.7692307692307693,0.952247191011236,0.0,0.6666666666666666,1.0,1.0,0.5,1.0,0.0,True,0.9300567107750473,0.9959514170040485,0.0008103727714748784,0.99246746301651,57.848595806535975,1.0,0.9968102073365231,0.7692307692307693,0.952247191011236,0.0,0.6666666666666666,1.0,1.0,0.5,1.0,0.0,True,0.9357277882797732,0.9348441926345609,0.013978930307941654,0.9832104444503784,997.8882776627456,1.0,0.9984051036682615,0.7692307692307693,0.9662921348314607,0.0,0.6666666666666666,1.0,1.0,0.5,1.0,0.0,XGBoost,fleet,40000,20000,7.51,B_fleet_size,CIDv2_Prototype,FS-B,0,3,CIDv2_OpelAstra|CTT_Traverse|ROAD_ORNL
5994,1058,0.17650984317650983,0.8583918581280849,0.7512901703763555,4940,0.05043064462733162,False,0.6143667296786389,1.0,0.0,8919.510181262938,0.0,1.0,1.0,1.0,0.0,0.0,0.6666666666666666,1.0,1.0,1.0,0.0,0.0,False,0.6143667296786389,1.0,0.0,8919.510181262938,0.0,1.0,1.0,1.0,0.0,0.0,0.6666666666666666,1.0,1.0,1.0,0.0,0.0,True,0.6143667296786389,1.0,0.0,2364.5802789932764,0.0,1.0,1.0,1.0,0.0,0.0,0.6666666666666666,1.0,1.0,1.0,0.0,0.0,True,0.6143667296786389,1.0,0.0,2364.5802789932764,0.0,1.0,1.0,1.0,0.0,0.0,0.6666666666666666,1.0,1.0,1.0,0.0,0.0,True,0.6200378071833649,0.8888888888888888,0.01661264181523501,974.8952453274974,1185.8962140339877,1.0,1.0,1.0,0.0,0.11538461538461539,0.8333333333333334,1.0,1.0,1.0,0.0,1.0,Rule:Combined,fleet,40000,20000,0.04,B_fleet_size,CIDv2_Prototype,FS-B,0,3,CIDv2_OpelAstra|CTT_Traverse|ROAD_ORNL
5994,1058,0.17650984317650983,0.9722883916015357,0.966117091015592,4940,0.05043064462733162,False,0.8979206049149339,1.0,0.0,0.9945381543047055,0.0,1.0,0.9984051036682615,1.0,0.8455056179775281,0.0,0.8333333333333334,1.0,1.0,1.0,1.0,0.0,False,0.8979206049149339,1.0,0.0,0.9945381543047055,0.0,1.0,0.9984051036682615,1.0,0.8455056179775281,0.0,0.8333333333333334,1.0,1.0,1.0,1.0,0.0,True,0.9196597353497165,0.9878172588832488,0.0024311183144246355,0.9893161019005692,173.545787419608,1.0,0.9984051036682615,1.0,0.9101123595505618,0.0,0.8333333333333334,1.0,1.0,1.0,1.0,0.0,True,0.9196597353497165,0.9878172588832488,0.0024311183144246355,0.9893161019005692,173.545787419608,1.0,0.9984051036682615,1.0,0.9101123595505618,0.0,0.8333333333333334,1.0,1.0,1.0,1.0,0.0,True,0.9385633270321361,0.9421252371916509,0.012358184764991896,0.9784437996614922,882.1910860496737,1.0,1.0,1.0,0.9578651685393258,0.038461538461538464,1.0,1.0,1.0,1.0,1.0,1.0,HistGB,fleet,40000,20000,13.52,B_fleet_size,CIDv2_Prototype,FS-B,1,3,CIDv2_OpelAstra|CTT_Traverse|ROAD_ORNL
5994,1058,0.17650984317650983,0.9603599035518532,0.9573466711809124,4940,0.05043064462733162,False,0.8979206049149339,1.0,0.0,0.9958926439285279,0.0,1.0,0.9968102073365231,0.7692307692307693,0.8567415730337079,0.0,0.6666666666666666,1.0,1.0,0.5,1.0,0.0,False,0.8979206049149339,1.0,0.0,0.9958926439285279,0.0,1.0,0.9968102073365231,0.7692307692307693,0.8567415730337079,0.0,0.6666666666666666,1.0,1.0,0.5,1.0,0.0,True,0.9243856332703214,0.9959266802443992,0.0008103727714748784,0.9938390851020813,57.848595806535975,1.0,0.9968102073365231,0.7692307692307693,0.9353932584269663,0.0,0.6666666666666666,1.0,1.0,0.5,1.0,0.0,True,0.9215500945179584,0.9959141981613892,0.0008103727714748784,0.9939361214637756,57.848595806535975,1.0,0.9968102073365231,0.7692307692307693,0.9269662921348315,0.0,0.6666666666666666,1.0,1.0,0.5,1.0,0.0,True,0.9347826086956522,0.9629990262901655,0.007698541329011345,0.9904242157936096,549.5616601620918,1.0,0.9968102073365231,0.7692307692307693,0.9662921348314607,0.0,0.6666666666666666,1.0,1.0,0.5,1.0,0.0,XGBoost,fleet,40000,20000,5.87,B_fleet_size,CIDv2_Prototype,FS-B,1,3,CIDv2_OpelAstra|CTT_Traverse|ROAD_ORNL
5994,1058,0.17650984317650983,0.8583863050065412,0.751287018219605,4940,0.05043064462733162,False,0.6143667296786389,1.0,0.0,8918.17281256387,0.0,1.0,1.0,1.0,0.0,0.0,0.6666666666666666,1.0,1.0,1.0,0.0,0.0,False,0.6143667296786389,1.0,0.0,8918.17281256387,0.0,1.0,1.0,1.0,0.0,0.0,0.6666666666666666,1.0,1.0,1.0,0.0,0.0,True,0.6143667296786389,1.0,0.0,2364.2312870429296,0.0,1.0,1.0,1.0,0.0,0.0,0.6666666666666666,1.0,1.0,1.0,0.0,0.0,True,0.6143667296786389,1.0,0.0,2364.2312870429296,0.0,1.0,1.0,1.0,0.0,0.0,0.6666666666666666,1.0,1.0,1.0,0.0,0.0,True,0.6200378071833649,0.8888888888888888,0.01661264181523501,974.7556778051895,1185.8962140339877,1.0,1.0,1.0,0.0,0.11538461538461539,0.8333333333333334,1.0,1.0,1.0,0.0,1.0,Rule:Combined,fleet,40000,20000,0.04,B_fleet_size,CIDv2_Prototype,FS-B,1,3,CIDv2_OpelAstra|CTT_Traverse|ROAD_ORNL
5994,1058,0.17650984317650983,0.9526665323704859,0.9411574584553621,4940,0.05043064462733162,False,0.6162570888468809,1.0,0.0,0.7032309432994815,0.0,0.7,0.9984051036682615,0.5384615384615384,0.033707865168539325,0.0,0.6666666666666666,1.0,1.0,0.5,1.0,0.0,False,0.6162570888468809,1.0,0.0,0.7032309432994815,0.0,0.7,0.9984051036682615,0.5384615384615384,0.033707865168539325,0.0,0.6666666666666666,1.0,1.0,0.5,1.0,0.0,True,0.6162570888468809,0.998468606431853,0.0002025931928687196,0.7032309432994814,14.462148951633994,0.7,0.9984051036682615,0.5384615384615384,0.033707865168539325,0.0,0.6666666666666666,1.0,1.0,0.5,1.0,0.0,True,0.6162570888468809,0.998468606431853,0.0002025931928687196,0.7032309432994814,14.462148951633994,0.7,0.9984051036682615,0.5384615384615384,0.033707865168539325,0.0,0.6666666666666666,1.0,1.0,0.5,1.0,0.0,True,0.8232514177693762,0.9529540481400438,0.008711507293354943,0.6474048494520622,621.8724049202618,0.7,0.9984051036682615,0.5384615384615384,0.648876404494382,0.0,0.6666666666666666,1.0,1.0,0.5,1.0,0.0,HistGB,fleet,40000,20000,7.85,B_fleet_size,CIDv2_Prototype,FS-B,0,3,CTT_Forester|CTT_Impala|CTT_Traverse
5994,1058,0.17650984317650983,0.8977760322678489,0.8592970612452447,4940,0.05043064462733162,False,0.6540642722117203,1.0,0.0,0.854704260826111,0.0,1.0,1.0,0.7692307692307693,0.12640449438202248,0.0,0.6666666666666666,1.0,1.0,0.5,1.0,0.0,False,0.6540642722117203,1.0,0.0,0.854704260826111,0.0,1.0,1.0,0.7692307692307693,0.12640449438202248,0.0,0.6666666666666666,1.0,1.0,0.5,1.0,0.0,True,0.7268431001890359,0.9948253557567918,0.0008103727714748784,0.8205310106277466,57.848595806535975,1.0,1.0,0.7692307692307693,0.34269662921348315,0.0,0.6666666666666666,1.0,1.0,0.5,1.0,0.0,True,0.720226843100189,0.9986893840104849,0.0002025931928687196,0.8296509981155396,14.462148951633994,1.0,1.0,0.7692307692307693,0.32303370786516855,0.0,0.6666666666666666,1.0,1.0,0.5,1.0,0.0,True,0.780718336483932,0.9429223744292238,0.01012965964343598,0.7948963642120361,723.1074475816997,1.0,1.0,0.7692307692307693,0.5028089887640449,0.0,0.6666666666666666,1.0,1.0,0.5,1.0,0.0,XGBoost,fleet,40000,20000,4.49,B_fleet_size,CIDv2_Prototype,FS-B,0,3,CTT_Forester|CTT_Impala|CTT_Traverse
5994,1058,0.17650984317650983,0.9041014206799778,0.7699821054468886,4940,0.05043064462733162,False,0.0,0.0,0.0,1000000.0000000001,0.0,0.0,0.0,0.0,0.0,0.0,0.0,0.0,0.0,0.0,0.0,0.0,False,0.0,0.0,0.0,1000000.0000000001,0.0,0.0,0.0,0.0,0.0,0.0,0.0,0.0,0.0,0.0,0.0,0.0,True,0.5916824196597353,0.9936507936507937,0.0008103727714748784,1000000.0,57.848595806535975,0.0,0.9968102073365231,0.0,0.0,0.019230769230769232,0.3333333333333333,0.0,1.0,0.0,0.0,1.0,True,0.5916824196597353,0.9936507936507937,0.0008103727714748784,1000000.0,57.848595806535975,0.0,0.9968102073365231,0.0,0.0,0.019230769230769232,0.3333333333333333,0.0,1.0,0.0,0.0,1.0,True,0.6049149338374291,0.9580838323353293,0.005672609400324149,984375.0,404.94017064575183,0.0,0.9968102073365231,0.0,0.0,0.28846153846153844,0.3333333333333333,0.0,1.0,0.0,0.0,1.0,Rule:Combined,fleet,40000,20000,0.04,B_fleet_size,CIDv2_Prototype,FS-B,0,3,CTT_Forester|CTT_Impala|CTT_Traverse
5994,1058,0.17650984317650983,0.9548447921677241,0.952154269951585,4940,0.05043064462733162,False,0.7674858223062382,1.0,0.0,0.9879640272430368,0.0,1.0,1.0,0.6923076923076923,0.46629213483146065,0.0,0.6666666666666666,1.0,1.0,0.5,1.0,0.0,False,0.7674858223062382,1.0,0.0,0.9879640272430368,0.0,1.0,1.0,0.6923076923076923,0.46629213483146065,0.0,0.6666666666666666,1.0,1.0,0.5,1.0,0.0,True,0.8799621928166351,0.9946581196581197,0.001012965964343598,0.9848343857374481,72.31074475816997,1.0,1.0,0.7692307692307693,0.797752808988764,0.0,0.6666666666666666,1.0,1.0,0.5,1.0,0.0,True,0.7684310018903592,1.0,0.0,0.9879640272430367,0.0,1.0,1.0,0.6923076923076923,0.4691011235955056,0.0,0.6666666666666666,1.0,1.0,0.5,1.0,0.0,True,0.9366729678638941,0.9850894632206759,0.0030388978930307943,0.9810049094484584,216.93223427450997,1.0,1.0,0.7692307692307693,0.9662921348314607,0.0,0.6666666666666666,1.0,1.0,0.5,1.0,0.0,HistGB,fleet,40000,20000,8.16,B_fleet_size,CIDv2_Prototype,FS-B,1,3,CTT_Forester|CTT_Impala|CTT_Traverse
5994,1058,0.17650984317650983,0.9398982783025371,0.9285203329398629,4940,0.05043064462733162,False,0.8487712665406427,0.9988876529477196,0.0002025931928687196,0.9056597352027894,14.462148951633994,0.9,0.9984051036682615,0.7692307692307693,0.7106741573033708,0.0,0.6666666666666666,1.0,1.0,0.5,1.0,0.0,False,0.8487712665406427,0.9988876529477196,0.0002025931928687196,0.9056597352027894,14.462148951633994,0.9,0.9984051036682615,0.7692307692307693,0.7106741573033708,0.0,0.6666666666666666,1.0,1.0,0.5,1.0,0.0,True,0.8913043478260869,0.9936775553213909,0.0012155591572123178,0.8796570301055908,86.772893709804,0.9,1.0,0.7692307692307693,0.8342696629213483,0.0,0.6666666666666666,1.0,1.0,0.5,1.0,0.0,True,0.8752362948960303,0.9967707212055974,0.0006077795786061589,0.8884775638580322,43.386446854902,0.9,1.0,0.7692307692307693,0.7865168539325843,0.0,0.6666666666666666,1.0,1.0,0.5,1.0,0.0,True,0.8922495274102079,0.989517819706499,0.002025931928687196,0.8768710494041443,144.62148951633995,0.9,1.0,0.7692307692307693,0.8370786516853933,0.0,0.6666666666666666,1.0,1.0,0.5,1.0,0.0,XGBoost,fleet,40000,20000,3.94,B_fleet_size,CIDv2_Prototype,FS-B,1,3,CTT_Forester|CTT_Impala|CTT_Traverse
5994,1058,0.17650984317650983,0.9041014206799778,0.7699821054468886,4940,0.05043064462733162,False,0.0,0.0,0.0,1000000.0000000001,0.0,0.0,0.0,0.0,0.0,0.0,0.0,0.0,0.0,0.0,0.0,0.0,False,0.0,0.0,0.0,1000000.0000000001,0.0,0.0,0.0,0.0,0.0,0.0,0.0,0.0,0.0,0.0,0.0,0.0,True,0.5916824196597353,0.9936507936507937,0.0008103727714748784,1000000.0,57.848595806535975,0.0,0.9968102073365231,0.0,0.0,0.019230769230769232,0.3333333333333333,0.0,1.0,0.0,0.0,1.0,True,0.5916824196597353,0.9936507936507937,0.0008103727714748784,1000000.0,57.848595806535975,0.0,0.9968102073365231,0.0,0.0,0.019230769230769232,0.3333333333333333,0.0,1.0,0.0,0.0,1.0,True,0.6049149338374291,0.9580838323353293,0.005672609400324149,984375.0,404.94017064575183,0.0,0.9968102073365231,0.0,0.0,0.28846153846153844,0.3333333333333333,0.0,1.0,0.0,0.0,1.0,Rule:Combined,fleet,40000,20000,0.04,B_fleet_size,CIDv2_Prototype,FS-B,1,3,CTT_Forester|CTT_Impala|CTT_Traverse
5994,1058,0.17650984317650983,0.795087612939003,0.7044315644251543,4940,0.05043064462733162,False,0.5916824196597353,0.9984051036682615,0.0002025931928687196,0.9982207588302575,14.462148951633994,0.0,0.9968102073365231,0.0,0.0028089887640449437,0.0,0.3333333333333333,0.0,1.0,0.0,1.0,0.0,False,0.5916824196597353,0.9984051036682615,0.0002025931928687196,0.9982207588302575,14.462148951633994,0.0,0.9968102073365231,0.0,0.0028089887640449437,0.0,0.3333333333333333,0.0,1.0,0.0,1.0,0.0,True,0.5916824196597353,0.9952305246422893,0.0006077795786061589,0.9982207588302574,43.386446854902,0.0,0.9968102073365231,0.0,0.0028089887640449437,0.0,0.3333333333333333,0.0,1.0,0.0,1.0,0.0,True,0.5916824196597353,0.9952305246422893,0.0006077795786061589,0.9982207588302574,43.386446854902,0.0,0.9968102073365231,0.0,0.0028089887640449437,0.0,0.3333333333333333,0.0,1.0,0.0,1.0,0.0,True,0.5916824196597353,0.9952305246422893,0.0006077795786061589,0.9982207588302574,43.386446854902,0.0,0.9968102073365231,0.0,0.0028089887640449437,0.0,0.3333333333333333,0.0,1.0,0.0,1.0,0.0,HistGB,fleet,40000,20000,10.27,B_fleet_size,CIDv2_Prototype,FS-B,0,3,CTT_Forester|CTT_Silverado|CTT_Traverse
5994,1058,0.17650984317650983,0.945112946662459,0.928422228650991,4940,0.05043064462733162,False,0.7684310018903592,1.0,0.0,0.9990523457527162,0.0,0.0,0.9968102073365231,0.0,0.5280898876404494,0.0,0.3333333333333333,0.0,1.0,0.0,1.0,0.0,False,0.7684310018903592,1.0,0.0,0.9990523457527162,0.0,0.0,0.9968102073365231,0.0,0.5280898876404494,0.0,0.3333333333333333,0.0,1.0,0.0,1.0,0.0,True,0.7986767485822306,0.9964622641509434,0.0006077795786061589,0.998946487903595,43.386446854902,0.0,0.9968102073365231,0.0,0.6179775280898876,0.0,0.3333333333333333,0.0,1.0,0.0,1.0,0.0,True,0.7901701323251418,0.9964243146603099,0.0006077795786061589,0.9989618062973022,43.386446854902,0.0,0.9968102073365231,0.0,0.5926966292134831,0.0,0.3333333333333333,0.0,1.0,0.0,1.0,0.0,True,0.8648393194706995,0.9491701244813278,0.00992706645056726,0.9985204339027405,708.6452986300658,0.1,0.9968102073365231,0.0,0.8117977528089888,0.0,0.5,1.0,1.0,0.0,1.0,0.0,XGBoost,fleet,40000,20000,5.15,B_fleet_size,CIDv2_Prototype,FS-B,0,3,CTT_Forester|CTT_Silverado|CTT_Traverse
5994,1058,0.17650984317650983,0.9041014206799778,0.7699821054468886,4940,0.05043064462733162,False,0.0,0.0,0.0,1000000.0000000001,0.0,0.0,0.0,0.0,0.0,0.0,0.0,0.0,0.0,0.0,0.0,0.0,False,0.0,0.0,0.0,1000000.0000000001,0.0,0.0,0.0,0.0,0.0,0.0,0.0,0.0,0.0,0.0,0.0,0.0,True,0.5916824196597353,0.9936507936507937,0.0008103727714748784,1000000.0,57.848595806535975,0.0,0.9968102073365231,0.0,0.0,0.019230769230769232,0.3333333333333333,0.0,1.0,0.0,0.0,1.0,True,0.5916824196597353,0.9936507936507937,0.0008103727714748784,1000000.0,57.848595806535975,0.0,0.9968102073365231,0.0,0.0,0.019230769230769232,0.3333333333333333,0.0,1.0,0.0,0.0,1.0,True,0.6049149338374291,0.9580838323353293,0.005672609400324149,984375.0,404.94017064575183,0.0,0.9968102073365231,0.0,0.0,0.28846153846153844,0.3333333333333333,0.0,1.0,0.0,0.0,1.0,Rule:Combined,fleet,40000,20000,0.05,B_fleet_size,CIDv2_Prototype,FS-B,0,3,CTT_Forester|CTT_Silverado|CTT_Traverse
5994,1058,0.17650984317650983,0.9230090335883427,0.84935489555948,4940,0.05043064462733162,False,0.5926275992438563,1.0,0.0,0.9701107913841034,0.0,0.1,0.9984051036682615,0.0,0.0,0.0,0.3333333333333333,1.0,1.0,0.0,0.0,0.0,False,0.5926275992438563,1.0,0.0,0.9701107913841034,0.0,0.1,0.9984051036682615,0.0,0.0,0.0,0.3333333333333333,1.0,1.0,0.0,0.0,0.0,True,0.5926275992438563,0.990521327014218,0.0012155591572123178,0.9678602688865833,86.772893709804,0.1,0.9984051036682615,0.0,0.0,0.0,0.3333333333333333,1.0,1.0,0.0,0.0,0.0,True,0.5926275992438563,0.990521327014218,0.0012155591572123178,0.9678602688865833,86.772893709804,0.1,0.9984051036682615,0.0,0.0,0.0,0.3333333333333333,1.0,1.0,0.0,0.0,0.0,True,0.5926275992438563,0.9514415781487102,0.006482982171799027,0.9655258713958368,462.7887664522878,0.1,0.9984051036682615,0.0,0.0,0.0,0.3333333333333333,1.0,1.0,0.0,0.0,0.0,HistGB,fleet,40000,20000,10.77,B_fleet_size,CIDv2_Prototype,FS-B,1,3,CTT_Forester|CTT_Silverado|CTT_Traverse
5994,1058,0.17650984317650983,0.8979046157546271,0.8343470823621628,4940,0.05043064462733162,False,0.6134215500945179,1.0,0.0,0.9907296299934388,0.0,0.7,0.9984051036682615,0.46153846153846156,0.028089887640449437,0.0,0.6666666666666666,1.0,1.0,0.5,1.0,0.0,False,0.6134215500945179,1.0,0.0,0.9907296299934388,0.0,0.7,0.9984051036682615,0.46153846153846156,0.028089887640449437,0.0,0.6666666666666666,1.0,1.0,0.5,1.0,0.0,True,0.6153119092627599,0.9954128440366973,0.0006077795786061589,0.990136981010437,43.386446854902,0.7,0.9984051036682615,0.46153846153846156,0.033707865168539325,0.0,0.6666666666666666,1.0,1.0,0.5,1.0,0.0,True,0.6153119092627599,0.9954128440366973,0.0006077795786061589,0.9901416897773743,43.386446854902,0.7,0.9984051036682615,0.46153846153846156,0.033707865168539325,0.0,0.6666666666666666,1.0,1.0,0.5,1.0,0.0,True,0.6417769376181475,0.9470013947001394,0.007698541329011345,0.9875767230987549,549.5616601620918,0.8,0.9984051036682615,0.46153846153846156,0.10955056179775281,0.0,0.6666666666666666,1.0,1.0,0.5,1.0,0.0,XGBoost,fleet,40000,20000,5.19,B_fleet_size,CIDv2_Prototype,FS-B,1,3,CTT_Forester|CTT_Silverado|CTT_Traverse
5994,1058,0.17650984317650983,0.9041014206799778,0.7699821054468886,4940,0.05043064462733162,False,0.0,0.0,0.0,1000000.0000000001,0.0,0.0,0.0,0.0,0.0,0.0,0.0,0.0,0.0,0.0,0.0,0.0,False,0.0,0.0,0.0,1000000.0000000001,0.0,0.0,0.0,0.0,0.0,0.0,0.0,0.0,0.0,0.0,0.0,0.0,True,0.5916824196597353,0.9936507936507937,0.0008103727714748784,1000000.0,57.848595806535975,0.0,0.9968102073365231,0.0,0.0,0.019230769230769232,0.3333333333333333,0.0,1.0,0.0,0.0,1.0,True,0.5916824196597353,0.9936507936507937,0.0008103727714748784,1000000.0,57.848595806535975,0.0,0.9968102073365231,0.0,0.0,0.019230769230769232,0.3333333333333333,0.0,1.0,0.0,0.0,1.0,True,0.6049149338374291,0.9580838323353293,0.005672609400324149,984375.0,404.94017064575183,0.0,0.9968102073365231,0.0,0.0,0.28846153846153844,0.3333333333333333,0.0,1.0,0.0,0.0,1.0,Rule:Combined,fleet,40000,20000,0.05,B_fleet_size,CIDv2_Prototype,FS-B,1,3,CTT_Forester|CTT_Silverado|CTT_Traverse
5994,1058,0.17650984317650983,0.9468865945348093,0.8639275156249513,4940,0.05043064462733162,False,0.6824196597353497,0.9972375690607734,0.0004051863857374392,0.9536655064193428,28.924297903267988,0.8,0.9984051036682615,0.6153846153846154,0.2247191011235955,0.0,0.6666666666666666,1.0,1.0,0.5,1.0,0.0,False,0.6824196597353497,0.9972375690607734,0.0004051863857374392,0.9536655064193428,28.924297903267988,0.8,0.9984051036682615,0.6153846153846154,0.2247191011235955,0.0,0.6666666666666666,1.0,1.0,0.5,1.0,0.0,True,0.6824196597353497,0.989041095890411,0.0016207455429497568,0.9536655064193427,115.69719161307195,0.8,0.9984051036682615,0.6153846153846154,0.2247191011235955,0.0,0.6666666666666666,1.0,1.0,0.5,1.0,0.0,True,0.6824196597353497,0.989041095890411,0.0016207455429497568,0.9536655064193427,115.69719161307195,0.8,0.9984051036682615,0.6153846153846154,0.2247191011235955,0.0,0.6666666666666666,1.0,1.0,0.5,1.0,0.0,True,0.6862003780718336,0.9731903485254692,0.004051863857374392,0.9460503697383803,289.2429790326799,0.8,0.9984051036682615,0.6153846153846154,0.23595505617977527,0.0,0.6666666666666666,1.0,1.0,0.5,1.0,0.0,HistGB,fleet,40000,20000,11.45,B_fleet_size,CIDv2_Prototype,FS-B,0,4,CIDv2_OpelAstra|CIDv2_RenaultClio|CTT_Impala|CTT_Silverado
5994,1058,0.17650984317650983,0.9474396088457779,0.8482540410805204,4940,0.05043064462733162,False,0.6086956521739131,0.9877300613496932,0.0016207455429497568,0.9864469766616822,115.69719161307195,0.8,0.9984051036682615,0.7692307692307693,0.0,0.0,0.5,1.0,1.0,0.5,0.0,0.0,False,0.6086956521739131,0.9877300613496932,0.0016207455429497568,0.9864469766616822,115.69719161307195,0.8,0.9984051036682615,0.7692307692307693,0.0,0.0,0.5,1.0,1.0,0.5,0.0,0.0,True,0.6086956521739131,0.9847094801223242,0.002025931928687196,0.9861654043197632,144.62148951633995,0.8,0.9984051036682615,0.7692307692307693,0.0,0.0,0.5,1.0,1.0,0.5,0.0,0.0,True,0.6086956521739131,0.9847094801223242,0.002025931928687196,0.9864469766616821,144.62148951633995,0.8,0.9984051036682615,0.7692307692307693,0.0,0.0,0.5,1.0,1.0,0.5,0.0,0.0,True,0.6398865784499055,0.9173441734417345,0.012358184764991896,0.95987468957901,882.1910860496737,1.0,1.0,0.8461538461538461,0.07584269662921349,0.038461538461538464,1.0,1.0,1.0,1.0,1.0,1.0,XGBoost,fleet,40000,20000,5.41,B_fleet_size,CIDv2_Prototype,FS-B,0,4,CIDv2_OpelAstra|CIDv2_RenaultClio|CTT_Impala|CTT_Silverado
5994,1058,0.17650984317650983,0.9041014206799778,0.7699821054468886,4940,0.05043064462733162,False,0.0,0.0,0.0,1000000.0000000001,0.0,0.0,0.0,0.0,0.0,0.0,0.0,0.0,0.0,0.0,0.0,0.0,False,0.0,0.0,0.0,1000000.0000000001,0.0,0.0,0.0,0.0,0.0,0.0,0.0,0.0,0.0,0.0,0.0,0.0,True,0.5916824196597353,0.9936507936507937,0.0008103727714748784,1000000.0,57.848595806535975,0.0,0.9968102073365231,0.0,0.0,0.019230769230769232,0.3333333333333333,0.0,1.0,0.0,0.0,1.0,True,0.5916824196597353,0.9936507936507937,0.0008103727714748784,1000000.0,57.848595806535975,0.0,0.9968102073365231,0.0,0.0,0.019230769230769232,0.3333333333333333,0.0,1.0,0.0,0.0,1.0,True,0.6049149338374291,0.9580838323353293,0.005672609400324149,984375.0,404.94017064575183,0.0,0.9968102073365231,0.0,0.0,0.28846153846153844,0.3333333333333333,0.0,1.0,0.0,0.0,1.0,Rule:Combined,fleet,40000,20000,0.04,B_fleet_size,CIDv2_Prototype,FS-B,0,4,CIDv2_OpelAstra|CIDv2_RenaultClio|CTT_Impala|CTT_Silverado
5994,1058,0.17650984317650983,0.8080638218344144,0.7452374074979091,4940,0.05043064462733162,False,0.6068052930056711,1.0,0.0,0.9830121862506607,0.0,0.8,0.9984051036682615,0.46153846153846156,0.0056179775280898875,0.0,0.6666666666666666,1.0,1.0,0.5,1.0,0.0,False,0.6068052930056711,1.0,0.0,0.9830121862506607,0.0,0.8,0.9984051036682615,0.46153846153846156,0.0056179775280898875,0.0,0.6666666666666666,1.0,1.0,0.5,1.0,0.0,True,0.6096408317580341,0.9832317073170732,0.002228525121555916,0.9787759512929333,159.08363846797394,0.8,0.9984051036682615,0.6153846153846154,0.008426966292134831,0.0,0.6666666666666666,1.0,1.0,0.5,1.0,0.0,True,0.6096408317580341,0.9892638036809815,0.0014181523500810373,0.9797457309743931,101.23504266143796,0.8,0.9984051036682615,0.6153846153846154,0.008426966292134831,0.0,0.6666666666666666,1.0,1.0,0.5,1.0,0.0,True,0.6219281663516069,0.94,0.008508914100486223,0.9758133747599992,607.4102559686278,0.8,0.9984051036682615,0.7692307692307693,0.03932584269662921,0.0,0.6666666666666666,1.0,1.0,0.5,1.0,0.0,HistGB,fleet,40000,20000,9.46,B_fleet_size,CIDv2_Prototype,FS-B,1,4,CIDv2_OpelAstra|CIDv2_RenaultClio|CTT_Impala|CTT_Silverado
5994,1058,0.17650984317650983,0.8768294663182115,0.8096036511280196,4940,0.05043064462733162,False,0.6086956521739131,0.9953632148377125,0.0006077795786061589,0.9884731173515321,43.386446854902,0.8,0.9984051036682615,0.6923076923076923,0.0028089887640449437,0.0,0.6666666666666666,1.0,1.0,0.5,1.0,0.0,False,0.6086956521739131,0.9953632148377125,0.0006077795786061589,0.9884731173515321,43.386446854902,0.8,0.9984051036682615,0.6923076923076923,0.0028089887640449437,0.0,0.6666666666666666,1.0,1.0,0.5,1.0,0.0,True,0.6096408317580341,0.9892638036809815,0.0014181523500810373,0.9846490025520325,101.23504266143796,0.8,0.9984051036682615,0.6923076923076923,0.0056179775280898875,0.0,0.6666666666666666,1.0,1.0,0.5,1.0,0.0,True,0.6096408317580341,0.9923076923076923,0.001012965964343598,0.9850442409515381,72.31074475816997,0.8,0.9984051036682615,0.6923076923076923,0.0056179775280898875,0.0,0.6666666666666666,1.0,1.0,0.5,1.0,0.0,True,0.6304347826086957,0.9174690508940853,0.012155591572123177,0.9720473289489746,867.7289370980399,1.0,1.0,0.8461538461538461,0.05337078651685393,0.0,0.8333333333333334,1.0,1.0,1.0,1.0,0.0,XGBoost,fleet,40000,20000,5.89,B_fleet_size,CIDv2_Prototype,FS-B,1,4,CIDv2_OpelAstra|CIDv2_RenaultClio|CTT_Impala|CTT_Silverado
5994,1058,0.17650984317650983,0.9041014206799778,0.7699821054468886,4940,0.05043064462733162,False,0.0,0.0,0.0,1000000.0000000001,0.0,0.0,0.0,0.0,0.0,0.0,0.0,0.0,0.0,0.0,0.0,0.0,False,0.0,0.0,0.0,1000000.0000000001,0.0,0.0,0.0,0.0,0.0,0.0,0.0,0.0,0.0,0.0,0.0,0.0,True,0.5916824196597353,0.9936507936507937,0.0008103727714748784,1000000.0,57.848595806535975,0.0,0.9968102073365231,0.0,0.0,0.019230769230769232,0.3333333333333333,0.0,1.0,0.0,0.0,1.0,True,0.5916824196597353,0.9936507936507937,0.0008103727714748784,1000000.0,57.848595806535975,0.0,0.9968102073365231,0.0,0.0,0.019230769230769232,0.3333333333333333,0.0,1.0,0.0,0.0,1.0,True,0.6049149338374291,0.9580838323353293,0.005672609400324149,984375.0,404.94017064575183,0.0,0.9968102073365231,0.0,0.0,0.28846153846153844,0.3333333333333333,0.0,1.0,0.0,0.0,1.0,Rule:Combined,fleet,40000,20000,0.04,B_fleet_size,CIDv2_Prototype,FS-B,1,4,CIDv2_OpelAstra|CIDv2_RenaultClio|CTT_Impala|CTT_Silverado
5994,1058,0.17650984317650983,0.9682304001617682,0.9617268193831524,4940,0.05043064462733162,False,0.8156899810964083,0.9942396313364056,0.001012965964343598,0.9900586852282739,72.31074475816997,1.0,0.9968102073365231,0.7692307692307693,0.6123595505617978,0.0,0.6666666666666666,1.0,1.0,0.5,1.0,0.0,False,0.8156899810964083,0.9942396313364056,0.001012965964343598,0.9900586852282739,72.31074475816997,1.0,0.9968102073365231,0.7692307692307693,0.6123595505617978,0.0,0.6666666666666666,1.0,1.0,0.5,1.0,0.0,True,0.8393194706994329,0.9921787709497206,0.0014181523500810373,0.9891599560363677,101.23504266143796,1.0,0.9968102073365231,0.7692307692307693,0.6825842696629213,0.0,0.6666666666666666,1.0,1.0,0.5,1.0,0.0,True,0.8156899810964083,0.9942396313364056,0.001012965964343598,0.9900586852282738,72.31074475816997,1.0,0.9968102073365231,0.7692307692307693,0.6123595505617978,0.0,0.6666666666666666,1.0,1.0,0.5,1.0,0.0,True,0.9404536862003781,0.9422348484848485,0.012358184764991896,0.9608405939052328,882.1910860496737,1.0,0.9984051036682615,1.0,0.9634831460674157,0.057692307692307696,1.0,1.0,1.0,1.0,1.0,1.0,HistGB,fleet,40000,20000,20.93,B_fleet_size,CIDv2_Prototype,FS-B,0,4,CIDv2_OpelAstra|CIDv2_RenaultClio|CTT_Impala|ROAD_ORNL
5994,1058,0.17650984317650983,0.9657336018235686,0.9611373574884351,4940,0.05043064462733162,False,0.9120982986767486,1.0,0.0,0.9870622754096986,0.0,0.1,0.9968102073365231,0.23076923076923078,0.9438202247191011,0.0,0.6666666666666666,1.0,1.0,0.5,1.0,0.0,False,0.9120982986767486,1.0,0.0,0.9870622754096986,0.0,0.1,0.9968102073365231,0.23076923076923078,0.9438202247191011,0.0,0.6666666666666666,1.0,1.0,0.5,1.0,0.0,True,0.9196597353497165,0.9959058341862845,0.0008103727714748784,0.9836207628250122,57.848595806535975,0.5,0.9968102073365231,0.46153846153846156,0.9466292134831461,0.0,0.6666666666666666,1.0,1.0,0.5,1.0,0.0,True,0.9196597353497165,0.9959058341862845,0.0008103727714748784,0.9836207628250122,57.848595806535975,0.5,0.9968102073365231,0.46153846153846156,0.9466292134831461,0.0,0.6666666666666666,1.0,1.0,0.5,1.0,0.0,True,0.9385633270321361,0.9385633270321361,0.013168557536466775,0.9451417922973633,940.0396818562097,1.0,0.9984051036682615,0.7692307692307693,0.9691011235955056,0.038461538461538464,0.8333333333333334,1.0,1.0,0.5,1.0,1.0,XGBoost,fleet,40000,20000,9.57,B_fleet_size,CIDv2_Prototype,FS-B,0,4,CIDv2_OpelAstra|CIDv2_RenaultClio|CTT_Impala|ROAD_ORNL
5994,1058,0.17650984317650983,0.8580090757154719,0.7511191982466687,4940,0.05043064462733162,False,0.6143667296786389,1.0,0.0,9190.605887827533,0.0,1.0,1.0,1.0,0.0,0.0,0.6666666666666666,1.0,1.0,1.0,0.0,0.0,False,0.6143667296786389,1.0,0.0,9190.605887827533,0.0,1.0,1.0,1.0,0.0,0.0,0.6666666666666666,1.0,1.0,1.0,0.0,0.0,True,0.6143667296786389,1.0,0.0,2436.450559638241,0.0,1.0,1.0,1.0,0.0,0.0,0.6666666666666666,1.0,1.0,1.0,0.0,0.0,True,0.6143667296786389,1.0,0.0,2436.450559638241,0.0,1.0,1.0,1.0,0.0,0.0,0.6666666666666666,1.0,1.0,1.0,0.0,0.0,True,0.6200378071833649,0.8888888888888888,0.01661264181523501,1004.5283695454548,1185.8962140339877,1.0,1.0,1.0,0.0,0.11538461538461539,0.8333333333333334,1.0,1.0,1.0,0.0,1.0,Rule:Combined,fleet,40000,20000,0.04,B_fleet_size,CIDv2_Prototype,FS-B,0,4,CIDv2_OpelAstra|CIDv2_RenaultClio|CTT_Impala|ROAD_ORNL
5994,1058,0.17650984317650983,0.9639030823271332,0.9541299551505034,4940,0.05043064462733162,False,0.6436672967863895,1.0,0.0,0.997626191048445,0.0,0.4,0.9968102073365231,0.38461538461538464,0.13202247191011235,0.0,0.6666666666666666,1.0,1.0,0.5,1.0,0.0,False,0.6436672967863895,1.0,0.0,0.997626191048445,0.0,0.4,0.9968102073365231,0.38461538461538464,0.13202247191011235,0.0,0.6666666666666666,1.0,1.0,0.5,1.0,0.0,True,0.8393194706994329,0.9944008958566629,0.001012965964343598,0.9940226222698548,72.31074475816997,1.0,0.9968102073365231,0.7692307692307693,0.6825842696629213,0.0,0.6666666666666666,1.0,1.0,0.5,1.0,0.0,True,0.8119092627599244,0.9965197215777262,0.0006077795786061589,0.9948620245749421,43.386446854902,1.0,0.9968102073365231,0.7692307692307693,0.601123595505618,0.0,0.6666666666666666,1.0,1.0,0.5,1.0,0.0,True,0.8960302457466919,0.9461077844311377,0.01094003241491086,0.9884865490734278,780.9560433882359,1.0,0.9968102073365231,0.7692307692307693,0.848314606741573,0.019230769230769232,0.8333333333333334,1.0,1.0,0.5,1.0,1.0,HistGB,fleet,40000,20000,35.52,B_fleet_size,CIDv2_Prototype,FS-B,1,4,CIDv2_OpelAstra|CIDv2_RenaultClio|CTT_Impala|ROAD_ORNL
5994,1058,0.17650984317650983,0.9583045783763744,0.9572049403489757,4940,0.05043064462733162,False,0.9262759924385633,0.9979633401221996,0.0004051863857374392,0.9273654222488404,28.924297903267988,0.7,0.9968102073365231,0.6153846153846154,0.9550561797752809,0.0,0.6666666666666666,1.0,1.0,0.5,1.0,0.0,False,0.9262759924385633,0.9979633401221996,0.0004051863857374392,0.9273654222488404,28.924297903267988,0.7,0.9968102073365231,0.6153846153846154,0.9550561797752809,0.0,0.6666666666666666,1.0,1.0,0.5,1.0,0.0,True,0.9291115311909263,0.9929292929292929,0.0014181523500810373,0.9156786203384399,101.23504266143796,0.8,0.9968102073365231,0.6923076923076923,0.9578651685393258,0.0,0.6666666666666666,1.0,1.0,0.5,1.0,0.0,True,0.9262759924385633,0.9979633401221996,0.0004051863857374392,0.9273654222488404,28.924297903267988,0.7,0.9968102073365231,0.6153846153846154,0.9550561797752809,0.0,0.6666666666666666,1.0,1.0,0.5,1.0,0.0,True,0.9385633270321361,0.9359095193213949,0.013776337115072933,0.7895911335945129,983.4261287111118,1.0,0.9984051036682615,0.7692307692307693,0.9719101123595506,0.019230769230769232,0.8333333333333334,1.0,1.0,0.5,1.0,1.0,XGBoost,fleet,40000,20000,8.69,B_fleet_size,CIDv2_Prototype,FS-B,1,4,CIDv2_OpelAstra|CIDv2_RenaultClio|CTT_Impala|ROAD_ORNL
5994,1058,0.17650984317650983,0.8575911554475739,0.7509341319599763,4940,0.05043064462733162,False,0.6143667296786389,1.0,0.0,9499.97082716831,0.0,1.0,1.0,1.0,0.0,0.0,0.6666666666666666,1.0,1.0,1.0,0.0,0.0,False,0.6143667296786389,1.0,0.0,9499.97082716831,0.0,1.0,1.0,1.0,0.0,0.0,0.6666666666666666,1.0,1.0,1.0,0.0,0.0,True,0.6143667296786389,1.0,0.0,2518.4664024609033,0.0,1.0,1.0,1.0,0.0,0.0,0.6666666666666666,1.0,1.0,1.0,0.0,0.0,True,0.6143667296786389,1.0,0.0,2518.4664024609033,0.0,1.0,1.0,1.0,0.0,0.0,0.6666666666666666,1.0,1.0,1.0,0.0,0.0,True,0.6200378071833649,0.8888888888888888,0.01661264181523501,1038.3449401722496,1185.8962140339877,1.0,1.0,1.0,0.0,0.11538461538461539,0.8333333333333334,1.0,1.0,1.0,0.0,1.0,Rule:Combined,fleet,40000,20000,0.04,B_fleet_size,CIDv2_Prototype,FS-B,1,4,CIDv2_OpelAstra|CIDv2_RenaultClio|CTT_Impala|ROAD_ORNL
5994,1058,0.17650984317650983,0.8475208567585701,0.767201356422101,4940,0.05043064462733162,False,0.5992438563327032,0.9968553459119497,0.0004051863857374392,0.9967359390904154,28.924297903267988,0.5,0.9968102073365231,0.3076923076923077,0.0,0.0,0.5,1.0,1.0,0.5,0.0,0.0,False,0.5992438563327032,0.9968553459119497,0.0004051863857374392,0.9967359390904154,28.924297903267988,0.5,0.9968102073365231,0.3076923076923077,0.0,0.0,0.5,1.0,1.0,0.5,0.0,0.0,True,0.5992438563327032,0.9937304075235109,0.0008103727714748784,0.9967359390904152,57.848595806535975,0.5,0.9968102073365231,0.3076923076923077,0.0,0.0,0.5,1.0,1.0,0.5,0.0,0.0,True,0.5992438563327032,0.9968553459119497,0.0004051863857374392,0.9967359390904154,28.924297903267988,0.5,0.9968102073365231,0.3076923076923077,0.0,0.0,0.5,1.0,1.0,0.5,0.0,0.0,True,0.6077504725897921,0.9525925925925925,0.006482982171799027,0.9960458958623322,462.7887664522878,0.8,0.9968102073365231,0.38461538461538464,0.014044943820224719,0.0,0.6666666666666666,1.0,1.0,0.5,1.0,0.0,HistGB,fleet,40000,20000,11.39,B_fleet_size,CIDv2_Prototype,FS-B,0,4,CIDv2_OpelAstra|CTT_Forester|CTT_Impala|CTT_Silverado
5994,1058,0.17650984317650983,0.9366912548675983,0.9186520140674158,4940,0.05043064462733162,False,0.8298676748582231,1.0,0.0,0.9838560819625856,0.0,0.8,0.9984051036682615,0.6153846153846154,0.6629213483146067,0.0,0.6666666666666666,1.0,1.0,0.5,1.0,0.0,False,0.8298676748582231,1.0,0.0,0.9838560819625856,0.0,0.8,0.9984051036682615,0.6153846153846154,0.6629213483146067,0.0,0.6666666666666666,1.0,1.0,0.5,1.0,0.0,True,0.8468809073724007,0.9955555555555555,0.0008103727714748784,0.9829950928688049,57.848595806535975,0.8,0.9984051036682615,0.6153846153846154,0.7134831460674157,0.0,0.6666666666666666,1.0,1.0,0.5,1.0,0.0,True,0.8412098298676749,0.9977578475336323,0.0004051863857374392,0.9834240078926086,28.924297903267988,0.8,0.9984051036682615,0.6153846153846154,0.6966292134831461,0.0,0.6666666666666666,1.0,1.0,0.5,1.0,0.0,True,0.8572778827977315,0.9418483904465212,0.011345218800648298,0.9821260571479797,809.8803412915037,0.8,0.9984051036682615,0.6153846153846154,0.7443820224719101,0.0,0.6666666666666666,1.0,1.0,0.5,1.0,0.0,XGBoost,fleet,40000,20000,7.94,B_fleet_size,CIDv2_Prototype,FS-B,0,4,CIDv2_OpelAstra|CTT_Forester|CTT_Impala|CTT_Silverado
5994,1058,0.17650984317650983,0.9041014206799778,0.7699821054468886,4940,0.05043064462733162,False,0.0,0.0,0.0,1000000.0000000001,0.0,0.0,0.0,0.0,0.0,0.0,0.0,0.0,0.0,0.0,0.0,0.0,False,0.0,0.0,0.0,1000000.0000000001,0.0,0.0,0.0,0.0,0.0,0.0,0.0,0.0,0.0,0.0,0.0,0.0,True,0.5916824196597353,0.9936507936507937,0.0008103727714748784,1000000.0,57.848595806535975,0.0,0.9968102073365231,0.0,0.0,0.019230769230769232,0.3333333333333333,0.0,1.0,0.0,0.0,1.0,True,0.5916824196597353,0.9936507936507937,0.0008103727714748784,1000000.0,57.848595806535975,0.0,0.9968102073365231,0.0,0.0,0.019230769230769232,0.3333333333333333,0.0,1.0,0.0,0.0,1.0,True,0.6049149338374291,0.9580838323353293,0.005672609400324149,984375.0,404.94017064575183,0.0,0.9968102073365231,0.0,0.0,0.28846153846153844,0.3333333333333333,0.0,1.0,0.0,0.0,1.0,Rule:Combined,fleet,40000,20000,0.05,B_fleet_size,CIDv2_Prototype,FS-B,0,4,CIDv2_OpelAstra|CTT_Forester|CTT_Impala|CTT_Silverado
5994,1058,0.17650984317650983,0.9144099291345096,0.8409383244912476,4940,0.05043064462733162,False,0.6039697542533081,0.9984375,0.0002025931928687196,0.9947998575255658,14.462148951633994,0.7,0.9984051036682615,0.46153846153846156,0.0,0.0,0.5,1.0,1.0,0.5,0.0,0.0,False,0.6039697542533081,0.9984375,0.0002025931928687196,0.9947998575255658,14.462148951633994,0.7,0.9984051036682615,0.46153846153846156,0.0,0.0,0.5,1.0,1.0,0.5,0.0,0.0,True,0.6039697542533081,0.9906976744186047,0.0012155591572123178,0.9947998575255657,86.772893709804,0.7,0.9984051036682615,0.46153846153846156,0.0,0.0,0.5,1.0,1.0,0.5,0.0,0.0,True,0.6039697542533081,0.9906976744186047,0.0012155591572123178,0.9947998575255657,86.772893709804,0.7,0.9984051036682615,0.46153846153846156,0.0,0.0,0.5,1.0,1.0,0.5,0.0,0.0,True,0.6512287334593573,0.9503448275862069,0.007293354943273906,0.9883227225501907,520.6373622588238,0.7,0.9984051036682615,0.6153846153846154,0.1348314606741573,0.0,0.6666666666666666,1.0,1.0,0.5,1.0,0.0,HistGB,fleet,40000,20000,14.56,B_fleet_size,CIDv2_Prototype,FS-B,1,4,CIDv2_OpelAstra|CTT_Forester|CTT_Impala|CTT_Silverado
5994,1058,0.17650984317650983,0.9035248534741861,0.8508216910737426,4940,0.05043064462733162,False,0.6247637051039697,1.0,0.0,0.9964013099670411,0.0,0.8,0.9984051036682615,0.46153846153846156,0.05898876404494382,0.0,0.6666666666666666,1.0,1.0,0.5,1.0,0.0,False,0.6247637051039697,1.0,0.0,0.9964013099670411,0.0,0.8,0.9984051036682615,0.46153846153846156,0.05898876404494382,0.0,0.6666666666666666,1.0,1.0,0.5,1.0,0.0,True,0.6351606805293005,0.9926144756277696,0.001012965964343598,0.9952340722084045,72.31074475816997,0.8,0.9984051036682615,0.46153846153846156,0.0898876404494382,0.0,0.6666666666666666,1.0,1.0,0.5,1.0,0.0,True,0.6275992438563327,0.996996996996997,0.0004051863857374392,0.9959802627563477,28.924297903267988,0.8,0.9984051036682615,0.46153846153846156,0.06741573033707865,0.0,0.6666666666666666,1.0,1.0,0.5,1.0,0.0,True,0.6691871455576559,0.9315789473684211,0.01053484602917342,0.9909543395042419,752.0317454849677,0.8,0.9984051036682615,0.6153846153846154,0.1853932584269663,0.0,0.6666666666666666,1.0,1.0,0.5,1.0,0.0,XGBoost,fleet,40000,20000,5.57,B_fleet_size,CIDv2_Prototype,FS-B,1,4,CIDv2_OpelAstra|CTT_Forester|CTT_Impala|CTT_Silverado
5994,1058,0.17650984317650983,0.9041014206799778,0.7699821054468886,4940,0.05043064462733162,False,0.0,0.0,0.0,1000000.0000000001,0.0,0.0,0.0,0.0,0.0,0.0,0.0,0.0,0.0,0.0,0.0,0.0,False,0.0,0.0,0.0,1000000.0000000001,0.0,0.0,0.0,0.0,0.0,0.0,0.0,0.0,0.0,0.0,0.0,0.0,True,0.5916824196597353,0.9936507936507937,0.0008103727714748784,1000000.0,57.848595806535975,0.0,0.9968102073365231,0.0,0.0,0.019230769230769232,0.3333333333333333,0.0,1.0,0.0,0.0,1.0,True,0.5916824196597353,0.9936507936507937,0.0008103727714748784,1000000.0,57.848595806535975,0.0,0.9968102073365231,0.0,0.0,0.019230769230769232,0.3333333333333333,0.0,1.0,0.0,0.0,1.0,True,0.6049149338374291,0.9580838323353293,0.005672609400324149,984375.0,404.94017064575183,0.0,0.9968102073365231,0.0,0.0,0.28846153846153844,0.3333333333333333,0.0,1.0,0.0,0.0,1.0,Rule:Combined,fleet,40000,20000,0.05,B_fleet_size,CIDv2_Prototype,FS-B,1,4,CIDv2_OpelAstra|CTT_Forester|CTT_Impala|CTT_Silverado
5994,1058,0.17650984317650983,0.9519277757182293,0.9366352345503905,4940,0.05043064462733162,False,0.6039697542533081,1.0,0.0,0.9760204008711442,0.0,0.7,0.9984051036682615,0.46153846153846156,0.0,0.0,0.5,1.0,1.0,0.5,0.0,0.0,False,0.6039697542533081,1.0,0.0,0.9760204008711442,0.0,0.7,0.9984051036682615,0.46153846153846156,0.0,0.0,0.5,1.0,1.0,0.5,0.0,0.0,True,0.6039697542533081,1.0,0.0,0.9760204008711442,0.0,0.7,0.9984051036682615,0.46153846153846156,0.0,0.0,0.5,1.0,1.0,0.5,0.0,0.0,True,0.6039697542533081,1.0,0.0,0.9760204008711442,0.0,0.7,0.9984051036682615,0.46153846153846156,0.0,0.0,0.5,1.0,1.0,0.5,0.0,0.0,True,0.9338374291115312,0.9216417910447762,0.017017828200972446,0.898730180617935,1214.8205119372556,0.8,0.9984051036682615,0.6153846153846154,0.9691011235955056,0.019230769230769232,1.0,1.0,1.0,1.0,1.0,1.0,HistGB,fleet,40000,20000,13.13,B_fleet_size,CIDv2_Prototype,FS-B,0,4,CIDv2_RenaultClio|CTT_Impala|CTT_Silverado|CTT_Traverse
5994,1058,0.17650984317650983,0.9854574278553768,0.9488835461689767,4940,0.05043064462733162,False,0.6068052930056711,0.9953488372093023,0.0006077795786061589,0.9804761409759523,43.386446854902,0.8,0.9984051036682615,0.6153846153846154,0.0,0.0,0.5,1.0,1.0,0.5,0.0,0.0,False,0.6068052930056711,0.9953488372093023,0.0006077795786061589,0.9804761409759523,43.386446854902,0.8,0.9984051036682615,0.6153846153846154,0.0,0.0,0.5,1.0,1.0,0.5,0.0,0.0,True,0.6086956521739131,0.983206106870229,0.002228525121555916,0.9765055179595947,159.08363846797394,0.8,0.9984051036682615,0.6923076923076923,0.0,0.019230769230769232,0.6666666666666666,1.0,1.0,0.5,0.0,1.0,True,0.6086956521739131,0.983206106870229,0.002228525121555916,0.9765055179595947,159.08363846797394,0.8,0.9984051036682615,0.6923076923076923,0.0,0.019230769230769232,0.6666666666666666,1.0,1.0,0.5,0.0,1.0,True,0.9395085066162571,0.9077625570776255,0.02046191247974068,0.9115663170814514,1460.6770441150334,1.0,1.0,0.8461538461538461,0.9634831460674157,0.057692307692307696,1.0,1.0,1.0,1.0,1.0,1.0,XGBoost,fleet,40000,20000,6.79,B_fleet_size,CIDv2_Prototype,FS-B,0,4,CIDv2_RenaultClio|CTT_Impala|CTT_Silverado|CTT_Traverse
5994,1058,0.17650984317650983,0.9041014206799778,0.7699821054468886,4940,0.05043064462733162,False,0.0,0.0,0.0,1000000.0000000001,0.0,0.0,0.0,0.0,0.0,0.0,0.0,0.0,0.0,0.0,0.0,0.0,False,0.0,0.0,0.0,1000000.0000000001,0.0,0.0,0.0,0.0,0.0,0.0,0.0,0.0,0.0,0.0,0.0,0.0,True,0.5916824196597353,0.9936507936507937,0.0008103727714748784,1000000.0,57.848595806535975,0.0,0.9968102073365231,0.0,0.0,0.019230769230769232,0.3333333333333333,0.0,1.0,0.0,0.0,1.0,True,0.5916824196597353,0.9936507936507937,0.0008103727714748784,1000000.0,57.848595806535975,0.0,0.9968102073365231,0.0,0.0,0.019230769230769232,0.3333333333333333,0.0,1.0,0.0,0.0,1.0,True,0.6049149338374291,0.9580838323353293,0.005672609400324149,984375.0,404.94017064575183,0.0,0.9968102073365231,0.0,0.0,0.28846153846153844,0.3333333333333333,0.0,1.0,0.0,0.0,1.0,Rule:Combined,fleet,40000,20000,0.04,B_fleet_size,CIDv2_Prototype,FS-B,0,4,CIDv2_RenaultClio|CTT_Impala|CTT_Silverado|CTT_Traverse
5994,1058,0.17650984317650983,0.9571685820467963,0.9538916963468471,4940,0.05043064462733162,False,0.9139886578449905,0.9989669421487604,0.0002025931928687196,0.9259949529186383,14.462148951633994,0.0,0.9968102073365231,0.0,0.9606741573033708,0.0,0.3333333333333333,0.0,1.0,0.0,1.0,0.0,False,0.9139886578449905,0.9989669421487604,0.0002025931928687196,0.9259949529186383,14.462148951633994,0.0,0.9968102073365231,0.0,0.9606741573033708,0.0,0.3333333333333333,0.0,1.0,0.0,1.0,0.0,True,0.9168241965973535,0.9857723577235772,0.0028363047001620746,0.9105131897402953,202.47008532287592,0.0,0.9968102073365231,0.0,0.9691011235955056,0.0,0.3333333333333333,0.0,1.0,0.0,1.0,0.0,True,0.9158790170132325,0.9918116683725691,0.0016207455429497568,0.9197446554377523,115.69719161307195,0.0,0.9968102073365231,0.0,0.9662921348314607,0.0,0.3333333333333333,0.0,1.0,0.0,1.0,0.0,True,0.9187145557655955,0.9529411764705882,0.009724473257698542,0.8812834519615241,694.183149678432,0.0,0.9968102073365231,0.07692307692307693,0.9719101123595506,0.0,0.5,0.0,1.0,0.5,1.0,0.0,HistGB,fleet,40000,20000,11.24,B_fleet_size,CIDv2_Prototype,FS-B,1,4,CIDv2_RenaultClio|CTT_Impala|CTT_Silverado|CTT_Traverse
5994,1058,0.17650984317650983,0.9618206617482605,0.9610703507919047,4940,0.05043064462733162,False,0.9168241965973535,1.0,0.0,0.9914827346801759,0.0,0.0,0.9968102073365231,0.07692307692307693,0.9662921348314607,0.0,0.5,0.0,1.0,0.5,1.0,0.0,False,0.9168241965973535,1.0,0.0,0.9914827346801759,0.0,0.0,0.9968102073365231,0.07692307692307693,0.9662921348314607,0.0,0.5,0.0,1.0,0.5,1.0,0.0,True,0.9310018903591682,0.9939455095862765,0.0012155591572123178,0.9787696599960327,86.772893709804,0.6,0.9984051036682615,0.5384615384615384,0.9719101123595506,0.0,0.6666666666666666,1.0,1.0,0.5,1.0,0.0,True,0.9291115311909263,0.9979695431472081,0.0004051863857374392,0.9834824800491333,28.924297903267988,0.5,0.9984051036682615,0.46153846153846156,0.9719101123595506,0.0,0.6666666666666666,1.0,1.0,0.5,1.0,0.0,True,0.9366729678638941,0.962135922330097,0.007901134521880064,0.9533487558364868,564.0238091137257,0.9,0.9984051036682615,0.6153846153846154,0.9775280898876404,0.0,0.6666666666666666,1.0,1.0,0.5,1.0,0.0,XGBoost,fleet,40000,20000,6.23,B_fleet_size,CIDv2_Prototype,FS-B,1,4,CIDv2_RenaultClio|CTT_Impala|CTT_Silverado|CTT_Traverse
5994,1058,0.17650984317650983,0.9041014206799778,0.7699821054468886,4940,0.05043064462733162,False,0.0,0.0,0.0,1000000.0000000001,0.0,0.0,0.0,0.0,0.0,0.0,0.0,0.0,0.0,0.0,0.0,0.0,False,0.0,0.0,0.0,1000000.0000000001,0.0,0.0,0.0,0.0,0.0,0.0,0.0,0.0,0.0,0.0,0.0,0.0,True,0.5916824196597353,0.9936507936507937,0.0008103727714748784,1000000.0,57.848595806535975,0.0,0.9968102073365231,0.0,0.0,0.019230769230769232,0.3333333333333333,0.0,1.0,0.0,0.0,1.0,True,0.5916824196597353,0.9936507936507937,0.0008103727714748784,1000000.0,57.848595806535975,0.0,0.9968102073365231,0.0,0.0,0.019230769230769232,0.3333333333333333,0.0,1.0,0.0,0.0,1.0,True,0.6049149338374291,0.9580838323353293,0.005672609400324149,984375.0,404.94017064575183,0.0,0.9968102073365231,0.0,0.0,0.28846153846153844,0.3333333333333333,0.0,1.0,0.0,0.0,1.0,Rule:Combined,fleet,40000,20000,0.04,B_fleet_size,CIDv2_Prototype,FS-B,1,4,CIDv2_RenaultClio|CTT_Impala|CTT_Silverado|CTT_Traverse
5994,1058,0.17650984317650983,0.9564929203444926,0.8925216136991553,4940,0.05043064462733162,False,0.020793950850661626,1.0,0.0,0.9963299260384559,0.0,0.9,0.0,0.7692307692307693,0.008426966292134831,0.0,0.5,1.0,0.0,0.5,1.0,0.0,False,0.020793950850661626,1.0,0.0,0.9963299260384559,0.0,0.9,0.0,0.7692307692307693,0.008426966292134831,0.0,0.5,1.0,0.0,0.5,1.0,0.0,True,0.020793950850661626,1.0,0.0,0.9963299260384558,0.0,0.9,0.0,0.7692307692307693,0.008426966292134831,0.0,0.5,1.0,0.0,0.5,1.0,0.0,True,0.020793950850661626,1.0,0.0,0.9963299260384559,0.0,0.9,0.0,0.7692307692307693,0.008426966292134831,0.0,0.5,1.0,0.0,0.5,1.0,0.0,True,0.9054820415879017,0.9401373895976447,0.012358184764991896,0.9836440026597826,882.1910860496737,1.0,0.9984051036682615,0.7692307692307693,0.8707865168539326,0.038461538461538464,0.8333333333333334,1.0,1.0,0.5,1.0,1.0,HistGB,fleet,40000,20000,25.06,B_fleet_size,CIDv2_Prototype,FS-B,0,4,CTT_Forester|CTT_Impala|CTT_Silverado|ROAD_ORNL
5994,1058,0.17650984317650983,0.9510877224695382,0.8929106784909269,4940,0.05043064462733162,False,0.3440453686200378,1.0,0.0,0.9680752158164979,0.0,1.0,0.001594896331738437,0.7692307692307693,0.9606741573033708,0.019230769230769232,0.8333333333333334,1.0,1.0,0.5,1.0,1.0,False,0.3440453686200378,1.0,0.0,0.9680752158164979,0.0,1.0,0.001594896331738437,0.7692307692307693,0.9606741573033708,0.019230769230769232,0.8333333333333334,1.0,1.0,0.5,1.0,1.0,True,0.34688090737240074,0.9918918918918919,0.0006077795786061589,0.959671676158905,43.386446854902,1.0,0.001594896331738437,0.7692307692307693,0.9691011235955056,0.019230769230769232,0.8333333333333334,1.0,1.0,0.5,1.0,1.0,True,0.34688090737240074,0.9918918918918919,0.0006077795786061589,0.959671676158905,43.386446854902,1.0,0.001594896331738437,0.7692307692307693,0.9691011235955056,0.019230769230769232,0.8333333333333334,1.0,1.0,0.5,1.0,1.0,True,0.34782608695652173,0.8598130841121495,0.012155591572123177,0.9198116660118103,867.7289370980399,1.0,0.001594896331738437,0.7692307692307693,0.9719101123595506,0.019230769230769232,0.8333333333333334,1.0,1.0,0.5,1.0,1.0,XGBoost,fleet,40000,20000,10.77,B_fleet_size,CIDv2_Prototype,FS-B,0,4,CTT_Forester|CTT_Impala|CTT_Silverado|ROAD_ORNL
5994,1058,0.17650984317650983,0.8635410379511816,0.7531255495513013,4940,0.05043064462733162,False,0.6143667296786389,1.0,0.0,8413.411775239672,0.0,1.0,1.0,1.0,0.0,0.0,0.6666666666666666,1.0,1.0,1.0,0.0,0.0,False,0.6143667296786389,1.0,0.0,8413.411775239672,0.0,1.0,1.0,1.0,0.0,0.0,0.6666666666666666,1.0,1.0,1.0,0.0,0.0,True,0.6143667296786389,1.0,0.0,2230.4260635631686,0.0,1.0,1.0,1.0,0.0,0.0,0.6666666666666666,1.0,1.0,1.0,0.0,0.0,True,0.6143667296786389,1.0,0.0,2230.4260635631686,0.0,1.0,1.0,1.0,0.0,0.0,0.6666666666666666,1.0,1.0,1.0,0.0,0.0,True,0.6200378071833649,0.8888888888888888,0.01661264181523501,919.5954215183147,1185.8962140339877,1.0,1.0,1.0,0.0,0.11538461538461539,0.8333333333333334,1.0,1.0,1.0,0.0,1.0,Rule:Combined,fleet,40000,20000,0.05,B_fleet_size,CIDv2_Prototype,FS-B,0,4,CTT_Forester|CTT_Impala|CTT_Silverado|ROAD_ORNL
5994,1058,0.17650984317650983,0.9486620615331824,0.9222490169554568,4940,0.05043064462733162,False,0.12003780718336483,1.0,0.0,0.9521310960914664,0.0,1.0,0.001594896331738437,0.7692307692307693,0.29775280898876405,0.0,0.6666666666666666,1.0,1.0,0.5,1.0,0.0,False,0.12003780718336483,1.0,0.0,0.9521310960914664,0.0,1.0,0.001594896331738437,0.7692307692307693,0.29775280898876405,0.0,0.6666666666666666,1.0,1.0,0.5,1.0,0.0,True,0.1342155009451796,0.9861111111111112,0.0004051863857374392,0.9495178364386322,28.924297903267988,1.0,0.001594896331738437,0.7692307692307693,0.3398876404494382,0.0,0.6666666666666666,1.0,1.0,0.5,1.0,0.0,True,0.1342155009451796,0.9861111111111112,0.0004051863857374392,0.9495178364386322,28.924297903267988,1.0,0.001594896331738437,0.7692307692307693,0.3398876404494382,0.0,0.6666666666666666,1.0,1.0,0.5,1.0,0.0,True,0.8156899810964083,0.92497320471597,0.014181523500810372,0.9016131802424538,1012.3504266143796,1.0,0.9984051036682615,0.7692307692307693,0.6095505617977528,0.0,0.6666666666666666,1.0,1.0,0.5,1.0,0.0,HistGB,fleet,40000,20000,18.74,B_fleet_size,CIDv2_Prototype,FS-B,1,4,CTT_Forester|CTT_Impala|CTT_Silverado|ROAD_ORNL
5994,1058,0.17650984317650983,0.9570676684242615,0.9391088371926177,4940,0.05043064462733162,False,0.2939508506616257,1.0,0.0,0.9760595560073854,0.0,1.0,0.001594896331738437,0.7692307692307693,0.8146067415730337,0.0,0.6666666666666666,1.0,1.0,0.5,1.0,0.0,False,0.2939508506616257,1.0,0.0,0.9760595560073854,0.0,1.0,0.001594896331738437,0.7692307692307693,0.8146067415730337,0.0,0.6666666666666666,1.0,1.0,0.5,1.0,0.0,True,0.31379962192816635,0.9851632047477745,0.001012965964343598,0.9637383818626404,72.31074475816997,1.0,0.001594896331738437,0.7692307692307693,0.8735955056179775,0.0,0.6666666666666666,1.0,1.0,0.5,1.0,0.0,True,0.31379962192816635,0.9880952380952381,0.0008103727714748784,0.9650829434394836,57.848595806535975,1.0,0.001594896331738437,0.7692307692307693,0.8735955056179775,0.0,0.6666666666666666,1.0,1.0,0.5,1.0,0.0,True,0.9168241965973535,0.9603960396039604,0.008103727714748784,0.9237401485443115,578.4859580653598,1.0,0.9984051036682615,0.7692307692307693,0.9073033707865169,0.019230769230769232,0.8333333333333334,1.0,1.0,0.5,1.0,1.0,XGBoost,fleet,40000,20000,9.8,B_fleet_size,CIDv2_Prototype,FS-B,1,4,CTT_Forester|CTT_Impala|CTT_Silverado|ROAD_ORNL
5994,1058,0.17650984317650983,0.8637003550933997,0.7532079728428407,4940,0.05043064462733162,False,0.6143667296786389,1.0,0.0,8297.097469544831,0.0,1.0,1.0,1.0,0.0,0.0,0.6666666666666666,1.0,1.0,1.0,0.0,0.0,False,0.6143667296786389,1.0,0.0,8297.097469544831,0.0,1.0,1.0,1.0,0.0,0.0,0.6666666666666666,1.0,1.0,1.0,0.0,0.0,True,0.6143667296786389,1.0,0.0,2199.5874651677796,0.0,1.0,1.0,1.0,0.0,0.0,0.6666666666666666,1.0,1.0,1.0,0.0,0.0,True,0.6143667296786389,1.0,0.0,2199.5874651677796,0.0,1.0,1.0,1.0,0.0,0.0,0.6666666666666666,1.0,1.0,1.0,0.0,0.0,True,0.6200378071833649,0.8888888888888888,0.01661264181523501,906.8781056472617,1185.8962140339877,1.0,1.0,1.0,0.0,0.11538461538461539,0.8333333333333334,1.0,1.0,1.0,0.0,1.0,Rule:Combined,fleet,40000,20000,0.04,B_fleet_size,CIDv2_Prototype,FS-B,1,4,CTT_Forester|CTT_Impala|CTT_Silverado|ROAD_ORNL
5994,1058,0.17650984317650983,0.964632073144951,0.963421036906859,4940,0.05043064462733162,False,0.9291115311909263,1.0,0.0,0.924427665200415,0.0,1.0,1.0,0.8461538461538461,0.9410112359550562,0.0,0.8333333333333334,1.0,1.0,1.0,1.0,0.0,False,0.9291115311909263,1.0,0.0,0.924427665200415,0.0,1.0,1.0,0.8461538461538461,0.9410112359550562,0.0,0.8333333333333334,1.0,1.0,1.0,1.0,0.0,True,0.9291115311909263,1.0,0.0,0.9229299527836171,0.0,1.0,1.0,0.8461538461538461,0.9410112359550562,0.0,0.8333333333333334,1.0,1.0,1.0,1.0,0.0,True,0.9291115311909263,1.0,0.0,0.9229299527836171,0.0,1.0,1.0,0.8461538461538461,0.9410112359550562,0.0,0.8333333333333334,1.0,1.0,1.0,1.0,0.0,True,0.944234404536862,0.9496197718631179,0.01073743922204214,0.8658902145393444,766.4938944366017,1.0,1.0,1.0,0.9775280898876404,0.019230769230769232,1.0,1.0,1.0,1.0,1.0,1.0,HistGB,fleet,40000,20000,24.98,B_fleet_size,CIDv2_Prototype,FS-B,0,5,CIDv2_OpelAstra|CIDv2_RenaultClio|CTT_Impala|CTT_Traverse|ROAD_ORNL
5994,1058,0.17650984317650983,0.9682609423302583,0.9630060705095581,4940,0.05043064462733162,False,0.9385633270321361,0.9989939637826962,0.0002025931928687196,0.6906028389930726,14.462148951633994,1.0,1.0,0.7692307692307693,0.9719101123595506,0.0,0.6666666666666666,1.0,1.0,0.5,1.0,0.0,False,0.9385633270321361,0.9989939637826962,0.0002025931928687196,0.6906028389930726,14.462148951633994,1.0,1.0,0.7692307692307693,0.9719101123595506,0.0,0.6666666666666666,1.0,1.0,0.5,1.0,0.0,True,0.9395085066162571,0.994994994994995,0.001012965964343598,0.6359186768531799,72.31074475816997,1.0,1.0,0.7692307692307693,0.9747191011235955,0.0,0.6666666666666666,1.0,1.0,0.5,1.0,0.0,True,0.9395085066162571,0.9979919678714859,0.0004051863857374392,0.647057831287384,28.924297903267988,1.0,1.0,0.7692307692307693,0.9747191011235955,0.0,0.6666666666666666,1.0,1.0,0.5,1.0,0.0,True,0.941398865784499,0.9567723342939481,0.009116693679092382,0.5652516484260559,650.7967028235297,1.0,1.0,0.7692307692307693,0.9803370786516854,0.0,0.6666666666666666,1.0,1.0,0.5,1.0,0.0,XGBoost,fleet,40000,20000,7.84,B_fleet_size,CIDv2_Prototype,FS-B,0,5,CIDv2_OpelAstra|CIDv2_RenaultClio|CTT_Impala|CTT_Traverse|ROAD_ORNL
5994,1058,0.17650984317650983,0.8647999689025193,0.7535657117703655,4940,0.05043064462733162,False,0.6143667296786389,1.0,0.0,8366.931178538878,0.0,1.0,1.0,1.0,0.0,0.0,0.6666666666666666,1.0,1.0,1.0,0.0,0.0,False,0.6143667296786389,1.0,0.0,8366.931178538878,0.0,1.0,1.0,1.0,0.0,0.0,0.6666666666666666,1.0,1.0,1.0,0.0,0.0,True,0.6143667296786389,1.0,0.0,2218.099917266862,0.0,1.0,1.0,1.0,0.0,0.0,0.6666666666666666,1.0,1.0,1.0,0.0,0.0,True,0.6143667296786389,1.0,0.0,2218.099917266862,0.0,1.0,1.0,1.0,0.0,0.0,0.6666666666666666,1.0,1.0,1.0,0.0,0.0,True,0.6200378071833649,0.8888888888888888,0.01661264181523501,914.5102670758985,1185.8962140339877,1.0,1.0,1.0,0.0,0.11538461538461539,0.8333333333333334,1.0,1.0,1.0,0.0,1.0,Rule:Combined,fleet,40000,20000,0.04,B_fleet_size,CIDv2_Prototype,FS-B,0,5,CIDv2_OpelAstra|CIDv2_RenaultClio|CTT_Impala|CTT_Traverse|ROAD_ORNL
5994,1058,0.17650984317650983,0.9626902039872178,0.961455431866671,4940,0.05043064462733162,False,0.9026465028355387,0.9979101358411703,0.0004051863857374392,0.9921457570219662,28.924297903267988,1.0,0.9984051036682615,0.8461538461538461,0.8651685393258427,0.0,0.8333333333333334,1.0,1.0,1.0,1.0,0.0,False,0.9026465028355387,0.9979101358411703,0.0004051863857374392,0.9921457570219662,28.924297903267988,1.0,0.9984051036682615,0.8461538461538461,0.8651685393258427,0.0,0.8333333333333334,1.0,1.0,1.0,1.0,0.0,True,0.9083175803402647,0.994824016563147,0.001012965964343598,0.9901773630665779,72.31074475816997,1.0,1.0,0.8461538461538461,0.8792134831460674,0.0,0.8333333333333334,1.0,1.0,1.0,1.0,0.0,True,0.9083175803402647,0.994824016563147,0.001012965964343598,0.9901773630665779,72.31074475816997,1.0,1.0,0.8461538461538461,0.8792134831460674,0.0,0.8333333333333334,1.0,1.0,1.0,1.0,0.0,True,0.9319470699432892,0.9572815533980582,0.008914100486223663,0.9833760661140959,636.3345538718958,1.0,1.0,1.0,0.9410112359550562,0.019230769230769232,1.0,1.0,1.0,1.0,1.0,1.0,HistGB,fleet,40000,20000,30.3,B_fleet_size,CIDv2_Prototype,FS-B,1,5,CIDv2_OpelAstra|CIDv2_RenaultClio|CTT_Impala|CTT_Traverse|ROAD_ORNL
5994,1058,0.17650984317650983,0.964811687903846,0.9624924423039504,4940,0.05043064462733162,False,0.9357277882797732,1.0,0.0,0.966424584388733,0.0,1.0,0.9984051036682615,0.7692307692307693,0.9662921348314607,0.0,0.6666666666666666,1.0,1.0,0.5,1.0,0.0,False,0.9357277882797732,1.0,0.0,0.966424584388733,0.0,1.0,0.9984051036682615,0.7692307692307693,0.9662921348314607,0.0,0.6666666666666666,1.0,1.0,0.5,1.0,0.0,True,0.9385633270321361,0.9949899799599199,0.001012965964343598,0.9268649816513062,72.31074475816997,1.0,0.9984051036682615,0.7692307692307693,0.9747191011235955,0.0,0.6666666666666666,1.0,1.0,0.5,1.0,0.0,True,0.9376181474480151,0.9959839357429718,0.0008103727714748784,0.9310720562934875,57.848595806535975,1.0,0.9984051036682615,0.7692307692307693,0.9719101123595506,0.0,0.6666666666666666,1.0,1.0,0.5,1.0,0.0,True,0.943289224952741,0.9486692015209125,0.01094003241491086,0.8644198775291443,780.9560433882359,1.0,1.0,0.7692307692307693,0.9831460674157303,0.019230769230769232,0.8333333333333334,1.0,1.0,0.5,1.0,1.0,XGBoost,fleet,40000,20000,18.57,B_fleet_size,CIDv2_Prototype,FS-B,1,5,CIDv2_OpelAstra|CIDv2_RenaultClio|CTT_Impala|CTT_Traverse|ROAD_ORNL
5994,1058,0.17650984317650983,0.8650777207231772,0.7536426817333312,4940,0.05043064462733162,False,0.6143667296786389,1.0,0.0,8437.014616766399,0.0,1.0,1.0,1.0,0.0,0.0,0.6666666666666666,1.0,1.0,1.0,0.0,0.0,False,0.6143667296786389,1.0,0.0,8437.014616766399,0.0,1.0,1.0,1.0,0.0,0.0,0.6666666666666666,1.0,1.0,1.0,0.0,0.0,True,0.6143667296786389,1.0,0.0,2236.687822556257,0.0,1.0,1.0,1.0,0.0,0.0,0.6666666666666666,1.0,1.0,1.0,0.0,0.0,True,0.6143667296786389,1.0,0.0,2236.687822556257,0.0,1.0,1.0,1.0,0.0,0.0,0.6666666666666666,1.0,1.0,1.0,0.0,0.0,True,0.6200378071833649,0.8888888888888888,0.01661264181523501,922.1806948513838,1185.8962140339877,1.0,1.0,1.0,0.0,0.11538461538461539,0.8333333333333334,1.0,1.0,1.0,0.0,1.0,Rule:Combined,fleet,40000,20000,0.04,B_fleet_size,CIDv2_Prototype,FS-B,1,5,CIDv2_OpelAstra|CIDv2_RenaultClio|CTT_Impala|CTT_Traverse|ROAD_ORNL
5994,1058,0.17650984317650983,0.961561771392156,0.9570408822599885,4940,0.05043064462733162,False,0.7523629489603024,1.0,0.0,0.9972374427912964,0.0,1.0,0.9984051036682615,0.7692307692307693,0.42134831460674155,0.0,0.6666666666666666,1.0,1.0,0.5,1.0,0.0,False,0.7523629489603024,1.0,0.0,0.9972374427912964,0.0,1.0,0.9984051036682615,0.7692307692307693,0.42134831460674155,0.0,0.6666666666666666,1.0,1.0,0.5,1.0,0.0,True,0.7930056710775047,0.9905548996458088,0.0016207455429497568,0.9935529199622769,115.69719161307195,1.0,0.9984051036682615,0.7692307692307693,0.5421348314606742,0.0,0.6666666666666666,1.0,1.0,0.5,1.0,0.0,True,0.781663516068053,0.9951865222623345,0.0008103727714748784,0.9945718870634792,57.848595806535975,1.0,0.9984051036682615,0.7692307692307693,0.5084269662921348,0.0,0.6666666666666666,1.0,1.0,0.5,1.0,0.0,True,0.9300567107750473,0.952565343659245,0.00992706645056726,0.984303289737146,708.6452986300658,1.0,1.0,0.7692307692307693,0.9466292134831461,0.0,0.6666666666666666,1.0,1.0,0.5,1.0,0.0,HistGB,fleet,40000,20000,16.76,B_fleet_size,CIDv2_Prototype,FS-B,0,5,CIDv2_OpelAstra|CTT_Forester|CTT_Impala|CTT_Traverse|ROAD_ORNL
5994,1058,0.17650984317650983,0.9633589721593294,0.9594568583758742,4940,0.05043064462733162,False,0.9328922495274102,1.0,0.0,0.9867486953735353,0.0,0.9,0.9984051036682615,0.7692307692307693,0.9606741573033708,0.0,0.6666666666666666,1.0,1.0,0.5,1.0,0.0,False,0.9328922495274102,1.0,0.0,0.9867486953735353,0.0,0.9,0.9984051036682615,0.7692307692307693,0.9606741573033708,0.0,0.6666666666666666,1.0,1.0,0.5,1.0,0.0,True,0.9376181474480151,0.992,0.0016207455429497568,0.9784044623374939,115.69719161307195,1.0,0.9984051036682615,0.7692307692307693,0.9719101123595506,0.0,0.6666666666666666,1.0,1.0,0.5,1.0,0.0,True,0.9376181474480151,0.992,0.0016207455429497568,0.9794685244560242,115.69719161307195,1.0,0.9984051036682615,0.7692307692307693,0.9719101123595506,0.0,0.6666666666666666,1.0,1.0,0.5,1.0,0.0,True,0.9404536862003781,0.9576515880654476,0.008914100486223663,0.9646967053413391,636.3345538718958,1.0,0.9984051036682615,0.7692307692307693,0.9775280898876404,0.019230769230769232,0.8333333333333334,1.0,1.0,0.5,1.0,1.0,XGBoost,fleet,40000,20000,6.21,B_fleet_size,CIDv2_Prototype,FS-B,0,5,CIDv2_OpelAstra|CTT_Forester|CTT_Impala|CTT_Traverse|ROAD_ORNL
5994,1058,0.17650984317650983,0.9522522503546339,0.9414859979142899,4940,0.05043064462733162,False,0.6247637051039697,1.0,0.0,468750.00000000006,0.0,0.0,0.9968102073365231,0.0,0.10112359550561797,0.0,0.3333333333333333,0.0,1.0,0.0,1.0,0.0,False,0.6247637051039697,1.0,0.0,468750.00000000006,0.0,0.0,0.9968102073365231,0.0,0.10112359550561797,0.0,0.3333333333333333,0.0,1.0,0.0,1.0,0.0,True,0.7400756143667296,0.9987244897959183,0.0002025931928687196,375000.0,14.462148951633994,0.0,0.9984051036682615,0.0,0.4410112359550562,0.0,0.3333333333333333,0.0,1.0,0.0,1.0,0.0,True,0.7400756143667296,0.9987244897959183,0.0002025931928687196,375000.0,14.462148951633994,0.0,0.9984051036682615,0.0,0.4410112359550562,0.0,0.3333333333333333,0.0,1.0,0.0,1.0,0.0,True,0.8374291115311909,0.9661941112322792,0.006280388978930308,296875.0,448.3266175006539,0.0,0.9984051036682615,0.0,0.7162921348314607,0.09615384615384616,0.5,0.0,1.0,0.0,1.0,1.0,Rule:Combined,fleet,40000,20000,0.04,B_fleet_size,CIDv2_Prototype,FS-B,0,5,CIDv2_OpelAstra|CTT_Forester|CTT_Impala|CTT_Traverse|ROAD_ORNL
5994,1058,0.17650984317650983,0.9669197677339894,0.9613036132414181,4940,0.05043064462733162,False,0.8034026465028355,1.0,0.0,0.997117423230462,0.0,1.0,0.9984051036682615,0.7692307692307693,0.5730337078651685,0.0,0.6666666666666666,1.0,1.0,0.5,1.0,0.0,False,0.8034026465028355,1.0,0.0,0.997117423230462,0.0,1.0,0.9984051036682615,0.7692307692307693,0.5730337078651685,0.0,0.6666666666666666,1.0,1.0,0.5,1.0,0.0,True,0.8988657844990549,0.9947698744769874,0.001012965964343598,0.9951335184972699,72.31074475816997,1.0,1.0,0.7692307692307693,0.851123595505618,0.019230769230769232,0.8333333333333334,1.0,1.0,0.5,1.0,1.0,True,0.8761814744801513,0.9978471474703983,0.0004051863857374392,0.995617624199366,28.924297903267988,1.0,1.0,0.7692307692307693,0.7837078651685393,0.019230769230769232,0.8333333333333334,1.0,1.0,0.5,1.0,1.0,True,0.9376181474480151,0.9456625357483317,0.011547811993517018,0.9886492279621033,824.3424902431377,1.0,1.0,0.7692307692307693,0.9662921348314607,0.019230769230769232,0.8333333333333334,1.0,1.0,0.5,1.0,1.0,HistGB,fleet,40000,20000,19.31,B_fleet_size,CIDv2_Prototype,FS-B,1,5,CIDv2_OpelAstra|CTT_Forester|CTT_Impala|CTT_Traverse|ROAD_ORNL
5994,1058,0.17650984317650983,0.9504712302347171,0.9352585352219819,4940,0.05043064462733162,False,0.6446124763705104,0.9956204379562044,0.0006077795786061589,0.996837615966797,43.386446854902,0.0,0.9968102073365231,0.15384615384615385,0.1544943820224719,0.0,0.5,0.0,1.0,0.5,1.0,0.0,False,0.6446124763705104,0.9956204379562044,0.0006077795786061589,0.996837615966797,43.386446854902,0.0,0.9968102073365231,0.15384615384615385,0.1544943820224719,0.0,0.5,0.0,1.0,0.5,1.0,0.0,True,0.6824196597353497,0.9917582417582418,0.0012155591572123178,0.9961161613464355,86.772893709804,0.2,0.9968102073365231,0.23076923076923078,0.25842696629213485,0.0,0.6666666666666666,1.0,1.0,0.5,1.0,0.0,True,0.6606805293005671,0.9928977272727273,0.001012965964343598,0.9965217113494873,72.31074475816997,0.2,0.9968102073365231,0.15384615384615385,0.19662921348314608,0.0,0.6666666666666666,1.0,1.0,0.5,1.0,0.0,True,0.8260869565217391,0.9448648648648649,0.010332252836304701,0.9909690022468567,737.5695965333338,0.6,0.9968102073365231,0.6923076923076923,0.6573033707865169,0.0,0.6666666666666666,1.0,1.0,0.5,1.0,0.0,XGBoost,fleet,40000,20000,8.79,B_fleet_size,CIDv2_Prototype,FS-B,1,5,CIDv2_OpelAstra|CTT_Forester|CTT_Impala|CTT_Traverse|ROAD_ORNL
5994,1058,0.17650984317650983,0.9522522503546339,0.9414859979142899,4940,0.05043064462733162,False,0.6247637051039697,1.0,0.0,468750.00000000006,0.0,0.0,0.9968102073365231,0.0,0.10112359550561797,0.0,0.3333333333333333,0.0,1.0,0.0,1.0,0.0,False,0.6247637051039697,1.0,0.0,468750.00000000006,0.0,0.0,0.9968102073365231,0.0,0.10112359550561797,0.0,0.3333333333333333,0.0,1.0,0.0,1.0,0.0,True,0.7400756143667296,0.9987244897959183,0.0002025931928687196,375000.0,14.462148951633994,0.0,0.9984051036682615,0.0,0.4410112359550562,0.0,0.3333333333333333,0.0,1.0,0.0,1.0,0.0,True,0.7400756143667296,0.9987244897959183,0.0002025931928687196,375000.0,14.462148951633994,0.0,0.9984051036682615,0.0,0.4410112359550562,0.0,0.3333333333333333,0.0,1.0,0.0,1.0,0.0,True,0.8374291115311909,0.9661941112322792,0.006280388978930308,296875.0,448.3266175006539,0.0,0.9984051036682615,0.0,0.7162921348314607,0.09615384615384616,0.5,0.0,1.0,0.0,1.0,1.0,Rule:Combined,fleet,40000,20000,0.04,B_fleet_size,CIDv2_Prototype,FS-B,1,5,CIDv2_OpelAstra|CTT_Forester|CTT_Impala|CTT_Traverse|ROAD_ORNL
5994,1058,0.17650984317650983,0.9513046771836405,0.9396203611174906,4940,0.05043064462733162,False,0.6049149338374291,0.9937888198757764,0.0008103727714748784,0.791814115467098,57.848595806535975,0.8,0.9984051036682615,0.46153846153846156,0.0,0.0,0.5,1.0,1.0,0.5,0.0,0.0,False,0.6049149338374291,0.9937888198757764,0.0008103727714748784,0.791814115467098,57.848595806535975,0.8,0.9984051036682615,0.46153846153846156,0.0,0.0,0.5,1.0,1.0,0.5,0.0,0.0,True,0.6049149338374291,0.9937888198757764,0.0008103727714748784,0.7918141154670979,57.848595806535975,0.8,0.9984051036682615,0.46153846153846156,0.0,0.0,0.5,1.0,1.0,0.5,0.0,0.0,True,0.6049149338374291,0.9937888198757764,0.0008103727714748784,0.7918141154670979,57.848595806535975,0.8,0.9984051036682615,0.46153846153846156,0.0,0.0,0.5,1.0,1.0,0.5,0.0,0.0,True,0.8960302457466919,0.9634146341463414,0.007293354943273906,0.6879994163067351,520.6373622588238,0.8,0.9984051036682615,0.6153846153846154,0.8595505617977528,0.0,0.6666666666666666,1.0,1.0,0.5,1.0,0.0,HistGB,fleet,40000,20000,9.44,B_fleet_size,CIDv2_Prototype,FS-B,0,5,CIDv2_RenaultClio|CTT_Forester|CTT_Impala|CTT_Silverado|CTT_Traverse
5994,1058,0.17650984317650983,0.9742630050276815,0.925554728080765,4940,0.05043064462733162,False,0.6077504725897921,0.9892307692307692,0.0014181523500810373,0.9810140728950502,101.23504266143796,0.8,0.9984051036682615,0.6923076923076923,0.0,0.0,0.5,1.0,1.0,0.5,0.0,0.0,False,0.6077504725897921,0.9892307692307692,0.0014181523500810373,0.9810140728950502,101.23504266143796,0.8,0.9984051036682615,0.6923076923076923,0.0,0.0,0.5,1.0,1.0,0.5,0.0,0.0,True,0.6077504725897921,0.9892307692307692,0.0014181523500810373,0.98101407289505,101.23504266143796,0.8,0.9984051036682615,0.6923076923076923,0.0,0.0,0.5,1.0,1.0,0.5,0.0,0.0,True,0.6077504725897921,0.9892307692307692,0.0014181523500810373,0.98101407289505,101.23504266143796,0.8,0.9984051036682615,0.6923076923076923,0.0,0.0,0.5,1.0,1.0,0.5,0.0,0.0,True,0.6096408317580341,0.9148936170212766,0.012155591572123177,0.956202507019043,867.7289370980399,0.8,0.9984051036682615,0.7692307692307693,0.0,0.019230769230769232,0.6666666666666666,1.0,1.0,0.5,0.0,1.0,XGBoost,fleet,40000,20000,4.48,B_fleet_size,CIDv2_Prototype,FS-B,0,5,CIDv2_RenaultClio|CTT_Forester|CTT_Impala|CTT_Silverado|CTT_Traverse
5994,1058,0.17650984317650983,0.9041014206799778,0.7699821054468886,4940,0.05043064462733162,False,0.0,0.0,0.0,1000000.0000000001,0.0,0.0,0.0,0.0,0.0,0.0,0.0,0.0,0.0,0.0,0.0,0.0,False,0.0,0.0,0.0,1000000.0000000001,0.0,0.0,0.0,0.0,0.0,0.0,0.0,0.0,0.0,0.0,0.0,0.0,True,0.5916824196597353,0.9936507936507937,0.0008103727714748784,1000000.0,57.848595806535975,0.0,0.9968102073365231,0.0,0.0,0.019230769230769232,0.3333333333333333,0.0,1.0,0.0,0.0,1.0,True,0.5916824196597353,0.9936507936507937,0.0008103727714748784,1000000.0,57.848595806535975,0.0,0.9968102073365231,0.0,0.0,0.019230769230769232,0.3333333333333333,0.0,1.0,0.0,0.0,1.0,True,0.6049149338374291,0.9580838323353293,0.005672609400324149,984375.0,404.94017064575183,0.0,0.9968102073365231,0.0,0.0,0.28846153846153844,0.3333333333333333,0.0,1.0,0.0,0.0,1.0,Rule:Combined,fleet,40000,20000,0.05,B_fleet_size,CIDv2_Prototype,FS-B,0,5,CIDv2_RenaultClio|CTT_Forester|CTT_Impala|CTT_Silverado|CTT_Traverse
5994,1058,0.17650984317650983,0.8172331744246966,0.7304816981970403,4940,0.05043064462733162,False,0.6049149338374291,0.9968847352024922,0.0004051863857374392,0.9972073876941825,28.924297903267988,0.8,0.9984051036682615,0.46153846153846156,0.0,0.0,0.5,1.0,1.0,0.5,0.0,0.0,False,0.6049149338374291,0.9968847352024922,0.0004051863857374392,0.9972073876941825,28.924297903267988,0.8,0.9984051036682615,0.46153846153846156,0.0,0.0,0.5,1.0,1.0,0.5,0.0,0.0,True,0.6049149338374291,0.9968847352024922,0.0004051863857374392,0.9972073876941824,28.924297903267988,0.8,0.9984051036682615,0.46153846153846156,0.0,0.0,0.5,1.0,1.0,0.5,0.0,0.0,True,0.6049149338374291,0.9968847352024922,0.0004051863857374392,0.9972073876941825,28.924297903267988,0.8,0.9984051036682615,0.46153846153846156,0.0,0.0,0.5,1.0,1.0,0.5,0.0,0.0,True,0.6049149338374291,0.9922480620155039,0.001012965964343598,0.9969533913796916,72.31074475816997,0.8,0.9984051036682615,0.46153846153846156,0.0,0.0,0.5,1.0,1.0,0.5,0.0,0.0,HistGB,fleet,40000,20000,9.12,B_fleet_size,CIDv2_Prototype,FS-B,1,5,CIDv2_RenaultClio|CTT_Forester|CTT_Impala|CTT_Silverado|CTT_Traverse
5994,1058,0.17650984317650983,0.9178083437757549,0.826882198730135,4940,0.05043064462733162,False,0.6068052930056711,0.9846625766871165,0.002025931928687196,0.9968701004981996,144.62148951633995,0.8,0.9984051036682615,0.6153846153846154,0.0,0.0,0.5,1.0,1.0,0.5,0.0,0.0,False,0.6068052930056711,0.9846625766871165,0.002025931928687196,0.9968701004981996,144.62148951633995,0.8,0.9984051036682615,0.6153846153846154,0.0,0.0,0.5,1.0,1.0,0.5,0.0,0.0,True,0.6068052930056711,0.9846625766871165,0.002025931928687196,0.9968701004981995,144.62148951633995,0.8,0.9984051036682615,0.6153846153846154,0.0,0.0,0.5,1.0,1.0,0.5,0.0,0.0,True,0.6068052930056711,0.9846625766871165,0.002025931928687196,0.9968701004981996,144.62148951633995,0.8,0.9984051036682615,0.6153846153846154,0.0,0.0,0.5,1.0,1.0,0.5,0.0,0.0,True,0.6086956521739131,0.9252873563218391,0.01053484602917342,0.9937928915023804,752.0317454849677,0.8,0.9984051036682615,0.6153846153846154,0.0,0.038461538461538464,0.6666666666666666,1.0,1.0,0.5,0.0,1.0,XGBoost,fleet,40000,20000,6.23,B_fleet_size,CIDv2_Prototype,FS-B,1,5,CIDv2_RenaultClio|CTT_Forester|CTT_Impala|CTT_Silverado|CTT_Traverse
5994,1058,0.17650984317650983,0.9041014206799778,0.7699821054468886,4940,0.05043064462733162,False,0.0,0.0,0.0,1000000.0000000001,0.0,0.0,0.0,0.0,0.0,0.0,0.0,0.0,0.0,0.0,0.0,0.0,False,0.0,0.0,0.0,1000000.0000000001,0.0,0.0,0.0,0.0,0.0,0.0,0.0,0.0,0.0,0.0,0.0,0.0,True,0.5916824196597353,0.9936507936507937,0.0008103727714748784,1000000.0,57.848595806535975,0.0,0.9968102073365231,0.0,0.0,0.019230769230769232,0.3333333333333333,0.0,1.0,0.0,0.0,1.0,True,0.5916824196597353,0.9936507936507937,0.0008103727714748784,1000000.0,57.848595806535975,0.0,0.9968102073365231,0.0,0.0,0.019230769230769232,0.3333333333333333,0.0,1.0,0.0,0.0,1.0,True,0.6049149338374291,0.9580838323353293,0.005672609400324149,984375.0,404.94017064575183,0.0,0.9968102073365231,0.0,0.0,0.28846153846153844,0.3333333333333333,0.0,1.0,0.0,0.0,1.0,Rule:Combined,fleet,40000,20000,0.05,B_fleet_size,CIDv2_Prototype,FS-B,1,5,CIDv2_RenaultClio|CTT_Forester|CTT_Impala|CTT_Silverado|CTT_Traverse
5994,1058,0.17650984317650983,0.9664400929247869,0.9167406178618333,4940,0.05043064462733162,False,0.6096408317580341,1.0,0.0,0.9928149669811789,0.0,0.9,0.9984051036682615,0.7692307692307693,0.0,0.0,0.5,1.0,1.0,0.5,0.0,0.0,False,0.6096408317580341,1.0,0.0,0.9928149669811789,0.0,0.9,0.9984051036682615,0.7692307692307693,0.0,0.0,0.5,1.0,1.0,0.5,0.0,0.0,True,0.611531190926276,0.984779299847793,0.002025931928687196,0.9821945352686745,144.62148951633995,0.9,0.9984051036682615,0.7692307692307693,0.0056179775280898875,0.0,0.6666666666666666,1.0,1.0,0.5,1.0,0.0,True,0.611531190926276,0.984779299847793,0.002025931928687196,0.9821945352686745,144.62148951633995,0.9,0.9984051036682615,0.7692307692307693,0.0056179775280898875,0.0,0.6666666666666666,1.0,1.0,0.5,1.0,0.0,True,0.6540642722117203,0.9105263157894737,0.013776337115072933,0.9509248833035481,983.4261287111118,1.0,0.9984051036682615,0.7692307692307693,0.12078651685393259,0.057692307692307696,0.8333333333333334,1.0,1.0,0.5,1.0,1.0,HistGB,fleet,40000,20000,19.65,B_fleet_size,CIDv2_Prototype,FS-B,0,5,CIDv2_RenaultClio|CTT_Forester|CTT_Impala|CTT_Silverado|ROAD_ORNL
5994,1058,0.17650984317650983,0.9656007098804202,0.961588095480709,4940,0.05043064462733162,False,0.9310018903591682,1.0,0.0,0.9536025524139405,0.0,0.8,0.9984051036682615,0.7692307692307693,0.9578651685393258,0.0,0.6666666666666666,1.0,1.0,0.5,1.0,0.0,False,0.9310018903591682,1.0,0.0,0.9536025524139405,0.0,0.8,0.9984051036682615,0.7692307692307693,0.9578651685393258,0.0,0.6666666666666666,1.0,1.0,0.5,1.0,0.0,True,0.9328922495274102,0.9959636730575177,0.0008103727714748784,0.9328880906105042,57.848595806535975,0.9,0.9984051036682615,0.7692307692307693,0.9606741573033708,0.0,0.6666666666666666,1.0,1.0,0.5,1.0,0.0,True,0.9328922495274102,0.9959636730575177,0.0008103727714748784,0.932906448841095,57.848595806535975,0.9,0.9984051036682615,0.7692307692307693,0.9606741573033708,0.0,0.6666666666666666,1.0,1.0,0.5,1.0,0.0,True,0.9385633270321361,0.9584942084942085,0.008711507293354943,0.8838444352149963,621.8724049202618,1.0,0.9984051036682615,0.7692307692307693,0.9691011235955056,0.038461538461538464,0.8333333333333334,1.0,1.0,0.5,1.0,1.0,XGBoost,fleet,40000,20000,7.9,B_fleet_size,CIDv2_Prototype,FS-B,0,5,CIDv2_RenaultClio|CTT_Forester|CTT_Impala|CTT_Silverado|ROAD_ORNL
5994,1058,0.17650984317650983,0.8632494033266643,0.7529937231404377,4940,0.05043064462733162,False,0.6143667296786389,1.0,0.0,8452.968956165556,0.0,1.0,1.0,1.0,0.0,0.0,0.6666666666666666,1.0,1.0,1.0,0.0,0.0,False,0.6143667296786389,1.0,0.0,8452.968956165556,0.0,1.0,1.0,1.0,0.0,0.0,0.6666666666666666,1.0,1.0,1.0,0.0,0.0,True,0.6143667296786389,1.0,0.0,2240.9157318563275,0.0,1.0,1.0,1.0,0.0,0.0,0.6666666666666666,1.0,1.0,1.0,0.0,0.0,True,0.6143667296786389,1.0,0.0,2240.9157318563275,0.0,1.0,1.0,1.0,0.0,0.0,0.6666666666666666,1.0,1.0,1.0,0.0,0.0,True,0.6200378071833649,0.8888888888888888,0.01661264181523501,923.9225101740993,1185.8962140339877,1.0,1.0,1.0,0.0,0.11538461538461539,0.8333333333333334,1.0,1.0,1.0,0.0,1.0,Rule:Combined,fleet,40000,20000,0.04,B_fleet_size,CIDv2_Prototype,FS-B,0,5,CIDv2_RenaultClio|CTT_Forester|CTT_Impala|CTT_Silverado|ROAD_ORNL
5994,1058,0.17650984317650983,0.9686922666846409,0.9624679509291715,4940,0.05043064462733162,False,0.9215500945179584,1.0,0.0,0.9936241531102628,0.0,1.0,0.9984051036682615,0.7692307692307693,0.9241573033707865,0.0,0.6666666666666666,1.0,1.0,0.5,1.0,0.0,False,0.9215500945179584,1.0,0.0,0.9936241531102628,0.0,1.0,0.9984051036682615,0.7692307692307693,0.9241573033707865,0.0,0.6666666666666666,1.0,1.0,0.5,1.0,0.0,True,0.9215500945179584,1.0,0.0,0.9936241531102626,0.0,1.0,0.9984051036682615,0.7692307692307693,0.9241573033707865,0.0,0.6666666666666666,1.0,1.0,0.5,1.0,0.0,True,0.9215500945179584,1.0,0.0,0.9936241531102626,0.0,1.0,0.9984051036682615,0.7692307692307693,0.9241573033707865,0.0,0.6666666666666666,1.0,1.0,0.5,1.0,0.0,True,0.9385633270321361,0.9439163498098859,0.011952998379254457,0.9810322518837797,853.2667881464057,1.0,0.9984051036682615,0.7692307692307693,0.9719101123595506,0.019230769230769232,0.8333333333333334,1.0,1.0,0.5,1.0,1.0,HistGB,fleet,40000,20000,22.2,B_fleet_size,CIDv2_Prototype,FS-B,1,5,CIDv2_RenaultClio|CTT_Forester|CTT_Impala|CTT_Silverado|ROAD_ORNL
5994,1058,0.17650984317650983,0.9625728224870018,0.9577975492066523,4940,0.05043064462733162,False,0.9291115311909263,1.0,0.0,0.976375699043274,0.0,1.0,0.9968102073365231,0.7692307692307693,0.949438202247191,0.0,0.6666666666666666,1.0,1.0,0.5,1.0,0.0,False,0.9291115311909263,1.0,0.0,0.976375699043274,0.0,1.0,0.9968102073365231,0.7692307692307693,0.949438202247191,0.0,0.6666666666666666,1.0,1.0,0.5,1.0,0.0,True,0.9328922495274102,0.9939577039274925,0.0012155591572123178,0.9703659415245056,86.772893709804,1.0,0.9968102073365231,0.7692307692307693,0.9606741573033708,0.0,0.6666666666666666,1.0,1.0,0.5,1.0,0.0,True,0.9291115311909263,1.0,0.0,0.9763756990432739,0.0,1.0,0.9968102073365231,0.7692307692307693,0.949438202247191,0.0,0.6666666666666666,1.0,1.0,0.5,1.0,0.0,True,0.9347826086956522,0.9482262703739214,0.01094003241491086,0.9433935284614563,780.9560433882359,1.0,0.9984051036682615,0.7692307692307693,0.9606741573033708,0.019230769230769232,0.8333333333333334,1.0,1.0,0.5,1.0,1.0,XGBoost,fleet,40000,20000,50.37,B_fleet_size,CIDv2_Prototype,FS-B,1,5,CIDv2_RenaultClio|CTT_Forester|CTT_Impala|CTT_Silverado|ROAD_ORNL
5994,1058,0.17650984317650983,0.8630119595089355,0.752867391038873,4940,0.05043064462733162,False,0.6143667296786389,1.0,0.0,8741.056560874222,0.0,1.0,1.0,1.0,0.0,0.0,0.6666666666666666,1.0,1.0,1.0,0.0,0.0,False,0.6143667296786389,1.0,0.0,8741.056560874222,0.0,1.0,1.0,1.0,0.0,0.0,0.6666666666666666,1.0,1.0,1.0,0.0,0.0,True,0.6143667296786389,1.0,0.0,2317.289899305801,0.0,1.0,1.0,1.0,0.0,0.0,0.6666666666666666,1.0,1.0,1.0,0.0,0.0,True,0.6143667296786389,1.0,0.0,2317.289899305801,0.0,1.0,1.0,1.0,0.0,0.0,0.6666666666666666,1.0,1.0,1.0,0.0,0.0,True,0.6200378071833649,0.8888888888888888,0.01661264181523501,955.4121248507621,1185.8962140339877,1.0,1.0,1.0,0.0,0.11538461538461539,0.8333333333333334,1.0,1.0,1.0,0.0,1.0,Rule:Combined,fleet,40000,20000,0.04,B_fleet_size,CIDv2_Prototype,FS-B,1,5,CIDv2_RenaultClio|CTT_Forester|CTT_Impala|CTT_Silverado|ROAD_ORNL
5994,1058,0.17650984317650983,0.9183309116617084,0.7721122966056225,4940,0.05043064462733162,False,0.1833648393194707,1.0,0.0,0.9867579718199228,0.0,1.0,0.001594896331738437,0.7692307692307693,0.4859550561797753,0.0,0.6666666666666666,1.0,1.0,0.5,1.0,0.0,False,0.1833648393194707,1.0,0.0,0.9867579718199228,0.0,1.0,0.001594896331738437,0.7692307692307693,0.4859550561797753,0.0,0.6666666666666666,1.0,1.0,0.5,1.0,0.0,True,0.1880907372400756,0.9900497512437811,0.0004051863857374392,0.9797754030543572,28.924297903267988,1.0,0.003189792663476874,0.7692307692307693,0.49719101123595505,0.0,0.6666666666666666,1.0,1.0,0.5,1.0,0.0,True,0.1880907372400756,0.9900497512437811,0.0004051863857374392,0.9797754030543572,28.924297903267988,1.0,0.003189792663476874,0.7692307692307693,0.49719101123595505,0.0,0.6666666666666666,1.0,1.0,0.5,1.0,0.0,True,0.20793950850661624,0.8148148148148148,0.01012965964343598,0.9652581425586836,723.1074475816997,1.0,0.003189792663476874,0.7692307692307693,0.5561797752808989,0.0,0.6666666666666666,1.0,1.0,0.5,1.0,0.0,HistGB,fleet,40000,20000,43.62,B_fleet_size,CIDv2_Prototype,FS-B,0,5,CTT_Forester|CTT_Impala|CTT_Silverado|CTT_Traverse|ROAD_ORNL
5994,1058,0.17650984317650983,0.9404105058932024,0.8834633388178073,4940,0.05043064462733162,False,0.31379962192816635,1.0,0.0,0.9550436735153199,0.0,1.0,0.001594896331738437,0.7692307692307693,0.8735955056179775,0.0,0.6666666666666666,1.0,1.0,0.5,1.0,0.0,False,0.31379962192816635,1.0,0.0,0.9550436735153199,0.0,1.0,0.001594896331738437,0.7692307692307693,0.8735955056179775,0.0,0.6666666666666666,1.0,1.0,0.5,1.0,0.0,True,0.31758034026465026,0.9853372434017595,0.001012965964343598,0.9426398873329163,72.31074475816997,1.0,0.001594896331738437,0.7692307692307693,0.8848314606741573,0.0,0.6666666666666666,1.0,1.0,0.5,1.0,0.0,True,0.3166351606805293,0.9882005899705014,0.0008103727714748784,0.9441278576850891,57.848595806535975,1.0,0.001594896331738437,0.7692307692307693,0.8820224719101124,0.0,0.6666666666666666,1.0,1.0,0.5,1.0,0.0,True,0.34026465028355385,0.8933002481389578,0.008711507293354943,0.9160765409469604,621.8724049202618,1.0,0.001594896331738437,0.7692307692307693,0.949438202247191,0.019230769230769232,0.8333333333333334,1.0,1.0,0.5,1.0,1.0,XGBoost,fleet,40000,20000,6.28,B_fleet_size,CIDv2_Prototype,FS-B,0,5,CTT_Forester|CTT_Impala|CTT_Silverado|CTT_Traverse|ROAD_ORNL
5994,1058,0.17650984317650983,0.9522514844068348,0.941485884558201,4940,0.05043064462733162,False,0.6247637051039697,1.0,0.0,468750.00000000006,0.0,0.0,0.9968102073365231,0.0,0.10112359550561797,0.0,0.3333333333333333,0.0,1.0,0.0,1.0,0.0,False,0.6247637051039697,1.0,0.0,468750.00000000006,0.0,0.0,0.9968102073365231,0.0,0.10112359550561797,0.0,0.3333333333333333,0.0,1.0,0.0,1.0,0.0,True,0.7400756143667296,0.9987244897959183,0.0002025931928687196,375000.0,14.462148951633994,0.0,0.9984051036682615,0.0,0.4410112359550562,0.0,0.3333333333333333,0.0,1.0,0.0,1.0,0.0,True,0.7400756143667296,0.9987244897959183,0.0002025931928687196,375000.0,14.462148951633994,0.0,0.9984051036682615,0.0,0.4410112359550562,0.0,0.3333333333333333,0.0,1.0,0.0,1.0,0.0,True,0.8374291115311909,0.9661941112322792,0.006280388978930308,296875.0,448.3266175006539,0.0,0.9984051036682615,0.0,0.7162921348314607,0.09615384615384616,0.5,0.0,1.0,0.0,1.0,1.0,Rule:Combined,fleet,40000,20000,0.05,B_fleet_size,CIDv2_Prototype,FS-B,0,5,CTT_Forester|CTT_Impala|CTT_Silverado|CTT_Traverse|ROAD_ORNL
5994,1058,0.17650984317650983,0.9520571251528065,0.9210147715744398,4940,0.05043064462733162,False,0.21455576559546313,0.9956140350877193,0.0002025931928687196,0.979987584649689,14.462148951633994,1.0,0.001594896331738437,0.7692307692307693,0.5786516853932584,0.0,0.6666666666666666,1.0,1.0,0.5,1.0,0.0,False,0.21455576559546313,0.9956140350877193,0.0002025931928687196,0.979987584649689,14.462148951633994,1.0,0.001594896331738437,0.7692307692307693,0.5786516853932584,0.0,0.6666666666666666,1.0,1.0,0.5,1.0,0.0,True,0.28544423440453687,0.9805194805194806,0.0012155591572123178,0.9705392903606864,86.772893709804,1.0,0.003189792663476874,0.7692307692307693,0.7865168539325843,0.0,0.6666666666666666,1.0,1.0,0.5,1.0,0.0,True,0.2514177693761815,0.981549815498155,0.001012965964343598,0.9746689986958292,72.31074475816997,1.0,0.003189792663476874,0.7692307692307693,0.6853932584269663,0.0,0.6666666666666666,1.0,1.0,0.5,1.0,0.0,True,0.9139886578449905,0.9434146341463414,0.011750405186385737,0.930400294616849,838.8046391947717,1.0,1.0,0.7692307692307693,0.8960674157303371,0.019230769230769232,0.8333333333333334,1.0,1.0,0.5,1.0,1.0,HistGB,fleet,40000,20000,16.5,B_fleet_size,CIDv2_Prototype,FS-B,1,5,CTT_Forester|CTT_Impala|CTT_Silverado|CTT_Traverse|ROAD_ORNL
5994,1058,0.17650984317650983,0.9575473432334638,0.9546401964579002,4940,0.05043064462733162,False,0.29017013232514177,1.0,0.0,0.9671990275382997,0.0,0.6,0.0,0.7692307692307693,0.8174157303370787,0.0,0.5,1.0,0.0,0.5,1.0,0.0,False,0.29017013232514177,1.0,0.0,0.9671990275382997,0.0,0.6,0.0,0.7692307692307693,0.8174157303370787,0.0,0.5,1.0,0.0,0.5,1.0,0.0,True,0.31379962192816635,0.996996996996997,0.0002025931928687196,0.9383252263069153,14.462148951633994,1.0,0.001594896331738437,0.7692307692307693,0.8735955056179775,0.0,0.6666666666666666,1.0,1.0,0.5,1.0,0.0,True,0.31379962192816635,0.996996996996997,0.0002025931928687196,0.9413097500801086,14.462148951633994,1.0,0.001594896331738437,0.7692307692307693,0.8735955056179775,0.0,0.6666666666666666,1.0,1.0,0.5,1.0,0.0,True,0.9291115311909263,0.9684729064039409,0.006482982171799027,0.8930535316467285,462.7887664522878,1.0,0.9984051036682615,0.7692307692307693,0.9466292134831461,0.0,0.6666666666666666,1.0,1.0,0.5,1.0,0.0,XGBoost,fleet,40000,20000,6.85,B_fleet_size,CIDv2_Prototype,FS-B,1,5,CTT_Forester|CTT_Impala|CTT_Silverado|CTT_Traverse|ROAD_ORNL
5994,1058,0.17650984317650983,0.9522520588676842,0.9414859697198452,4940,0.05043064462733162,False,0.6247637051039697,1.0,0.0,468750.00000000006,0.0,0.0,0.9968102073365231,0.0,0.10112359550561797,0.0,0.3333333333333333,0.0,1.0,0.0,1.0,0.0,False,0.6247637051039697,1.0,0.0,468750.00000000006,0.0,0.0,0.9968102073365231,0.0,0.10112359550561797,0.0,0.3333333333333333,0.0,1.0,0.0,1.0,0.0,True,0.7400756143667296,0.9987244897959183,0.0002025931928687196,375000.0,14.462148951633994,0.0,0.9984051036682615,0.0,0.4410112359550562,0.0,0.3333333333333333,0.0,1.0,0.0,1.0,0.0,True,0.7400756143667296,0.9987244897959183,0.0002025931928687196,375000.0,14.462148951633994,0.0,0.9984051036682615,0.0,0.4410112359550562,0.0,0.3333333333333333,0.0,1.0,0.0,1.0,0.0,True,0.8374291115311909,0.9661941112322792,0.006280388978930308,296875.0,448.3266175006539,0.0,0.9984051036682615,0.0,0.7162921348314607,0.09615384615384616,0.5,0.0,1.0,0.0,1.0,1.0,Rule:Combined,fleet,40000,20000,0.05,B_fleet_size,CIDv2_Prototype,FS-B,1,5,CTT_Forester|CTT_Impala|CTT_Silverado|CTT_Traverse|ROAD_ORNL
5994,1058,0.17650984317650983,0.963760424549546,0.9580313612548854,4940,0.05043064462733162,False,0.8128544423440454,0.9988385598141696,0.0002025931928687196,0.9825136205360605,14.462148951633994,1.0,0.9984051036682615,0.7692307692307693,0.601123595505618,0.0,0.6666666666666666,1.0,1.0,0.5,1.0,0.0,False,0.8128544423440454,0.9988385598141696,0.0002025931928687196,0.9825136205360605,14.462148951633994,1.0,0.9984051036682615,0.7692307692307693,0.601123595505618,0.0,0.6666666666666666,1.0,1.0,0.5,1.0,0.0,True,0.8402646502835539,0.9955207166853304,0.0008103727714748784,0.9795055608051343,57.848595806535975,1.0,0.9984051036682615,0.7692307692307693,0.6825842696629213,0.0,0.6666666666666666,1.0,1.0,0.5,1.0,0.0,True,0.8355387523629489,0.9966178128523112,0.0006077795786061589,0.9798736008327776,43.386446854902,1.0,0.9984051036682615,0.7692307692307693,0.6685393258426966,0.0,0.6666666666666666,1.0,1.0,0.5,1.0,0.0,True,0.9158790170132325,0.9509322865554465,0.01012965964343598,0.9666740847636587,723.1074475816997,1.0,0.9984051036682615,0.8461538461538461,0.9044943820224719,0.0,0.8333333333333334,1.0,1.0,1.0,1.0,0.0,HistGB,fleet,40000,20000,19.06,B_fleet_size,CIDv2_Prototype,FS-B,0,6,CIDv2_OpelAstra|CIDv2_RenaultClio|CTT_Forester|CTT_Impala|CTT_Silverado|ROAD_ORNL
5994,1058,0.17650984317650983,0.959880132999176,0.959083853444128,4940,0.05043064462733162,False,0.9366729678638941,0.9979859013091642,0.0004051863857374392,0.8891712427139283,28.924297903267988,1.0,0.9984051036682615,0.7692307692307693,0.9691011235955056,0.0,0.6666666666666666,1.0,1.0,0.5,1.0,0.0,False,0.9366729678638941,0.9979859013091642,0.0004051863857374392,0.8891712427139283,28.924297903267988,1.0,0.9984051036682615,0.7692307692307693,0.9691011235955056,0.0,0.6666666666666666,1.0,1.0,0.5,1.0,0.0,True,0.9366729678638941,0.9979859013091642,0.0004051863857374392,0.8891712427139282,28.924297903267988,1.0,0.9984051036682615,0.7692307692307693,0.9691011235955056,0.0,0.6666666666666666,1.0,1.0,0.5,1.0,0.0,True,0.9366729678638941,0.9979859013091642,0.0004051863857374392,0.8891712427139283,28.924297903267988,1.0,0.9984051036682615,0.7692307692307693,0.9691011235955056,0.0,0.6666666666666666,1.0,1.0,0.5,1.0,0.0,True,0.9385633270321361,0.9421252371916509,0.012358184764991896,0.8098582625389099,882.1910860496737,1.0,0.9984051036682615,0.7692307692307693,0.9691011235955056,0.038461538461538464,0.8333333333333334,1.0,1.0,0.5,1.0,1.0,XGBoost,fleet,40000,20000,8.02,B_fleet_size,CIDv2_Prototype,FS-B,0,6,CIDv2_OpelAstra|CIDv2_RenaultClio|CTT_Forester|CTT_Impala|CTT_Silverado|ROAD_ORNL
5994,1058,0.17650984317650983,0.9522522503546339,0.9414859979142899,4940,0.05043064462733162,False,0.6247637051039697,1.0,0.0,468750.00000000006,0.0,0.0,0.9968102073365231,0.0,0.10112359550561797,0.0,0.3333333333333333,0.0,1.0,0.0,1.0,0.0,False,0.6247637051039697,1.0,0.0,468750.00000000006,0.0,0.0,0.9968102073365231,0.0,0.10112359550561797,0.0,0.3333333333333333,0.0,1.0,0.0,1.0,0.0,True,0.7400756143667296,0.9987244897959183,0.0002025931928687196,375000.0,14.462148951633994,0.0,0.9984051036682615,0.0,0.4410112359550562,0.0,0.3333333333333333,0.0,1.0,0.0,1.0,0.0,True,0.7400756143667296,0.9987244897959183,0.0002025931928687196,375000.0,14.462148951633994,0.0,0.9984051036682615,0.0,0.4410112359550562,0.0,0.3333333333333333,0.0,1.0,0.0,1.0,0.0,True,0.8374291115311909,0.9661941112322792,0.006280388978930308,296875.0,448.3266175006539,0.0,0.9984051036682615,0.0,0.7162921348314607,0.09615384615384616,0.5,0.0,1.0,0.0,1.0,1.0,Rule:Combined,fleet,40000,20000,0.04,B_fleet_size,CIDv2_Prototype,FS-B,0,6,CIDv2_OpelAstra|CIDv2_RenaultClio|CTT_Forester|CTT_Impala|CTT_Silverado|ROAD_ORNL
5994,1058,0.17650984317650983,0.9592187370746308,0.9330796688798608,4940,0.05043064462733162,False,0.6408317580340265,1.0,0.0,0.9941343779213727,0.0,0.9,0.9968102073365231,0.7692307692307693,0.09550561797752809,0.0,0.6666666666666666,1.0,1.0,0.5,1.0,0.0,False,0.6408317580340265,1.0,0.0,0.9941343779213727,0.0,0.9,0.9968102073365231,0.7692307692307693,0.09550561797752809,0.0,0.6666666666666666,1.0,1.0,0.5,1.0,0.0,True,0.6710775047258979,0.9902370990237099,0.0014181523500810373,0.9889716863757771,101.23504266143796,1.0,0.9984051036682615,0.7692307692307693,0.1797752808988764,0.0,0.6666666666666666,1.0,1.0,0.5,1.0,0.0,True,0.668241965973535,0.9943741209563994,0.0008103727714748784,0.9899091384133168,57.848595806535975,1.0,0.9984051036682615,0.7692307692307693,0.17134831460674158,0.0,0.6666666666666666,1.0,1.0,0.5,1.0,0.0,True,0.7967863894139886,0.9325221238938053,0.012358184764991896,0.9777172736051876,882.1910860496737,1.0,0.9984051036682615,0.8461538461538461,0.547752808988764,0.019230769230769232,1.0,1.0,1.0,1.0,1.0,1.0,HistGB,fleet,40000,20000,22.51,B_fleet_size,CIDv2_Prototype,FS-B,1,6,CIDv2_OpelAstra|CIDv2_RenaultClio|CTT_Forester|CTT_Impala|CTT_Silverado|ROAD_ORNL
5994,1058,0.17650984317650983,0.96097141712598,0.9575727891908302,4940,0.05043064462733162,False,0.9319470699432892,0.9989868287740629,0.0002025931928687196,0.9830409884452821,14.462148951633994,1.0,0.9984051036682615,0.7692307692307693,0.9550561797752809,0.0,0.6666666666666666,1.0,1.0,0.5,1.0,0.0,False,0.9319470699432892,0.9989868287740629,0.0002025931928687196,0.9830409884452821,14.462148951633994,1.0,0.9984051036682615,0.7692307692307693,0.9550561797752809,0.0,0.6666666666666666,1.0,1.0,0.5,1.0,0.0,True,0.9328922495274102,0.9989878542510121,0.0002025931928687196,0.9777014255523682,14.462148951633994,1.0,0.9984051036682615,0.7692307692307693,0.9578651685393258,0.0,0.6666666666666666,1.0,1.0,0.5,1.0,0.0,True,0.9319470699432892,0.9989868287740629,0.0002025931928687196,0.9814366698265076,14.462148951633994,1.0,0.9984051036682615,0.7692307692307693,0.9550561797752809,0.0,0.6666666666666666,1.0,1.0,0.5,1.0,0.0,True,0.9357277882797732,0.953757225433526,0.009724473257698542,0.9532031416893005,694.183149678432,1.0,0.9984051036682615,0.7692307692307693,0.9634831460674157,0.019230769230769232,0.8333333333333334,1.0,1.0,0.5,1.0,1.0,XGBoost,fleet,40000,20000,6.26,B_fleet_size,CIDv2_Prototype,FS-B,1,6,CIDv2_OpelAstra|CIDv2_RenaultClio|CTT_Forester|CTT_Impala|CTT_Silverado|ROAD_ORNL
5994,1058,0.17650984317650983,0.9522522503546339,0.9414859979142899,4940,0.05043064462733162,False,0.6247637051039697,1.0,0.0,468750.00000000006,0.0,0.0,0.9968102073365231,0.0,0.10112359550561797,0.0,0.3333333333333333,0.0,1.0,0.0,1.0,0.0,False,0.6247637051039697,1.0,0.0,468750.00000000006,0.0,0.0,0.9968102073365231,0.0,0.10112359550561797,0.0,0.3333333333333333,0.0,1.0,0.0,1.0,0.0,True,0.7400756143667296,0.9987244897959183,0.0002025931928687196,375000.0,14.462148951633994,0.0,0.9984051036682615,0.0,0.4410112359550562,0.0,0.3333333333333333,0.0,1.0,0.0,1.0,0.0,True,0.7400756143667296,0.9987244897959183,0.0002025931928687196,375000.0,14.462148951633994,0.0,0.9984051036682615,0.0,0.4410112359550562,0.0,0.3333333333333333,0.0,1.0,0.0,1.0,0.0,True,0.8374291115311909,0.9661941112322792,0.006280388978930308,296875.0,448.3266175006539,0.0,0.9984051036682615,0.0,0.7162921348314607,0.09615384615384616,0.5,0.0,1.0,0.0,1.0,1.0,Rule:Combined,fleet,40000,20000,0.05,B_fleet_size,CIDv2_Prototype,FS-B,1,6,CIDv2_OpelAstra|CIDv2_RenaultClio|CTT_Forester|CTT_Impala|CTT_Silverado|ROAD_ORNL
5994,1058,0.17650984317650983,0.9727604069327467,0.9623821086616391,4940,0.05043064462733162,False,0.8081285444234405,1.0,0.0,0.9898336179356211,0.0,1.0,1.0,0.7692307692307693,0.5842696629213483,0.0,0.6666666666666666,1.0,1.0,0.5,1.0,0.0,False,0.8081285444234405,1.0,0.0,0.9898336179356211,0.0,1.0,1.0,0.7692307692307693,0.5842696629213483,0.0,0.6666666666666666,1.0,1.0,0.5,1.0,0.0,True,0.8147448015122873,1.0,0.0,0.9893763934983368,0.0,1.0,1.0,0.7692307692307693,0.6039325842696629,0.0,0.6666666666666666,1.0,1.0,0.5,1.0,0.0,True,0.8081285444234405,1.0,0.0,0.989833617935621,0.0,1.0,1.0,0.7692307692307693,0.5842696629213483,0.0,0.6666666666666666,1.0,1.0,0.5,1.0,0.0,True,0.9064272211720227,0.9466929911154985,0.01094003241491086,0.9784812415476281,780.9560433882359,1.0,1.0,1.0,0.8651685393258427,0.019230769230769232,1.0,1.0,1.0,1.0,1.0,1.0,HistGB,fleet,40000,20000,17.93,B_fleet_size,CIDv2_Prototype,FS-B,0,6,CIDv2_OpelAstra|CIDv2_RenaultClio|CTT_Forester|CTT_Impala|CTT_Traverse|ROAD_ORNL
5994,1058,0.17650984317650983,0.9651259179884373,0.9588203369935968,4940,0.05043064462733162,False,0.9347826086956522,1.0,0.0,0.9863513112068177,0.0,1.0,0.9984051036682615,0.7692307692307693,0.9634831460674157,0.0,0.6666666666666666,1.0,1.0,0.5,1.0,0.0,False,0.9347826086956522,1.0,0.0,0.9863513112068177,0.0,1.0,0.9984051036682615,0.7692307692307693,0.9634831460674157,0.0,0.6666666666666666,1.0,1.0,0.5,1.0,0.0,True,0.9376181474480151,0.9939879759519038,0.0012155591572123178,0.9787960648536682,86.772893709804,1.0,0.9984051036682615,0.7692307692307693,0.9719101123595506,0.0,0.6666666666666666,1.0,1.0,0.5,1.0,0.0,True,0.9376181474480151,0.9979879275653923,0.0004051863857374392,0.9792759418487549,28.924297903267988,1.0,0.9984051036682615,0.7692307692307693,0.9719101123595506,0.0,0.6666666666666666,1.0,1.0,0.5,1.0,0.0,True,0.9395085066162571,0.9457659372026641,0.011547811993517018,0.9568814039230347,824.3424902431377,1.0,0.9984051036682615,0.7692307692307693,0.9775280898876404,0.0,0.6666666666666666,1.0,1.0,0.5,1.0,0.0,XGBoost,fleet,40000,20000,7.89,B_fleet_size,CIDv2_Prototype,FS-B,0,6,CIDv2_OpelAstra|CIDv2_RenaultClio|CTT_Forester|CTT_Impala|CTT_Traverse|ROAD_ORNL
5994,1058,0.17650984317650983,0.9522522503546339,0.9414859979142899,4940,0.05043064462733162,False,0.6247637051039697,1.0,0.0,468750.00000000006,0.0,0.0,0.9968102073365231,0.0,0.10112359550561797,0.0,0.3333333333333333,0.0,1.0,0.0,1.0,0.0,False,0.6247637051039697,1.0,0.0,468750.00000000006,0.0,0.0,0.9968102073365231,0.0,0.10112359550561797,0.0,0.3333333333333333,0.0,1.0,0.0,1.0,0.0,True,0.7400756143667296,0.9987244897959183,0.0002025931928687196,375000.0,14.462148951633994,0.0,0.9984051036682615,0.0,0.4410112359550562,0.0,0.3333333333333333,0.0,1.0,0.0,1.0,0.0,True,0.7400756143667296,0.9987244897959183,0.0002025931928687196,375000.0,14.462148951633994,0.0,0.9984051036682615,0.0,0.4410112359550562,0.0,0.3333333333333333,0.0,1.0,0.0,1.0,0.0,True,0.8374291115311909,0.9661941112322792,0.006280388978930308,296875.0,448.3266175006539,0.0,0.9984051036682615,0.0,0.7162921348314607,0.09615384615384616,0.5,0.0,1.0,0.0,1.0,1.0,Rule:Combined,fleet,40000,20000,0.05,B_fleet_size,CIDv2_Prototype,FS-B,0,6,CIDv2_OpelAstra|CIDv2_RenaultClio|CTT_Forester|CTT_Impala|CTT_Traverse|ROAD_ORNL
5994,1058,0.17650984317650983,0.9607890258063132,0.9570463846341379,4940,0.05043064462733162,False,0.7277882797731569,1.0,0.0,0.9951680909888441,0.0,1.0,1.0,0.7692307692307693,0.3455056179775281,0.0,0.6666666666666666,1.0,1.0,0.5,1.0,0.0,False,0.7277882797731569,1.0,0.0,0.9951680909888441,0.0,1.0,1.0,0.7692307692307693,0.3455056179775281,0.0,0.6666666666666666,1.0,1.0,0.5,1.0,0.0,True,0.7986767485822306,0.9964622641509434,0.0006077795786061589,0.994059499375277,43.386446854902,1.0,1.0,0.7692307692307693,0.5561797752808989,0.0,0.6666666666666666,1.0,1.0,0.5,1.0,0.0,True,0.7986767485822306,0.9964622641509434,0.0006077795786061589,0.994059499375277,43.386446854902,1.0,1.0,0.7692307692307693,0.5561797752808989,0.0,0.6666666666666666,1.0,1.0,0.5,1.0,0.0,True,0.9347826086956522,0.9611273080660836,0.008103727714748784,0.9790141620019975,578.4859580653598,1.0,1.0,0.7692307692307693,0.952247191011236,0.057692307692307696,0.8333333333333334,1.0,1.0,0.5,1.0,1.0,HistGB,fleet,40000,20000,48.84,B_fleet_size,CIDv2_Prototype,FS-B,1,6,CIDv2_OpelAstra|CIDv2_RenaultClio|CTT_Forester|CTT_Impala|CTT_Traverse|ROAD_ORNL
5994,1058,0.17650984317650983,0.9623712824723569,0.9606469612631311,4940,0.05043064462733162,False,0.9347826086956522,1.0,0.0,0.9061262607574464,0.0,1.0,0.9984051036682615,0.7692307692307693,0.9634831460674157,0.0,0.6666666666666666,1.0,1.0,0.5,1.0,0.0,False,0.9347826086956522,1.0,0.0,0.9061262607574464,0.0,1.0,0.9984051036682615,0.7692307692307693,0.9634831460674157,0.0,0.6666666666666666,1.0,1.0,0.5,1.0,0.0,True,0.9347826086956522,1.0,0.0,0.9061262607574463,0.0,1.0,0.9984051036682615,0.7692307692307693,0.9634831460674157,0.0,0.6666666666666666,1.0,1.0,0.5,1.0,0.0,True,0.9347826086956522,1.0,0.0,0.9061262607574464,0.0,1.0,0.9984051036682615,0.7692307692307693,0.9634831460674157,0.0,0.6666666666666666,1.0,1.0,0.5,1.0,0.0,True,0.9385633270321361,0.9439163498098859,0.011952998379254457,0.7685641050338745,853.2667881464057,1.0,0.9984051036682615,0.7692307692307693,0.9719101123595506,0.019230769230769232,0.8333333333333334,1.0,1.0,0.5,1.0,1.0,XGBoost,fleet,40000,20000,18.45,B_fleet_size,CIDv2_Prototype,FS-B,1,6,CIDv2_OpelAstra|CIDv2_RenaultClio|CTT_Forester|CTT_Impala|CTT_Traverse|ROAD_ORNL
5994,1058,0.17650984317650983,0.9522522503546339,0.9414859979142899,4940,0.05043064462733162,False,0.6247637051039697,1.0,0.0,468750.00000000006,0.0,0.0,0.9968102073365231,0.0,0.10112359550561797,0.0,0.3333333333333333,0.0,1.0,0.0,1.0,0.0,False,0.6247637051039697,1.0,0.0,468750.00000000006,0.0,0.0,0.9968102073365231,0.0,0.10112359550561797,0.0,0.3333333333333333,0.0,1.0,0.0,1.0,0.0,True,0.7400756143667296,0.9987244897959183,0.0002025931928687196,375000.0,14.462148951633994,0.0,0.9984051036682615,0.0,0.4410112359550562,0.0,0.3333333333333333,0.0,1.0,0.0,1.0,0.0,True,0.7400756143667296,0.9987244897959183,0.0002025931928687196,375000.0,14.462148951633994,0.0,0.9984051036682615,0.0,0.4410112359550562,0.0,0.3333333333333333,0.0,1.0,0.0,1.0,0.0,True,0.8374291115311909,0.9661941112322792,0.006280388978930308,296875.0,448.3266175006539,0.0,0.9984051036682615,0.0,0.7162921348314607,0.09615384615384616,0.5,0.0,1.0,0.0,1.0,1.0,Rule:Combined,fleet,40000,20000,0.05,B_fleet_size,CIDv2_Prototype,FS-B,1,6,CIDv2_OpelAstra|CIDv2_RenaultClio|CTT_Forester|CTT_Impala|CTT_Traverse|ROAD_ORNL
5994,1058,0.17650984317650983,0.9614145179277742,0.9493421714342652,4940,0.05043064462733162,False,0.7410207939508506,0.9824561403508771,0.0028363047001620746,0.9891960566993899,202.47008532287592,1.0,0.9984051036682615,0.7692307692307693,0.38764044943820225,0.0,0.6666666666666666,1.0,1.0,0.5,1.0,0.0,False,0.7410207939508506,0.9824561403508771,0.0028363047001620746,0.9891960566993899,202.47008532287592,1.0,0.9984051036682615,0.7692307692307693,0.38764044943820225,0.0,0.6666666666666666,1.0,1.0,0.5,1.0,0.0,True,0.7561436672967864,0.970873786407767,0.004862236628849271,0.988339104669073,347.091574839216,1.0,0.9984051036682615,0.7692307692307693,0.43258426966292135,0.0,0.6666666666666666,1.0,1.0,0.5,1.0,0.0,True,0.7410207939508506,0.9824561403508771,0.0028363047001620746,0.9891960566993899,202.47008532287592,1.0,0.9984051036682615,0.7692307692307693,0.38764044943820225,0.0,0.6666666666666666,1.0,1.0,0.5,1.0,0.0,True,0.9073724007561437,0.9320388349514563,0.014181523500810372,0.968342526849132,1012.3504266143796,1.0,1.0,0.9230769230769231,0.8707865168539326,0.019230769230769232,1.0,1.0,1.0,1.0,1.0,1.0,HistGB,fleet,40000,20000,18.24,B_fleet_size,CIDv2_Prototype,FS-B,0,6,CIDv2_OpelAstra|CIDv2_RenaultClio|CTT_Impala|CTT_Silverado|CTT_Traverse|ROAD_ORNL
5994,1058,0.17650984317650983,0.9610303951065127,0.9600562631846163,4940,0.05043064462733162,False,0.9347826086956522,0.9969758064516129,0.0006077795786061589,0.8871446251869203,43.386446854902,1.0,0.9984051036682615,0.7692307692307693,0.9634831460674157,0.0,0.6666666666666666,1.0,1.0,0.5,1.0,0.0,False,0.9347826086956522,0.9969758064516129,0.0006077795786061589,0.8871446251869203,43.386446854902,1.0,0.9984051036682615,0.7692307692307693,0.9634831460674157,0.0,0.6666666666666666,1.0,1.0,0.5,1.0,0.0,True,0.9366729678638941,0.9939819458375125,0.0012155591572123178,0.8750450611114502,86.772893709804,1.0,0.9984051036682615,0.7692307692307693,0.9691011235955056,0.0,0.6666666666666666,1.0,1.0,0.5,1.0,0.0,True,0.9366729678638941,0.9939819458375125,0.0012155591572123178,0.8750450611114502,86.772893709804,1.0,0.9984051036682615,0.7692307692307693,0.9691011235955056,0.0,0.6666666666666666,1.0,1.0,0.5,1.0,0.0,True,0.9395085066162571,0.9484732824427481,0.01094003241491086,0.8312340378761292,780.9560433882359,1.0,0.9984051036682615,0.7692307692307693,0.9747191011235955,0.019230769230769232,0.8333333333333334,1.0,1.0,0.5,1.0,1.0,XGBoost,fleet,40000,20000,6.66,B_fleet_size,CIDv2_Prototype,FS-B,0,6,CIDv2_OpelAstra|CIDv2_RenaultClio|CTT_Impala|CTT_Silverado|CTT_Traverse|ROAD_ORNL
5994,1058,0.17650984317650983,0.8604310026563069,0.7518371492011772,4940,0.05043064462733162,False,0.6143667296786389,1.0,0.0,8181.138965071049,0.0,1.0,1.0,1.0,0.0,0.0,0.6666666666666666,1.0,1.0,1.0,0.0,0.0,False,0.6143667296786389,1.0,0.0,8181.138965071049,0.0,1.0,1.0,1.0,0.0,0.0,0.6666666666666666,1.0,1.0,1.0,0.0,0.0,True,0.6143667296786389,1.0,0.0,2168.848499124673,0.0,1.0,1.0,1.0,0.0,0.0,0.6666666666666666,1.0,1.0,1.0,0.0,0.0,True,0.6143667296786389,1.0,0.0,2168.848499124673,0.0,1.0,1.0,1.0,0.0,0.0,0.6666666666666666,1.0,1.0,1.0,0.0,0.0,True,0.6200378071833649,0.8888888888888888,0.01661264181523501,894.2062022025391,1185.8962140339877,1.0,1.0,1.0,0.0,0.11538461538461539,0.8333333333333334,1.0,1.0,1.0,0.0,1.0,Rule:Combined,fleet,40000,20000,0.04,B_fleet_size,CIDv2_Prototype,FS-B,0,6,CIDv2_OpelAstra|CIDv2_RenaultClio|CTT_Impala|CTT_Silverado|CTT_Traverse|ROAD_ORNL
5994,1058,0.17650984317650983,0.9814278722276519,0.9669604118103847,4940,0.05043064462733162,False,0.9196597353497165,0.9898270600203459,0.002025931928687196,0.9333345965007478,144.62148951633995,1.0,1.0,1.0,0.9073033707865169,0.0,0.8333333333333334,1.0,1.0,1.0,1.0,0.0,False,0.9196597353497165,0.9898270600203459,0.002025931928687196,0.9333345965007478,144.62148951633995,1.0,1.0,1.0,0.9073033707865169,0.0,0.8333333333333334,1.0,1.0,1.0,1.0,0.0,True,0.9196597353497165,0.9898270600203459,0.002025931928687196,0.9333345965007477,144.62148951633995,1.0,1.0,1.0,0.9073033707865169,0.0,0.8333333333333334,1.0,1.0,1.0,1.0,0.0,True,0.9196597353497165,0.9898270600203459,0.002025931928687196,0.9333345965007477,144.62148951633995,1.0,1.0,1.0,0.9073033707865169,0.0,0.8333333333333334,1.0,1.0,1.0,1.0,0.0,True,0.9328922495274102,0.958252427184466,0.008711507293354943,0.9006761949028143,621.8724049202618,1.0,1.0,1.0,0.9353932584269663,0.07692307692307693,1.0,1.0,1.0,1.0,1.0,1.0,HistGB,fleet,40000,20000,15.71,B_fleet_size,CIDv2_Prototype,FS-B,1,6,CIDv2_OpelAstra|CIDv2_RenaultClio|CTT_Impala|CTT_Silverado|CTT_Traverse|ROAD_ORNL
5994,1058,0.17650984317650983,0.9850329970311864,0.9726347100560091,4940,0.05043064462733162,False,0.9366729678638941,1.0,0.0,0.884308695793152,0.0,1.0,0.9984051036682615,0.7692307692307693,0.9691011235955056,0.0,0.6666666666666666,1.0,1.0,0.5,1.0,0.0,False,0.9366729678638941,1.0,0.0,0.884308695793152,0.0,1.0,0.9984051036682615,0.7692307692307693,0.9691011235955056,0.0,0.6666666666666666,1.0,1.0,0.5,1.0,0.0,True,0.9366729678638941,1.0,0.0,0.8843086957931519,0.0,1.0,0.9984051036682615,0.7692307692307693,0.9691011235955056,0.0,0.6666666666666666,1.0,1.0,0.5,1.0,0.0,True,0.9366729678638941,1.0,0.0,0.884308695793152,0.0,1.0,0.9984051036682615,0.7692307692307693,0.9691011235955056,0.0,0.6666666666666666,1.0,1.0,0.5,1.0,0.0,True,0.9385633270321361,0.9457142857142857,0.011547811993517018,0.6973978281021118,824.3424902431377,1.0,1.0,0.7692307692307693,0.9691011235955056,0.019230769230769232,0.8333333333333334,1.0,1.0,0.5,1.0,1.0,XGBoost,fleet,40000,20000,5.98,B_fleet_size,CIDv2_Prototype,FS-B,1,6,CIDv2_OpelAstra|CIDv2_RenaultClio|CTT_Impala|CTT_Silverado|CTT_Traverse|ROAD_ORNL
5994,1058,0.17650984317650983,0.8605035762102742,0.7518707134242755,4940,0.05043064462733162,False,0.6143667296786389,1.0,0.0,8198.198501761399,0.0,1.0,1.0,1.0,0.0,0.0,0.6666666666666666,1.0,1.0,1.0,0.0,0.0,False,0.6143667296786389,1.0,0.0,8198.198501761399,0.0,1.0,1.0,1.0,0.0,0.0,0.6666666666666666,1.0,1.0,1.0,0.0,0.0,True,0.6143667296786389,1.0,0.0,2173.3667398095713,0.0,1.0,1.0,1.0,0.0,0.0,0.6666666666666666,1.0,1.0,1.0,0.0,0.0,True,0.6143667296786389,1.0,0.0,2173.3667398095713,0.0,1.0,1.0,1.0,0.0,0.0,0.6666666666666666,1.0,1.0,1.0,0.0,0.0,True,0.6200378071833649,0.8888888888888888,0.01661264181523501,896.0657381558942,1185.8962140339877,1.0,1.0,1.0,0.0,0.11538461538461539,0.8333333333333334,1.0,1.0,1.0,0.0,1.0,Rule:Combined,fleet,40000,20000,0.04,B_fleet_size,CIDv2_Prototype,FS-B,1,6,CIDv2_OpelAstra|CIDv2_RenaultClio|CTT_Impala|CTT_Silverado|CTT_Traverse|ROAD_ORNL
5994,1058,0.17650984317650983,0.967157498782143,0.961507327990319,4940,0.05043064462733162,False,0.9291115311909263,0.9959473150962512,0.0008103727714748784,0.9674927810909689,57.848595806535975,1.0,1.0,0.7692307692307693,0.9438202247191011,0.0,0.6666666666666666,1.0,1.0,0.5,1.0,0.0,False,0.9291115311909263,0.9959473150962512,0.0008103727714748784,0.9674927810909689,57.848595806535975,1.0,1.0,0.7692307692307693,0.9438202247191011,0.0,0.6666666666666666,1.0,1.0,0.5,1.0,0.0,True,0.9310018903591682,0.9919436052366566,0.0016207455429497568,0.9569301878678763,115.69719161307195,1.0,1.0,0.7692307692307693,0.949438202247191,0.0,0.6666666666666666,1.0,1.0,0.5,1.0,0.0,True,0.9300567107750473,0.9959514170040485,0.0008103727714748784,0.9615275769063358,57.848595806535975,1.0,1.0,0.7692307692307693,0.9466292134831461,0.0,0.6666666666666666,1.0,1.0,0.5,1.0,0.0,True,0.9395085066162571,0.9502868068833652,0.01053484602917342,0.9307698336547152,752.0317454849677,1.0,1.0,0.7692307692307693,0.9719101123595506,0.019230769230769232,0.8333333333333334,1.0,1.0,0.5,1.0,1.0,HistGB,fleet,40000,20000,17.97,B_fleet_size,CIDv2_Prototype,FS-B,0,6,CIDv2_OpelAstra|CTT_Forester|CTT_Impala|CTT_Silverado|CTT_Traverse|ROAD_ORNL
5994,1058,0.17650984317650983,0.9519078610754519,0.9536594625878636,4940,0.05043064462733162,False,0.9300567107750473,1.0,0.0,0.9542193412780763,0.0,0.9,0.9984051036682615,0.6923076923076923,0.9550561797752809,0.0,0.6666666666666666,1.0,1.0,0.5,1.0,0.0,False,0.9300567107750473,1.0,0.0,0.9542193412780763,0.0,0.9,0.9984051036682615,0.6923076923076923,0.9550561797752809,0.0,0.6666666666666666,1.0,1.0,0.5,1.0,0.0,True,0.9319470699432892,0.9969666329625885,0.0006077795786061589,0.9378128051757812,43.386446854902,0.9,0.9984051036682615,0.6923076923076923,0.9606741573033708,0.0,0.6666666666666666,1.0,1.0,0.5,1.0,0.0,True,0.9310018903591682,0.9989858012170385,0.0002025931928687196,0.9419985413551331,14.462148951633994,0.9,0.9984051036682615,0.6923076923076923,0.9578651685393258,0.0,0.6666666666666666,1.0,1.0,0.5,1.0,0.0,True,0.9347826086956522,0.9518768046198267,0.01012965964343598,0.8931319713592529,723.1074475816997,0.9,0.9984051036682615,0.7692307692307693,0.9662921348314607,0.0,0.6666666666666666,1.0,1.0,0.5,1.0,0.0,XGBoost,fleet,40000,20000,5.68,B_fleet_size,CIDv2_Prototype,FS-B,0,6,CIDv2_OpelAstra|CTT_Forester|CTT_Impala|CTT_Silverado|CTT_Traverse|ROAD_ORNL
5994,1058,0.17650984317650983,0.9041014206799778,0.7699821054468886,4940,0.05043064462733162,False,0.0,0.0,0.0,1000000.0000000001,0.0,0.0,0.0,0.0,0.0,0.0,0.0,0.0,0.0,0.0,0.0,0.0,False,0.0,0.0,0.0,1000000.0000000001,0.0,0.0,0.0,0.0,0.0,0.0,0.0,0.0,0.0,0.0,0.0,0.0,True,0.5916824196597353,0.9936507936507937,0.0008103727714748784,1000000.0,57.848595806535975,0.0,0.9968102073365231,0.0,0.0,0.019230769230769232,0.3333333333333333,0.0,1.0,0.0,0.0,1.0,True,0.5916824196597353,0.9936507936507937,0.0008103727714748784,1000000.0,57.848595806535975,0.0,0.9968102073365231,0.0,0.0,0.019230769230769232,0.3333333333333333,0.0,1.0,0.0,0.0,1.0,True,0.6049149338374291,0.9580838323353293,0.005672609400324149,984375.0,404.94017064575183,0.0,0.9968102073365231,0.0,0.0,0.28846153846153844,0.3333333333333333,0.0,1.0,0.0,0.0,1.0,Rule:Combined,fleet,40000,20000,0.04,B_fleet_size,CIDv2_Prototype,FS-B,0,6,CIDv2_OpelAstra|CTT_Forester|CTT_Impala|CTT_Silverado|CTT_Traverse|ROAD_ORNL
5994,1058,0.17650984317650983,0.9626177261767257,0.9581762013239448,4940,0.05043064462733162,False,0.7920604914933838,1.0,0.0,0.9833594897339165,0.0,1.0,0.9984051036682615,0.7692307692307693,0.5393258426966292,0.0,0.6666666666666666,1.0,1.0,0.5,1.0,0.0,False,0.7920604914933838,1.0,0.0,0.9833594897339165,0.0,1.0,0.9984051036682615,0.7692307692307693,0.5393258426966292,0.0,0.6666666666666666,1.0,1.0,0.5,1.0,0.0,True,0.9045368620037807,0.9958376690946931,0.0008103727714748784,0.9515242127816459,57.848595806535975,1.0,1.0,0.7692307692307693,0.8707865168539326,0.0,0.6666666666666666,1.0,1.0,0.5,1.0,0.0,True,0.9045368620037807,0.996875,0.0006077795786061589,0.953321466247475,43.386446854902,1.0,1.0,0.7692307692307693,0.8707865168539326,0.0,0.6666666666666666,1.0,1.0,0.5,1.0,0.0,True,0.9224952741020794,0.9411764705882353,0.012358184764991896,0.9020035704174912,882.1910860496737,1.0,1.0,0.7692307692307693,0.9213483146067416,0.019230769230769232,0.8333333333333334,1.0,1.0,0.5,1.0,1.0,HistGB,fleet,40000,20000,16.06,B_fleet_size,CIDv2_Prototype,FS-B,1,6,CIDv2_OpelAstra|CTT_Forester|CTT_Impala|CTT_Silverado|CTT_Traverse|ROAD_ORNL
5994,1058,0.17650984317650983,0.9608264615049955,0.959322661049859,4940,0.05043064462733162,False,0.9366729678638941,1.0,0.0,0.9298165440559388,0.0,1.0,0.9984051036682615,0.7692307692307693,0.9691011235955056,0.0,0.6666666666666666,1.0,1.0,0.5,1.0,0.0,False,0.9366729678638941,1.0,0.0,0.9298165440559388,0.0,1.0,0.9984051036682615,0.7692307692307693,0.9691011235955056,0.0,0.6666666666666666,1.0,1.0,0.5,1.0,0.0,True,0.9376181474480151,0.998992950654582,0.0002025931928687196,0.9058312773704529,14.462148951633994,1.0,0.9984051036682615,0.7692307692307693,0.9719101123595506,0.0,0.6666666666666666,1.0,1.0,0.5,1.0,0.0,True,0.9366729678638941,0.998991935483871,0.0002025931928687196,0.9076820611953735,14.462148951633994,1.0,0.9984051036682615,0.7692307692307693,0.9691011235955056,0.0,0.6666666666666666,1.0,1.0,0.5,1.0,0.0,True,0.9385633270321361,0.9421252371916509,0.012358184764991896,0.8355193138122559,882.1910860496737,1.0,0.9984051036682615,0.7692307692307693,0.9747191011235955,0.0,0.6666666666666666,1.0,1.0,0.5,1.0,0.0,XGBoost,fleet,40000,20000,5.95,B_fleet_size,CIDv2_Prototype,FS-B,1,6,CIDv2_OpelAstra|CTT_Forester|CTT_Impala|CTT_Silverado|CTT_Traverse|ROAD_ORNL
5994,1058,0.17650984317650983,0.952251292919885,0.9414858560910837,4940,0.05043064462733162,False,0.6247637051039697,1.0,0.0,468750.00000000006,0.0,0.0,0.9968102073365231,0.0,0.10112359550561797,0.0,0.3333333333333333,0.0,1.0,0.0,1.0,0.0,False,0.6247637051039697,1.0,0.0,468750.00000000006,0.0,0.0,0.9968102073365231,0.0,0.10112359550561797,0.0,0.3333333333333333,0.0,1.0,0.0,1.0,0.0,True,0.7400756143667296,0.9987244897959183,0.0002025931928687196,375000.0,14.462148951633994,0.0,0.9984051036682615,0.0,0.4410112359550562,0.0,0.3333333333333333,0.0,1.0,0.0,1.0,0.0,True,0.7400756143667296,0.9987244897959183,0.0002025931928687196,375000.0,14.462148951633994,0.0,0.9984051036682615,0.0,0.4410112359550562,0.0,0.3333333333333333,0.0,1.0,0.0,1.0,0.0,True,0.8374291115311909,0.9661941112322792,0.006280388978930308,296875.0,448.3266175006539,0.0,0.9984051036682615,0.0,0.7162921348314607,0.09615384615384616,0.5,0.0,1.0,0.0,1.0,1.0,Rule:Combined,fleet,40000,20000,0.05,B_fleet_size,CIDv2_Prototype,FS-B,1,6,CIDv2_OpelAstra|CTT_Forester|CTT_Impala|CTT_Silverado|CTT_Traverse|ROAD_ORNL
5994,1058,0.17650984317650983,0.968101720931515,0.9613515756704861,4940,0.05043064462733162,False,0.9092627599243857,0.9979253112033195,0.0004051863857374392,0.8978383934540581,28.924297903267988,1.0,1.0,0.7692307692307693,0.8848314606741573,0.0,0.6666666666666666,1.0,1.0,0.5,1.0,0.0,False,0.9092627599243857,0.9979253112033195,0.0004051863857374392,0.8978383934540581,28.924297903267988,1.0,1.0,0.7692307692307693,0.8848314606741573,0.0,0.6666666666666666,1.0,1.0,0.5,1.0,0.0,True,0.9187145557655955,0.9918367346938776,0.0016207455429497568,0.8787426464854065,115.69719161307195,1.0,1.0,0.7692307692307693,0.9129213483146067,0.0,0.6666666666666666,1.0,1.0,0.5,1.0,0.0,True,0.9187145557655955,0.9918367346938776,0.0016207455429497568,0.8787426464854065,115.69719161307195,1.0,1.0,0.7692307692307693,0.9129213483146067,0.0,0.6666666666666666,1.0,1.0,0.5,1.0,0.0,True,0.9395085066162571,0.9403973509933775,0.012763371150729336,0.745145657609009,911.1153839529417,1.0,1.0,0.7692307692307693,0.9662921348314607,0.057692307692307696,0.8333333333333334,1.0,1.0,0.5,1.0,1.0,HistGB,fleet,40000,20000,11.36,B_fleet_size,CIDv2_Prototype,FS-B,0,6,CIDv2_RenaultClio|CTT_Forester|CTT_Impala|CTT_Silverado|CTT_Traverse|ROAD_ORNL
5994,1058,0.17650984317650983,0.9759499093117807,0.9652255723266564,4940,0.05043064462733162,False,0.9281663516068053,1.0,0.0,0.8975573778152467,0.0,1.0,0.9984051036682615,0.7692307692307693,0.9438202247191011,0.0,0.6666666666666666,1.0,1.0,0.5,1.0,0.0,False,0.9281663516068053,1.0,0.0,0.8975573778152467,0.0,1.0,0.9984051036682615,0.7692307692307693,0.9438202247191011,0.0,0.6666666666666666,1.0,1.0,0.5,1.0,0.0,True,0.9281663516068053,1.0,0.0,0.8975573778152466,0.0,1.0,0.9984051036682615,0.7692307692307693,0.9438202247191011,0.0,0.6666666666666666,1.0,1.0,0.5,1.0,0.0,True,0.9281663516068053,1.0,0.0,0.8975573778152467,0.0,1.0,0.9984051036682615,0.7692307692307693,0.9438202247191011,0.0,0.6666666666666666,1.0,1.0,0.5,1.0,0.0,True,0.9366729678638941,0.9538017324350336,0.009724473257698542,0.792633593082428,694.183149678432,1.0,1.0,0.7692307692307693,0.9634831460674157,0.019230769230769232,0.8333333333333334,1.0,1.0,0.5,1.0,1.0,XGBoost,fleet,40000,20000,7.78,B_fleet_size,CIDv2_Prototype,FS-B,0,6,CIDv2_RenaultClio|CTT_Forester|CTT_Impala|CTT_Silverado|CTT_Traverse|ROAD_ORNL
5994,1058,0.17650984317650983,0.9522520588676842,0.9414859697198452,4940,0.05043064462733162,False,0.6247637051039697,1.0,0.0,468750.00000000006,0.0,0.0,0.9968102073365231,0.0,0.10112359550561797,0.0,0.3333333333333333,0.0,1.0,0.0,1.0,0.0,False,0.6247637051039697,1.0,0.0,468750.00000000006,0.0,0.0,0.9968102073365231,0.0,0.10112359550561797,0.0,0.3333333333333333,0.0,1.0,0.0,1.0,0.0,True,0.7400756143667296,0.9987244897959183,0.0002025931928687196,375000.0,14.462148951633994,0.0,0.9984051036682615,0.0,0.4410112359550562,0.0,0.3333333333333333,0.0,1.0,0.0,1.0,0.0,True,0.7400756143667296,0.9987244897959183,0.0002025931928687196,375000.0,14.462148951633994,0.0,0.9984051036682615,0.0,0.4410112359550562,0.0,0.3333333333333333,0.0,1.0,0.0,1.0,0.0,True,0.8374291115311909,0.9661941112322792,0.006280388978930308,296875.0,448.3266175006539,0.0,0.9984051036682615,0.0,0.7162921348314607,0.09615384615384616,0.5,0.0,1.0,0.0,1.0,1.0,Rule:Combined,fleet,40000,20000,0.04,B_fleet_size,CIDv2_Prototype,FS-B,0,6,CIDv2_RenaultClio|CTT_Forester|CTT_Impala|CTT_Silverado|CTT_Traverse|ROAD_ORNL
5994,1058,0.17650984317650983,0.9618965863238489,0.9292302352256798,4940,0.05043064462733162,False,0.6124763705103969,1.0,0.0,0.9905733983421067,0.0,1.0,1.0,0.7692307692307693,0.0028089887640449437,0.0,0.6666666666666666,1.0,1.0,0.5,1.0,0.0,False,0.6124763705103969,1.0,0.0,0.9905733983421067,0.0,1.0,1.0,0.7692307692307693,0.0028089887640449437,0.0,0.6666666666666666,1.0,1.0,0.5,1.0,0.0,True,0.6124763705103969,1.0,0.0,0.9905733983421066,0.0,1.0,1.0,0.7692307692307693,0.0028089887640449437,0.0,0.6666666666666666,1.0,1.0,0.5,1.0,0.0,True,0.6124763705103969,1.0,0.0,0.9905733983421067,0.0,1.0,1.0,0.7692307692307693,0.0028089887640449437,0.0,0.6666666666666666,1.0,1.0,0.5,1.0,0.0,True,0.667296786389414,0.9289473684210526,0.01094003241491086,0.9719914575926039,780.9560433882359,1.0,1.0,0.7692307692307693,0.1601123595505618,0.038461538461538464,0.8333333333333334,1.0,1.0,0.5,1.0,1.0,HistGB,fleet,40000,20000,12.22,B_fleet_size,CIDv2_Prototype,FS-B,1,6,CIDv2_RenaultClio|CTT_Forester|CTT_Impala|CTT_Silverado|CTT_Traverse|ROAD_ORNL
5994,1058,0.17650984317650983,0.9650902056723031,0.9627902143227616,4940,0.05043064462733162,False,0.9357277882797732,1.0,0.0,0.8414704799652101,0.0,1.0,1.0,0.7692307692307693,0.9634831460674157,0.0,0.6666666666666666,1.0,1.0,0.5,1.0,0.0,False,0.9357277882797732,1.0,0.0,0.8414704799652101,0.0,1.0,1.0,0.7692307692307693,0.9634831460674157,0.0,0.6666666666666666,1.0,1.0,0.5,1.0,0.0,True,0.9357277882797732,0.9979838709677419,0.0004051863857374392,0.834607720375061,28.924297903267988,1.0,1.0,0.7692307692307693,0.9634831460674157,0.0,0.6666666666666666,1.0,1.0,0.5,1.0,0.0,True,0.9357277882797732,1.0,0.0,0.84147047996521,0.0,1.0,1.0,0.7692307692307693,0.9634831460674157,0.0,0.6666666666666666,1.0,1.0,0.5,1.0,0.0,True,0.9385633270321361,0.9566473988439307,0.009116693679092382,0.7392084002494812,650.7967028235297,1.0,1.0,0.7692307692307693,0.9662921348314607,0.038461538461538464,0.8333333333333334,1.0,1.0,0.5,1.0,1.0,XGBoost,fleet,40000,20000,5.93,B_fleet_size,CIDv2_Prototype,FS-B,1,6,CIDv2_RenaultClio|CTT_Forester|CTT_Impala|CTT_Silverado|CTT_Traverse|ROAD_ORNL
5994,1058,0.17650984317650983,0.9522520588676842,0.9414859697198452,4940,0.05043064462733162,False,0.6247637051039697,1.0,0.0,468750.00000000006,0.0,0.0,0.9968102073365231,0.0,0.10112359550561797,0.0,0.3333333333333333,0.0,1.0,0.0,1.0,0.0,False,0.6247637051039697,1.0,0.0,468750.00000000006,0.0,0.0,0.9968102073365231,0.0,0.10112359550561797,0.0,0.3333333333333333,0.0,1.0,0.0,1.0,0.0,True,0.7400756143667296,0.9987244897959183,0.0002025931928687196,375000.0,14.462148951633994,0.0,0.9984051036682615,0.0,0.4410112359550562,0.0,0.3333333333333333,0.0,1.0,0.0,1.0,0.0,True,0.7400756143667296,0.9987244897959183,0.0002025931928687196,375000.0,14.462148951633994,0.0,0.9984051036682615,0.0,0.4410112359550562,0.0,0.3333333333333333,0.0,1.0,0.0,1.0,0.0,True,0.8374291115311909,0.9661941112322792,0.006280388978930308,296875.0,448.3266175006539,0.0,0.9984051036682615,0.0,0.7162921348314607,0.09615384615384616,0.5,0.0,1.0,0.0,1.0,1.0,Rule:Combined,fleet,40000,20000,0.04,B_fleet_size,CIDv2_Prototype,FS-B,1,6,CIDv2_RenaultClio|CTT_Forester|CTT_Impala|CTT_Silverado|CTT_Traverse|ROAD_ORNL
5994,1058,0.17650984317650983,0.9717957914232229,0.9498388028527416,4940,0.05043064462733162,False,0.7844990548204159,0.9987966305655837,0.0002025931928687196,0.961583244480271,14.462148951633994,1.0,1.0,0.7692307692307693,0.5112359550561798,0.019230769230769232,0.8333333333333334,1.0,1.0,0.5,1.0,1.0,False,0.7844990548204159,0.9987966305655837,0.0002025931928687196,0.961583244480271,14.462148951633994,1.0,1.0,0.7692307692307693,0.5112359550561798,0.019230769230769232,0.8333333333333334,1.0,1.0,0.5,1.0,1.0,True,0.8081285444234405,0.9918793503480279,0.0014181523500810373,0.9517695498356716,101.23504266143796,1.0,1.0,0.7692307692307693,0.5814606741573034,0.019230769230769232,0.8333333333333334,1.0,1.0,0.5,1.0,1.0,True,0.8015122873345936,0.991812865497076,0.0014181523500810373,0.9530539578107917,101.23504266143796,1.0,1.0,0.7692307692307693,0.5617977528089888,0.019230769230769232,0.8333333333333334,1.0,1.0,0.5,1.0,1.0,True,0.9064272211720227,0.9292635658914729,0.01478930307941653,0.9224737334993737,1055.7368734692816,1.0,1.0,0.8461538461538461,0.8651685393258427,0.057692307692307696,1.0,1.0,1.0,1.0,1.0,1.0,HistGB,fleet,40000,20000,11.88,B_fleet_size,CIDv2_Prototype,FS-B,0,7,CIDv2_OpelAstra|CIDv2_RenaultClio|CTT_Forester|CTT_Impala|CTT_Silverado|CTT_Traverse|ROAD_ORNL
5994,1058,0.17650984317650983,0.9711247254077141,0.9616193092561467,4940,0.05043064462733162,False,0.8950850661625709,1.0,0.0,0.9882991313934327,0.0,1.0,0.9984051036682615,0.7692307692307693,0.8455056179775281,0.0,0.6666666666666666,1.0,1.0,0.5,1.0,0.0,False,0.8950850661625709,1.0,0.0,0.9882991313934327,0.0,1.0,0.9984051036682615,0.7692307692307693,0.8455056179775281,0.0,0.6666666666666666,1.0,1.0,0.5,1.0,0.0,True,0.9149338374291115,0.9857433808553971,0.0028363047001620746,0.9781845211982727,202.47008532287592,1.0,0.9984051036682615,0.7692307692307693,0.9044943820224719,0.0,0.6666666666666666,1.0,1.0,0.5,1.0,0.0,True,0.9149338374291115,0.9887640449438202,0.002228525121555916,0.9794104099273682,159.08363846797394,1.0,0.9984051036682615,0.7692307692307693,0.9044943820224719,0.0,0.6666666666666666,1.0,1.0,0.5,1.0,0.0,True,0.9376181474480151,0.9385052034058656,0.013168557536466775,0.9595568180084229,940.0396818562097,1.0,0.9984051036682615,0.7692307692307693,0.9719101123595506,0.0,0.6666666666666666,1.0,1.0,0.5,1.0,0.0,XGBoost,fleet,40000,20000,5.61,B_fleet_size,CIDv2_Prototype,FS-B,0,7,CIDv2_OpelAstra|CIDv2_RenaultClio|CTT_Forester|CTT_Impala|CTT_Silverado|CTT_Traverse|ROAD_ORNL
5994,1058,0.17650984317650983,0.9522518673807343,0.9414859415348665,4940,0.05043064462733162,False,0.6247637051039697,1.0,0.0,468750.00000000006,0.0,0.0,0.9968102073365231,0.0,0.10112359550561797,0.0,0.3333333333333333,0.0,1.0,0.0,1.0,0.0,False,0.6247637051039697,1.0,0.0,468750.00000000006,0.0,0.0,0.9968102073365231,0.0,0.10112359550561797,0.0,0.3333333333333333,0.0,1.0,0.0,1.0,0.0,True,0.7400756143667296,0.9987244897959183,0.0002025931928687196,375000.0,14.462148951633994,0.0,0.9984051036682615,0.0,0.4410112359550562,0.0,0.3333333333333333,0.0,1.0,0.0,1.0,0.0,True,0.7400756143667296,0.9987244897959183,0.0002025931928687196,375000.0,14.462148951633994,0.0,0.9984051036682615,0.0,0.4410112359550562,0.0,0.3333333333333333,0.0,1.0,0.0,1.0,0.0,True,0.8374291115311909,0.9661941112322792,0.006280388978930308,296875.0,448.3266175006539,0.0,0.9984051036682615,0.0,0.7162921348314607,0.09615384615384616,0.5,0.0,1.0,0.0,1.0,1.0,Rule:Combined,fleet,40000,20000,0.04,B_fleet_size,CIDv2_Prototype,FS-B,0,7,CIDv2_OpelAstra|CIDv2_RenaultClio|CTT_Forester|CTT_Impala|CTT_Silverado|CTT_Traverse|ROAD_ORNL
5994,1058,0.17650984317650983,0.9729625214082409,0.9630260482377406,4940,0.05043064462733162,False,0.8024574669187146,0.9976498237367802,0.0004051863857374392,0.9797115480344645,28.924297903267988,1.0,1.0,0.7692307692307693,0.5674157303370787,0.0,0.6666666666666666,1.0,1.0,0.5,1.0,0.0,False,0.8024574669187146,0.9976498237367802,0.0004051863857374392,0.9797115480344645,28.924297903267988,1.0,1.0,0.7692307692307693,0.5674157303370787,0.0,0.6666666666666666,1.0,1.0,0.5,1.0,0.0,True,0.8714555765595463,0.9829424307036247,0.0032414910858995136,0.9646198307066065,231.3943832261439,1.0,1.0,0.7692307692307693,0.7724719101123596,0.0,0.6666666666666666,1.0,1.0,0.5,1.0,0.0,True,0.8714555765595463,0.9829424307036247,0.0032414910858995136,0.9646198307066065,231.3943832261439,1.0,1.0,0.7692307692307693,0.7724719101123596,0.0,0.6666666666666666,1.0,1.0,0.5,1.0,0.0,True,0.9083175803402647,0.9339164237123421,0.013776337115072933,0.8969418069537457,983.4261287111118,1.0,1.0,0.8461538461538461,0.8707865168539326,0.057692307692307696,1.0,1.0,1.0,1.0,1.0,1.0,HistGB,fleet,40000,20000,14.21,B_fleet_size,CIDv2_Prototype,FS-B,1,7,CIDv2_OpelAstra|CIDv2_RenaultClio|CTT_Forester|CTT_Impala|CTT_Silverado|CTT_Traverse|ROAD_ORNL
5994,1058,0.17650984317650983,0.9870435142604161,0.9728651436249229,4940,0.05043064462733162,False,0.9338374291115312,0.988,0.0024311183144246355,0.9485127925872804,173.545787419608,1.0,0.9984051036682615,0.7692307692307693,0.9606741573033708,0.0,0.6666666666666666,1.0,1.0,0.5,1.0,0.0,False,0.9338374291115312,0.988,0.0024311183144246355,0.9485127925872804,173.545787419608,1.0,0.9984051036682615,0.7692307692307693,0.9606741573033708,0.0,0.6666666666666666,1.0,1.0,0.5,1.0,0.0,True,0.9338374291115312,0.9850448654037887,0.0030388978930307943,0.9432505369186401,216.93223427450997,1.0,0.9984051036682615,0.7692307692307693,0.9606741573033708,0.0,0.6666666666666666,1.0,1.0,0.5,1.0,0.0,True,0.9338374291115312,0.988,0.0024311183144246355,0.9485127925872803,173.545787419608,1.0,0.9984051036682615,0.7692307692307693,0.9606741573033708,0.0,0.6666666666666666,1.0,1.0,0.5,1.0,0.0,True,0.9376181474480151,0.9438629876308278,0.011952998379254457,0.8443372845649719,853.2667881464057,1.0,0.9984051036682615,0.7692307692307693,0.9691011235955056,0.019230769230769232,0.8333333333333334,1.0,1.0,0.5,1.0,1.0,XGBoost,fleet,40000,20000,5.9,B_fleet_size,CIDv2_Prototype,FS-B,1,7,CIDv2_OpelAstra|CIDv2_RenaultClio|CTT_Forester|CTT_Impala|CTT_Silverado|CTT_Traverse|ROAD_ORNL
5994,1058,0.17650984317650983,0.9041014206799778,0.7699821054468886,4940,0.05043064462733162,False,0.0,0.0,0.0,1000000.0000000001,0.0,0.0,0.0,0.0,0.0,0.0,0.0,0.0,0.0,0.0,0.0,0.0,False,0.0,0.0,0.0,1000000.0000000001,0.0,0.0,0.0,0.0,0.0,0.0,0.0,0.0,0.0,0.0,0.0,0.0,True,0.5916824196597353,0.9936507936507937,0.0008103727714748784,1000000.0,57.848595806535975,0.0,0.9968102073365231,0.0,0.0,0.019230769230769232,0.3333333333333333,0.0,1.0,0.0,0.0,1.0,True,0.5916824196597353,0.9936507936507937,0.0008103727714748784,1000000.0,57.848595806535975,0.0,0.9968102073365231,0.0,0.0,0.019230769230769232,0.3333333333333333,0.0,1.0,0.0,0.0,1.0,True,0.6049149338374291,0.9580838323353293,0.005672609400324149,984375.0,404.94017064575183,0.0,0.9968102073365231,0.0,0.0,0.28846153846153844,0.3333333333333333,0.0,1.0,0.0,0.0,1.0,Rule:Combined,fleet,40000,20000,0.05,B_fleet_size,CIDv2_Prototype,FS-B,1,7,CIDv2_OpelAstra|CIDv2_RenaultClio|CTT_Forester|CTT_Impala|CTT_Silverado|CTT_Traverse|ROAD_ORNL
5994,1058,0.17650984317650983,0.5,0.17650984317650983,4940,0.05043064462733162,False,0.0,0.0,0.0,0.9964539601686093,0.0,0.0,0.0,0.0,0.0,0.0,0.0,0.0,0.0,0.0,0.0,0.0,False,0.0,0.0,0.0,0.9964539601686093,0.0,0.0,0.0,0.0,0.0,0.0,0.0,0.0,0.0,0.0,0.0,0.0,True,0.0,0.0,0.0,0.9964539601686093,0.0,0.0,0.0,0.0,0.0,0.0,0.0,0.0,0.0,0.0,0.0,0.0,True,0.0,0.0,0.0,0.9964539601686093,0.0,0.0,0.0,0.0,0.0,0.0,0.0,0.0,0.0,0.0,0.0,0.0,True,0.0,0.0,0.0,0.9964539601686093,0.0,0.0,0.0,0.0,0.0,0.0,0.0,0.0,0.0,0.0,0.0,0.0,HistGB,fleet,17309,864,5.46,B_fleet_size,CIDv2_Prototype,FS-A,0,1,CIDv2_RenaultClio
5994,1058,0.17650984317650983,0.634599719509916,0.6699791704256303,4940,0.05043064462733162,False,0.5907372400756143,1.0,0.0,0.9999113082885743,0.0,0.0,0.9968102073365231,0.0,0.0,0.0,0.16666666666666666,0.0,1.0,0.0,0.0,0.0,False,0.5907372400756143,1.0,0.0,0.9999113082885743,0.0,0.0,0.9968102073365231,0.0,0.0,0.0,0.16666666666666666,0.0,1.0,0.0,0.0,0.0,True,0.5916824196597353,1.0,0.0,0.9999068975448608,0.0,0.0,0.9984051036682615,0.0,0.0,0.0,0.16666666666666666,0.0,1.0,0.0,0.0,0.0,True,0.5907372400756143,1.0,0.0,0.9999113082885743,0.0,0.0,0.9968102073365231,0.0,0.0,0.0,0.16666666666666666,0.0,1.0,0.0,0.0,0.0,True,0.5992438563327032,0.9378698224852071,0.008508914100486223,0.9998434782028198,607.4102559686278,0.0,0.9984051036682615,0.0,0.0,0.15384615384615385,0.3333333333333333,0.0,1.0,0.0,0.0,1.0,XGBoost,fleet,17309,864,2.89,B_fleet_size,CIDv2_Prototype,FS-A,0,1,CIDv2_RenaultClio
5994,1058,0.17650984317650983,0.5,0.17650984317650983,4940,0.05043064462733162,False,0.0,0.0,0.0,0.9964539601686093,0.0,0.0,0.0,0.0,0.0,0.0,0.0,0.0,0.0,0.0,0.0,0.0,False,0.0,0.0,0.0,0.9964539601686093,0.0,0.0,0.0,0.0,0.0,0.0,0.0,0.0,0.0,0.0,0.0,0.0,True,0.0,0.0,0.0,0.9964539601686093,0.0,0.0,0.0,0.0,0.0,0.0,0.0,0.0,0.0,0.0,0.0,0.0,True,0.0,0.0,0.0,0.9964539601686093,0.0,0.0,0.0,0.0,0.0,0.0,0.0,0.0,0.0,0.0,0.0,0.0,True,0.0,0.0,0.0,0.9964539601686093,0.0,0.0,0.0,0.0,0.0,0.0,0.0,0.0,0.0,0.0,0.0,0.0,HistGB,fleet,17309,864,4.99,B_fleet_size,CIDv2_Prototype,FS-A,1,1,CIDv2_RenaultClio
5994,1058,0.17650984317650983,0.634599719509916,0.6699791704256303,4940,0.05043064462733162,False,0.5907372400756143,1.0,0.0,0.9999113082885743,0.0,0.0,0.9968102073365231,0.0,0.0,0.0,0.16666666666666666,0.0,1.0,0.0,0.0,0.0,False,0.5907372400756143,1.0,0.0,0.9999113082885743,0.0,0.0,0.9968102073365231,0.0,0.0,0.0,0.16666666666666666,0.0,1.0,0.0,0.0,0.0,True,0.5916824196597353,1.0,0.0,0.9999068975448608,0.0,0.0,0.9984051036682615,0.0,0.0,0.0,0.16666666666666666,0.0,1.0,0.0,0.0,0.0,True,0.5907372400756143,1.0,0.0,0.9999113082885743,0.0,0.0,0.9968102073365231,0.0,0.0,0.0,0.16666666666666666,0.0,1.0,0.0,0.0,0.0,True,0.5992438563327032,0.9378698224852071,0.008508914100486223,0.9998434782028198,607.4102559686278,0.0,0.9984051036682615,0.0,0.0,0.15384615384615385,0.3333333333333333,0.0,1.0,0.0,0.0,1.0,XGBoost,fleet,17309,864,3.49,B_fleet_size,CIDv2_Prototype,FS-A,1,1,CIDv2_RenaultClio
5994,1058,0.17650984317650983,0.9647445717279476,0.950356004200054,4940,0.05043064462733162,False,0.7712665406427222,1.0,0.0,0.9986357352208853,0.0,0.0,0.9968102073365231,0.0,0.5365168539325843,0.0,0.3333333333333333,0.0,1.0,0.0,1.0,0.0,False,0.7712665406427222,1.0,0.0,0.9986357352208853,0.0,0.0,0.9968102073365231,0.0,0.5365168539325843,0.0,0.3333333333333333,0.0,1.0,0.0,1.0,0.0,True,0.832703213610586,0.9943566591422122,0.001012965964343598,0.9983622893821427,72.31074475816997,0.0,0.9968102073365231,0.0,0.7191011235955056,0.0,0.3333333333333333,0.0,1.0,0.0,1.0,0.0,True,0.8298676748582231,0.9954648526077098,0.0008103727714748784,0.9984031708590664,57.848595806535975,0.0,0.9968102073365231,0.0,0.7106741573033708,0.0,0.3333333333333333,0.0,1.0,0.0,1.0,0.0,True,0.9187145557655955,0.9510763209393346,0.01012965964343598,0.9968935320120658,723.1074475816997,0.0,0.9968102073365231,0.07692307692307693,0.9719101123595506,0.0,0.5,0.0,1.0,0.5,1.0,0.0,HistGB,fleet,40000,20000,12.35,B_fleet_size,CIDv2_Prototype,FS-A,0,1,CTT_Forester
5994,1058,0.17650984317650983,0.9395110916900792,0.9401884034408445,4940,0.05043064462733162,False,0.8903591682419659,1.0,0.0,0.999596655368805,0.0,0.0,0.9968102073365231,0.0,0.8904494382022472,0.0,0.3333333333333333,0.0,1.0,0.0,1.0,0.0,False,0.8903591682419659,1.0,0.0,0.999596655368805,0.0,0.0,0.9968102073365231,0.0,0.8904494382022472,0.0,0.3333333333333333,0.0,1.0,0.0,1.0,0.0,True,0.9158790170132325,0.9938461538461538,0.0012155591572123178,0.9992843270301819,86.772893709804,0.0,0.9968102073365231,0.0,0.9662921348314607,0.0,0.3333333333333333,0.0,1.0,0.0,1.0,0.0,True,0.9158790170132325,0.9948665297741273,0.001012965964343598,0.9993584752082825,72.31074475816997,0.0,0.9968102073365231,0.0,0.9662921348314607,0.0,0.3333333333333333,0.0,1.0,0.0,1.0,0.0,True,0.9206049149338374,0.949317738791423,0.01053484602917342,0.998936116695404,752.0317454849677,0.0,0.9968102073365231,0.0,0.9803370786516854,0.0,0.3333333333333333,0.0,1.0,0.0,1.0,0.0,XGBoost,fleet,40000,20000,6.74,B_fleet_size,CIDv2_Prototype,FS-A,0,1,CTT_Forester
5994,1058,0.17650984317650983,0.9744764172332128,0.9428058576802214,4940,0.05043064462733162,False,0.7920604914933838,1.0,0.0,0.9981860302876038,0.0,0.0,0.9968102073365231,0.0,0.598314606741573,0.0,0.3333333333333333,0.0,1.0,0.0,1.0,0.0,False,0.7920604914933838,1.0,0.0,0.9981860302876038,0.0,0.0,0.9968102073365231,0.0,0.598314606741573,0.0,0.3333333333333333,0.0,1.0,0.0,1.0,0.0,True,0.7986767485822306,0.9929494712103408,0.0012155591572123178,0.9977562491454787,86.772893709804,0.0,0.9968102073365231,0.0,0.6179775280898876,0.0,0.3333333333333333,0.0,1.0,0.0,1.0,0.0,True,0.7967863894139886,0.9964539007092199,0.0006077795786061589,0.997898508105217,43.386446854902,0.0,0.9968102073365231,0.0,0.6123595505617978,0.0,0.3333333333333333,0.0,1.0,0.0,1.0,0.0,True,0.8005671077504726,0.9506172839506173,0.008914100486223663,0.9974195131762315,636.3345538718958,0.0,0.9968102073365231,0.0,0.6235955056179775,0.0,0.3333333333333333,0.0,1.0,0.0,1.0,0.0,HistGB,fleet,40000,20000,12.99,B_fleet_size,CIDv2_Prototype,FS-A,1,1,CTT_Forester
5994,1058,0.17650984317650983,0.9517382036379456,0.942660660329902,4940,0.05043064462733162,False,0.9102079395085066,1.0,0.0,0.9996684789657594,0.0,0.0,0.9968102073365231,0.0,0.949438202247191,0.0,0.3333333333333333,0.0,1.0,0.0,1.0,0.0,False,0.9102079395085066,1.0,0.0,0.9996684789657594,0.0,0.0,0.9968102073365231,0.0,0.949438202247191,0.0,0.3333333333333333,0.0,1.0,0.0,1.0,0.0,True,0.9158790170132325,0.9948665297741273,0.001012965964343598,0.9993652701377869,72.31074475816997,0.0,0.9968102073365231,0.0,0.9662921348314607,0.0,0.3333333333333333,0.0,1.0,0.0,1.0,0.0,True,0.9158790170132325,0.9948665297741273,0.001012965964343598,0.9993689656257629,72.31074475816997,0.0,0.9968102073365231,0.0,0.9662921348314607,0.0,0.3333333333333333,0.0,1.0,0.0,1.0,0.0,True,0.9158790170132325,0.9661016949152542,0.006888168557536467,0.9989946484565735,491.7130643555559,0.0,0.9968102073365231,0.0,0.9662921348314607,0.0,0.3333333333333333,0.0,1.0,0.0,1.0,0.0,XGBoost,fleet,40000,20000,26.91,B_fleet_size,CIDv2_Prototype,FS-A,1,1,CTT_Forester
5994,1058,0.17650984317650983,0.9309527739565493,0.9234478522694946,4940,0.05043064462733162,False,0.8799621928166351,1.0,0.0,0.9941901800699037,0.0,0.0,1.0,0.0,0.8539325842696629,0.0,0.3333333333333333,0.0,1.0,0.0,1.0,0.0,False,0.8799621928166351,1.0,0.0,0.9941901800699037,0.0,0.0,1.0,0.0,0.8539325842696629,0.0,0.3333333333333333,0.0,1.0,0.0,1.0,0.0,True,0.8799621928166351,1.0,0.0,0.9941901800699037,0.0,0.0,1.0,0.0,0.8539325842696629,0.0,0.3333333333333333,0.0,1.0,0.0,1.0,0.0,True,0.8799621928166351,1.0,0.0,0.9941901800699037,0.0,0.0,1.0,0.0,0.8539325842696629,0.0,0.3333333333333333,0.0,1.0,0.0,1.0,0.0,True,0.8922495274102079,0.9823100936524454,0.0034440842787682334,0.993718069113963,245.85653217777795,0.1,1.0,0.0,0.8876404494382022,0.0,0.5,1.0,1.0,0.0,1.0,0.0,HistGB,fleet,40000,12610,26.87,B_fleet_size,CIDv2_Prototype,FS-A,0,1,CTT_Impala
5994,1058,0.17650984317650983,0.9464389937896953,0.9442242230581177,4940,0.05043064462733162,False,0.8875236294896031,1.0,0.0,0.9982181191444398,0.0,0.0,0.9968102073365231,0.0,0.8820224719101124,0.0,0.3333333333333333,0.0,1.0,0.0,1.0,0.0,False,0.8875236294896031,1.0,0.0,0.9982181191444398,0.0,0.0,0.9968102073365231,0.0,0.8820224719101124,0.0,0.3333333333333333,0.0,1.0,0.0,1.0,0.0,True,0.9187145557655955,0.9959016393442623,0.0008103727714748784,0.996965229511261,57.848595806535975,0.0,0.9984051036682615,0.0,0.9719101123595506,0.0,0.3333333333333333,0.0,1.0,0.0,1.0,0.0,True,0.9187145557655955,0.9969230769230769,0.0006077795786061589,0.9972437620162964,43.386446854902,0.0,0.9984051036682615,0.0,0.9719101123595506,0.0,0.3333333333333333,0.0,1.0,0.0,1.0,0.0,True,0.9243856332703214,0.9569471624266145,0.008914100486223663,0.9950311183929443,636.3345538718958,0.0,0.9984051036682615,0.0,0.9887640449438202,0.0,0.3333333333333333,0.0,1.0,0.0,1.0,0.0,XGBoost,fleet,40000,12610,10.16,B_fleet_size,CIDv2_Prototype,FS-A,0,1,CTT_Impala
5994,1058,0.17650984317650983,0.9527607439497783,0.919205643293272,4940,0.05043064462733162,False,0.6446124763705104,1.0,0.0,0.9977023906811382,0.0,0.2,1.0,0.0,0.14887640449438203,0.0,0.5,1.0,1.0,0.0,1.0,0.0,False,0.6446124763705104,1.0,0.0,0.9977023906811382,0.0,0.2,1.0,0.0,0.14887640449438203,0.0,0.5,1.0,1.0,0.0,1.0,0.0,True,0.667296786389414,0.9985855728429985,0.0002025931928687196,0.9975027841294434,14.462148951633994,0.2,1.0,0.0,0.21629213483146068,0.0,0.5,1.0,1.0,0.0,1.0,0.0,True,0.6512287334593573,1.0,0.0,0.9976817152852464,0.0,0.2,1.0,0.0,0.16853932584269662,0.0,0.5,1.0,1.0,0.0,1.0,0.0,True,0.7637051039697542,0.9758454106280193,0.004051863857374392,0.9971125167218479,289.2429790326799,0.2,1.0,0.07692307692307693,0.5,0.0,0.6666666666666666,1.0,1.0,0.5,1.0,0.0,HistGB,fleet,40000,12610,19.46,B_fleet_size,CIDv2_Prototype,FS-A,1,1,CTT_Impala
5994,1058,0.17650984317650983,0.9551409267355611,0.9494410641119772,4940,0.05043064462733162,False,0.9168241965973535,1.0,0.0,0.9979841709136964,0.0,0.1,0.9984051036682615,0.0,0.9634831460674157,0.0,0.5,1.0,1.0,0.0,1.0,0.0,False,0.9168241965973535,1.0,0.0,0.9979841709136964,0.0,0.1,0.9984051036682615,0.0,0.9634831460674157,0.0,0.5,1.0,1.0,0.0,1.0,0.0,True,0.9234404536862004,0.9928861788617886,0.0014181523500810373,0.9969498515129089,101.23504266143796,0.3,0.9984051036682615,0.0,0.9775280898876404,0.0,0.5,1.0,1.0,0.0,1.0,0.0,True,0.9234404536862004,0.994908350305499,0.001012965964343598,0.99716717004776,72.31074475816997,0.3,0.9984051036682615,0.0,0.9775280898876404,0.0,0.5,1.0,1.0,0.0,1.0,0.0,True,0.9300567107750473,0.956268221574344,0.009116693679092382,0.9959308505058289,650.7967028235297,0.3,0.9984051036682615,0.0,0.9971910112359551,0.0,0.5,1.0,1.0,0.0,1.0,0.0,XGBoost,fleet,40000,12610,8.61,B_fleet_size,CIDv2_Prototype,FS-A,1,1,CTT_Impala
5994,1058,0.17650984317650983,0.8743608165616297,0.8611974279360852,4940,0.05043064462733162,False,0.7599243856332704,0.9975186104218362,0.0004051863857374392,0.9995349538134999,28.924297903267988,0.0,1.0,0.0,0.49719101123595505,0.0,0.3333333333333333,0.0,1.0,0.0,1.0,0.0,False,0.7599243856332704,0.9975186104218362,0.0004051863857374392,0.9995349538134999,28.924297903267988,0.0,1.0,0.0,0.49719101123595505,0.0,0.3333333333333333,0.0,1.0,0.0,1.0,0.0,True,0.7627599243856332,0.9962962962962963,0.0006077795786061589,0.9995302134526338,43.386446854902,0.0,1.0,0.0,0.5056179775280899,0.0,0.3333333333333333,0.0,1.0,0.0,1.0,0.0,True,0.7627599243856332,0.9962962962962963,0.0006077795786061589,0.9995302134526338,43.386446854902,0.0,1.0,0.0,0.5056179775280899,0.0,0.3333333333333333,0.0,1.0,0.0,1.0,0.0,True,0.7930056710775047,0.935340022296544,0.011750405186385737,0.9993816551852516,838.8046391947717,0.0,1.0,0.15384615384615385,0.5898876404494382,0.0,0.5,0.0,1.0,0.5,1.0,0.0,HistGB,fleet,40000,20000,34.18,B_fleet_size,CIDv2_Prototype,FS-A,0,1,CTT_Silverado
5994,1058,0.17650984317650983,0.8046964280790335,0.7495045058909626,4940,0.05043064462733162,False,0.6001890359168242,0.9984276729559748,0.0002025931928687196,0.999804437160492,14.462148951633994,0.1,1.0,0.0,0.019662921348314606,0.0,0.5,1.0,1.0,0.0,1.0,0.0,False,0.6001890359168242,0.9984276729559748,0.0002025931928687196,0.999804437160492,14.462148951633994,0.1,1.0,0.0,0.019662921348314606,0.0,0.5,1.0,1.0,0.0,1.0,0.0,True,0.6030245746691871,0.9755351681957186,0.0032414910858995136,0.9997871518135071,231.3943832261439,0.1,1.0,0.0,0.028089887640449437,0.0,0.5,1.0,1.0,0.0,1.0,0.0,True,0.6001890359168242,0.9968602825745683,0.0004051863857374392,0.9998018145561218,28.924297903267988,0.1,1.0,0.0,0.019662921348314606,0.0,0.5,1.0,1.0,0.0,1.0,0.0,True,0.6086956521739131,0.9121813031161473,0.012560777957860616,0.9997534155845642,896.6532350013078,0.1,1.0,0.07692307692307693,0.042134831460674156,0.0,0.6666666666666666,1.0,1.0,0.5,1.0,0.0,XGBoost,fleet,40000,20000,11.31,B_fleet_size,CIDv2_Prototype,FS-A,0,1,CTT_Silverado
5994,1058,0.17650984317650983,0.682899526031502,0.682555519233921,4940,0.05043064462733162,False,0.5945179584120983,1.0,0.0,0.9998729282496872,0.0,0.0,1.0,0.0,0.0056179775280898875,0.0,0.3333333333333333,0.0,1.0,0.0,1.0,0.0,False,0.5945179584120983,1.0,0.0,0.9998729282496872,0.0,0.0,1.0,0.0,0.0056179775280898875,0.0,0.3333333333333333,0.0,1.0,0.0,1.0,0.0,True,0.5954631379962193,0.984375,0.002025931928687196,0.9998470072235945,144.62148951633995,0.0,1.0,0.0,0.008426966292134831,0.0,0.3333333333333333,0.0,1.0,0.0,1.0,0.0,True,0.5945179584120983,0.9889937106918238,0.0014181523500810373,0.9998700396823308,101.23504266143796,0.0,1.0,0.0,0.0056179775280898875,0.0,0.3333333333333333,0.0,1.0,0.0,1.0,0.0,True,0.5992438563327032,0.924198250728863,0.01053484602917342,0.9997903149406479,752.0317454849677,0.1,1.0,0.0,0.016853932584269662,0.0,0.5,1.0,1.0,0.0,1.0,0.0,HistGB,fleet,40000,20000,38.94,B_fleet_size,CIDv2_Prototype,FS-A,1,1,CTT_Silverado
5994,1058,0.17650984317650983,0.8037163978700523,0.7529193490409988,4940,0.05043064462733162,False,0.6068052930056711,0.9922720247295209,0.001012965964343598,0.9999400377273561,72.31074475816997,0.0,1.0,0.0,0.042134831460674156,0.0,0.3333333333333333,0.0,1.0,0.0,1.0,0.0,False,0.6068052930056711,0.9922720247295209,0.001012965964343598,0.9999400377273561,72.31074475816997,0.0,1.0,0.0,0.042134831460674156,0.0,0.3333333333333333,0.0,1.0,0.0,1.0,0.0,True,0.6068052930056711,0.9922720247295209,0.001012965964343598,0.999940037727356,72.31074475816997,0.0,1.0,0.0,0.042134831460674156,0.0,0.3333333333333333,0.0,1.0,0.0,1.0,0.0,True,0.6068052930056711,0.9922720247295209,0.001012965964343598,0.9999400377273561,72.31074475816997,0.0,1.0,0.0,0.042134831460674156,0.0,0.3333333333333333,0.0,1.0,0.0,1.0,0.0,True,0.6219281663516069,0.9228611500701263,0.011142625607779578,0.9999228715896606,795.4181923398697,0.0,1.0,0.07692307692307693,0.07865168539325842,0.038461538461538464,0.6666666666666666,0.0,1.0,0.5,1.0,1.0,XGBoost,fleet,40000,20000,11.13,B_fleet_size,CIDv2_Prototype,FS-A,1,1,CTT_Silverado
5994,1058,0.17650984317650983,0.965272501248495,0.9495677049208815,4940,0.05043064462733162,False,0.9035916824196597,1.0,0.0,0.9735668421417183,0.0,0.3,1.0,0.07692307692307693,0.9129213483146067,0.0,0.6666666666666666,1.0,1.0,0.5,1.0,0.0,False,0.9035916824196597,1.0,0.0,0.9735668421417183,0.0,0.3,1.0,0.07692307692307693,0.9129213483146067,0.0,0.6666666666666666,1.0,1.0,0.5,1.0,0.0,True,0.9092627599243857,0.9948293691830403,0.001012965964343598,0.9645071998818148,72.31074475816997,0.3,1.0,0.15384615384615385,0.9269662921348315,0.0,0.6666666666666666,1.0,1.0,0.5,1.0,0.0,True,0.9064272211720227,0.9968814968814969,0.0006077795786061589,0.9680714935678483,43.386446854902,0.3,1.0,0.07692307692307693,0.9213483146067416,0.0,0.6666666666666666,1.0,1.0,0.5,1.0,0.0,True,0.9149338374291115,0.9593657086223984,0.008306320907617504,0.947201474550696,592.9481070169938,0.3,1.0,0.15384615384615385,0.9438202247191011,0.0,0.6666666666666666,1.0,1.0,0.5,1.0,0.0,HistGB,fleet,40000,20000,21.02,B_fleet_size,CIDv2_Prototype,FS-A,0,1,CTT_Traverse
5994,1058,0.17650984317650983,0.9751929613992947,0.9534681615498143,4940,0.05043064462733162,False,0.8005671077504726,0.9988207547169812,0.0002025931928687196,0.9055318236351014,14.462148951633994,0.2,1.0,0.15384615384615385,0.6067415730337079,0.0,0.6666666666666666,1.0,1.0,0.5,1.0,0.0,False,0.8005671077504726,0.9988207547169812,0.0002025931928687196,0.9055318236351014,14.462148951633994,0.2,1.0,0.15384615384615385,0.6067415730337079,0.0,0.6666666666666666,1.0,1.0,0.5,1.0,0.0,True,0.8270321361058601,0.9954493742889647,0.0008103727714748784,0.8902532458305359,57.848595806535975,0.3,1.0,0.15384615384615385,0.6825842696629213,0.0,0.6666666666666666,1.0,1.0,0.5,1.0,0.0,True,0.8185255198487713,0.9976958525345622,0.0004051863857374392,0.8951882123947144,28.924297903267988,0.3,1.0,0.15384615384615385,0.6573033707865169,0.0,0.6666666666666666,1.0,1.0,0.5,1.0,0.0,True,0.8657844990548205,0.9404517453798767,0.011750405186385737,0.8627920746803284,838.8046391947717,0.3,1.0,0.15384615384615385,0.7865168539325843,0.07692307692307693,0.8333333333333334,1.0,1.0,0.5,1.0,1.0,XGBoost,fleet,40000,20000,9.8,B_fleet_size,CIDv2_Prototype,FS-A,0,1,CTT_Traverse
5994,1058,0.17650984317650983,0.9397978433973768,0.9366105113298969,4940,0.05043064462733162,False,0.9035916824196597,0.9979123173277662,0.0004051863857374392,0.9899091329904498,28.924297903267988,0.3,1.0,0.23076923076923078,0.9073033707865169,0.0,0.6666666666666666,1.0,1.0,0.5,1.0,0.0,False,0.9035916824196597,0.9979123173277662,0.0004051863857374392,0.9899091329904498,28.924297903267988,0.3,1.0,0.23076923076923078,0.9073033707865169,0.0,0.6666666666666666,1.0,1.0,0.5,1.0,0.0,True,0.9035916824196597,0.9979123173277662,0.0004051863857374392,0.9899091329904498,28.924297903267988,0.3,1.0,0.23076923076923078,0.9073033707865169,0.0,0.6666666666666666,1.0,1.0,0.5,1.0,0.0,True,0.9035916824196597,0.9979123173277662,0.0004051863857374392,0.9899091329904498,28.924297903267988,0.3,1.0,0.23076923076923078,0.9073033707865169,0.0,0.6666666666666666,1.0,1.0,0.5,1.0,0.0,True,0.9073724007561437,0.9542743538767395,0.009319286871961102,0.9873995130698363,665.2588517751637,0.3,1.0,0.23076923076923078,0.9101123595505618,0.057692307692307696,0.8333333333333334,1.0,1.0,0.5,1.0,1.0,HistGB,fleet,40000,20000,24.48,B_fleet_size,CIDv2_Prototype,FS-A,1,1,CTT_Traverse
5994,1058,0.17650984317650983,0.6581283912338807,0.6818461355228097,4940,0.05043064462733162,False,0.5935727788279773,1.0,0.0,0.9945111274719239,0.0,0.0,1.0,0.07692307692307693,0.0,0.0,0.3333333333333333,0.0,1.0,0.5,0.0,0.0,False,0.5935727788279773,1.0,0.0,0.9945111274719239,0.0,0.0,1.0,0.07692307692307693,0.0,0.0,0.3333333333333333,0.0,1.0,0.5,0.0,0.0,True,0.5935727788279773,0.9874213836477987,0.0016207455429497568,0.9937931299209595,115.69719161307195,0.0,1.0,0.07692307692307693,0.0,0.0,0.3333333333333333,0.0,1.0,0.5,0.0,0.0,True,0.5935727788279773,0.9921011058451816,0.001012965964343598,0.9938614368438721,72.31074475816997,0.0,1.0,0.07692307692307693,0.0,0.0,0.3333333333333333,0.0,1.0,0.5,0.0,0.0,True,0.5935727788279773,0.9331352154531947,0.009116693679092382,0.9927063584327698,650.7967028235297,0.0,1.0,0.07692307692307693,0.0,0.0,0.3333333333333333,0.0,1.0,0.5,0.0,0.0,XGBoost,fleet,40000,20000,8.0,B_fleet_size,CIDv2_Prototype,FS-A,1,1,CTT_Traverse
5994,1058,0.17650984317650983,0.9550387684478527,0.9446396061451536,4940,0.05043064462733162,False,0.8941398865784499,0.9968387776606955,0.0006077795786061589,0.9981513272409106,43.386446854902,0.0,0.9968102073365231,0.0,0.901685393258427,0.0,0.3333333333333333,0.0,1.0,0.0,1.0,0.0,False,0.8941398865784499,0.9968387776606955,0.0006077795786061589,0.9981513272409106,43.386446854902,0.0,0.9968102073365231,0.0,0.901685393258427,0.0,0.3333333333333333,0.0,1.0,0.0,1.0,0.0,True,0.9064272211720227,0.9937823834196892,0.0012155591572123178,0.9974035794304701,86.772893709804,0.0,0.9968102073365231,0.0,0.9382022471910112,0.0,0.3333333333333333,0.0,1.0,0.0,1.0,0.0,True,0.9035916824196597,0.9947970863683663,0.001012965964343598,0.9977465322698253,72.31074475816997,0.0,0.9968102073365231,0.0,0.9297752808988764,0.0,0.3333333333333333,0.0,1.0,0.0,1.0,0.0,True,0.9120982986767486,0.966933867735471,0.006685575364667747,0.995099101263346,477.2509154039219,0.0,0.9968102073365231,0.0,0.9550561797752809,0.0,0.3333333333333333,0.0,1.0,0.0,1.0,0.0,HistGB,fleet,40000,20000,24.47,B_fleet_size,CIDv2_Prototype,FS-A,0,2,CIDv2_OpelAstra|CTT_Forester
5994,1058,0.17650984317650983,0.95306578266078,0.9434401965244603,4940,0.05043064462733162,False,0.9111531190926276,0.9968976215098242,0.0006077795786061589,0.9794838428497316,43.386446854902,0.0,0.9968102073365231,0.0,0.952247191011236,0.0,0.3333333333333333,0.0,1.0,0.0,1.0,0.0,False,0.9111531190926276,0.9968976215098242,0.0006077795786061589,0.9794838428497316,43.386446854902,0.0,0.9968102073365231,0.0,0.952247191011236,0.0,0.3333333333333333,0.0,1.0,0.0,1.0,0.0,True,0.9120982986767486,0.9887295081967213,0.002228525121555916,0.9698426127433777,159.08363846797394,0.0,0.9968102073365231,0.0,0.9550561797752809,0.0,0.3333333333333333,0.0,1.0,0.0,1.0,0.0,True,0.9120982986767486,0.9907597535934292,0.0018233387358184765,0.974337100982666,130.15934056470596,0.0,0.9968102073365231,0.0,0.9550561797752809,0.0,0.3333333333333333,0.0,1.0,0.0,1.0,0.0,True,0.9120982986767486,0.966933867735471,0.006685575364667747,0.9617055058479309,477.2509154039219,0.0,0.9968102073365231,0.0,0.9550561797752809,0.0,0.3333333333333333,0.0,1.0,0.0,1.0,0.0,XGBoost,fleet,40000,20000,7.73,B_fleet_size,CIDv2_Prototype,FS-A,0,2,CIDv2_OpelAstra|CTT_Forester
5994,1058,0.17650984317650983,0.9546011250241273,0.9429228267835044,4940,0.05043064462733162,False,0.8960302457466919,0.9989462592202318,0.0002025931928687196,0.99603344533034,14.462148951633994,0.0,0.9968102073365231,0.0,0.9073033707865169,0.0,0.3333333333333333,0.0,1.0,0.0,1.0,0.0,False,0.8960302457466919,0.9989462592202318,0.0002025931928687196,0.99603344533034,14.462148951633994,0.0,0.9968102073365231,0.0,0.9073033707865169,0.0,0.3333333333333333,0.0,1.0,0.0,1.0,0.0,True,0.9035916824196597,0.9947970863683663,0.001012965964343598,0.9942934523340469,72.31074475816997,0.0,0.9968102073365231,0.0,0.9297752808988764,0.0,0.3333333333333333,0.0,1.0,0.0,1.0,0.0,True,0.9026465028355387,0.9958289885297185,0.0008103727714748784,0.994498273993568,57.848595806535975,0.0,0.9968102073365231,0.0,0.9269662921348315,0.0,0.3333333333333333,0.0,1.0,0.0,1.0,0.0,True,0.9064272211720227,0.9667338709677419,0.006685575364667747,0.9903831376894641,477.2509154039219,0.0,0.9968102073365231,0.0,0.9382022471910112,0.0,0.3333333333333333,0.0,1.0,0.0,1.0,0.0,HistGB,fleet,40000,20000,17.25,B_fleet_size,CIDv2_Prototype,FS-A,1,2,CIDv2_OpelAstra|CTT_Forester
5994,1058,0.17650984317650983,0.9498957162071491,0.9447639104795086,4940,0.05043064462733162,False,0.9111531190926276,0.9979296066252588,0.0004051863857374392,0.9411951899528505,28.924297903267988,0.0,0.9968102073365231,0.0,0.952247191011236,0.0,0.3333333333333333,0.0,1.0,0.0,1.0,0.0,False,0.9111531190926276,0.9979296066252588,0.0004051863857374392,0.9411951899528505,28.924297903267988,0.0,0.9968102073365231,0.0,0.952247191011236,0.0,0.3333333333333333,0.0,1.0,0.0,1.0,0.0,True,0.9158790170132325,0.9918116683725691,0.0016207455429497568,0.9010953903198242,115.69719161307195,0.0,0.9968102073365231,0.0,0.9662921348314607,0.0,0.3333333333333333,0.0,1.0,0.0,1.0,0.0,True,0.9120982986767486,0.996900826446281,0.0006077795786061589,0.9269622564315796,43.386446854902,0.0,0.9968102073365231,0.0,0.9550561797752809,0.0,0.3333333333333333,0.0,1.0,0.0,1.0,0.0,True,0.9158790170132325,0.968031968031968,0.006482982171799027,0.8367347121238708,462.7887664522878,0.0,0.9968102073365231,0.0,0.9662921348314607,0.0,0.3333333333333333,0.0,1.0,0.0,1.0,0.0,XGBoost,fleet,40000,20000,6.77,B_fleet_size,CIDv2_Prototype,FS-A,1,2,CIDv2_OpelAstra|CTT_Forester
5994,1058,0.17650984317650983,0.9408673937553809,0.9035997325327184,4940,0.05043064462733162,False,0.8005671077504726,1.0,0.0,0.9954239517126707,0.0,0.0,0.9968102073365231,0.0,0.6235955056179775,0.0,0.3333333333333333,0.0,1.0,0.0,1.0,0.0,False,0.8005671077504726,1.0,0.0,0.9954239517126707,0.0,0.0,0.9968102073365231,0.0,0.6235955056179775,0.0,0.3333333333333333,0.0,1.0,0.0,1.0,0.0,True,0.8005671077504726,1.0,0.0,0.9954239517126706,0.0,0.0,0.9968102073365231,0.0,0.6235955056179775,0.0,0.3333333333333333,0.0,1.0,0.0,1.0,0.0,True,0.8005671077504726,1.0,0.0,0.9954239517126707,0.0,0.0,0.9968102073365231,0.0,0.6235955056179775,0.0,0.3333333333333333,0.0,1.0,0.0,1.0,0.0,True,0.8100189035916824,0.9805491990846682,0.0034440842787682334,0.9944280795940881,245.85653217777795,0.0,0.9984051036682615,0.07692307692307693,0.6404494382022472,0.038461538461538464,0.6666666666666666,0.0,1.0,0.5,1.0,1.0,HistGB,fleet,40000,20000,25.78,B_fleet_size,CIDv2_Prototype,FS-A,0,2,CIDv2_RenaultClio|CTT_Forester
5994,1058,0.17650984317650983,0.9592399921260566,0.9481707582557177,4940,0.05043064462733162,False,0.9130434782608695,1.0,0.0,0.9916651844978334,0.0,0.0,0.9968102073365231,0.0,0.9578651685393258,0.0,0.3333333333333333,0.0,1.0,0.0,1.0,0.0,False,0.9130434782608695,1.0,0.0,0.9916651844978334,0.0,0.0,0.9968102073365231,0.0,0.9578651685393258,0.0,0.3333333333333333,0.0,1.0,0.0,1.0,0.0,True,0.9149338374291115,0.9928205128205129,0.0014181523500810373,0.9860166907310486,101.23504266143796,0.0,0.9968102073365231,0.0,0.9634831460674157,0.0,0.3333333333333333,0.0,1.0,0.0,1.0,0.0,True,0.9149338374291115,0.9958847736625515,0.0008103727714748784,0.9871347546577454,57.848595806535975,0.0,0.9968102073365231,0.0,0.9634831460674157,0.0,0.3333333333333333,0.0,1.0,0.0,1.0,0.0,True,0.9177693761814745,0.9491691104594331,0.01053484602917342,0.9774552583694458,752.0317454849677,0.0,0.9968102073365231,0.15384615384615385,0.9662921348314607,0.0,0.6666666666666666,0.0,1.0,1.0,1.0,0.0,XGBoost,fleet,40000,20000,7.65,B_fleet_size,CIDv2_Prototype,FS-A,0,2,CIDv2_RenaultClio|CTT_Forester
5994,1058,0.17650984317650983,0.9621239770767143,0.95020110331456,4940,0.05043064462733162,False,0.9054820415879017,1.0,0.0,0.9939685068095738,0.0,0.2,0.9968102073365231,0.07692307692307693,0.9269662921348315,0.0,0.6666666666666666,1.0,1.0,0.5,1.0,0.0,False,0.9054820415879017,1.0,0.0,0.9939685068095738,0.0,0.2,0.9968102073365231,0.07692307692307693,0.9269662921348315,0.0,0.6666666666666666,1.0,1.0,0.5,1.0,0.0,True,0.9073724007561437,0.9917355371900827,0.0016207455429497568,0.993625359937578,115.69719161307195,0.3,0.9968102073365231,0.15384615384615385,0.9269662921348315,0.0,0.8333333333333334,1.0,1.0,1.0,1.0,0.0,True,0.9073724007561437,0.9917355371900827,0.0016207455429497568,0.993625359937578,115.69719161307195,0.3,0.9968102073365231,0.15384615384615385,0.9269662921348315,0.0,0.8333333333333334,1.0,1.0,1.0,1.0,0.0,True,0.9083175803402647,0.9543197616683218,0.009319286871961102,0.9931352562493561,665.2588517751637,0.3,0.9968102073365231,0.15384615384615385,0.9269662921348315,0.019230769230769232,1.0,1.0,1.0,1.0,1.0,1.0,HistGB,fleet,40000,20000,17.79,B_fleet_size,CIDv2_Prototype,FS-A,1,2,CIDv2_RenaultClio|CTT_Forester
5994,1058,0.17650984317650983,0.9715301032804011,0.9575312535756602,4940,0.05043064462733162,False,0.9139886578449905,0.9989669421487604,0.0002025931928687196,0.9849377870559693,14.462148951633994,0.0,0.9968102073365231,0.0,0.9606741573033708,0.0,0.3333333333333333,0.0,1.0,0.0,1.0,0.0,False,0.9139886578449905,0.9989669421487604,0.0002025931928687196,0.9849377870559693,14.462148951633994,0.0,0.9968102073365231,0.0,0.9606741573033708,0.0,0.3333333333333333,0.0,1.0,0.0,1.0,0.0,True,0.9158790170132325,0.9948665297741273,0.001012965964343598,0.9792318344116211,72.31074475816997,0.0,0.9968102073365231,0.07692307692307693,0.9634831460674157,0.0,0.5,0.0,1.0,0.5,1.0,0.0,True,0.9158790170132325,0.9948665297741273,0.001012965964343598,0.9792318344116211,72.31074475816997,0.0,0.9968102073365231,0.07692307692307693,0.9634831460674157,0.0,0.5,0.0,1.0,0.5,1.0,0.0,True,0.9215500945179584,0.9447674418604651,0.011547811993517018,0.9619292616844177,824.3424902431377,0.2,0.9968102073365231,0.15384615384615385,0.9662921348314607,0.038461538461538464,1.0,1.0,1.0,1.0,1.0,1.0,XGBoost,fleet,40000,20000,9.05,B_fleet_size,CIDv2_Prototype,FS-A,1,2,CIDv2_RenaultClio|CTT_Forester
5994,1058,0.17650984317650983,0.9206327762850307,0.9072685723702135,4940,0.05043064462733162,False,0.8364839319470699,1.0,0.0,0.917249693024879,0.0,0.0,0.9984051036682615,0.0,0.7275280898876404,0.0,0.3333333333333333,0.0,1.0,0.0,1.0,0.0,False,0.8364839319470699,1.0,0.0,0.917249693024879,0.0,0.0,0.9984051036682615,0.0,0.7275280898876404,0.0,0.3333333333333333,0.0,1.0,0.0,1.0,0.0,True,0.8534971644612477,0.9988938053097345,0.0002025931928687196,0.8820233467215838,14.462148951633994,0.0,0.9984051036682615,0.0,0.7780898876404494,0.0,0.3333333333333333,0.0,1.0,0.0,1.0,0.0,True,0.8534971644612477,0.9988938053097345,0.0002025931928687196,0.8820233467215838,14.462148951633994,0.0,0.9984051036682615,0.0,0.7780898876404494,0.0,0.3333333333333333,0.0,1.0,0.0,1.0,0.0,True,0.8572778827977315,0.967982924226254,0.006077795786061589,0.8560341498331577,433.86446854901993,0.0,0.9984051036682615,0.0,0.7893258426966292,0.0,0.3333333333333333,0.0,1.0,0.0,1.0,0.0,HistGB,fleet,40000,20000,22.8,B_fleet_size,CIDv2_Prototype,FS-A,0,2,CIDv2_RenaultClio|ROAD_ORNL
5994,1058,0.17650984317650983,0.90592581259402,0.888590701570319,4940,0.05043064462733162,False,0.8223062381852552,1.0,0.0,0.5547297000885011,0.0,0.0,0.9984051036682615,0.0,0.6853932584269663,0.0,0.3333333333333333,0.0,1.0,0.0,1.0,0.0,False,0.8223062381852552,1.0,0.0,0.5547297000885011,0.0,0.0,0.9984051036682615,0.0,0.6853932584269663,0.0,0.3333333333333333,0.0,1.0,0.0,1.0,0.0,True,0.8223062381852552,1.0,0.0,0.554729700088501,0.0,0.0,0.9984051036682615,0.0,0.6853932584269663,0.0,0.3333333333333333,0.0,1.0,0.0,1.0,0.0,True,0.8223062381852552,1.0,0.0,0.5547297000885011,0.0,0.0,0.9984051036682615,0.0,0.6853932584269663,0.0,0.3333333333333333,0.0,1.0,0.0,1.0,0.0,True,0.8374291115311909,0.9672489082969432,0.006077795786061589,0.46530914306640625,433.86446854901993,0.0,1.0,0.0,0.7275280898876404,0.0,0.3333333333333333,0.0,1.0,0.0,1.0,0.0,XGBoost,fleet,40000,20000,9.19,B_fleet_size,CIDv2_Prototype,FS-A,0,2,CIDv2_RenaultClio|ROAD_ORNL
5994,1058,0.17650984317650983,0.9426791475307376,0.9349139533967167,4940,0.05043064462733162,False,0.8601134215500945,1.0,0.0,0.7297469034522928,0.0,0.0,0.9984051036682615,0.0,0.797752808988764,0.0,0.3333333333333333,0.0,1.0,0.0,1.0,0.0,False,0.8601134215500945,1.0,0.0,0.7297469034522928,0.0,0.0,0.9984051036682615,0.0,0.797752808988764,0.0,0.3333333333333333,0.0,1.0,0.0,1.0,0.0,True,0.8695652173913043,1.0,0.0,0.6618704328310269,0.0,0.0,0.9984051036682615,0.0,0.8258426966292135,0.0,0.3333333333333333,0.0,1.0,0.0,1.0,0.0,True,0.8695652173913043,1.0,0.0,0.6618704328310269,0.0,0.0,0.9984051036682615,0.0,0.8258426966292135,0.0,0.3333333333333333,0.0,1.0,0.0,1.0,0.0,True,0.8922495274102079,0.9762150982419855,0.004659643435980551,0.5728651618941446,332.6294258875819,0.0,0.9984051036682615,0.0,0.8932584269662921,0.0,0.3333333333333333,0.0,1.0,0.0,1.0,0.0,HistGB,fleet,40000,20000,39.49,B_fleet_size,CIDv2_Prototype,FS-A,1,2,CIDv2_RenaultClio|ROAD_ORNL
5994,1058,0.17650984317650983,0.9034777476845398,0.8898570655311215,4940,0.05043064462733162,False,0.8374291115311909,1.0,0.0,0.7947649955749513,0.0,0.0,0.9984051036682615,0.0,0.7303370786516854,0.0,0.3333333333333333,0.0,1.0,0.0,1.0,0.0,False,0.8374291115311909,1.0,0.0,0.7947649955749513,0.0,0.0,0.9984051036682615,0.0,0.7303370786516854,0.0,0.3333333333333333,0.0,1.0,0.0,1.0,0.0,True,0.8374291115311909,1.0,0.0,0.7947649955749512,0.0,0.0,0.9984051036682615,0.0,0.7303370786516854,0.0,0.3333333333333333,0.0,1.0,0.0,1.0,0.0,True,0.8374291115311909,1.0,0.0,0.7947649955749512,0.0,0.0,0.9984051036682615,0.0,0.7303370786516854,0.0,0.3333333333333333,0.0,1.0,0.0,1.0,0.0,True,0.8374291115311909,1.0,0.0,0.7947649955749512,0.0,0.0,0.9984051036682615,0.0,0.7303370786516854,0.0,0.3333333333333333,0.0,1.0,0.0,1.0,0.0,XGBoost,fleet,40000,20000,8.65,B_fleet_size,CIDv2_Prototype,FS-A,1,2,CIDv2_RenaultClio|ROAD_ORNL
5994,1058,0.17650984317650983,0.9407652354676723,0.938334693979492,4940,0.05043064462733162,False,0.8100189035916824,1.0,0.0,0.9914109817304319,0.0,0.0,0.9968102073365231,0.0,0.651685393258427,0.0,0.3333333333333333,0.0,1.0,0.0,1.0,0.0,False,0.8100189035916824,1.0,0.0,0.9914109817304319,0.0,0.0,0.9968102073365231,0.0,0.651685393258427,0.0,0.3333333333333333,0.0,1.0,0.0,1.0,0.0,True,0.8166351606805293,0.9965397923875432,0.0006077795786061589,0.9880523489098745,43.386446854902,0.0,0.9968102073365231,0.0,0.6713483146067416,0.0,0.3333333333333333,0.0,1.0,0.0,1.0,0.0,True,0.8166351606805293,0.9965397923875432,0.0006077795786061589,0.9883334657781704,43.386446854902,0.0,0.9968102073365231,0.0,0.6713483146067416,0.0,0.3333333333333333,0.0,1.0,0.0,1.0,0.0,True,0.8553875236294896,0.9741657696447793,0.004862236628849271,0.9794716398794576,347.091574839216,0.0,0.9968102073365231,0.0,0.7865168539325843,0.0,0.3333333333333333,0.0,1.0,0.0,1.0,0.0,HistGB,fleet,40000,20000,22.68,B_fleet_size,CIDv2_Prototype,FS-A,0,2,CTT_Forester|CTT_Impala
5994,1058,0.17650984317650983,0.9438158140646399,0.940103628585141,4940,0.05043064462733162,False,0.9139886578449905,1.0,0.0,0.9771986007690431,0.0,0.0,0.9968102073365231,0.0,0.9606741573033708,0.0,0.3333333333333333,0.0,1.0,0.0,1.0,0.0,False,0.9139886578449905,1.0,0.0,0.9771986007690431,0.0,0.0,0.9968102073365231,0.0,0.9606741573033708,0.0,0.3333333333333333,0.0,1.0,0.0,1.0,0.0,True,0.9158790170132325,0.992827868852459,0.0014181523500810373,0.9640731811523438,101.23504266143796,0.0,0.9968102073365231,0.0,0.9662921348314607,0.0,0.3333333333333333,0.0,1.0,0.0,1.0,0.0,True,0.9158790170132325,0.9958890030832477,0.0008103727714748784,0.9663681387901306,57.848595806535975,0.0,0.9968102073365231,0.0,0.9662921348314607,0.0,0.3333333333333333,0.0,1.0,0.0,1.0,0.0,True,0.9177693761814745,0.9528949950932286,0.009724473257698542,0.9098405838012695,694.183149678432,0.0,0.9968102073365231,0.0,0.9719101123595506,0.0,0.3333333333333333,0.0,1.0,0.0,1.0,0.0,XGBoost,fleet,40000,20000,7.09,B_fleet_size,CIDv2_Prototype,FS-A,0,2,CTT_Forester|CTT_Impala
5994,1058,0.17650984317650983,0.9508115982879535,0.9453192103318239,4940,0.05043064462733162,False,0.8931947069943289,0.9989429175475687,0.0002025931928687196,0.9725827416884751,14.462148951633994,0.0,0.9984051036682615,0.0,0.8960674157303371,0.0,0.3333333333333333,0.0,1.0,0.0,1.0,0.0,False,0.8931947069943289,0.9989429175475687,0.0002025931928687196,0.9725827416884751,14.462148951633994,0.0,0.9984051036682615,0.0,0.8960674157303371,0.0,0.3333333333333333,0.0,1.0,0.0,1.0,0.0,True,0.9102079395085066,0.9938080495356038,0.0012155591572123178,0.9558762813965683,86.772893709804,0.0,0.9984051036682615,0.0,0.9466292134831461,0.0,0.3333333333333333,0.0,1.0,0.0,1.0,0.0,True,0.9026465028355387,0.9968684759916493,0.0006077795786061589,0.9673755110626355,43.386446854902,0.0,0.9984051036682615,0.0,0.9241573033707865,0.0,0.3333333333333333,0.0,1.0,0.0,1.0,0.0,True,0.9158790170132325,0.9584569732937686,0.008508914100486223,0.9036435935654028,607.4102559686278,0.3,0.9984051036682615,0.0,0.9550561797752809,0.0,0.5,1.0,1.0,0.0,1.0,0.0,HistGB,fleet,40000,20000,20.83,B_fleet_size,CIDv2_Prototype,FS-A,1,2,CTT_Forester|CTT_Impala
5994,1058,0.17650984317650983,0.9637407013937187,0.9515600769000286,4940,0.05043064462733162,False,0.9168241965973535,0.9989701338825953,0.0002025931928687196,0.8815342783927919,14.462148951633994,0.2,0.9984051036682615,0.0,0.9606741573033708,0.0,0.5,1.0,1.0,0.0,1.0,0.0,False,0.9168241965973535,0.9989701338825953,0.0002025931928687196,0.8815342783927919,14.462148951633994,0.2,0.9984051036682615,0.0,0.9606741573033708,0.0,0.5,1.0,1.0,0.0,1.0,0.0,True,0.9177693761814745,0.9958974358974358,0.0008103727714748784,0.8617884516716003,57.848595806535975,0.2,0.9984051036682615,0.0,0.9634831460674157,0.0,0.5,1.0,1.0,0.0,1.0,0.0,True,0.9177693761814745,0.9969199178644764,0.0006077795786061589,0.8641916513442993,43.386446854902,0.2,0.9984051036682615,0.0,0.9634831460674157,0.0,0.5,1.0,1.0,0.0,1.0,0.0,True,0.9187145557655955,0.9548133595284872,0.009319286871961102,0.8153049349784851,665.2588517751637,0.2,0.9984051036682615,0.0,0.9662921348314607,0.0,0.5,1.0,1.0,0.0,1.0,0.0,XGBoost,fleet,40000,20000,8.87,B_fleet_size,CIDv2_Prototype,FS-A,1,2,CTT_Forester|CTT_Impala
5994,1058,0.17650984317650983,0.9457368111448469,0.9436021138372895,4940,0.05043064462733162,False,0.8695652173913043,1.0,0.0,0.8620827699361728,0.0,0.0,0.9968102073365231,0.0,0.8286516853932584,0.0,0.3333333333333333,0.0,1.0,0.0,1.0,0.0,False,0.8695652173913043,1.0,0.0,0.8620827699361728,0.0,0.0,0.9968102073365231,0.0,0.8286516853932584,0.0,0.3333333333333333,0.0,1.0,0.0,1.0,0.0,True,0.9196597353497165,0.9928571428571429,0.0014181523500810373,0.4454320623883688,101.23504266143796,0.0,1.0,0.0,0.9719101123595506,0.0,0.3333333333333333,0.0,1.0,0.0,1.0,0.0,True,0.9196597353497165,0.9938712972420838,0.0012155591572123178,0.4594134005110074,86.772893709804,0.0,1.0,0.0,0.9719101123595506,0.0,0.3333333333333333,0.0,1.0,0.0,1.0,0.0,True,0.9234404536862004,0.9208294062205467,0.017017828200972446,0.3524057252200429,1214.8205119372556,0.0,1.0,0.0,0.9803370786516854,0.019230769230769232,0.5,0.0,1.0,0.0,1.0,1.0,HistGB,fleet,40000,20000,25.92,B_fleet_size,CIDv2_Prototype,FS-A,0,2,CTT_Silverado|ROAD_ORNL
5994,1058,0.17650984317650983,0.9218810797106556,0.9163154164002498,4940,0.05043064462733162,False,0.7665406427221172,1.0,0.0,0.9508813619613649,0.0,0.0,0.9968102073365231,0.0,0.5224719101123596,0.0,0.3333333333333333,0.0,1.0,0.0,1.0,0.0,False,0.7665406427221172,1.0,0.0,0.9508813619613649,0.0,0.0,0.9968102073365231,0.0,0.5224719101123596,0.0,0.3333333333333333,0.0,1.0,0.0,1.0,0.0,True,0.8478260869565217,0.9933554817275747,0.0012155591572123178,0.8728373646736145,86.772893709804,0.1,0.9984051036682615,0.0,0.7584269662921348,0.0,0.5,1.0,1.0,0.0,1.0,0.0,True,0.8308128544423441,0.9977298524404086,0.0004051863857374392,0.8909828662872314,28.924297903267988,0.1,0.9984051036682615,0.0,0.7078651685393258,0.0,0.5,1.0,1.0,0.0,1.0,0.0,True,0.8724007561436673,0.9285714285714286,0.014384116693679092,0.8504993915557861,1026.8125755660137,0.1,0.9984051036682615,0.0,0.8258426966292135,0.038461538461538464,0.6666666666666666,1.0,1.0,0.0,1.0,1.0,XGBoost,fleet,40000,20000,8.26,B_fleet_size,CIDv2_Prototype,FS-A,0,2,CTT_Silverado|ROAD_ORNL
5994,1058,0.17650984317650983,0.9361497297736165,0.9374896293294227,4940,0.05043064462733162,False,0.8667296786389413,1.0,0.0,0.802169020387234,0.0,0.0,0.9984051036682615,0.0,0.8174157303370787,0.0,0.3333333333333333,0.0,1.0,0.0,1.0,0.0,False,0.8667296786389413,1.0,0.0,0.802169020387234,0.0,0.0,0.9984051036682615,0.0,0.8174157303370787,0.0,0.3333333333333333,0.0,1.0,0.0,1.0,0.0,True,0.9111531190926276,0.9958677685950413,0.0008103727714748784,0.5800225674939028,57.848595806535975,0.0,0.9984051036682615,0.0,0.949438202247191,0.0,0.3333333333333333,0.0,1.0,0.0,1.0,0.0,True,0.9111531190926276,0.9958677685950413,0.0008103727714748784,0.5800225674939028,57.848595806535975,0.0,0.9984051036682615,0.0,0.949438202247191,0.0,0.3333333333333333,0.0,1.0,0.0,1.0,0.0,True,0.9177693761814745,0.9566502463054187,0.008914100486223663,0.3740616949018823,636.3345538718958,0.0,0.9984051036682615,0.0,0.9691011235955056,0.0,0.3333333333333333,0.0,1.0,0.0,1.0,0.0,HistGB,fleet,40000,20000,27.76,B_fleet_size,CIDv2_Prototype,FS-A,1,2,CTT_Silverado|ROAD_ORNL
5994,1058,0.17650984317650983,0.9367356798399475,0.9343160560504078,4940,0.05043064462733162,False,0.8525519848771267,1.0,0.0,0.9021090865135194,0.0,0.0,0.9968102073365231,0.0,0.7780898876404494,0.0,0.3333333333333333,0.0,1.0,0.0,1.0,0.0,False,0.8525519848771267,1.0,0.0,0.9021090865135194,0.0,0.0,0.9968102073365231,0.0,0.7780898876404494,0.0,0.3333333333333333,0.0,1.0,0.0,1.0,0.0,True,0.9035916824196597,0.9927310488058152,0.0014181523500810373,0.8149935603141785,101.23504266143796,0.0,0.9984051036682615,0.0,0.9269662921348315,0.0,0.3333333333333333,0.0,1.0,0.0,1.0,0.0,True,0.9035916824196597,0.9968717413972888,0.0006077795786061589,0.818075954914093,43.386446854902,0.0,0.9984051036682615,0.0,0.9269662921348315,0.0,0.3333333333333333,0.0,1.0,0.0,1.0,0.0,True,0.9120982986767486,0.9225621414913958,0.016410048622366287,0.7841610312461853,1171.4340650823535,0.1,0.9984051036682615,0.0,0.9438202247191011,0.038461538461538464,0.6666666666666666,1.0,1.0,0.0,1.0,1.0,XGBoost,fleet,40000,20000,13.5,B_fleet_size,CIDv2_Prototype,FS-A,1,2,CTT_Silverado|ROAD_ORNL
5994,1058,0.17650984317650983,0.9590546327586683,0.9455350869423405,4940,0.05043064462733162,False,0.9026465028355387,0.9968684759916493,0.0006077795786061589,0.9910245688462332,43.386446854902,0.0,0.9968102073365231,0.07692307692307693,0.9241573033707865,0.0,0.5,0.0,1.0,0.5,1.0,0.0,False,0.9026465028355387,0.9968684759916493,0.0006077795786061589,0.9910245688462332,43.386446854902,0.0,0.9968102073365231,0.07692307692307693,0.9241573033707865,0.0,0.5,0.0,1.0,0.5,1.0,0.0,True,0.9035916824196597,0.9825282631038027,0.0034440842787682334,0.9878931972870378,245.85653217777795,0.0,0.9968102073365231,0.07692307692307693,0.9269662921348315,0.0,0.5,0.0,1.0,0.5,1.0,0.0,True,0.9026465028355387,0.9927234927234927,0.0014181523500810373,0.9896232530236968,101.23504266143796,0.0,0.9968102073365231,0.07692307692307693,0.9241573033707865,0.0,0.5,0.0,1.0,0.5,1.0,0.0,True,0.9073724007561437,0.9375,0.012965964343598054,0.97714472514196,925.5775329045756,0.3,0.9968102073365231,0.15384615384615385,0.9269662921348315,0.0,0.8333333333333334,1.0,1.0,1.0,1.0,0.0,HistGB,fleet,40000,20000,37.75,B_fleet_size,CIDv2_Prototype,FS-A,0,3,CIDv2_OpelAstra|CIDv2_RenaultClio|CTT_Forester
5994,1058,0.17650984317650983,0.9504194330148013,0.9444365261400632,4940,0.05043064462733162,False,0.9120982986767486,0.9979317476732161,0.0004051863857374392,0.8355438709259034,28.924297903267988,0.0,0.9968102073365231,0.0,0.9550561797752809,0.0,0.3333333333333333,0.0,1.0,0.0,1.0,0.0,False,0.9120982986767486,0.9979317476732161,0.0004051863857374392,0.8355438709259034,28.924297903267988,0.0,0.9968102073365231,0.0,0.9550561797752809,0.0,0.3333333333333333,0.0,1.0,0.0,1.0,0.0,True,0.9149338374291115,0.9918032786885246,0.0016207455429497568,0.7491111159324646,115.69719161307195,0.0,0.9968102073365231,0.0,0.9634831460674157,0.0,0.3333333333333333,0.0,1.0,0.0,1.0,0.0,True,0.9139886578449905,0.9928131416837782,0.0014181523500810373,0.767096757888794,101.23504266143796,0.0,0.9968102073365231,0.0,0.9606741573033708,0.0,0.3333333333333333,0.0,1.0,0.0,1.0,0.0,True,0.9177693761814745,0.9585389930898321,0.008508914100486223,0.6043321490287781,607.4102559686278,0.0,0.9984051036682615,0.0,0.9691011235955056,0.0,0.3333333333333333,0.0,1.0,0.0,1.0,0.0,XGBoost,fleet,40000,20000,10.38,B_fleet_size,CIDv2_Prototype,FS-A,0,3,CIDv2_OpelAstra|CIDv2_RenaultClio|CTT_Forester
5994,1058,0.17650984317650983,0.9618321509652475,0.9497897051083378,4940,0.05043064462733162,False,0.9064272211720227,0.9907024793388429,0.0018233387358184765,0.9038412687325849,130.15934056470596,0.2,0.9984051036682615,0.0,0.9297752808988764,0.0,0.5,1.0,1.0,0.0,1.0,0.0,False,0.9064272211720227,0.9907024793388429,0.0018233387358184765,0.9038412687325849,130.15934056470596,0.2,0.9984051036682615,0.0,0.9297752808988764,0.0,0.5,1.0,1.0,0.0,1.0,0.0,True,0.9064272211720227,0.9866255144032922,0.002633711507293355,0.8940702263141065,188.00793637124193,0.2,0.9984051036682615,0.0,0.9297752808988764,0.0,0.5,1.0,1.0,0.0,1.0,0.0,True,0.9064272211720227,0.988659793814433,0.002228525121555916,0.8952031590684202,159.08363846797394,0.2,0.9984051036682615,0.0,0.9297752808988764,0.0,0.5,1.0,1.0,0.0,1.0,0.0,True,0.9073724007561437,0.967741935483871,0.006482982171799027,0.8669255390756716,462.7887664522878,0.2,0.9984051036682615,0.0,0.9325842696629213,0.0,0.5,1.0,1.0,0.0,1.0,0.0,HistGB,fleet,40000,20000,20.37,B_fleet_size,CIDv2_Prototype,FS-A,1,3,CIDv2_OpelAstra|CIDv2_RenaultClio|CTT_Forester
5994,1058,0.17650984317650983,0.9640807822165303,0.9531802583131989,4940,0.05043064462733162,False,0.9139886578449905,0.9907786885245902,0.0018233387358184765,0.7769795060157777,130.15934056470596,0.1,0.9984051036682615,0.07692307692307693,0.952247191011236,0.0,0.6666666666666666,1.0,1.0,0.5,1.0,0.0,False,0.9139886578449905,0.9907786885245902,0.0018233387358184765,0.7769795060157777,130.15934056470596,0.1,0.9984051036682615,0.07692307692307693,0.952247191011236,0.0,0.6666666666666666,1.0,1.0,0.5,1.0,0.0,True,0.9139886578449905,0.9887525562372188,0.002228525121555916,0.7413000464439392,159.08363846797394,0.1,0.9984051036682615,0.07692307692307693,0.952247191011236,0.0,0.6666666666666666,1.0,1.0,0.5,1.0,0.0,True,0.9139886578449905,0.9887525562372188,0.002228525121555916,0.7423788905143738,159.08363846797394,0.1,0.9984051036682615,0.07692307692307693,0.952247191011236,0.0,0.6666666666666666,1.0,1.0,0.5,1.0,0.0,True,0.9215500945179584,0.9466019417475728,0.011142625607779578,0.6422308683395386,795.4181923398697,0.3,0.9984051036682615,0.15384615384615385,0.9578651685393258,0.057692307692307696,1.0,1.0,1.0,1.0,1.0,1.0,XGBoost,fleet,40000,20000,8.87,B_fleet_size,CIDv2_Prototype,FS-A,1,3,CIDv2_OpelAstra|CIDv2_RenaultClio|CTT_Forester
5994,1058,0.17650984317650983,0.9669571076891967,0.955075922592763,4940,0.05043064462733162,False,0.9017013232514177,0.997907949790795,0.0004051863857374392,0.9180058277235619,28.924297903267988,0.3,0.9968102073365231,0.0,0.9157303370786517,0.0,0.5,1.0,1.0,0.0,1.0,0.0,False,0.9017013232514177,0.997907949790795,0.0004051863857374392,0.9180058277235619,28.924297903267988,0.3,0.9968102073365231,0.0,0.9157303370786517,0.0,0.5,1.0,1.0,0.0,1.0,0.0,True,0.9083175803402647,0.9927685950413223,0.0014181523500810373,0.8964133089685615,101.23504266143796,0.3,0.9968102073365231,0.0,0.9353932584269663,0.0,0.5,1.0,1.0,0.0,1.0,0.0,True,0.9083175803402647,0.9927685950413223,0.0014181523500810373,0.8964133089685615,101.23504266143796,0.3,0.9968102073365231,0.0,0.9353932584269663,0.0,0.5,1.0,1.0,0.0,1.0,0.0,True,0.9139886578449905,0.9280230326295585,0.015194489465153971,0.8628755751986127,1084.6611713725497,0.3,0.9968102073365231,0.0,0.949438202247191,0.019230769230769232,0.6666666666666666,1.0,1.0,0.0,1.0,1.0,HistGB,fleet,40000,20000,23.27,B_fleet_size,CIDv2_Prototype,FS-A,0,3,CIDv2_OpelAstra|CTT_Forester|CTT_Traverse
5994,1058,0.17650984317650983,0.9528720936110762,0.9425287456570983,4940,0.05043064462733162,False,0.8534971644612477,0.9988938053097345,0.0002025931928687196,0.9049893617630006,14.462148951633994,0.2,0.9968102073365231,0.0,0.7752808988764045,0.0,0.5,1.0,1.0,0.0,1.0,0.0,False,0.8534971644612477,0.9988938053097345,0.0002025931928687196,0.9049893617630006,14.462148951633994,0.2,0.9968102073365231,0.0,0.7752808988764045,0.0,0.5,1.0,1.0,0.0,1.0,0.0,True,0.8733459357277883,0.9924812030075187,0.0014181523500810373,0.8882699012756348,101.23504266143796,0.2,0.9968102073365231,0.0,0.8342696629213483,0.0,0.5,1.0,1.0,0.0,1.0,0.0,True,0.8733459357277883,0.9924812030075187,0.0014181523500810373,0.8882699012756348,101.23504266143796,0.2,0.9968102073365231,0.0,0.8342696629213483,0.0,0.5,1.0,1.0,0.0,1.0,0.0,True,0.8941398865784499,0.9584599797365755,0.008306320907617504,0.8290509581565857,592.9481070169938,0.3,0.9968102073365231,0.0,0.8932584269662921,0.0,0.5,1.0,1.0,0.0,1.0,0.0,XGBoost,fleet,40000,20000,7.62,B_fleet_size,CIDv2_Prototype,FS-A,0,3,CIDv2_OpelAstra|CTT_Forester|CTT_Traverse
5994,1058,0.17650984317650983,0.9511289879072161,0.9419453893312778,4940,0.05043064462733162,False,0.831758034026465,0.9988649262202043,0.0002025931928687196,0.9371459923659695,14.462148951633994,0.1,0.9968102073365231,0.0,0.7134831460674157,0.0,0.5,1.0,1.0,0.0,1.0,0.0,False,0.831758034026465,0.9988649262202043,0.0002025931928687196,0.9371459923659695,14.462148951633994,0.1,0.9968102073365231,0.0,0.7134831460674157,0.0,0.5,1.0,1.0,0.0,1.0,0.0,True,0.8393194706994329,0.9977528089887641,0.0004051863857374392,0.9298206433063305,28.924297903267988,0.1,0.9968102073365231,0.0,0.7359550561797753,0.0,0.5,1.0,1.0,0.0,1.0,0.0,True,0.8393194706994329,0.9977528089887641,0.0004051863857374392,0.9298206433063305,28.924297903267988,0.1,0.9968102073365231,0.0,0.7359550561797753,0.0,0.5,1.0,1.0,0.0,1.0,0.0,True,0.9073724007561437,0.973630831643002,0.00526742301458671,0.8504834016920232,376.01587274248385,0.3,0.9984051036682615,0.07692307692307693,0.9241573033707865,0.019230769230769232,0.8333333333333334,1.0,1.0,0.5,1.0,1.0,HistGB,fleet,40000,20000,23.02,B_fleet_size,CIDv2_Prototype,FS-A,1,3,CIDv2_OpelAstra|CTT_Forester|CTT_Traverse
5994,1058,0.17650984317650983,0.9552708506309877,0.9206853240998767,4940,0.05043064462733162,False,0.7457466918714556,0.9974715549936789,0.0004051863857374392,0.8441566824913026,28.924297903267988,0.0,0.9968102073365231,0.0,0.4606741573033708,0.0,0.3333333333333333,0.0,1.0,0.0,1.0,0.0,False,0.7457466918714556,0.9974715549936789,0.0004051863857374392,0.8441566824913026,28.924297903267988,0.0,0.9968102073365231,0.0,0.4606741573033708,0.0,0.3333333333333333,0.0,1.0,0.0,1.0,0.0,True,0.7551984877126654,0.9937810945273632,0.001012965964343598,0.8018875122070312,72.31074475816997,0.0,0.9968102073365231,0.0,0.4887640449438202,0.0,0.3333333333333333,0.0,1.0,0.0,1.0,0.0,True,0.7523629489603024,0.9937578027465668,0.001012965964343598,0.8138702511787415,72.31074475816997,0.0,0.9968102073365231,0.0,0.4803370786516854,0.0,0.3333333333333333,0.0,1.0,0.0,1.0,0.0,True,0.77882797731569,0.9548088064889919,0.007901134521880064,0.667131245136261,564.0238091137257,0.3,0.9984051036682615,0.0,0.547752808988764,0.0,0.5,1.0,1.0,0.0,1.0,0.0,XGBoost,fleet,40000,20000,6.66,B_fleet_size,CIDv2_Prototype,FS-A,1,3,CIDv2_OpelAstra|CTT_Forester|CTT_Traverse
5994,1058,0.17650984317650983,0.946697596915375,0.9412044686162373,4940,0.05043064462733162,False,0.8818525519848771,0.9978609625668449,0.0004051863857374392,0.2126991092153249,28.924297903267988,0.0,0.9984051036682615,0.0,0.8623595505617978,0.0,0.3333333333333333,0.0,1.0,0.0,1.0,0.0,False,0.8818525519848771,0.9978609625668449,0.0004051863857374392,0.2126991092153249,28.924297903267988,0.0,0.9984051036682615,0.0,0.8623595505617978,0.0,0.3333333333333333,0.0,1.0,0.0,1.0,0.0,True,0.8856332703213611,0.9957492029755579,0.0008103727714748784,0.1963362427504169,57.848595806535975,0.0,0.9984051036682615,0.0,0.8735955056179775,0.0,0.3333333333333333,0.0,1.0,0.0,1.0,0.0,True,0.8837429111531191,0.9968017057569296,0.0006077795786061589,0.19947057016181563,43.386446854902,0.0,0.9984051036682615,0.0,0.8679775280898876,0.0,0.3333333333333333,0.0,1.0,0.0,1.0,0.0,True,0.8922495274102079,0.9496981891348089,0.01012965964343598,0.17107681300811772,723.1074475816997,0.0,0.9984051036682615,0.0,0.8932584269662921,0.0,0.3333333333333333,0.0,1.0,0.0,1.0,0.0,HistGB,fleet,40000,20000,23.98,B_fleet_size,CIDv2_Prototype,FS-A,0,3,CIDv2_OpelAstra|CTT_Traverse|ROAD_ORNL
5994,1058,0.17650984317650983,0.9513571446078807,0.9464870526104395,4940,0.05043064462733162,False,0.9158790170132325,1.0,0.0,0.1253050267696381,0.0,0.0,1.0,0.0,0.9606741573033708,0.0,0.3333333333333333,0.0,1.0,0.0,1.0,0.0,False,0.9158790170132325,1.0,0.0,0.1253050267696381,0.0,0.0,1.0,0.0,0.9606741573033708,0.0,0.3333333333333333,0.0,1.0,0.0,1.0,0.0,True,0.9158790170132325,0.9958890030832477,0.0008103727714748784,0.11569776386022568,57.848595806535975,0.0,1.0,0.0,0.9606741573033708,0.0,0.3333333333333333,0.0,1.0,0.0,1.0,0.0,True,0.9158790170132325,0.9979402677651905,0.0004051863857374392,0.11717883497476578,28.924297903267988,0.0,1.0,0.0,0.9606741573033708,0.0,0.3333333333333333,0.0,1.0,0.0,1.0,0.0,True,0.9196597353497165,0.9567354965585054,0.008914100486223663,0.09899759292602539,636.3345538718958,0.0,1.0,0.0,0.9719101123595506,0.0,0.3333333333333333,0.0,1.0,0.0,1.0,0.0,XGBoost,fleet,40000,20000,8.56,B_fleet_size,CIDv2_Prototype,FS-A,0,3,CIDv2_OpelAstra|CTT_Traverse|ROAD_ORNL
5994,1058,0.17650984317650983,0.9376389237820664,0.9329201549071422,4940,0.05043064462733162,False,0.8742911153119093,1.0,0.0,0.41883695019360306,0.0,0.0,0.9984051036682615,0.0,0.8398876404494382,0.0,0.3333333333333333,0.0,1.0,0.0,1.0,0.0,False,0.8742911153119093,1.0,0.0,0.41883695019360306,0.0,0.0,0.9984051036682615,0.0,0.8398876404494382,0.0,0.3333333333333333,0.0,1.0,0.0,1.0,0.0,True,0.8818525519848771,1.0,0.0,0.3902912162458107,0.0,0.0,0.9984051036682615,0.0,0.8623595505617978,0.0,0.3333333333333333,0.0,1.0,0.0,1.0,0.0,True,0.8790170132325141,1.0,0.0,0.3995553612732921,0.0,0.0,0.9984051036682615,0.0,0.8539325842696629,0.0,0.3333333333333333,0.0,1.0,0.0,1.0,0.0,True,0.888468809073724,0.9660842754367934,0.006685575364667747,0.3215814801607095,477.2509154039219,0.0,0.9984051036682615,0.0,0.8820224719101124,0.0,0.3333333333333333,0.0,1.0,0.0,1.0,0.0,HistGB,fleet,40000,20000,20.65,B_fleet_size,CIDv2_Prototype,FS-A,1,3,CIDv2_OpelAstra|CTT_Traverse|ROAD_ORNL
5994,1058,0.17650984317650983,0.943524753900972,0.9413986508172538,4940,0.05043064462733162,False,0.9064272211720227,1.0,0.0,0.3403638899326325,0.0,0.0,0.9984051036682615,0.0,0.9353932584269663,0.0,0.3333333333333333,0.0,1.0,0.0,1.0,0.0,False,0.9064272211720227,1.0,0.0,0.3403638899326325,0.0,0.0,0.9984051036682615,0.0,0.9353932584269663,0.0,0.3333333333333333,0.0,1.0,0.0,1.0,0.0,True,0.9168241965973535,0.9948717948717949,0.001012965964343598,0.27276521921157837,72.31074475816997,0.0,1.0,0.0,0.9634831460674157,0.0,0.3333333333333333,0.0,1.0,0.0,1.0,0.0,True,0.9158790170132325,0.9979402677651905,0.0004051863857374392,0.27913302183151245,28.924297903267988,0.0,1.0,0.0,0.9606741573033708,0.0,0.3333333333333333,0.0,1.0,0.0,1.0,0.0,True,0.9177693761814745,0.9719719719719719,0.005672609400324149,0.22540195286273956,404.94017064575183,0.0,1.0,0.0,0.9662921348314607,0.0,0.3333333333333333,0.0,1.0,0.0,1.0,0.0,XGBoost,fleet,40000,20000,7.18,B_fleet_size,CIDv2_Prototype,FS-A,1,3,CIDv2_OpelAstra|CTT_Traverse|ROAD_ORNL
5994,1058,0.17650984317650983,0.9466128639400967,0.94585913936272,4940,0.05043064462733162,False,0.9130434782608695,1.0,0.0,0.8265356605466995,0.0,0.0,0.9968102073365231,0.0,0.9578651685393258,0.0,0.3333333333333333,0.0,1.0,0.0,1.0,0.0,False,0.9130434782608695,1.0,0.0,0.8265356605466995,0.0,0.0,0.9968102073365231,0.0,0.9578651685393258,0.0,0.3333333333333333,0.0,1.0,0.0,1.0,0.0,True,0.9196597353497165,0.9918450560652395,0.0016207455429497568,0.6571857400978338,115.69719161307195,0.1,0.9968102073365231,0.0,0.9747191011235955,0.0,0.5,1.0,1.0,0.0,1.0,0.0,True,0.9196597353497165,0.9948875255623721,0.001012965964343598,0.6753241097772911,72.31074475816997,0.1,0.9968102073365231,0.0,0.9747191011235955,0.0,0.5,1.0,1.0,0.0,1.0,0.0,True,0.9262759924385633,0.9683794466403162,0.006482982171799027,0.5598130143881178,462.7887664522878,0.3,0.9984051036682615,0.0,0.9859550561797753,0.0,0.5,1.0,1.0,0.0,1.0,0.0,HistGB,fleet,40000,20000,29.3,B_fleet_size,CIDv2_Prototype,FS-A,0,3,CTT_Forester|CTT_Impala|CTT_Traverse
5994,1058,0.17650984317650983,0.9423924915669148,0.9421194614664455,4940,0.05043064462733162,False,0.9092627599243857,0.9989615784008308,0.0002025931928687196,0.915275275707245,14.462148951633994,0.0,0.9968102073365231,0.0,0.9466292134831461,0.0,0.3333333333333333,0.0,1.0,0.0,1.0,0.0,False,0.9092627599243857,0.9989615784008308,0.0002025931928687196,0.915275275707245,14.462148951633994,0.0,0.9968102073365231,0.0,0.9466292134831461,0.0,0.3333333333333333,0.0,1.0,0.0,1.0,0.0,True,0.9111531190926276,0.9968976215098242,0.0006077795786061589,0.8923624157905579,43.386446854902,0.0,0.9968102073365231,0.0,0.952247191011236,0.0,0.3333333333333333,0.0,1.0,0.0,1.0,0.0,True,0.9102079395085066,0.9968944099378882,0.0006077795786061589,0.8961032629013062,43.386446854902,0.0,0.9968102073365231,0.0,0.949438202247191,0.0,0.3333333333333333,0.0,1.0,0.0,1.0,0.0,True,0.9196597353497165,0.9410058027079303,0.012358184764991896,0.8102989196777344,882.1910860496737,0.0,0.9968102073365231,0.0,0.9775280898876404,0.0,0.3333333333333333,0.0,1.0,0.0,1.0,0.0,XGBoost,fleet,40000,20000,10.87,B_fleet_size,CIDv2_Prototype,FS-A,0,3,CTT_Forester|CTT_Impala|CTT_Traverse
5994,1058,0.17650984317650983,0.9437384533369282,0.9446989728601587,4940,0.05043064462733162,False,0.9139886578449905,0.9979360165118679,0.0004051863857374392,0.4745944381791028,28.924297903267988,0.3,0.9968102073365231,0.0,0.952247191011236,0.0,0.5,1.0,1.0,0.0,1.0,0.0,False,0.9139886578449905,0.9979360165118679,0.0004051863857374392,0.4745944381791028,28.924297903267988,0.3,0.9968102073365231,0.0,0.952247191011236,0.0,0.5,1.0,1.0,0.0,1.0,0.0,True,0.9206049149338374,0.9908443540183113,0.0018233387358184765,0.3935256712275576,130.15934056470596,0.3,0.9968102073365231,0.0,0.9719101123595506,0.0,0.5,1.0,1.0,0.0,1.0,0.0,True,0.9168241965973535,0.9948717948717949,0.001012965964343598,0.4370478867834333,72.31074475816997,0.3,0.9968102073365231,0.0,0.9606741573033708,0.0,0.5,1.0,1.0,0.0,1.0,0.0,True,0.9262759924385633,0.962671905697446,0.007698541329011345,0.30843110795883505,549.5616601620918,0.3,0.9968102073365231,0.0,0.9887640449438202,0.0,0.5,1.0,1.0,0.0,1.0,0.0,HistGB,fleet,40000,20000,20.93,B_fleet_size,CIDv2_Prototype,FS-A,1,3,CTT_Forester|CTT_Impala|CTT_Traverse
5994,1058,0.17650984317650983,0.9654363183340329,0.9527711726598995,4940,0.05043064462733162,False,0.9092627599243857,0.9968911917098445,0.0006077795786061589,0.8292871713638307,43.386446854902,0.3,0.9968102073365231,0.0,0.9382022471910112,0.0,0.5,1.0,1.0,0.0,1.0,0.0,False,0.9092627599243857,0.9968911917098445,0.0006077795786061589,0.8292871713638307,43.386446854902,0.3,0.9968102073365231,0.0,0.9382022471910112,0.0,0.5,1.0,1.0,0.0,1.0,0.0,True,0.9111531190926276,0.9958677685950413,0.0008103727714748784,0.7700044512748718,57.848595806535975,0.3,0.9968102073365231,0.0,0.9438202247191011,0.0,0.5,1.0,1.0,0.0,1.0,0.0,True,0.9092627599243857,0.9968911917098445,0.0006077795786061589,0.7987775802612305,43.386446854902,0.3,0.9968102073365231,0.0,0.9382022471910112,0.0,0.5,1.0,1.0,0.0,1.0,0.0,True,0.9139886578449905,0.9612326043737575,0.007901134521880064,0.6615695953369141,564.0238091137257,0.3,0.9968102073365231,0.07692307692307693,0.949438202247191,0.0,0.6666666666666666,1.0,1.0,0.5,1.0,0.0,XGBoost,fleet,40000,20000,9.57,B_fleet_size,CIDv2_Prototype,FS-A,1,3,CTT_Forester|CTT_Impala|CTT_Traverse
5994,1058,0.17650984317650983,0.9597869745981072,0.9498192389241636,4940,0.05043064462733162,False,0.8988657844990549,0.9989495798319328,0.0002025931928687196,0.8877144277971817,14.462148951633994,0.0,0.9968102073365231,0.07692307692307693,0.9129213483146067,0.0,0.5,0.0,1.0,0.5,1.0,0.0,False,0.8988657844990549,0.9989495798319328,0.0002025931928687196,0.8877144277971817,14.462148951633994,0.0,0.9968102073365231,0.07692307692307693,0.9129213483146067,0.0,0.5,0.0,1.0,0.5,1.0,0.0,True,0.9007561436672968,0.991675338189386,0.0016207455429497568,0.8517667553545805,115.69719161307195,0.0,0.9984051036682615,0.07692307692307693,0.9157303370786517,0.0,0.5,0.0,1.0,0.5,1.0,0.0,True,0.8998109640831758,0.9937369519832986,0.0012155591572123178,0.864729762108735,86.772893709804,0.0,0.9984051036682615,0.07692307692307693,0.9129213483146067,0.0,0.5,0.0,1.0,0.5,1.0,0.0,True,0.9064272211720227,0.9618856569709128,0.007698541329011345,0.7743089714481501,549.5616601620918,0.2,0.9984051036682615,0.07692307692307693,0.9269662921348315,0.0,0.6666666666666666,1.0,1.0,0.5,1.0,0.0,HistGB,fleet,40000,20000,30.24,B_fleet_size,CIDv2_Prototype,FS-A,0,3,CTT_Forester|CTT_Silverado|CTT_Traverse
5994,1058,0.17650984317650983,0.9392957646150499,0.9323039851437701,4940,0.05043064462733162,False,0.8865784499054821,0.9989350372736954,0.0002025931928687196,0.9902162551879884,14.462148951633994,0.0,0.9968102073365231,0.0,0.8792134831460674,0.0,0.3333333333333333,0.0,1.0,0.0,1.0,0.0,False,0.8865784499054821,0.9989350372736954,0.0002025931928687196,0.9902162551879884,14.462148951633994,0.0,0.9968102073365231,0.0,0.8792134831460674,0.0,0.3333333333333333,0.0,1.0,0.0,1.0,0.0,True,0.8931947069943289,0.9978880675818373,0.0004051863857374392,0.987857460975647,28.924297903267988,0.0,0.9968102073365231,0.0,0.898876404494382,0.0,0.3333333333333333,0.0,1.0,0.0,1.0,0.0,True,0.8931947069943289,0.9978880675818373,0.0004051863857374392,0.9878675937652588,28.924297903267988,0.0,0.9968102073365231,0.0,0.898876404494382,0.0,0.3333333333333333,0.0,1.0,0.0,1.0,0.0,True,0.8988657844990549,0.9704081632653061,0.0058752025931928685,0.9734472632408142,419.4023195973858,0.0,0.9968102073365231,0.0,0.9157303370786517,0.0,0.3333333333333333,0.0,1.0,0.0,1.0,0.0,XGBoost,fleet,40000,20000,9.71,B_fleet_size,CIDv2_Prototype,FS-A,0,3,CTT_Forester|CTT_Silverado|CTT_Traverse
5994,1058,0.17650984317650983,0.9531514730708073,0.9400668495986609,4940,0.05043064462733162,False,0.8251417769376181,1.0,0.0,0.9920076814978209,0.0,0.0,0.9968102073365231,0.0,0.6966292134831461,0.0,0.3333333333333333,0.0,1.0,0.0,1.0,0.0,False,0.8251417769376181,1.0,0.0,0.9920076814978209,0.0,0.0,0.9968102073365231,0.0,0.6966292134831461,0.0,0.3333333333333333,0.0,1.0,0.0,1.0,0.0,True,0.834593572778828,0.9966139954853274,0.0006077795786061589,0.9904235249574961,43.386446854902,0.0,0.9968102073365231,0.0,0.7247191011235955,0.0,0.3333333333333333,0.0,1.0,0.0,1.0,0.0,True,0.8308128544423441,1.0,0.0,0.9912456070707872,0.0,0.0,0.9968102073365231,0.0,0.7134831460674157,0.0,0.3333333333333333,0.0,1.0,0.0,1.0,0.0,True,0.8856332703213611,0.9503042596348884,0.00992706645056726,0.9807510676804111,708.6452986300658,0.0,0.9968102073365231,0.07692307692307693,0.8735955056179775,0.0,0.5,0.0,1.0,0.5,1.0,0.0,HistGB,fleet,40000,20000,32.28,B_fleet_size,CIDv2_Prototype,FS-A,1,3,CTT_Forester|CTT_Silverado|CTT_Traverse
5994,1058,0.17650984317650983,0.9462968147294826,0.9413458112410514,4940,0.05043064462733162,False,0.9045368620037807,0.9979144942648592,0.0004051863857374392,0.9870089888572694,28.924297903267988,0.0,0.9968102073365231,0.0,0.9325842696629213,0.0,0.3333333333333333,0.0,1.0,0.0,1.0,0.0,False,0.9045368620037807,0.9979144942648592,0.0004051863857374392,0.9870089888572694,28.924297903267988,0.0,0.9968102073365231,0.0,0.9325842696629213,0.0,0.3333333333333333,0.0,1.0,0.0,1.0,0.0,True,0.9073724007561437,0.9927611168562565,0.0014181523500810373,0.9836640357971191,101.23504266143796,0.0,0.9968102073365231,0.0,0.9410112359550562,0.0,0.3333333333333333,0.0,1.0,0.0,1.0,0.0,True,0.9073724007561437,0.9937888198757764,0.0012155591572123178,0.9841828942298889,86.772893709804,0.0,0.9968102073365231,0.0,0.9410112359550562,0.0,0.3333333333333333,0.0,1.0,0.0,1.0,0.0,True,0.9139886578449905,0.9660339660339661,0.006888168557536467,0.9701906442642212,491.7130643555559,0.0,0.9968102073365231,0.0,0.9606741573033708,0.0,0.3333333333333333,0.0,1.0,0.0,1.0,0.0,XGBoost,fleet,40000,20000,17.87,B_fleet_size,CIDv2_Prototype,FS-A,1,3,CTT_Forester|CTT_Silverado|CTT_Traverse
5994,1058,0.17650984317650983,0.9604149560499153,0.9389374873813375,4940,0.05043064462733162,False,0.7419659735349716,1.0,0.0,0.9989633759808155,0.0,0.3,1.0,0.0,0.4353932584269663,0.0,0.5,1.0,1.0,0.0,1.0,0.0,False,0.7419659735349716,1.0,0.0,0.9989633759808155,0.0,0.3,1.0,0.0,0.4353932584269663,0.0,0.5,1.0,1.0,0.0,1.0,0.0,True,0.7911153119092628,0.9881936245572609,0.002025931928687196,0.9984418848214697,144.62148951633995,0.3,1.0,0.0,0.5814606741573034,0.0,0.5,1.0,1.0,0.0,1.0,0.0,True,0.780718336483932,0.9939831528279182,0.001012965964343598,0.9985297322274564,72.31074475816997,0.3,1.0,0.0,0.550561797752809,0.0,0.5,1.0,1.0,0.0,1.0,0.0,True,0.8487712665406427,0.9472573839662447,0.01012965964343598,0.9977735753903195,723.1074475816997,0.3,1.0,0.0,0.7528089887640449,0.0,0.5,1.0,1.0,0.0,1.0,0.0,HistGB,fleet,40000,20000,39.47,B_fleet_size,CIDv2_Prototype,FS-A,0,4,CIDv2_OpelAstra|CIDv2_RenaultClio|CTT_Impala|CTT_Silverado
5994,1058,0.17650984317650983,0.9523156325350115,0.93303566012729,4940,0.05043064462733162,False,0.8260869565217391,0.9988571428571429,0.0002025931928687196,0.9997425675392152,14.462148951633994,0.3,0.9984051036682615,0.0,0.6882022471910112,0.0,0.5,1.0,1.0,0.0,1.0,0.0,False,0.8260869565217391,0.9988571428571429,0.0002025931928687196,0.9997425675392152,14.462148951633994,0.3,0.9984051036682615,0.0,0.6882022471910112,0.0,0.5,1.0,1.0,0.0,1.0,0.0,True,0.8383742911153119,0.9977502812148481,0.0004051863857374392,0.9997133612632751,28.924297903267988,0.3,0.9984051036682615,0.0,0.7247191011235955,0.0,0.5,1.0,1.0,0.0,1.0,0.0,True,0.8374291115311909,0.9977477477477478,0.0004051863857374392,0.999721109867096,28.924297903267988,0.3,0.9984051036682615,0.0,0.7219101123595506,0.0,0.5,1.0,1.0,0.0,1.0,0.0,True,0.8686200378071833,0.9358452138492872,0.012763371150729336,0.9996217489242554,911.1153839529417,0.3,0.9984051036682615,0.0,0.8146067415730337,0.0,0.5,1.0,1.0,0.0,1.0,0.0,XGBoost,fleet,40000,20000,16.11,B_fleet_size,CIDv2_Prototype,FS-A,0,4,CIDv2_OpelAstra|CIDv2_RenaultClio|CTT_Impala|CTT_Silverado
5994,1058,0.17650984317650983,0.96384017886413,0.950804794796601,4940,0.05043064462733162,False,0.774102079395085,1.0,0.0,0.9985144324129469,0.0,0.3,1.0,0.0,0.5308988764044944,0.0,0.5,1.0,1.0,0.0,1.0,0.0,False,0.774102079395085,1.0,0.0,0.9985144324129469,0.0,0.3,1.0,0.0,0.5308988764044944,0.0,0.5,1.0,1.0,0.0,1.0,0.0,True,0.8185255198487713,0.9976958525345622,0.0004051863857374392,0.9981504576483476,28.924297903267988,0.3,1.0,0.0,0.6629213483146067,0.0,0.5,1.0,1.0,0.0,1.0,0.0,True,0.8166351606805293,1.0,0.0,0.9982183256186457,0.0,0.3,1.0,0.0,0.6573033707865169,0.0,0.5,1.0,1.0,0.0,1.0,0.0,True,0.8790170132325141,0.9617373319544984,0.0074959481361426255,0.9969180135453756,535.0995112104579,0.3,1.0,0.0,0.8426966292134831,0.0,0.5,1.0,1.0,0.0,1.0,0.0,HistGB,fleet,40000,20000,20.15,B_fleet_size,CIDv2_Prototype,FS-A,1,4,CIDv2_OpelAstra|CIDv2_RenaultClio|CTT_Impala|CTT_Silverado
5994,1058,0.17650984317650983,0.9695555855977303,0.954165276906857,4940,0.05043064462733162,False,0.8071833648393195,0.9988304093567252,0.0002025931928687196,0.9994439482688905,14.462148951633994,0.0,1.0,0.0,0.6376404494382022,0.0,0.3333333333333333,0.0,1.0,0.0,1.0,0.0,False,0.8071833648393195,0.9988304093567252,0.0002025931928687196,0.9994439482688905,14.462148951633994,0.0,1.0,0.0,0.6376404494382022,0.0,0.3333333333333333,0.0,1.0,0.0,1.0,0.0,True,0.8752362948960303,0.9967707212055974,0.0006077795786061589,0.9990676045417786,43.386446854902,0.1,1.0,0.0,0.8370786516853933,0.0,0.5,1.0,1.0,0.0,1.0,0.0,True,0.8487712665406427,0.9966703662597114,0.0006077795786061589,0.999231219291687,43.386446854902,0.1,1.0,0.0,0.7584269662921348,0.0,0.5,1.0,1.0,0.0,1.0,0.0,True,0.9035916824196597,0.9446640316205533,0.011345218800648298,0.9984982013702393,809.8803412915037,0.3,1.0,0.0,0.9129213483146067,0.019230769230769232,0.6666666666666666,1.0,1.0,0.0,1.0,1.0,XGBoost,fleet,40000,20000,7.05,B_fleet_size,CIDv2_Prototype,FS-A,1,4,CIDv2_OpelAstra|CIDv2_RenaultClio|CTT_Impala|CTT_Silverado
5994,1058,0.17650984317650983,0.9330545347173498,0.9371380576012562,4940,0.05043064462733162,False,0.8913043478260869,1.0,0.0,0.44780979216334044,0.0,0.0,0.9984051036682615,0.0,0.8904494382022472,0.0,0.3333333333333333,0.0,1.0,0.0,1.0,0.0,False,0.8913043478260869,1.0,0.0,0.44780979216334044,0.0,0.0,0.9984051036682615,0.0,0.8904494382022472,0.0,0.3333333333333333,0.0,1.0,0.0,1.0,0.0,True,0.9026465028355387,1.0,0.0,0.3847893179952402,0.0,0.0,0.9984051036682615,0.0,0.9241573033707865,0.0,0.3333333333333333,0.0,1.0,0.0,1.0,0.0,True,0.8998109640831758,1.0,0.0,0.3962694950639518,0.0,0.0,0.9984051036682615,0.0,0.9157303370786517,0.0,0.3333333333333333,0.0,1.0,0.0,1.0,0.0,True,0.9102079395085066,0.9856704196519959,0.0028363047001620746,0.2791121023847672,202.47008532287592,0.0,0.9984051036682615,0.0,0.9466292134831461,0.0,0.3333333333333333,0.0,1.0,0.0,1.0,0.0,HistGB,fleet,40000,20000,16.57,B_fleet_size,CIDv2_Prototype,FS-A,0,4,CIDv2_OpelAstra|CIDv2_RenaultClio|CTT_Impala|ROAD_ORNL
5994,1058,0.17650984317650983,0.9392008828314333,0.9398359522096819,4940,0.05043064462733162,False,0.9092627599243857,1.0,0.0,0.7993535399436952,0.0,0.0,0.9984051036682615,0.0,0.9438202247191011,0.0,0.3333333333333333,0.0,1.0,0.0,1.0,0.0,False,0.9092627599243857,1.0,0.0,0.7993535399436952,0.0,0.0,0.9984051036682615,0.0,0.9438202247191011,0.0,0.3333333333333333,0.0,1.0,0.0,1.0,0.0,True,0.9158790170132325,1.0,0.0,0.7011324167251587,0.0,0.0,0.9984051036682615,0.0,0.9634831460674157,0.0,0.3333333333333333,0.0,1.0,0.0,1.0,0.0,True,0.9149338374291115,1.0,0.0,0.7199052572250366,0.0,0.0,0.9984051036682615,0.0,0.9606741573033708,0.0,0.3333333333333333,0.0,1.0,0.0,1.0,0.0,True,0.9168241965973535,0.9690309690309691,0.006280388978930308,0.5957072973251343,448.3266175006539,0.0,0.9984051036682615,0.0,0.9662921348314607,0.0,0.3333333333333333,0.0,1.0,0.0,1.0,0.0,XGBoost,fleet,40000,20000,6.02,B_fleet_size,CIDv2_Prototype,FS-A,0,4,CIDv2_OpelAstra|CIDv2_RenaultClio|CTT_Impala|ROAD_ORNL
5994,1058,0.17650984317650983,0.9339526085118248,0.9401969360010145,4940,0.05043064462733162,False,0.9102079395085066,1.0,0.0,0.558627109107494,0.0,0.0,0.9984051036682615,0.0,0.9466292134831461,0.0,0.3333333333333333,0.0,1.0,0.0,1.0,0.0,False,0.9102079395085066,1.0,0.0,0.558627109107494,0.0,0.0,0.9984051036682615,0.0,0.9466292134831461,0.0,0.3333333333333333,0.0,1.0,0.0,1.0,0.0,True,0.9149338374291115,1.0,0.0,0.45332787869744906,0.0,0.0,0.9984051036682615,0.0,0.9606741573033708,0.0,0.3333333333333333,0.0,1.0,0.0,1.0,0.0,True,0.9139886578449905,1.0,0.0,0.4749456869387932,0.0,0.0,0.9984051036682615,0.0,0.9578651685393258,0.0,0.3333333333333333,0.0,1.0,0.0,1.0,0.0,True,0.9224952741020794,0.9512670565302144,0.01012965964343598,0.3781907726589996,723.1074475816997,0.0,0.9984051036682615,0.0,0.9831460674157303,0.0,0.3333333333333333,0.0,1.0,0.0,1.0,0.0,HistGB,fleet,40000,20000,18.09,B_fleet_size,CIDv2_Prototype,FS-A,1,4,CIDv2_OpelAstra|CIDv2_RenaultClio|CTT_Impala|ROAD_ORNL
5994,1058,0.17650984317650983,0.9274183078374842,0.9306512572467125,4940,0.05043064462733162,False,0.8610586011342155,1.0,0.0,0.8904836773872377,0.0,0.0,0.9984051036682615,0.0,0.800561797752809,0.0,0.3333333333333333,0.0,1.0,0.0,1.0,0.0,False,0.8610586011342155,1.0,0.0,0.8904836773872377,0.0,0.0,0.9984051036682615,0.0,0.800561797752809,0.0,0.3333333333333333,0.0,1.0,0.0,1.0,0.0,True,0.8752362948960303,0.9978448275862069,0.0004051863857374392,0.872200608253479,28.924297903267988,0.0,0.9984051036682615,0.0,0.8426966292134831,0.0,0.3333333333333333,0.0,1.0,0.0,1.0,0.0,True,0.8742911153119093,0.9989200863930886,0.0002025931928687196,0.8751224875450134,14.462148951633994,0.0,0.9984051036682615,0.0,0.8398876404494382,0.0,0.3333333333333333,0.0,1.0,0.0,1.0,0.0,True,0.9026465028355387,0.9675785207700102,0.006482982171799027,0.8307986259460449,462.7887664522878,0.0,0.9984051036682615,0.0,0.9241573033707865,0.0,0.3333333333333333,0.0,1.0,0.0,1.0,0.0,XGBoost,fleet,40000,20000,7.8,B_fleet_size,CIDv2_Prototype,FS-A,1,4,CIDv2_OpelAstra|CIDv2_RenaultClio|CTT_Impala|ROAD_ORNL
5994,1058,0.17650984317650983,0.9551503095961004,0.9463682566238182,4940,0.05043064462733162,False,0.8960302457466919,1.0,0.0,0.9855856905021535,0.0,0.0,0.9968102073365231,0.0,0.9073033707865169,0.0,0.3333333333333333,0.0,1.0,0.0,1.0,0.0,False,0.8960302457466919,1.0,0.0,0.9855856905021535,0.0,0.0,0.9968102073365231,0.0,0.9073033707865169,0.0,0.3333333333333333,0.0,1.0,0.0,1.0,0.0,True,0.8969754253308129,0.9989473684210526,0.0002025931928687196,0.97781754046932,14.462148951633994,0.0,0.9968102073365231,0.07692307692307693,0.9073033707865169,0.0,0.5,0.0,1.0,0.5,1.0,0.0,True,0.8969754253308129,0.9989473684210526,0.0002025931928687196,0.9795315571304506,14.462148951633994,0.0,0.9968102073365231,0.07692307692307693,0.9073033707865169,0.0,0.5,0.0,1.0,0.5,1.0,0.0,True,0.9102079395085066,0.9678391959798995,0.006482982171799027,0.9627322802317851,462.7887664522878,0.3,0.9968102073365231,0.07692307692307693,0.9382022471910112,0.0,0.6666666666666666,1.0,1.0,0.5,1.0,0.0,HistGB,fleet,40000,20000,18.25,B_fleet_size,CIDv2_Prototype,FS-A,0,4,CIDv2_OpelAstra|CTT_Forester|CTT_Impala|CTT_Silverado
5994,1058,0.17650984317650983,0.9433166075865598,0.9377427660259051,4940,0.05043064462733162,False,0.9035916824196597,1.0,0.0,0.9836448431015016,0.0,0.0,0.9968102073365231,0.0,0.9297752808988764,0.0,0.3333333333333333,0.0,1.0,0.0,1.0,0.0,False,0.9035916824196597,1.0,0.0,0.9836448431015016,0.0,0.0,0.9968102073365231,0.0,0.9297752808988764,0.0,0.3333333333333333,0.0,1.0,0.0,1.0,0.0,True,0.9045368620037807,0.9958376690946931,0.0008103727714748784,0.9810312390327454,57.848595806535975,0.0,0.9968102073365231,0.0,0.9325842696629213,0.0,0.3333333333333333,0.0,1.0,0.0,1.0,0.0,True,0.9045368620037807,0.996875,0.0006077795786061589,0.9813898205757141,43.386446854902,0.0,0.9968102073365231,0.0,0.9325842696629213,0.0,0.3333333333333333,0.0,1.0,0.0,1.0,0.0,True,0.9054820415879017,0.958958958958959,0.008306320907617504,0.9691407680511475,592.9481070169938,0.0,0.9968102073365231,0.0,0.9353932584269663,0.0,0.3333333333333333,0.0,1.0,0.0,1.0,0.0,XGBoost,fleet,40000,20000,6.51,B_fleet_size,CIDv2_Prototype,FS-A,0,4,CIDv2_OpelAstra|CTT_Forester|CTT_Impala|CTT_Silverado
5994,1058,0.17650984317650983,0.974871359067137,0.9573721951407911,4940,0.05043064462733162,False,0.8506616257088847,0.9933774834437086,0.0012155591572123178,0.9831336748236993,86.772893709804,0.3,0.9984051036682615,0.07692307692307693,0.7584269662921348,0.0,0.6666666666666666,1.0,1.0,0.5,1.0,0.0,False,0.8506616257088847,0.9933774834437086,0.0012155591572123178,0.9831336748236993,86.772893709804,0.3,0.9984051036682615,0.07692307692307693,0.7584269662921348,0.0,0.6666666666666666,1.0,1.0,0.5,1.0,0.0,True,0.8506616257088847,0.9933774834437086,0.0012155591572123178,0.9831336748236992,86.772893709804,0.3,0.9984051036682615,0.07692307692307693,0.7584269662921348,0.0,0.6666666666666666,1.0,1.0,0.5,1.0,0.0,True,0.8506616257088847,0.9933774834437086,0.0012155591572123178,0.9831336748236993,86.772893709804,0.3,0.9984051036682615,0.07692307692307693,0.7584269662921348,0.0,0.6666666666666666,1.0,1.0,0.5,1.0,0.0,True,0.8931947069943289,0.9412350597609562,0.011952998379254457,0.971308563940633,853.2667881464057,0.3,0.9984051036682615,0.07692307692307693,0.8848314606741573,0.0,0.6666666666666666,1.0,1.0,0.5,1.0,0.0,HistGB,fleet,40000,20000,23.13,B_fleet_size,CIDv2_Prototype,FS-A,1,4,CIDv2_OpelAstra|CTT_Forester|CTT_Impala|CTT_Silverado
5994,1058,0.17650984317650983,0.959423628110897,0.948342440487924,4940,0.05043064462733162,False,0.8856332703213611,0.9968085106382979,0.0006077795786061589,0.981389343738556,43.386446854902,0.0,0.9968102073365231,0.0,0.8764044943820225,0.0,0.3333333333333333,0.0,1.0,0.0,1.0,0.0,False,0.8856332703213611,0.9968085106382979,0.0006077795786061589,0.981389343738556,43.386446854902,0.0,0.9968102073365231,0.0,0.8764044943820225,0.0,0.3333333333333333,0.0,1.0,0.0,1.0,0.0,True,0.8969754253308129,0.9916405433646813,0.0016207455429497568,0.974675714969635,115.69719161307195,0.0,0.9968102073365231,0.0,0.9101123595505618,0.0,0.3333333333333333,0.0,1.0,0.0,1.0,0.0,True,0.8903591682419659,0.9936708860759493,0.0012155591572123178,0.9773421883583069,86.772893709804,0.0,0.9968102073365231,0.0,0.8904494382022472,0.0,0.3333333333333333,0.0,1.0,0.0,1.0,0.0,True,0.9158790170132325,0.9584569732937686,0.008508914100486223,0.9525513052940369,607.4102559686278,0.0,0.9968102073365231,0.0,0.9662921348314607,0.0,0.3333333333333333,0.0,1.0,0.0,1.0,0.0,XGBoost,fleet,40000,20000,7.03,B_fleet_size,CIDv2_Prototype,FS-A,1,4,CIDv2_OpelAstra|CTT_Forester|CTT_Impala|CTT_Silverado
5994,1058,0.17650984317650983,0.9506216432337704,0.9500053042459622,4940,0.05043064462733162,False,0.9111531190926276,0.9979296066252588,0.0004051863857374392,0.990940005708972,28.924297903267988,0.0,1.0,0.0,0.9466292134831461,0.0,0.3333333333333333,0.0,1.0,0.0,1.0,0.0,False,0.9111531190926276,0.9979296066252588,0.0004051863857374392,0.990940005708972,28.924297903267988,0.0,1.0,0.0,0.9466292134831461,0.0,0.3333333333333333,0.0,1.0,0.0,1.0,0.0,True,0.9206049149338374,0.9918533604887984,0.0016207455429497568,0.9853503181364708,115.69719161307195,0.0,1.0,0.0,0.9747191011235955,0.0,0.3333333333333333,0.0,1.0,0.0,1.0,0.0,True,0.9158790170132325,0.9948665297741273,0.001012965964343598,0.9893357231836396,72.31074475816997,0.0,1.0,0.0,0.9606741573033708,0.0,0.3333333333333333,0.0,1.0,0.0,1.0,0.0,True,0.9300567107750473,0.9507246376811594,0.010332252836304701,0.9701688552587905,737.5695965333338,0.2,1.0,0.0,0.9971910112359551,0.0,0.5,1.0,1.0,0.0,1.0,0.0,HistGB,fleet,40000,20000,28.18,B_fleet_size,CIDv2_Prototype,FS-A,0,4,CIDv2_RenaultClio|CTT_Impala|CTT_Silverado|CTT_Traverse
5994,1058,0.17650984317650983,0.9770156299307889,0.9654502488732633,4940,0.05043064462733162,False,0.9139886578449905,0.9989669421487604,0.0002025931928687196,0.9936850666999818,14.462148951633994,0.0,1.0,0.07692307692307693,0.952247191011236,0.0,0.5,0.0,1.0,0.5,1.0,0.0,False,0.9139886578449905,0.9989669421487604,0.0002025931928687196,0.9936850666999818,14.462148951633994,0.0,1.0,0.07692307692307693,0.952247191011236,0.0,0.5,0.0,1.0,0.5,1.0,0.0,True,0.9300567107750473,0.9919354838709677,0.0016207455429497568,0.9850214123725891,115.69719161307195,0.2,1.0,0.15384615384615385,0.9915730337078652,0.0,0.6666666666666666,1.0,1.0,0.5,1.0,0.0,True,0.9272211720226843,0.992914979757085,0.0014181523500810373,0.9870429039001465,101.23504266143796,0.2,1.0,0.07692307692307693,0.9859550561797753,0.0,0.6666666666666666,1.0,1.0,0.5,1.0,0.0,True,0.9328922495274102,0.9657534246575342,0.007090761750405186,0.9727076888084412,506.1752133071898,0.3,1.0,0.15384615384615385,0.9971910112359551,0.0,0.6666666666666666,1.0,1.0,0.5,1.0,0.0,XGBoost,fleet,40000,20000,9.21,B_fleet_size,CIDv2_Prototype,FS-A,0,4,CIDv2_RenaultClio|CTT_Impala|CTT_Silverado|CTT_Traverse
5994,1058,0.17650984317650983,0.9693362372967557,0.9566008821805694,4940,0.05043064462733162,False,0.9111531190926276,0.9989637305699481,0.0002025931928687196,0.9322895287905067,14.462148951633994,0.3,1.0,0.07692307692307693,0.9353932584269663,0.0,0.6666666666666666,1.0,1.0,0.5,1.0,0.0,False,0.9111531190926276,0.9989637305699481,0.0002025931928687196,0.9322895287905067,14.462148951633994,0.3,1.0,0.07692307692307693,0.9353932584269663,0.0,0.6666666666666666,1.0,1.0,0.5,1.0,0.0,True,0.9139886578449905,0.9938335046248715,0.0012155591572123178,0.9127716670666595,86.772893709804,0.3,1.0,0.07692307692307693,0.9438202247191011,0.0,0.6666666666666666,1.0,1.0,0.5,1.0,0.0,True,0.9139886578449905,0.9938335046248715,0.0012155591572123178,0.9127716670666595,86.772893709804,0.3,1.0,0.07692307692307693,0.9438202247191011,0.0,0.6666666666666666,1.0,1.0,0.5,1.0,0.0,True,0.9253308128544423,0.9468085106382979,0.011142625607779578,0.854684640236914,795.4181923398697,0.4,1.0,0.07692307692307693,0.9719101123595506,0.019230769230769232,0.8333333333333334,1.0,1.0,0.5,1.0,1.0,HistGB,fleet,40000,20000,25.42,B_fleet_size,CIDv2_Prototype,FS-A,1,4,CIDv2_RenaultClio|CTT_Impala|CTT_Silverado|CTT_Traverse
5994,1058,0.17650984317650983,0.9754270541954024,0.9629390507693905,4940,0.05043064462733162,False,0.9149338374291115,0.9979381443298969,0.0004051863857374392,0.996304750442505,28.924297903267988,0.0,1.0,0.0,0.9578651685393258,0.0,0.3333333333333333,0.0,1.0,0.0,1.0,0.0,False,0.9149338374291115,0.9979381443298969,0.0004051863857374392,0.996304750442505,28.924297903267988,0.0,1.0,0.0,0.9578651685393258,0.0,0.3333333333333333,0.0,1.0,0.0,1.0,0.0,True,0.9206049149338374,0.9878296146044625,0.0024311183144246355,0.9931273460388184,173.545787419608,0.1,1.0,0.07692307692307693,0.9691011235955056,0.0,0.6666666666666666,1.0,1.0,0.5,1.0,0.0,True,0.9196597353497165,0.9898270600203459,0.002025931928687196,0.9933667778968811,144.62148951633995,0.1,1.0,0.0,0.9691011235955056,0.0,0.5,1.0,1.0,0.0,1.0,0.0,True,0.9243856332703214,0.9616519174041298,0.007901134521880064,0.9921587705612183,564.0238091137257,0.1,1.0,0.15384615384615385,0.9775280898876404,0.0,0.8333333333333334,1.0,1.0,1.0,1.0,0.0,XGBoost,fleet,40000,20000,9.33,B_fleet_size,CIDv2_Prototype,FS-A,1,4,CIDv2_RenaultClio|CTT_Impala|CTT_Silverado|CTT_Traverse
5994,1058,0.17650984317650983,0.9396448453245014,0.936958418783146,4940,0.05043064462733162,False,0.8459357277882797,0.9977703455964325,0.0004051863857374392,0.4868508225593203,28.924297903267988,0.0,0.9984051036682615,0.0,0.7556179775280899,0.0,0.3333333333333333,0.0,1.0,0.0,1.0,0.0,False,0.8459357277882797,0.9977703455964325,0.0004051863857374392,0.4868508225593203,28.924297903267988,0.0,0.9984051036682615,0.0,0.7556179775280899,0.0,0.3333333333333333,0.0,1.0,0.0,1.0,0.0,True,0.8610586011342155,0.9912948857453754,0.0016207455429497568,0.4116168098465452,115.69719161307195,0.0,0.9984051036682615,0.0,0.800561797752809,0.0,0.3333333333333333,0.0,1.0,0.0,1.0,0.0,True,0.8468809073724007,0.9977728285077951,0.0004051863857374392,0.4802294917009749,28.924297903267988,0.0,0.9984051036682615,0.0,0.7584269662921348,0.0,0.3333333333333333,0.0,1.0,0.0,1.0,0.0,True,0.9111531190926276,0.9441723800195886,0.011547811993517018,0.2327000805842479,824.3424902431377,0.0,0.9984051036682615,0.0,0.949438202247191,0.0,0.3333333333333333,0.0,1.0,0.0,1.0,0.0,HistGB,fleet,40000,20000,26.77,B_fleet_size,CIDv2_Prototype,FS-A,0,4,CTT_Forester|CTT_Impala|CTT_Silverado|ROAD_ORNL
5994,1058,0.17650984317650983,0.9362620368696633,0.9394817317801215,4940,0.05043064462733162,False,0.9139886578449905,1.0,0.0,0.3351531922817231,0.0,0.0,0.9968102073365231,0.0,0.9606741573033708,0.0,0.3333333333333333,0.0,1.0,0.0,1.0,0.0,False,0.9139886578449905,1.0,0.0,0.3351531922817231,0.0,0.0,0.9968102073365231,0.0,0.9606741573033708,0.0,0.3333333333333333,0.0,1.0,0.0,1.0,0.0,True,0.9177693761814745,0.9958974358974358,0.0008103727714748784,0.2413991242647171,57.848595806535975,0.0,0.9968102073365231,0.0,0.9719101123595506,0.0,0.3333333333333333,0.0,1.0,0.0,1.0,0.0,True,0.9139886578449905,0.9989669421487604,0.0002025931928687196,0.29736968874931335,14.462148951633994,0.0,0.9968102073365231,0.0,0.9606741573033708,0.0,0.3333333333333333,0.0,1.0,0.0,1.0,0.0,True,0.9215500945179584,0.9493670886075949,0.01053484602917342,0.14345461130142212,752.0317454849677,0.0,0.9968102073365231,0.0,0.9831460674157303,0.0,0.3333333333333333,0.0,1.0,0.0,1.0,0.0,XGBoost,fleet,40000,20000,10.22,B_fleet_size,CIDv2_Prototype,FS-A,0,4,CTT_Forester|CTT_Impala|CTT_Silverado|ROAD_ORNL
5994,1058,0.17650984317650983,0.950748120364101,0.9372480931817814,4940,0.05043064462733162,False,0.8364839319470699,0.9988713318284425,0.0002025931928687196,0.1409394252511621,14.462148951633994,0.0,0.9984051036682615,0.0,0.7275280898876404,0.0,0.3333333333333333,0.0,1.0,0.0,1.0,0.0,False,0.8364839319470699,0.9988713318284425,0.0002025931928687196,0.1409394252511621,14.462148951633994,0.0,0.9984051036682615,0.0,0.7275280898876404,0.0,0.3333333333333333,0.0,1.0,0.0,1.0,0.0,True,0.8657844990548205,0.9956521739130435,0.0008103727714748784,0.09334178218602332,57.848595806535975,0.0,0.9984051036682615,0.0,0.8146067415730337,0.0,0.3333333333333333,0.0,1.0,0.0,1.0,0.0,True,0.8601134215500945,0.9956236323851203,0.0008103727714748784,0.09514477379455817,57.848595806535975,0.0,0.9984051036682615,0.0,0.797752808988764,0.0,0.3333333333333333,0.0,1.0,0.0,1.0,0.0,True,0.888468809073724,0.9591836734693877,0.008103727714748784,0.06771293305691861,578.4859580653598,0.0,0.9984051036682615,0.0,0.8820224719101124,0.0,0.3333333333333333,0.0,1.0,0.0,1.0,0.0,HistGB,fleet,40000,20000,24.02,B_fleet_size,CIDv2_Prototype,FS-A,1,4,CTT_Forester|CTT_Impala|CTT_Silverado|ROAD_ORNL
5994,1058,0.17650984317650983,0.9511503387021167,0.9455862416378555,4940,0.05043064462733162,False,0.8837429111531191,1.0,0.0,0.5837753415107728,0.0,0.0,0.9968102073365231,0.0,0.8707865168539326,0.0,0.3333333333333333,0.0,1.0,0.0,1.0,0.0,False,0.8837429111531191,1.0,0.0,0.5837753415107728,0.0,0.0,0.9968102073365231,0.0,0.8707865168539326,0.0,0.3333333333333333,0.0,1.0,0.0,1.0,0.0,True,0.9139886578449905,0.9897645854657113,0.002025931928687196,0.3937367796897888,144.62148951633995,0.0,0.9968102073365231,0.0,0.9606741573033708,0.0,0.3333333333333333,0.0,1.0,0.0,1.0,0.0,True,0.9130434782608695,0.9907692307692307,0.0018233387358184765,0.41055992245674133,130.15934056470596,0.0,0.9968102073365231,0.0,0.9578651685393258,0.0,0.3333333333333333,0.0,1.0,0.0,1.0,0.0,True,0.9187145557655955,0.9585798816568047,0.008508914100486223,0.2868494987487793,607.4102559686278,0.0,0.9984051036682615,0.0,0.9719101123595506,0.0,0.3333333333333333,0.0,1.0,0.0,1.0,0.0,XGBoost,fleet,40000,20000,10.14,B_fleet_size,CIDv2_Prototype,FS-A,1,4,CTT_Forester|CTT_Impala|CTT_Silverado|ROAD_ORNL
5994,1058,0.17650984317650983,0.9364407899372842,0.939211194116993,4940,0.05043064462733162,False,0.8790170132325141,0.9989258861439313,0.0002025931928687196,0.4963077048617947,14.462148951633994,0.0,0.9984051036682615,0.0,0.8539325842696629,0.0,0.3333333333333333,0.0,1.0,0.0,1.0,0.0,False,0.8790170132325141,0.9989258861439313,0.0002025931928687196,0.4963077048617947,14.462148951633994,0.0,0.9984051036682615,0.0,0.8539325842696629,0.0,0.3333333333333333,0.0,1.0,0.0,1.0,0.0,True,0.8931947069943289,0.9926470588235294,0.0014181523500810373,0.40881328823192903,101.23504266143796,0.0,0.9984051036682615,0.0,0.8960674157303371,0.0,0.3333333333333333,0.0,1.0,0.0,1.0,0.0,True,0.8865784499054821,0.9989350372736954,0.0002025931928687196,0.4560310394856733,14.462148951633994,0.0,0.9984051036682615,0.0,0.8764044943820225,0.0,0.3333333333333333,0.0,1.0,0.0,1.0,0.0,True,0.9139886578449905,0.9434146341463414,0.011750405186385737,0.2994024866294734,838.8046391947717,0.0,0.9984051036682615,0.0,0.9578651685393258,0.0,0.3333333333333333,0.0,1.0,0.0,1.0,0.0,HistGB,fleet,40000,20000,26.11,B_fleet_size,CIDv2_Prototype,FS-A,0,5,CIDv2_OpelAstra|CIDv2_RenaultClio|CTT_Impala|CTT_Traverse|ROAD_ORNL
5994,1058,0.17650984317650983,0.9488211871884507,0.9479525729935125,4940,0.05043064462733162,False,0.9168241965973535,0.9989701338825953,0.0002025931928687196,0.6325227618217469,14.462148951633994,0.0,0.9984051036682615,0.0,0.9662921348314607,0.0,0.3333333333333333,0.0,1.0,0.0,1.0,0.0,False,0.9168241965973535,0.9989701338825953,0.0002025931928687196,0.6325227618217469,14.462148951633994,0.0,0.9984051036682615,0.0,0.9662921348314607,0.0,0.3333333333333333,0.0,1.0,0.0,1.0,0.0,True,0.9196597353497165,0.9938712972420838,0.0012155591572123178,0.5540581941604614,86.772893709804,0.0,0.9984051036682615,0.0,0.9747191011235955,0.0,0.3333333333333333,0.0,1.0,0.0,1.0,0.0,True,0.9196597353497165,0.9959058341862845,0.0008103727714748784,0.5680715441703796,57.848595806535975,0.0,0.9984051036682615,0.0,0.9747191011235955,0.0,0.3333333333333333,0.0,1.0,0.0,1.0,0.0,True,0.9272211720226843,0.961764705882353,0.007901134521880064,0.44080910086631775,564.0238091137257,0.0,1.0,0.0,0.9943820224719101,0.0,0.3333333333333333,0.0,1.0,0.0,1.0,0.0,XGBoost,fleet,40000,20000,7.92,B_fleet_size,CIDv2_Prototype,FS-A,0,5,CIDv2_OpelAstra|CIDv2_RenaultClio|CTT_Impala|CTT_Traverse|ROAD_ORNL
5994,1058,0.17650984317650983,0.9390197361769401,0.9423355939302306,4940,0.05043064462733162,False,0.9092627599243857,1.0,0.0,0.693244392788544,0.0,0.0,0.9968102073365231,0.0,0.9466292134831461,0.0,0.3333333333333333,0.0,1.0,0.0,1.0,0.0,False,0.9092627599243857,1.0,0.0,0.693244392788544,0.0,0.0,0.9968102073365231,0.0,0.9466292134831461,0.0,0.3333333333333333,0.0,1.0,0.0,1.0,0.0,True,0.9120982986767486,1.0,0.0,0.64807820362968,0.0,0.0,0.9968102073365231,0.0,0.9550561797752809,0.0,0.3333333333333333,0.0,1.0,0.0,1.0,0.0,True,0.9092627599243857,1.0,0.0,0.658605024726455,0.0,0.0,0.9968102073365231,0.0,0.9466292134831461,0.0,0.3333333333333333,0.0,1.0,0.0,1.0,0.0,True,0.9243856332703214,0.9340974212034384,0.013978930307941654,0.4739810387527709,997.8882776627456,0.0,0.9968102073365231,0.0,0.9915730337078652,0.0,0.3333333333333333,0.0,1.0,0.0,1.0,0.0,HistGB,fleet,40000,20000,26.24,B_fleet_size,CIDv2_Prototype,FS-A,1,5,CIDv2_OpelAstra|CIDv2_RenaultClio|CTT_Impala|CTT_Traverse|ROAD_ORNL
5994,1058,0.17650984317650983,0.9483085766238859,0.9470122749447323,4940,0.05043064462733162,False,0.9139886578449905,0.9989669421487604,0.0002025931928687196,0.655129909515381,14.462148951633994,0.0,0.9968102073365231,0.0,0.9606741573033708,0.0,0.3333333333333333,0.0,1.0,0.0,1.0,0.0,False,0.9139886578449905,0.9989669421487604,0.0002025931928687196,0.655129909515381,14.462148951633994,0.0,0.9968102073365231,0.0,0.9606741573033708,0.0,0.3333333333333333,0.0,1.0,0.0,1.0,0.0,True,0.9149338374291115,0.9928205128205129,0.0014181523500810373,0.6133124232292175,101.23504266143796,0.0,0.9984051036682615,0.0,0.9606741573033708,0.0,0.3333333333333333,0.0,1.0,0.0,1.0,0.0,True,0.9149338374291115,0.9948612538540597,0.001012965964343598,0.6345330476760864,72.31074475816997,0.0,0.9984051036682615,0.0,0.9606741573033708,0.0,0.3333333333333333,0.0,1.0,0.0,1.0,0.0,True,0.9262759924385633,0.9523809523809523,0.00992706645056726,0.4471353590488434,708.6452986300658,0.0,1.0,0.07692307692307693,0.9887640449438202,0.0,0.5,0.0,1.0,0.5,1.0,0.0,XGBoost,fleet,40000,20000,8.73,B_fleet_size,CIDv2_Prototype,FS-A,1,5,CIDv2_OpelAstra|CIDv2_RenaultClio|CTT_Impala|CTT_Traverse|ROAD_ORNL
5994,1058,0.17650984317650983,0.9408739043116734,0.9358890260261429,4940,0.05043064462733162,False,0.8610586011342155,0.9978094194961665,0.0004051863857374392,0.45442290781115596,28.924297903267988,0.0,0.9968102073365231,0.0,0.8033707865168539,0.0,0.3333333333333333,0.0,1.0,0.0,1.0,0.0,False,0.8610586011342155,0.9978094194961665,0.0004051863857374392,0.45442290781115596,28.924297903267988,0.0,0.9968102073365231,0.0,0.8033707865168539,0.0,0.3333333333333333,0.0,1.0,0.0,1.0,0.0,True,0.8790170132325141,0.9914712153518124,0.0016207455429497568,0.3619002543652727,115.69719161307195,0.0,0.9968102073365231,0.0,0.8567415730337079,0.0,0.3333333333333333,0.0,1.0,0.0,1.0,0.0,True,0.8733459357277883,0.9935483870967742,0.0012155591572123178,0.3811735957070431,86.772893709804,0.0,0.9968102073365231,0.0,0.8398876404494382,0.0,0.3333333333333333,0.0,1.0,0.0,1.0,0.0,True,0.8979206049149339,0.9481037924151696,0.01053484602917342,0.2683584534074893,752.0317454849677,0.0,0.9968102073365231,0.0,0.9129213483146067,0.0,0.3333333333333333,0.0,1.0,0.0,1.0,0.0,HistGB,fleet,40000,20000,22.97,B_fleet_size,CIDv2_Prototype,FS-A,0,5,CIDv2_OpelAstra|CTT_Forester|CTT_Impala|CTT_Traverse|ROAD_ORNL
5994,1058,0.17650984317650983,0.9408642342207094,0.9325057122702511,4940,0.05043064462733162,False,0.8657844990548205,1.0,0.0,0.7043678760528566,0.0,0.0,0.9968102073365231,0.0,0.8174157303370787,0.0,0.3333333333333333,0.0,1.0,0.0,1.0,0.0,False,0.8657844990548205,1.0,0.0,0.7043678760528566,0.0,0.0,0.9968102073365231,0.0,0.8174157303370787,0.0,0.3333333333333333,0.0,1.0,0.0,1.0,0.0,True,0.8686200378071833,0.9989130434782608,0.0002025931928687196,0.6771171689033508,14.462148951633994,0.0,0.9968102073365231,0.0,0.8258426966292135,0.0,0.3333333333333333,0.0,1.0,0.0,1.0,0.0,True,0.8657844990548205,1.0,0.0,0.7043678760528564,0.0,0.0,0.9968102073365231,0.0,0.8174157303370787,0.0,0.3333333333333333,0.0,1.0,0.0,1.0,0.0,True,0.8837429111531191,0.9609455292908531,0.007698541329011345,0.5347164869308472,549.5616601620918,0.0,0.9968102073365231,0.0,0.8707865168539326,0.0,0.3333333333333333,0.0,1.0,0.0,1.0,0.0,XGBoost,fleet,40000,20000,7.56,B_fleet_size,CIDv2_Prototype,FS-A,0,5,CIDv2_OpelAstra|CTT_Forester|CTT_Impala|CTT_Traverse|ROAD_ORNL
5994,1058,0.17650984317650983,0.9329960354541917,0.9111604469369333,4940,0.05043064462733162,False,0.7863894139886578,1.0,0.0,0.613696945139293,0.0,0.0,0.9968102073365231,0.0,0.5814606741573034,0.0,0.3333333333333333,0.0,1.0,0.0,1.0,0.0,False,0.7863894139886578,1.0,0.0,0.613696945139293,0.0,0.0,0.9968102073365231,0.0,0.5814606741573034,0.0,0.3333333333333333,0.0,1.0,0.0,1.0,0.0,True,0.7977315689981096,0.9929411764705882,0.0012155591572123178,0.5666989000732343,86.772893709804,0.0,0.9968102073365231,0.0,0.6151685393258427,0.0,0.3333333333333333,0.0,1.0,0.0,1.0,0.0,True,0.7967863894139886,0.9941037735849056,0.001012965964343598,0.569708474610783,72.31074475816997,0.0,0.9968102073365231,0.0,0.6123595505617978,0.0,0.3333333333333333,0.0,1.0,0.0,1.0,0.0,True,0.8090737240075614,0.9661399548532731,0.006077795786061589,0.4999413166906946,433.86446854901993,0.0,0.9968102073365231,0.0,0.648876404494382,0.0,0.3333333333333333,0.0,1.0,0.0,1.0,0.0,HistGB,fleet,40000,20000,45.29,B_fleet_size,CIDv2_Prototype,FS-A,1,5,CIDv2_OpelAstra|CTT_Forester|CTT_Impala|CTT_Traverse|ROAD_ORNL
5994,1058,0.17650984317650983,0.9148719871443322,0.8971063586263329,4940,0.05043064462733162,False,0.7892249527410208,1.0,0.0,0.8171967267990113,0.0,0.0,0.9968102073365231,0.0,0.5898876404494382,0.0,0.3333333333333333,0.0,1.0,0.0,1.0,0.0,False,0.7892249527410208,1.0,0.0,0.8171967267990113,0.0,0.0,0.9968102073365231,0.0,0.5898876404494382,0.0,0.3333333333333333,0.0,1.0,0.0,1.0,0.0,True,0.8100189035916824,0.9988344988344988,0.0002025931928687196,0.7265331149101257,14.462148951633994,0.0,0.9968102073365231,0.0,0.651685393258427,0.0,0.3333333333333333,0.0,1.0,0.0,1.0,0.0,True,0.8081285444234405,0.9988317757009346,0.0002025931928687196,0.7316746711730957,14.462148951633994,0.0,0.9968102073365231,0.0,0.6460674157303371,0.0,0.3333333333333333,0.0,1.0,0.0,1.0,0.0,True,0.8213610586011342,0.9698660714285714,0.00547001620745543,0.6502283811569214,390.47802169411796,0.0,0.9968102073365231,0.0,0.6853932584269663,0.0,0.3333333333333333,0.0,1.0,0.0,1.0,0.0,XGBoost,fleet,40000,20000,12.24,B_fleet_size,CIDv2_Prototype,FS-A,1,5,CIDv2_OpelAstra|CTT_Forester|CTT_Impala|CTT_Traverse|ROAD_ORNL
5994,1058,0.17650984317650983,0.9560737554114213,0.948746916765586,4940,0.05043064462733162,False,0.9007561436672968,0.9989517819706499,0.0002025931928687196,0.965064598020918,14.462148951633994,0.0,0.9968102073365231,0.0,0.9213483146067416,0.0,0.3333333333333333,0.0,1.0,0.0,1.0,0.0,False,0.9007561436672968,0.9989517819706499,0.0002025931928687196,0.965064598020918,14.462148951633994,0.0,0.9968102073365231,0.0,0.9213483146067416,0.0,0.3333333333333333,0.0,1.0,0.0,1.0,0.0,True,0.9045368620037807,0.9979144942648592,0.0004051863857374392,0.9498659662655563,28.924297903267988,0.0,0.9968102073365231,0.0,0.9325842696629213,0.0,0.3333333333333333,0.0,1.0,0.0,1.0,0.0,True,0.9045368620037807,0.9979144942648592,0.0004051863857374392,0.950145617268988,28.924297903267988,0.0,0.9968102073365231,0.0,0.9325842696629213,0.0,0.3333333333333333,0.0,1.0,0.0,1.0,0.0,True,0.9139886578449905,0.9574257425742574,0.008711507293354943,0.9058072289567309,621.8724049202618,0.0,0.9968102073365231,0.0,0.9606741573033708,0.0,0.3333333333333333,0.0,1.0,0.0,1.0,0.0,HistGB,fleet,40000,20000,36.49,B_fleet_size,CIDv2_Prototype,FS-A,0,5,CIDv2_RenaultClio|CTT_Forester|CTT_Impala|CTT_Silverado|CTT_Traverse
5994,1058,0.17650984317650983,0.9473759394349757,0.9451721017069564,4940,0.05043064462733162,False,0.9139886578449905,0.9989669421487604,0.0002025931928687196,0.9068675041198732,14.462148951633994,0.0,0.9968102073365231,0.0,0.9606741573033708,0.0,0.3333333333333333,0.0,1.0,0.0,1.0,0.0,False,0.9139886578449905,0.9989669421487604,0.0002025931928687196,0.9068675041198732,14.462148951633994,0.0,0.9968102073365231,0.0,0.9606741573033708,0.0,0.3333333333333333,0.0,1.0,0.0,1.0,0.0,True,0.9187145557655955,0.9908256880733946,0.0018233387358184765,0.8664767146110535,130.15934056470596,0.0,0.9968102073365231,0.0,0.9747191011235955,0.0,0.3333333333333333,0.0,1.0,0.0,1.0,0.0,True,0.9149338374291115,0.9969104016477858,0.0006077795786061589,0.8922539949417114,43.386446854902,0.0,0.9968102073365231,0.0,0.9634831460674157,0.0,0.3333333333333333,0.0,1.0,0.0,1.0,0.0,True,0.9243856332703214,0.9560117302052786,0.009116693679092382,0.7409505844116211,650.7967028235297,0.0,0.9968102073365231,0.0,0.9915730337078652,0.0,0.3333333333333333,0.0,1.0,0.0,1.0,0.0,XGBoost,fleet,40000,20000,12.51,B_fleet_size,CIDv2_Prototype,FS-A,0,5,CIDv2_RenaultClio|CTT_Forester|CTT_Impala|CTT_Silverado|CTT_Traverse
5994,1058,0.17650984317650983,0.9586684035809592,0.9516734640734056,4940,0.05043064462733162,False,0.9102079395085066,0.9989626556016598,0.0002025931928687196,0.9441890926074523,14.462148951633994,0.0,0.9968102073365231,0.0,0.949438202247191,0.0,0.3333333333333333,0.0,1.0,0.0,1.0,0.0,False,0.9102079395085066,0.9989626556016598,0.0002025931928687196,0.9441890926074523,14.462148951633994,0.0,0.9968102073365231,0.0,0.949438202247191,0.0,0.3333333333333333,0.0,1.0,0.0,1.0,0.0,True,0.9139886578449905,0.9948559670781894,0.001012965964343598,0.9378026781475624,72.31074475816997,0.0,0.9968102073365231,0.0,0.9606741573033708,0.0,0.3333333333333333,0.0,1.0,0.0,1.0,0.0,True,0.9102079395085066,0.9979274611398964,0.0004051863857374392,0.9441890926074522,28.924297903267988,0.0,0.9968102073365231,0.0,0.949438202247191,0.0,0.3333333333333333,0.0,1.0,0.0,1.0,0.0,True,0.9253308128544423,0.9702675916749257,0.006077795786061589,0.8615581542428501,433.86446854901993,0.1,0.9968102073365231,0.0,0.9915730337078652,0.0,0.5,1.0,1.0,0.0,1.0,0.0,HistGB,fleet,40000,20000,36.67,B_fleet_size,CIDv2_Prototype,FS-A,1,5,CIDv2_RenaultClio|CTT_Forester|CTT_Impala|CTT_Silverado|CTT_Traverse
5994,1058,0.17650984317650983,0.962633140876183,0.9521094460162399,4940,0.05043064462733162,False,0.8478260869565217,1.0,0.0,0.9931535720825196,0.0,0.0,0.9968102073365231,0.0,0.7640449438202247,0.0,0.3333333333333333,0.0,1.0,0.0,1.0,0.0,False,0.8478260869565217,1.0,0.0,0.9931535720825196,0.0,0.0,0.9968102073365231,0.0,0.7640449438202247,0.0,0.3333333333333333,0.0,1.0,0.0,1.0,0.0,True,0.8931947069943289,0.9957850368809273,0.0008103727714748784,0.9863727688789368,57.848595806535975,0.0,0.9968102073365231,0.0,0.898876404494382,0.0,0.3333333333333333,0.0,1.0,0.0,1.0,0.0,True,0.8922495274102079,0.9957805907172996,0.0008103727714748784,0.9869828224182129,57.848595806535975,0.0,0.9968102073365231,0.0,0.8960674157303371,0.0,0.3333333333333333,0.0,1.0,0.0,1.0,0.0,True,0.9168241965973535,0.9566074950690335,0.008914100486223663,0.9692931771278381,636.3345538718958,0.0,0.9968102073365231,0.0,0.9691011235955056,0.0,0.3333333333333333,0.0,1.0,0.0,1.0,0.0,XGBoost,fleet,40000,20000,9.73,B_fleet_size,CIDv2_Prototype,FS-A,1,5,CIDv2_RenaultClio|CTT_Forester|CTT_Impala|CTT_Silverado|CTT_Traverse
5994,1058,0.17650984317650983,0.8973767819775547,0.8702151819869267,4940,0.05043064462733162,False,0.7485822306238186,0.9987389659520807,0.0002025931928687196,0.8158125212682663,14.462148951633994,0.0,0.9984051036682615,0.0,0.46629213483146065,0.0,0.3333333333333333,0.0,1.0,0.0,1.0,0.0,False,0.7485822306238186,0.9987389659520807,0.0002025931928687196,0.8158125212682663,14.462148951633994,0.0,0.9984051036682615,0.0,0.46629213483146065,0.0,0.3333333333333333,0.0,1.0,0.0,1.0,0.0,True,0.7608695652173914,0.9926017262638718,0.0012155591572123178,0.7764108448808394,86.772893709804,0.0,0.9984051036682615,0.0,0.5028089887640449,0.0,0.3333333333333333,0.0,1.0,0.0,1.0,0.0,True,0.7485822306238186,0.9987389659520807,0.0002025931928687196,0.8158125212682662,14.462148951633994,0.0,0.9984051036682615,0.0,0.46629213483146065,0.0,0.3333333333333333,0.0,1.0,0.0,1.0,0.0,True,0.7863894139886578,0.9465301478953356,0.009521880064829822,0.7151915805523276,679.7210007267978,0.0,0.9984051036682615,0.0,0.5786516853932584,0.0,0.3333333333333333,0.0,1.0,0.0,1.0,0.0,HistGB,fleet,40000,20000,22.16,B_fleet_size,CIDv2_Prototype,FS-A,0,5,CIDv2_RenaultClio|CTT_Forester|CTT_Impala|CTT_Silverado|ROAD_ORNL
5994,1058,0.17650984317650983,0.9310886339474193,0.9274770908146596,4940,0.05043064462733162,False,0.8431001890359168,0.9955357142857143,0.0008103727714748784,0.8058908581733705,57.848595806535975,0.0,0.9968102073365231,0.0,0.75,0.0,0.3333333333333333,0.0,1.0,0.0,1.0,0.0,False,0.8431001890359168,0.9955357142857143,0.0008103727714748784,0.8058908581733705,57.848595806535975,0.0,0.9968102073365231,0.0,0.75,0.0,0.3333333333333333,0.0,1.0,0.0,1.0,0.0,True,0.8582230623818525,0.9912663755458515,0.0016207455429497568,0.7672215700149536,115.69719161307195,0.0,0.9968102073365231,0.0,0.7949438202247191,0.0,0.3333333333333333,0.0,1.0,0.0,1.0,0.0,True,0.8563327032136105,0.9923329682365827,0.0014181523500810373,0.7736496329307556,101.23504266143796,0.0,0.9968102073365231,0.0,0.7893258426966292,0.0,0.3333333333333333,0.0,1.0,0.0,1.0,0.0,True,0.8799621928166351,0.9597938144329897,0.007901134521880064,0.6862605214118958,564.0238091137257,0.0,0.9968102073365231,0.0,0.8595505617977528,0.0,0.3333333333333333,0.0,1.0,0.0,1.0,0.0,XGBoost,fleet,40000,20000,9.01,B_fleet_size,CIDv2_Prototype,FS-A,0,5,CIDv2_RenaultClio|CTT_Forester|CTT_Impala|CTT_Silverado|ROAD_ORNL
5994,1058,0.17650984317650983,0.939528804232934,0.9265601123872937,4940,0.05043064462733162,False,0.7854442344045368,0.9964028776978417,0.0006077795786061589,0.7358436570237626,43.386446854902,0.0,0.9968102073365231,0.0,0.5786516853932584,0.0,0.3333333333333333,0.0,1.0,0.0,1.0,0.0,False,0.7854442344045368,0.9964028776978417,0.0006077795786061589,0.7358436570237626,43.386446854902,0.0,0.9968102073365231,0.0,0.5786516853932584,0.0,0.3333333333333333,0.0,1.0,0.0,1.0,0.0,True,0.8024574669187146,0.9929824561403509,0.0012155591572123178,0.6433943476657603,86.772893709804,0.0,0.9968102073365231,0.0,0.6292134831460674,0.0,0.3333333333333333,0.0,1.0,0.0,1.0,0.0,True,0.8024574669187146,0.9929824561403509,0.0012155591572123178,0.6466804001928679,86.772893709804,0.0,0.9968102073365231,0.0,0.6292134831460674,0.0,0.3333333333333333,0.0,1.0,0.0,1.0,0.0,True,0.8431001890359168,0.9499467518636848,0.009521880064829822,0.43512310747794675,679.7210007267978,0.0,0.9984051036682615,0.0,0.7471910112359551,0.0,0.3333333333333333,0.0,1.0,0.0,1.0,0.0,HistGB,fleet,40000,20000,47.81,B_fleet_size,CIDv2_Prototype,FS-A,1,5,CIDv2_RenaultClio|CTT_Forester|CTT_Impala|CTT_Silverado|ROAD_ORNL
5994,1058,0.17650984317650983,0.9400556805752573,0.9332262752747058,4940,0.05043064462733162,False,0.7977315689981096,1.0,0.0,0.661403775215149,0.0,0.0,0.9968102073365231,0.0,0.6151685393258427,0.0,0.3333333333333333,0.0,1.0,0.0,1.0,0.0,False,0.7977315689981096,1.0,0.0,0.661403775215149,0.0,0.0,0.9968102073365231,0.0,0.6151685393258427,0.0,0.3333333333333333,0.0,1.0,0.0,1.0,0.0,True,0.8270321361058601,0.9943181818181818,0.001012965964343598,0.574138343334198,72.31074475816997,0.0,0.9968102073365231,0.0,0.702247191011236,0.0,0.3333333333333333,0.0,1.0,0.0,1.0,0.0,True,0.8128544423440454,0.9988385598141696,0.0002025931928687196,0.6069852113723755,14.462148951633994,0.0,0.9968102073365231,0.0,0.6601123595505618,0.0,0.3333333333333333,0.0,1.0,0.0,1.0,0.0,True,0.8761814744801513,0.9576446280991735,0.008306320907617504,0.45749178528785706,592.9481070169938,0.0,0.9968102073365231,0.0,0.848314606741573,0.0,0.3333333333333333,0.0,1.0,0.0,1.0,0.0,XGBoost,fleet,40000,20000,7.44,B_fleet_size,CIDv2_Prototype,FS-A,1,5,CIDv2_RenaultClio|CTT_Forester|CTT_Impala|CTT_Silverado|ROAD_ORNL
5994,1058,0.17650984317650983,0.9405021323986728,0.940431694737733,4940,0.05043064462733162,False,0.8478260869565217,1.0,0.0,0.6180525224368677,0.0,0.0,0.9968102073365231,0.0,0.7640449438202247,0.0,0.3333333333333333,0.0,1.0,0.0,1.0,0.0,False,0.8478260869565217,1.0,0.0,0.6180525224368677,0.0,0.0,0.9968102073365231,0.0,0.7640449438202247,0.0,0.3333333333333333,0.0,1.0,0.0,1.0,0.0,True,0.8638941398865785,0.9945593035908596,0.001012965964343598,0.5586301923660751,72.31074475816997,0.0,0.9968102073365231,0.0,0.8117977528089888,0.0,0.3333333333333333,0.0,1.0,0.0,1.0,0.0,True,0.8591682419659735,0.9956188389923329,0.0008103727714748784,0.5741887195279166,57.848595806535975,0.0,0.9968102073365231,0.0,0.797752808988764,0.0,0.3333333333333333,0.0,1.0,0.0,1.0,0.0,True,0.9149338374291115,0.96318407960199,0.0074959481361426255,0.34679075232951584,535.0995112104579,0.0,0.9968102073365231,0.0,0.9634831460674157,0.0,0.3333333333333333,0.0,1.0,0.0,1.0,0.0,HistGB,fleet,40000,20000,25.19,B_fleet_size,CIDv2_Prototype,FS-A,0,5,CTT_Forester|CTT_Impala|CTT_Silverado|CTT_Traverse|ROAD_ORNL
5994,1058,0.17650984317650983,0.9401414667287594,0.9298291512978037,4940,0.05043064462733162,False,0.7977315689981096,1.0,0.0,0.9198093414306642,0.0,0.0,0.9968102073365231,0.0,0.6151685393258427,0.0,0.3333333333333333,0.0,1.0,0.0,1.0,0.0,False,0.7977315689981096,1.0,0.0,0.9198093414306642,0.0,0.0,0.9968102073365231,0.0,0.6151685393258427,0.0,0.3333333333333333,0.0,1.0,0.0,1.0,0.0,True,0.8156899810964083,1.0,0.0,0.9039652943611145,0.0,0.0,0.9968102073365231,0.0,0.6685393258426966,0.0,0.3333333333333333,0.0,1.0,0.0,1.0,0.0,True,0.8109640831758034,1.0,0.0,0.9077572226524353,0.0,0.0,0.9968102073365231,0.0,0.6544943820224719,0.0,0.3333333333333333,0.0,1.0,0.0,1.0,0.0,True,0.8525519848771267,0.9709364908503767,0.00547001620745543,0.8723979592323303,390.47802169411796,0.0,0.9968102073365231,0.0,0.7780898876404494,0.0,0.3333333333333333,0.0,1.0,0.0,1.0,0.0,XGBoost,fleet,40000,20000,8.75,B_fleet_size,CIDv2_Prototype,FS-A,0,5,CTT_Forester|CTT_Impala|CTT_Silverado|CTT_Traverse|ROAD_ORNL
5994,1058,0.17650984317650983,0.940616641594642,0.9322065021574416,4940,0.05043064462733162,False,0.8005671077504726,0.9988207547169812,0.0002025931928687196,0.7527584764200989,14.462148951633994,0.0,0.9968102073365231,0.0,0.6235955056179775,0.0,0.3333333333333333,0.0,1.0,0.0,1.0,0.0,False,0.8005671077504726,0.9988207547169812,0.0002025931928687196,0.7527584764200989,14.462148951633994,0.0,0.9968102073365231,0.0,0.6235955056179775,0.0,0.3333333333333333,0.0,1.0,0.0,1.0,0.0,True,0.8393194706994329,0.9932885906040269,0.0012155591572123178,0.5625967276419976,86.772893709804,0.0,0.9968102073365231,0.0,0.7387640449438202,0.0,0.3333333333333333,0.0,1.0,0.0,1.0,0.0,True,0.8241965973534972,0.9977116704805492,0.0004051863857374392,0.6286837611100248,28.924297903267988,0.0,0.9968102073365231,0.0,0.6938202247191011,0.0,0.3333333333333333,0.0,1.0,0.0,1.0,0.0,True,0.8780718336483931,0.9528205128205128,0.009319286871961102,0.41841788270682273,665.2588517751637,0.0,0.9968102073365231,0.0,0.8539325842696629,0.0,0.3333333333333333,0.0,1.0,0.0,1.0,0.0,HistGB,fleet,40000,20000,26.65,B_fleet_size,CIDv2_Prototype,FS-A,1,5,CTT_Forester|CTT_Impala|CTT_Silverado|CTT_Traverse|ROAD_ORNL
5994,1058,0.17650984317650983,0.9428576133679338,0.9378324480565706,4940,0.05043064462733162,False,0.8043478260869565,0.9976553341148886,0.0004051863857374392,0.8755950927734376,28.924297903267988,0.0,0.9968102073365231,0.0,0.6348314606741573,0.0,0.3333333333333333,0.0,1.0,0.0,1.0,0.0,False,0.8043478260869565,0.9976553341148886,0.0004051863857374392,0.8755950927734376,28.924297903267988,0.0,0.9968102073365231,0.0,0.6348314606741573,0.0,0.3333333333333333,0.0,1.0,0.0,1.0,0.0,True,0.8279773156899811,0.9931972789115646,0.0012155591572123178,0.844805896282196,86.772893709804,0.0,0.9968102073365231,0.0,0.7050561797752809,0.0,0.3333333333333333,0.0,1.0,0.0,1.0,0.0,True,0.8260869565217391,0.9931818181818182,0.0012155591572123178,0.8470960855484009,86.772893709804,0.0,0.9968102073365231,0.0,0.699438202247191,0.0,0.3333333333333333,0.0,1.0,0.0,1.0,0.0,True,0.8827977315689981,0.9569672131147541,0.008508914100486223,0.7110868096351624,607.4102559686278,0.0,0.9968102073365231,0.0,0.8679775280898876,0.0,0.3333333333333333,0.0,1.0,0.0,1.0,0.0,XGBoost,fleet,40000,20000,9.0,B_fleet_size,CIDv2_Prototype,FS-A,1,5,CTT_Forester|CTT_Impala|CTT_Silverado|CTT_Traverse|ROAD_ORNL
5994,1058,0.17650984317650983,0.9370754734323348,0.9359756729140284,4940,0.05043064462733162,False,0.8062381852551985,1.0,0.0,0.8159220565135177,0.0,0.0,0.9968102073365231,0.0,0.6404494382022472,0.0,0.3333333333333333,0.0,1.0,0.0,1.0,0.0,False,0.8062381852551985,1.0,0.0,0.8159220565135177,0.0,0.0,0.9968102073365231,0.0,0.6404494382022472,0.0,0.3333333333333333,0.0,1.0,0.0,1.0,0.0,True,0.8260869565217391,0.9886877828054299,0.002025931928687196,0.716809894507533,144.62148951633995,0.0,0.9968102073365231,0.0,0.699438202247191,0.0,0.3333333333333333,0.0,1.0,0.0,1.0,0.0,True,0.8241965973534972,0.9886621315192744,0.002025931928687196,0.7230430296882134,144.62148951633995,0.0,0.9968102073365231,0.0,0.6938202247191011,0.0,0.3333333333333333,0.0,1.0,0.0,1.0,0.0,True,0.9073724007561437,0.9467455621301775,0.01094003241491086,0.5591877765350765,780.9560433882359,0.0,0.9984051036682615,0.0,0.9382022471910112,0.0,0.3333333333333333,0.0,1.0,0.0,1.0,0.0,HistGB,fleet,40000,20000,36.2,B_fleet_size,CIDv2_Prototype,FS-A,0,6,CIDv2_OpelAstra|CIDv2_RenaultClio|CTT_Forester|CTT_Impala|CTT_Silverado|ROAD_ORNL
5994,1058,0.17650984317650983,0.9425065220455096,0.9278925333935623,4940,0.05043064462733162,False,0.7996219281663516,0.9988193624557261,0.0002025931928687196,0.7707651853561402,14.462148951633994,0.0,0.9968102073365231,0.0,0.6207865168539326,0.0,0.3333333333333333,0.0,1.0,0.0,1.0,0.0,False,0.7996219281663516,0.9988193624557261,0.0002025931928687196,0.7707651853561402,14.462148951633994,0.0,0.9968102073365231,0.0,0.6207865168539326,0.0,0.3333333333333333,0.0,1.0,0.0,1.0,0.0,True,0.8062381852551985,0.9988290398126464,0.0002025931928687196,0.7571634650230408,14.462148951633994,0.0,0.9968102073365231,0.0,0.6404494382022472,0.0,0.3333333333333333,0.0,1.0,0.0,1.0,0.0,True,0.8043478260869565,0.9988262910798122,0.0002025931928687196,0.7663795948028564,14.462148951633994,0.0,0.9968102073365231,0.0,0.6348314606741573,0.0,0.3333333333333333,0.0,1.0,0.0,1.0,0.0,True,0.8449905482041588,0.9675324675324676,0.006077795786061589,0.6301659941673279,433.86446854901993,0.0,0.9968102073365231,0.0,0.7556179775280899,0.0,0.3333333333333333,0.0,1.0,0.0,1.0,0.0,XGBoost,fleet,40000,20000,10.13,B_fleet_size,CIDv2_Prototype,FS-A,0,6,CIDv2_OpelAstra|CIDv2_RenaultClio|CTT_Forester|CTT_Impala|CTT_Silverado|ROAD_ORNL
5994,1058,0.17650984317650983,0.9413056116399554,0.940610821007798,4940,0.05043064462733162,False,0.8487712665406427,0.9988876529477196,0.0002025931928687196,0.5335617248362318,14.462148951633994,0.0,0.9968102073365231,0.0,0.7668539325842697,0.0,0.3333333333333333,0.0,1.0,0.0,1.0,0.0,False,0.8487712665406427,0.9988876529477196,0.0002025931928687196,0.5335617248362318,14.462148951633994,0.0,0.9968102073365231,0.0,0.7668539325842697,0.0,0.3333333333333333,0.0,1.0,0.0,1.0,0.0,True,0.8695652173913043,0.9956709956709957,0.0008103727714748784,0.4487083388284088,57.848595806535975,0.0,0.9984051036682615,0.0,0.8258426966292135,0.0,0.3333333333333333,0.0,1.0,0.0,1.0,0.0,True,0.8620037807183365,0.9989047097480832,0.0002025931928687196,0.47082350973623593,14.462148951633994,0.0,0.9984051036682615,0.0,0.8033707865168539,0.0,0.3333333333333333,0.0,1.0,0.0,1.0,0.0,True,0.9196597353497165,0.9567354965585054,0.008914100486223663,0.3301524392750063,636.3345538718958,0.0,0.9984051036682615,0.0,0.9747191011235955,0.0,0.3333333333333333,0.0,1.0,0.0,1.0,0.0,HistGB,fleet,40000,20000,40.45,B_fleet_size,CIDv2_Prototype,FS-A,1,6,CIDv2_OpelAstra|CIDv2_RenaultClio|CTT_Forester|CTT_Impala|CTT_Silverado|ROAD_ORNL
5994,1058,0.17650984317650983,0.929681109123051,0.9161440590326551,4940,0.05043064462733162,False,0.775992438563327,1.0,0.0,0.9583828449249269,0.0,0.0,0.9968102073365231,0.0,0.550561797752809,0.0,0.3333333333333333,0.0,1.0,0.0,1.0,0.0,False,0.775992438563327,1.0,0.0,0.9583828449249269,0.0,0.0,0.9968102073365231,0.0,0.550561797752809,0.0,0.3333333333333333,0.0,1.0,0.0,1.0,0.0,True,0.7920604914933838,0.9964328180737217,0.0006077795786061589,0.9465751647949219,43.386446854902,0.0,0.9968102073365231,0.0,0.598314606741573,0.0,0.3333333333333333,0.0,1.0,0.0,1.0,0.0,True,0.7854442344045368,0.9975990396158463,0.0004051863857374392,0.9504424333572388,28.924297903267988,0.0,0.9968102073365231,0.0,0.5786516853932584,0.0,0.3333333333333333,0.0,1.0,0.0,1.0,0.0,True,0.8194706994328923,0.9548458149779736,0.008306320907617504,0.9205794334411621,592.9481070169938,0.0,0.9968102073365231,0.0,0.6797752808988764,0.0,0.3333333333333333,0.0,1.0,0.0,1.0,0.0,XGBoost,fleet,40000,20000,10.52,B_fleet_size,CIDv2_Prototype,FS-A,1,6,CIDv2_OpelAstra|CIDv2_RenaultClio|CTT_Forester|CTT_Impala|CTT_Silverado|ROAD_ORNL
5994,1058,0.17650984317650983,0.9265127660519681,0.9093598091565418,4940,0.05043064462733162,False,0.8156899810964083,1.0,0.0,0.490965415796327,0.0,0.0,0.9968102073365231,0.0,0.6685393258426966,0.0,0.3333333333333333,0.0,1.0,0.0,1.0,0.0,False,0.8156899810964083,1.0,0.0,0.490965415796327,0.0,0.0,0.9968102073365231,0.0,0.6685393258426966,0.0,0.3333333333333333,0.0,1.0,0.0,1.0,0.0,True,0.8232514177693762,0.9908987485779295,0.0016207455429497568,0.42431421028243854,115.69719161307195,0.0,0.9968102073365231,0.0,0.6910112359550562,0.0,0.3333333333333333,0.0,1.0,0.0,1.0,0.0,True,0.8175803402646503,0.9976931949250288,0.0004051863857374392,0.4794111203095434,28.924297903267988,0.0,0.9968102073365231,0.0,0.6741573033707865,0.0,0.3333333333333333,0.0,1.0,0.0,1.0,0.0,True,0.8402646502835539,0.9508021390374332,0.009319286871961102,0.31280583286526387,665.2588517751637,0.0,0.9968102073365231,0.0,0.7415730337078652,0.0,0.3333333333333333,0.0,1.0,0.0,1.0,0.0,HistGB,fleet,40000,20000,26.33,B_fleet_size,CIDv2_Prototype,FS-A,0,6,CIDv2_OpelAstra|CIDv2_RenaultClio|CTT_Forester|CTT_Impala|CTT_Traverse|ROAD_ORNL
5994,1058,0.17650984317650983,0.9231043940893341,0.9118628752377136,4940,0.05043064462733162,False,0.8147448015122873,0.9953810623556582,0.0008103727714748784,0.8875451087951661,57.848595806535975,0.0,0.9968102073365231,0.0,0.6657303370786517,0.0,0.3333333333333333,0.0,1.0,0.0,1.0,0.0,False,0.8147448015122873,0.9953810623556582,0.0008103727714748784,0.8875451087951661,57.848595806535975,0.0,0.9968102073365231,0.0,0.6657303370786517,0.0,0.3333333333333333,0.0,1.0,0.0,1.0,0.0,True,0.8279773156899811,0.9864864864864865,0.0024311183144246355,0.865405261516571,173.545787419608,0.0,0.9968102073365231,0.0,0.7050561797752809,0.0,0.3333333333333333,0.0,1.0,0.0,1.0,0.0,True,0.8279773156899811,0.9898305084745763,0.0018233387358184765,0.8658507466316223,130.15934056470596,0.0,0.9968102073365231,0.0,0.7050561797752809,0.0,0.3333333333333333,0.0,1.0,0.0,1.0,0.0,True,0.8449905482041588,0.9500531349628055,0.009521880064829822,0.8185430765151978,679.7210007267978,0.0,0.9968102073365231,0.0,0.7556179775280899,0.0,0.3333333333333333,0.0,1.0,0.0,1.0,0.0,XGBoost,fleet,40000,20000,8.93,B_fleet_size,CIDv2_Prototype,FS-A,0,6,CIDv2_OpelAstra|CIDv2_RenaultClio|CTT_Forester|CTT_Impala|CTT_Traverse|ROAD_ORNL
5994,1058,0.17650984317650983,0.9300479981188321,0.9196585234713076,4940,0.05043064462733162,False,0.8194706994328923,1.0,0.0,0.48724490820525634,0.0,0.0,0.9968102073365231,0.0,0.6797752808988764,0.0,0.3333333333333333,0.0,1.0,0.0,1.0,0.0,False,0.8194706994328923,1.0,0.0,0.48724490820525634,0.0,0.0,0.9968102073365231,0.0,0.6797752808988764,0.0,0.3333333333333333,0.0,1.0,0.0,1.0,0.0,True,0.8298676748582231,0.9954648526077098,0.0008103727714748784,0.4429745909417267,57.848595806535975,0.0,0.9984051036682615,0.0,0.7078651685393258,0.0,0.3333333333333333,0.0,1.0,0.0,1.0,0.0,True,0.8251417769376181,0.9954389965792474,0.0008103727714748784,0.46808669455872215,57.848595806535975,0.0,0.9984051036682615,0.0,0.6938202247191011,0.0,0.3333333333333333,0.0,1.0,0.0,1.0,0.0,True,0.8497164461247637,0.953340402969247,0.008914100486223663,0.36418432349984187,636.3345538718958,0.0,0.9984051036682615,0.0,0.7668539325842697,0.0,0.3333333333333333,0.0,1.0,0.0,1.0,0.0,HistGB,fleet,40000,20000,15.97,B_fleet_size,CIDv2_Prototype,FS-A,1,6,CIDv2_OpelAstra|CIDv2_RenaultClio|CTT_Forester|CTT_Impala|CTT_Traverse|ROAD_ORNL
5994,1058,0.17650984317650983,0.9298911703069613,0.9255214051520989,4940,0.05043064462733162,False,0.8705103969754253,0.9989154013015185,0.0002025931928687196,0.6562989950180055,14.462148951633994,0.0,0.9968102073365231,0.0,0.8314606741573034,0.0,0.3333333333333333,0.0,1.0,0.0,1.0,0.0,False,0.8705103969754253,0.9989154013015185,0.0002025931928687196,0.6562989950180055,14.462148951633994,0.0,0.9968102073365231,0.0,0.8314606741573034,0.0,0.3333333333333333,0.0,1.0,0.0,1.0,0.0,True,0.8733459357277883,0.9924812030075187,0.0014181523500810373,0.6272162199020386,101.23504266143796,0.0,0.9968102073365231,0.0,0.8398876404494382,0.0,0.3333333333333333,0.0,1.0,0.0,1.0,0.0,True,0.8733459357277883,0.9935483870967742,0.0012155591572123178,0.6306968927383423,86.772893709804,0.0,0.9968102073365231,0.0,0.8398876404494382,0.0,0.3333333333333333,0.0,1.0,0.0,1.0,0.0,True,0.8799621928166351,0.95,0.00992706645056726,0.5675632953643799,708.6452986300658,0.0,0.9968102073365231,0.0,0.8595505617977528,0.0,0.3333333333333333,0.0,1.0,0.0,1.0,0.0,XGBoost,fleet,40000,20000,5.69,B_fleet_size,CIDv2_Prototype,FS-A,1,6,CIDv2_OpelAstra|CIDv2_RenaultClio|CTT_Forester|CTT_Impala|CTT_Traverse|ROAD_ORNL
5994,1058,0.17650984317650983,0.9497453989515706,0.9425587742050313,4940,0.05043064462733162,False,0.8185255198487713,1.0,0.0,0.6083342794914096,0.0,0.0,0.9984051036682615,0.0,0.6741573033707865,0.0,0.3333333333333333,0.0,1.0,0.0,1.0,0.0,False,0.8185255198487713,1.0,0.0,0.6083342794914096,0.0,0.0,0.9984051036682615,0.0,0.6741573033707865,0.0,0.3333333333333333,0.0,1.0,0.0,1.0,0.0,True,0.8289224952741021,0.9954597048808173,0.0008103727714748784,0.5720668180135179,57.848595806535975,0.0,0.9984051036682615,0.0,0.7050561797752809,0.0,0.3333333333333333,0.0,1.0,0.0,1.0,0.0,True,0.8260869565217391,0.997716894977169,0.0004051863857374392,0.584543604986512,28.924297903267988,0.0,0.9984051036682615,0.0,0.6966292134831461,0.0,0.3333333333333333,0.0,1.0,0.0,1.0,0.0,True,0.8913043478260869,0.943943943943944,0.011345218800648298,0.3703170006406097,809.8803412915037,0.0,0.9984051036682615,0.0,0.8904494382022472,0.0,0.3333333333333333,0.0,1.0,0.0,1.0,0.0,HistGB,fleet,40000,20000,23.04,B_fleet_size,CIDv2_Prototype,FS-A,0,6,CIDv2_OpelAstra|CIDv2_RenaultClio|CTT_Impala|CTT_Silverado|CTT_Traverse|ROAD_ORNL
5994,1058,0.17650984317650983,0.9501405322724445,0.9410738845731557,4940,0.05043064462733162,False,0.8591682419659735,0.9989010989010989,0.0002025931928687196,0.5889185667037965,14.462148951633994,0.0,0.9984051036682615,0.0,0.7949438202247191,0.0,0.3333333333333333,0.0,1.0,0.0,1.0,0.0,False,0.8591682419659735,0.9989010989010989,0.0002025931928687196,0.5889185667037965,14.462148951633994,0.0,0.9984051036682615,0.0,0.7949438202247191,0.0,0.3333333333333333,0.0,1.0,0.0,1.0,0.0,True,0.8865784499054821,0.9925925925925926,0.0014181523500810373,0.44818875193595886,101.23504266143796,0.0,0.9984051036682615,0.0,0.8764044943820225,0.0,0.3333333333333333,0.0,1.0,0.0,1.0,0.0,True,0.8790170132325141,0.9935897435897436,0.0012155591572123178,0.4716055393218994,86.772893709804,0.0,0.9984051036682615,0.0,0.8539325842696629,0.0,0.3333333333333333,0.0,1.0,0.0,1.0,0.0,True,0.9073724007561437,0.963855421686747,0.007293354943273906,0.3545399010181427,520.6373622588238,0.0,0.9984051036682615,0.0,0.9382022471910112,0.0,0.3333333333333333,0.0,1.0,0.0,1.0,0.0,XGBoost,fleet,40000,20000,8.59,B_fleet_size,CIDv2_Prototype,FS-A,0,6,CIDv2_OpelAstra|CIDv2_RenaultClio|CTT_Impala|CTT_Silverado|CTT_Traverse|ROAD_ORNL
5994,1058,0.17650984317650983,0.9374075118032557,0.9424624112000256,4940,0.05043064462733162,False,0.9187145557655955,1.0,0.0,0.11262112808731678,0.0,0.0,0.9984051036682615,0.0,0.9719101123595506,0.0,0.3333333333333333,0.0,1.0,0.0,1.0,0.0,False,0.9187145557655955,1.0,0.0,0.11262112808731678,0.0,0.0,0.9984051036682615,0.0,0.9719101123595506,0.0,0.3333333333333333,0.0,1.0,0.0,1.0,0.0,True,0.9206049149338374,0.9969293756397134,0.0006077795786061589,0.08404785779829455,43.386446854902,0.0,0.9984051036682615,0.0,0.9775280898876404,0.0,0.3333333333333333,0.0,1.0,0.0,1.0,0.0,True,0.9196597353497165,1.0,0.0,0.08997559330862157,0.0,0.0,0.9984051036682615,0.0,0.9747191011235955,0.0,0.3333333333333333,0.0,1.0,0.0,1.0,0.0,True,0.9253308128544423,0.9532619279454723,0.009724473257698542,0.05030255156221417,694.183149678432,0.0,0.9984051036682615,0.0,0.9915730337078652,0.0,0.3333333333333333,0.0,1.0,0.0,1.0,0.0,HistGB,fleet,40000,20000,25.65,B_fleet_size,CIDv2_Prototype,FS-A,1,6,CIDv2_OpelAstra|CIDv2_RenaultClio|CTT_Impala|CTT_Silverado|CTT_Traverse|ROAD_ORNL
5994,1058,0.17650984317650983,0.9542271510112043,0.9444954118957517,4940,0.05043064462733162,False,0.8960302457466919,1.0,0.0,0.5815169215202333,0.0,0.0,0.9984051036682615,0.0,0.9044943820224719,0.0,0.3333333333333333,0.0,1.0,0.0,1.0,0.0,False,0.8960302457466919,1.0,0.0,0.5815169215202333,0.0,0.0,0.9984051036682615,0.0,0.9044943820224719,0.0,0.3333333333333333,0.0,1.0,0.0,1.0,0.0,True,0.9092627599243857,0.9948293691830403,0.001012965964343598,0.5026333928108215,72.31074475816997,0.0,0.9984051036682615,0.0,0.9438202247191011,0.0,0.3333333333333333,0.0,1.0,0.0,1.0,0.0,True,0.9092627599243857,0.9948293691830403,0.001012965964343598,0.503061830997467,72.31074475816997,0.0,0.9984051036682615,0.0,0.9438202247191011,0.0,0.3333333333333333,0.0,1.0,0.0,1.0,0.0,True,0.9139886578449905,0.968937875751503,0.006280388978930308,0.3926268517971039,448.3266175006539,0.0,0.9984051036682615,0.0,0.9578651685393258,0.0,0.3333333333333333,0.0,1.0,0.0,1.0,0.0,XGBoost,fleet,40000,20000,8.33,B_fleet_size,CIDv2_Prototype,FS-A,1,6,CIDv2_OpelAstra|CIDv2_RenaultClio|CTT_Impala|CTT_Silverado|CTT_Traverse|ROAD_ORNL
5994,1058,0.17650984317650983,0.9339564382508203,0.9115700704239321,4940,0.05043064462733162,False,0.7911153119092628,1.0,0.0,0.6204171742104302,0.0,0.0,0.9968102073365231,0.0,0.5955056179775281,0.0,0.3333333333333333,0.0,1.0,0.0,1.0,0.0,False,0.7911153119092628,1.0,0.0,0.6204171742104302,0.0,0.0,0.9968102073365231,0.0,0.5955056179775281,0.0,0.3333333333333333,0.0,1.0,0.0,1.0,0.0,True,0.8156899810964083,0.9930955120828538,0.0012155591572123178,0.5002446904835303,86.772893709804,0.0,0.9968102073365231,0.0,0.6685393258426966,0.0,0.3333333333333333,0.0,1.0,0.0,1.0,0.0,True,0.8100189035916824,0.9965116279069768,0.0006077795786061589,0.52002029586049,43.386446854902,0.0,0.9968102073365231,0.0,0.651685393258427,0.0,0.3333333333333333,0.0,1.0,0.0,1.0,0.0,True,0.8431001890359168,0.9499467518636848,0.009521880064829822,0.38958561536873476,679.7210007267978,0.0,0.9968102073365231,0.0,0.75,0.0,0.3333333333333333,0.0,1.0,0.0,1.0,0.0,HistGB,fleet,40000,20000,29.28,B_fleet_size,CIDv2_Prototype,FS-A,0,6,CIDv2_OpelAstra|CTT_Forester|CTT_Impala|CTT_Silverado|CTT_Traverse|ROAD_ORNL
5994,1058,0.17650984317650983,0.9382205653920274,0.9371706728748501,4940,0.05043064462733162,False,0.8667296786389413,1.0,0.0,0.7479712963104249,0.0,0.0,0.9968102073365231,0.0,0.8202247191011236,0.0,0.3333333333333333,0.0,1.0,0.0,1.0,0.0,False,0.8667296786389413,1.0,0.0,0.7479712963104249,0.0,0.0,0.9968102073365231,0.0,0.8202247191011236,0.0,0.3333333333333333,0.0,1.0,0.0,1.0,0.0,True,0.8818525519848771,0.9989293361884368,0.0002025931928687196,0.7202913165092468,14.462148951633994,0.0,0.9968102073365231,0.0,0.8651685393258427,0.0,0.3333333333333333,0.0,1.0,0.0,1.0,0.0,True,0.8742911153119093,0.9989200863930886,0.0002025931928687196,0.7328636646270752,14.462148951633994,0.0,0.9968102073365231,0.0,0.8426966292134831,0.0,0.3333333333333333,0.0,1.0,0.0,1.0,0.0,True,0.9064272211720227,0.963819095477387,0.007293354943273906,0.6114142537117004,520.6373622588238,0.0,0.9968102073365231,0.0,0.9382022471910112,0.0,0.3333333333333333,0.0,1.0,0.0,1.0,0.0,XGBoost,fleet,40000,20000,7.88,B_fleet_size,CIDv2_Prototype,FS-A,0,6,CIDv2_OpelAstra|CTT_Forester|CTT_Impala|CTT_Silverado|CTT_Traverse|ROAD_ORNL
5994,1058,0.17650984317650983,0.9433135437953633,0.9380201000928758,4940,0.05043064462733162,False,0.8052930056710775,1.0,0.0,0.7724891087140061,0.0,0.0,0.9968102073365231,0.0,0.6376404494382022,0.0,0.3333333333333333,0.0,1.0,0.0,1.0,0.0,False,0.8052930056710775,1.0,0.0,0.7724891087140061,0.0,0.0,0.9968102073365231,0.0,0.6376404494382022,0.0,0.3333333333333333,0.0,1.0,0.0,1.0,0.0,True,0.831758034026465,0.9977324263038548,0.0004051863857374392,0.6555355408950465,28.924297903267988,0.0,0.9968102073365231,0.0,0.7162921348314607,0.0,0.3333333333333333,0.0,1.0,0.0,1.0,0.0,True,0.8270321361058601,0.9977194982896237,0.0004051863857374392,0.6716444352795231,28.924297903267988,0.0,0.9968102073365231,0.0,0.702247191011236,0.0,0.3333333333333333,0.0,1.0,0.0,1.0,0.0,True,0.8780718336483931,0.9616977225672878,0.0074959481361426255,0.486944840913427,535.0995112104579,0.0,0.9968102073365231,0.0,0.8539325842696629,0.0,0.3333333333333333,0.0,1.0,0.0,1.0,0.0,HistGB,fleet,40000,20000,32.4,B_fleet_size,CIDv2_Prototype,FS-A,1,6,CIDv2_OpelAstra|CTT_Forester|CTT_Impala|CTT_Silverado|CTT_Traverse|ROAD_ORNL
5994,1058,0.17650984317650983,0.9300473279145081,0.9274337345409387,4940,0.05043064462733162,False,0.7873345935727788,0.9988009592326139,0.0002025931928687196,0.9128482341766359,14.462148951633994,0.0,0.9968102073365231,0.0,0.5842696629213483,0.0,0.3333333333333333,0.0,1.0,0.0,1.0,0.0,False,0.7873345935727788,0.9988009592326139,0.0002025931928687196,0.9128482341766359,14.462148951633994,0.0,0.9968102073365231,0.0,0.5842696629213483,0.0,0.3333333333333333,0.0,1.0,0.0,1.0,0.0,True,0.8166351606805293,0.9908256880733946,0.0016207455429497568,0.8673341870307922,115.69719161307195,0.0,0.9968102073365231,0.0,0.6713483146067416,0.0,0.3333333333333333,0.0,1.0,0.0,1.0,0.0,True,0.8128544423440454,0.9942196531791907,0.001012965964343598,0.8740504384040833,72.31074475816997,0.0,0.9968102073365231,0.0,0.6601123595505618,0.0,0.3333333333333333,0.0,1.0,0.0,1.0,0.0,True,0.8742911153119093,0.9575569358178054,0.008306320907617504,0.7862784266471863,592.9481070169938,0.0,0.9968102073365231,0.0,0.8426966292134831,0.0,0.3333333333333333,0.0,1.0,0.0,1.0,0.0,XGBoost,fleet,40000,20000,6.98,B_fleet_size,CIDv2_Prototype,FS-A,1,6,CIDv2_OpelAstra|CTT_Forester|CTT_Impala|CTT_Silverado|CTT_Traverse|ROAD_ORNL
5994,1058,0.17650984317650983,0.9398343216613101,0.9241602315380459,4940,0.05043064462733162,False,0.7901701323251418,0.998805256869773,0.0002025931928687196,0.7942007211017478,14.462148951633994,0.0,0.9968102073365231,0.0,0.5926966292134831,0.0,0.3333333333333333,0.0,1.0,0.0,1.0,0.0,False,0.7901701323251418,0.998805256869773,0.0002025931928687196,0.7942007211017478,14.462148951633994,0.0,0.9968102073365231,0.0,0.5926966292134831,0.0,0.3333333333333333,0.0,1.0,0.0,1.0,0.0,True,0.831758034026465,0.9943502824858758,0.001012965964343598,0.7055190688129507,72.31074475816997,0.0,0.9968102073365231,0.0,0.7162921348314607,0.0,0.3333333333333333,0.0,1.0,0.0,1.0,0.0,True,0.8289224952741021,0.9954597048808173,0.0008103727714748784,0.7160123717884743,57.848595806535975,0.0,0.9968102073365231,0.0,0.7078651685393258,0.0,0.3333333333333333,0.0,1.0,0.0,1.0,0.0,True,0.8544423440453687,0.9689174705251876,0.0058752025931928685,0.5528392614888865,419.4023195973858,0.0,0.9968102073365231,0.0,0.7837078651685393,0.0,0.3333333333333333,0.0,1.0,0.0,1.0,0.0,HistGB,fleet,40000,20000,25.07,B_fleet_size,CIDv2_Prototype,FS-A,0,6,CIDv2_RenaultClio|CTT_Forester|CTT_Impala|CTT_Silverado|CTT_Traverse|ROAD_ORNL
5994,1058,0.17650984317650983,0.9442870634480519,0.9265179730222086,4940,0.05043064462733162,False,0.7514177693761814,1.0,0.0,0.9189626574516297,0.0,0.0,0.9968102073365231,0.0,0.47752808988764045,0.0,0.3333333333333333,0.0,1.0,0.0,1.0,0.0,False,0.7514177693761814,1.0,0.0,0.9189626574516297,0.0,0.0,0.9968102073365231,0.0,0.47752808988764045,0.0,0.3333333333333333,0.0,1.0,0.0,1.0,0.0,True,0.8081285444234405,0.9918793503480279,0.0014181523500810373,0.8543618321418762,101.23504266143796,0.0,0.9968102073365231,0.0,0.6460674157303371,0.0,0.3333333333333333,0.0,1.0,0.0,1.0,0.0,True,0.777882797731569,0.9975757575757576,0.0004051863857374392,0.8968541622161865,28.924297903267988,0.0,0.9968102073365231,0.0,0.5561797752808989,0.0,0.3333333333333333,0.0,1.0,0.0,1.0,0.0,True,0.8620037807183365,0.9529780564263323,0.009116693679092382,0.7551709413528442,650.7967028235297,0.0,0.9968102073365231,0.0,0.8061797752808989,0.0,0.3333333333333333,0.0,1.0,0.0,1.0,0.0,XGBoost,fleet,40000,20000,8.43,B_fleet_size,CIDv2_Prototype,FS-A,0,6,CIDv2_RenaultClio|CTT_Forester|CTT_Impala|CTT_Silverado|CTT_Traverse|ROAD_ORNL
5994,1058,0.17650984317650983,0.9497295055347388,0.9441291211112394,4940,0.05043064462733162,False,0.888468809073724,1.0,0.0,0.3824554155567748,0.0,0.0,0.9968102073365231,0.0,0.8848314606741573,0.0,0.3333333333333333,0.0,1.0,0.0,1.0,0.0,False,0.888468809073724,1.0,0.0,0.3824554155567748,0.0,0.0,0.9968102073365231,0.0,0.8848314606741573,0.0,0.3333333333333333,0.0,1.0,0.0,1.0,0.0,True,0.9007561436672968,0.9958202716823407,0.0008103727714748784,0.3252834073644205,57.848595806535975,0.0,0.9968102073365231,0.0,0.9213483146067416,0.0,0.3333333333333333,0.0,1.0,0.0,1.0,0.0,True,0.8941398865784499,0.9989440337909187,0.0002025931928687196,0.3430097970757225,14.462148951633994,0.0,0.9968102073365231,0.0,0.901685393258427,0.0,0.3333333333333333,0.0,1.0,0.0,1.0,0.0,True,0.9149338374291115,0.969939879759519,0.006077795786061589,0.2578274817635542,433.86446854901993,0.0,0.9968102073365231,0.0,0.9634831460674157,0.0,0.3333333333333333,0.0,1.0,0.0,1.0,0.0,HistGB,fleet,40000,20000,20.01,B_fleet_size,CIDv2_Prototype,FS-A,1,6,CIDv2_RenaultClio|CTT_Forester|CTT_Impala|CTT_Silverado|CTT_Traverse|ROAD_ORNL
5994,1058,0.17650984317650983,0.941623192746168,0.9368828714741803,4940,0.05043064462733162,False,0.8279773156899811,0.9977220956719818,0.0004051863857374392,0.7063099741935731,28.924297903267988,0.0,0.9968102073365231,0.0,0.7050561797752809,0.0,0.3333333333333333,0.0,1.0,0.0,1.0,0.0,False,0.8279773156899811,0.9977220956719818,0.0004051863857374392,0.7063099741935731,28.924297903267988,0.0,0.9968102073365231,0.0,0.7050561797752809,0.0,0.3333333333333333,0.0,1.0,0.0,1.0,0.0,True,0.8468809073724007,0.9944506104328524,0.001012965964343598,0.6613746881484985,72.31074475816997,0.0,0.9968102073365231,0.0,0.7612359550561798,0.0,0.3333333333333333,0.0,1.0,0.0,1.0,0.0,True,0.8421550094517959,0.9955307262569832,0.0008103727714748784,0.6681504845619202,57.848595806535975,0.0,0.9968102073365231,0.0,0.7471910112359551,0.0,0.3333333333333333,0.0,1.0,0.0,1.0,0.0,True,0.8922495274102079,0.9742002063983488,0.00506482982171799,0.5875203013420105,361.55372379084986,0.0,0.9968102073365231,0.0,0.8960674157303371,0.0,0.3333333333333333,0.0,1.0,0.0,1.0,0.0,XGBoost,fleet,40000,20000,6.71,B_fleet_size,CIDv2_Prototype,FS-A,1,6,CIDv2_RenaultClio|CTT_Forester|CTT_Impala|CTT_Silverado|CTT_Traverse|ROAD_ORNL
5994,1058,0.17650984317650983,0.948925068858707,0.9387283820460742,4940,0.05043064462733162,False,0.7873345935727788,0.9988009592326139,0.0002025931928687196,0.4776064744487163,14.462148951633994,0.0,0.9968102073365231,0.0,0.5842696629213483,0.0,0.3333333333333333,0.0,1.0,0.0,1.0,0.0,False,0.7873345935727788,0.9988009592326139,0.0002025931928687196,0.4776064744487163,14.462148951633994,0.0,0.9968102073365231,0.0,0.5842696629213483,0.0,0.3333333333333333,0.0,1.0,0.0,1.0,0.0,True,0.8024574669187146,0.9929824561403509,0.0012155591572123178,0.38240040550266435,86.772893709804,0.0,0.9968102073365231,0.0,0.6292134831460674,0.0,0.3333333333333333,0.0,1.0,0.0,1.0,0.0,True,0.7967863894139886,0.9952774498229043,0.0008103727714748784,0.4099631775630581,57.848595806535975,0.0,0.9968102073365231,0.0,0.6123595505617978,0.0,0.3333333333333333,0.0,1.0,0.0,1.0,0.0,True,0.8563327032136105,0.9467084639498433,0.010332252836304701,0.22194065802634086,737.5695965333338,0.0,0.9968102073365231,0.0,0.7893258426966292,0.0,0.3333333333333333,0.0,1.0,0.0,1.0,0.0,HistGB,fleet,40000,20000,23.53,B_fleet_size,CIDv2_Prototype,FS-A,0,7,CIDv2_OpelAstra|CIDv2_RenaultClio|CTT_Forester|CTT_Impala|CTT_Silverado|CTT_Traverse|ROAD_ORNL
5994,1058,0.17650984317650983,0.9421018143771465,0.9286824582829647,4940,0.05043064462733162,False,0.7863894139886578,0.9987995198079231,0.0002025931928687196,0.904263734817505,14.462148951633994,0.0,0.9968102073365231,0.0,0.5814606741573034,0.0,0.3333333333333333,0.0,1.0,0.0,1.0,0.0,False,0.7863894139886578,0.9987995198079231,0.0002025931928687196,0.904263734817505,14.462148951633994,0.0,0.9968102073365231,0.0,0.5814606741573034,0.0,0.3333333333333333,0.0,1.0,0.0,1.0,0.0,True,0.8289224952741021,0.9954597048808173,0.0008103727714748784,0.8388993740081787,57.848595806535975,0.0,0.9968102073365231,0.0,0.7078651685393258,0.0,0.3333333333333333,0.0,1.0,0.0,1.0,0.0,True,0.8175803402646503,0.9965437788018433,0.0006077795786061589,0.8542968034744263,43.386446854902,0.0,0.9968102073365231,0.0,0.6741573033707865,0.0,0.3333333333333333,0.0,1.0,0.0,1.0,0.0,True,0.8771266540642723,0.9527720739219713,0.009319286871961102,0.7051593065261841,665.2588517751637,0.0,0.9984051036682615,0.0,0.848314606741573,0.0,0.3333333333333333,0.0,1.0,0.0,1.0,0.0,XGBoost,fleet,40000,20000,7.78,B_fleet_size,CIDv2_Prototype,FS-A,0,7,CIDv2_OpelAstra|CIDv2_RenaultClio|CTT_Forester|CTT_Impala|CTT_Silverado|CTT_Traverse|ROAD_ORNL
5994,1058,0.17650984317650983,0.9374274264460327,0.9216666735765716,4940,0.05043064462733162,False,0.8516068052930057,1.0,0.0,0.4591425835506509,0.0,0.0,0.9984051036682615,0.0,0.7724719101123596,0.0,0.3333333333333333,0.0,1.0,0.0,1.0,0.0,False,0.8516068052930057,1.0,0.0,0.4591425835506509,0.0,0.0,0.9984051036682615,0.0,0.7724719101123596,0.0,0.3333333333333333,0.0,1.0,0.0,1.0,0.0,True,0.8591682419659735,0.9956188389923329,0.0008103727714748784,0.4027973822415795,57.848595806535975,0.0,0.9984051036682615,0.0,0.7949438202247191,0.0,0.3333333333333333,0.0,1.0,0.0,1.0,0.0,True,0.8591682419659735,0.9956188389923329,0.0008103727714748784,0.4091746059994735,57.848595806535975,0.0,0.9984051036682615,0.0,0.7949438202247191,0.0,0.3333333333333333,0.0,1.0,0.0,1.0,0.0,True,0.8686200378071833,0.9673684210526315,0.006280388978930308,0.3665332312877884,448.3266175006539,0.0,0.9984051036682615,0.0,0.8230337078651685,0.0,0.3333333333333333,0.0,1.0,0.0,1.0,0.0,HistGB,fleet,40000,20000,22.08,B_fleet_size,CIDv2_Prototype,FS-A,1,7,CIDv2_OpelAstra|CIDv2_RenaultClio|CTT_Forester|CTT_Impala|CTT_Silverado|CTT_Traverse|ROAD_ORNL
5994,1058,0.17650984317650983,0.9553434241849548,0.9443831262098138,4940,0.05043064462733162,False,0.8279773156899811,0.9988597491448119,0.0002025931928687196,0.6258022189140321,14.462148951633994,0.0,0.9968102073365231,0.0,0.7050561797752809,0.0,0.3333333333333333,0.0,1.0,0.0,1.0,0.0,False,0.8279773156899811,0.9988597491448119,0.0002025931928687196,0.6258022189140321,14.462148951633994,0.0,0.9968102073365231,0.0,0.7050561797752809,0.0,0.3333333333333333,0.0,1.0,0.0,1.0,0.0,True,0.8629489603024575,0.9934711643090316,0.0012155591572123178,0.5165628790855408,86.772893709804,0.0,0.9968102073365231,0.0,0.8089887640449438,0.0,0.3333333333333333,0.0,1.0,0.0,1.0,0.0,True,0.8601134215500945,0.994535519125683,0.001012965964343598,0.5300612449645996,72.31074475816997,0.0,0.9968102073365231,0.0,0.800561797752809,0.0,0.3333333333333333,0.0,1.0,0.0,1.0,0.0,True,0.9073724007561437,0.9580838323353293,0.008508914100486223,0.3391806185245514,607.4102559686278,0.0,0.9984051036682615,0.0,0.9382022471910112,0.0,0.3333333333333333,0.0,1.0,0.0,1.0,0.0,XGBoost,fleet,40000,20000,8.77,B_fleet_size,CIDv2_Prototype,FS-A,1,7,CIDv2_OpelAstra|CIDv2_RenaultClio|CTT_Forester|CTT_Impala|CTT_Silverado|CTT_Traverse|ROAD_ORNL
