n_windows,n_pos,pos_rate,roc_auc,pr_auc,n_calib,win_seconds,resolvable@fa1,recall@fa1,precision@fa1,fpr@fa1,thr@fa1,fa_per_hour@fa1,recall[dos]@fa1,recall[fuzzing]@fa1,recall[spoofing]@fa1,recall[timing]@fa1,event_recall@fa1,event_recall[dos]@fa1,event_recall[spoofing]@fa1,event_recall[timing]@fa1,event_recall[fuzzing]@fa1,resolvable@fa10,recall@fa10,precision@fa10,fpr@fa10,thr@fa10,fa_per_hour@fa10,recall[dos]@fa10,recall[fuzzing]@fa10,recall[spoofing]@fa10,recall[timing]@fa10,event_recall@fa10,event_recall[dos]@fa10,event_recall[spoofing]@fa10,event_recall[timing]@fa10,event_recall[fuzzing]@fa10,resolvable@fa100,recall@fa100,precision@fa100,fpr@fa100,thr@fa100,fa_per_hour@fa100,recall[dos]@fa100,recall[fuzzing]@fa100,recall[spoofing]@fa100,recall[timing]@fa100,event_recall@fa100,event_recall[dos]@fa100,event_recall[spoofing]@fa100,event_recall[timing]@fa100,event_recall[fuzzing]@fa100,resolvable@fpr0.001,recall@fpr0.001,precision@fpr0.001,fpr@fpr0.001,thr@fpr0.001,fa_per_hour@fpr0.001,recall[dos]@fpr0.001,recall[fuzzing]@fpr0.001,recall[spoofing]@fpr0.001,recall[timing]@fpr0.001,event_recall@fpr0.001,event_recall[dos]@fpr0.001,event_recall[spoofing]@fpr0.001,event_recall[timing]@fpr0.001,event_recall[fuzzing]@fpr0.001,resolvable@fpr0.01,recall@fpr0.01,precision@fpr0.01,fpr@fpr0.01,thr@fpr0.01,fa_per_hour@fpr0.01,recall[dos]@fpr0.01,recall[fuzzing]@fpr0.01,recall[spoofing]@fpr0.01,recall[timing]@fpr0.01,event_recall@fpr0.01,event_recall[dos]@fpr0.01,event_recall[spoofing]@fpr0.01,event_recall[timing]@fpr0.01,event_recall[fuzzing]@fpr0.01,model,scope,n_train,n_train_pos,fit_s,control,test_domain,feature_set,seed,k,sources
98401,12610,0.12814910417577058,0.8234845252304368,0.5231874185730938,85805,0.04424300176620483,True,0.0,0.0,0.0,0.9934240776645941,0.0,0.0,0.0,0.0,0.0,0.0,0.0,0.0,0.0,0.0,True,0.0,0.0,0.0,0.9934240776645941,0.0,0.0,0.0,0.0,0.0,0.0,0.0,0.0,0.0,0.0,True,0.3541633624107851,0.9252123472135902,0.004207900595633574,0.36537376685508166,342.39182558928576,0.9003997335109927,0.30249768732654947,0.024991556906450524,0.23076923076923078,0.7857142857142857,1.0,0.6428571428571429,0.875,1.0,True,0.35313243457573357,0.9294510540596953,0.003939807205884067,0.503433940136599,320.57738794786314,0.8974017321785477,0.30203515263644776,0.024991556906450524,0.23010033444816053,0.75,1.0,0.6428571428571429,0.75,1.0,True,0.3842981760507534,0.864430966821263,0.008858738096070684,0.3181156281981387,720.8248959774438,0.9027315123251166,0.30527289546716,0.13779128672745694,0.23812709030100335,0.8571428571428571,1.0,0.7857142857142857,0.875,1.0,HistGB,fleet,40000,952,9.19,B_fleet_size,CTT_Impala,FS-B,0,1,CIDv2_OpelAstra
98401,12610,0.12814910417577058,0.9224365548900348,0.7920490127835954,85805,0.04424300176620483,True,0.0,0.0,0.0,0.9986366629600525,0.0,0.0,0.0,0.0,0.0,0.0,0.0,0.0,0.0,0.0,True,0.0029341792228390166,0.8604651162790697,6.993740602161065e-05,0.9925826787948608,5.690722862979818,0.012325116588940706,0.0,0.0,0.0,0.03571428571428571,0.25,0.0,0.0,0.0,True,0.7417922283901666,0.9580090126997133,0.004779056078143395,0.015440578572452068,388.866062303621,0.9996668887408394,1.0,0.9165822357311719,0.32931995540691195,1.0,1.0,1.0,1.0,1.0,True,0.7379857256145916,0.9592825481909082,0.004604212563089368,0.016724295914173126,374.6392551461714,0.9996668887408394,1.0,0.9081391421816953,0.3241917502787068,0.9642857142857143,1.0,0.9285714285714286,1.0,1.0,True,0.7751784298176051,0.9005896443707389,0.012577076849552983,0.007025586441159248,1023.3816615258709,0.9996668887408394,1.0,0.9709557581898007,0.38729096989966555,1.0,1.0,1.0,1.0,1.0,XGBoost,fleet,40000,952,5.29,B_fleet_size,CTT_Impala,FS-B,0,1,CIDv2_OpelAstra
98401,12610,0.12814910417577058,0.9997768399608546,0.998994453748655,85805,0.04424300176620483,True,0.45662172878667723,0.9996527777777777,2.331246867387022e-05,78125.0,1.8969076209932731,0.9996668887408394,0.0,0.7413036136440392,0.1253065774804905,0.75,1.0,0.9285714285714286,0.5,0.0,True,0.6801744647105472,0.9996503496503496,3.4968703010805326e-05,31250.0,2.845361431489909,0.9996668887408394,0.9708603145235892,0.9824383654170888,0.126644370122631,0.8214285714285714,1.0,1.0,0.5,0.5,True,0.999603489294211,0.9690935650034597,0.004685806203447914,12.791624657259039,381.27843181964784,1.0,1.0,0.9989868287740629,0.9995540691192865,1.0,1.0,1.0,1.0,1.0,True,0.999603489294211,0.9711842206641498,0.004359431642013731,13.659216378315746,354.721725125742,1.0,1.0,0.9989868287740629,0.9995540691192865,1.0,1.0,1.0,1.0,1.0,True,0.999603489294211,0.9091892671667628,0.014675199030201303,7.109219499309868,1194.1033474152655,1.0,1.0,0.9989868287740629,0.9995540691192865,1.0,1.0,1.0,1.0,1.0,Rule:Combined,fleet,40000,952,0.25,B_fleet_size,CTT_Impala,FS-B,0,1,CIDv2_OpelAstra
98401,12610,0.12814910417577058,0.8566139941680561,0.5826499907486963,85805,0.04424300176620483,True,0.0,0.0,0.0,0.9934795769747364,0.0,0.0,0.0,0.0,0.0,0.0,0.0,0.0,0.0,0.0,True,0.0,0.0,0.0,0.9934795769747364,0.0,0.0,0.0,0.0,0.0,0.0,0.0,0.0,0.0,0.0,True,0.0,0.0,0.0038815260341993917,0.9934795769747363,315.83511889538,0.0,0.0,0.0,0.0,0.0,0.0,0.0,0.0,0.0,True,0.0,0.0,0.0038815260341993917,0.9934795769747363,315.83511889538,0.0,0.0,0.0,0.0,0.0,0.0,0.0,0.0,0.0,True,0.3979381443298969,0.8489257316866858,0.010409017262883053,0.4976594835608944,846.9692527734966,0.896402398401066,0.562904717853839,0.0243161094224924,0.231438127090301,0.7857142857142857,1.0,0.6428571428571429,0.875,1.0,HistGB,fleet,40000,952,9.0,B_fleet_size,CTT_Impala,FS-B,1,1,CIDv2_OpelAstra
98401,12610,0.12814910417577058,0.927149087701849,0.7956737103445931,85805,0.04424300176620483,True,0.0,0.0,0.0,0.9989122152328491,0.0,0.0,0.0,0.0,0.0,0.0,0.0,0.0,0.0,0.0,True,0.0015860428231562252,0.8695652173913043,3.4968703010805326e-05,0.9931883811950684,2.845361431489909,0.006662225183211193,0.0,0.0,0.0,0.03571428571428571,0.25,0.0,0.0,0.0,True,0.7617763679619349,0.9606,0.0045925563287524335,0.009210053831338882,373.6908013356748,0.9996668887408394,1.0,0.9567713610266801,0.358974358974359,1.0,1.0,1.0,1.0,1.0,True,0.7578905630452022,0.9619526925012581,0.004406056579361471,0.010293036699295044,358.5155403677286,0.9996668887408394,1.0,0.9506923336710571,0.35206243032329987,0.9642857142857143,1.0,0.9285714285714286,1.0,1.0,True,0.7938937351308485,0.9031937928545651,0.012507139443531374,0.003921376075595617,1017.6909386628911,0.9996668887408394,1.0,0.9848024316109423,0.4307692307692308,1.0,1.0,1.0,1.0,1.0,XGBoost,fleet,40000,952,5.24,B_fleet_size,CTT_Impala,FS-B,1,1,CIDv2_OpelAstra
98401,12610,0.12814910417577058,0.9997784705395518,0.9989565611970554,85805,0.04424300176620483,True,0.45662172878667723,0.9996527777777777,2.331246867387022e-05,78125.0,1.8969076209932731,0.9996668887408394,0.0,0.7413036136440392,0.1253065774804905,0.75,1.0,0.9285714285714286,0.5,0.0,True,0.6801744647105472,0.9996503496503496,3.4968703010805326e-05,31250.0,2.845361431489909,0.9996668887408394,0.9708603145235892,0.9824383654170888,0.126644370122631,0.8214285714285714,1.0,1.0,0.5,0.5,True,0.999603489294211,0.9690935650034597,0.004685806203447914,13.032298770258597,381.27843181964784,1.0,1.0,0.9989868287740629,0.9995540691192865,1.0,1.0,1.0,1.0,1.0,True,0.999603489294211,0.9711842206641498,0.004359431642013731,13.91628391244521,354.721725125742,1.0,1.0,0.9989868287740629,0.9995540691192865,1.0,1.0,1.0,1.0,1.0,True,0.999603489294211,0.9091892671667628,0.014675199030201303,7.2425227620302755,1194.1033474152655,1.0,1.0,0.9989868287740629,0.9995540691192865,1.0,1.0,1.0,1.0,1.0,Rule:Combined,fleet,40000,952,0.25,B_fleet_size,CTT_Impala,FS-B,1,1,CIDv2_OpelAstra
98401,12610,0.12814910417577058,0.8984705999127345,0.7337793574725447,85805,0.04424300176620483,True,0.0,0.0,0.0011189984963457704,0.9996733594343621,91.0515658076771,0.0,0.0,0.0,0.0,0.0,0.0,0.0,0.0,0.0,True,0.0,0.0,0.0012472170740520567,0.9995102534713202,101.48455772314011,0.0,0.0,0.0,0.0,0.0,0.0,0.0,0.0,0.0,True,0.6682791435368755,0.961437535653166,0.003939807205884067,0.17325928624046935,320.57738794786314,0.9996668887408394,1.0,0.7264437689969605,0.24816053511705685,0.8571428571428571,1.0,0.7857142857142857,0.875,1.0,True,0.6655828707375099,0.96172797066575,0.0038931822685363267,0.2151441003274843,316.7835727058766,0.9996668887408394,1.0,0.7220533603512327,0.24347826086956523,0.8571428571428571,1.0,0.7857142857142857,0.875,1.0,True,0.7167327517842982,0.9229041151843154,0.008800456924386009,0.03836383553516513,716.0826269249607,0.9996668887408394,1.0,0.7781155015197568,0.3502787068004459,0.9642857142857143,1.0,1.0,0.875,1.0,HistGB,fleet,17309,864,10.97,B_fleet_size,CTT_Impala,FS-B,0,1,CIDv2_RenaultClio
98401,12610,0.12814910417577058,0.9106538675112843,0.7491129467850782,85805,0.04424300176620483,True,0.00951625693893735,0.8695652173913043,0.00020981221806483198,0.9976257681846619,17.07216858893946,0.039973351099267154,0.0,0.0,0.0,0.03571428571428571,0.25,0.0,0.0,0.0,True,0.027121332275971452,0.5757575757575758,0.0029373710529076477,0.977686882019043,239.01036024515244,0.1022651565622918,0.005550416281221091,0.0,0.005128205128205128,0.10714285714285714,0.25,0.0,0.125,0.5,True,0.6656621728786677,0.9544059124502559,0.004674149969110979,0.030461005866527557,380.3299780091512,0.9996668887408394,1.0,0.7149611617696724,0.2483835005574136,0.7857142857142857,1.0,0.7142857142857143,0.75,1.0,True,0.6641554321966693,0.9573616826703246,0.004347775407676796,0.035055216401815414,353.77327131524544,0.9993337774816788,1.0,0.712597095575819,0.2459308807134894,0.7857142857142857,1.0,0.7142857142857143,0.75,1.0,True,0.6946074544012688,0.8952371218315618,0.011947640195358487,0.008617364801466465,972.1651557590525,0.9996668887408394,1.0,0.7551502870651807,0.3032329988851728,0.9285714285714286,1.0,0.9285714285714286,0.875,1.0,XGBoost,fleet,17309,864,3.51,B_fleet_size,CTT_Impala,FS-B,0,1,CIDv2_RenaultClio
98401,12610,0.12814910417577058,0.9630218319790147,0.804172724010322,85805,0.04424300176620483,True,0.45662172878667723,0.9996527777777777,2.331246867387022e-05,78125.0,1.8969076209932731,0.9996668887408394,0.0,0.7413036136440392,0.1253065774804905,0.75,1.0,0.9285714285714286,0.5,0.0,True,0.6803330689928628,0.9996504311349336,3.4968703010805326e-05,31250.0,2.845361431489909,0.9996668887408394,0.9708603145235892,0.9827760891590679,0.12686733556298774,0.8571428571428571,1.0,1.0,0.625,0.5,True,0.6803330689928628,0.9996504311349336,3.4968703010805326e-05,31250.0,2.845361431489909,0.9996668887408394,0.9708603145235892,0.9827760891590679,0.12686733556298774,0.8571428571428571,1.0,1.0,0.625,0.5,True,0.6803330689928628,0.9996504311349336,3.4968703010805326e-05,31250.0,2.845361431489909,0.9996668887408394,0.9708603145235892,0.9827760891590679,0.12686733556298774,0.8571428571428571,1.0,1.0,0.625,0.5,True,0.6803330689928628,0.9996504311349336,3.4968703010805326e-05,31250.0,2.845361431489909,0.9996668887408394,0.9708603145235892,0.9827760891590679,0.12686733556298774,0.8571428571428571,1.0,1.0,0.625,0.5,Rule:Combined,fleet,17309,864,0.21,B_fleet_size,CTT_Impala,FS-B,0,1,CIDv2_RenaultClio
98401,12610,0.12814910417577058,0.8984705999127345,0.7337793574725447,85805,0.04424300176620483,True,0.0,0.0,0.0011189984963457704,0.9996733594343621,91.0515658076771,0.0,0.0,0.0,0.0,0.0,0.0,0.0,0.0,0.0,True,0.0,0.0,0.0012472170740520567,0.9995102534713202,101.48455772314011,0.0,0.0,0.0,0.0,0.0,0.0,0.0,0.0,0.0,True,0.6682791435368755,0.961437535653166,0.003939807205884067,0.17325928624046935,320.57738794786314,0.9996668887408394,1.0,0.7264437689969605,0.24816053511705685,0.8571428571428571,1.0,0.7857142857142857,0.875,1.0,True,0.6655828707375099,0.96172797066575,0.0038931822685363267,0.2151441003274843,316.7835727058766,0.9996668887408394,1.0,0.7220533603512327,0.24347826086956523,0.8571428571428571,1.0,0.7857142857142857,0.875,1.0,True,0.7167327517842982,0.9229041151843154,0.008800456924386009,0.03836383553516513,716.0826269249607,0.9996668887408394,1.0,0.7781155015197568,0.3502787068004459,0.9642857142857143,1.0,1.0,0.875,1.0,HistGB,fleet,17309,864,11.22,B_fleet_size,CTT_Impala,FS-B,1,1,CIDv2_RenaultClio
98401,12610,0.12814910417577058,0.9106538675112843,0.7491129467850782,85805,0.04424300176620483,True,0.00951625693893735,0.8695652173913043,0.00020981221806483198,0.9976257681846619,17.07216858893946,0.039973351099267154,0.0,0.0,0.0,0.03571428571428571,0.25,0.0,0.0,0.0,True,0.027121332275971452,0.5757575757575758,0.0029373710529076477,0.977686882019043,239.01036024515244,0.1022651565622918,0.005550416281221091,0.0,0.005128205128205128,0.10714285714285714,0.25,0.0,0.125,0.5,True,0.6656621728786677,0.9544059124502559,0.004674149969110979,0.030461005866527557,380.3299780091512,0.9996668887408394,1.0,0.7149611617696724,0.2483835005574136,0.7857142857142857,1.0,0.7142857142857143,0.75,1.0,True,0.6641554321966693,0.9573616826703246,0.004347775407676796,0.035055216401815414,353.77327131524544,0.9993337774816788,1.0,0.712597095575819,0.2459308807134894,0.7857142857142857,1.0,0.7142857142857143,0.75,1.0,True,0.6946074544012688,0.8952371218315618,0.011947640195358487,0.008617364801466465,972.1651557590525,0.9996668887408394,1.0,0.7551502870651807,0.3032329988851728,0.9285714285714286,1.0,0.9285714285714286,0.875,1.0,XGBoost,fleet,17309,864,3.11,B_fleet_size,CTT_Impala,FS-B,1,1,CIDv2_RenaultClio
98401,12610,0.12814910417577058,0.9630218319790147,0.804172724010322,85805,0.04424300176620483,True,0.45662172878667723,0.9996527777777777,2.331246867387022e-05,78125.0,1.8969076209932731,0.9996668887408394,0.0,0.7413036136440392,0.1253065774804905,0.75,1.0,0.9285714285714286,0.5,0.0,True,0.6803330689928628,0.9996504311349336,3.4968703010805326e-05,31250.0,2.845361431489909,0.9996668887408394,0.9708603145235892,0.9827760891590679,0.12686733556298774,0.8571428571428571,1.0,1.0,0.625,0.5,True,0.6803330689928628,0.9996504311349336,3.4968703010805326e-05,31250.0,2.845361431489909,0.9996668887408394,0.9708603145235892,0.9827760891590679,0.12686733556298774,0.8571428571428571,1.0,1.0,0.625,0.5,True,0.6803330689928628,0.9996504311349336,3.4968703010805326e-05,31250.0,2.845361431489909,0.9996668887408394,0.9708603145235892,0.9827760891590679,0.12686733556298774,0.8571428571428571,1.0,1.0,0.625,0.5,True,0.6803330689928628,0.9996504311349336,3.4968703010805326e-05,31250.0,2.845361431489909,0.9996668887408394,0.9708603145235892,0.9827760891590679,0.12686733556298774,0.8571428571428571,1.0,1.0,0.625,0.5,Rule:Combined,fleet,17309,864,0.24,B_fleet_size,CTT_Impala,FS-B,1,1,CIDv2_RenaultClio
98401,12610,0.12814910417577058,0.9725190983147535,0.9587843651982014,85805,0.04424300176620483,True,0.31007137192704204,1.0,0.0,0.9999686685113374,0.0,0.3141239173884077,0.015263644773358002,0.7527862208713273,0.15719063545150502,0.9285714285714286,1.0,1.0,0.875,0.5,True,0.5015860428231562,0.9993679886237953,4.662493734774044e-05,0.9999398985449154,3.7938152419865463,0.6229180546302465,0.04671600370027752,0.9118541033434651,0.36878483835005577,0.9285714285714286,1.0,1.0,0.875,0.5,True,0.9108643933386201,0.9923110151187905,0.0010374048559872247,0.9994242934056292,84.41238913420065,0.9940039973351099,0.9509713228492137,0.9983113812901047,0.778149386845039,1.0,1.0,1.0,1.0,1.0,True,0.8888977002379064,0.9930893948790644,0.0009091862782809385,0.9997130322838753,73.97939721873765,0.9930046635576283,0.8820536540240518,0.9962850388382303,0.7516164994425863,1.0,1.0,1.0,1.0,1.0,True,0.9374306106264869,0.9398155509619971,0.008823769393059878,0.9953488515142082,717.9795345459539,1.0,1.0,0.999662276258021,0.8243032329988852,1.0,1.0,1.0,1.0,1.0,HistGB,fleet,40000,20000,12.05,B_fleet_size,CTT_Impala,FS-B,0,1,CTT_Forester
98401,12610,0.12814910417577058,0.9711634463707982,0.9577677653104665,85805,0.04424300176620483,True,0.5034099920697859,1.0,0.0,0.9999885559082031,0.0,0.7548301132578281,0.03700277520814061,0.9088145896656535,0.2923076923076923,0.9285714285714286,1.0,1.0,0.875,0.5,True,0.6291038858049167,0.9997479521109011,2.331246867387022e-05,0.9999638795852661,1.8969076209932731,0.9153897401732178,0.15032377428307123,0.9679162445119892,0.44459308807134895,1.0,1.0,1.0,1.0,1.0,True,0.9203013481363996,0.9933236326286057,0.0009091862782809385,0.9996507167816162,73.97939721873765,0.9946702198534311,0.9750231267345051,0.9989868287740629,0.7921962095875139,1.0,1.0,1.0,1.0,1.0,True,0.912609040444092,0.9948132780082988,0.0006993740602161066,0.999717652797699,56.907228629798205,0.9906728847435043,0.9532839962997225,0.9989868287740629,0.7837235228539576,1.0,1.0,1.0,1.0,1.0,True,0.937827121332276,0.9379014989293362,0.009126831485820192,0.9985223412513733,742.6393336188665,1.0,0.9990749306197965,0.999662276258021,0.8258639910813824,1.0,1.0,1.0,1.0,1.0,XGBoost,fleet,40000,20000,4.66,B_fleet_size,CTT_Impala,FS-B,0,1,CTT_Forester
98401,12610,0.12814910417577058,0.8267495945345147,0.7000615196949109,85805,0.04424300176620483,True,0.45662172878667723,0.9996527777777777,2.331246867387022e-05,78125.0,1.8969076209932731,0.9996668887408394,0.0,0.7413036136440392,0.1253065774804905,0.75,1.0,0.9285714285714286,0.5,0.0,True,0.635289452815226,0.9997504055909148,2.331246867387022e-05,46875.0,1.8969076209932731,0.9996668887408394,0.7146160962072156,0.978047956771361,0.12686733556298774,0.8214285714285714,1.0,0.9285714285714286,0.625,0.5,True,0.635289452815226,0.9997504055909148,2.331246867387022e-05,46875.0,1.8969076209932731,0.9996668887408394,0.7146160962072156,0.978047956771361,0.12686733556298774,0.8214285714285714,1.0,0.9285714285714286,0.625,0.5,True,0.635289452815226,0.9997504055909148,2.331246867387022e-05,46875.0,1.8969076209932731,0.9996668887408394,0.7146160962072156,0.978047956771361,0.12686733556298774,0.8214285714285714,1.0,0.9285714285714286,0.625,0.5,True,0.635289452815226,0.9997504055909148,2.331246867387022e-05,46875.0,1.8969076209932731,0.9996668887408394,0.7146160962072156,0.978047956771361,0.12686733556298774,0.8214285714285714,1.0,0.9285714285714286,0.625,0.5,Rule:Combined,fleet,40000,20000,0.21,B_fleet_size,CTT_Impala,FS-B,0,1,CTT_Forester
98401,12610,0.12814910417577058,0.9943442333359594,0.9834107452610042,85805,0.04424300176620483,True,0.5513877874702617,1.0,0.0,0.999895406375862,0.0,0.9000666222518321,0.034227567067530065,0.9361702127659575,0.3132664437012263,0.9285714285714286,1.0,1.0,0.875,0.5,True,0.8255352894528152,0.9994239631336406,6.993740602161065e-05,0.9997647418416387,5.690722862979818,0.9703530979347101,0.7432932469935245,0.9979736575481256,0.6544035674470458,1.0,1.0,1.0,1.0,1.0,True,0.9206185567010309,0.9929860576511846,0.000955811215628679,0.9991594862727996,77.7732124607242,0.9936708860759493,0.9722479185938946,0.9989868287740629,0.7950947603121516,1.0,1.0,1.0,1.0,1.0,True,0.914274385408406,0.9941364145899801,0.0007926239349115875,0.9993806312649144,64.49485911377128,0.9880079946702198,0.9597594819611471,0.9989868287740629,0.7870680044593088,1.0,1.0,1.0,1.0,1.0,True,0.9670896114195083,0.9390882488834129,0.009220081360515673,0.9697355091187573,750.2269641028395,1.0,1.0,0.999662276258021,0.9076923076923077,1.0,1.0,1.0,1.0,1.0,HistGB,fleet,40000,20000,10.87,B_fleet_size,CTT_Impala,FS-B,1,1,CTT_Forester
98401,12610,0.12814910417577058,0.9930697304131147,0.9804151430972818,85805,0.04424300176620483,True,0.5067406819984139,1.0,0.0,0.9999819993972778,0.0,0.905396402398401,0.04394079555966698,0.8743667679837892,0.22028985507246376,0.9642857142857143,1.0,1.0,1.0,0.5,True,0.6620935765265662,0.9998802395209581,1.165623433693511e-05,0.9999310970306396,0.9484538104966366,0.9477015323117921,0.22802960222016652,0.9848024316109423,0.46711259754738016,1.0,1.0,1.0,1.0,1.0,True,0.9226011102299763,0.9924080866672353,0.0010374048559872247,0.9993376135826111,84.41238913420065,0.9963357761492339,0.969472710453284,0.999662276258021,0.7997770345596432,1.0,1.0,1.0,1.0,1.0,True,0.9179222839016653,0.9944158075601375,0.0007576552319007821,0.9994795918464661,61.64949768228137,0.9960026648900733,0.9574468085106383,0.999662276258021,0.7926421404682275,1.0,1.0,1.0,1.0,1.0,True,0.9548770816812054,0.9344249573180196,0.009849518014710167,0.9922125935554504,801.4434698696579,1.0,0.9995374653098983,0.999662276258021,0.8735785953177257,1.0,1.0,1.0,1.0,1.0,XGBoost,fleet,40000,20000,4.7,B_fleet_size,CTT_Impala,FS-B,1,1,CTT_Forester
98401,12610,0.12814910417577058,0.8267495945345147,0.7000615196949111,85805,0.04424300176620483,True,0.45662172878667723,0.9996527777777777,2.331246867387022e-05,78125.0,1.8969076209932731,0.9996668887408394,0.0,0.7413036136440392,0.1253065774804905,0.75,1.0,0.9285714285714286,0.5,0.0,True,0.635289452815226,0.9997504055909148,2.331246867387022e-05,46875.0,1.8969076209932731,0.9996668887408394,0.7146160962072156,0.978047956771361,0.12686733556298774,0.8214285714285714,1.0,0.9285714285714286,0.625,0.5,True,0.635289452815226,0.9997504055909148,2.331246867387022e-05,46875.0,1.8969076209932731,0.9996668887408394,0.7146160962072156,0.978047956771361,0.12686733556298774,0.8214285714285714,1.0,0.9285714285714286,0.625,0.5,True,0.635289452815226,0.9997504055909148,2.331246867387022e-05,46875.0,1.8969076209932731,0.9996668887408394,0.7146160962072156,0.978047956771361,0.12686733556298774,0.8214285714285714,1.0,0.9285714285714286,0.625,0.5,True,0.635289452815226,0.9997504055909148,2.331246867387022e-05,46875.0,1.8969076209932731,0.9996668887408394,0.7146160962072156,0.978047956771361,0.12686733556298774,0.8214285714285714,1.0,0.9285714285714286,0.625,0.5,Rule:Combined,fleet,40000,20000,0.22,B_fleet_size,CTT_Impala,FS-B,1,1,CTT_Forester
98401,12610,0.12814910417577058,0.9999142920139608,0.9997686434665712,85805,0.04424300176620483,True,0.48279143536875496,1.0,0.0,0.9998354938750296,0.0,0.8974017321785477,0.00046253469010175765,0.9540695710908477,0.126644370122631,0.75,0.75,0.9285714285714286,0.5,0.5,True,0.9658207771609834,0.9996716736436018,4.662493734774044e-05,0.9925245804648831,3.7938152419865463,0.9996668887408394,1.0,0.9841269841269841,0.9146042363433667,1.0,1.0,1.0,1.0,1.0,True,0.9992862807295797,0.9934563229265216,0.0009674674499656141,0.24070529860031253,78.72166627122084,1.0,1.0,0.9979736575481256,0.9993311036789297,1.0,1.0,1.0,1.0,1.0,True,0.9992862807295797,0.9950252684775742,0.0007343427632269119,0.28518464380586117,59.75259006128811,1.0,1.0,0.9979736575481256,0.9993311036789297,1.0,1.0,1.0,1.0,1.0,True,0.9995241871530531,0.9429191291987731,0.008893706799081488,0.10326138726680528,723.6702574089337,1.0,1.0,0.9986491050320837,0.9995540691192865,1.0,1.0,1.0,1.0,1.0,HistGB,fleet,40000,20000,10.69,B_fleet_size,CTT_Impala,FS-B,0,1,CTT_Silverado
98401,12610,0.12814910417577058,0.9999700519819059,0.9998854614742277,85805,0.04424300176620483,True,0.2635210150674068,1.0,0.0,0.9999749660491943,0.0,0.90473017988008,0.006938020351526364,0.17662951705504898,0.015384615384615385,0.7857142857142857,1.0,0.9285714285714286,0.5,0.5,True,0.991197462331483,0.9996800767815724,4.662493734774044e-05,0.9832965135574341,3.7938152419865463,1.0,1.0,0.9878419452887538,0.9832775919732442,1.0,1.0,1.0,1.0,1.0,True,0.9993655828707375,0.9945544945150343,0.0008042801692485225,0.1871064156293869,65.44331292426791,1.0,1.0,0.9979736575481256,0.9995540691192865,1.0,1.0,1.0,1.0,1.0,True,0.9992069785884219,0.9962049335863378,0.0005594992481728852,0.2226952165365219,45.52578290383855,1.0,1.0,0.9972982100641675,0.9995540691192865,1.0,1.0,1.0,1.0,1.0,True,0.9996827914353688,0.94589930216853,0.008404144956930214,0.06863223016262054,683.835197368075,1.0,1.0,0.9989868287740629,0.9997770345596433,1.0,1.0,1.0,1.0,1.0,XGBoost,fleet,40000,20000,7.22,B_fleet_size,CTT_Impala,FS-B,0,1,CTT_Silverado
98401,12610,0.12814910417577058,0.779864369129518,0.5927543202817689,85805,0.04424300176620483,True,0.4660586835844568,0.999659806089471,2.331246867387022e-05,78125.0,1.8969076209932731,0.9996668887408394,0.0,0.7814927389395474,0.1253065774804905,0.75,1.0,0.9285714285714286,0.5,0.0,True,0.4660586835844568,0.999659806089471,2.331246867387022e-05,78125.0,1.8969076209932731,0.9996668887408394,0.0,0.7814927389395474,0.1253065774804905,0.75,1.0,0.9285714285714286,0.5,0.0,True,0.4660586835844568,0.999659806089471,2.331246867387022e-05,78125.0,1.8969076209932731,0.9996668887408394,0.0,0.7814927389395474,0.1253065774804905,0.75,1.0,0.9285714285714286,0.5,0.0,True,0.4660586835844568,0.999659806089471,2.331246867387022e-05,78125.0,1.8969076209932731,0.9996668887408394,0.0,0.7814927389395474,0.1253065774804905,0.75,1.0,0.9285714285714286,0.5,0.0,True,0.4660586835844568,0.999659806089471,2.331246867387022e-05,78125.0,1.8969076209932731,0.9996668887408394,0.0,0.7814927389395474,0.1253065774804905,0.75,1.0,0.9285714285714286,0.5,0.0,Rule:Combined,fleet,40000,20000,0.22,B_fleet_size,CTT_Impala,FS-B,0,1,CTT_Silverado
98401,12610,0.12814910417577058,0.9998522385114015,0.9994856424557101,85805,0.04424300176620483,True,0.3888183980967486,1.0,0.0,0.9998472997201392,0.0,0.8794137241838774,0.0018501387604070306,0.6882809861533266,0.04927536231884058,0.75,0.75,0.9285714285714286,0.5,0.5,True,0.8556701030927835,0.9996294237539374,4.662493734774044e-05,0.9969929432877436,3.7938152419865463,0.9996668887408394,1.0,0.9821006416751098,0.6062430323299889,1.0,1.0,1.0,1.0,1.0,True,0.9984139571768438,0.9947850821744627,0.0007693114662377172,0.5255816751653313,62.597951492778016,1.0,1.0,0.994596420128335,0.999108138238573,1.0,1.0,1.0,1.0,1.0,True,0.9984139571768438,0.9960443037974683,0.0005828117168467555,0.5757854211833244,47.42269052483183,1.0,1.0,0.994596420128335,0.999108138238573,1.0,1.0,1.0,1.0,1.0,True,0.9988104678826328,0.9533000302755071,0.007191896585888963,0.2907046293105849,585.1960010764247,1.0,1.0,0.9956095913542722,0.9995540691192865,1.0,1.0,1.0,1.0,1.0,HistGB,fleet,40000,20000,10.65,B_fleet_size,CTT_Impala,FS-B,1,1,CTT_Silverado
98401,12610,0.12814910417577058,0.9999584193188598,0.9998129626029238,85805,0.04424300176620483,True,0.2520222045995242,1.0,0.0,0.9999829530715942,0.0,0.8894070619586942,0.009250693802035153,0.1590678824721378,0.00379041248606466,0.7142857142857143,0.75,0.9285714285714286,0.375,0.5,True,0.9890563045202221,0.9996793844180827,4.662493734774044e-05,0.9925385117530823,3.7938152419865463,0.9996668887408394,0.9995374653098983,0.9885173927727119,0.9772575250836121,1.0,1.0,1.0,1.0,1.0,True,0.9993655828707375,0.9929871562524624,0.0010374048559872247,0.20985101163387299,84.41238913420065,1.0,1.0,0.9983113812901047,0.9993311036789297,1.0,1.0,1.0,1.0,1.0,True,0.9993655828707375,0.9946329913180741,0.0007926239349115875,0.24610669910907745,64.49485911377128,1.0,1.0,0.9983113812901047,0.9993311036789297,1.0,1.0,1.0,1.0,1.0,True,0.999603489294211,0.9446900996777337,0.00860230094065811,0.06631284952163696,699.9589121465177,1.0,1.0,0.9989868287740629,0.9995540691192865,1.0,1.0,1.0,1.0,1.0,XGBoost,fleet,40000,20000,6.63,B_fleet_size,CTT_Impala,FS-B,1,1,CTT_Silverado
98401,12610,0.12814910417577058,0.779864369129518,0.5927543202817689,85805,0.04424300176620483,True,0.4660586835844568,0.999659806089471,2.331246867387022e-05,78125.0,1.8969076209932731,0.9996668887408394,0.0,0.7814927389395474,0.1253065774804905,0.75,1.0,0.9285714285714286,0.5,0.0,True,0.4660586835844568,0.999659806089471,2.331246867387022e-05,78125.0,1.8969076209932731,0.9996668887408394,0.0,0.7814927389395474,0.1253065774804905,0.75,1.0,0.9285714285714286,0.5,0.0,True,0.4660586835844568,0.999659806089471,2.331246867387022e-05,78125.0,1.8969076209932731,0.9996668887408394,0.0,0.7814927389395474,0.1253065774804905,0.75,1.0,0.9285714285714286,0.5,0.0,True,0.4660586835844568,0.999659806089471,2.331246867387022e-05,78125.0,1.8969076209932731,0.9996668887408394,0.0,0.7814927389395474,0.1253065774804905,0.75,1.0,0.9285714285714286,0.5,0.0,True,0.4660586835844568,0.999659806089471,2.331246867387022e-05,78125.0,1.8969076209932731,0.9996668887408394,0.0,0.7814927389395474,0.1253065774804905,0.75,1.0,0.9285714285714286,0.5,0.0,Rule:Combined,fleet,40000,20000,0.22,B_fleet_size,CTT_Impala,FS-B,1,1,CTT_Silverado
98401,12610,0.12814910417577058,0.8846106832983475,0.7979988020714142,85805,0.04424300176620483,True,0.5404440919904837,0.9986811254396248,0.00010490610903241599,0.96500542932596,8.53608429446973,0.8171219187208527,0.4629972247918594,0.7912867274569402,0.2269788182831661,0.9642857142857143,0.75,1.0,1.0,1.0,True,0.5619349722442506,0.9980281690140845,0.00016318728071709155,0.9609273037896294,13.278353346952914,0.8560959360426382,0.49722479185938945,0.7929753461668355,0.24370122630992197,0.9642857142857143,0.75,1.0,1.0,1.0,True,0.6218873909595559,0.981599699586932,0.001713466447529461,0.9437202571307444,139.42271014300556,0.8947368421052632,0.6484736355226642,0.8007429922323539,0.3083612040133779,0.9642857142857143,0.75,1.0,1.0,1.0,True,0.6172878667724029,0.9846932321315623,0.0014104043547691482,0.9454138302543513,114.76291107009301,0.8937375083277814,0.6359851988899168,0.7997298210064168,0.3027870680044593,0.9642857142857143,0.75,1.0,1.0,1.0,True,0.6658207771609833,0.8884656084656085,0.012285670991129606,0.9157967576003665,999.6703162634549,0.8970686209193871,0.7479185938945421,0.8115501519756839,0.37525083612040133,0.9642857142857143,0.75,1.0,1.0,1.0,HistGB,fleet,40000,20000,20.49,B_fleet_size,CTT_Impala,FS-B,0,1,ROAD_ORNL
98401,12610,0.12814910417577058,0.8910084543194533,0.8168929109003278,85805,0.04424300176620483,True,0.4529738302934179,1.0,0.0,0.9411122798919678,0.0,0.8720852764823451,0.09250693802035152,0.7720364741641338,0.1355629877369008,0.8928571428571429,0.75,0.9285714285714286,0.875,1.0,True,0.5593180015860428,0.9990084985835694,8.159364035854577e-05,0.8357599377632141,6.639176673476457,0.8974017321785477,0.41119333950046255,0.7963525835866262,0.2479375696767001,0.9285714285714286,0.75,0.9285714285714286,1.0,1.0,True,0.6199841395717685,0.9882442169131589,0.0010840297933349652,0.7522926926612854,88.2062043761872,0.8974017321785477,0.543940795559667,0.8149273893954745,0.34225195094760313,0.9642857142857143,0.75,1.0,1.0,1.0,True,0.6136399682791436,0.9904006143606809,0.0008742175752701332,0.7617487907409668,71.13403578724774,0.8974017321785477,0.5328399629972248,0.8105369807497467,0.3326644370122631,0.9642857142857143,0.75,1.0,1.0,1.0,True,0.6843774781919112,0.923093378971013,0.008380832488256345,0.6479772329330444,681.9382897470817,0.8980679546968687,0.7067530064754857,0.8405943937858832,0.4274247491638796,1.0,1.0,1.0,1.0,1.0,XGBoost,fleet,40000,20000,10.15,B_fleet_size,CTT_Impala,FS-B,0,1,ROAD_ORNL
98401,12610,0.12814910417577058,0.8195726578611164,0.7111037480784399,85805,0.04424300176620483,True,0.30951625693893736,0.9994878361075544,2.331246867387022e-05,15625.0,1.8969076209932731,0.1022651565622918,1.0,0.1337386018237082,0.231438127090301,0.25,0.25,0.14285714285714285,0.25,1.0,True,0.30951625693893736,0.922695035460993,0.003811588628177781,85.79193308478374,310.14439603240015,0.1022651565622918,1.0,0.1337386018237082,0.231438127090301,0.25,0.25,0.14285714285714285,0.25,1.0,True,0.5228390166534497,0.9419917131018717,0.004732431140795654,8.643508412695347,385.0722470616344,0.9973351099267155,1.0,0.1347517730496454,0.231438127090301,0.4642857142857143,1.0,0.35714285714285715,0.25,1.0,True,0.522680412371134,0.9438636689102106,0.004569243860078563,9.07842109838314,371.79389371468153,0.997001998667555,1.0,0.13441404930766632,0.231438127090301,0.42857142857142855,1.0,0.2857142857142857,0.25,1.0,True,0.5951625693893735,0.8624454148471615,0.013952512501311326,6.071314737187784,1135.299211164474,0.9980013324450366,1.0,0.4397163120567376,0.2329988851727982,0.8214285714285714,1.0,0.8571428571428571,0.625,1.0,Rule:Combined,fleet,40000,20000,0.24,B_fleet_size,CTT_Impala,FS-B,0,1,ROAD_ORNL
98401,12610,0.12814910417577058,0.8716635977308371,0.7998049181922262,85805,0.04424300176620483,True,0.5489294210943696,1.0,0.0,0.9284517893331575,0.0,0.8021319120586275,0.5999074930619797,0.7277946639648767,0.23678929765886286,0.8928571428571429,0.75,0.9285714285714286,0.875,1.0,True,0.5848532910388581,0.9997288870814695,2.331246867387022e-05,0.9106421125459612,1.8969076209932731,0.8557628247834776,0.6817761332099908,0.7396149949341438,0.25462653288740245,0.9285714285714286,1.0,0.9285714285714286,0.875,1.0,True,0.6509912767644727,0.9873707000240558,0.0012239046053781864,0.8360958278697521,99.58765010214684,0.9000666222518321,0.8182238667900092,0.7922998986828774,0.3103678929765886,1.0,1.0,1.0,1.0,1.0,True,0.647501982553529,0.9908980582524272,0.0008742175752701332,0.8442403265816213,71.13403578724774,0.899400399733511,0.8108233117483812,0.7909490037149611,0.3054626532887402,1.0,1.0,1.0,1.0,1.0,True,0.686994448850119,0.9077858115896469,0.010257486216502897,0.7528526195530233,834.6393532370402,0.9127248500999334,0.896854764107308,0.8085106382978723,0.35451505016722407,1.0,1.0,1.0,1.0,1.0,HistGB,fleet,40000,20000,22.65,B_fleet_size,CTT_Impala,FS-B,1,1,ROAD_ORNL
98401,12610,0.12814910417577058,0.8792261024849585,0.8055026749261932,85805,0.04424300176620483,True,0.4076923076923077,1.0,0.0,0.9308350086212158,0.0,0.8374417055296469,0.004162812210915819,0.7203647416413373,0.10813823857302118,0.6785714285714286,0.75,0.7857142857142857,0.5,0.5,True,0.519349722442506,0.9981710105166895,0.0001398748120432213,0.7033838629722595,11.381445725959637,0.9003997335109927,0.3464384828862165,0.7801418439716312,0.1754738015607581,1.0,1.0,1.0,1.0,1.0,True,0.6169706582077716,0.9849348018736549,0.0013870918860952781,0.5273350477218628,112.86600344909976,0.9157228514323784,0.666049953746531,0.7977034785545424,0.27402452619843926,1.0,1.0,1.0,1.0,1.0,True,0.604599524187153,0.9880767236910316,0.00107237355899803,0.5473402738571167,87.25775056569057,0.9117255163224517,0.6285846438482886,0.7966903073286052,0.2606465997770346,1.0,1.0,1.0,1.0,1.0,True,0.685725614591594,0.904687173048755,0.010618829480947885,0.40638309717178345,864.0414213624359,0.9457028647568287,0.8307123034227567,0.817966903073286,0.35451505016722407,1.0,1.0,1.0,1.0,1.0,XGBoost,fleet,40000,20000,8.77,B_fleet_size,CTT_Impala,FS-B,1,1,ROAD_ORNL
98401,12610,0.12814910417577058,0.8200583798937963,0.7126289945162159,85805,0.04424300176620483,True,0.30951625693893736,0.9994878361075544,2.331246867387022e-05,15625.0,1.8969076209932731,0.1022651565622918,1.0,0.1337386018237082,0.231438127090301,0.25,0.25,0.14285714285714285,0.25,1.0,True,0.30951625693893736,0.9229132182549066,0.0037999323938408456,83.01757877417896,309.1959422219035,0.1022651565622918,1.0,0.1337386018237082,0.231438127090301,0.25,0.25,0.14285714285714285,0.25,1.0,True,0.5238699444885012,0.9420992584141472,0.004732431140795654,8.230644406007606,385.0722470616344,0.9973351099267155,1.0,0.13914218169537318,0.231438127090301,0.5357142857142857,1.0,0.5,0.25,1.0,True,0.5228390166534497,0.9438797423049392,0.004569243860078563,8.64484927371337,371.79389371468153,0.9973351099267155,1.0,0.1347517730496454,0.231438127090301,0.4642857142857143,1.0,0.35714285714285715,0.25,1.0,True,0.5948453608247423,0.8650674662668666,0.013637794174214079,6.031378030175463,1109.6909582810647,0.9980013324450366,1.0,0.43904086457277947,0.23255295429208472,0.75,1.0,0.7857142857142857,0.5,1.0,Rule:Combined,fleet,40000,20000,0.29,B_fleet_size,CTT_Impala,FS-B,1,1,ROAD_ORNL
98401,12610,0.12814910417577058,0.884061170882512,0.7938204403728568,85805,0.04424300176620483,True,0.0,0.0,0.0013870918860952781,0.9974963387597139,112.86600344909976,0.0,0.0,0.0,0.0,0.0,0.0,0.0,0.0,0.0,True,0.5316415543219667,0.9795441262419637,0.0016318728071709153,0.9703470886182146,132.78353346952912,0.8960692871419054,0.5231267345050878,0.6308679500168862,0.22630992196209587,0.6071428571428571,1.0,0.5714285714285714,0.375,1.0,True,0.6758128469468676,0.9664322975731459,0.0034502453637327924,0.15464502315210443,280.7423279070044,0.9986675549633578,1.0,0.6960486322188449,0.29007803790412484,0.8214285714285714,1.0,0.7142857142857143,0.875,1.0,True,0.6742268041237114,0.9670154686078253,0.003380307957711182,0.17632556307961877,275.05160504402465,0.9986675549633578,1.0,0.6943600135089497,0.2867335562987737,0.7857142857142857,1.0,0.7142857142857143,0.75,1.0,True,0.7731958762886598,0.9150633505396527,0.010548892074926274,0.010200169817186985,858.350698499456,0.9996668887408394,1.0,0.9814251941911516,0.37480490523968785,0.9642857142857143,1.0,0.9285714285714286,1.0,1.0,HistGB,fleet,40000,2010,9.18,B_fleet_size,CTT_Impala,FS-B,0,2,CIDv2_OpelAstra|CIDv2_Prototype
98401,12610,0.12814910417577058,0.9160875727431984,0.8492240362989215,85805,0.04424300176620483,True,0.6254559873116574,0.9753895622062825,0.002319590633050087,0.6356086730957031,188.74230828883069,0.9976682211858761,0.9907493061979649,0.5873015873015873,0.2254180602006689,0.5714285714285714,1.0,0.5714285714285714,0.25,1.0,True,0.6591593973037272,0.9663992559004767,0.0033686517233742466,0.02460421808063984,274.10315123352797,0.9983344437041972,1.0,0.6926713947990544,0.24570791527313265,0.6785714285714286,1.0,0.5714285714285714,0.625,1.0,True,0.7526566217287867,0.9573330643534396,0.004930587124523551,0.000406961451517418,401.19596184007725,0.9996668887408394,1.0,0.9142181695373185,0.3614269788182832,0.9642857142857143,1.0,0.9285714285714286,1.0,1.0,True,0.7490087232355274,0.959175383365492,0.004685806203447914,0.0004471879219636321,381.27843181964784,0.9996668887408394,1.0,0.9017223910840932,0.35942028985507246,0.9642857142857143,1.0,0.9285714285714286,1.0,1.0,True,0.772720063441713,0.8969072164948454,0.013054982457367323,0.00019237656670156866,1062.268267756233,0.9996668887408394,1.0,0.9581222559945964,0.3888517279821628,1.0,1.0,1.0,1.0,1.0,XGBoost,fleet,40000,2010,7.32,B_fleet_size,CTT_Impala,FS-B,0,2,CIDv2_OpelAstra|CIDv2_Prototype
98401,12610,0.12814910417577058,0.9997768099190135,0.9989929682543445,85805,0.04424300176620483,True,0.45662172878667723,0.9996527777777777,2.331246867387022e-05,78125.0,1.8969076209932731,0.9996668887408394,0.0,0.7413036136440392,0.1253065774804905,0.75,1.0,0.9285714285714286,0.5,0.0,True,0.6801744647105472,0.9996503496503496,3.4968703010805326e-05,31250.0,2.845361431489909,0.9996668887408394,0.9708603145235892,0.9824383654170888,0.126644370122631,0.8214285714285714,1.0,1.0,0.5,0.5,True,0.999603489294211,0.9690935650034597,0.004685806203447914,11.111268656823734,381.27843181964784,1.0,1.0,0.9989868287740629,0.9995540691192865,1.0,1.0,1.0,1.0,1.0,True,0.999603489294211,0.9711842206641498,0.004359431642013731,11.865807483293523,354.721725125742,1.0,1.0,0.9989868287740629,0.9995540691192865,1.0,1.0,1.0,1.0,1.0,True,0.999603489294211,0.9091892671667628,0.014675199030201303,6.169318180184041,1194.1033474152655,1.0,1.0,0.9989868287740629,0.9995540691192865,1.0,1.0,1.0,1.0,1.0,Rule:Combined,fleet,40000,2010,0.25,B_fleet_size,CTT_Impala,FS-B,0,2,CIDv2_OpelAstra|CIDv2_Prototype
98401,12610,0.12814910417577058,0.9221515830696052,0.8222297620046932,85805,0.04424300176620483,True,0.0,0.0,0.0013870918860952781,0.9975761468057842,112.86600344909976,0.0,0.0,0.0,0.0,0.0,0.0,0.0,0.0,0.0,True,0.40816812053925455,0.9744414994320333,0.0015735916354862399,0.9899149902779016,128.04126441704594,0.8924050632911392,0.24514338575393155,0.3380614657210402,0.20891861761426977,0.5714285714285714,1.0,0.5714285714285714,0.25,1.0,True,0.7685963521015068,0.965915885987642,0.003986432143231807,0.041375205140160444,324.37120318984967,0.9990006662225184,1.0,0.9743329956095913,0.36700111482720177,0.9285714285714286,1.0,0.9285714285714286,0.875,1.0,True,0.7473433782712133,0.9656727123680705,0.0039048385028732616,0.05331739739391716,317.73202651637325,0.9990006662225184,1.0,0.8905775075987842,0.3625418060200669,0.9285714285714286,1.0,0.9285714285714286,0.875,1.0,True,0.7867565424266455,0.9151369799833964,0.0107237355899803,0.011736784769650555,872.5775056569056,0.9996668887408394,1.0,0.9824383654170888,0.41226309921962095,1.0,1.0,1.0,1.0,1.0,HistGB,fleet,40000,2010,8.94,B_fleet_size,CTT_Impala,FS-B,1,2,CIDv2_OpelAstra|CIDv2_Prototype
98401,12610,0.12814910417577058,0.9139272015569327,0.8513704369517251,85805,0.04424300176620483,True,0.52101506740682,0.9820627802690582,0.0013987481204322133,0.8185040950775146,113.81445725959641,0.9976682211858761,0.6498612395929695,0.46504559270516715,0.17681159420289855,0.6071428571428571,1.0,0.5714285714285714,0.375,1.0,True,0.6635210150674068,0.9651632252855,0.003520182769754403,0.05639012157917023,286.4330507699843,0.9983344437041972,1.0,0.6926713947990544,0.2579710144927536,0.6785714285714286,1.0,0.5714285714285714,0.625,1.0,True,0.7263283108643933,0.9550573514077164,0.0050238369992190324,0.0007085688994266093,408.7835923240504,0.9996668887408394,1.0,0.8108747044917257,0.3556298773690078,1.0,1.0,1.0,1.0,1.0,True,0.7221252973830293,0.957820553276533,0.004674149969110979,0.0007806282374076545,380.3299780091512,0.9996668887408394,1.0,0.7987166497804795,0.35183946488294315,1.0,1.0,1.0,1.0,1.0,True,0.7600317208564631,0.8925311976159434,0.013451294424823117,0.000324121443554759,1094.5156973131186,0.9996668887408394,1.0,0.9050996285038838,0.3881828316610925,1.0,1.0,1.0,1.0,1.0,XGBoost,fleet,40000,2010,8.59,B_fleet_size,CTT_Impala,FS-B,1,2,CIDv2_OpelAstra|CIDv2_Prototype
98401,12610,0.12814910417577058,0.9997783013808774,0.9989937620936877,85805,0.04424300176620483,True,0.45662172878667723,0.9996527777777777,2.331246867387022e-05,78125.0,1.8969076209932731,0.9996668887408394,0.0,0.7413036136440392,0.1253065774804905,0.75,1.0,0.9285714285714286,0.5,0.0,True,0.6801744647105472,0.9996503496503496,3.4968703010805326e-05,31250.0,2.845361431489909,0.9996668887408394,0.9708603145235892,0.9824383654170888,0.126644370122631,0.8214285714285714,1.0,1.0,0.5,0.5,True,0.999603489294211,0.9690935650034597,0.004685806203447914,11.188446796266202,381.27843181964784,1.0,1.0,0.9989868287740629,0.9995540691192865,1.0,1.0,1.0,1.0,1.0,True,0.999603489294211,0.9711842206641498,0.004359431642013731,11.948088762772045,354.721725125742,1.0,1.0,0.9989868287740629,0.9995540691192865,1.0,1.0,1.0,1.0,1.0,True,0.999603489294211,0.9091892671667628,0.014675199030201303,6.213072638234879,1194.1033474152655,1.0,1.0,0.9989868287740629,0.9995540691192865,1.0,1.0,1.0,1.0,1.0,Rule:Combined,fleet,40000,2010,0.24,B_fleet_size,CTT_Impala,FS-B,1,2,CIDv2_OpelAstra|CIDv2_Prototype
98401,12610,0.12814910417577058,0.9802443803940069,0.9506789202971409,85805,0.04424300176620483,True,0.3746233148295004,1.0,0.0,0.9999444810805056,0.0,0.871419053964024,0.00046253469010175765,0.6193853427895981,0.06086956521739131,0.8214285714285714,1.0,0.9285714285714286,0.625,0.5,True,0.5475812846946868,0.9984094852515906,0.0001282185777062862,0.9998778539605794,10.432991915463,0.9083944037308461,0.13459759481961148,0.9527186761229315,0.23768115942028986,1.0,1.0,1.0,1.0,1.0,True,0.7333862014274385,0.9882453515708485,0.0012821857770628621,0.9997861183098021,104.32991915463002,0.9447035309793471,0.6184088806660499,0.9746707193515705,0.48807134894091414,1.0,1.0,1.0,1.0,1.0,True,0.7264869151467089,0.9899502917657229,0.0010840297933349652,0.9997922212217338,88.2062043761872,0.9400399733510992,0.6026827012025902,0.9739952718676123,0.4798216276477146,1.0,1.0,1.0,1.0,1.0,True,0.8857256145915939,0.9319926568758344,0.009499830984602114,0.9996209153107324,772.9898555547587,0.9973351099267155,0.9736355226641998,0.9878419452887538,0.7012263099219621,1.0,1.0,1.0,1.0,1.0,HistGB,fleet,40000,20000,14.98,B_fleet_size,CTT_Impala,FS-B,0,2,CIDv2_Prototype|CTT_Forester
98401,12610,0.12814910417577058,0.974257511044929,0.9502250728534313,85805,0.04424300176620483,True,0.3037272006344171,1.0,0.0,0.999994158744812,0.0,0.37208527648234513,0.0032377428307123032,0.7477203647416414,0.1096989966555184,0.8928571428571429,1.0,1.0,0.75,0.5,True,0.5080888183980967,0.9992202121023082,5.828117168467555e-05,0.9999834299087524,4.7422690524831825,0.8530979347101932,0.030527289546716005,0.9121918270854441,0.24057971014492754,0.9642857142857143,1.0,1.0,1.0,0.5,True,0.7124504361617764,0.9905181918412348,0.0010024361529764195,0.9999288320541382,81.56702770271076,0.9766822118587608,0.42738205365402404,0.9814251941911516,0.49542920847268673,1.0,1.0,1.0,1.0,1.0,True,0.6877081681205393,0.9913122999542753,0.0008858738096070684,0.9999377727508545,72.08248959774438,0.9736842105263158,0.35707678075855687,0.9770347855454239,0.46465997770345596,1.0,1.0,1.0,1.0,1.0,True,0.9114195083267248,0.9335553569978068,0.00953479968761292,0.9995192289352417,775.8352169862487,0.9996668887408394,0.9898242368177613,0.9952718676122931,0.7591973244147158,1.0,1.0,1.0,1.0,1.0,XGBoost,fleet,40000,20000,6.39,B_fleet_size,CTT_Impala,FS-B,0,2,CIDv2_Prototype|CTT_Forester
98401,12610,0.12814910417577058,0.8267495945345148,0.7000615196949111,85805,0.04424300176620483,True,0.45662172878667723,0.9996527777777777,2.331246867387022e-05,78125.0,1.8969076209932731,0.9996668887408394,0.0,0.7413036136440392,0.1253065774804905,0.75,1.0,0.9285714285714286,0.5,0.0,True,0.635289452815226,0.9997504055909148,2.331246867387022e-05,46875.0,1.8969076209932731,0.9996668887408394,0.7146160962072156,0.978047956771361,0.12686733556298774,0.8214285714285714,1.0,0.9285714285714286,0.625,0.5,True,0.635289452815226,0.9997504055909148,2.331246867387022e-05,46875.0,1.8969076209932731,0.9996668887408394,0.7146160962072156,0.978047956771361,0.12686733556298774,0.8214285714285714,1.0,0.9285714285714286,0.625,0.5,True,0.635289452815226,0.9997504055909148,2.331246867387022e-05,46875.0,1.8969076209932731,0.9996668887408394,0.7146160962072156,0.978047956771361,0.12686733556298774,0.8214285714285714,1.0,0.9285714285714286,0.625,0.5,True,0.635289452815226,0.9997504055909148,2.331246867387022e-05,46875.0,1.8969076209932731,0.9996668887408394,0.7146160962072156,0.978047956771361,0.12686733556298774,0.8214285714285714,1.0,0.9285714285714286,0.625,0.5,Rule:Combined,fleet,40000,20000,0.23,B_fleet_size,CTT_Impala,FS-B,0,2,CIDv2_Prototype|CTT_Forester
98401,12610,0.12814910417577058,0.9815091395923355,0.9638869744713873,85805,0.04424300176620483,True,0.6195876288659794,0.9998720245712823,1.165623433693511e-05,0.9995609157952624,0.9484538104966366,0.9593604263824117,0.528677150786309,0.8939547450185749,0.2548494983277592,1.0,1.0,1.0,1.0,1.0,True,0.7593973037272006,0.9989568120175255,0.0001165623433693511,0.9992888200755146,9.484538104966365,0.9963357761492339,0.8843663274745606,0.9284025667004391,0.4289855072463768,1.0,1.0,1.0,1.0,1.0,True,0.8575733544805709,0.9922011193687494,0.0009907799186394844,0.9988378211953511,80.61857389221412,0.9996668887408394,0.9643848288621647,0.9875042215467748,0.6251950947603121,1.0,1.0,1.0,1.0,1.0,True,0.8498810467882633,0.993326536286959,0.0008392488722593279,0.9988882230224891,68.28867435575783,0.9996668887408394,0.9592969472710453,0.9864910503208375,0.6066889632107023,1.0,1.0,1.0,1.0,1.0,True,0.901665344964314,0.9302896416298478,0.009931111655068714,0.9981121977574509,808.0826465431344,0.9996668887408394,0.9953746530989824,0.9922323539344816,0.7311036789297659,1.0,1.0,1.0,1.0,1.0,HistGB,fleet,40000,20000,14.61,B_fleet_size,CTT_Impala,FS-B,1,2,CIDv2_Prototype|CTT_Forester
98401,12610,0.12814910417577058,0.980057485016678,0.9655835226978681,85805,0.04424300176620483,True,0.531086439333862,1.0,0.0,0.9999632835388184,0.0,0.9427048634243838,0.08649398704902868,0.8885511651469098,0.2338907469342252,1.0,1.0,1.0,1.0,1.0,True,0.7664551942902459,0.9995863067535422,4.662493734774044e-05,0.9998810291290283,3.7938152419865463,0.9996668887408394,0.6429232192414431,0.9750084430935495,0.5322185061315496,1.0,1.0,1.0,1.0,1.0,True,0.910071371927042,0.9922185716756009,0.0010490610903241598,0.9995704293251038,85.36084294469728,0.9996668887408394,0.986586493987049,0.9949341438703141,0.757190635451505,1.0,1.0,1.0,1.0,1.0,True,0.9084853291038858,0.9932373851222472,0.0009091862782809385,0.9995936751365662,73.97939721873765,0.9996668887408394,0.9851988899167438,0.994596420128335,0.7536231884057971,1.0,1.0,1.0,1.0,1.0,True,0.9243457573354481,0.9269922061396533,0.01070042312130643,0.9989297986030579,870.6805980359125,0.9996668887408394,0.9995374653098983,0.9983113812901047,0.7888517279821627,1.0,1.0,1.0,1.0,1.0,XGBoost,fleet,40000,20000,7.69,B_fleet_size,CTT_Impala,FS-B,1,2,CIDv2_Prototype|CTT_Forester
98401,12610,0.12814910417577058,0.8267495945345148,0.7000615196949109,85805,0.04424300176620483,True,0.45662172878667723,0.9996527777777777,2.331246867387022e-05,78125.0,1.8969076209932731,0.9996668887408394,0.0,0.7413036136440392,0.1253065774804905,0.75,1.0,0.9285714285714286,0.5,0.0,True,0.635289452815226,0.9997504055909148,2.331246867387022e-05,46875.0,1.8969076209932731,0.9996668887408394,0.7146160962072156,0.978047956771361,0.12686733556298774,0.8214285714285714,1.0,0.9285714285714286,0.625,0.5,True,0.635289452815226,0.9997504055909148,2.331246867387022e-05,46875.0,1.8969076209932731,0.9996668887408394,0.7146160962072156,0.978047956771361,0.12686733556298774,0.8214285714285714,1.0,0.9285714285714286,0.625,0.5,True,0.635289452815226,0.9997504055909148,2.331246867387022e-05,46875.0,1.8969076209932731,0.9996668887408394,0.7146160962072156,0.978047956771361,0.12686733556298774,0.8214285714285714,1.0,0.9285714285714286,0.625,0.5,True,0.635289452815226,0.9997504055909148,2.331246867387022e-05,46875.0,1.8969076209932731,0.9996668887408394,0.7146160962072156,0.978047956771361,0.12686733556298774,0.8214285714285714,1.0,0.9285714285714286,0.625,0.5,Rule:Combined,fleet,40000,20000,0.24,B_fleet_size,CTT_Impala,FS-B,1,2,CIDv2_Prototype|CTT_Forester
98401,12610,0.12814910417577058,0.890905574879238,0.8334234357614457,85805,0.04424300176620483,True,0.5642347343378271,1.0,0.0,0.9492675513223762,0.0,0.5109926715522984,0.8889916743755781,0.7504221546774739,0.3204013377926421,0.8571428571428571,1.0,0.8571428571428571,0.75,1.0,True,0.7118160190325139,0.9987760097919217,0.0001282185777062862,0.8486344727789465,10.432991915463,0.938707528314457,0.9611470860314524,0.8152651131374535,0.3714604236343367,1.0,1.0,1.0,1.0,1.0,True,0.7265662172878667,0.9879232262238516,0.0013054982457367324,0.8229483407317039,106.22682677562331,0.9673550966022652,0.9643848288621647,0.8233704829449511,0.38684503901895206,1.0,1.0,1.0,1.0,1.0,True,0.7250594766058683,0.9902523556807105,0.0010490610903241598,0.82569037240723,85.36084294469728,0.9643570952698202,0.9643848288621647,0.8230327592029719,0.38483835005574135,1.0,1.0,1.0,1.0,1.0,True,0.7455987311657415,0.9195110024449877,0.009593080859297595,0.7873083895122731,780.5774860387319,0.9906728847435043,0.967622571692877,0.8368794326241135,0.41426978818283167,1.0,1.0,1.0,1.0,1.0,HistGB,fleet,40000,20000,27.85,B_fleet_size,CTT_Impala,FS-B,0,2,CIDv2_Prototype|ROAD_ORNL
98401,12610,0.12814910417577058,0.8959711081051399,0.8412124691379649,85805,0.04424300176620483,True,0.3627279936558287,1.0,0.0,0.9374729990959167,0.0,0.7118587608261159,0.0013876040703052729,0.7078689631881121,0.07536231884057971,0.6785714285714286,0.75,0.7857142857142857,0.5,0.5,True,0.6241078509119746,0.9986042380408577,0.0001282185777062862,0.626364529132843,10.432991915463,0.9986675549633578,0.6234967622571693,0.7906112799729821,0.263768115942029,0.8928571428571429,1.0,0.9285714285714286,0.75,1.0,True,0.7163362410785091,0.9843085975809088,0.0016784977445186559,0.4008663296699524,136.57734871151567,0.9990006662225184,0.913968547641073,0.8608578183046268,0.33645484949832777,0.9642857142857143,1.0,1.0,0.875,1.0,True,0.7116574147501983,0.985937156668864,0.0014919979951276941,0.4142875075340271,121.40208774356948,0.9990006662225184,0.8991674375578168,0.85612968591692,0.3335562987736901,0.9642857142857143,1.0,1.0,0.875,1.0,True,0.7624900872323552,0.9020546017450042,0.012169108647760255,0.22579559683799744,990.1857781584885,0.9996668887408394,0.9805735430157262,0.9263762242485647,0.39041248606466,1.0,1.0,1.0,1.0,1.0,XGBoost,fleet,40000,20000,8.58,B_fleet_size,CTT_Impala,FS-B,0,2,CIDv2_Prototype|ROAD_ORNL
98401,12610,0.12814910417577058,0.820016429929102,0.7148103711847726,85805,0.04424300176620483,True,0.30951625693893736,0.9994878361075544,2.331246867387022e-05,15625.0,1.8969076209932731,0.1022651565622918,1.0,0.1337386018237082,0.231438127090301,0.25,0.25,0.14285714285714285,0.25,1.0,True,0.30951625693893736,0.922695035460993,0.003811588628177781,80.85023899545675,310.14439603240015,0.1022651565622918,1.0,0.1337386018237082,0.231438127090301,0.25,0.25,0.14285714285714285,0.25,1.0,True,0.5237906423473434,0.942090999857367,0.004732431140795654,8.144784255541383,385.0722470616344,0.9973351099267155,1.0,0.13880445795339413,0.231438127090301,0.5357142857142857,1.0,0.5,0.25,1.0,True,0.5228390166534497,0.9438797423049392,0.004569243860078563,8.554650370297889,371.79389371468153,0.9973351099267155,1.0,0.1347517730496454,0.231438127090301,0.4642857142857143,1.0,0.35714285714285715,0.25,1.0,True,0.6302141157811261,0.8718595721338454,0.013614481705540209,5.847364301576323,1107.7940506600717,0.9980013324450366,1.0,0.5883147585275245,0.2334448160535117,0.8571428571428571,1.0,0.8571428571428571,0.75,1.0,Rule:Combined,fleet,40000,20000,0.24,B_fleet_size,CTT_Impala,FS-B,0,2,CIDv2_Prototype|ROAD_ORNL
98401,12610,0.12814910417577058,0.9190127297078895,0.892705084788026,85805,0.04424300176620483,True,0.7335448057097541,0.9995677544845473,4.662493734774044e-05,0.9198202679240839,3.7938152419865463,0.9936708860759493,0.9537465309898242,0.751097602161432,0.44169453734671127,1.0,1.0,1.0,1.0,1.0,True,0.7500396510705789,0.9981004643309414,0.00020981221806483198,0.9097146447952025,17.07216858893946,0.9950033311125916,0.954209065679926,0.7716987504221546,0.473355629877369,1.0,1.0,1.0,1.0,1.0,True,0.7863600317208564,0.9918975692707812,0.0009441549812917439,0.8816402996341175,76.82475865022757,0.9973351099267155,0.9588344125809436,0.8115501519756839,0.5453734671125976,1.0,1.0,1.0,1.0,1.0,True,0.7834258524980174,0.9936632468316234,0.0007343427632269119,0.8855133944661094,59.75259006128811,0.9973351099267155,0.9583718778908418,0.8085106382978723,0.5393534002229654,1.0,1.0,1.0,1.0,1.0,True,0.8287866772402855,0.9287301164134009,0.009348299938221958,0.8355736945425775,760.6599560183024,0.9976682211858761,0.9662349676225717,0.8480243161094225,0.6367892976588628,1.0,1.0,1.0,1.0,1.0,HistGB,fleet,40000,20000,22.27,B_fleet_size,CTT_Impala,FS-B,1,2,CIDv2_Prototype|ROAD_ORNL
98401,12610,0.12814910417577058,0.919889744871837,0.8781935276958188,85805,0.04424300176620483,True,0.4911974623314829,1.0,0.0,0.8966081142425537,0.0,0.9413724183877415,0.19518963922294172,0.757176629517055,0.15696767001114828,0.8928571428571429,1.0,0.9285714285714286,0.75,1.0,True,0.6885804916732752,0.9991944764096663,8.159364035854577e-05,0.6631291508674622,6.639176673476457,0.9986675549633578,0.7913968547641073,0.84532252617359,0.32798216276477143,0.9642857142857143,1.0,0.9285714285714286,1.0,1.0,True,0.7528945281522601,0.9906093489148581,0.0010490610903241598,0.5245643258094788,85.36084294469728,0.9990006662225184,0.9292321924144311,0.889564336372847,0.4129319955406912,1.0,1.0,1.0,1.0,1.0,True,0.7472640761300555,0.992312552653749,0.0008509051065962631,0.5376524329185486,69.23712816625448,0.9990006662225184,0.9218316373728029,0.8858493752110773,0.4031215161649944,1.0,1.0,1.0,1.0,1.0,True,0.7938937351308485,0.9199595662562029,0.01015258010747048,0.397871732711792,826.1032689425704,0.9993337774816788,0.9505087881591119,0.9189463019250254,0.4983277591973244,1.0,1.0,1.0,1.0,1.0,XGBoost,fleet,40000,20000,8.43,B_fleet_size,CTT_Impala,FS-B,1,2,CIDv2_Prototype|ROAD_ORNL
98401,12610,0.12814910417577058,0.8203515646913935,0.7171311794743371,85805,0.04424300176620483,True,0.30951625693893736,0.9994878361075544,2.331246867387022e-05,15625.0,1.8969076209932731,0.1022651565622918,1.0,0.1337386018237082,0.231438127090301,0.25,0.25,0.14285714285714285,0.25,1.0,True,0.30951625693893736,0.9229132182549066,0.0037999323938408456,79.93785957651703,309.1959422219035,0.1022651565622918,1.0,0.1337386018237082,0.231438127090301,0.25,0.25,0.14285714285714285,0.25,1.0,True,0.5291831879460746,0.9426472665630738,0.004732431140795654,7.7078189344739965,385.0722470616344,0.9976682211858761,1.0,0.16143194866599123,0.231438127090301,0.5357142857142857,1.0,0.5,0.25,1.0,True,0.5237906423473434,0.9439759897098756,0.004569243860078563,8.09584757456517,371.79389371468153,0.9973351099267155,1.0,0.13880445795339413,0.231438127090301,0.5357142857142857,1.0,0.5,0.25,1.0,True,0.6299762093576526,0.8717217162295622,0.013626137939877143,5.707295424457828,1108.742504470568,0.9980013324450366,1.0,0.5879770347855454,0.2329988851727982,0.7857142857142857,1.0,0.7857142857142857,0.625,1.0,Rule:Combined,fleet,40000,20000,0.25,B_fleet_size,CTT_Impala,FS-B,1,2,CIDv2_Prototype|ROAD_ORNL
98401,12610,0.12814910417577058,0.9997390057283876,0.9991760144849293,85805,0.04424300176620483,True,0.9527359238699444,0.9991683300066534,0.0001165623433693511,0.7681340271365721,9.484538104966365,0.9996668887408394,1.0,0.8905775075987842,0.9395763656633221,1.0,1.0,1.0,1.0,1.0,True,0.9749405233941316,0.9957881095091528,0.0006061241855206258,0.559606272764283,49.319598145825104,1.0,1.0,0.9030732860520094,0.9935340022296544,1.0,1.0,1.0,1.0,1.0,True,0.9900872323552736,0.985709774198642,0.002109778414985255,0.26705984010241596,171.67013969989122,1.0,1.0,0.9628503883823033,0.9966555183946488,1.0,1.0,1.0,1.0,1.0,True,0.9871530531324346,0.9877797175051579,0.001795060087888007,0.2984270873949397,146.06188681648203,1.0,1.0,0.950354609929078,0.9966555183946488,1.0,1.0,1.0,1.0,1.0,True,0.9980174464710547,0.9223834652594547,0.012343952162814281,0.058589643027637035,1004.4125853159381,1.0,1.0,0.9932455251604188,0.9988851727982163,1.0,1.0,1.0,1.0,1.0,HistGB,fleet,40000,20000,11.74,B_fleet_size,CTT_Impala,FS-B,0,2,CIDv2_RenaultClio|CTT_Traverse
98401,12610,0.12814910417577058,0.999789321652548,0.9993418752922377,85805,0.04424300176620483,True,0.8623314829500397,1.0,0.0,0.9236022233963013,0.0,1.0,0.9958371877890841,0.8527524484971294,0.7121516164994426,1.0,1.0,1.0,1.0,1.0,True,0.9762886597938144,0.9988640973630831,0.00016318728071709155,0.5556068420410156,13.278353346952914,1.0,1.0,0.9118541033434651,0.9915273132664437,1.0,1.0,1.0,1.0,1.0,True,0.9923869944488501,0.9912079207920792,0.0012938420113997972,0.2539815902709961,105.27837296512666,1.0,1.0,0.9736575481256332,0.9959866220735786,1.0,1.0,1.0,1.0,1.0,True,0.9917525773195877,0.9926972535323068,0.00107237355899803,0.27677804231643677,87.25775056569057,1.0,1.0,0.9709557581898007,0.9959866220735786,1.0,1.0,1.0,1.0,1.0,True,0.9978588421887391,0.934913440820269,0.010210861279155155,0.0672006905078888,830.8455379950536,1.0,1.0,0.9935832489023978,0.9982162764771461,1.0,1.0,1.0,1.0,1.0,XGBoost,fleet,40000,20000,6.36,B_fleet_size,CTT_Impala,FS-B,0,2,CIDv2_RenaultClio|CTT_Traverse
98401,12610,0.12814910417577058,0.9998373862873564,0.9990668640003392,85805,0.04424300176620483,True,0.45662172878667723,0.9996527777777777,2.331246867387022e-05,78125.0,1.8969076209932731,0.9996668887408394,0.0,0.7413036136440392,0.1253065774804905,0.75,1.0,0.9285714285714286,0.5,0.0,True,0.6801744647105472,0.9996503496503496,3.4968703010805326e-05,31250.0,2.845361431489909,0.9996668887408394,0.9708603145235892,0.9824383654170888,0.126644370122631,0.8214285714285714,1.0,1.0,0.5,0.5,True,0.999603489294211,0.9703618167821401,0.0044876502197200175,8.833120453027902,365.1547170412051,1.0,1.0,0.9989868287740629,0.9995540691192865,1.0,1.0,1.0,1.0,1.0,True,0.999603489294211,0.971333898435694,0.004336119173339861,8.938438040198315,352.8248175047488,1.0,1.0,0.9989868287740629,0.9995540691192865,1.0,1.0,1.0,1.0,1.0,True,0.999603489294211,0.9220247238680418,0.012425545803172827,8.082229961914202,1011.0517619894144,1.0,1.0,0.9989868287740629,0.9995540691192865,1.0,1.0,1.0,1.0,1.0,Rule:Combined,fleet,40000,20000,0.24,B_fleet_size,CTT_Impala,FS-B,0,2,CIDv2_RenaultClio|CTT_Traverse
98401,12610,0.12814910417577058,0.9996237712343936,0.9980494552149676,85805,0.04424300176620483,True,0.6751784298176051,1.0,0.0,0.997551915649453,0.0,0.9980013324450366,0.9375578168362627,0.6501182033096927,0.3491638795986622,1.0,1.0,1.0,1.0,1.0,True,0.9293417922283902,0.9940622614301468,0.0008159364035854577,0.7044363765989686,66.39176673476456,0.9996668887408394,1.0,0.8780817291455589,0.882051282051282,1.0,1.0,1.0,1.0,1.0,True,0.995796986518636,0.9809389891414734,0.0028441211782121666,0.20802826537219488,231.42272976117928,0.9996668887408394,1.0,0.9983113812901047,0.989520624303233,1.0,1.0,1.0,1.0,1.0,True,0.9950832672482157,0.9832314684218775,0.0024944341481041134,0.24718543005259816,202.96911544628023,0.9996668887408394,1.0,0.9972982100641675,0.9881828316610926,1.0,1.0,1.0,1.0,1.0,True,0.9994448850118953,0.9183851927421118,0.013054982457367323,0.03116482660778176,1062.268267756233,1.0,1.0,0.999662276258021,0.9986622073578595,1.0,1.0,1.0,1.0,1.0,HistGB,fleet,40000,20000,10.42,B_fleet_size,CTT_Impala,FS-B,1,2,CIDv2_RenaultClio|CTT_Traverse
98401,12610,0.12814910417577058,0.999870943948201,0.9996727821012164,85805,0.04424300176620483,True,0.6964314036478985,1.0,0.0,0.9894235730171204,0.0,0.9983344437041972,0.9481961147086031,0.6903073286052009,0.3770345596432553,1.0,1.0,1.0,1.0,1.0,True,0.9887390959555908,0.9988783848742189,0.00016318728071709155,0.4875815808773041,13.278353346952914,0.9996668887408394,1.0,0.983451536643026,0.9794871794871794,1.0,1.0,1.0,1.0,1.0,True,0.9988104678826328,0.9884633495526605,0.001713466447529461,0.13693122565746307,139.42271014300556,1.0,1.0,0.9979736575481256,0.9979933110367893,1.0,1.0,1.0,1.0,1.0,True,0.9980967486122125,0.9903997481901164,0.0014220605891060833,0.1599048376083374,115.71136488058964,1.0,1.0,0.9969604863221885,0.9966555183946488,1.0,1.0,1.0,1.0,1.0,True,0.9995241871530531,0.9249963305445472,0.011912671492347681,0.02492472529411316,969.3197943275626,1.0,1.0,0.999662276258021,0.9988851727982163,1.0,1.0,1.0,1.0,1.0,XGBoost,fleet,40000,20000,5.97,B_fleet_size,CTT_Impala,FS-B,1,2,CIDv2_RenaultClio|CTT_Traverse
98401,12610,0.12814910417577058,0.9998375526729377,0.9990670141855628,85805,0.04424300176620483,True,0.45662172878667723,0.9996527777777777,2.331246867387022e-05,78125.0,1.8969076209932731,0.9996668887408394,0.0,0.7413036136440392,0.1253065774804905,0.75,1.0,0.9285714285714286,0.5,0.0,True,0.6801744647105472,0.9996503496503496,3.4968703010805326e-05,31250.0,2.845361431489909,0.9996668887408394,0.9708603145235892,0.9824383654170888,0.126644370122631,0.8214285714285714,1.0,1.0,0.5,0.5,True,0.999603489294211,0.9703618167821401,0.0044876502197200175,8.736882828157034,365.1547170412051,1.0,1.0,0.9989868287740629,0.9995540691192865,1.0,1.0,1.0,1.0,1.0,True,0.999603489294211,0.971333898435694,0.004336119173339861,8.84127939558729,352.8248175047488,1.0,1.0,0.9989868287740629,0.9995540691192865,1.0,1.0,1.0,1.0,1.0,True,0.999603489294211,0.9218224367412607,0.012460514506183632,7.9944454822409945,1013.8971234209044,1.0,1.0,0.9989868287740629,0.9995540691192865,1.0,1.0,1.0,1.0,1.0,Rule:Combined,fleet,40000,20000,0.23,B_fleet_size,CTT_Impala,FS-B,1,2,CIDv2_RenaultClio|CTT_Traverse
98401,12610,0.12814910417577058,0.8966545359561136,0.8341464780124644,85805,0.04424300176620483,True,0.7008723235527359,0.9977421539850982,0.0002331246867387022,0.9552613700978624,18.96907620993273,0.9810126582278481,0.9532839962997225,0.7639311043566362,0.3500557413600892,0.8928571428571429,1.0,0.9285714285714286,0.75,1.0,True,0.7118953211736717,0.9944610612606625,0.0005828117168467555,0.9192821274021344,47.42269052483183,0.991672218520986,0.9565217391304348,0.796014859844647,0.3511705685618729,0.9285714285714286,1.0,0.9285714285714286,0.875,1.0,True,0.7244250594766058,0.98236369502097,0.001911622431257358,0.87340669017685,155.5464249214484,0.9983344437041972,0.9588344125809436,0.8199932455251604,0.36499442586399106,1.0,1.0,1.0,1.0,1.0,True,0.7229183187946074,0.9846619140203068,0.0016551852758447856,0.8775723618140882,134.68044109052238,0.9980013324450366,0.9588344125809436,0.8166160081053698,0.3632107023411371,1.0,1.0,1.0,1.0,1.0,True,0.7406819984139572,0.898595343467385,0.012285670991129606,0.8212560491133336,999.6703162634549,0.9990006662225184,0.9620721554116559,0.8429584599797366,0.3935340022296544,1.0,1.0,1.0,1.0,1.0,HistGB,fleet,40000,20000,23.83,B_fleet_size,CTT_Impala,FS-B,0,2,CIDv2_RenaultClio|ROAD_ORNL
98401,12610,0.12814910417577058,0.9125621173992444,0.8588686002747876,85805,0.04424300176620483,True,0.7107850911974624,0.9896212874020095,0.0010956860276719004,0.6923508644104004,89.15465818668385,0.9990006662225184,0.8880666049953746,0.8443093549476528,0.34425863991081385,0.8928571428571429,1.0,0.9285714285714286,0.75,1.0,True,0.730214115781126,0.9838657976279517,0.0017600913848772016,0.5936257839202881,143.21652538499214,0.9996668887408394,0.9431082331174838,0.8777440054035799,0.34983277591973244,0.9285714285714286,1.0,1.0,0.75,1.0,True,0.7452815226011102,0.9697657620472604,0.003415276660721987,0.46468639373779297,277.8969664755145,0.9996668887408394,0.9777983348751156,0.911516379601486,0.3531772575250836,0.9642857142857143,1.0,1.0,0.875,1.0,True,0.7444091990483743,0.9709350434422839,0.003275401848678766,0.47416213154792786,266.51552074955487,0.9996668887408394,0.9759481961147086,0.9091523134076326,0.3531772575250836,0.9642857142857143,1.0,1.0,0.875,1.0,True,0.7639968279143536,0.8961860465116279,0.013008357520019583,0.3130970895290375,1058.4744525142464,0.9996668887408394,0.9925994449583718,0.939547450185748,0.3801560758082497,1.0,1.0,1.0,1.0,1.0,XGBoost,fleet,40000,20000,20.25,B_fleet_size,CTT_Impala,FS-B,0,2,CIDv2_RenaultClio|ROAD_ORNL
98401,12610,0.12814910417577058,0.8215443681341625,0.7121541620673075,85805,0.04424300176620483,True,0.30951625693893736,0.9994878361075544,2.331246867387022e-05,15625.0,1.8969076209932731,0.1022651565622918,1.0,0.1337386018237082,0.231438127090301,0.25,0.25,0.14285714285714285,0.25,1.0,True,0.30951625693893736,0.922695035460993,0.003811588628177781,92.27211928445429,310.14439603240015,0.1022651565622918,1.0,0.1337386018237082,0.231438127090301,0.25,0.25,0.14285714285714285,0.25,1.0,True,0.522680412371134,0.9419751321995141,0.004732431140795654,9.298790911351462,385.0722470616344,0.997001998667555,1.0,0.13441404930766632,0.231438127090301,0.42857142857142855,1.0,0.2857142857142857,0.25,1.0,True,0.522680412371134,0.9438636689102106,0.004569243860078563,9.766540648244995,371.79389371468153,0.997001998667555,1.0,0.13441404930766632,0.231438127090301,0.42857142857142855,1.0,0.2857142857142857,0.25,1.0,True,0.6305313243457573,0.8646150500217485,0.01451201174948421,5.92774063581293,1180.8249940683124,0.9980013324450366,1.0,0.5889902060114826,0.2338907469342252,0.8928571428571429,1.0,0.8571428571428571,0.875,1.0,Rule:Combined,fleet,40000,20000,0.25,B_fleet_size,CTT_Impala,FS-B,0,2,CIDv2_RenaultClio|ROAD_ORNL
98401,12610,0.12814910417577058,0.9008831866824685,0.8401693022643715,85805,0.04424300176620483,True,0.6986518636003172,0.9978480009061049,0.0002214684524017671,0.9569861105180074,18.020622399436096,0.9973351099267155,0.9361702127659575,0.7575143532590342,0.34537346711259753,0.8571428571428571,1.0,0.8571428571428571,0.75,1.0,True,0.7101506740681999,0.9964393012128631,0.00037299949878192353,0.9175064766977119,30.35052193589237,0.9996668887408394,0.9477335800185014,0.7848699763593381,0.35250836120401335,0.8928571428571429,1.0,0.8571428571428571,0.875,1.0,True,0.7218873909595559,0.9880603495061326,0.0012821857770628621,0.8732738847673825,104.32991915463002,0.9996668887408394,0.9551341350601296,0.8000675447483958,0.37190635451505016,1.0,1.0,1.0,1.0,1.0,True,0.7206978588421887,0.9887933848329888,0.0012005921367043164,0.875703826436511,97.69074248115356,0.9996668887408394,0.954209065679926,0.7990543735224587,0.36967670011148274,1.0,1.0,1.0,1.0,1.0,True,0.7434575733544806,0.915616759449165,0.010070986467111935,0.8162475352687876,819.464092269094,0.9996668887408394,0.9606845513413506,0.8203309692671394,0.4164994425863991,1.0,1.0,1.0,1.0,1.0,HistGB,fleet,40000,20000,18.04,B_fleet_size,CTT_Impala,FS-B,1,2,CIDv2_RenaultClio|ROAD_ORNL
98401,12610,0.12814910417577058,0.916027705362305,0.8661669627819945,85805,0.04424300176620483,True,0.5707375099127676,0.996814404432133,0.0002680933897495075,0.8663117289543152,21.814437641422643,0.9966688874083944,0.46022201665124884,0.7558257345491388,0.21672240802675585,0.8928571428571429,1.0,0.8571428571428571,0.875,1.0,True,0.6562252180808882,0.993993993993994,0.0005828117168467555,0.7831620573997498,47.42269052483183,0.9996668887408394,0.7548566142460684,0.784532252617359,0.29409141583054627,0.9285714285714286,1.0,0.9285714285714286,0.875,1.0,True,0.7046788263283109,0.9786343612334801,0.002261309461365411,0.6667445302009583,184.00003923634748,0.9996668887408394,0.906567992599445,0.8216818642350557,0.3326644370122631,1.0,1.0,1.0,1.0,1.0,True,0.7015860428231562,0.9806029705165152,0.002039841008963644,0.6796054840087891,165.97941683691138,0.9996668887408394,0.8987049028677151,0.8186423505572442,0.32976588628762543,1.0,1.0,1.0,1.0,1.0,True,0.7690721649484537,0.9018878452524877,0.012297327225466542,0.4119541645050049,1000.6187700739516,0.9996668887408394,0.9653098982423681,0.9027355623100304,0.4318840579710145,1.0,1.0,1.0,1.0,1.0,XGBoost,fleet,40000,20000,7.53,B_fleet_size,CTT_Impala,FS-B,1,2,CIDv2_RenaultClio|ROAD_ORNL
98401,12610,0.12814910417577058,0.8200718441847838,0.7114420018349124,85805,0.04424300176620483,True,0.30951625693893736,0.9994878361075544,2.331246867387022e-05,15625.0,1.8969076209932731,0.1022651565622918,1.0,0.1337386018237082,0.231438127090301,0.25,0.25,0.14285714285714285,0.25,1.0,True,0.30951625693893736,0.922695035460993,0.003811588628177781,94.30022623984077,310.14439603240015,0.1022651565622918,1.0,0.1337386018237082,0.231438127090301,0.25,0.25,0.14285714285714285,0.25,1.0,True,0.522680412371134,0.9419751321995141,0.004732431140795654,9.510202023552829,385.0722470616344,0.997001998667555,1.0,0.13441404930766632,0.231438127090301,0.42857142857142855,1.0,0.2857142857142857,0.25,1.0,True,0.522680412371134,0.9438636689102106,0.004569243860078563,9.98819306684359,371.79389371468153,0.997001998667555,1.0,0.13441404930766632,0.231438127090301,0.42857142857142855,1.0,0.2857142857142857,0.25,1.0,True,0.6305313243457573,0.8653678711362647,0.014418761874788731,5.905958066905465,1173.2373635843394,0.9980013324450366,1.0,0.5889902060114826,0.2338907469342252,0.8928571428571429,1.0,0.8571428571428571,0.875,1.0,Rule:Combined,fleet,40000,20000,0.23,B_fleet_size,CTT_Impala,FS-B,1,2,CIDv2_RenaultClio|ROAD_ORNL
98401,12610,0.12814910417577058,0.9989270265285448,0.9927296442729071,85805,0.04424300176620483,True,0.5966693100713719,1.0,0.0,0.9972011690393722,0.0,0.9976682211858761,0.9884366327474561,0.3049645390070922,0.33199554069119286,0.8928571428571429,1.0,0.9285714285714286,0.75,1.0,True,0.7674068199841396,0.9704171680705976,0.0034385891293958575,0.8973688434159717,279.7938740965078,0.9996668887408394,1.0,0.9821006416751098,0.358082497212932,0.9285714285714286,1.0,0.9285714285714286,0.875,1.0,True,0.9980174464710547,0.9700917289755646,0.004522618922730822,0.013095864348559376,368.00007847269495,1.0,1.0,0.9949341438703141,0.9977703455964325,1.0,1.0,1.0,1.0,1.0,True,0.9971451229183188,0.971565445835265,0.00428949423599212,0.01618165365056475,349.0310022627623,1.0,1.0,0.993920972644377,0.9959866220735786,1.0,1.0,1.0,1.0,1.0,True,0.9990483743061063,0.9275511706670594,0.011469734587544148,0.004960926479262018,933.2785495286903,1.0,1.0,0.9969604863221885,0.9993311036789297,1.0,1.0,1.0,1.0,1.0,HistGB,fleet,40000,20000,11.34,B_fleet_size,CTT_Impala,FS-B,0,3,CIDv2_OpelAstra|CIDv2_Prototype|CTT_Silverado
98401,12610,0.12814910417577058,0.9990237427695181,0.9932064273253748,85805,0.04424300176620483,True,0.7652656621728786,0.9877175025588536,0.0013987481204322133,0.8807374238967896,113.81445725959641,0.9993337774816788,1.0,0.9584599797365755,0.36789297658862874,0.9642857142857143,1.0,0.9285714285714286,1.0,1.0,True,0.8011895321173672,0.9737831325301205,0.00317049573964635,0.66546231508255,257.97943645508514,0.9996668887408394,1.0,0.9804120229652145,0.45418060200668897,0.9642857142857143,1.0,0.9285714285714286,1.0,1.0,True,0.998731165741475,0.9709351630560481,0.004394400345024536,0.0033204182982444763,357.567086557232,1.0,1.0,0.9962850388382303,0.9988851727982163,1.0,1.0,1.0,1.0,1.0,True,0.9984932593180016,0.9717527205371613,0.004266181767318251,0.0037498571909964085,347.134094641769,1.0,1.0,0.9959473150962512,0.9984392419175028,1.0,1.0,1.0,1.0,1.0,True,0.9995241871530531,0.9208738218747717,0.012623701786900724,0.001141465618275106,1027.1754767678574,1.0,1.0,0.9983113812901047,0.9997770345596433,1.0,1.0,1.0,1.0,1.0,XGBoost,fleet,40000,20000,8.4,B_fleet_size,CTT_Impala,FS-B,0,3,CIDv2_OpelAstra|CIDv2_Prototype|CTT_Silverado
98401,12610,0.12814910417577058,0.9997179713556315,0.9989617333823787,85805,0.04424300176620483,True,0.45662172878667723,0.9996527777777777,2.331246867387022e-05,78125.0,1.8969076209932731,0.9996668887408394,0.0,0.7413036136440392,0.1253065774804905,0.75,1.0,0.9285714285714286,0.5,0.0,True,0.6801744647105472,0.9996503496503496,3.4968703010805326e-05,31250.0,2.845361431489909,0.9996668887408394,0.9708603145235892,0.9824383654170888,0.126644370122631,0.8214285714285714,1.0,1.0,0.5,0.5,True,0.999603489294211,0.9690935650034597,0.004685806203447914,8.767639959440128,381.27843181964784,1.0,1.0,0.9989868287740629,0.9995540691192865,1.0,1.0,1.0,1.0,1.0,True,0.999603489294211,0.9711842206641498,0.004359431642013731,9.364769130796482,354.721725125742,1.0,1.0,0.9989868287740629,0.9995540691192865,1.0,1.0,1.0,1.0,1.0,True,0.999603489294211,0.9092548510423429,0.014663542795864367,4.85802110160339,1193.1548936047689,1.0,1.0,0.9989868287740629,0.9995540691192865,1.0,1.0,1.0,1.0,1.0,Rule:Combined,fleet,40000,20000,0.23,B_fleet_size,CTT_Impala,FS-B,0,3,CIDv2_OpelAstra|CIDv2_Prototype|CTT_Silverado
98401,12610,0.12814910417577058,0.999012175274158,0.9931790124294843,85805,0.04424300176620483,True,0.6180015860428232,1.0,0.0,0.9994371842883201,0.0,0.9980013324450366,0.9195189639222942,0.4265450861195542,0.34470457079152733,0.8928571428571429,1.0,0.9285714285714286,0.75,1.0,True,0.7843774781919112,0.9724707501720579,0.0032637456143418306,0.9579508770365538,265.56706693905824,0.9996668887408394,1.0,0.9824383654170888,0.4055741360089186,0.9642857142857143,1.0,0.9285714285714286,1.0,1.0,True,0.9959555908009516,0.9705564142194745,0.004441025282372277,0.012555412638756556,361.36090179921854,1.0,1.0,0.9952718676122931,0.9917502787068004,1.0,1.0,1.0,1.0,1.0,True,0.9927042030134814,0.9720453486566237,0.004196244361296639,0.01789313978306292,341.4433717787891,1.0,1.0,0.9952718676122931,0.9826086956521739,1.0,1.0,1.0,1.0,1.0,True,0.9995241871530531,0.9220190197512802,0.012425545803172827,0.002122392810894155,1011.0517619894144,1.0,1.0,0.9989868287740629,0.9993311036789297,1.0,1.0,1.0,1.0,1.0,HistGB,fleet,40000,20000,22.35,B_fleet_size,CTT_Impala,FS-B,1,3,CIDv2_OpelAstra|CIDv2_Prototype|CTT_Silverado
98401,12610,0.12814910417577058,0.9989649042061359,0.9925068342296485,85805,0.04424300176620483,True,0.6788263283108644,0.9983671565197108,0.00016318728071709155,0.9720709919929504,13.278353346952914,0.9976682211858761,0.9875115633672525,0.6362715298885512,0.34470457079152733,0.9285714285714286,1.0,0.9285714285714286,0.875,1.0,True,0.7661379857256146,0.9787255597203931,0.002447809210756373,0.8662452101707458,199.17530020429368,0.9983344437041972,1.0,0.9354947652819994,0.3861761426978818,0.9642857142857143,1.0,0.9285714285714286,1.0,1.0,True,0.9957176843774782,0.9706996521066873,0.004417712813698406,0.004482418764382601,359.4639941782252,1.0,1.0,0.9959473150962512,0.9906354515050168,1.0,1.0,1.0,1.0,1.0,True,0.9934179222839017,0.971612502908555,0.004266181767318251,0.005648809485137463,347.134094641769,1.0,1.0,0.9952718676122931,0.9846153846153847,1.0,1.0,1.0,1.0,1.0,True,0.9994448850118953,0.9235673457423421,0.012157452413423319,0.0007509638089686632,989.2373243479918,1.0,1.0,0.9986491050320837,0.9993311036789297,1.0,1.0,1.0,1.0,1.0,XGBoost,fleet,40000,20000,6.34,B_fleet_size,CTT_Impala,FS-B,1,3,CIDv2_OpelAstra|CIDv2_Prototype|CTT_Silverado
98401,12610,0.12814910417577058,0.9997182089172669,0.9989618184758373,85805,0.04424300176620483,True,0.45662172878667723,0.9996527777777777,2.331246867387022e-05,78125.0,1.8969076209932731,0.9996668887408394,0.0,0.7413036136440392,0.1253065774804905,0.75,1.0,0.9285714285714286,0.5,0.0,True,0.6801744647105472,0.9996503496503496,3.4968703010805326e-05,31250.0,2.845361431489909,0.9996668887408394,0.9708603145235892,0.9824383654170888,0.126644370122631,0.8214285714285714,1.0,1.0,0.5,0.5,True,0.999603489294211,0.9690935650034597,0.004685806203447914,8.624094910506386,381.27843181964784,1.0,1.0,0.9989868287740629,0.9995540691192865,1.0,1.0,1.0,1.0,1.0,True,0.999603489294211,0.9711842206641498,0.004359431642013731,9.211545399812412,354.721725125742,1.0,1.0,0.9989868287740629,0.9995540691192865,1.0,1.0,1.0,1.0,1.0,True,0.999603489294211,0.9092548510423429,0.014663542795864367,4.777845855516522,1193.1548936047689,1.0,1.0,0.9989868287740629,0.9995540691192865,1.0,1.0,1.0,1.0,1.0,Rule:Combined,fleet,40000,20000,0.21,B_fleet_size,CTT_Impala,FS-B,1,3,CIDv2_OpelAstra|CIDv2_Prototype|CTT_Silverado
98401,12610,0.12814910417577058,0.999792604532504,0.9992136183037542,85805,0.04424300176620483,True,0.43481363996827915,1.0,0.0,0.9979393531361725,0.0,0.5026648900732845,0.9870490286771508,0.1651469098277609,0.3012263099219621,0.75,0.5,0.6428571428571429,1.0,1.0,True,0.8992862807295797,0.999735519703782,3.4968703010805326e-05,0.4727418668170056,2.845361431489909,0.9986675549633578,1.0,0.8716649780479567,0.8024526198439242,1.0,1.0,1.0,1.0,1.0,True,0.9926249008723236,0.986211786952411,0.002039841008963644,0.01597256584918414,165.97941683691138,1.0,1.0,0.9993245525160419,0.9797101449275363,1.0,1.0,1.0,1.0,1.0,True,0.9908009516256939,0.9875118558330699,0.0018416850252357473,0.01996306326886397,149.85570205846858,1.0,1.0,0.9989868287740629,0.9748049052396879,1.0,1.0,1.0,1.0,1.0,True,0.9988104678826328,0.9342085743954903,0.010339079856861442,0.004645597995472866,841.2785299105167,1.0,1.0,0.9993245525160419,0.9971014492753624,1.0,1.0,1.0,1.0,1.0,HistGB,fleet,40000,20000,11.67,B_fleet_size,CTT_Impala,FS-B,0,3,CIDv2_OpelAstra|CIDv2_Prototype|CTT_Traverse
98401,12610,0.12814910417577058,0.9998683372407601,0.999700599285166,85805,0.04424300176620483,True,0.7055511498810468,1.0,0.0,0.9819662570953369,0.0,0.997001998667555,1.0,0.541033434650456,0.47714604236343366,0.9642857142857143,1.0,0.9285714285714286,1.0,1.0,True,0.9798572561459159,0.9996763754045307,4.662493734774044e-05,0.1439373642206192,3.7938152419865463,1.0,1.0,0.9547450185748058,0.9732441471571907,1.0,1.0,1.0,1.0,1.0,True,0.9992069785884219,0.9923604000945105,0.0011306547306827056,0.010004725307226181,92.00001961817374,1.0,1.0,0.9989868287740629,0.9984392419175028,1.0,1.0,1.0,1.0,1.0,True,0.9988897700237906,0.9939240905862858,0.0008975300439440035,0.011435937136411667,73.03094340824101,1.0,1.0,0.9983113812901047,0.9979933110367893,1.0,1.0,1.0,1.0,1.0,True,0.9994448850118953,0.9234996702571994,0.012169108647760255,0.0024134882260113955,990.1857781584885,1.0,1.0,0.999662276258021,0.9986622073578595,1.0,1.0,1.0,1.0,1.0,XGBoost,fleet,40000,20000,5.33,B_fleet_size,CTT_Impala,FS-B,0,3,CIDv2_OpelAstra|CIDv2_Prototype|CTT_Traverse
98401,12610,0.12814910417577058,0.9998465014441205,0.9990710527162483,85805,0.04424300176620483,True,0.45662172878667723,0.9996527777777777,2.331246867387022e-05,78125.0,1.8969076209932731,0.9996668887408394,0.0,0.7413036136440392,0.1253065774804905,0.75,1.0,0.9285714285714286,0.5,0.0,True,0.6801744647105472,0.9996503496503496,3.4968703010805326e-05,31250.0,2.845361431489909,0.9996668887408394,0.9708603145235892,0.9824383654170888,0.126644370122631,0.8214285714285714,1.0,1.0,0.5,0.5,True,0.999603489294211,0.9690935650034597,0.004685806203447914,7.887638392800397,381.27843181964784,1.0,1.0,0.9989868287740629,0.9995540691192865,1.0,1.0,1.0,1.0,1.0,True,0.999603489294211,0.9711842206641498,0.004359431642013731,8.42120018812523,354.721725125742,1.0,1.0,0.9989868287740629,0.9995540691192865,1.0,1.0,1.0,1.0,1.0,True,0.999603489294211,0.908533948392677,0.014791761373570654,4.424855622086984,1203.5878855202318,1.0,1.0,0.9989868287740629,0.9995540691192865,1.0,1.0,1.0,1.0,1.0,Rule:Combined,fleet,40000,20000,0.27,B_fleet_size,CTT_Impala,FS-B,0,3,CIDv2_OpelAstra|CIDv2_Prototype|CTT_Traverse
98401,12610,0.12814910417577058,0.9996277358330511,0.9982696691770835,85805,0.04424300176620483,True,0.4955590800951626,1.0,0.0,0.9939948696560547,0.0,0.43137908061292474,0.9967622571692877,0.2944951030057413,0.42965440356744705,0.8928571428571429,0.5,0.9285714285714286,1.0,1.0,True,0.8973830293417923,0.9994700582935877,6.993740602161065e-05,0.585866666176296,5.690722862979818,0.9990006662225184,1.0,0.8578183046268153,0.8060200668896321,1.0,1.0,1.0,1.0,1.0,True,0.9658207771609834,0.9867930643331713,0.0018999661969204228,0.18387252353200925,154.59797111095176,1.0,1.0,0.9952718676122931,0.9070234113712374,1.0,1.0,1.0,1.0,1.0,True,0.96304520222046,0.9882008300105786,0.001690153978855591,0.20526730637460683,137.52580252201233,1.0,1.0,0.9918946301925026,0.9014492753623189,1.0,1.0,1.0,1.0,1.0,True,0.9980967486122125,0.9298167848699763,0.011073422620088355,0.02706429281614294,901.0311199718049,1.0,1.0,0.9993245525160419,0.9950947603121516,1.0,1.0,1.0,1.0,1.0,HistGB,fleet,40000,20000,10.06,B_fleet_size,CTT_Impala,FS-B,1,3,CIDv2_OpelAstra|CIDv2_Prototype|CTT_Traverse
98401,12610,0.12814910417577058,0.9997655063296726,0.9990487674241554,85805,0.04424300176620483,True,0.7306106264869151,1.0,0.0,0.9712346196174622,0.0,0.997001998667555,1.0,0.6393110435663627,0.48272017837235226,1.0,1.0,1.0,1.0,1.0,True,0.9254559873116575,0.9995717344753747,5.828117168467555e-05,0.4017694294452667,4.7422690524831825,0.9990006662225184,1.0,0.9044241810199257,0.854180602006689,1.0,1.0,1.0,1.0,1.0,True,0.9839809674861221,0.9918465227817745,0.0011889359023673812,0.07095956802368164,96.74228867065693,1.0,1.0,0.9881796690307328,0.9627647714604236,1.0,1.0,1.0,1.0,1.0,True,0.9807295796986518,0.993094033566209,0.0010024361529764195,0.0839584693312645,81.56702770271076,1.0,1.0,0.9821006416751098,0.9576365663322185,1.0,1.0,1.0,1.0,1.0,True,0.998731165741475,0.9183316319089981,0.013054982457367323,0.012127936817705631,1062.268267756233,1.0,1.0,0.9993245525160419,0.9968784838350055,1.0,1.0,1.0,1.0,1.0,XGBoost,fleet,40000,20000,7.16,B_fleet_size,CTT_Impala,FS-B,1,3,CIDv2_OpelAstra|CIDv2_Prototype|CTT_Traverse
98401,12610,0.12814910417577058,0.9998453404425085,0.999071810637628,85805,0.04424300176620483,True,0.45662172878667723,0.9996527777777777,2.331246867387022e-05,78125.0,1.8969076209932731,0.9996668887408394,0.0,0.7413036136440392,0.1253065774804905,0.75,1.0,0.9285714285714286,0.5,0.0,True,0.6801744647105472,0.9996503496503496,3.4968703010805326e-05,31250.0,2.845361431489909,0.9996668887408394,0.9708603145235892,0.9824383654170888,0.126644370122631,0.8214285714285714,1.0,1.0,0.5,0.5,True,0.999603489294211,0.9690935650034597,0.004685806203447914,7.74522179767067,381.27843181964784,1.0,1.0,0.9989868287740629,0.9995540691192865,1.0,1.0,1.0,1.0,1.0,True,0.999603489294211,0.9711842206641498,0.004359431642013731,8.269229155972429,354.721725125742,1.0,1.0,0.9989868287740629,0.9995540691192865,1.0,1.0,1.0,1.0,1.0,True,0.999603489294211,0.9089925722939353,0.014710167733212109,4.365332254419046,1196.9487088467554,1.0,1.0,0.9989868287740629,0.9995540691192865,1.0,1.0,1.0,1.0,1.0,Rule:Combined,fleet,40000,20000,0.22,B_fleet_size,CTT_Impala,FS-B,1,3,CIDv2_OpelAstra|CIDv2_Prototype|CTT_Traverse
98401,12610,0.12814910417577058,0.9997300994779643,0.9991508249573047,85805,0.04424300176620483,True,0.8241871530531324,1.0,0.0,0.9990592321721932,0.0,0.9986675549633578,0.9888991674375578,0.8074974670719351,0.6390189520624303,1.0,1.0,1.0,1.0,1.0,True,0.9811260904044409,0.9996767937944409,4.662493734774044e-05,0.96212213431974,3.7938152419865463,1.0,1.0,0.9959473150962512,0.9496098104793756,1.0,1.0,1.0,1.0,1.0,True,0.9933386201427439,0.9927088286574735,0.00107237355899803,0.7699629501919375,87.25775056569057,1.0,1.0,0.999662276258021,0.9814938684503902,1.0,1.0,1.0,1.0,1.0,True,0.9931007137192704,0.9935734687400826,0.0009441549812917439,0.7863767954130023,76.82475865022757,1.0,1.0,0.999662276258021,0.98082497212932,1.0,1.0,1.0,1.0,1.0,True,0.9978588421887391,0.9419823326845336,0.00903358161112471,0.5275894958732407,735.0517031348934,1.0,1.0,0.999662276258021,0.9942028985507246,1.0,1.0,1.0,1.0,1.0,HistGB,fleet,40000,20000,12.52,B_fleet_size,CTT_Impala,FS-B,0,3,CIDv2_OpelAstra|CTT_Forester|CTT_Traverse
98401,12610,0.12814910417577058,0.9998566541998574,0.9996786776010329,85805,0.04424300176620483,True,0.8795400475812847,1.0,0.0,0.9982056617736816,0.0,0.9990006662225184,0.969472710453284,0.8476865923674435,0.777257525083612,1.0,1.0,1.0,1.0,1.0,True,0.995796986518636,0.9996019742079286,5.828117168467555e-05,0.8403152823448181,4.7422690524831825,1.0,1.0,0.9989868287740629,0.9888517279821628,1.0,1.0,1.0,1.0,1.0,True,0.9988897700237906,0.9915767928835708,0.0012472170740520567,0.40841400623321533,101.48455772314011,1.0,1.0,0.9993245525160419,0.9973244147157191,1.0,1.0,1.0,1.0,1.0,True,0.9988104678826328,0.9932182004573772,0.0010024361529764195,0.4369918704032898,81.56702770271076,1.0,1.0,0.9993245525160419,0.9971014492753624,1.0,1.0,1.0,1.0,1.0,True,0.9994448850118953,0.9327264653641207,0.010595517012274016,0.1744757443666458,862.1445137414427,1.0,1.0,0.999662276258021,0.9986622073578595,1.0,1.0,1.0,1.0,1.0,XGBoost,fleet,40000,20000,14.63,B_fleet_size,CTT_Impala,FS-B,0,3,CIDv2_OpelAstra|CTT_Forester|CTT_Traverse
98401,12610,0.12814910417577058,0.8267495945345148,0.7000615196949111,85805,0.04424300176620483,True,0.45662172878667723,0.9996527777777777,2.331246867387022e-05,78125.0,1.8969076209932731,0.9996668887408394,0.0,0.7413036136440392,0.1253065774804905,0.75,1.0,0.9285714285714286,0.5,0.0,True,0.635289452815226,0.9997504055909148,2.331246867387022e-05,46875.0,1.8969076209932731,0.9996668887408394,0.7146160962072156,0.978047956771361,0.12686733556298774,0.8214285714285714,1.0,0.9285714285714286,0.625,0.5,True,0.635289452815226,0.9997504055909148,2.331246867387022e-05,46875.0,1.8969076209932731,0.9996668887408394,0.7146160962072156,0.978047956771361,0.12686733556298774,0.8214285714285714,1.0,0.9285714285714286,0.625,0.5,True,0.635289452815226,0.9997504055909148,2.331246867387022e-05,46875.0,1.8969076209932731,0.9996668887408394,0.7146160962072156,0.978047956771361,0.12686733556298774,0.8214285714285714,1.0,0.9285714285714286,0.625,0.5,True,0.635289452815226,0.9997504055909148,2.331246867387022e-05,46875.0,1.8969076209932731,0.9996668887408394,0.7146160962072156,0.978047956771361,0.12686733556298774,0.8214285714285714,1.0,0.9285714285714286,0.625,0.5,Rule:Combined,fleet,40000,20000,0.24,B_fleet_size,CTT_Impala,FS-B,0,3,CIDv2_OpelAstra|CTT_Forester|CTT_Traverse
98401,12610,0.12814910417577058,0.999780847542454,0.9995835156807225,85805,0.04424300176620483,True,0.6753370340999207,1.0,0.0,0.9986760381335735,0.0,0.8057961359093937,0.9583718778908418,0.7494089834515366,0.40267558528428093,1.0,1.0,1.0,1.0,1.0,True,0.9880253766851705,0.9999197431781701,1.165623433693511e-05,0.9431288103712039,0.9484538104966366,0.9996668887408394,1.0,0.9979736575481256,0.9678929765886287,1.0,1.0,1.0,1.0,1.0,True,0.9982553528945282,0.9925879198864532,0.0010956860276719004,0.6066652700116206,89.15465818668385,1.0,1.0,0.9993245525160419,0.9955406911928651,1.0,1.0,1.0,1.0,1.0,True,0.9979381443298969,0.9938398357289527,0.0009091862782809385,0.6641009444962457,73.97939721873765,1.0,1.0,0.9993245525160419,0.9946488294314382,1.0,1.0,1.0,1.0,1.0,True,0.9990483743061063,0.9430346582828056,0.008870394330407618,0.2810366748318581,721.7733497879404,1.0,1.0,0.9993245525160419,0.9977703455964325,1.0,1.0,1.0,1.0,1.0,HistGB,fleet,40000,20000,11.83,B_fleet_size,CTT_Impala,FS-B,1,3,CIDv2_OpelAstra|CTT_Forester|CTT_Traverse
98401,12610,0.12814910417577058,0.9998545826993697,0.9996566839482361,85805,0.04424300176620483,True,0.7551149881046788,1.0,0.0,0.9993501305580139,0.0,0.9990006662225184,0.876040703052729,0.8301249577845322,0.48405797101449277,1.0,1.0,1.0,1.0,1.0,True,0.9927042030134814,0.9992017879948915,0.0001165623433693511,0.9636105895042419,9.484538104966365,1.0,1.0,0.9983113812901047,0.9806020066889632,1.0,1.0,1.0,1.0,1.0,True,0.9988897700237906,0.9888522531009578,0.0016551852758447856,0.7678677439689636,134.68044109052238,1.0,1.0,0.9989868287740629,0.9975473801560758,1.0,1.0,1.0,1.0,1.0,True,0.998731165741475,0.9911852668030852,0.0013054982457367324,0.801194965839386,106.22682677562331,1.0,1.0,0.9989868287740629,0.9971014492753624,1.0,1.0,1.0,1.0,1.0,True,0.9994448850118953,0.9244480305141936,0.012005921367043162,0.3242063820362091,976.9074248115356,1.0,1.0,0.999662276258021,0.9986622073578595,1.0,1.0,1.0,1.0,1.0,XGBoost,fleet,40000,20000,7.75,B_fleet_size,CTT_Impala,FS-B,1,3,CIDv2_OpelAstra|CTT_Forester|CTT_Traverse
98401,12610,0.12814910417577058,0.8267495945345148,0.7000615196949109,85805,0.04424300176620483,True,0.45662172878667723,0.9996527777777777,2.331246867387022e-05,78125.0,1.8969076209932731,0.9996668887408394,0.0,0.7413036136440392,0.1253065774804905,0.75,1.0,0.9285714285714286,0.5,0.0,True,0.635289452815226,0.9997504055909148,2.331246867387022e-05,46875.0,1.8969076209932731,0.9996668887408394,0.7146160962072156,0.978047956771361,0.12686733556298774,0.8214285714285714,1.0,0.9285714285714286,0.625,0.5,True,0.635289452815226,0.9997504055909148,2.331246867387022e-05,46875.0,1.8969076209932731,0.9996668887408394,0.7146160962072156,0.978047956771361,0.12686733556298774,0.8214285714285714,1.0,0.9285714285714286,0.625,0.5,True,0.635289452815226,0.9997504055909148,2.331246867387022e-05,46875.0,1.8969076209932731,0.9996668887408394,0.7146160962072156,0.978047956771361,0.12686733556298774,0.8214285714285714,1.0,0.9285714285714286,0.625,0.5,True,0.635289452815226,0.9997504055909148,2.331246867387022e-05,46875.0,1.8969076209932731,0.9996668887408394,0.7146160962072156,0.978047956771361,0.12686733556298774,0.8214285714285714,1.0,0.9285714285714286,0.625,0.5,Rule:Combined,fleet,40000,20000,0.2,B_fleet_size,CTT_Impala,FS-B,1,3,CIDv2_OpelAstra|CTT_Forester|CTT_Traverse
98401,12610,0.12814910417577058,0.9964562117380757,0.9850798808294182,85805,0.04424300176620483,True,0.6177636796193497,1.0,0.0,0.9970981730056045,0.0,0.49033977348434377,0.9870490286771508,0.6744343127321851,0.48762541806020065,1.0,1.0,1.0,1.0,1.0,True,0.6901665344964314,0.9998851102941176,1.165623433693511e-05,0.9867592400223568,0.9484538104966366,0.5419720186542305,0.9986123959296948,0.8000675447483958,0.5681159420289855,1.0,1.0,1.0,1.0,1.0,True,0.9001586042823156,0.9910940364969877,0.0011889359023673812,0.698090477940827,96.74228867065693,1.0,1.0,0.9078014184397163,0.7801560758082497,1.0,1.0,1.0,1.0,1.0,True,0.8905630452022204,0.993717370144235,0.0008275926379223928,0.7441825806753901,67.34022054526119,1.0,1.0,0.8939547450185749,0.7623188405797101,1.0,1.0,1.0,1.0,1.0,True,0.947026169706582,0.9276060276526332,0.010863610402023523,0.3541072619687669,883.9589513828654,1.0,1.0,0.9750084430935495,0.8675585284280937,1.0,1.0,1.0,1.0,1.0,HistGB,fleet,40000,20000,23.84,B_fleet_size,CTT_Impala,FS-B,0,3,CIDv2_OpelAstra|CTT_Traverse|ROAD_ORNL
98401,12610,0.12814910417577058,0.9987476138805544,0.9946755336430751,85805,0.04424300176620483,True,0.7305313243457573,1.0,0.0,0.984623372554779,0.0,0.655896069287142,0.9953746530989824,0.8004052684903749,0.6066889632107023,1.0,1.0,1.0,1.0,1.0,True,0.8769230769230769,0.9996384017356716,4.662493734774044e-05,0.9054804444313049,3.7938152419865463,1.0,1.0,0.8578183046268153,0.7478260869565218,1.0,1.0,1.0,1.0,1.0,True,0.947026169706582,0.9900514010943459,0.0013987481204322133,0.5304866433143616,113.81445725959641,1.0,1.0,0.9381965552178319,0.8918617614269788,1.0,1.0,1.0,1.0,1.0,True,0.9418715305313243,0.9925622597359184,0.0010374048559872247,0.5753989815711975,84.41238913420065,1.0,1.0,0.9321175278622087,0.8813823857302118,1.0,1.0,1.0,1.0,1.0,True,0.983584456780333,0.9211288525807649,0.012378920865825087,0.22557030618190765,1007.257946747428,1.0,1.0,0.983451536643026,0.9647714604236344,1.0,1.0,1.0,1.0,1.0,XGBoost,fleet,40000,20000,10.07,B_fleet_size,CTT_Impala,FS-B,0,3,CIDv2_OpelAstra|CTT_Traverse|ROAD_ORNL
98401,12610,0.12814910417577058,0.8577243896054824,0.7785770425703911,85805,0.04424300176620483,True,0.30951625693893736,0.9237869822485207,0.0037533074564931055,119.11642765525043,305.402126979917,0.1022651565622918,1.0,0.1337386018237082,0.231438127090301,0.25,0.25,0.14285714285714285,0.25,1.0,True,0.30951625693893736,0.922695035460993,0.003811588628177781,81.47682347695415,310.14439603240015,0.1022651565622918,1.0,0.1337386018237082,0.231438127090301,0.25,0.25,0.14285714285714285,0.25,1.0,True,0.6828707375099128,0.954868041694389,0.00474408737513259,8.223488187360802,386.02070087213116,0.9986675549633578,1.0,0.7254305977710233,0.2905239687848383,0.7142857142857143,1.0,0.7142857142857143,0.5,1.0,True,0.6828707375099128,0.9564589581250694,0.004569243860078563,8.630164841651832,371.79389371468153,0.9986675549633578,1.0,0.7254305977710233,0.2905239687848383,0.7142857142857143,1.0,0.7142857142857143,0.5,1.0,True,0.7180015860428232,0.8759674922600619,0.01494329241995081,4.821645252879084,1215.917785056688,0.9996668887408394,1.0,0.7730496453900709,0.35719063545150503,0.9642857142857143,1.0,0.9285714285714286,1.0,1.0,Rule:Combined,fleet,40000,20000,0.22,B_fleet_size,CTT_Impala,FS-B,0,3,CIDv2_OpelAstra|CTT_Traverse|ROAD_ORNL
98401,12610,0.12814910417577058,0.9993289336733553,0.9966923235865324,85805,0.04424300176620483,True,0.6540047581284695,1.0,0.0,0.9900091403403511,0.0,0.6375749500333111,0.9953746530989824,0.7058426207362377,0.4662207357859532,0.9642857142857143,1.0,0.9285714285714286,1.0,1.0,True,0.8478191911181602,0.9995325355272999,5.828117168467555e-05,0.745089520665476,4.7422690524831825,1.0,1.0,0.8682877406281662,0.6590858416945373,1.0,1.0,1.0,1.0,1.0,True,0.9582870737509913,0.9870936121548767,0.0018416850252357473,0.16557922000961145,149.85570205846858,1.0,1.0,0.9716312056737588,0.9014492753623189,1.0,1.0,1.0,1.0,1.0,True,0.9536875495638383,0.990691160721641,0.0013171544800736673,0.18658355882361208,107.17528058611992,1.0,1.0,0.9655521783181358,0.8925306577480491,1.0,1.0,1.0,1.0,1.0,True,0.988659793814433,0.9211615191369883,0.012437202037509762,0.04585231650097065,1012.0002157999113,1.0,1.0,0.9952718676122931,0.9712374581939799,1.0,1.0,1.0,1.0,1.0,HistGB,fleet,40000,20000,23.49,B_fleet_size,CTT_Impala,FS-B,1,3,CIDv2_OpelAstra|CTT_Traverse|ROAD_ORNL
98401,12610,0.12814910417577058,0.9995499995650867,0.9980927748112476,85805,0.04424300176620483,True,0.6180015860428232,1.0,0.0,0.9949830770492554,0.0,0.5846102598267822,0.8649398704902868,0.6842283012495779,0.47759197324414715,0.9642857142857143,1.0,0.9285714285714286,1.0,1.0,True,0.8635210150674069,0.999816362133872,2.331246867387022e-05,0.8522384762763977,1.8969076209932731,1.0,1.0,0.8608578183046268,0.7081382385730212,1.0,1.0,1.0,1.0,1.0,True,0.9766058683584457,0.9884420900553816,0.0016784977445186559,0.3557397723197937,136.57734871151567,1.0,1.0,0.9652144545761567,0.9571906354515051,1.0,1.0,1.0,1.0,1.0,True,0.9713719270420301,0.9914204775394577,0.0012355608397151216,0.40026095509529114,100.53610391264347,1.0,1.0,0.9591354272205336,0.9464882943143813,1.0,1.0,1.0,1.0,1.0,True,0.9950832672482157,0.9257100700848395,0.011737827977293655,0.12276700884103775,955.0929871701129,1.0,1.0,0.9935832489023978,0.9904124860646599,1.0,1.0,1.0,1.0,1.0,XGBoost,fleet,40000,20000,17.5,B_fleet_size,CTT_Impala,FS-B,1,3,CIDv2_OpelAstra|CTT_Traverse|ROAD_ORNL
98401,12610,0.12814910417577058,0.8577103050660222,0.7785466586377328,85805,0.04424300176620483,True,0.30951625693893736,0.9237869822485207,0.0037533074564931055,120.12257186370243,305.402126979917,0.1022651565622918,1.0,0.1337386018237082,0.231438127090301,0.25,0.25,0.14285714285714285,0.25,1.0,True,0.30951625693893736,0.922695035460993,0.003811588628177781,82.16446680557281,310.14439603240015,0.1022651565622918,1.0,0.1337386018237082,0.231438127090301,0.25,0.25,0.14285714285714285,0.25,1.0,True,0.6828707375099128,0.954868041694389,0.00474408737513259,8.291249779647842,386.02070087213116,0.9986675549633578,1.0,0.7254305977710233,0.2905239687848383,0.7142857142857143,1.0,0.7142857142857143,0.5,1.0,True,0.6828707375099128,0.9564589581250694,0.004569243860078563,8.701367772810421,371.79389371468153,0.9986675549633578,1.0,0.7254305977710233,0.2905239687848383,0.7142857142857143,1.0,0.7142857142857143,0.5,1.0,True,0.7180015860428232,0.8759674922600619,0.01494329241995081,4.860620107098374,1215.917785056688,0.9996668887408394,1.0,0.7730496453900709,0.35719063545150503,0.9642857142857143,1.0,0.9285714285714286,1.0,1.0,Rule:Combined,fleet,40000,20000,0.24,B_fleet_size,CTT_Impala,FS-B,1,3,CIDv2_OpelAstra|CTT_Traverse|ROAD_ORNL
98401,12610,0.12814910417577058,0.9989113197296668,0.9920975187854212,85805,0.04424300176620483,True,0.7271213322759714,0.9927457773928108,0.0007809677005746524,0.9860376398829626,63.546405303274646,0.9993337774816788,0.9976873265494912,0.8888888888888888,0.3076923076923077,0.9285714285714286,1.0,0.9285714285714286,0.875,1.0,True,0.7647105471847739,0.9754197855553308,0.0028324649438752317,0.9405055267249933,230.47427595068268,0.9996668887408394,0.9995374653098983,0.9642012833502195,0.3625418060200669,0.9285714285714286,1.0,0.9285714285714286,0.875,1.0,True,0.9938937351308486,0.9689964434822947,0.004674149969110979,0.04245296788813808,380.3299780091512,0.9996668887408394,1.0,0.9935832489023978,0.9872909698996656,1.0,1.0,1.0,1.0,1.0,True,0.9900079302141158,0.9693299169190155,0.004604212563089368,0.0511760699387093,374.6392551461714,0.9996668887408394,1.0,0.9929078014184397,0.9768115942028985,1.0,1.0,1.0,1.0,1.0,True,0.9990483743061063,0.9138256201944002,0.013847606392278911,0.013356817169502561,1126.7631268700043,1.0,1.0,0.9972982100641675,0.999108138238573,1.0,1.0,1.0,1.0,1.0,HistGB,fleet,40000,20000,25.73,B_fleet_size,CTT_Impala,FS-B,0,3,CIDv2_Prototype|CIDv2_RenaultClio|CTT_Silverado
98401,12610,0.12814910417577058,0.9989709061038006,0.9922273074497727,85805,0.04424300176620483,True,0.6879460745440127,0.9926765076095663,0.0007459989975638471,0.9806413650512695,60.70104387178474,0.9990006662225184,1.0,0.7551502870651807,0.28494983277591973,0.9642857142857143,1.0,0.9285714285714286,1.0,1.0,True,0.829024583663759,0.972646073688128,0.003426932895058922,0.7772893905639648,278.8454202860111,0.9996668887408394,1.0,0.9547450185748058,0.5493868450390189,1.0,1.0,1.0,1.0,1.0,True,0.9984139571768438,0.9693563289190021,0.004639181266100174,0.03501511737704277,377.48461657766137,1.0,1.0,0.9972982100641675,0.9973244147157191,1.0,1.0,1.0,1.0,1.0,True,0.9981760507533703,0.9710692794321863,0.004371087876350667,0.0435747355222702,355.67017893623876,1.0,1.0,0.9972982100641675,0.9966555183946488,1.0,1.0,1.0,1.0,1.0,True,0.9997620935765266,0.9224409160752177,0.012355608397151217,0.009738177992403507,1005.3610391264348,1.0,1.0,0.9993245525160419,0.9997770345596433,1.0,1.0,1.0,1.0,1.0,XGBoost,fleet,40000,20000,14.9,B_fleet_size,CTT_Impala,FS-B,0,3,CIDv2_Prototype|CIDv2_RenaultClio|CTT_Silverado
98401,12610,0.12814910417577058,0.779864369129518,0.5927543202817689,85805,0.04424300176620483,True,0.4660586835844568,0.999659806089471,2.331246867387022e-05,78125.0,1.8969076209932731,0.9996668887408394,0.0,0.7814927389395474,0.1253065774804905,0.75,1.0,0.9285714285714286,0.5,0.0,True,0.4660586835844568,0.999659806089471,2.331246867387022e-05,78125.0,1.8969076209932731,0.9996668887408394,0.0,0.7814927389395474,0.1253065774804905,0.75,1.0,0.9285714285714286,0.5,0.0,True,0.4660586835844568,0.999659806089471,2.331246867387022e-05,78125.0,1.8969076209932731,0.9996668887408394,0.0,0.7814927389395474,0.1253065774804905,0.75,1.0,0.9285714285714286,0.5,0.0,True,0.4660586835844568,0.999659806089471,2.331246867387022e-05,78125.0,1.8969076209932731,0.9996668887408394,0.0,0.7814927389395474,0.1253065774804905,0.75,1.0,0.9285714285714286,0.5,0.0,True,0.4660586835844568,0.999659806089471,2.331246867387022e-05,78125.0,1.8969076209932731,0.9996668887408394,0.0,0.7814927389395474,0.1253065774804905,0.75,1.0,0.9285714285714286,0.5,0.0,Rule:Combined,fleet,40000,20000,0.19,B_fleet_size,CTT_Impala,FS-B,0,3,CIDv2_Prototype|CIDv2_RenaultClio|CTT_Silverado
98401,12610,0.12814910417577058,0.9990385011705826,0.9930270671454116,85805,0.04424300176620483,True,0.7280729579698652,0.9984774333877107,0.00016318728071709155,0.9821672911691112,13.278353346952914,0.9990006662225184,1.0,0.83451536643026,0.34537346711259753,0.9642857142857143,1.0,0.9285714285714286,1.0,1.0,True,0.7626486915146709,0.9852474131748796,0.0016784977445186559,0.9612018712668193,136.57734871151567,0.9996668887408394,1.0,0.9331306990881459,0.3770345596432553,0.9642857142857143,1.0,0.9285714285714286,1.0,1.0,True,0.9992862807295797,0.9700538876058507,0.004534275157067758,0.09087493220672942,368.9485322831917,1.0,1.0,0.9979736575481256,0.9993311036789297,1.0,1.0,1.0,1.0,1.0,True,0.9991276764472641,0.9707219354341629,0.004429369048035342,0.10713805775429415,360.4124479887219,1.0,1.0,0.9972982100641675,0.9993311036789297,1.0,1.0,1.0,1.0,1.0,True,0.9997620935765266,0.917206256820662,0.013264794675432155,0.018815455699292258,1079.3404363451723,1.0,1.0,0.9993245525160419,0.9997770345596433,1.0,1.0,1.0,1.0,1.0,HistGB,fleet,40000,20000,14.71,B_fleet_size,CTT_Impala,FS-B,1,3,CIDv2_Prototype|CIDv2_RenaultClio|CTT_Silverado
98401,12610,0.12814910417577058,0.9992259470068763,0.9945184198496227,85805,0.04424300176620483,True,0.8196669310071372,0.981576448243115,0.002261309461365411,0.9233540892601013,184.00003923634748,0.9996668887408394,1.0,0.9790611279972982,0.5070234113712374,1.0,1.0,1.0,1.0,1.0,True,0.9156225218080888,0.9757457956562157,0.0033453392547003764,0.7933253049850464,272.2062436125347,0.9996668887408394,1.0,0.983789260385005,0.7736900780379041,1.0,1.0,1.0,1.0,1.0,True,0.998731165741475,0.9692165614899184,0.004662493734774044,0.029055962339043617,379.38152419865463,1.0,1.0,0.9956095913542722,0.9993311036789297,1.0,1.0,1.0,1.0,1.0,True,0.998731165741475,0.9710100231303007,0.0043827441106876015,0.03870511054992676,356.6186327467354,1.0,1.0,0.9956095913542722,0.9993311036789297,1.0,1.0,1.0,1.0,1.0,True,0.9995241871530531,0.9214123839461948,0.012530451912205243,0.006934463512152433,1019.5878462838842,1.0,1.0,0.9983113812901047,0.9997770345596433,1.0,1.0,1.0,1.0,1.0,XGBoost,fleet,40000,20000,7.38,B_fleet_size,CTT_Impala,FS-B,1,3,CIDv2_Prototype|CIDv2_RenaultClio|CTT_Silverado
98401,12610,0.12814910417577058,0.779864369129518,0.5927543202817689,85805,0.04424300176620483,True,0.4660586835844568,0.999659806089471,2.331246867387022e-05,78125.0,1.8969076209932731,0.9996668887408394,0.0,0.7814927389395474,0.1253065774804905,0.75,1.0,0.9285714285714286,0.5,0.0,True,0.4660586835844568,0.999659806089471,2.331246867387022e-05,78125.0,1.8969076209932731,0.9996668887408394,0.0,0.7814927389395474,0.1253065774804905,0.75,1.0,0.9285714285714286,0.5,0.0,True,0.4660586835844568,0.999659806089471,2.331246867387022e-05,78125.0,1.8969076209932731,0.9996668887408394,0.0,0.7814927389395474,0.1253065774804905,0.75,1.0,0.9285714285714286,0.5,0.0,True,0.4660586835844568,0.999659806089471,2.331246867387022e-05,78125.0,1.8969076209932731,0.9996668887408394,0.0,0.7814927389395474,0.1253065774804905,0.75,1.0,0.9285714285714286,0.5,0.0,True,0.4660586835844568,0.999659806089471,2.331246867387022e-05,78125.0,1.8969076209932731,0.9996668887408394,0.0,0.7814927389395474,0.1253065774804905,0.75,1.0,0.9285714285714286,0.5,0.0,Rule:Combined,fleet,40000,20000,0.2,B_fleet_size,CTT_Impala,FS-B,1,3,CIDv2_Prototype|CIDv2_RenaultClio|CTT_Silverado
98401,12610,0.12814910417577058,0.9987426971866259,0.9921646344414656,85805,0.04424300176620483,True,0.7330689928628072,0.9996755704552828,3.4968703010805326e-05,0.9338621907718682,2.845361431489909,0.9996668887408394,1.0,0.8125633232016211,0.3734671125975474,1.0,1.0,1.0,1.0,1.0,True,0.7754956383822363,0.9887765419615774,0.0012938420113997972,0.7967120619212845,105.27837296512666,0.9996668887408394,1.0,0.8990206011482608,0.43567447045707913,1.0,1.0,1.0,1.0,1.0,True,0.9756542426645519,0.9680541348650562,0.004732431140795654,0.029901933898430863,385.0722470616344,1.0,1.0,0.9983113812901047,0.9326644370122631,1.0,1.0,1.0,1.0,1.0,True,0.9680412371134021,0.9695020252561354,0.004475993985383082,0.03790421105798883,364.2062632307084,1.0,1.0,0.9976359338061466,0.9117056856187291,1.0,1.0,1.0,1.0,1.0,True,0.992862807295797,0.9092889824969134,0.014558636686831952,0.011360567451736104,1184.618809310299,1.0,1.0,0.9989868287740629,0.9806020066889632,1.0,1.0,1.0,1.0,1.0,HistGB,fleet,40000,20000,24.76,B_fleet_size,CTT_Impala,FS-B,0,4,CIDv2_OpelAstra|CIDv2_Prototype|CTT_Silverado|ROAD_ORNL
98401,12610,0.12814910417577058,0.9990008850880999,0.9931043064571845,85805,0.04424300176620483,True,0.6964314036478985,1.0,0.0,0.9597523808479309,0.0,0.9986675549633578,0.9856614246068455,0.7159743329956096,0.34180602006688965,0.8214285714285714,1.0,0.7857142857142857,0.75,1.0,True,0.8219666931007137,0.9766324319231131,0.002890746115559907,0.3010391592979431,235.21654500316586,0.9996668887408394,1.0,0.9527186761229315,0.5308807134894091,1.0,1.0,1.0,1.0,1.0,True,0.9786677240285487,0.9674662903731577,0.00483733724982807,0.023436907678842545,393.60833135610415,1.0,1.0,0.9962850388382303,0.9424749163879599,1.0,1.0,1.0,1.0,1.0,True,0.97644726407613,0.9691460055096419,0.004569243860078563,0.025417543947696686,371.79389371468153,1.0,1.0,0.9962850388382303,0.936231884057971,1.0,1.0,1.0,1.0,1.0,True,0.9960348929421095,0.9077112090771121,0.014885011248266135,0.008425413630902767,1211.1755160042048,1.0,1.0,0.9986491050320837,0.9897435897435898,1.0,1.0,1.0,1.0,1.0,XGBoost,fleet,40000,20000,9.63,B_fleet_size,CTT_Impala,FS-B,0,4,CIDv2_OpelAstra|CIDv2_Prototype|CTT_Silverado|ROAD_ORNL
98401,12610,0.12814910417577058,0.8548459347625614,0.7722009985213177,85805,0.04424300176620483,True,0.30951625693893736,0.9237869822485207,0.0037533074564931055,119.11404073411512,305.402126979917,0.1022651565622918,1.0,0.1337386018237082,0.231438127090301,0.25,0.25,0.14285714285714285,0.25,1.0,True,0.30951625693893736,0.922695035460993,0.003811588628177781,81.47022952131425,310.14439603240015,0.1022651565622918,1.0,0.1337386018237082,0.231438127090301,0.25,0.25,0.14285714285714285,0.25,1.0,True,0.6828707375099128,0.954868041694389,0.00474408737513259,8.208706597555587,386.02070087213116,0.9986675549633578,1.0,0.7254305977710233,0.2905239687848383,0.7142857142857143,1.0,0.7142857142857143,0.5,1.0,True,0.6828707375099128,0.9564589581250694,0.004569243860078563,8.61542870670073,371.79389371468153,0.9986675549633578,1.0,0.7254305977710233,0.2905239687848383,0.7142857142857143,1.0,0.7142857142857143,0.5,1.0,True,0.7180015860428232,0.8759674922600619,0.01494329241995081,4.806483434032756,1215.917785056688,0.9996668887408394,1.0,0.7730496453900709,0.35719063545150503,0.9642857142857143,1.0,0.9285714285714286,1.0,1.0,Rule:Combined,fleet,40000,20000,0.22,B_fleet_size,CTT_Impala,FS-B,0,4,CIDv2_OpelAstra|CIDv2_Prototype|CTT_Silverado|ROAD_ORNL
98401,12610,0.12814910417577058,0.9986170659047094,0.9911927004355437,85805,0.04424300176620483,True,0.7164948453608248,0.9998893315626384,1.165623433693511e-05,0.9570546493532173,0.9484538104966366,0.9983344437041972,1.0,0.7757514353259034,0.35206243032329987,0.9285714285714286,1.0,0.9285714285714286,0.875,1.0,True,0.7611419508326724,0.984208367514356,0.001795060087888007,0.7653946563383704,146.06188681648203,0.9996668887408394,1.0,0.8716649780479567,0.4133779264214047,1.0,1.0,1.0,1.0,1.0,True,0.9690721649484536,0.9649399873657613,0.005175368045599189,0.029132475453916014,421.11349186050666,1.0,1.0,0.9979736575481256,0.91438127090301,1.0,1.0,1.0,1.0,1.0,True,0.9610626486915147,0.967430350443043,0.004755743609469525,0.03714231323898369,386.96915468262773,1.0,1.0,0.9972982100641675,0.8923076923076924,1.0,1.0,1.0,1.0,1.0,True,0.9925455987311658,0.9139769242003797,0.01373104404890956,0.010343559525486892,1117.278588765038,1.0,1.0,0.9989868287740629,0.9797101449275363,1.0,1.0,1.0,1.0,1.0,HistGB,fleet,40000,20000,22.45,B_fleet_size,CTT_Impala,FS-B,1,4,CIDv2_OpelAstra|CIDv2_Prototype|CTT_Silverado|ROAD_ORNL
98401,12610,0.12814910417577058,0.9987331438811642,0.9936926858943284,85805,0.04424300176620483,True,0.7062648691514671,1.0,0.0,0.9569714665412903,0.0,0.9983344437041972,0.971322849213691,0.7639311043566362,0.34492753623188405,0.9285714285714286,1.0,0.8571428571428571,1.0,1.0,True,0.8665344964314037,0.9883321273516642,0.0015036542294646293,0.3498857915401459,122.35054155406613,1.0,1.0,0.9300911854103343,0.6709030100334448,1.0,1.0,1.0,1.0,1.0,True,0.9719270420301348,0.9680884676145339,0.004709118672121784,0.02884105034172535,383.17533944064115,1.0,1.0,0.9959473150962512,0.9237458193979933,1.0,1.0,1.0,1.0,1.0,True,0.9678033306899286,0.9697258641239571,0.004441025282372277,0.03370460122823715,361.36090179921854,1.0,1.0,0.9956095913542722,0.9123745819397994,1.0,1.0,1.0,1.0,1.0,True,0.9909595559080095,0.91492165763655,0.013544544299518598,0.012057289481163025,1102.1033277970917,1.0,1.0,0.9989868287740629,0.9752508361204013,1.0,1.0,1.0,1.0,1.0,XGBoost,fleet,40000,20000,8.54,B_fleet_size,CTT_Impala,FS-B,1,4,CIDv2_OpelAstra|CIDv2_Prototype|CTT_Silverado|ROAD_ORNL
98401,12610,0.12814910417577058,0.853746099725546,0.7728502199132146,85805,0.04424300176620483,True,0.30951625693893736,0.9237869822485207,0.0037533074564931055,122.40871294197272,305.402126979917,0.1022651565622918,1.0,0.1337386018237082,0.231438127090301,0.25,0.25,0.14285714285714285,0.25,1.0,True,0.30951625693893736,0.922695035460993,0.003811588628177781,83.72334483054159,310.14439603240015,0.1022651565622918,1.0,0.1337386018237082,0.231438127090301,0.25,0.25,0.14285714285714285,0.25,1.0,True,0.6828707375099128,0.954868041694389,0.00474408737513259,8.43474467921552,386.02070087213116,0.9986675549633578,1.0,0.7254305977710233,0.2905239687848383,0.7142857142857143,1.0,0.7142857142857143,0.5,1.0,True,0.6828707375099128,0.9564589581250694,0.004569243860078563,8.852720379275338,371.79389371468153,0.9986675549633578,1.0,0.7254305977710233,0.2905239687848383,0.7142857142857143,1.0,0.7142857142857143,0.5,1.0,True,0.7261697065820777,0.8771913018488361,0.01494329241995081,4.938385429107209,1215.917785056688,0.9996668887408394,1.0,0.8078351908139142,0.35719063545150503,0.9642857142857143,1.0,0.9285714285714286,1.0,1.0,Rule:Combined,fleet,40000,20000,0.22,B_fleet_size,CTT_Impala,FS-B,1,4,CIDv2_OpelAstra|CIDv2_Prototype|CTT_Silverado|ROAD_ORNL
98401,12610,0.12814910417577058,0.9999050576141966,0.9997700517027805,85805,0.04424300176620483,True,0.6813639968279144,1.0,0.0,0.9546347020130255,0.0,0.9980013324450366,0.9958371877890841,0.6494427558257345,0.33890746934225197,0.9642857142857143,1.0,0.9285714285714286,1.0,1.0,True,0.9727200634417129,0.9996740016299919,4.662493734774044e-05,0.3968895316289487,3.7938152419865463,0.9996668887408394,1.0,0.9581222559945964,0.9511705685618729,1.0,1.0,1.0,1.0,1.0,True,0.9985725614591594,0.9932949435986432,0.0009907799186394844,0.021878415109124236,80.61857389221412,1.0,1.0,0.9949341438703141,0.9993311036789297,1.0,1.0,1.0,1.0,1.0,True,0.9985725614591594,0.9944716474490601,0.0008159364035854577,0.024331235757650893,66.39176673476456,1.0,1.0,0.9949341438703141,0.9993311036789297,1.0,1.0,1.0,1.0,1.0,True,0.999603489294211,0.9243913171017893,0.012017577601380098,0.007233773983558947,977.8558786220324,1.0,1.0,0.9989868287740629,0.9995540691192865,1.0,1.0,1.0,1.0,1.0,HistGB,fleet,40000,20000,12.41,B_fleet_size,CTT_Impala,FS-B,0,4,CIDv2_OpelAstra|CIDv2_RenaultClio|CTT_Silverado|CTT_Traverse
98401,12610,0.12814910417577058,0.9999251958157243,0.9997721675835918,85805,0.04424300176620483,True,0.6315622521808089,1.0,0.0,0.9981661438941956,0.0,0.9980013324450366,0.8843663274745606,0.5947315096251267,0.2887402452619844,0.9642857142857143,1.0,0.9285714285714286,1.0,1.0,True,0.9475812846946867,0.9994145199063232,8.159364035854577e-05,0.5817046165466309,6.639176673476457,1.0,1.0,0.9452887537993921,0.8887402452619844,1.0,1.0,1.0,1.0,1.0,True,0.9992069785884219,0.9905660377358491,0.0013987481204322133,0.024790683761239052,113.81445725959641,1.0,1.0,0.9976359338061466,0.9993311036789297,1.0,1.0,1.0,1.0,1.0,True,0.9992069785884219,0.9925949267370411,0.0010956860276719004,0.02852901630103588,89.15465818668385,1.0,1.0,0.9976359338061466,0.9993311036789297,1.0,1.0,1.0,1.0,1.0,True,0.9997620935765266,0.9033390656348524,0.01572426012052546,0.005110801663249731,1279.4641903599627,1.0,1.0,0.9993245525160419,0.9997770345596433,1.0,1.0,1.0,1.0,1.0,XGBoost,fleet,40000,20000,6.91,B_fleet_size,CTT_Impala,FS-B,0,4,CIDv2_OpelAstra|CIDv2_RenaultClio|CTT_Silverado|CTT_Traverse
98401,12610,0.12814910417577058,0.9997448990132423,0.9989621378453893,85805,0.04424300176620483,True,0.45662172878667723,0.9996527777777777,2.331246867387022e-05,78125.0,1.8969076209932731,0.9996668887408394,0.0,0.7413036136440392,0.1253065774804905,0.75,1.0,0.9285714285714286,0.5,0.0,True,0.6801744647105472,0.9996503496503496,3.4968703010805326e-05,31250.0,2.845361431489909,0.9996668887408394,0.9708603145235892,0.9824383654170888,0.126644370122631,0.8214285714285714,1.0,1.0,0.5,0.5,True,0.999603489294211,0.9690935650034597,0.004685806203447914,8.206239633871935,381.27843181964784,1.0,1.0,0.9989868287740629,0.9995540691192865,1.0,1.0,1.0,1.0,1.0,True,0.999603489294211,0.9711842206641498,0.004359431642013731,8.762490107619557,354.721725125742,1.0,1.0,0.9989868287740629,0.9995540691192865,1.0,1.0,1.0,1.0,1.0,True,0.999603489294211,0.9112267765488326,0.014313855765756315,4.7440887233134825,1164.7012792898697,1.0,1.0,0.9989868287740629,0.9995540691192865,1.0,1.0,1.0,1.0,1.0,Rule:Combined,fleet,40000,20000,0.23,B_fleet_size,CTT_Impala,FS-B,0,4,CIDv2_OpelAstra|CIDv2_RenaultClio|CTT_Silverado|CTT_Traverse
98401,12610,0.12814910417577058,0.999863795838754,0.9996360127739297,85805,0.04424300176620483,True,0.6635210150674068,1.0,0.0,0.9493576990828606,0.0,0.9980013324450366,0.9708603145235892,0.6014859844647079,0.33244147157190634,1.0,1.0,1.0,1.0,1.0,True,0.9677240285487708,0.9996723191611371,4.662493734774044e-05,0.47598312068469106,3.7938152419865463,0.9996668887408394,1.0,0.9138804457953394,0.9663322185061316,1.0,1.0,1.0,1.0,1.0,True,0.9977795400475813,0.9944672779007272,0.0008159364035854577,0.06963302088954727,66.39176673476456,1.0,1.0,0.9915569064505235,0.9993311036789297,1.0,1.0,1.0,1.0,1.0,True,0.9977002379064235,0.9957261574990107,0.0006294366541944959,0.07767832070794901,51.21650576681837,1.0,1.0,0.9912191827085444,0.9993311036789297,1.0,1.0,1.0,1.0,1.0,True,0.9989690721649485,0.9416909620991254,0.009091862782809386,0.024119296868479797,739.7939721873767,1.0,1.0,0.9962850388382303,0.9995540691192865,1.0,1.0,1.0,1.0,1.0,HistGB,fleet,40000,20000,8.99,B_fleet_size,CTT_Impala,FS-B,1,4,CIDv2_OpelAstra|CIDv2_RenaultClio|CTT_Silverado|CTT_Traverse
98401,12610,0.12814910417577058,0.9999075986917694,0.9997198679822658,85805,0.04424300176620483,True,0.7045995241871531,1.0,0.0,0.9648932218551636,0.0,0.9980013324450366,0.9981498612395929,0.6622762580209389,0.39464882943143814,1.0,1.0,1.0,1.0,1.0,True,0.9055511498810468,0.9993873621564852,8.159364035854577e-05,0.6303994059562683,6.639176673476457,1.0,1.0,0.8780817291455589,0.8149386845039019,1.0,1.0,1.0,1.0,1.0,True,0.9991276764472641,0.9852975678423399,0.0021913720553438007,0.017649000510573387,178.3093163733677,1.0,1.0,0.9972982100641675,0.9993311036789297,1.0,1.0,1.0,1.0,1.0,True,0.9991276764472641,0.9884669700298133,0.001713466447529461,0.020724602043628693,139.42271014300556,1.0,1.0,0.9972982100641675,0.9993311036789297,1.0,1.0,1.0,1.0,1.0,True,0.999603489294211,0.9172609518265172,0.01325313844109522,0.004771260544657707,1078.391982534676,1.0,1.0,0.9989868287740629,0.9995540691192865,1.0,1.0,1.0,1.0,1.0,XGBoost,fleet,40000,20000,5.52,B_fleet_size,CTT_Impala,FS-B,1,4,CIDv2_OpelAstra|CIDv2_RenaultClio|CTT_Silverado|CTT_Traverse
98401,12610,0.12814910417577058,0.9997446706952497,0.9989620283111159,85805,0.04424300176620483,True,0.45662172878667723,0.9996527777777777,2.331246867387022e-05,78125.0,1.8969076209932731,0.9996668887408394,0.0,0.7413036136440392,0.1253065774804905,0.75,1.0,0.9285714285714286,0.5,0.0,True,0.6801744647105472,0.9996503496503496,3.4968703010805326e-05,31250.0,2.845361431489909,0.9996668887408394,0.9708603145235892,0.9824383654170888,0.126644370122631,0.8214285714285714,1.0,1.0,0.5,0.5,True,0.999603489294211,0.9690935650034597,0.004685806203447914,8.189903910445286,381.27843181964784,1.0,1.0,0.9989868287740629,0.9995540691192865,1.0,1.0,1.0,1.0,1.0,True,0.999603489294211,0.9711842206641498,0.004359431642013731,8.745673163111801,354.721725125742,1.0,1.0,0.9989868287740629,0.9995540691192865,1.0,1.0,1.0,1.0,1.0,True,0.999603489294211,0.9115562626554816,0.014255574594071639,4.805167866282007,1159.9590102373866,1.0,1.0,0.9989868287740629,0.9995540691192865,1.0,1.0,1.0,1.0,1.0,Rule:Combined,fleet,40000,20000,0.21,B_fleet_size,CTT_Impala,FS-B,1,4,CIDv2_OpelAstra|CIDv2_RenaultClio|CTT_Silverado|CTT_Traverse
98401,12610,0.12814910417577058,0.9998789628088569,0.9994679016408187,85805,0.04424300176620483,True,0.7567803330689928,1.0,0.0,0.999550947813704,0.0,0.9996668887408394,0.9976873265494912,0.9057750759878419,0.37971014492753624,0.9642857142857143,1.0,0.9285714285714286,1.0,1.0,True,0.9715305313243457,0.9982887874837028,0.0002447809210756373,0.9500769982032307,19.917530020429368,1.0,1.0,0.9979736575481256,0.9212931995540691,1.0,1.0,1.0,1.0,1.0,True,0.9980174464710547,0.9728664192949907,0.004091338252264223,0.6100754547165516,332.90728748431945,1.0,1.0,0.9993245525160419,0.9948717948717949,1.0,1.0,1.0,1.0,1.0,True,0.9969072164948454,0.9756305781916957,0.0036600575817976244,0.6513686671302104,297.8144964959439,1.0,1.0,0.9993245525160419,0.9917502787068004,1.0,1.0,1.0,1.0,1.0,True,0.9998413957176844,0.9160793431664608,0.013462950659160052,0.11618853948762876,1095.4641511236152,1.0,1.0,0.999662276258021,0.9997770345596433,1.0,1.0,1.0,1.0,1.0,HistGB,fleet,40000,20000,13.81,B_fleet_size,CTT_Impala,FS-B,0,4,CIDv2_Prototype|CIDv2_RenaultClio|CTT_Forester|CTT_Silverado
98401,12610,0.12814910417577058,0.9997531069064058,0.9985299996443756,85805,0.04424300176620483,True,0.8317208564631245,1.0,0.0,0.999531626701355,0.0,0.9996668887408394,0.9925994449583718,0.9736575481256332,0.5480490523968785,1.0,1.0,1.0,1.0,1.0,True,0.9434575733544805,0.9989084802686817,0.00015153104638015644,0.9798907041549683,12.329899536456276,1.0,1.0,0.9983113812901047,0.8421404682274247,1.0,1.0,1.0,1.0,1.0,True,0.9796193497224425,0.9773716275021758,0.0033336830203634414,0.8403393626213074,271.2577898020381,1.0,1.0,0.999662276258021,0.9429208472686733,1.0,1.0,1.0,1.0,1.0,True,0.977716098334655,0.9804373757455268,0.002867433646886037,0.8635996580123901,233.31963738217257,1.0,1.0,0.999662276258021,0.9375696767001115,1.0,1.0,1.0,1.0,1.0,True,0.9973830293417922,0.9113768115942029,0.014255574594071639,0.3971235454082489,1159.9590102373866,1.0,1.0,0.999662276258021,0.9928651059085841,1.0,1.0,1.0,1.0,1.0,XGBoost,fleet,40000,20000,6.36,B_fleet_size,CTT_Impala,FS-B,0,4,CIDv2_Prototype|CIDv2_RenaultClio|CTT_Forester|CTT_Silverado
98401,12610,0.12814910417577058,0.9998253117781553,0.9990263908186064,85805,0.04424300176620483,True,0.45662172878667723,0.9996527777777777,2.331246867387022e-05,78125.0,1.8969076209932731,0.9996668887408394,0.0,0.7413036136440392,0.1253065774804905,0.75,1.0,0.9285714285714286,0.5,0.0,True,0.6801744647105472,0.9996503496503496,3.4968703010805326e-05,31250.0,2.845361431489909,0.9996668887408394,0.9708603145235892,0.9824383654170888,0.126644370122631,0.8214285714285714,1.0,1.0,0.5,0.5,True,0.999603489294211,0.9690935650034597,0.004685806203447914,8.655014343265803,381.27843181964784,1.0,1.0,0.9989868287740629,0.9995540691192865,1.0,1.0,1.0,1.0,1.0,True,0.999603489294211,0.9711842206641498,0.004359431642013731,9.240230741433077,354.721725125742,1.0,1.0,0.9989868287740629,0.9995540691192865,1.0,1.0,1.0,1.0,1.0,True,0.999603489294211,0.9189997083697871,0.012950076348334907,6.0269564074798785,1053.7321834617633,1.0,1.0,0.9989868287740629,0.9995540691192865,1.0,1.0,1.0,1.0,1.0,Rule:Combined,fleet,40000,20000,0.24,B_fleet_size,CTT_Impala,FS-B,0,4,CIDv2_Prototype|CIDv2_RenaultClio|CTT_Forester|CTT_Silverado
98401,12610,0.12814910417577058,0.9998426685673816,0.9991997531398567,85805,0.04424300176620483,True,0.6212529738302934,1.0,0.0,0.9998613881782044,0.0,0.9993337774816788,0.6341350601295097,0.8044579533941236,0.24102564102564103,0.9642857142857143,1.0,0.9285714285714286,1.0,1.0,True,0.8851704996034893,0.99964176965789,4.662493734774044e-05,0.9975539720913101,3.7938152419865463,0.9996668887408394,1.0,0.9824383654170888,0.6889632107023411,1.0,1.0,1.0,1.0,1.0,True,0.9745440126883426,0.9915281587865096,0.0012239046053781864,0.9472171906601394,99.58765010214684,1.0,1.0,0.9989868287740629,0.9290969899665552,1.0,1.0,1.0,1.0,1.0,True,0.9684377478191911,0.9928455284552845,0.0010257486216502896,0.9608048687172244,83.463935323704,1.0,1.0,0.9979736575481256,0.9125975473801561,1.0,1.0,1.0,1.0,1.0,True,0.9990483743061063,0.9384684147794994,0.0096280495623084,0.6816918090053027,783.4228474702219,1.0,1.0,0.999662276258021,0.9975473801560758,1.0,1.0,1.0,1.0,1.0,HistGB,fleet,40000,20000,16.12,B_fleet_size,CTT_Impala,FS-B,1,4,CIDv2_Prototype|CIDv2_RenaultClio|CTT_Forester|CTT_Silverado
98401,12610,0.12814910417577058,0.9997250182471833,0.9984917801007842,85805,0.04424300176620483,True,0.8002379064234735,1.0,0.0,0.9996914863586426,0.0,0.9996668887408394,0.9745605920444034,0.9145558932792975,0.5072463768115942,1.0,1.0,1.0,1.0,1.0,True,0.9501982553528945,0.9966727665945766,0.0004662493734774044,0.979985237121582,37.93815241986546,1.0,1.0,0.9956095913542722,0.862876254180602,1.0,1.0,1.0,1.0,1.0,True,0.983187946074544,0.9800015809026954,0.0029490272872445826,0.8843759298324585,239.95881405564904,1.0,1.0,0.9989868287740629,0.9534002229654404,1.0,1.0,1.0,1.0,1.0,True,0.9812846946867565,0.9814403553299492,0.0027275588348428157,0.8960418105125427,221.93819165621295,1.0,1.0,0.9986491050320837,0.9482720178372352,1.0,1.0,1.0,1.0,1.0,True,0.9958762886597938,0.9311878985614711,0.010816985464675782,0.7106260657310486,880.1651361408786,1.0,1.0,0.999662276258021,0.988628762541806,1.0,1.0,1.0,1.0,1.0,XGBoost,fleet,40000,20000,7.92,B_fleet_size,CTT_Impala,FS-B,1,4,CIDv2_Prototype|CIDv2_RenaultClio|CTT_Forester|CTT_Silverado
98401,12610,0.12814910417577058,0.9998254051389536,0.9990255492813228,85805,0.04424300176620483,True,0.45662172878667723,0.9996527777777777,2.331246867387022e-05,78125.0,1.8969076209932731,0.9996668887408394,0.0,0.7413036136440392,0.1253065774804905,0.75,1.0,0.9285714285714286,0.5,0.0,True,0.6801744647105472,0.9996503496503496,3.4968703010805326e-05,31250.0,2.845361431489909,0.9996668887408394,0.9708603145235892,0.9824383654170888,0.126644370122631,0.8214285714285714,1.0,1.0,0.5,0.5,True,0.999603489294211,0.9690935650034597,0.004685806203447914,8.696206755240652,381.27843181964784,1.0,1.0,0.9989868287740629,0.9995540691192865,1.0,1.0,1.0,1.0,1.0,True,0.999603489294211,0.9711842206641498,0.004359431642013731,9.283699505326307,354.721725125742,1.0,1.0,0.9989868287740629,0.9995540691192865,1.0,1.0,1.0,1.0,1.0,True,0.999603489294211,0.9183970856102004,0.013054982457367323,6.040770102822762,1062.268267756233,1.0,1.0,0.9989868287740629,0.9995540691192865,1.0,1.0,1.0,1.0,1.0,Rule:Combined,fleet,40000,20000,0.25,B_fleet_size,CTT_Impala,FS-B,1,4,CIDv2_Prototype|CIDv2_RenaultClio|CTT_Forester|CTT_Silverado
98401,12610,0.12814910417577058,0.999941012613959,0.9998549267440723,85805,0.04424300176620483,True,0.8094369547977796,1.0,0.0,0.9940025215712281,0.0,0.9996668887408394,1.0,0.9047619047619048,0.5273132664437012,1.0,1.0,1.0,1.0,1.0,True,0.9654242664551943,0.9996715388405321,4.662493734774044e-05,0.979694436853698,3.7938152419865463,1.0,1.0,0.9861533265788585,0.9119286510590858,1.0,1.0,1.0,1.0,1.0,True,0.9997620935765266,0.9927553350657532,0.00107237355899803,0.3356663715713831,87.25775056569057,1.0,1.0,0.999662276258021,0.9995540691192865,1.0,1.0,1.0,1.0,1.0,True,0.9997620935765266,0.9936943327815875,0.0009324987469548088,0.3513864715665995,75.87630483973092,1.0,1.0,0.999662276258021,0.9995540691192865,1.0,1.0,1.0,1.0,1.0,True,0.9998413957176844,0.9310293900457834,0.010886922870697393,0.1535160178583024,885.8558590038585,1.0,1.0,0.999662276258021,0.9997770345596433,1.0,1.0,1.0,1.0,1.0,HistGB,fleet,40000,20000,13.15,B_fleet_size,CTT_Impala,FS-B,0,4,CIDv2_Prototype|CIDv2_RenaultClio|CTT_Silverado|CTT_Traverse
98401,12610,0.12814910417577058,0.9999203050039973,0.9998349701858567,85805,0.04424300176620483,True,0.7458366375892149,1.0,0.0,0.9944264888763428,0.0,0.9983344437041972,1.0,0.8041202296521446,0.4158305462653289,1.0,1.0,1.0,1.0,1.0,True,0.9720063441712926,0.9995107233140341,6.993740602161065e-05,0.9383370280265808,5.690722862979818,0.9996668887408394,1.0,0.9861533265788585,0.9306577480490524,1.0,1.0,1.0,1.0,1.0,True,0.9996827914353688,0.9933806146572104,0.0009791236843025492,0.16666273772716522,79.67012008171747,1.0,1.0,0.9993245525160419,0.9995540691192865,1.0,1.0,1.0,1.0,1.0,True,0.9996827914353688,0.9954200884396716,0.0006760615915422364,0.1867462545633316,55.010321008804915,1.0,1.0,0.9993245525160419,0.9995540691192865,1.0,1.0,1.0,1.0,1.0,True,0.9998413957176844,0.9379556613599167,0.009721299437003882,0.06711803376674652,791.0104779541949,1.0,1.0,0.999662276258021,0.9997770345596433,1.0,1.0,1.0,1.0,1.0,XGBoost,fleet,40000,20000,6.82,B_fleet_size,CTT_Impala,FS-B,0,4,CIDv2_Prototype|CIDv2_RenaultClio|CTT_Silverado|CTT_Traverse
98401,12610,0.12814910417577058,0.9997425770100179,0.9989616645797977,85805,0.04424300176620483,True,0.45662172878667723,0.9996527777777777,2.331246867387022e-05,78125.0,1.8969076209932731,0.9996668887408394,0.0,0.7413036136440392,0.1253065774804905,0.75,1.0,0.9285714285714286,0.5,0.0,True,0.6801744647105472,0.9996503496503496,3.4968703010805326e-05,31250.0,2.845361431489909,0.9996668887408394,0.9708603145235892,0.9824383654170888,0.126644370122631,0.8214285714285714,1.0,1.0,0.5,0.5,True,0.999603489294211,0.9697645791660255,0.004580900094415498,7.896380297681203,372.74234752517816,1.0,1.0,0.9989868287740629,0.9995540691192865,1.0,1.0,1.0,1.0,1.0,True,0.999603489294211,0.9710345890147138,0.0043827441106876015,7.998708211095089,356.6186327467354,1.0,1.0,0.9989868287740629,0.9995540691192865,1.0,1.0,1.0,1.0,1.0,True,0.999603489294211,0.9211487869044139,0.012577076849552983,7.203013897866839,1023.3816615258709,1.0,1.0,0.9989868287740629,0.9995540691192865,1.0,1.0,1.0,1.0,1.0,Rule:Combined,fleet,40000,20000,0.24,B_fleet_size,CTT_Impala,FS-B,0,4,CIDv2_Prototype|CIDv2_RenaultClio|CTT_Silverado|CTT_Traverse
98401,12610,0.12814910417577058,0.9999313964517221,0.999814745024385,85805,0.04424300176620483,True,0.6429024583663759,1.0,0.0,0.9957372182410589,0.0,0.9980013324450366,0.9884366327474561,0.5450861195542046,0.3032329988851728,0.9642857142857143,1.0,0.9285714285714286,1.0,1.0,True,0.9641554321966693,0.9996711067258675,4.662493734774044e-05,0.9528312089272727,3.7938152419865463,1.0,1.0,0.9145558932792975,0.9556298773690078,1.0,1.0,1.0,1.0,1.0,True,0.9995241871530531,0.9788754271512892,0.00317049573964635,0.1942183553990409,257.97943645508514,1.0,1.0,0.9993245525160419,0.999108138238573,1.0,1.0,1.0,1.0,1.0,True,0.9995241871530531,0.9804745235316997,0.0029257148185707123,0.24179300205887005,238.06190643465575,1.0,1.0,0.9993245525160419,0.999108138238573,1.0,1.0,1.0,1.0,1.0,True,0.9997620935765266,0.9077620967741935,0.014931636185613875,0.052779080741413374,1214.9693312461914,1.0,1.0,0.999662276258021,0.9995540691192865,1.0,1.0,1.0,1.0,1.0,HistGB,fleet,40000,20000,11.27,B_fleet_size,CTT_Impala,FS-B,1,4,CIDv2_Prototype|CIDv2_RenaultClio|CTT_Silverado|CTT_Traverse
98401,12610,0.12814910417577058,0.9999382395209367,0.9998321267849049,85805,0.04424300176620483,True,0.5619349722442506,1.0,0.0,0.9994706511497498,0.0,0.9980013324450366,0.6304347826086957,0.6149949341438703,0.2020066889632107,0.9642857142857143,1.0,0.9285714285714286,1.0,1.0,True,0.9742268041237113,0.999593165174939,5.828117168467555e-05,0.9135147929191589,4.7422690524831825,1.0,1.0,0.9598108747044918,0.9540691192865106,1.0,1.0,1.0,1.0,1.0,True,0.9995241871530531,0.9801695310677346,0.002972339755918453,0.1436644345521927,241.8557216766423,1.0,1.0,0.999662276258021,0.9988851727982163,1.0,1.0,1.0,1.0,1.0,True,0.9995241871530531,0.9815434934973911,0.002762527537853621,0.16830477118492126,224.78355308770284,1.0,1.0,0.999662276258021,0.9988851727982163,1.0,1.0,1.0,1.0,1.0,True,0.9997620935765266,0.9166060782317871,0.013369700784464571,0.022175045683979988,1087.8765206396422,1.0,1.0,0.999662276258021,0.9995540691192865,1.0,1.0,1.0,1.0,1.0,XGBoost,fleet,40000,20000,6.86,B_fleet_size,CTT_Impala,FS-B,1,4,CIDv2_Prototype|CIDv2_RenaultClio|CTT_Silverado|CTT_Traverse
98401,12610,0.12814910417577058,0.9997429107055451,0.9989617131194299,85805,0.04424300176620483,True,0.45662172878667723,0.9996527777777777,2.331246867387022e-05,78125.0,1.8969076209932731,0.9996668887408394,0.0,0.7413036136440392,0.1253065774804905,0.75,1.0,0.9285714285714286,0.5,0.0,True,0.6801744647105472,0.9996503496503496,3.4968703010805326e-05,31250.0,2.845361431489909,0.9996668887408394,0.9708603145235892,0.9824383654170888,0.126644370122631,0.8214285714285714,1.0,1.0,0.5,0.5,True,0.999603489294211,0.9699884570988841,0.004545931391404693,7.867162772617474,369.8969860936883,1.0,1.0,0.9989868287740629,0.9995540691192865,1.0,1.0,1.0,1.0,1.0,True,0.999603489294211,0.9711842206641498,0.004359431642013731,7.976905020488148,354.721725125742,1.0,1.0,0.9989868287740629,0.9995540691192865,1.0,1.0,1.0,1.0,1.0,True,0.999603489294211,0.9211487869044139,0.012577076849552983,7.1805122993507995,1023.3816615258709,1.0,1.0,0.9989868287740629,0.9995540691192865,1.0,1.0,1.0,1.0,1.0,Rule:Combined,fleet,40000,20000,0.21,B_fleet_size,CTT_Impala,FS-B,1,4,CIDv2_Prototype|CIDv2_RenaultClio|CTT_Silverado|CTT_Traverse
98401,12610,0.12814910417577058,0.9973448660356197,0.9866938454299825,85805,0.04424300176620483,True,0.8120539254559873,1.0,0.0,0.9994409270665757,0.0,0.9993337774816788,0.9995374653098983,0.8608578183046268,0.5641025641025641,1.0,1.0,1.0,1.0,1.0,True,0.9259318001586043,0.9994008388256441,8.159364035854577e-05,0.9830153161728409,6.639176673476457,1.0,1.0,0.9966227625802094,0.7939799331103679,1.0,1.0,1.0,1.0,1.0,True,0.9320380650277558,0.9843383584589614,0.0021797158210068654,0.9390265245494782,177.360862562871,1.0,1.0,0.9989868287740629,0.80958751393534,1.0,1.0,1.0,1.0,1.0,True,0.9314829500396511,0.9872247436543957,0.0017717476192141367,0.943992759960337,144.16497919548877,1.0,1.0,0.9986491050320837,0.8082497212931996,1.0,1.0,1.0,1.0,1.0,True,0.9443298969072165,0.9034901365705614,0.01482673007658146,0.8302721306258286,1206.4332469517217,1.0,1.0,0.999662276258021,0.843701226309922,1.0,1.0,1.0,1.0,1.0,HistGB,fleet,40000,20000,24.35,B_fleet_size,CTT_Impala,FS-B,0,4,CIDv2_RenaultClio|CTT_Forester|CTT_Silverado|ROAD_ORNL
98401,12610,0.12814910417577058,0.9975011376845215,0.9889203090822628,85805,0.04424300176620483,True,0.7987311657414751,1.0,0.0,0.9993676543235779,0.0,0.9986675549633578,0.9907493061979649,0.8541033434650456,0.5357859531772575,1.0,1.0,1.0,1.0,1.0,True,0.9260111022997621,0.9995719910974148,5.828117168467555e-05,0.9732128381729126,4.7422690524831825,1.0,1.0,0.9935832489023978,0.7962095875139353,1.0,1.0,1.0,1.0,1.0,True,0.936558287073751,0.9891950749644024,0.0015036542294646293,0.8960729241371155,122.35054155406613,1.0,1.0,0.9989868287740629,0.8222965440356744,1.0,1.0,1.0,1.0,1.0,True,0.9357652656621729,0.9914300117627289,0.0011889359023673812,0.9047079682350159,96.74228867065693,1.0,1.0,0.9989868287740629,0.820066889632107,1.0,1.0,1.0,1.0,1.0,True,0.9567010309278351,0.9155346436973515,0.012973388817008777,0.7008875608444214,1055.6290910827565,1.0,1.0,0.999662276258021,0.8784838350055741,1.0,1.0,1.0,1.0,1.0,XGBoost,fleet,40000,20000,10.94,B_fleet_size,CTT_Impala,FS-B,0,4,CIDv2_RenaultClio|CTT_Forester|CTT_Silverado|ROAD_ORNL
98401,12610,0.12814910417577058,0.8723176478965151,0.7766578551714944,85805,0.04424300176620483,True,0.30951625693893736,0.9237869822485207,0.0037533074564931055,126.42004334745506,305.402126979917,0.1022651565622918,1.0,0.1337386018237082,0.231438127090301,0.25,0.25,0.14285714285714285,0.25,1.0,True,0.30951625693893736,0.922695035460993,0.003811588628177781,86.4758263583789,310.14439603240015,0.1022651565622918,1.0,0.1337386018237082,0.231438127090301,0.25,0.25,0.14285714285714285,0.25,1.0,True,0.6828707375099128,0.954868041694389,0.00474408737513259,8.737280179836896,386.02070087213116,0.9986675549633578,1.0,0.7254305977710233,0.2905239687848383,0.7142857142857143,1.0,0.7142857142857143,0.5,1.0,True,0.675654242664552,0.9560143626570916,0.004569243860078563,9.168857100890335,371.79389371468153,0.9980013324450366,1.0,0.723404255319149,0.27201783723522854,0.7142857142857143,1.0,0.7142857142857143,0.5,1.0,True,0.7070578905630452,0.87885657959586,0.01432551200009325,5.843112866688785,1165.6497331003663,0.9996668887408394,1.0,0.7392772711921648,0.3487179487179487,0.8571428571428571,1.0,0.8571428571428571,0.75,1.0,Rule:Combined,fleet,40000,20000,0.26,B_fleet_size,CTT_Impala,FS-B,0,4,CIDv2_RenaultClio|CTT_Forester|CTT_Silverado|ROAD_ORNL
98401,12610,0.12814910417577058,0.9964661190750798,0.9834329318698457,85805,0.04424300176620483,True,0.7878667724028549,1.0,0.0,0.9992624416598869,0.0,0.9990006662225184,0.9995374653098983,0.8922661263086795,0.47558528428093644,1.0,1.0,1.0,1.0,1.0,True,0.9183980967486122,0.9999136591262303,1.165623433693511e-05,0.9896894236239,0.9484538104966366,1.0,1.0,0.9929078014184397,0.7752508361204014,1.0,1.0,1.0,1.0,1.0,True,0.9298176050753371,0.9887005649717514,0.0015619354011493047,0.9560484101254773,127.09281060654929,1.0,1.0,0.9986491050320837,0.8035674470457079,1.0,1.0,1.0,1.0,1.0,True,0.9293417922283902,0.9911197564276049,0.0012239046053781864,0.9604532532858077,99.58765010214684,1.0,1.0,0.9979736575481256,0.802675585284281,1.0,1.0,1.0,1.0,1.0,True,0.93695479777954,0.9059193375249195,0.014302199531419379,0.8467300804213845,1163.752825479373,1.0,1.0,0.9989868287740629,0.8234113712374582,1.0,1.0,1.0,1.0,1.0,HistGB,fleet,40000,20000,28.14,B_fleet_size,CTT_Impala,FS-B,1,4,CIDv2_RenaultClio|CTT_Forester|CTT_Silverado|ROAD_ORNL
98401,12610,0.12814910417577058,0.9982990901176755,0.9904726377718067,85805,0.04424300176620483,True,0.7994448850118954,1.0,0.0,0.9994410872459412,0.0,0.9993337774816788,0.9782608695652174,0.9317798041202296,0.49208472686733556,1.0,1.0,1.0,1.0,1.0,True,0.927755749405234,0.9998290744380822,2.331246867387022e-05,0.9845018982887268,1.8969076209932731,1.0,1.0,0.9972982100641675,0.7986622073578595,1.0,1.0,1.0,1.0,1.0,True,0.931086439333862,0.9903838043019823,0.0013288107144106024,0.9282647371292114,108.12373439661657,1.0,1.0,0.9993245525160419,0.8066889632107024,1.0,1.0,1.0,1.0,1.0,True,0.9309278350515464,0.9934834123222749,0.0008975300439440035,0.9371995329856873,73.03094340824101,1.0,1.0,0.9993245525160419,0.8062430323299888,1.0,1.0,1.0,1.0,1.0,True,0.9517842981760507,0.9113135914958238,0.013614481705540209,0.7346696853637695,1107.7940506600717,1.0,1.0,0.9993245525160419,0.8648829431438128,1.0,1.0,1.0,1.0,1.0,XGBoost,fleet,40000,20000,20.09,B_fleet_size,CTT_Impala,FS-B,1,4,CIDv2_RenaultClio|CTT_Forester|CTT_Silverado|ROAD_ORNL
98401,12610,0.12814910417577058,0.8713672613130201,0.7762630932118543,85805,0.04424300176620483,True,0.30951625693893736,0.9237869822485207,0.0037533074564931055,126.46687362633185,305.402126979917,0.1022651565622918,1.0,0.1337386018237082,0.231438127090301,0.25,0.25,0.14285714285714285,0.25,1.0,True,0.30951625693893736,0.922695035460993,0.003811588628177781,86.51004372922861,310.14439603240015,0.1022651565622918,1.0,0.1337386018237082,0.231438127090301,0.25,0.25,0.14285714285714285,0.25,1.0,True,0.6828707375099128,0.954868041694389,0.00474408737513259,8.746949372960888,386.02070087213116,0.9986675549633578,1.0,0.7254305977710233,0.2905239687848383,0.7142857142857143,1.0,0.7142857142857143,0.5,1.0,True,0.675654242664552,0.9560143626570916,0.004569243860078563,9.17866257006183,371.79389371468153,0.9980013324450366,1.0,0.723404255319149,0.27201783723522854,0.7142857142857143,1.0,0.7142857142857143,0.5,1.0,True,0.7070578905630452,0.8785967678360268,0.014360480703104056,5.829702120903826,1168.4950945318562,0.9996668887408394,1.0,0.7392772711921648,0.3487179487179487,0.8571428571428571,1.0,0.8571428571428571,0.75,1.0,Rule:Combined,fleet,40000,20000,0.24,B_fleet_size,CTT_Impala,FS-B,1,4,CIDv2_RenaultClio|CTT_Forester|CTT_Silverado|ROAD_ORNL
98401,12610,0.12814910417577058,0.9996759576097975,0.9985466302136509,85805,0.04424300176620483,True,0.5685170499603489,1.0,0.0,0.9997201685269083,0.0,0.966022651565623,0.5518038852913969,0.701789935832489,0.22251950947603122,0.9285714285714286,1.0,0.8571428571428571,1.0,1.0,True,0.805471847739889,1.0,0.0,0.9881638523775851,0.0,0.9996668887408394,1.0,0.8595069233367105,0.5460423634336677,1.0,1.0,1.0,1.0,1.0,True,0.9761300555114988,0.9931418428271744,0.0009907799186394844,0.4490278926234021,80.61857389221412,1.0,1.0,0.9969604863221885,0.9348940914158306,1.0,1.0,1.0,1.0,1.0,True,0.9713719270420301,0.9946406820950061,0.0007693114662377172,0.5139629487723363,62.597951492778016,1.0,1.0,0.9959473150962512,0.922185061315496,1.0,1.0,1.0,1.0,1.0,True,0.9956383822363204,0.9356834103443136,0.010059330232774999,0.10415347817524948,818.5156384585973,1.0,1.0,0.999662276258021,0.9879598662207358,1.0,1.0,1.0,1.0,1.0,HistGB,fleet,40000,20000,20.87,B_fleet_size,CTT_Impala,FS-B,0,5,CIDv2_OpelAstra|CIDv2_Prototype|CTT_Forester|CTT_Traverse|ROAD_ORNL
98401,12610,0.12814910417577058,0.9995404162177839,0.9977848835164899,85805,0.04424300176620483,True,0.7564631245043616,1.0,0.0,0.998384952545166,0.0,0.9953364423717521,0.9241443108233117,0.7747382640999663,0.5036789297658862,1.0,1.0,1.0,1.0,1.0,True,0.830689928628073,0.9998091056600171,2.331246867387022e-05,0.9833446145057678,1.8969076209932731,0.9996668887408394,1.0,0.8294495103005741,0.6367892976588628,1.0,1.0,1.0,1.0,1.0,True,0.9729579698651863,0.9918350848827809,0.001177279668030446,0.5184482932090759,95.79383486016029,1.0,1.0,0.9858156028368794,0.9333333333333333,1.0,1.0,1.0,1.0,1.0,True,0.9688342585249802,0.9938176197836167,0.0008858738096070684,0.5675446391105652,72.08248959774438,1.0,1.0,0.9841269841269841,0.9228539576365663,1.0,1.0,1.0,1.0,1.0,True,0.992466296590008,0.9341643651563782,0.010280798685176767,0.20847398042678833,836.5362608580334,1.0,1.0,0.9986491050320837,0.9797101449275363,1.0,1.0,1.0,1.0,1.0,XGBoost,fleet,40000,20000,8.53,B_fleet_size,CTT_Impala,FS-B,0,5,CIDv2_OpelAstra|CIDv2_Prototype|CTT_Forester|CTT_Traverse|ROAD_ORNL
98401,12610,0.12814910417577058,0.8606908037237944,0.7765703808244327,85805,0.04424300176620483,True,0.30951625693893736,0.9237869822485207,0.0037533074564931055,122.73718295549371,305.402126979917,0.1022651565622918,1.0,0.1337386018237082,0.231438127090301,0.25,0.25,0.14285714285714285,0.25,1.0,True,0.30951625693893736,0.922695035460993,0.003811588628177781,83.96612681986875,310.14439603240015,0.1022651565622918,1.0,0.1337386018237082,0.231438127090301,0.25,0.25,0.14285714285714285,0.25,1.0,True,0.6828707375099128,0.954868041694389,0.00474408737513259,8.510762547991876,386.02070087213116,0.9986675549633578,1.0,0.7254305977710233,0.2905239687848383,0.7142857142857143,1.0,0.7142857142857143,0.5,1.0,True,0.6828707375099128,0.9564589581250694,0.004569243860078563,8.92966406351236,371.79389371468153,0.9986675549633578,1.0,0.7254305977710233,0.2905239687848383,0.7142857142857143,1.0,0.7142857142857143,0.5,1.0,True,0.7072957969865187,0.8743260464660327,0.01494329241995081,5.006033095687394,1215.917785056688,0.9996668887408394,1.0,0.7392772711921648,0.34938684503901896,0.9285714285714286,1.0,0.8571428571428571,1.0,1.0,Rule:Combined,fleet,40000,20000,0.25,B_fleet_size,CTT_Impala,FS-B,0,5,CIDv2_OpelAstra|CIDv2_Prototype|CTT_Forester|CTT_Traverse|ROAD_ORNL
98401,12610,0.12814910417577058,0.9994213442252292,0.996819118055335,85805,0.04424300176620483,True,0.5990483743061062,1.0,0.0,0.9994414451948185,0.0,0.5169886742171885,0.9740980573543015,0.6514690982776089,0.4385730211817168,0.9285714285714286,1.0,0.8571428571428571,1.0,1.0,True,0.810943695479778,0.9998044583496285,2.331246867387022e-05,0.9933064193348808,1.8969076209932731,0.9980013324450366,1.0,0.811887875717663,0.5939799331103679,1.0,1.0,1.0,1.0,1.0,True,0.935289452815226,0.9880204406467287,0.0016668415101817207,0.7676964252300134,135.62889490101904,1.0,1.0,0.9412360688956434,0.8568561872909699,1.0,1.0,1.0,1.0,1.0,True,0.925218080888184,0.9913331633953607,0.0011889359023673812,0.8107981996652232,96.74228867065693,1.0,1.0,0.9267139479905437,0.8381270903010033,1.0,1.0,1.0,1.0,1.0,True,0.9937351308485329,0.9192341549295775,0.012833514004965556,0.20651553525681104,1044.247645356797,1.0,1.0,0.9976359338061466,0.9839464882943144,1.0,1.0,1.0,1.0,1.0,HistGB,fleet,40000,20000,25.38,B_fleet_size,CTT_Impala,FS-B,1,5,CIDv2_OpelAstra|CIDv2_Prototype|CTT_Forester|CTT_Traverse|ROAD_ORNL
98401,12610,0.12814910417577058,0.9997701438655703,0.9989457791175161,85805,0.04424300176620483,True,0.6528945281522601,1.0,0.0,0.9990271329879761,0.0,0.8604263824117255,0.803422756706753,0.6822019587977035,0.42207357859531774,0.9642857142857143,1.0,0.9285714285714286,1.0,1.0,True,0.838223632038065,1.0,0.0,0.9762381911277771,0.0,0.9990006662225184,1.0,0.828436339074637,0.6590858416945373,1.0,1.0,1.0,1.0,1.0,True,0.9805709754163362,0.9903884661593912,0.0013987481204322133,0.5435929298400879,113.81445725959641,1.0,1.0,0.972306653157717,0.9636566332218506,1.0,1.0,1.0,1.0,1.0,True,0.9748612212529738,0.9934540164861807,0.0009441549812917439,0.6030870079994202,76.82475865022757,1.0,1.0,0.961499493414387,0.9547380156075809,1.0,1.0,1.0,1.0,1.0,True,0.998731165741475,0.9175956284153005,0.01318320103507361,0.1623276323080063,1072.7012596716959,1.0,1.0,0.9993245525160419,0.9968784838350055,1.0,1.0,1.0,1.0,1.0,XGBoost,fleet,40000,20000,7.95,B_fleet_size,CTT_Impala,FS-B,1,5,CIDv2_OpelAstra|CIDv2_Prototype|CTT_Forester|CTT_Traverse|ROAD_ORNL
98401,12610,0.12814910417577058,0.8610282577162169,0.7768239539161201,85805,0.04424300176620483,True,0.30951625693893736,0.9237869822485207,0.0037533074564931055,119.45698183490735,305.402126979917,0.1022651565622918,1.0,0.1337386018237082,0.231438127090301,0.25,0.25,0.14285714285714285,0.25,1.0,True,0.30951625693893736,0.922695035460993,0.003811588628177781,81.72163329260512,310.14439603240015,0.1022651565622918,1.0,0.1337386018237082,0.231438127090301,0.25,0.25,0.14285714285714285,0.25,1.0,True,0.6828707375099128,0.954868041694389,0.00474408737513259,8.281943474439906,386.02070087213116,0.9986675549633578,1.0,0.7254305977710233,0.2905239687848383,0.7142857142857143,1.0,0.7142857142857143,0.5,1.0,True,0.6828707375099128,0.9564589581250694,0.004569243860078563,8.68965469689844,371.79389371468153,0.9986675549633578,1.0,0.7254305977710233,0.2905239687848383,0.7142857142857143,1.0,0.7142857142857143,0.5,1.0,True,0.7180015860428232,0.8770706190061028,0.014791761373570654,4.909065366351442,1203.5878855202318,0.9996668887408394,1.0,0.7730496453900709,0.35719063545150503,0.9642857142857143,1.0,0.9285714285714286,1.0,1.0,Rule:Combined,fleet,40000,20000,0.24,B_fleet_size,CTT_Impala,FS-B,1,5,CIDv2_OpelAstra|CIDv2_Prototype|CTT_Forester|CTT_Traverse|ROAD_ORNL
98401,12610,0.12814910417577058,0.9999231575923531,0.9998091660352127,85805,0.04424300176620483,True,0.7299762093576526,1.0,0.0,0.9956147417398526,0.0,0.9913391072618255,0.9916743755781684,0.7787909490037149,0.39665551839464885,0.9642857142857143,1.0,0.9285714285714286,1.0,1.0,True,0.9662172878667724,0.9997538360548125,3.4968703010805326e-05,0.5243511398021266,2.845361431489909,1.0,1.0,0.994258696386356,0.9088071348940914,1.0,1.0,1.0,1.0,1.0,True,0.9992862807295797,0.9915020851365174,0.0012588733083889918,0.0680173547609916,102.43301153363674,1.0,1.0,0.9993245525160419,0.9984392419175028,1.0,1.0,1.0,1.0,1.0,True,0.9990483743061063,0.993846639318397,0.0009091862782809385,0.07663705650587375,73.97939721873765,1.0,1.0,0.9993245525160419,0.9977703455964325,1.0,1.0,1.0,1.0,1.0,True,0.9996827914353688,0.918135469774217,0.013101607394715064,0.02013668865096458,1066.0620829982195,1.0,1.0,0.9993245525160419,0.9995540691192865,1.0,1.0,1.0,1.0,1.0,HistGB,fleet,40000,20000,22.44,B_fleet_size,CTT_Impala,FS-B,0,5,CIDv2_OpelAstra|CIDv2_Prototype|CTT_Silverado|CTT_Traverse|ROAD_ORNL
98401,12610,0.12814910417577058,0.9999249143467825,0.9997593949222789,85805,0.04424300176620483,True,0.6885011895321174,1.0,0.0,0.996535062789917,0.0,0.9980013324450366,0.8519888991674376,0.7619047619047619,0.3540691192865106,0.9642857142857143,1.0,0.9285714285714286,1.0,1.0,True,0.9429817605075337,0.9996637242538882,4.662493734774044e-05,0.6619704961776733,3.7938152419865463,1.0,1.0,0.9895305639986491,0.8465997770345597,1.0,1.0,1.0,1.0,1.0,True,0.9977002379064235,0.9925055222467656,0.0011073422620088355,0.12867720425128937,90.10311199718048,1.0,1.0,0.9993245525160419,0.9939799331103679,1.0,1.0,1.0,1.0,1.0,True,0.997065820777161,0.9942274236912858,0.0008509051065962631,0.14531442523002625,69.23712816625448,1.0,1.0,0.9993245525160419,0.992196209587514,1.0,1.0,1.0,1.0,1.0,True,0.9995241871530531,0.9268328553570115,0.011597953165250434,0.03538024425506592,943.7115414441533,1.0,1.0,0.999662276258021,0.9988851727982163,1.0,1.0,1.0,1.0,1.0,XGBoost,fleet,40000,20000,9.98,B_fleet_size,CTT_Impala,FS-B,0,5,CIDv2_OpelAstra|CIDv2_Prototype|CTT_Silverado|CTT_Traverse|ROAD_ORNL
98401,12610,0.12814910417577058,0.8575464480833404,0.7769128518338544,85805,0.04424300176620483,True,0.30951625693893736,0.9237869822485207,0.0037533074564931055,113.05788554963667,305.402126979917,0.1022651565622918,1.0,0.1337386018237082,0.231438127090301,0.25,0.25,0.14285714285714285,0.25,1.0,True,0.30951625693893736,0.922695035460993,0.003811588628177781,77.33353206021206,310.14439603240015,0.1022651565622918,1.0,0.1337386018237082,0.231438127090301,0.25,0.25,0.14285714285714285,0.25,1.0,True,0.6873116574147502,0.9551465726250826,0.00474408737513259,7.807592490952578,386.02070087213116,0.9986675549633578,1.0,0.7254305977710233,0.30301003344481603,0.7857142857142857,1.0,0.7142857142857143,0.75,1.0,True,0.6828707375099128,0.9564589581250694,0.004569243860078563,8.193575936060714,371.79389371468153,0.9986675549633578,1.0,0.7254305977710233,0.2905239687848383,0.7142857142857143,1.0,0.7142857142857143,0.5,1.0,True,0.7179222839016653,0.8791881130426338,0.014500355515147277,4.725327804132266,1179.876540257816,0.9996668887408394,1.0,0.7730496453900709,0.35696767001114826,0.9285714285714286,1.0,0.9285714285714286,0.875,1.0,Rule:Combined,fleet,40000,20000,0.24,B_fleet_size,CTT_Impala,FS-B,0,5,CIDv2_OpelAstra|CIDv2_Prototype|CTT_Silverado|CTT_Traverse|ROAD_ORNL
98401,12610,0.12814910417577058,0.999790273747819,0.9989716848843253,85805,0.04424300176620483,True,0.5768437747819191,1.0,0.0,0.999261074046512,0.0,0.6812125249833444,0.8566142460684552,0.6534954407294833,0.32151616499442587,0.9285714285714286,1.0,0.8571428571428571,1.0,1.0,True,0.9325931800158604,0.999829960891005,2.331246867387022e-05,0.7551375998713391,1.8969076209932731,1.0,1.0,0.9898682877406282,0.8171683389074693,1.0,1.0,1.0,1.0,1.0,True,0.9858049167327518,0.9912287696355953,0.0012821857770628621,0.24271202809804635,104.32991915463002,1.0,1.0,0.9993245525160419,0.9605351170568562,1.0,1.0,1.0,1.0,1.0,True,0.9841395717684377,0.9926411774116142,0.00107237355899803,0.26779251234706714,87.25775056569057,1.0,1.0,0.9986491050320837,0.956298773690078,1.0,1.0,1.0,1.0,1.0,True,0.9960348929421095,0.9341067975606128,0.010327423622524506,0.07125213950378606,840.3300761000198,1.0,1.0,0.9993245525160419,0.9892976588628762,1.0,1.0,1.0,1.0,1.0,HistGB,fleet,40000,20000,20.55,B_fleet_size,CTT_Impala,FS-B,1,5,CIDv2_OpelAstra|CIDv2_Prototype|CTT_Silverado|CTT_Traverse|ROAD_ORNL
98401,12610,0.12814910417577058,0.9999490213066073,0.9997736206999831,85805,0.04424300176620483,True,0.7249801744647105,1.0,0.0,0.9970099925994873,0.0,0.9966688874083944,0.9033302497687327,0.7879094900371496,0.4156075808249721,0.9642857142857143,1.0,0.9285714285714286,1.0,1.0,True,0.9639968279143537,0.999671052631579,4.662493734774044e-05,0.8047540187835693,3.7938152419865463,1.0,1.0,0.9908814589665653,0.9047937569676701,1.0,1.0,1.0,1.0,1.0,True,0.9977002379064235,0.9939954175555029,0.0008858738096070684,0.21433134377002716,72.08248959774438,1.0,1.0,0.9993245525160419,0.9939799331103679,1.0,1.0,1.0,1.0,1.0,True,0.997065820777161,0.9950929956470123,0.0007226865288899768,0.2604500949382782,58.804136250791466,1.0,1.0,0.9993245525160419,0.992196209587514,1.0,1.0,1.0,1.0,1.0,True,0.9994448850118953,0.9360516934046346,0.010036017764101129,0.0502665676176548,816.618730837604,1.0,1.0,0.9993245525160419,0.9988851727982163,1.0,1.0,1.0,1.0,1.0,XGBoost,fleet,40000,20000,7.41,B_fleet_size,CTT_Impala,FS-B,1,5,CIDv2_OpelAstra|CIDv2_Prototype|CTT_Silverado|CTT_Traverse|ROAD_ORNL
98401,12610,0.12814910417577058,0.8576601250234199,0.7771083738197004,85805,0.04424300176620483,True,0.30951625693893736,0.9237869822485207,0.0037533074564931055,115.38854911993178,305.402126979917,0.1022651565622918,1.0,0.1337386018237082,0.231438127090301,0.25,0.25,0.14285714285714285,0.25,1.0,True,0.30951625693893736,0.922695035460993,0.003811588628177781,78.92748486584678,310.14439603240015,0.1022651565622918,1.0,0.1337386018237082,0.231438127090301,0.25,0.25,0.14285714285714285,0.25,1.0,True,0.6873116574147502,0.9551465726250826,0.00474408737513259,7.967773025453803,386.02070087213116,0.9986675549633578,1.0,0.7254305977710233,0.30301003344481603,0.7857142857142857,1.0,0.7142857142857143,0.75,1.0,True,0.6828707375099128,0.9564589581250694,0.004569243860078563,8.361716255168707,371.79389371468153,0.9986675549633578,1.0,0.7254305977710233,0.2905239687848383,0.7142857142857143,1.0,0.7142857142857143,0.5,1.0,True,0.7179222839016653,0.8770587095524123,0.014791761373570654,4.711442885504524,1203.5878855202318,0.9996668887408394,1.0,0.7730496453900709,0.35696767001114826,0.9285714285714286,1.0,0.9285714285714286,0.875,1.0,Rule:Combined,fleet,40000,20000,0.23,B_fleet_size,CTT_Impala,FS-B,1,5,CIDv2_OpelAstra|CIDv2_Prototype|CTT_Silverado|CTT_Traverse|ROAD_ORNL
98401,12610,0.12814910417577058,0.999883674293902,0.9996393528617273,85805,0.04424300176620483,True,0.7483743061062649,1.0,0.0,0.9930658943530638,0.0,0.9986675549633578,0.9995374653098983,0.8074974670719351,0.42073578595317723,0.9642857142857143,1.0,0.9285714285714286,1.0,1.0,True,0.9398096748612212,0.999662589624631,4.662493734774044e-05,0.6248961542839022,3.7938152419865463,0.9996668887408394,1.0,0.9743329956095913,0.8479375696767001,1.0,1.0,1.0,1.0,1.0,True,0.9973830293417922,0.9854266238345216,0.0021680595866699305,0.04202180727362791,176.4124087523744,1.0,1.0,0.9986491050320837,0.9935340022296544,1.0,1.0,1.0,1.0,1.0,True,0.9965900079302141,0.9891381345926801,0.001608560338497045,0.04942441582442491,130.88662584853583,1.0,1.0,0.9986491050320837,0.991304347826087,1.0,1.0,1.0,1.0,1.0,True,0.9993655828707375,0.9066187050359712,0.015129792169341773,0.010669088203187868,1231.0930460246343,1.0,1.0,0.9993245525160419,0.9986622073578595,1.0,1.0,1.0,1.0,1.0,HistGB,fleet,40000,20000,19.68,B_fleet_size,CTT_Impala,FS-B,0,5,CIDv2_OpelAstra|CIDv2_RenaultClio|CTT_Silverado|CTT_Traverse|ROAD_ORNL
98401,12610,0.12814910417577058,0.9999245006937401,0.9997475779004232,85805,0.04424300176620483,True,0.6564631245043616,1.0,0.0,0.994135856628418,0.0,0.9973351099267155,0.8977798334875116,0.6872678149273894,0.29163879598662207,0.9285714285714286,1.0,0.9285714285714286,0.875,1.0,True,0.9234734337827122,0.9993134815069081,9.324987469548088e-05,0.39783957600593567,7.587630483973093,1.0,1.0,0.9307666328942925,0.830546265328874,1.0,1.0,1.0,1.0,1.0,True,0.9989690721649485,0.9903301886792453,0.0014337168234430184,0.028474051505327225,116.65981869108629,1.0,1.0,0.9993245525160419,0.9975473801560758,1.0,1.0,1.0,1.0,1.0,True,0.9988897700237906,0.9925143802694824,0.0011073422620088355,0.03224760666489601,90.10311199718048,1.0,1.0,0.9993245525160419,0.9973244147157191,1.0,1.0,1.0,1.0,1.0,True,0.999603489294211,0.9204089083607155,0.01270529542725927,0.009263035841286182,1033.8146534413338,1.0,1.0,0.999662276258021,0.999108138238573,1.0,1.0,1.0,1.0,1.0,XGBoost,fleet,40000,20000,6.78,B_fleet_size,CTT_Impala,FS-B,0,5,CIDv2_OpelAstra|CIDv2_RenaultClio|CTT_Silverado|CTT_Traverse|ROAD_ORNL
98401,12610,0.12814910417577058,0.8577243923785753,0.7768903559577813,85805,0.04424300176620483,True,0.30951625693893736,0.9237869822485207,0.0037533074564931055,113.9421147513888,305.402126979917,0.1022651565622918,1.0,0.1337386018237082,0.231438127090301,0.25,0.25,0.14285714285714285,0.25,1.0,True,0.30951625693893736,0.922695035460993,0.003811588628177781,77.93916651842358,310.14439603240015,0.1022651565622918,1.0,0.1337386018237082,0.231438127090301,0.25,0.25,0.14285714285714285,0.25,1.0,True,0.6873116574147502,0.9551465726250826,0.00474408737513259,7.87102988333977,386.02070087213116,0.9986675549633578,1.0,0.7254305977710233,0.30301003344481603,0.7857142857142857,1.0,0.7142857142857143,0.75,1.0,True,0.6828707375099128,0.9564589581250694,0.004569243860078563,8.260023402764093,371.79389371468153,0.9986675549633578,1.0,0.7254305977710233,0.2905239687848383,0.7142857142857143,1.0,0.7142857142857143,0.5,1.0,True,0.7180015860428232,0.8792852287073905,0.014488699280810341,4.752299617633596,1178.9280864473192,0.9996668887408394,1.0,0.7730496453900709,0.35719063545150503,0.9642857142857143,1.0,0.9285714285714286,1.0,1.0,Rule:Combined,fleet,40000,20000,0.23,B_fleet_size,CTT_Impala,FS-B,0,5,CIDv2_OpelAstra|CIDv2_RenaultClio|CTT_Silverado|CTT_Traverse|ROAD_ORNL
98401,12610,0.12814910417577058,0.999785269239278,0.9991236450299348,85805,0.04424300176620483,True,0.7231562252180809,1.0,0.0,0.9966701362163175,0.0,0.9986675549633578,0.9949121184088807,0.7868963188112125,0.3656633221850613,0.9642857142857143,1.0,0.9285714285714286,1.0,1.0,True,0.9293417922283902,0.9997440709776488,3.4968703010805326e-05,0.6116261316712874,2.845361431489909,0.9996668887408394,1.0,0.9902060114826072,0.8080267558528428,1.0,1.0,1.0,1.0,1.0,True,0.9855670103092784,0.991226670920402,0.0012821857770628621,0.17101186015581826,104.32991915463002,1.0,1.0,0.9969604863221885,0.9614269788182832,1.0,1.0,1.0,1.0,1.0,True,0.9843774781919112,0.9927223288547665,0.001060717324661095,0.18386621448121346,86.30929675519393,1.0,1.0,0.9966227625802094,0.9583054626532888,1.0,1.0,1.0,1.0,1.0,True,0.9980967486122125,0.9283080100309781,0.011329859775500927,0.05169164452262697,921.8971038027307,1.0,1.0,0.9993245525160419,0.9950947603121516,1.0,1.0,1.0,1.0,1.0,HistGB,fleet,40000,20000,21.61,B_fleet_size,CTT_Impala,FS-B,1,5,CIDv2_OpelAstra|CIDv2_RenaultClio|CTT_Silverado|CTT_Traverse|ROAD_ORNL
98401,12610,0.12814910417577058,0.9998723009150532,0.9996674216842745,85805,0.04424300176620483,True,0.7406026962727994,1.0,0.0,0.9695828557014465,0.0,0.9990006662225184,0.9995374653098983,0.7825059101654847,0.41516164994425864,0.9642857142857143,1.0,0.9285714285714286,1.0,1.0,True,0.9226804123711341,0.9997422237497852,3.4968703010805326e-05,0.5943036675453186,2.845361431489909,0.9996668887408394,1.0,0.9486659912191827,0.8167224080267559,1.0,1.0,1.0,1.0,1.0,True,0.9973830293417922,0.9924248402114733,0.0011189984963457704,0.10674930363893509,91.0515658076771,1.0,1.0,0.9986491050320837,0.9935340022296544,1.0,1.0,1.0,1.0,1.0,True,0.997065820777161,0.9939916198909005,0.0008858738096070684,0.11773677915334702,72.08248959774438,1.0,1.0,0.9983113812901047,0.9928651059085841,1.0,1.0,1.0,1.0,1.0,True,0.9994448850118953,0.93231247225921,0.010665454418295625,0.03627245873212814,867.8352366044224,1.0,1.0,0.9993245525160419,0.9988851727982163,1.0,1.0,1.0,1.0,1.0,XGBoost,fleet,40000,20000,10.92,B_fleet_size,CTT_Impala,FS-B,1,5,CIDv2_OpelAstra|CIDv2_RenaultClio|CTT_Silverado|CTT_Traverse|ROAD_ORNL
98401,12610,0.12814910417577058,0.8577237642730058,0.7766578583940377,85805,0.04424300176620483,True,0.30951625693893736,0.9237869822485207,0.0037533074564931055,116.9419050542088,305.402126979917,0.1022651565622918,1.0,0.1337386018237082,0.231438127090301,0.25,0.25,0.14285714285714285,0.25,1.0,True,0.30951625693893736,0.922695035460993,0.003811588628177781,79.99088525805831,310.14439603240015,0.1022651565622918,1.0,0.1337386018237082,0.231438127090301,0.25,0.25,0.14285714285714285,0.25,1.0,True,0.6828707375099128,0.954868041694389,0.00474408737513259,8.07763847163782,386.02070087213116,0.9986675549633578,1.0,0.7254305977710233,0.2905239687848383,0.7142857142857143,1.0,0.7142857142857143,0.5,1.0,True,0.6828707375099128,0.9564589581250694,0.004569243860078563,8.47687542145132,371.79389371468153,0.9986675549633578,1.0,0.7254305977710233,0.2905239687848383,0.7142857142857143,1.0,0.7142857142857143,0.5,1.0,True,0.7179222839016653,0.8778241054979152,0.014686855264538239,4.789332151042527,1195.0518012257621,0.9996668887408394,1.0,0.7730496453900709,0.35696767001114826,0.9285714285714286,1.0,0.9285714285714286,0.875,1.0,Rule:Combined,fleet,40000,20000,0.25,B_fleet_size,CTT_Impala,FS-B,1,5,CIDv2_OpelAstra|CIDv2_RenaultClio|CTT_Silverado|CTT_Traverse|ROAD_ORNL
98401,12610,0.12814910417577058,0.9999138483190771,0.9996676909406955,85805,0.04424300176620483,True,0.8090404440919905,1.0,0.0,0.9982408611192563,0.0,0.9996668887408394,1.0,0.9246876055386694,0.5130434782608696,1.0,1.0,1.0,1.0,1.0,True,0.9462331482950039,0.9998324115971174,2.331246867387022e-05,0.9672910354683636,1.8969076209932731,1.0,1.0,0.9969604863221885,0.8508361204013378,1.0,1.0,1.0,1.0,1.0,True,0.9919111816019033,0.992225924163097,0.0011423109650196407,0.6376289863495358,92.94847342867038,1.0,1.0,0.9993245525160419,0.9777034559643255,1.0,1.0,1.0,1.0,1.0,True,0.9900079302141158,0.9945033059826336,0.0008042801692485225,0.6809789784227059,65.44331292426791,1.0,1.0,0.9993245525160419,0.9723522853957637,1.0,1.0,1.0,1.0,1.0,True,0.9995241871530531,0.9299099896709458,0.011073422620088355,0.22585788376617652,901.0311199718049,1.0,1.0,0.9993245525160419,0.999108138238573,1.0,1.0,1.0,1.0,1.0,HistGB,fleet,40000,20000,21.58,B_fleet_size,CTT_Impala,FS-B,0,5,CIDv2_Prototype|CTT_Forester|CTT_Silverado|CTT_Traverse|ROAD_ORNL
98401,12610,0.12814910417577058,0.9999042977867084,0.9997271857914907,85805,0.04424300176620483,True,0.8250594766058683,1.0,0.0,0.999345600605011,0.0,0.9986675549633578,0.9246068455134135,0.9202971968929415,0.5979933110367893,1.0,1.0,1.0,1.0,1.0,True,0.9658207771609834,0.9999178981937603,1.165623433693511e-05,0.9801549315452576,0.9484538104966366,1.0,1.0,0.9986491050320837,0.9047937569676701,1.0,1.0,1.0,1.0,1.0,True,0.9950832672482157,0.9939009900990099,0.0008975300439440035,0.8230565786361694,73.03094340824101,1.0,1.0,0.9993245525160419,0.9866220735785953,1.0,1.0,1.0,1.0,1.0,True,0.9944488501189532,0.9947643979057592,0.0007693114662377172,0.840225338935852,62.597951492778016,1.0,1.0,0.9993245525160419,0.9848383500557414,1.0,1.0,1.0,1.0,1.0,True,0.9996827914353688,0.9354407836153161,0.010140923873133546,0.47154945135116577,825.154815132074,1.0,1.0,0.999662276258021,0.9993311036789297,1.0,1.0,1.0,1.0,1.0,XGBoost,fleet,40000,20000,10.27,B_fleet_size,CTT_Impala,FS-B,0,5,CIDv2_Prototype|CTT_Forester|CTT_Silverado|CTT_Traverse|ROAD_ORNL
98401,12610,0.12814910417577058,0.8673909703709708,0.7756416861615406,85805,0.04424300176620483,True,0.30951625693893736,0.9237869822485207,0.0037533074564931055,112.1942273125547,305.402126979917,0.1022651565622918,1.0,0.1337386018237082,0.231438127090301,0.25,0.25,0.14285714285714285,0.25,1.0,True,0.30951625693893736,0.922695035460993,0.003811588628177781,76.74966194527926,310.14439603240015,0.1022651565622918,1.0,0.1337386018237082,0.231438127090301,0.25,0.25,0.14285714285714285,0.25,1.0,True,0.6873116574147502,0.9551465726250826,0.00474408737513259,7.768239775851708,386.02070087213116,0.9986675549633578,1.0,0.7254305977710233,0.30301003344481603,0.7857142857142857,1.0,0.7142857142857143,0.75,1.0,True,0.6828707375099128,0.9564589581250694,0.004569243860078563,8.15120025279558,371.79389371468153,0.9986675549633578,1.0,0.7254305977710233,0.2905239687848383,0.7142857142857143,1.0,0.7142857142857143,0.5,1.0,True,0.7069785884218874,0.8845123524159143,0.013567856768192468,5.706656203678543,1104.000235418085,0.9996668887408394,1.0,0.7389395474501858,0.3487179487179487,0.8571428571428571,1.0,0.8571428571428571,0.75,1.0,Rule:Combined,fleet,40000,20000,0.26,B_fleet_size,CTT_Impala,FS-B,0,5,CIDv2_Prototype|CTT_Forester|CTT_Silverado|CTT_Traverse|ROAD_ORNL
98401,12610,0.12814910417577058,0.9999293841105522,0.9996201607211802,85805,0.04424300176620483,True,0.788659793814433,1.0,0.0,0.9995910148960886,0.0,0.9843437708194537,0.9944495837187789,0.872678149273894,0.5030100334448161,1.0,1.0,1.0,1.0,1.0,True,0.9667724028548771,0.9999179790026247,1.165623433693511e-05,0.9615407020797694,0.9484538104966366,1.0,1.0,0.9989868287740629,0.9072463768115943,1.0,1.0,1.0,1.0,1.0,True,0.9905630452022205,0.9926885480410077,0.00107237355899803,0.733082294596908,87.25775056569057,1.0,1.0,0.999662276258021,0.9736900780379041,1.0,1.0,1.0,1.0,1.0,True,0.9884218873909596,0.9938601387449166,0.0008975300439440035,0.7645980659531777,73.03094340824101,1.0,1.0,0.999662276258021,0.967670011148272,1.0,1.0,1.0,1.0,1.0,True,0.9991276764472641,0.9331210191082803,0.010525579606252404,0.36189223364787604,856.4537908784628,1.0,1.0,0.999662276258021,0.9977703455964325,1.0,1.0,1.0,1.0,1.0,HistGB,fleet,40000,20000,27.69,B_fleet_size,CTT_Impala,FS-B,1,5,CIDv2_Prototype|CTT_Forester|CTT_Silverado|CTT_Traverse|ROAD_ORNL
98401,12610,0.12814910417577058,0.999827025549643,0.9991341155283152,85805,0.04424300176620483,True,0.8513084853291039,1.0,0.0,0.9992676377296448,0.0,0.9996668887408394,0.9717853839037928,0.9199594731509625,0.6486064659977704,1.0,1.0,1.0,1.0,1.0,True,0.9295796986518636,0.9998294097577619,2.331246867387022e-05,0.9907417297363281,1.8969076209932731,1.0,1.0,0.9949341438703141,0.8053511705685619,1.0,1.0,1.0,1.0,1.0,True,0.9842188739095955,0.9927211646136618,0.001060717324661095,0.9005700945854187,86.30929675519393,1.0,1.0,0.999662276258021,0.9558528428093646,1.0,1.0,1.0,1.0,1.0,True,0.9807295796986518,0.9943716330304736,0.0008159364035854577,0.9206412434577942,66.39176673476456,1.0,1.0,0.999662276258021,0.9460423634336678,1.0,1.0,1.0,1.0,1.0,True,0.9977795400475813,0.9337984265993766,0.010397361028546118,0.6210275292396545,846.0207989629997,1.0,1.0,0.999662276258021,0.9939799331103679,1.0,1.0,1.0,1.0,1.0,XGBoost,fleet,40000,20000,9.4,B_fleet_size,CTT_Impala,FS-B,1,5,CIDv2_Prototype|CTT_Forester|CTT_Silverado|CTT_Traverse|ROAD_ORNL
98401,12610,0.12814910417577058,0.8672962479838805,0.775680474559224,85805,0.04424300176620483,True,0.30951625693893736,0.9237869822485207,0.0037533074564931055,112.24781609046445,305.402126979917,0.1022651565622918,1.0,0.1337386018237082,0.231438127090301,0.25,0.25,0.14285714285714285,0.25,1.0,True,0.30951625693893736,0.922695035460993,0.003811588628177781,76.78551843080335,310.14439603240015,0.1022651565622918,1.0,0.1337386018237082,0.231438127090301,0.25,0.25,0.14285714285714285,0.25,1.0,True,0.6873116574147502,0.9551465726250826,0.00474408737513259,7.769586069632399,386.02070087213116,0.9986675549633578,1.0,0.7254305977710233,0.30301003344481603,0.7857142857142857,1.0,0.7142857142857143,0.75,1.0,True,0.6828707375099128,0.9564589581250694,0.004569243860078563,8.152738134964475,371.79389371468153,0.9986675549633578,1.0,0.7254305977710233,0.2905239687848383,0.7142857142857143,1.0,0.7142857142857143,0.5,1.0,True,0.7069785884218874,0.8849513599364701,0.013509575596507792,5.7255784970901,1099.2579663656018,0.9996668887408394,1.0,0.7389395474501858,0.3487179487179487,0.8571428571428571,1.0,0.8571428571428571,0.75,1.0,Rule:Combined,fleet,40000,20000,0.27,B_fleet_size,CTT_Impala,FS-B,1,5,CIDv2_Prototype|CTT_Forester|CTT_Silverado|CTT_Traverse|ROAD_ORNL
98401,12610,0.12814910417577058,0.9998563510083536,0.9994575856547542,85805,0.04424300176620483,True,0.7797779540047581,1.0,0.0,0.9976459647687245,0.0,0.9996668887408394,1.0,0.8622087132725431,0.47201783723522855,1.0,1.0,1.0,1.0,1.0,True,0.9730372720063442,0.9998370273794003,2.331246867387022e-05,0.8708408649055028,1.8969076209932731,1.0,1.0,0.9972982100641675,0.9259754738015608,1.0,1.0,1.0,1.0,1.0,True,0.9915146708961142,0.9924591204953167,0.0011073422620088355,0.46231470670796637,90.10311199718048,1.0,1.0,0.9989868287740629,0.9768115942028985,1.0,1.0,1.0,1.0,1.0,True,0.9908009516256939,0.9943493832073219,0.0008275926379223928,0.4977091015312577,67.34022054526119,1.0,1.0,0.9989868287740629,0.9748049052396879,1.0,1.0,1.0,1.0,1.0,True,0.998334655035686,0.9246419390378259,0.011959296429695423,0.1809095918497625,973.1136095695491,1.0,1.0,0.999662276258021,0.9955406911928651,1.0,1.0,1.0,1.0,1.0,HistGB,fleet,40000,20000,16.3,B_fleet_size,CTT_Impala,FS-B,0,5,CIDv2_RenaultClio|CTT_Forester|CTT_Silverado|CTT_Traverse|ROAD_ORNL
98401,12610,0.12814910417577058,0.9997257947132294,0.9986593185776289,85805,0.04424300176620483,True,0.8455194290245837,1.0,0.0,0.99752277135849,0.0,0.9996668887408394,1.0,0.922661263086795,0.6169453734671126,1.0,1.0,1.0,1.0,1.0,True,0.9409199048374306,0.9999157256025619,1.165623433693511e-05,0.9418559670448303,0.9484538104966366,1.0,1.0,0.9979736575481256,0.8352285395763657,1.0,1.0,1.0,1.0,1.0,True,0.9803330689928628,0.9911007776797883,0.0012938420113997972,0.7550211548805237,105.27837296512666,1.0,1.0,0.9993245525160419,0.9451505016722408,1.0,1.0,1.0,1.0,1.0,True,0.9783505154639175,0.9935572199404042,0.0009324987469548088,0.7795686721801758,75.87630483973092,1.0,1.0,0.9993245525160419,0.9395763656633221,1.0,1.0,1.0,1.0,1.0,True,0.9946867565424267,0.9243864691576388,0.011959296429695423,0.4289987087249756,973.1136095695491,1.0,1.0,0.999662276258021,0.9852842809364548,1.0,1.0,1.0,1.0,1.0,XGBoost,fleet,40000,20000,7.8,B_fleet_size,CTT_Impala,FS-B,0,5,CIDv2_RenaultClio|CTT_Forester|CTT_Silverado|CTT_Traverse|ROAD_ORNL
98401,12610,0.12814910417577058,0.8672335395691859,0.7754528517553027,85805,0.04424300176620483,True,0.30951625693893736,0.9237869822485207,0.0037533074564931055,115.02081509849853,305.402126979917,0.1022651565622918,1.0,0.1337386018237082,0.231438127090301,0.25,0.25,0.14285714285714285,0.25,1.0,True,0.30951625693893736,0.922695035460993,0.003811588628177781,78.68510455130411,310.14439603240015,0.1022651565622918,1.0,0.1337386018237082,0.231438127090301,0.25,0.25,0.14285714285714285,0.25,1.0,True,0.6873116574147502,0.9551465726250826,0.00474408737513259,7.969355518695524,386.02070087213116,0.9986675549633578,1.0,0.7254305977710233,0.30301003344481603,0.7857142857142857,1.0,0.7142857142857143,0.75,1.0,True,0.6828707375099128,0.9564589581250694,0.004569243860078563,8.36194436544988,371.79389371468153,0.9986675549633578,1.0,0.7254305977710233,0.2905239687848383,0.7142857142857143,1.0,0.7142857142857143,0.5,1.0,True,0.7070578905630452,0.884787139029473,0.013532888065181662,5.800732567807465,1101.154873986595,0.9996668887408394,1.0,0.7392772711921648,0.3487179487179487,0.8571428571428571,1.0,0.8571428571428571,0.75,1.0,Rule:Combined,fleet,40000,20000,0.28,B_fleet_size,CTT_Impala,FS-B,0,5,CIDv2_RenaultClio|CTT_Forester|CTT_Silverado|CTT_Traverse|ROAD_ORNL
98401,12610,0.12814910417577058,0.999551473464028,0.9977719128533381,85805,0.04424300176620483,True,0.8059476605868359,1.0,0.0,0.9980113401841464,0.0,0.9993337774816788,1.0,0.8291117865585951,0.567670011148272,1.0,1.0,1.0,1.0,1.0,True,0.9220459952418716,0.9998280161664803,2.331246867387022e-05,0.9515149454311369,1.8969076209932731,1.0,1.0,0.971968929415738,0.7993311036789298,1.0,1.0,1.0,1.0,1.0,True,0.9740681998413957,0.9929668552950687,0.0010140923873133546,0.6439981213306843,82.51548151320739,1.0,1.0,0.9956095913542722,0.9299888517279822,1.0,1.0,1.0,1.0,1.0,True,0.9720856463124504,0.9938381709096805,0.0008858738096070684,0.6688986851755951,72.08248959774438,1.0,1.0,0.9952718676122931,0.9246376811594202,1.0,1.0,1.0,1.0,1.0,True,0.9904837430610627,0.9239532475218227,0.011982608898369293,0.2551040363586104,975.0105171905424,1.0,1.0,0.9993245525160419,0.9736900780379041,1.0,1.0,1.0,1.0,1.0,HistGB,fleet,40000,20000,23.97,B_fleet_size,CTT_Impala,FS-B,1,5,CIDv2_RenaultClio|CTT_Forester|CTT_Silverado|CTT_Traverse|ROAD_ORNL
98401,12610,0.12814910417577058,0.9998928384419762,0.9996841519852689,85805,0.04424300176620483,True,0.7130055511498811,1.0,0.0,0.9992313385009766,0.0,0.9976682211858761,0.8427382053654024,0.7784532252617359,0.41672240802675586,1.0,1.0,1.0,1.0,1.0,True,0.9384615384615385,0.9996621050853185,4.662493734774044e-05,0.9462344646453857,3.7938152419865463,1.0,1.0,0.9756838905775076,0.8430323299888517,1.0,1.0,1.0,1.0,1.0,True,0.9976209357652657,0.9939164098917596,0.0008975300439440035,0.4313945174217224,73.03094340824101,1.0,1.0,0.9993245525160419,0.9937569676700111,1.0,1.0,1.0,1.0,1.0,True,0.9967486122125297,0.9952490300102937,0.0006993740602161066,0.4741080403327942,56.907228629798205,1.0,1.0,0.9993245525160419,0.991304347826087,1.0,1.0,1.0,1.0,1.0,True,0.999603489294211,0.9283399617027545,0.011341516009837863,0.13104088604450226,922.8455576132274,1.0,1.0,0.999662276258021,0.999108138238573,1.0,1.0,1.0,1.0,1.0,XGBoost,fleet,40000,20000,7.4,B_fleet_size,CTT_Impala,FS-B,1,5,CIDv2_RenaultClio|CTT_Forester|CTT_Silverado|CTT_Traverse|ROAD_ORNL
98401,12610,0.12814910417577058,0.8676264886991698,0.775608737420027,85805,0.04424300176620483,True,0.30951625693893736,0.9237869822485207,0.0037533074564931055,115.27924729707063,305.402126979917,0.1022651565622918,1.0,0.1337386018237082,0.231438127090301,0.25,0.25,0.14285714285714285,0.25,1.0,True,0.30951625693893736,0.922695035460993,0.003811588628177781,78.86152988783485,310.14439603240015,0.1022651565622918,1.0,0.1337386018237082,0.231438127090301,0.25,0.25,0.14285714285714285,0.25,1.0,True,0.6873116574147502,0.9551465726250826,0.00474408737513259,7.98615922711261,386.02070087213116,0.9986675549633578,1.0,0.7254305977710233,0.30301003344481603,0.7857142857142857,1.0,0.7142857142857143,0.75,1.0,True,0.6828707375099128,0.9564589581250694,0.004569243860078563,8.379634212105962,371.79389371468153,0.9986675549633578,1.0,0.7254305977710233,0.2905239687848383,0.7142857142857143,1.0,0.7142857142857143,0.5,1.0,True,0.7070578905630452,0.8832970081236378,0.01373104404890956,5.731167172659255,1117.278588765038,0.9996668887408394,1.0,0.7392772711921648,0.3487179487179487,0.8571428571428571,1.0,0.8571428571428571,0.75,1.0,Rule:Combined,fleet,40000,20000,0.25,B_fleet_size,CTT_Impala,FS-B,1,5,CIDv2_RenaultClio|CTT_Forester|CTT_Silverado|CTT_Traverse|ROAD_ORNL
98401,12610,0.12814910417577058,0.9942577396402308,0.9793614498988907,85805,0.04424300176620483,True,0.659238699444885,1.0,0.0,0.9997453220275571,0.0,0.9943371085942705,0.7983348751156337,0.7477203647416414,0.30947603121516165,0.9285714285714286,1.0,0.8571428571428571,1.0,1.0,True,0.8768437747819191,0.9999095677337674,1.165623433693511e-05,0.9516775953808223,0.9484538104966366,1.0,1.0,0.9787234042553191,0.6677814938684504,1.0,1.0,1.0,1.0,1.0,True,0.9164155432196669,0.9763433592429875,0.0032637456143418306,0.7940368270885493,265.56706693905824,1.0,1.0,0.994596420128335,0.768561872909699,1.0,1.0,1.0,1.0,1.0,True,0.9137985725614591,0.9797636255420458,0.0027741837721905562,0.8124848877301634,225.73200689819953,1.0,1.0,0.9935832489023978,0.7618729096989967,1.0,1.0,1.0,1.0,1.0,True,0.9476605868358445,0.8999171624369305,0.015491135433786761,0.4452226818220932,1260.49511415003,1.0,1.0,0.9983113812901047,0.8539576365663322,1.0,1.0,1.0,1.0,1.0,HistGB,fleet,40000,20000,19.61,B_fleet_size,CTT_Impala,FS-B,0,6,CIDv2_OpelAstra|CIDv2_Prototype|CIDv2_RenaultClio|CTT_Forester|CTT_Silverado|ROAD_ORNL
98401,12610,0.12814910417577058,0.9973359168022548,0.9877463297122536,85805,0.04424300176620483,True,0.7509119746233148,1.0,0.0,0.998429000377655,0.0,0.9990006662225184,0.9602220166512488,0.8020938872002702,0.45016722408026755,1.0,1.0,1.0,1.0,1.0,True,0.9051546391752577,0.9989497636968317,0.0001398748120432213,0.905271053314209,11.381445725959637,1.0,1.0,0.9875042215467748,0.7415830546265328,1.0,1.0,1.0,1.0,1.0,True,0.9324345757335448,0.9750393896674683,0.003508526535417468,0.6875170469284058,285.4845969594876,1.0,1.0,0.9969604863221885,0.8120401337792642,1.0,1.0,1.0,1.0,1.0,True,0.9303727200634417,0.9787269542003838,0.002972339755918453,0.7176974415779114,241.8557216766423,1.0,1.0,0.9966227625802094,0.8064659977703456,1.0,1.0,1.0,1.0,1.0,True,0.9582870737509913,0.9114496907527531,0.013684419111561819,0.36197522282600403,1113.4847735230514,1.0,1.0,0.9986491050320837,0.8836120401337793,1.0,1.0,1.0,1.0,1.0,XGBoost,fleet,40000,20000,7.64,B_fleet_size,CTT_Impala,FS-B,0,6,CIDv2_OpelAstra|CIDv2_Prototype|CIDv2_RenaultClio|CTT_Forester|CTT_Silverado|ROAD_ORNL
98401,12610,0.12814910417577058,0.860810158109655,0.7759506483276124,85805,0.04424300176620483,True,0.30951625693893736,0.9237869822485207,0.0037533074564931055,131.54149381269252,305.402126979917,0.1022651565622918,1.0,0.1337386018237082,0.231438127090301,0.25,0.25,0.14285714285714285,0.25,1.0,True,0.30951625693893736,0.922695035460993,0.003811588628177781,89.98405904582076,310.14439603240015,0.1022651565622918,1.0,0.1337386018237082,0.231438127090301,0.25,0.25,0.14285714285714285,0.25,1.0,True,0.675654242664552,0.9544079758037415,0.00474408737513259,9.105906860077503,386.02070087213116,0.9980013324450366,1.0,0.723404255319149,0.27201783723522854,0.7142857142857143,1.0,0.7142857142857143,0.5,1.0,True,0.675654242664552,0.9560143626570916,0.004569243860078563,9.554913777611286,371.79389371468153,0.9980013324450366,1.0,0.723404255319149,0.27201783723522854,0.7142857142857143,1.0,0.7142857142857143,0.5,1.0,True,0.7072164948453609,0.874313725490196,0.01494329241995081,5.3493012860588784,1215.917785056688,0.9996668887408394,1.0,0.7392772711921648,0.3491638795986622,0.9285714285714286,1.0,0.8571428571428571,1.0,1.0,Rule:Combined,fleet,40000,20000,0.23,B_fleet_size,CTT_Impala,FS-B,0,6,CIDv2_OpelAstra|CIDv2_Prototype|CIDv2_RenaultClio|CTT_Forester|CTT_Silverado|ROAD_ORNL
98401,12610,0.12814910417577058,0.9977291474011807,0.9881905229694241,85805,0.04424300176620483,True,0.7709754163362411,1.0,0.0,0.9953333247731793,0.0,0.9990006662225184,1.0,0.8780817291455589,0.43723522853957636,1.0,1.0,1.0,1.0,1.0,True,0.8754163362410785,0.9925373134328358,0.0009674674499656141,0.9337670644532169,78.72166627122084,1.0,1.0,0.9891928402566701,0.65685618729097,1.0,1.0,1.0,1.0,1.0,True,0.9275178429817605,0.9674110835401158,0.0045925563287524335,0.6726855889659793,373.6908013356748,1.0,1.0,0.9962850388382303,0.7986622073578595,1.0,1.0,1.0,1.0,1.0,True,0.9230769230769231,0.9697575606098475,0.004231213064307445,0.7149298030295334,344.2887332102791,1.0,1.0,0.9952718676122931,0.7868450390189521,1.0,1.0,1.0,1.0,1.0,True,0.9597145122918319,0.9015196662693683,0.015409541793428214,0.2837102118659326,1253.8559374765534,1.0,1.0,0.9993245525160419,0.8871794871794871,1.0,1.0,1.0,1.0,1.0,HistGB,fleet,40000,20000,20.36,B_fleet_size,CTT_Impala,FS-B,1,6,CIDv2_OpelAstra|CIDv2_Prototype|CIDv2_RenaultClio|CTT_Forester|CTT_Silverado|ROAD_ORNL
98401,12610,0.12814910417577058,0.9991678825986295,0.994680128248762,85805,0.04424300176620483,True,0.7183980967486122,1.0,0.0,0.998034656047821,0.0,0.9990006662225184,0.8987049028677151,0.8203309692671394,0.3763656633221851,0.9642857142857143,1.0,0.9285714285714286,1.0,1.0,True,0.898731165741475,0.9771512329712019,0.0030889020992878042,0.8499161601066589,251.3402597816087,1.0,1.0,0.9912191827085444,0.7210702341137124,1.0,1.0,1.0,1.0,1.0,True,0.9534496431403648,0.9681133746678476,0.004615868797426303,0.4267030358314514,375.5877089566681,1.0,1.0,0.9972982100641675,0.8709030100334448,1.0,1.0,1.0,1.0,1.0,True,0.9484536082474226,0.9690487765354076,0.004452681516709212,0.46260493993759155,362.30935560971517,1.0,1.0,0.9972982100641675,0.8568561872909699,1.0,1.0,1.0,1.0,1.0,True,0.9923869944488501,0.9064174996378386,0.015059854763320162,0.12244391441345215,1225.4023231616545,1.0,1.0,0.999662276258021,0.9788182831661093,1.0,1.0,1.0,1.0,1.0,XGBoost,fleet,40000,20000,7.8,B_fleet_size,CTT_Impala,FS-B,1,6,CIDv2_OpelAstra|CIDv2_Prototype|CIDv2_RenaultClio|CTT_Forester|CTT_Silverado|ROAD_ORNL
98401,12610,0.12814910417577058,0.860045425019997,0.7754910771681395,85805,0.04424300176620483,True,0.30951625693893736,0.9237869822485207,0.0037533074564931055,131.28771974918916,305.402126979917,0.1022651565622918,1.0,0.1337386018237082,0.231438127090301,0.25,0.25,0.14285714285714285,0.25,1.0,True,0.30951625693893736,0.922695035460993,0.003811588628177781,89.81144854080507,310.14439603240015,0.1022651565622918,1.0,0.1337386018237082,0.231438127090301,0.25,0.25,0.14285714285714285,0.25,1.0,True,0.675654242664552,0.9544079758037415,0.00474408737513259,9.09125253524876,386.02070087213116,0.9980013324450366,1.0,0.723404255319149,0.27201783723522854,0.7142857142857143,1.0,0.7142857142857143,0.5,1.0,True,0.675654242664552,0.9560143626570916,0.004569243860078563,9.53938252186953,371.79389371468153,0.9980013324450366,1.0,0.723404255319149,0.27201783723522854,0.7142857142857143,1.0,0.7142857142857143,0.5,1.0,True,0.7072164948453609,0.874313725490196,0.01494329241995081,5.34198378261799,1215.917785056688,0.9996668887408394,1.0,0.7392772711921648,0.3491638795986622,0.9285714285714286,1.0,0.8571428571428571,1.0,1.0,Rule:Combined,fleet,40000,20000,0.27,B_fleet_size,CTT_Impala,FS-B,1,6,CIDv2_OpelAstra|CIDv2_Prototype|CIDv2_RenaultClio|CTT_Forester|CTT_Silverado|ROAD_ORNL
98401,12610,0.12814910417577058,0.9979816744954318,0.9924514341256073,85805,0.04424300176620483,True,0.7152260111022998,1.0,0.0,0.9988743873711675,0.0,0.9930046635576283,0.9925994449583718,0.6754474839581223,0.421850613154961,0.9642857142857143,1.0,0.9285714285714286,1.0,1.0,True,0.8153846153846154,0.9998055231427461,2.331246867387022e-05,0.9792500334274588,1.8969076209932731,0.9990006662225184,1.0,0.8459979736575481,0.5832775919732441,1.0,1.0,1.0,1.0,1.0,True,0.9548770816812054,0.9929902688438067,0.0009907799186394844,0.40047401995994153,80.61857389221412,1.0,1.0,0.9918946301925026,0.8784838350055741,1.0,1.0,1.0,1.0,1.0,True,0.948295003965107,0.9954216265712145,0.0006410928885314311,0.4999841872316401,52.16495957731501,1.0,1.0,0.9881796690307328,0.8624303232998886,1.0,1.0,1.0,1.0,1.0,True,0.9770023790642347,0.9210526315789473,0.012308983459803476,0.09333244423048985,1001.5672238844483,1.0,1.0,0.999662276258021,0.9355629877369008,1.0,1.0,1.0,1.0,1.0,HistGB,fleet,40000,20000,20.11,B_fleet_size,CTT_Impala,FS-B,0,6,CIDv2_OpelAstra|CIDv2_Prototype|CIDv2_RenaultClio|CTT_Forester|CTT_Traverse|ROAD_ORNL
98401,12610,0.12814910417577058,0.9994505735500484,0.997331131754878,85805,0.04424300176620483,True,0.7681998413957177,1.0,0.0,0.9963991641998291,0.0,0.9983344437041972,0.9898242368177613,0.7987166497804795,0.48717948717948717,1.0,1.0,1.0,1.0,1.0,True,0.8269627279936558,0.999712395743457,3.4968703010805326e-05,0.9727265238761902,2.845361431489909,0.9993337774816788,1.0,0.8578183046268153,0.6078037904124861,1.0,1.0,1.0,1.0,1.0,True,0.9681998413957177,0.9913121143228321,0.0012472170740520567,0.4151672124862671,101.48455772314011,1.0,1.0,0.9932455251604188,0.9150501672240803,1.0,1.0,1.0,1.0,1.0,True,0.9618556701030928,0.99328474326427,0.000955811215628679,0.4834148585796356,77.7732124607242,1.0,1.0,0.9905437352245863,0.8989966555183947,1.0,1.0,1.0,1.0,1.0,True,0.9901665344964314,0.93095735162541,0.010793672996001912,0.14074940979480743,878.2682285198854,1.0,1.0,0.9989868287740629,0.9730211817168339,1.0,1.0,1.0,1.0,1.0,XGBoost,fleet,40000,20000,7.2,B_fleet_size,CTT_Impala,FS-B,0,6,CIDv2_OpelAstra|CIDv2_Prototype|CIDv2_RenaultClio|CTT_Forester|CTT_Traverse|ROAD_ORNL
98401,12610,0.12814910417577058,0.8620680779362264,0.7770300784512498,85805,0.04424300176620483,True,0.30951625693893736,0.9237869822485207,0.0037533074564931055,122.09459680042652,305.402126979917,0.1022651565622918,1.0,0.1337386018237082,0.231438127090301,0.25,0.25,0.14285714285714285,0.25,1.0,True,0.30951625693893736,0.922695035460993,0.003811588628177781,83.53287589351666,310.14439603240015,0.1022651565622918,1.0,0.1337386018237082,0.231438127090301,0.25,0.25,0.14285714285714285,0.25,1.0,True,0.6828707375099128,0.954868041694389,0.00474408737513259,8.484915172432421,386.02070087213116,0.9986675549633578,1.0,0.7254305977710233,0.2905239687848383,0.7142857142857143,1.0,0.7142857142857143,0.5,1.0,True,0.6828707375099128,0.9564589581250694,0.004569243860078563,8.901554927420671,371.79389371468153,0.9986675549633578,1.0,0.7254305977710233,0.2905239687848383,0.7142857142857143,1.0,0.7142857142857143,0.5,1.0,True,0.718080888183981,0.8760642414860681,0.014931636185613875,5.0,1214.9693312461914,0.9996668887408394,1.0,0.7730496453900709,0.35741360089186175,0.9642857142857143,1.0,0.9285714285714286,1.0,1.0,Rule:Combined,fleet,40000,20000,0.25,B_fleet_size,CTT_Impala,FS-B,0,6,CIDv2_OpelAstra|CIDv2_Prototype|CIDv2_RenaultClio|CTT_Forester|CTT_Traverse|ROAD_ORNL
98401,12610,0.12814910417577058,0.9987680783826944,0.9948287706555776,85805,0.04424300176620483,True,0.7835051546391752,1.0,0.0,0.9813462430982057,0.0,0.9996668887408394,1.0,0.8301249577845322,0.5036789297658862,1.0,1.0,1.0,1.0,1.0,True,0.8314829500396511,0.9999046347510967,1.165623433693511e-05,0.9299142578403197,0.9484538104966366,0.9996668887408394,1.0,0.8841607565011821,0.6028985507246377,1.0,1.0,1.0,1.0,1.0,True,0.9568596352101507,0.9900713875441044,0.0014104043547691482,0.30744714976766435,114.76291107009301,1.0,1.0,0.9793988517392773,0.8923076923076924,1.0,1.0,1.0,1.0,1.0,True,0.9516256938937351,0.9928843289756744,0.0010024361529764195,0.3581156738511608,81.56702770271076,1.0,1.0,0.9746707193515705,0.8807134894091416,1.0,1.0,1.0,1.0,1.0,True,0.9837430610626486,0.9200474671808945,0.012565420615216049,0.06743300550192953,1022.4332077153744,1.0,1.0,0.9979736575481256,0.9556298773690078,1.0,1.0,1.0,1.0,1.0,HistGB,fleet,40000,20000,21.74,B_fleet_size,CTT_Impala,FS-B,1,6,CIDv2_OpelAstra|CIDv2_Prototype|CIDv2_RenaultClio|CTT_Forester|CTT_Traverse|ROAD_ORNL
98401,12610,0.12814910417577058,0.9994691107525379,0.9976772377540477,85805,0.04424300176620483,True,0.7954004758128469,1.0,0.0,0.9843079447746277,0.0,0.9996668887408394,0.9990749306197965,0.8206686930091185,0.5438127090301004,1.0,1.0,1.0,1.0,1.0,True,0.886518636003172,0.9997317116794849,3.4968703010805326e-05,0.8651584386825562,2.845361431489909,1.0,1.0,0.9061127997298211,0.7429208472686734,1.0,1.0,1.0,1.0,1.0,True,0.9803330689928628,0.9940495336120939,0.0008625613409331981,0.29063400626182556,70.1855819767511,1.0,1.0,0.9935832489023978,0.9489409141583055,1.0,1.0,1.0,1.0,1.0,True,0.9781919111816019,0.9945174554543256,0.0007926239349115875,0.3157295882701874,64.49485911377128,1.0,1.0,0.9922323539344816,0.9438127090301003,1.0,1.0,1.0,1.0,1.0,True,0.9921490880253767,0.9301167199464724,0.010956860276719002,0.09080051630735397,891.5465818668384,1.0,1.0,0.9989868287740629,0.9785953177257525,1.0,1.0,1.0,1.0,1.0,XGBoost,fleet,40000,20000,7.01,B_fleet_size,CTT_Impala,FS-B,1,6,CIDv2_OpelAstra|CIDv2_Prototype|CIDv2_RenaultClio|CTT_Forester|CTT_Traverse|ROAD_ORNL
98401,12610,0.12814910417577058,0.8027866830268061,0.6544183700208742,85805,0.04424300176620483,True,0.5752577319587628,0.9998621640248104,1.165623433693511e-05,31250.000000000004,0.9484538104966366,0.9996668887408394,0.7146160962072156,0.8301249577845322,0.055741360089186176,0.75,1.0,0.7857142857142857,0.625,0.5,True,0.5752577319587628,0.9998621640248104,1.165623433693511e-05,31250.000000000004,0.9484538104966366,0.9996668887408394,0.7146160962072156,0.8301249577845322,0.055741360089186176,0.75,1.0,0.7857142857142857,0.625,0.5,True,0.5752577319587628,0.9998621640248104,1.165623433693511e-05,31250.000000000004,0.9484538104966366,0.9996668887408394,0.7146160962072156,0.8301249577845322,0.055741360089186176,0.75,1.0,0.7857142857142857,0.625,0.5,True,0.5752577319587628,0.9998621640248104,1.165623433693511e-05,31250.000000000004,0.9484538104966366,0.9996668887408394,0.7146160962072156,0.8301249577845322,0.055741360089186176,0.75,1.0,0.7857142857142857,0.625,0.5,True,0.5752577319587628,0.9998621640248104,1.165623433693511e-05,31250.000000000004,0.9484538104966366,0.9996668887408394,0.7146160962072156,0.8301249577845322,0.055741360089186176,0.75,1.0,0.7857142857142857,0.625,0.5,Rule:Combined,fleet,40000,20000,0.23,B_fleet_size,CTT_Impala,FS-B,1,6,CIDv2_OpelAstra|CIDv2_Prototype|CIDv2_RenaultClio|CTT_Forester|CTT_Traverse|ROAD_ORNL
98401,12610,0.12814910417577058,0.9999140498305035,0.999665947058043,85805,0.04424300176620483,True,0.7372720063441713,1.0,0.0,0.9853230965441213,0.0,0.9990006662225184,1.0,0.7977034785545424,0.3955406911928651,0.9642857142857143,1.0,0.9285714285714286,1.0,1.0,True,0.9740681998413957,0.9991865289188969,0.0001165623433693511,0.28054796501674867,9.484538104966365,1.0,1.0,0.9935832489023978,0.9313266443701226,1.0,1.0,1.0,1.0,1.0,True,0.9977002379064235,0.9872096672944131,0.0018999661969204228,0.045392798174103154,154.59797111095176,1.0,1.0,0.9986491050320837,0.9944258639910813,1.0,1.0,1.0,1.0,1.0,True,0.9972244250594766,0.9901574803149606,0.0014570292921168887,0.05080074609919718,118.55672631207958,1.0,1.0,0.9979736575481256,0.9935340022296544,1.0,1.0,1.0,1.0,1.0,True,0.9992069785884219,0.9113924050632911,0.014278887062745509,0.012332174881013954,1161.8559178583798,1.0,1.0,0.9993245525160419,0.9982162764771461,1.0,1.0,1.0,1.0,1.0,HistGB,fleet,40000,20000,19.18,B_fleet_size,CTT_Impala,FS-B,0,6,CIDv2_OpelAstra|CIDv2_Prototype|CIDv2_RenaultClio|CTT_Silverado|CTT_Traverse|ROAD_ORNL
98401,12610,0.12814910417577058,0.9998858641130252,0.9995129318506161,85805,0.04424300176620483,True,0.7095162569389374,1.0,0.0,0.9782199859619141,0.0,0.9980013324450366,0.9995374653098983,0.7446808510638298,0.3534002229654404,0.9642857142857143,1.0,0.9285714285714286,1.0,1.0,True,0.9570975416336241,0.9994203378602187,8.159364035854577e-05,0.4309022128582001,6.639176673476457,1.0,1.0,0.9696048632218845,0.8994425863991081,1.0,1.0,1.0,1.0,1.0,True,0.9950039651070579,0.9910742496050553,0.0013171544800736673,0.11946262419223785,107.17528058611992,1.0,1.0,0.9952718676122931,0.9890746934225195,1.0,1.0,1.0,1.0,1.0,True,0.994528152260111,0.992089233446721,0.001165623433693511,0.1320183426141739,94.84538104966366,1.0,1.0,0.994258696386356,0.9884057971014493,1.0,1.0,1.0,1.0,1.0,True,0.9986518636003172,0.9249357326478149,0.011912671492347681,0.03130682557821274,969.3197943275626,1.0,1.0,0.999662276258021,0.9964325529542921,1.0,1.0,1.0,1.0,1.0,XGBoost,fleet,40000,20000,7.61,B_fleet_size,CTT_Impala,FS-B,0,6,CIDv2_OpelAstra|CIDv2_Prototype|CIDv2_RenaultClio|CTT_Silverado|CTT_Traverse|ROAD_ORNL
98401,12610,0.12814910417577058,0.8582367162304355,0.7770472410696797,85805,0.04424300176620483,True,0.30951625693893736,0.9237869822485207,0.0037533074564931055,117.79166805991397,305.402126979917,0.1022651565622918,1.0,0.1337386018237082,0.231438127090301,0.25,0.25,0.14285714285714285,0.25,1.0,True,0.30951625693893736,0.922695035460993,0.003811588628177781,80.57097031788142,310.14439603240015,0.1022651565622918,1.0,0.1337386018237082,0.231438127090301,0.25,0.25,0.14285714285714285,0.25,1.0,True,0.6828707375099128,0.954868041694389,0.00474408737513259,8.132881222218884,386.02070087213116,0.9986675549633578,1.0,0.7254305977710233,0.2905239687848383,0.7142857142857143,1.0,0.7142857142857143,0.5,1.0,True,0.6828707375099128,0.9564589581250694,0.004569243860078563,8.535031904891177,371.79389371468153,0.9986675549633578,1.0,0.7254305977710233,0.2905239687848383,0.7142857142857143,1.0,0.7142857142857143,0.5,1.0,True,0.7179222839016653,0.8758707430340558,0.014954948654287746,4.775739228646799,1216.8662388671846,0.9996668887408394,1.0,0.7730496453900709,0.35696767001114826,0.9285714285714286,1.0,0.9285714285714286,0.875,1.0,Rule:Combined,fleet,40000,20000,0.27,B_fleet_size,CTT_Impala,FS-B,0,6,CIDv2_OpelAstra|CIDv2_Prototype|CIDv2_RenaultClio|CTT_Silverado|CTT_Traverse|ROAD_ORNL
98401,12610,0.12814910417577058,0.999880132129748,0.9994143297535967,85805,0.04424300176620483,True,0.7415543219666931,1.0,0.0,0.9960526603811186,0.0,0.9980013324450366,0.9879740980573543,0.7585275244849713,0.4399108138238573,0.9642857142857143,1.0,0.9285714285714286,1.0,1.0,True,0.9490087232355273,0.9998329016626285,2.331246867387022e-05,0.624282493486149,1.8969076209932731,1.0,1.0,0.9864910503208375,0.8655518394648829,1.0,1.0,1.0,1.0,1.0,True,0.992466296590008,0.992072929052715,0.001165623433693511,0.11981636889497921,94.84538104966366,1.0,1.0,0.9989868287740629,0.9794871794871794,1.0,1.0,1.0,1.0,1.0,True,0.991197462331483,0.9937191922404198,0.0009208425126178737,0.1285906236667845,74.92785102923429,1.0,1.0,0.9989868287740629,0.9759197324414716,1.0,1.0,1.0,1.0,1.0,True,0.9980967486122125,0.9186190788993505,0.012996701285682647,0.03994831718001847,1057.5259987037498,1.0,1.0,0.999662276258021,0.9948717948717949,1.0,1.0,1.0,1.0,1.0,HistGB,fleet,40000,20000,20.34,B_fleet_size,CTT_Impala,FS-B,1,6,CIDv2_OpelAstra|CIDv2_Prototype|CIDv2_RenaultClio|CTT_Silverado|CTT_Traverse|ROAD_ORNL
98401,12610,0.12814910417577058,0.9999367133954102,0.9997900181331608,85805,0.04424300176620483,True,0.7059476605868359,1.0,0.0,0.9900946021080017,0.0,0.9976682211858761,0.971322849213691,0.7318473488686255,0.3656633221850613,0.9642857142857143,1.0,0.9285714285714286,1.0,1.0,True,0.9537668517049961,0.9996675255589726,4.662493734774044e-05,0.473409503698349,3.7938152419865463,1.0,1.0,0.9881796690307328,0.8778149386845039,1.0,1.0,1.0,1.0,1.0,True,0.9984139571768438,0.9904027690371303,0.0014220605891060833,0.05163773521780968,115.71136488058964,1.0,1.0,0.9993245525160419,0.9959866220735786,1.0,1.0,1.0,1.0,1.0,True,0.9978588421887391,0.9940748933480803,0.0008742175752701332,0.06380999833345413,71.13403578724774,1.0,1.0,0.9993245525160419,0.9944258639910813,1.0,1.0,1.0,1.0,1.0,True,0.999603489294211,0.9186648203483712,0.013008357520019583,0.015928538516163826,1058.4744525142464,1.0,1.0,0.999662276258021,0.999108138238573,1.0,1.0,1.0,1.0,1.0,XGBoost,fleet,40000,20000,9.17,B_fleet_size,CTT_Impala,FS-B,1,6,CIDv2_OpelAstra|CIDv2_Prototype|CIDv2_RenaultClio|CTT_Silverado|CTT_Traverse|ROAD_ORNL
98401,12610,0.12814910417577058,0.857838923893488,0.7767405050435943,85805,0.04424300176620483,True,0.30951625693893736,0.9237869822485207,0.0037533074564931055,118.16739967889971,305.402126979917,0.1022651565622918,1.0,0.1337386018237082,0.231438127090301,0.25,0.25,0.14285714285714285,0.25,1.0,True,0.30951625693893736,0.922695035460993,0.003811588628177781,80.83008518708867,310.14439603240015,0.1022651565622918,1.0,0.1337386018237082,0.231438127090301,0.25,0.25,0.14285714285714285,0.25,1.0,True,0.6828707375099128,0.954868041694389,0.00474408737513259,8.16503918242226,386.02070087213116,0.9986675549633578,1.0,0.7254305977710233,0.2905239687848383,0.7142857142857143,1.0,0.7142857142857143,0.5,1.0,True,0.6828707375099128,0.9564589581250694,0.004569243860078563,8.56844984968322,371.79389371468153,0.9986675549633578,1.0,0.7254305977710233,0.2905239687848383,0.7142857142857143,1.0,0.7142857142857143,0.5,1.0,True,0.7179222839016653,0.8757860114153042,0.01496660488862468,4.798052476702036,1217.8146926776813,0.9996668887408394,1.0,0.7730496453900709,0.35696767001114826,0.9285714285714286,1.0,0.9285714285714286,0.875,1.0,Rule:Combined,fleet,40000,20000,0.27,B_fleet_size,CTT_Impala,FS-B,1,6,CIDv2_OpelAstra|CIDv2_Prototype|CIDv2_RenaultClio|CTT_Silverado|CTT_Traverse|ROAD_ORNL
98401,12610,0.12814910417577058,0.9983534159343459,0.9921214962312586,85805,0.04424300176620483,True,0.7342585249801744,1.0,0.0,0.9979299400158704,0.0,0.9996668887408394,0.9995374653098983,0.7875717662951706,0.3935340022296544,1.0,1.0,1.0,1.0,1.0,True,0.856304520222046,1.0,0.0,0.9351888498073563,0.0,0.9996668887408394,1.0,0.9790611279972982,0.6100334448160535,1.0,1.0,1.0,1.0,1.0,True,0.9233148295003966,0.9930910951893551,0.0009441549812917439,0.7019478871477741,76.82475865022757,1.0,1.0,0.9959473150962512,0.7870680044593088,1.0,1.0,1.0,1.0,1.0,True,0.9191911181601903,0.993741426611797,0.0008509051065962631,0.7213704548122095,69.23712816625448,1.0,1.0,0.9956095913542722,0.7756967670011148,1.0,1.0,1.0,1.0,1.0,True,0.9715305313243457,0.9311393174735882,0.01056054830926321,0.30630634821056646,859.2991523099527,1.0,1.0,0.9989868287740629,0.9206243032329989,1.0,1.0,1.0,1.0,1.0,HistGB,fleet,40000,20000,21.94,B_fleet_size,CTT_Impala,FS-B,0,6,CIDv2_OpelAstra|CIDv2_RenaultClio|CTT_Forester|CTT_Silverado|CTT_Traverse|ROAD_ORNL
98401,12610,0.12814910417577058,0.9997199555036889,0.9983445174804161,85805,0.04424300176620483,True,0.7443298969072165,1.0,0.0,0.9970042109489441,0.0,0.9993337774816788,0.9805735430157262,0.790273556231003,0.4294314381270903,1.0,1.0,1.0,1.0,1.0,True,0.8893735130848532,1.0,0.0,0.9160066843032837,0.0,0.9996668887408394,1.0,0.961161769672408,0.7148272017837235,1.0,1.0,1.0,1.0,1.0,True,0.9666137985725615,0.9926704129000733,0.0010490610903241598,0.5697676539421082,85.36084294469728,1.0,1.0,0.9983113812901047,0.9072463768115943,1.0,1.0,1.0,1.0,1.0,True,0.9624107850911975,0.9941836651101826,0.0008275926379223928,0.60621577501297,67.34022054526119,1.0,1.0,0.9979736575481256,0.8956521739130435,1.0,1.0,1.0,1.0,1.0,True,0.9937351308485329,0.9327130628954224,0.010537235840589338,0.22852814197540283,857.4022446889594,1.0,1.0,0.999662276258021,0.9826086956521739,1.0,1.0,1.0,1.0,1.0,XGBoost,fleet,40000,20000,8.48,B_fleet_size,CTT_Impala,FS-B,0,6,CIDv2_OpelAstra|CIDv2_RenaultClio|CTT_Forester|CTT_Silverado|CTT_Traverse|ROAD_ORNL
98401,12610,0.12814910417577058,0.9997098558989018,0.9991387658956492,85805,0.04424300176620483,True,0.45662172878667723,0.9996527777777777,2.331246867387022e-05,78125.0,1.8969076209932731,0.9996668887408394,0.0,0.7413036136440392,0.1253065774804905,0.75,1.0,0.9285714285714286,0.5,0.0,True,0.6801744647105472,0.9996503496503496,3.4968703010805326e-05,31250.0,2.845361431489909,0.9996668887408394,0.9708603145235892,0.9824383654170888,0.126644370122631,0.8214285714285714,1.0,1.0,0.5,0.5,True,0.999603489294211,0.9689445768314244,0.004709118672121784,8.894453623913266,383.17533944064115,1.0,1.0,0.9989868287740629,0.9995540691192865,1.0,1.0,1.0,1.0,1.0,True,0.999603489294211,0.9711093990755008,0.004371087876350667,9.467299615350957,355.67017893623876,1.0,1.0,0.9989868287740629,0.9995540691192865,1.0,1.0,1.0,1.0,1.0,True,0.999603489294211,0.9107658959537572,0.01439544940611486,5.071991079161254,1171.3404559633461,1.0,1.0,0.9989868287740629,0.9995540691192865,1.0,1.0,1.0,1.0,1.0,Rule:Combined,fleet,40000,20000,0.27,B_fleet_size,CTT_Impala,FS-B,0,6,CIDv2_OpelAstra|CIDv2_RenaultClio|CTT_Forester|CTT_Silverado|CTT_Traverse|ROAD_ORNL
98401,12610,0.12814910417577058,0.9998012043561483,0.998942158360989,85805,0.04424300176620483,True,0.7363996827914354,1.0,0.0,0.9985434879929113,0.0,0.9996668887408394,1.0,0.7835190813914218,0.4020066889632107,1.0,1.0,1.0,1.0,1.0,True,0.9371927042030135,0.9999153904729673,1.165623433693511e-05,0.8588528729805828,0.9484538104966366,1.0,1.0,0.9918946301925026,0.82876254180602,1.0,1.0,1.0,1.0,1.0,True,0.9817605075337034,0.9904792383390671,0.0013870918860952781,0.3944253351427241,112.86600344909976,1.0,1.0,0.9986491050320837,0.9496098104793756,1.0,1.0,1.0,1.0,1.0,True,0.9792228390166534,0.9919665809768637,0.001165623433693511,0.42945964767320116,94.84538104966366,1.0,1.0,0.9986491050320837,0.9424749163879599,1.0,1.0,1.0,1.0,1.0,True,0.9971451229183188,0.9186819609848762,0.012973388817008777,0.10074960063338105,1055.6290910827565,1.0,1.0,0.9993245525160419,0.9924191750278707,1.0,1.0,1.0,1.0,1.0,HistGB,fleet,40000,20000,20.88,B_fleet_size,CTT_Impala,FS-B,1,6,CIDv2_OpelAstra|CIDv2_RenaultClio|CTT_Forester|CTT_Silverado|CTT_Traverse|ROAD_ORNL
98401,12610,0.12814910417577058,0.9998546289175867,0.9993009329070871,85805,0.04424300176620483,True,0.7709754163362411,1.0,0.0,0.9970648884773254,0.0,0.9996668887408394,0.9972247918593895,0.8338399189463019,0.4673355629877369,1.0,1.0,1.0,1.0,1.0,True,0.937827121332276,0.9998309097057829,2.331246867387022e-05,0.8606777787208557,1.8969076209932731,1.0,1.0,0.9895305639986491,0.8321070234113712,1.0,1.0,1.0,1.0,1.0,True,0.9893735130848533,0.9911813776118217,0.0012938420113997972,0.4613867998123169,105.27837296512666,1.0,1.0,0.9989868287740629,0.9707915273132665,1.0,1.0,1.0,1.0,1.0,True,0.9876288659793815,0.9928252551020408,0.0010490610903241598,0.4944382607936859,85.36084294469728,1.0,1.0,0.9986491050320837,0.9661092530657748,1.0,1.0,1.0,1.0,1.0,True,0.9979381443298969,0.9205559619604975,0.012658670489911528,0.15308663249015808,1030.020838199347,1.0,1.0,0.9993245525160419,0.9946488294314382,1.0,1.0,1.0,1.0,1.0,XGBoost,fleet,40000,20000,9.76,B_fleet_size,CTT_Impala,FS-B,1,6,CIDv2_OpelAstra|CIDv2_RenaultClio|CTT_Forester|CTT_Silverado|CTT_Traverse|ROAD_ORNL
98401,12610,0.12814910417577058,0.9997155596890666,0.999139957152086,85805,0.04424300176620483,True,0.45662172878667723,0.9996527777777777,2.331246867387022e-05,78125.0,1.8969076209932731,0.9996668887408394,0.0,0.7413036136440392,0.1253065774804905,0.75,1.0,0.9285714285714286,0.5,0.0,True,0.6801744647105472,0.9996503496503496,3.4968703010805326e-05,31250.0,2.845361431489909,0.9996668887408394,0.9708603145235892,0.9824383654170888,0.126644370122631,0.8214285714285714,1.0,1.0,0.5,0.5,True,0.999603489294211,0.9689445768314244,0.004709118672121784,8.982192939695782,383.17533944064115,1.0,1.0,0.9989868287740629,0.9995540691192865,1.0,1.0,1.0,1.0,1.0,True,0.999603489294211,0.9711093990755008,0.004371087876350667,9.56026985906119,355.67017893623876,1.0,1.0,0.9989868287740629,0.9995540691192865,1.0,1.0,1.0,1.0,1.0,True,0.999603489294211,0.9108975285445874,0.01437213693744099,5.17645520954739,1169.4435483423529,1.0,1.0,0.9989868287740629,0.9995540691192865,1.0,1.0,1.0,1.0,1.0,Rule:Combined,fleet,40000,20000,0.26,B_fleet_size,CTT_Impala,FS-B,1,6,CIDv2_OpelAstra|CIDv2_RenaultClio|CTT_Forester|CTT_Silverado|CTT_Traverse|ROAD_ORNL
98401,12610,0.12814910417577058,0.9997604676196512,0.9988642263192761,85805,0.04424300176620483,True,0.7731958762886598,1.0,0.0,0.9990610963851906,0.0,0.9996668887408394,0.9907493061979649,0.8915906788247214,0.4385730211817168,1.0,1.0,1.0,1.0,1.0,True,0.9500396510705789,1.0,0.0,0.9019961862647247,0.0,1.0,1.0,0.9979736575481256,0.8608695652173913,1.0,1.0,1.0,1.0,1.0,True,0.9865186360031721,0.9913140489282014,0.001270529542725927,0.5493694573633467,103.38146534413337,1.0,1.0,0.9993245525160419,0.9625418060200669,1.0,1.0,1.0,1.0,1.0,True,0.9858049167327518,0.9930500079884965,0.0010140923873133546,0.5784717881439977,82.51548151320739,1.0,1.0,0.9993245525160419,0.9605351170568562,1.0,1.0,1.0,1.0,1.0,True,0.9956383822363204,0.927663661888577,0.011411453415859472,0.2220363921433794,928.5362804762071,1.0,1.0,0.999662276258021,0.9879598662207358,1.0,1.0,1.0,1.0,1.0,HistGB,fleet,40000,20000,20.23,B_fleet_size,CTT_Impala,FS-B,0,6,CIDv2_Prototype|CIDv2_RenaultClio|CTT_Forester|CTT_Silverado|CTT_Traverse|ROAD_ORNL
98401,12610,0.12814910417577058,0.9998437001579858,0.9992402271625596,85805,0.04424300176620483,True,0.8341792228390167,1.0,0.0,0.9973785877227783,0.0,0.9996668887408394,0.9953746530989824,0.922998986828774,0.5870680044593088,1.0,1.0,1.0,1.0,1.0,True,0.9386994448850119,1.0,0.0,0.9295035600662231,0.0,1.0,1.0,0.9972982100641675,0.8294314381270903,1.0,1.0,1.0,1.0,1.0,True,0.9845360824742269,0.9916134185303515,0.0012239046053781864,0.6423690319061279,99.58765010214684,1.0,1.0,0.9993245525160419,0.9569676700111482,1.0,1.0,1.0,1.0,1.0,True,0.9828707375099127,0.9931885567753826,0.0009907799186394844,0.6655071377754211,80.61857389221412,1.0,1.0,0.9993245525160419,0.9522853957636567,1.0,1.0,1.0,1.0,1.0,True,0.9978588421887391,0.9364441467589492,0.009954424123742584,0.3240896165370941,809.9795541641276,1.0,1.0,0.999662276258021,0.9942028985507246,1.0,1.0,1.0,1.0,1.0,XGBoost,fleet,40000,20000,10.09,B_fleet_size,CTT_Impala,FS-B,0,6,CIDv2_Prototype|CIDv2_RenaultClio|CTT_Forester|CTT_Silverado|CTT_Traverse|ROAD_ORNL
98401,12610,0.12814910417577058,0.8675832316832977,0.7758959457216394,85805,0.04424300176620483,True,0.30951625693893736,0.9237869822485207,0.0037533074564931055,113.38673398201445,305.402126979917,0.1022651565622918,1.0,0.1337386018237082,0.231438127090301,0.25,0.25,0.14285714285714285,0.25,1.0,True,0.30951625693893736,0.922695035460993,0.003811588628177781,77.56479602216912,310.14439603240015,0.1022651565622918,1.0,0.1337386018237082,0.231438127090301,0.25,0.25,0.14285714285714285,0.25,1.0,True,0.6873116574147502,0.9551465726250826,0.00474408737513259,7.848940825074822,386.02070087213116,0.9986675549633578,1.0,0.7254305977710233,0.30301003344481603,0.7857142857142857,1.0,0.7142857142857143,0.75,1.0,True,0.6828707375099128,0.9564589581250694,0.004569243860078563,8.23597862068627,371.79389371468153,0.9986675549633578,1.0,0.7254305977710233,0.2905239687848383,0.7142857142857143,1.0,0.7142857142857143,0.5,1.0,True,0.7070578905630452,0.8832970081236378,0.01373104404890956,5.628890099000543,1117.278588765038,0.9996668887408394,1.0,0.7392772711921648,0.3487179487179487,0.8571428571428571,1.0,0.8571428571428571,0.75,1.0,Rule:Combined,fleet,40000,20000,0.23,B_fleet_size,CTT_Impala,FS-B,0,6,CIDv2_Prototype|CIDv2_RenaultClio|CTT_Forester|CTT_Silverado|CTT_Traverse|ROAD_ORNL
98401,12610,0.12814910417577058,0.9998398085841111,0.999194634610914,85805,0.04424300176620483,True,0.4681205392545599,1.0,0.0,0.9998612382536016,0.0,0.977348434377082,0.1780758556891767,0.707531239446133,0.10903010033444815,0.8571428571428571,1.0,0.7857142857142857,0.875,1.0,True,0.9572561459159398,0.9995859556144419,5.828117168467555e-05,0.9337030502975954,4.7422690524831825,1.0,1.0,0.9952718676122931,0.882943143812709,1.0,1.0,1.0,1.0,1.0,True,0.982315622521808,0.9920711196540125,0.0011539671993565758,0.7152763151852721,93.89692723916703,1.0,1.0,0.9986491050320837,0.9511705685618729,1.0,1.0,1.0,1.0,1.0,True,0.9804123711340206,0.9938901840984002,0.0008858738096070684,0.746621462504077,72.08248959774438,1.0,1.0,0.9983113812901047,0.9460423634336678,1.0,1.0,1.0,1.0,1.0,True,0.9981760507533703,0.9316112796980238,0.010770360527328042,0.2746590560174387,876.3713208988922,1.0,1.0,0.999662276258021,0.9950947603121516,1.0,1.0,1.0,1.0,1.0,HistGB,fleet,40000,20000,26.41,B_fleet_size,CTT_Impala,FS-B,1,6,CIDv2_Prototype|CIDv2_RenaultClio|CTT_Forester|CTT_Silverado|CTT_Traverse|ROAD_ORNL
98401,12610,0.12814910417577058,0.9998961097673781,0.999501725428827,85805,0.04424300176620483,True,0.8749405233941316,1.0,0.0,0.9974289536476135,0.0,0.9996668887408394,0.9893617021276596,0.9530563998649105,0.684726867335563,1.0,1.0,1.0,1.0,1.0,True,0.9291831879460746,0.9999146612049837,1.165623433693511e-05,0.9804723858833313,0.9484538104966366,1.0,1.0,0.9848024316109423,0.8109253065774805,1.0,1.0,1.0,1.0,1.0,True,0.9871530531324346,0.992030602486452,0.001165623433693511,0.8110276460647583,94.84538104966366,1.0,1.0,0.9989868287740629,0.9645484949832775,1.0,1.0,1.0,1.0,1.0,True,0.9843774781919112,0.993516888106291,0.0009441549812917439,0.8340432047843933,76.82475865022757,1.0,1.0,0.9989868287740629,0.9567447045707915,1.0,1.0,1.0,1.0,1.0,True,0.9995241871530531,0.9326624241527305,0.01060717324661095,0.35080158710479736,863.0929675519393,1.0,1.0,0.999662276258021,0.9988851727982163,1.0,1.0,1.0,1.0,1.0,XGBoost,fleet,40000,20000,8.37,B_fleet_size,CTT_Impala,FS-B,1,6,CIDv2_Prototype|CIDv2_RenaultClio|CTT_Forester|CTT_Silverado|CTT_Traverse|ROAD_ORNL
98401,12610,0.12814910417577058,0.8671873144194155,0.7756613156859729,85805,0.04424300176620483,True,0.30951625693893736,0.9237869822485207,0.0037533074564931055,112.97046618257403,305.402126979917,0.1022651565622918,1.0,0.1337386018237082,0.231438127090301,0.25,0.25,0.14285714285714285,0.25,1.0,True,0.30951625693893736,0.922695035460993,0.003811588628177781,77.281900867427,310.14439603240015,0.1022651565622918,1.0,0.1337386018237082,0.231438127090301,0.25,0.25,0.14285714285714285,0.25,1.0,True,0.6873116574147502,0.9551465726250826,0.00474408737513259,7.825609270668469,386.02070087213116,0.9986675549633578,1.0,0.7254305977710233,0.30301003344481603,0.7857142857142857,1.0,0.7142857142857143,0.75,1.0,True,0.6828707375099128,0.9564589581250694,0.004569243860078563,8.211206042780386,371.79389371468153,0.9986675549633578,1.0,0.7254305977710233,0.2905239687848383,0.7142857142857143,1.0,0.7142857142857143,0.5,1.0,True,0.7070578905630452,0.8850506253722454,0.013497919362170856,5.7109584995949145,1098.3095125551051,0.9996668887408394,1.0,0.7392772711921648,0.3487179487179487,0.8571428571428571,1.0,0.8571428571428571,0.75,1.0,Rule:Combined,fleet,40000,20000,0.24,B_fleet_size,CTT_Impala,FS-B,1,6,CIDv2_Prototype|CIDv2_RenaultClio|CTT_Forester|CTT_Silverado|CTT_Traverse|ROAD_ORNL
98401,12610,0.12814910417577058,0.9997208918847661,0.9987319319216352,85805,0.04424300176620483,True,0.7355273592386995,1.0,0.0,0.999324813484181,0.0,0.9986675549633578,0.9639222941720629,0.795339412360689,0.40981047937569676,0.9642857142857143,1.0,0.9285714285714286,1.0,1.0,True,0.9222045995241872,0.9999140154772141,1.165623433693511e-05,0.9209683861247001,0.9484538104966366,1.0,1.0,0.9932455251604188,0.7857302118171683,1.0,1.0,1.0,1.0,1.0,True,0.9798572561459159,0.991653290529695,0.0012122483710412515,0.4749371445601747,98.63919629165021,1.0,1.0,0.9989868287740629,0.9440356744704571,1.0,1.0,1.0,1.0,1.0,True,0.9774781919111816,0.9937918245585745,0.0008975300439440035,0.5209389462885984,73.03094340824101,1.0,1.0,0.9989868287740629,0.9373467112597548,1.0,1.0,1.0,1.0,1.0,True,0.9959555908009516,0.9276165152522343,0.011423109650196408,0.2124325436314181,929.4847342867039,1.0,1.0,0.999662276258021,0.9888517279821628,1.0,1.0,1.0,1.0,1.0,HistGB,fleet,40000,20000,18.38,B_fleet_size,CTT_Impala,FS-B,0,7,CIDv2_OpelAstra|CIDv2_Prototype|CIDv2_RenaultClio|CTT_Forester|CTT_Silverado|CTT_Traverse|ROAD_ORNL
98401,12610,0.12814910417577058,0.9999054199650182,0.9996703601174568,85805,0.04424300176620483,True,0.7517049960348929,1.0,0.0,0.9979302883148193,0.0,0.9980013324450366,0.9990749306197965,0.7993920972644377,0.4361204013377926,1.0,1.0,1.0,1.0,1.0,True,0.9315622521808089,0.9995745405037441,5.828117168467555e-05,0.866054117679596,4.7422690524831825,1.0,1.0,0.9891928402566701,0.8147157190635451,1.0,1.0,1.0,1.0,1.0,True,0.9969072164948454,0.9929699842022117,0.0010374048559872247,0.31917595863342285,84.41238913420065,1.0,1.0,0.9993245525160419,0.9917502787068004,1.0,1.0,1.0,1.0,1.0,True,0.9957176843774782,0.9947710347013151,0.0007693114662377172,0.369486540555954,62.597951492778016,1.0,1.0,0.9993245525160419,0.9884057971014493,1.0,1.0,1.0,1.0,1.0,True,0.9992069785884219,0.9332642026516554,0.010502267137578535,0.1337718963623047,854.5568832574696,1.0,1.0,0.9993245525160419,0.9982162764771461,1.0,1.0,1.0,1.0,1.0,XGBoost,fleet,40000,20000,8.03,B_fleet_size,CTT_Impala,FS-B,0,7,CIDv2_OpelAstra|CIDv2_Prototype|CIDv2_RenaultClio|CTT_Forester|CTT_Silverado|CTT_Traverse|ROAD_ORNL
98401,12610,0.12814910417577058,0.9997087859471773,0.9991392591302454,85805,0.04424300176620483,True,0.45662172878667723,0.9996527777777777,2.331246867387022e-05,78125.0,1.8969076209932731,0.9996668887408394,0.0,0.7413036136440392,0.1253065774804905,0.75,1.0,0.9285714285714286,0.5,0.0,True,0.6801744647105472,0.9996503496503496,3.4968703010805326e-05,31250.0,2.845361431489909,0.9996668887408394,0.9708603145235892,0.9824383654170888,0.126644370122631,0.8214285714285714,1.0,1.0,0.5,0.5,True,0.999603489294211,0.9689445768314244,0.004709118672121784,8.80604132358153,383.17533944064115,1.0,1.0,0.9989868287740629,0.9995540691192865,1.0,1.0,1.0,1.0,1.0,True,0.999603489294211,0.9711093990755008,0.004371087876350667,9.373795695780965,355.67017893623876,1.0,1.0,0.9989868287740629,0.9995540691192865,1.0,1.0,1.0,1.0,1.0,True,0.999603489294211,0.9103712263469594,0.014465386812136471,4.981705676663232,1177.0311788263261,1.0,1.0,0.9989868287740629,0.9995540691192865,1.0,1.0,1.0,1.0,1.0,Rule:Combined,fleet,40000,20000,0.25,B_fleet_size,CTT_Impala,FS-B,0,7,CIDv2_OpelAstra|CIDv2_Prototype|CIDv2_RenaultClio|CTT_Forester|CTT_Silverado|CTT_Traverse|ROAD_ORNL
98401,12610,0.12814910417577058,0.9994661250557172,0.9973045464721795,85805,0.04424300176620483,True,0.7111022997620936,1.0,0.0,0.99926652463946,0.0,0.9986675549633578,0.9824236817761333,0.7713610266801756,0.3480490523968785,0.9285714285714286,1.0,0.8571428571428571,1.0,1.0,True,0.9014274385408406,0.9998240830328086,2.331246867387022e-05,0.8802059558635471,1.8969076209932731,0.9996668887408394,1.0,0.9908814589665653,0.7290969899665551,1.0,1.0,1.0,1.0,1.0,True,0.9681205392545599,0.9917946218214315,0.001177279668030446,0.40959951598748895,95.79383486016029,1.0,1.0,0.9983113812901047,0.9114827201783724,1.0,1.0,1.0,1.0,1.0,True,0.9655828707375099,0.9942026618763778,0.0008275926379223928,0.4397082242553735,67.34022054526119,1.0,1.0,0.9979736575481256,0.9045707915273132,1.0,1.0,1.0,1.0,1.0,True,0.9888183980967487,0.9215135614514818,0.012378920865825087,0.14978601059650187,1007.257946747428,1.0,1.0,0.9993245525160419,0.9690078037904125,1.0,1.0,1.0,1.0,1.0,HistGB,fleet,40000,20000,24.33,B_fleet_size,CTT_Impala,FS-B,1,7,CIDv2_OpelAstra|CIDv2_Prototype|CIDv2_RenaultClio|CTT_Forester|CTT_Silverado|CTT_Traverse|ROAD_ORNL
98401,12610,0.12814910417577058,0.9997960390082121,0.9989044396099666,85805,0.04424300176620483,True,0.765107057890563,1.0,0.0,0.9957721829414368,0.0,0.9996668887408394,0.9916743755781684,0.8463356973995272,0.44526198439241915,1.0,1.0,1.0,1.0,1.0,True,0.9097541633624108,0.9999128388390134,1.165623433693511e-05,0.8935127854347229,0.9484538104966366,1.0,1.0,0.9935832489023978,0.7505016722408027,1.0,1.0,1.0,1.0,1.0,True,0.975178429817605,0.9912938331318016,0.0012588733083889918,0.5474604964256287,102.43301153363674,1.0,1.0,0.9989868287740629,0.9308807134894092,1.0,1.0,1.0,1.0,1.0,True,0.970578905630452,0.9936672891126086,0.0009091862782809385,0.5857008099555969,73.97939721873765,1.0,1.0,0.9989868287740629,0.9179487179487179,1.0,1.0,1.0,1.0,1.0,True,0.9973830293417922,0.9238962756188938,0.012075858773064774,0.20299990475177765,982.5981476745155,1.0,1.0,0.999662276258021,0.9928651059085841,1.0,1.0,1.0,1.0,1.0,XGBoost,fleet,40000,20000,12.95,B_fleet_size,CTT_Impala,FS-B,1,7,CIDv2_OpelAstra|CIDv2_Prototype|CIDv2_RenaultClio|CTT_Forester|CTT_Silverado|CTT_Traverse|ROAD_ORNL
98401,12610,0.12814910417577058,0.9997099099742157,0.9991394279311272,85805,0.04424300176620483,True,0.45662172878667723,0.9996527777777777,2.331246867387022e-05,78125.0,1.8969076209932731,0.9996668887408394,0.0,0.7413036136440392,0.1253065774804905,0.75,1.0,0.9285714285714286,0.5,0.0,True,0.6801744647105472,0.9996503496503496,3.4968703010805326e-05,31250.0,2.845361431489909,0.9996668887408394,0.9708603145235892,0.9824383654170888,0.126644370122631,0.8214285714285714,1.0,1.0,0.5,0.5,True,0.999603489294211,0.9689445768314244,0.004709118672121784,8.71818483342414,383.17533944064115,1.0,1.0,0.9989868287740629,0.9995540691192865,1.0,1.0,1.0,1.0,1.0,True,0.999603489294211,0.9711093990755008,0.004371087876350667,9.280033150612748,355.67017893623876,1.0,1.0,0.9989868287740629,0.9995540691192865,1.0,1.0,1.0,1.0,1.0,True,0.999603489294211,0.9108975285445874,0.01437213693744099,5.007473951161394,1169.4435483423529,1.0,1.0,0.9989868287740629,0.9995540691192865,1.0,1.0,1.0,1.0,1.0,Rule:Combined,fleet,40000,20000,0.23,B_fleet_size,CTT_Impala,FS-B,1,7,CIDv2_OpelAstra|CIDv2_Prototype|CIDv2_RenaultClio|CTT_Forester|CTT_Silverado|CTT_Traverse|ROAD_ORNL
98401,12610,0.12814910417577058,0.5428734014355064,0.3211222010857495,85805,0.04424300176620483,True,0.05091197462331483,1.0,0.0,0.4126874480041441,0.0,0.21352431712191872,0.0,0.00033772374197906115,0.0,0.17857142857142858,1.0,0.07142857142857142,0.0,0.0,True,0.08136399682791436,0.996116504854369,4.662493734774044e-05,0.3028016584010926,3.7938152419865463,0.33644237175216524,0.0,0.005403579871664978,0.0,0.35714285714285715,1.0,0.42857142857142855,0.0,0.0,True,0.1154639175257732,0.9522563767168084,0.0008509051065962631,0.24354471069961475,69.23712816625448,0.4693537641572285,0.0027752081406105457,0.013508949679162444,0.0002229654403567447,0.42857142857142855,1.0,0.42857142857142855,0.125,0.5,True,0.11451229183187946,0.9588313413014609,0.0007226865288899768,0.24540224219386153,58.804136250791466,0.46668887408394405,0.002312673450508788,0.012495778453225262,0.0002229654403567447,0.42857142857142855,1.0,0.42857142857142855,0.125,0.5,True,0.17922283901665345,0.7705421070576202,0.00784464570875733,0.1876827743820921,638.3094144642365,0.7018654230512992,0.012950971322849213,0.03613644039175954,0.004013377926421404,0.7857142857142857,1.0,0.8571428571428571,0.625,0.5,HistGB,fleet,40000,952,9.7,B_fleet_size,CTT_Impala,FS-A,0,1,CIDv2_OpelAstra
98401,12610,0.12814910417577058,0.6244143668920942,0.4200001332502064,85805,0.04424300176620483,True,0.22910388580491672,1.0,0.0,0.22663436830043793,0.0,0.9620253164556962,0.0,0.00033772374197906115,0.0,0.17857142857142858,1.0,0.07142857142857142,0.0,0.0,True,0.2394131641554322,0.9983465608465608,5.828117168467555e-05,0.0853988453745842,4.7422690524831825,0.9963357761492339,0.00046253469010175765,0.00911854103343465,0.0,0.39285714285714285,1.0,0.42857142857142855,0.0,0.5,True,0.24734337827121333,0.9759073842302879,0.0008975300439440035,0.03694676607847214,73.03094340824101,0.9973351099267155,0.0018501387604070306,0.03951367781155015,0.0008918617614269788,0.5357142857142857,1.0,0.5,0.375,0.5,True,0.24528152260111022,0.9812817258883249,0.0006877178258791715,0.040132611989974976,55.95877481930156,0.997001998667555,0.0018501387604070306,0.031070584262073625,0.0008918617614269788,0.5357142857142857,1.0,0.5,0.375,0.5,True,0.2624107850911975,0.8701025506179332,0.0057581797624459445,0.017485760152339935,468.5361823853385,0.9983344437041972,0.006938020351526364,0.08983451536643026,0.0069119286510590855,0.6071428571428571,1.0,0.5,0.5,1.0,XGBoost,fleet,40000,952,9.46,B_fleet_size,CTT_Impala,FS-A,0,1,CIDv2_OpelAstra
98401,12610,0.12814910417577058,0.545392986150776,0.3345954579754884,85805,0.04424300176620483,True,0.045043616177636796,0.9964912280701754,2.331246867387022e-05,0.5862757228012007,1.8969076209932731,0.18887408394403732,0.0,0.00033772374197906115,0.0,0.17857142857142858,1.0,0.07142857142857142,0.0,0.0,True,0.08366375892149087,0.9934086629001884,8.159364035854577e-05,0.44223870814493493,6.639176673476457,0.34843437708194536,0.0,0.00303951367781155,0.0,0.35714285714285715,1.0,0.42857142857142855,0.0,0.0,True,0.13957176843774782,0.9565217391304348,0.0009324987469548088,0.3330666046053402,75.87630483973092,0.5736175882744837,0.0009250693802035153,0.01182033096926714,0.0002229654403567447,0.5,1.0,0.5714285714285714,0.125,0.5,True,0.13037272006344172,0.9619660620245758,0.0007576552319007821,0.3565184967762917,61.64949768228137,0.536309127248501,0.00046253469010175765,0.011144883485309016,0.0,0.4642857142857143,1.0,0.5714285714285714,0.0,0.5,True,0.2049960348929421,0.7551855097867368,0.009767924374351622,0.21675625175577465,794.8042931961813,0.8051299133910726,0.005550416281221091,0.041202296521445456,0.00758082497212932,0.8928571428571429,1.0,0.8571428571428571,1.0,0.5,HistGB,fleet,40000,952,9.29,B_fleet_size,CTT_Impala,FS-A,1,1,CIDv2_OpelAstra
98401,12610,0.12814910417577058,0.6271494269435622,0.42487781070620007,85805,0.04424300176620483,True,0.20079302141157812,1.0,0.0,0.258048415184021,0.0,0.8427714856762158,0.0,0.0006754474839581223,0.0,0.17857142857142858,1.0,0.07142857142857142,0.0,0.0,True,0.2330689928628073,0.9989802855200544,3.4968703010805326e-05,0.1346612423658371,2.845361431489909,0.975016655562958,0.0,0.004052684903748734,0.0,0.25,1.0,0.21428571428571427,0.0,0.0,True,0.2451229183187946,0.9756944444444444,0.0008975300439440035,0.035224009305238724,73.03094340824101,0.997001998667555,0.0013876040703052729,0.031408308004052685,0.0004459308807134894,0.4642857142857143,1.0,0.5,0.125,0.5,True,0.24401268834258524,0.979624323463865,0.0007459989975638471,0.03984406590461731,60.70104387178474,0.997001998667555,0.0013876040703052729,0.02701789935832489,0.0002229654403567447,0.4642857142857143,1.0,0.5,0.125,0.5,True,0.2685170499603489,0.8348126232741617,0.007809677005746523,0.01079705823212862,635.4640530327465,0.9986675549633578,0.01156336725254394,0.11415062478892266,0.005574136008918618,0.6428571428571429,1.0,0.5714285714285714,0.5,1.0,XGBoost,fleet,40000,952,8.44,B_fleet_size,CTT_Impala,FS-A,1,1,CIDv2_OpelAstra
98401,12610,0.12814910417577058,0.4998810467882633,0.1281225270314505,85805,0.04424300176620483,True,0.0,0.0,0.0,0.9964539601686093,0.0,0.0,0.0,0.0,0.0,0.0,0.0,0.0,0.0,0.0,True,0.0,0.0,0.0,0.9964539601686093,0.0,0.0,0.0,0.0,0.0,0.0,0.0,0.0,0.0,0.0,True,0.0,0.0,0.0,0.9964539601686093,0.0,0.0,0.0,0.0,0.0,0.0,0.0,0.0,0.0,0.0,True,0.0,0.0,0.0,0.9964539601686093,0.0,0.0,0.0,0.0,0.0,0.0,0.0,0.0,0.0,0.0,True,0.0,0.0,0.0,0.9964539601686093,0.0,0.0,0.0,0.0,0.0,0.0,0.0,0.0,0.0,0.0,HistGB,fleet,17309,864,11.95,B_fleet_size,CTT_Impala,FS-A,0,1,CIDv2_RenaultClio
98401,12610,0.12814910417577058,0.6678545455584104,0.21842529744545172,85805,0.04424300176620483,True,0.0,0.0,1.165623433693511e-05,0.999984860420227,0.9484538104966366,0.0,0.0,0.0,0.0,0.0,0.0,0.0,0.0,0.0,True,0.0,0.0,9.324987469548088e-05,0.9999822378158569,7.587630483973093,0.0,0.0,0.0,0.0,0.0,0.0,0.0,0.0,0.0,True,0.00031720856463124506,0.0425531914893617,0.0010490610903241598,0.9999758005142212,85.36084294469728,0.0,0.0,0.0,0.0008918617614269788,0.07142857142857142,0.0,0.0,0.25,0.0,True,0.00023790642347343378,0.04054054054054054,0.0008275926379223928,0.999976634979248,67.34022054526119,0.0,0.0,0.0,0.0006688963210702341,0.03571428571428571,0.0,0.0,0.125,0.0,True,0.008406026962727993,0.11134453781512606,0.009861174249047103,0.9999576807022095,802.3919236801545,0.025649566955363093,0.0009250693802035153,0.0016886187098953055,0.004905239687848384,0.35714285714285715,0.75,0.21428571428571427,0.375,0.5,XGBoost,fleet,17309,864,28.19,B_fleet_size,CTT_Impala,FS-A,0,1,CIDv2_RenaultClio
98401,12610,0.12814910417577058,0.4998810467882633,0.1281225270314505,85805,0.04424300176620483,True,0.0,0.0,0.0,0.9964539601686093,0.0,0.0,0.0,0.0,0.0,0.0,0.0,0.0,0.0,0.0,True,0.0,0.0,0.0,0.9964539601686093,0.0,0.0,0.0,0.0,0.0,0.0,0.0,0.0,0.0,0.0,True,0.0,0.0,0.0,0.9964539601686093,0.0,0.0,0.0,0.0,0.0,0.0,0.0,0.0,0.0,0.0,True,0.0,0.0,0.0,0.9964539601686093,0.0,0.0,0.0,0.0,0.0,0.0,0.0,0.0,0.0,0.0,True,0.0,0.0,0.0,0.9964539601686093,0.0,0.0,0.0,0.0,0.0,0.0,0.0,0.0,0.0,0.0,HistGB,fleet,17309,864,6.32,B_fleet_size,CTT_Impala,FS-A,1,1,CIDv2_RenaultClio
98401,12610,0.12814910417577058,0.6678545455584104,0.21842529744545172,85805,0.04424300176620483,True,0.0,0.0,1.165623433693511e-05,0.999984860420227,0.9484538104966366,0.0,0.0,0.0,0.0,0.0,0.0,0.0,0.0,0.0,True,0.0,0.0,9.324987469548088e-05,0.9999822378158569,7.587630483973093,0.0,0.0,0.0,0.0,0.0,0.0,0.0,0.0,0.0,True,0.00031720856463124506,0.0425531914893617,0.0010490610903241598,0.9999758005142212,85.36084294469728,0.0,0.0,0.0,0.0008918617614269788,0.07142857142857142,0.0,0.0,0.25,0.0,True,0.00023790642347343378,0.04054054054054054,0.0008275926379223928,0.999976634979248,67.34022054526119,0.0,0.0,0.0,0.0006688963210702341,0.03571428571428571,0.0,0.0,0.125,0.0,True,0.008406026962727993,0.11134453781512606,0.009861174249047103,0.9999576807022095,802.3919236801545,0.025649566955363093,0.0009250693802035153,0.0016886187098953055,0.004905239687848384,0.35714285714285715,0.75,0.21428571428571427,0.375,0.5,XGBoost,fleet,17309,864,4.38,B_fleet_size,CTT_Impala,FS-A,1,1,CIDv2_RenaultClio
98401,12610,0.12814910417577058,0.6039630526581432,0.2116099152665908,85805,0.04424300176620483,True,0.0011895321173671688,1.0,0.0,0.9999131662584421,0.0,0.00033311125916055963,0.0,0.003377237419790611,0.0008918617614269788,0.14285714285714285,0.25,0.07142857142857142,0.25,0.0,True,0.004123711340206186,0.8253968253968254,0.0001282185777062862,0.9998995732129257,10.432991915463,0.0043304463690872754,0.0013876040703052729,0.00911854103343465,0.002006688963210702,0.42857142857142855,0.75,0.2857142857142857,0.5,0.5,True,0.01260904044409199,0.554006968641115,0.0014919979951276941,0.9998748471394944,121.40208774356948,0.011658894070619586,0.01156336725254394,0.02330293819655522,0.006688963210702341,0.5714285714285714,1.0,0.42857142857142855,0.625,0.5,True,0.011578112609040445,0.5658914728682171,0.0013054982457367324,0.9998771419436772,106.22682677562331,0.010992671552298468,0.010175763182238668,0.021952043228638973,0.005797101449275362,0.5714285714285714,1.0,0.42857142857142855,0.625,0.5,True,0.04639175257731959,0.370253164556962,0.011597953165250434,0.9998205214718662,943.7115414441533,0.03530979347101932,0.05272895467160037,0.08037825059101655,0.028316610925306577,0.75,1.0,0.7142857142857143,0.75,0.5,HistGB,fleet,40000,20000,23.36,B_fleet_size,CTT_Impala,FS-A,0,1,CTT_Forester
98401,12610,0.12814910417577058,0.7287199996051116,0.42464224089407576,85805,0.04424300176620483,True,0.0021411578112609042,1.0,0.0,0.9999939203262329,0.0,0.006662225183211193,0.0,0.002364066193853428,0.0,0.17857142857142858,1.0,0.07142857142857142,0.0,0.0,True,0.014908802537668518,0.9306930693069307,0.00016318728071709155,0.9999904632568359,13.278353346952914,0.050299800133244504,0.0009250693802035153,0.011144883485309016,0.0004459308807134894,0.32142857142857145,1.0,0.21428571428571427,0.125,0.5,True,0.07977795400475812,0.8982142857142857,0.0013288107144106024,0.9999831914901733,108.12373439661657,0.28747501665556296,0.00971322849213691,0.03275920297196893,0.005574136008918618,0.6428571428571429,1.0,0.42857142857142855,0.875,0.5,True,0.0711340206185567,0.9106598984771573,0.0010257486216502896,0.9999843835830688,83.463935323704,0.2558294470353098,0.008788159111933395,0.03005741303613644,0.0046822742474916385,0.6428571428571429,1.0,0.42857142857142855,0.875,0.5,True,0.18493259318001587,0.7088145896656535,0.011166672494783834,0.9999630451202393,908.6187504557778,0.5433044636908727,0.05735430157261795,0.14623438027693347,0.032107023411371234,0.8571428571428571,1.0,0.7857142857142857,1.0,0.5,XGBoost,fleet,40000,20000,12.22,B_fleet_size,CTT_Impala,FS-A,0,1,CTT_Forester
98401,12610,0.12814910417577058,0.7058371320317007,0.455317212165278,85805,0.04424300176620483,True,0.004916732751784298,1.0,0.0,0.999976817498598,0.0,0.0156562291805463,0.0,0.004728132387706856,0.0002229654403567447,0.25,1.0,0.14285714285714285,0.125,0.0,True,0.03830293417922284,0.9526627218934911,0.0002797496240864426,0.999954650711521,22.762891451919273,0.08294470353097935,0.002312673450508788,0.07396149949341439,0.002229654403567447,0.5714285714285714,1.0,0.5714285714285714,0.375,0.5,True,0.1625693893735131,0.9309718437783833,0.0017717476192141367,0.9999267646207062,144.16497919548877,0.4696868754163891,0.01341350601295097,0.1938534278959811,0.008249721293199555,0.7857142857142857,1.0,0.7857142857142857,0.75,0.5,True,0.15471847739888978,0.9366298607777245,0.0015386229324754344,0.9999295695803253,125.19590298555603,0.4526982011992005,0.010638297872340425,0.18101992570077677,0.007357859531772575,0.7857142857142857,1.0,0.7857142857142857,0.75,0.5,True,0.2618556701030928,0.7745718977246071,0.01120164119779464,0.9998805336379901,911.4641118872677,0.64290473017988,0.06059204440333025,0.36710570753123944,0.03433667781493868,0.8928571428571429,1.0,0.9285714285714286,0.875,0.5,HistGB,fleet,40000,20000,48.98,B_fleet_size,CTT_Impala,FS-A,1,1,CTT_Forester
98401,12610,0.12814910417577058,0.760282022543564,0.42310029358583356,85805,0.04424300176620483,True,0.0011895321173671688,0.8823529411764706,2.331246867387022e-05,0.9999977350234985,1.8969076209932731,0.0016655562958027982,0.00046253469010175765,0.00303951367781155,0.0,0.10714285714285714,0.25,0.07142857142857142,0.0,0.5,True,0.005154639175257732,0.8333333333333334,0.00015153104638015644,0.9999966621398926,12.329899536456276,0.008660892738174551,0.0009250693802035153,0.012495778453225262,0.0,0.17857142857142858,0.25,0.21428571428571427,0.0,0.5,True,0.0443298969072165,0.7678571428571429,0.0019699036029420334,0.9999933242797852,160.28869397393157,0.10526315789473684,0.010638297872340425,0.06788247213779129,0.00423634336677815,0.5714285714285714,0.5,0.6428571428571429,0.5,0.5,True,0.03655828707375099,0.7826825127334465,0.0014919979951276941,0.9999938011169434,121.40208774356948,0.08361092604930047,0.008788159111933395,0.05977710233029382,0.003121516164994426,0.5357142857142857,0.5,0.6428571428571429,0.375,0.5,True,0.17446471054718476,0.6740196078431373,0.012402233334498957,0.9999816417694092,1009.1548543684214,0.3820786142571619,0.06567992599444958,0.2637622424856467,0.028985507246376812,0.9642857142857143,1.0,0.9285714285714286,1.0,1.0,XGBoost,fleet,40000,20000,13.42,B_fleet_size,CTT_Impala,FS-A,1,1,CTT_Forester
98401,12610,0.12814910417577058,0.5433742793459172,0.14405437541145621,85805,0.04424300176620483,True,0.0,0.0,1.165623433693511e-05,0.9999993845586066,0.9484538104966366,0.0,0.0,0.0,0.0,0.0,0.0,0.0,0.0,0.0,True,0.0,0.0,1.165623433693511e-05,0.9999989249608179,0.9484538104966366,0.0,0.0,0.0,0.0,0.0,0.0,0.0,0.0,0.0,True,0.00015860428231562253,0.023255813953488372,0.0009791236843025492,0.9999968464053925,79.67012008171747,0.00033311125916055963,0.0,0.0,0.0002229654403567447,0.07142857142857142,0.25,0.0,0.125,0.0,True,7.930214115781126e-05,0.016129032258064516,0.0007110302945530417,0.9999973958012385,57.85568244029482,0.0,0.0,0.0,0.0002229654403567447,0.03571428571428571,0.0,0.0,0.125,0.0,True,0.01768437747819191,0.21483622350674375,0.009499830984602114,0.99998190197124,772.9898555547587,0.02698201199200533,0.0272895467160037,0.010131712259371834,0.01181716833890747,0.6428571428571429,0.5,0.6428571428571429,0.75,0.5,HistGB,fleet,40000,20000,40.91,B_fleet_size,CTT_Impala,FS-A,0,1,CTT_Silverado
98401,12610,0.12814910417577058,0.598905670014816,0.2013717736070547,85805,0.04424300176620483,True,0.0003965107057890563,1.0,0.0,0.9999996423721313,0.0,0.0016655562958027982,0.0,0.0,0.0,0.03571428571428571,0.25,0.0,0.0,0.0,True,0.0013481363996827914,0.6538461538461539,0.00010490610903241599,0.999998927116394,8.53608429446973,0.005662891405729514,0.0,0.0,0.0,0.03571428571428571,0.25,0.0,0.0,0.0,True,0.012133227597145123,0.5583941605839416,0.0014104043547691482,0.9999940395355225,114.76291107009301,0.03764157228514324,0.016188714153561518,0.0010131712259371835,0.0004459308807134894,0.21428571428571427,0.25,0.14285714285714285,0.25,0.5,True,0.010309278350515464,0.5701754385964912,0.0011423109650196407,0.9999949932098389,92.94847342867038,0.03364423717521652,0.012025901942645698,0.00033772374197906115,0.0004459308807134894,0.17857142857142858,0.25,0.07142857142857142,0.25,0.5,True,0.05218080888183981,0.41964285714285715,0.01060717324661095,0.999964714050293,863.0929675519393,0.09393737508327782,0.11332099907493062,0.020601148260722728,0.01560758082497213,0.7857142857142857,0.75,0.7857142857142857,0.875,0.5,XGBoost,fleet,40000,20000,10.74,B_fleet_size,CTT_Impala,FS-A,0,1,CTT_Silverado
98401,12610,0.12814910417577058,0.4567610471313873,0.13554007913292176,85805,0.04424300176620483,True,0.0,0.0,0.0,0.9999994807537618,0.0,0.0,0.0,0.0,0.0,0.0,0.0,0.0,0.0,0.0,True,0.0,0.0,5.828117168467555e-05,0.9999992078228734,4.7422690524831825,0.0,0.0,0.0,0.0,0.0,0.0,0.0,0.0,0.0,True,0.0005551149881046788,0.0673076923076923,0.0011306547306827056,0.9999977429319167,92.00001961817374,0.000999333777481679,0.0009250693802035153,0.00033772374197906115,0.0002229654403567447,0.14285714285714285,0.25,0.07142857142857142,0.125,0.5,True,0.0003965107057890563,0.06944444444444445,0.0007809677005746524,0.9999981472946385,63.546405303274646,0.0006662225183211193,0.00046253469010175765,0.00033772374197906115,0.0002229654403567447,0.14285714285714285,0.25,0.07142857142857142,0.125,0.5,True,0.031086439333862015,0.3228995057660626,0.00958142462496066,0.9999832182556073,779.6290322282352,0.020986009327115255,0.07770582793709528,0.012495778453225262,0.027647714604236342,0.5714285714285714,0.25,0.5,0.75,1.0,HistGB,fleet,40000,20000,35.7,B_fleet_size,CTT_Impala,FS-A,1,1,CTT_Silverado
98401,12610,0.12814910417577058,0.5630613194371054,0.19503181090834032,85805,0.04424300176620483,True,7.930214115781126e-05,0.16666666666666666,5.828117168467555e-05,0.9999997615814209,4.7422690524831825,0.00033311125916055963,0.0,0.0,0.0,0.03571428571428571,0.25,0.0,0.0,0.0,True,0.00015860428231562253,0.18181818181818182,0.00010490610903241599,0.9999996423721313,8.53608429446973,0.0006662225183211193,0.0,0.0,0.0,0.03571428571428571,0.25,0.0,0.0,0.0,True,0.0068199841395717685,0.4,0.0015036542294646293,0.999997615814209,122.35054155406613,0.022651565622918056,0.004625346901017576,0.0013508949679162446,0.0008918617614269788,0.2857142857142857,0.25,0.2857142857142857,0.25,0.5,True,0.005868358445678033,0.4157303370786517,0.0012122483710412515,0.9999979734420776,98.63919629165021,0.01965356429047302,0.0037002775208140612,0.0010131712259371835,0.0008918617614269788,0.25,0.25,0.21428571428571427,0.25,0.5,True,0.05908009516256939,0.46101485148514854,0.01015258010747048,0.9999815225601196,826.1032689425704,0.0832778147901399,0.08556891766882516,0.07868963188112124,0.01716833890746934,0.8214285714285714,1.0,0.8571428571428571,0.75,0.5,XGBoost,fleet,40000,20000,12.94,B_fleet_size,CTT_Impala,FS-A,1,1,CTT_Silverado
98401,12610,0.12814910417577058,0.6140128152578093,0.3729621809297501,85805,0.04424300176620483,True,0.013084853291038858,0.9939759036144579,1.165623433693511e-05,0.6835744389002295,0.9484538104966366,0.05496335776149234,0.0,0.0,0.0,0.14285714285714285,1.0,0.0,0.0,0.0,True,0.049405233941316413,0.9888888888888889,8.159364035854577e-05,0.5268279641356828,6.639176673476457,0.20719520319786808,0.0,0.00033772374197906115,0.0,0.17857142857142858,1.0,0.07142857142857142,0.0,0.0,True,0.15757335448057097,0.9788177339901478,0.0005012180764882098,0.36148175901551055,40.78351385135538,0.6568954030646236,0.0,0.005065856129685917,0.0,0.32142857142857145,1.0,0.35714285714285715,0.0,0.0,True,0.14892942109436955,0.9801670146137788,0.0004429369048035342,0.3734195484170083,36.04124479887219,0.6209193870752832,0.0,0.004728132387706856,0.0,0.32142857142857145,1.0,0.35714285714285715,0.0,0.0,True,0.23291038858049168,0.8229195853180162,0.007366740100942989,0.2227442867541174,599.4228082338743,0.9490339773484344,0.0032377428307123032,0.019250253292806486,0.005351170568561873,0.6071428571428571,1.0,0.6428571428571429,0.25,1.0,HistGB,fleet,40000,20000,56.1,B_fleet_size,CTT_Impala,FS-A,0,1,ROAD_ORNL
98401,12610,0.12814910417577058,0.5976977906518314,0.2722614334491673,85805,0.04424300176620483,True,0.0042823156225218085,0.9818181818181818,1.165623433693511e-05,0.8572245836257935,0.9484538104966366,0.01798800799467022,0.0,0.0,0.0,0.10714285714285714,0.75,0.0,0.0,0.0,True,0.013322759714512291,0.96,8.159364035854577e-05,0.7433961033821106,6.639176673476457,0.05596269153897402,0.0,0.0,0.0,0.14285714285714285,1.0,0.0,0.0,0.0,True,0.041157811260904044,0.8522167487684729,0.0010490610903241598,0.5588247179985046,85.36084294469728,0.1715522984676882,0.0,0.00033772374197906115,0.0006688963210702341,0.21428571428571427,1.0,0.07142857142857142,0.125,0.0,True,0.036637589214908804,0.875,0.0007693114662377172,0.5807930827140808,62.597951492778016,0.1525649566955363,0.0,0.00033772374197906115,0.0006688963210702341,0.21428571428571427,1.0,0.07142857142857142,0.125,0.0,True,0.10206185567010309,0.6983179598480738,0.006480866291335921,0.3528461158275604,527.34031863613,0.42005329780146566,0.00046253469010175765,0.002701789935832489,0.00379041248606466,0.35714285714285715,1.0,0.2857142857142857,0.125,0.5,XGBoost,fleet,40000,20000,9.55,B_fleet_size,CTT_Impala,FS-A,0,1,ROAD_ORNL
98401,12610,0.12814910417577058,0.6188275282282151,0.31137774866031387,85805,0.04424300176620483,True,0.00015860428231562253,1.0,0.0,0.7393731343676261,0.0,0.0006662225183211193,0.0,0.0,0.0,0.07142857142857142,0.5,0.0,0.0,0.0,True,0.0014274385408406026,0.6666666666666666,0.00010490610903241599,0.5058549072651854,8.53608429446973,0.005996002664890073,0.0,0.0,0.0,0.10714285714285714,0.75,0.0,0.0,0.0,True,0.028707375099127675,0.8537735849056604,0.0007226865288899768,0.2603146839013148,58.804136250791466,0.11792138574283811,0.00046253469010175765,0.0013508949679162446,0.0006688963210702341,0.2857142857142857,1.0,0.14285714285714285,0.125,0.5,True,0.023632038065027755,0.863768115942029,0.0005478430138359502,0.2868751400220152,44.57732909334192,0.09726848767488341,0.0,0.0013508949679162446,0.0004459308807134894,0.25,1.0,0.14285714285714285,0.125,0.0,True,0.12561459159397304,0.7141568981064021,0.00739005256961686,0.1047069842274502,601.3197158548676,0.5056628914057295,0.0027752081406105457,0.012833502195204323,0.004905239687848384,0.5714285714285714,1.0,0.5714285714285714,0.25,1.0,HistGB,fleet,40000,20000,59.35,B_fleet_size,CTT_Impala,FS-A,1,1,ROAD_ORNL
98401,12610,0.12814910417577058,0.5763846906186292,0.20340289582839965,85805,0.04424300176620483,True,0.00023790642347343378,0.75,1.165623433693511e-05,0.9503501653671265,0.9484538104966366,0.000999333777481679,0.0,0.0,0.0,0.07142857142857142,0.5,0.0,0.0,0.0,True,0.0011895321173671688,0.6818181818181818,8.159364035854577e-05,0.9041005969047546,6.639176673476457,0.004996668887408394,0.0,0.0,0.0,0.10714285714285714,0.75,0.0,0.0,0.0,True,0.014274385408406027,0.6617647058823529,0.00107237355899803,0.754418671131134,87.25775056569057,0.058294470353097934,0.0,0.0,0.0011148272017837235,0.17857142857142858,1.0,0.0,0.125,0.0,True,0.012212529738302934,0.6666666666666666,0.0008975300439440035,0.7729288339614868,73.03094340824101,0.04963357761492338,0.0,0.0,0.0011148272017837235,0.17857142857142858,1.0,0.0,0.125,0.0,True,0.06026962727993656,0.5266805266805267,0.00796120805212668,0.5333290696144104,647.7939525692028,0.2401732178547635,0.0013876040703052729,0.00303951367781155,0.006020066889632107,0.42857142857142855,1.0,0.35714285714285715,0.25,0.5,XGBoost,fleet,40000,20000,9.36,B_fleet_size,CTT_Impala,FS-A,1,1,ROAD_ORNL
98401,12610,0.12814910417577058,0.527923846447147,0.3647633355047124,85805,0.04424300176620483,True,0.16518636003172085,1.0,0.0,0.43041698071251233,0.0,0.6938707528314457,0.0,0.0,0.0,0.14285714285714285,1.0,0.0,0.0,0.0,True,0.22498017446471055,0.9957879957879958,0.0001398748120432213,0.2315764065254539,11.381445725959637,0.9443704197201865,0.00046253469010175765,0.00033772374197906115,0.0,0.21428571428571427,1.0,0.07142857142857142,0.0,0.5,True,0.23703409992069785,0.9586273252084669,0.0015036542294646293,0.15673011946282614,122.35054155406613,0.9903397734843438,0.0027752081406105457,0.002364066193853428,0.0006688963210702341,0.39285714285714285,1.0,0.2857142857142857,0.25,0.5,True,0.23703409992069785,0.9629510309278351,0.0013404669487475376,0.16109250768510502,109.0721882071132,0.9903397734843438,0.0027752081406105457,0.002364066193853428,0.0006688963210702341,0.39285714285714285,1.0,0.2857142857142857,0.25,0.5,True,0.2451229183187946,0.7370052455889365,0.012856826473639426,0.09635630337188035,1046.14455297779,0.9966688874083944,0.020351526364477335,0.006416751097602162,0.008026755852842809,0.6428571428571429,1.0,0.42857142857142855,0.75,1.0,HistGB,fleet,40000,2010,12.24,B_fleet_size,CTT_Impala,FS-A,0,2,CIDv2_OpelAstra|CIDv2_Prototype
98401,12610,0.12814910417577058,0.6003275203110345,0.38119256207350993,85805,0.04424300176620483,True,0.180253766851705,1.0,0.0,0.3512369692325592,0.0,0.7571618920719521,0.0,0.0,0.0,0.14285714285714285,1.0,0.0,0.0,0.0,True,0.22077716098334654,0.9967776584317938,0.00010490610903241599,0.164204403758049,8.53608429446973,0.9270486342438374,0.00046253469010175765,0.0,0.0,0.17857142857142858,1.0,0.0,0.0,0.5,True,0.2366375892149088,0.9729377241604173,0.0009674674499656141,0.06190769746899605,78.72166627122084,0.9926715522984677,0.0013876040703052729,0.0,0.0002229654403567447,0.21428571428571427,1.0,0.0,0.125,0.5,True,0.23624107850911974,0.9757615460203078,0.0008625613409331981,0.06707711517810822,70.1855819767511,0.9910059960026649,0.0013876040703052729,0.0,0.0002229654403567447,0.21428571428571427,1.0,0.0,0.125,0.5,True,0.24099920697858843,0.795758051846033,0.009091862782809386,0.019165683537721634,739.7939721873767,0.9963357761492339,0.010175763182238668,0.0037149611617696724,0.0033444816053511705,0.4642857142857143,1.0,0.42857142857142855,0.25,0.5,XGBoost,fleet,40000,2010,7.68,B_fleet_size,CTT_Impala,FS-A,0,2,CIDv2_OpelAstra|CIDv2_Prototype
98401,12610,0.12814910417577058,0.5385332353950827,0.366950397785875,85805,0.04424300176620483,True,0.1268041237113402,1.0,0.0,0.6349647712388132,0.0,0.5326449033977348,0.0,0.0,0.0,0.14285714285714285,1.0,0.0,0.0,0.0,True,0.19175257731958764,0.9971134020618557,8.159364035854577e-05,0.47141596781995,6.639176673476457,0.8054630246502332,0.0,0.0,0.0,0.14285714285714285,1.0,0.0,0.0,0.0,True,0.2302934179222839,0.9536945812807882,0.0016435290415078505,0.3178957966811769,133.73198728002575,0.9620253164556962,0.006938020351526364,0.0,0.0002229654403567447,0.21428571428571427,1.0,0.0,0.125,0.5,True,0.2295796986518636,0.964035964035964,0.0012588733083889918,0.330184227371222,102.43301153363674,0.9596935376415723,0.006012950971322849,0.0,0.0002229654403567447,0.21428571428571427,1.0,0.0,0.125,0.5,True,0.24456780333068992,0.7433116413593637,0.012413889568835892,0.18798544247097973,1010.103308178918,0.9913391072618255,0.031914893617021274,0.0016886187098953055,0.00758082497212932,0.6071428571428571,1.0,0.35714285714285715,0.75,1.0,HistGB,fleet,40000,2010,11.18,B_fleet_size,CTT_Impala,FS-A,1,2,CIDv2_OpelAstra|CIDv2_Prototype
98401,12610,0.12814910417577058,0.6032956703855785,0.3811901460055218,85805,0.04424300176620483,True,0.22172878667724027,1.0,0.0,0.26426610350608826,0.0,0.9313790806129247,0.0,0.0,0.0,0.14285714285714285,1.0,0.0,0.0,0.0,True,0.23679619349722442,0.9986622073578595,4.662493734774044e-05,0.09447933733463287,3.7938152419865463,0.9946702198534311,0.0,0.0,0.0,0.14285714285714285,1.0,0.0,0.0,0.0,True,0.23750991276764472,0.9803600654664485,0.0006993740602161066,0.03642365708947182,56.907228629798205,0.9960026648900733,0.0018501387604070306,0.0,0.0002229654403567447,0.21428571428571427,1.0,0.0,0.125,0.5,True,0.23727200634417128,0.9842105263157894,0.0005594992481728852,0.040139343589544296,45.52578290383855,0.9960026648900733,0.0009250693802035153,0.0,0.0,0.17857142857142858,1.0,0.0,0.0,0.5,True,0.24115781126090405,0.8480200780814278,0.006352647713629635,0.013452831655740738,516.9073267206669,0.9963357761492339,0.011100832562442183,0.0013508949679162446,0.004905239687848384,0.39285714285714285,1.0,0.14285714285714285,0.375,1.0,XGBoost,fleet,40000,2010,6.86,B_fleet_size,CTT_Impala,FS-A,1,2,CIDv2_OpelAstra|CIDv2_Prototype
98401,12610,0.12814910417577058,0.6896010361236871,0.30548561007443914,85805,0.04424300176620483,True,0.0006344171292624901,1.0,0.0,0.9999850578268002,0.0,0.0,0.0,0.002701789935832489,0.0,0.07142857142857142,0.0,0.14285714285714285,0.0,0.0,True,0.0034892942109436957,0.8627450980392157,8.159364035854577e-05,0.9999766016891704,6.639176673476457,0.0029980013324450365,0.0,0.010469436001350895,0.0008918617614269788,0.32142857142857145,0.25,0.5,0.125,0.0,True,0.014750198255352894,0.7209302325581395,0.0008392488722593279,0.9999654883712406,68.28867435575783,0.022984676882078614,0.005550416281221091,0.030732860520094562,0.003121516164994426,0.5357142857142857,1.0,0.5714285714285714,0.25,0.5,True,0.012371134020618556,0.7289719626168224,0.0006760615915422364,0.999966982375307,55.010321008804915,0.016655562958027982,0.004162812210915819,0.028031070584262074,0.003121516164994426,0.42857142857142855,0.5,0.5,0.25,0.5,True,0.1063441712926249,0.6092685143116765,0.010024361529764195,0.9999437981430784,815.6702770271075,0.326782145236509,0.036077705827937095,0.07936507936507936,0.010479375696767,0.75,1.0,0.7142857142857143,0.75,0.5,HistGB,fleet,40000,20000,19.38,B_fleet_size,CTT_Impala,FS-A,0,2,CIDv2_Prototype|CTT_Forester
98401,12610,0.12814910417577058,0.5951334375849924,0.16926443191664714,85805,0.04424300176620483,True,0.0,0.0,0.0,0.9999994039535522,0.0,0.0,0.0,0.0,0.0,0.0,0.0,0.0,0.0,0.0,True,0.00047581284694686756,0.2,0.0002797496240864426,0.9999980926513672,22.762891451919273,0.0,0.0013876040703052729,0.0,0.0006688963210702341,0.10714285714285714,0.0,0.0,0.25,0.5,True,0.0028548770816812052,0.25,0.0012588733083889918,0.9999967813491821,102.43301153363674,0.000999333777481679,0.0074005550416281225,0.0010131712259371835,0.003121516164994426,0.2857142857142857,0.25,0.14285714285714285,0.5,0.5,True,0.002458366375892149,0.2366412213740458,0.001165623433693511,0.9999969005584717,94.84538104966366,0.000999333777481679,0.005550416281221091,0.0006754474839581223,0.003121516164994426,0.25,0.25,0.07142857142857142,0.5,0.5,True,0.016732751784298176,0.19868173258003766,0.009919455420731778,0.9999932050704956,807.1341927326378,0.00899400399733511,0.04024051803885292,0.011144883485309016,0.014269788182831662,0.7142857142857143,0.75,0.6428571428571429,0.875,0.5,XGBoost,fleet,40000,20000,11.38,B_fleet_size,CTT_Impala,FS-A,0,2,CIDv2_Prototype|CTT_Forester
98401,12610,0.12814910417577058,0.6882022029617354,0.3118992665804934,85805,0.04424300176620483,True,0.0003965107057890563,1.0,0.0,0.9999884071324762,0.0,0.0006662225183211193,0.0,0.0010131712259371835,0.0,0.07142857142857142,0.25,0.07142857142857142,0.0,0.0,True,0.0044409199048374304,0.875,9.324987469548088e-05,0.9999816736260457,7.587630483973093,0.013324450366422385,0.0009250693802035153,0.0037149611617696724,0.0006688963210702341,0.25,0.25,0.21428571428571427,0.25,0.5,True,0.019746233148295003,0.7477477477477478,0.0009791236843025492,0.9999710063720919,79.67012008171747,0.058294470353097934,0.0074005550416281225,0.017223910840932118,0.001560758082497213,0.42857142857142855,0.25,0.5,0.375,0.5,True,0.01704996034892942,0.7789855072463768,0.0007110302945530417,0.999972448602045,57.85568244029482,0.050299800133244504,0.005550416281221091,0.015535292131036813,0.0013377926421404682,0.39285714285714285,0.25,0.5,0.25,0.5,True,0.11879460745440126,0.656441717791411,0.009138487720157126,0.9999356221670196,743.5877874293631,0.3854097268487675,0.03885291396854764,0.07092198581560284,0.010479375696767,0.6785714285714286,1.0,0.6428571428571429,0.625,0.5,HistGB,fleet,40000,20000,35.56,B_fleet_size,CTT_Impala,FS-A,1,2,CIDv2_Prototype|CTT_Forester
98401,12610,0.12814910417577058,0.6274309647504659,0.22311725446879904,85805,0.04424300176620483,True,0.00023790642347343378,1.0,0.0,0.9999980926513672,0.0,0.00033311125916055963,0.0,0.0006754474839581223,0.0,0.07142857142857142,0.25,0.07142857142857142,0.0,0.0,True,0.0037272006344171295,0.8392857142857143,0.00010490610903241599,0.999996542930603,8.53608429446973,0.008327781479013991,0.00046253469010175765,0.006754474839581222,0.0002229654403567447,0.14285714285714285,0.25,0.07142857142857142,0.125,0.5,True,0.012053925455987312,0.5567765567765568,0.0014104043547691482,0.9999936819076538,114.76291107009301,0.01798800799467022,0.005550416281221091,0.0243161094224924,0.003121516164994426,0.42857142857142855,0.5,0.2857142857142857,0.625,0.5,True,0.010467882632831086,0.5789473684210527,0.0011189984963457704,0.999994158744812,91.0515658076771,0.017321785476349102,0.004625346901017576,0.02093887200270179,0.0017837235228539577,0.42857142857142855,0.5,0.2857142857142857,0.625,0.5,True,0.04536082474226804,0.3561643835616438,0.012052546304390904,0.9999843835830688,980.7012400535223,0.05896069287141906,0.04209065679925995,0.07700101317122594,0.0169453734671126,0.7857142857142857,1.0,0.7142857142857143,0.875,0.5,XGBoost,fleet,40000,20000,12.01,B_fleet_size,CTT_Impala,FS-A,1,2,CIDv2_Prototype|CTT_Forester
98401,12610,0.12814910417577058,0.6340222745554175,0.41366426168988035,85805,0.04424300176620483,True,0.13140364789849326,1.0,0.0,0.9799716799978683,0.0,0.5519653564290473,0.0,0.0,0.0,0.14285714285714285,1.0,0.0,0.0,0.0,True,0.195796986518636,0.9963680387409201,0.00010490610903241599,0.879740368343306,8.53608429446973,0.818454363757495,0.0,0.004052684903748734,0.0,0.25,1.0,0.21428571428571427,0.0,0.0,True,0.23917525773195877,0.9801754956126096,0.0007110302945530417,0.7354761473054263,57.85568244029482,0.9826782145236509,0.0,0.021614319486659914,0.0004459308807134894,0.39285714285714285,1.0,0.42857142857142855,0.125,0.0,True,0.23655828707375098,0.9831905075807514,0.0005944679511836906,0.7563624019360867,48.37114433532847,0.9753497668221186,0.0,0.01789935832489024,0.0004459308807134894,0.39285714285714285,1.0,0.42857142857142855,0.125,0.0,True,0.2649484536082474,0.7935866983372921,0.01012926763879661,0.503805396450486,824.2063613215771,0.997001998667555,0.0013876040703052729,0.10536980749746708,0.007357859531772575,0.6785714285714286,1.0,0.7142857142857143,0.5,0.5,HistGB,fleet,40000,20000,40.19,B_fleet_size,CTT_Impala,FS-A,0,2,CIDv2_Prototype|ROAD_ORNL
98401,12610,0.12814910417577058,0.6028542480517473,0.3881041831538702,85805,0.04424300176620483,True,0.14131641554321966,1.0,0.0,0.9621716737747192,0.0,0.5936042638241172,0.0,0.0,0.0,0.14285714285714285,1.0,0.0,0.0,0.0,True,0.14607454401268835,0.9962141698215251,8.159364035854577e-05,0.9297218918800354,6.639176673476457,0.6135909393737509,0.0,0.0,0.0,0.14285714285714285,1.0,0.0,0.0,0.0,True,0.1781126090404441,0.97398091934085,0.0006993740602161066,0.8363223671913147,56.907228629798205,0.7451698867421719,0.0,0.00303951367781155,0.0,0.2857142857142857,1.0,0.2857142857142857,0.0,0.0,True,0.17272006344171292,0.979757085020243,0.0005245305451620799,0.8527050018310547,42.68042147234864,0.7231845436375749,0.0,0.002364066193853428,0.0,0.25,1.0,0.21428571428571427,0.0,0.0,True,0.23774781919111815,0.8400112076211824,0.006655709806389948,0.6282013654708862,541.5671257935795,0.9616922051965356,0.00046253469010175765,0.02971968929415738,0.004905239687848384,0.5,1.0,0.5,0.25,0.5,XGBoost,fleet,40000,20000,18.37,B_fleet_size,CTT_Impala,FS-A,0,2,CIDv2_Prototype|ROAD_ORNL
98401,12610,0.12814910417577058,0.6323928832043193,0.3976672725784967,85805,0.04424300176620483,True,0.1409199048374306,1.0,0.0,0.9677045992054206,0.0,0.5919387075283145,0.0,0.0,0.0,0.14285714285714285,1.0,0.0,0.0,0.0,True,0.17137192704203014,0.9976915974145891,5.828117168467555e-05,0.9161839967274,4.7422690524831825,0.7198534310459693,0.0,0.0,0.0,0.14285714285714285,1.0,0.0,0.0,0.0,True,0.235289452815226,0.9782393669634025,0.0007693114662377172,0.757743933794472,62.597951492778016,0.9853431045969354,0.0,0.002701789935832489,0.0002229654403567447,0.2857142857142857,1.0,0.21428571428571427,0.125,0.0,True,0.2329896907216495,0.9829374372699899,0.0005944679511836906,0.7826588791153668,48.37114433532847,0.9760159893404398,0.0,0.002701789935832489,0.0,0.25,1.0,0.21428571428571427,0.0,0.0,True,0.24472640761300554,0.811678064176749,0.008345863785245539,0.5061265951936759,679.0929283155917,0.997001998667555,0.00046253469010175765,0.02364066193853428,0.004905239687848384,0.4642857142857143,1.0,0.42857142857142855,0.25,0.5,HistGB,fleet,40000,20000,23.64,B_fleet_size,CTT_Impala,FS-A,1,2,CIDv2_Prototype|ROAD_ORNL
98401,12610,0.12814910417577058,0.6203549580328884,0.38616548613572904,85805,0.04424300176620483,True,0.16026962727993657,1.0,0.0,0.974757969379425,0.0,0.673217854763491,0.0,0.0,0.0,0.14285714285714285,1.0,0.0,0.0,0.0,True,0.2183980967486122,0.9974646867077146,8.159364035854577e-05,0.9247676730155945,6.639176673476457,0.9170552964690206,0.0,0.00033772374197906115,0.0,0.17857142857142858,1.0,0.07142857142857142,0.0,0.0,True,0.23639968279143536,0.9706935851514165,0.0010490610903241598,0.7806017398834229,85.36084294469728,0.9903397734843438,0.0,0.002026342451874367,0.0004459308807134894,0.32142857142857145,1.0,0.2857142857142857,0.125,0.0,True,0.23481363996827914,0.9791666666666666,0.0007343427632269119,0.8064821362495422,59.75259006128811,0.9840106595602931,0.0,0.0016886187098953055,0.0004459308807134894,0.32142857142857145,1.0,0.2857142857142857,0.125,0.0,True,0.2436161776367962,0.814206201961304,0.008171020270191513,0.4897535741329193,664.8661211581423,0.9966688874083944,0.002312673450508788,0.012833502195204323,0.008249721293199555,0.5,1.0,0.5,0.25,0.5,XGBoost,fleet,40000,20000,8.56,B_fleet_size,CTT_Impala,FS-A,1,2,CIDv2_Prototype|ROAD_ORNL
98401,12610,0.12814910417577058,0.6285541108696087,0.271364563604285,85805,0.04424300176620483,True,0.023076923076923078,0.9864406779661017,4.662493734774044e-05,0.9999696281079538,3.7938152419865463,0.061958694203864094,0.031914893617021274,0.010131712259371834,0.0013377926421404682,0.4642857142857143,0.25,0.5,0.5,0.5,True,0.041950832672482154,0.977818853974122,0.0001398748120432213,0.9999501420113222,11.381445725959637,0.09393737508327782,0.05504162812210916,0.037149611617696726,0.004013377926421404,0.6428571428571429,0.5,0.7857142857142857,0.5,0.5,True,0.06677240285487708,0.9142236699239956,0.0009208425126178737,0.9999042622313368,74.92785102923429,0.10126582278481013,0.11147086031452359,0.07700101317122594,0.015384615384615385,0.8214285714285714,0.5,0.9285714285714286,0.75,1.0,True,0.06431403647898493,0.9257990867579908,0.0007576552319007821,0.9999092461720298,61.64949768228137,0.10026648900732844,0.10499537465309898,0.07396149949341439,0.014269788182831662,0.8214285714285714,0.5,0.9285714285714286,0.75,1.0,True,0.11078509119746233,0.6275831087151842,0.009663018265319206,0.9997934091286126,786.2682089017118,0.11292471685542971,0.22987974098057354,0.12901046943600136,0.039910813823857305,0.9642857142857143,1.0,1.0,0.875,1.0,HistGB,fleet,40000,20000,27.04,B_fleet_size,CTT_Impala,FS-A,0,2,CIDv2_RenaultClio|CTT_Traverse
98401,12610,0.12814910417577058,0.6281326769902819,0.26254850337796787,85805,0.04424300176620483,True,0.03394131641554322,0.9953488372093023,2.331246867387022e-05,0.9999514818191528,1.8969076209932731,0.07894736842105263,0.07354301572617947,0.008105369807497468,0.0017837235228539577,0.4642857142857143,0.25,0.5,0.375,1.0,True,0.039333862014274384,0.9939879759519038,3.4968703010805326e-05,0.9999417066574097,2.845361431489909,0.08394403730846102,0.09158186864014801,0.010131712259371834,0.0035674470457079154,0.5357142857142857,0.25,0.5714285714285714,0.5,1.0,True,0.06661379857256146,0.8870116156282999,0.0012472170740520567,0.9998726844787598,101.48455772314011,0.10159893404397069,0.1780758556891767,0.03242147922998987,0.012040133779264214,0.6785714285714286,0.5,0.7142857142857143,0.625,1.0,True,0.06447264076130056,0.8983425414364641,0.00107237355899803,0.9998791217803955,87.25775056569057,0.10026648900732844,0.1725254394079556,0.031746031746031744,0.010033444816053512,0.6785714285714286,0.5,0.7142857142857143,0.625,1.0,True,0.10103092783505155,0.621160409556314,0.00905689407979858,0.9997314810752869,736.9486107558865,0.11692205196535643,0.24421831637372804,0.06957109084768659,0.042140468227424746,0.8571428571428571,0.75,0.9285714285714286,0.75,1.0,XGBoost,fleet,40000,20000,8.24,B_fleet_size,CTT_Impala,FS-A,0,2,CIDv2_RenaultClio|CTT_Traverse
98401,12610,0.12814910417577058,0.6860921980774867,0.42339535490051666,85805,0.04424300176620483,True,0.039333862014274384,1.0,0.0,0.9998122921994885,0.0,0.13091272485009994,0.025901942645698426,0.015197568389057751,0.0004459308807134894,0.5357142857142857,1.0,0.5714285714285714,0.25,0.5,True,0.05670103092783505,0.9889349930843707,9.324987469548088e-05,0.999689252427946,7.587630483973093,0.173217854763491,0.05087881591119334,0.026004728132387706,0.0017837235228539577,0.6785714285714286,1.0,0.7142857142857143,0.5,0.5,True,0.1408406026962728,0.9362150764364786,0.0014104043547691482,0.9992451462483416,114.76291107009301,0.41139240506329117,0.14477335800185015,0.060790273556231005,0.010702341137123745,0.8928571428571429,1.0,0.9285714285714286,0.75,1.0,True,0.1295796986518636,0.9407023603914796,0.0012005921367043164,0.9993065177056051,97.69074248115356,0.3794137241838774,0.13506012950971322,0.05504896994258696,0.008918617614269788,0.8928571428571429,1.0,0.9285714285714286,0.75,1.0,True,0.24766058683584458,0.7894337714863499,0.009709643202666946,0.998428629173847,790.0620241436982,0.6755496335776149,0.2548566142460685,0.12901046943600136,0.036120401337792644,1.0,1.0,1.0,1.0,1.0,HistGB,fleet,40000,20000,34.15,B_fleet_size,CTT_Impala,FS-A,1,2,CIDv2_RenaultClio|CTT_Traverse
98401,12610,0.12814910417577058,0.6224621343622544,0.27172616847760334,85805,0.04424300176620483,True,0.03021411578112609,1.0,0.0,0.9999516010284424,0.0,0.09460359760159893,0.04301572617946346,0.00033772374197906115,0.0006688963210702341,0.17857142857142858,0.25,0.07142857142857142,0.25,0.5,True,0.04924662965900079,0.9703125,0.0002214684524017671,0.9998879432678223,18.020622399436096,0.10126582278481013,0.11794634597594819,0.010131712259371834,0.007134894091415831,0.6071428571428571,1.0,0.5714285714285714,0.5,0.5,True,0.07200634417129262,0.8910696761530913,0.0012938420113997972,0.9998021721839905,105.27837296512666,0.11192538307794804,0.1868640148011101,0.030395136778115502,0.017391304347826087,0.8214285714285714,1.0,0.7857142857142857,0.75,1.0,True,0.06891356066613799,0.907098121085595,0.0010374048559872247,0.9998149275779724,84.41238913420065,0.1105929380413058,0.17761332099907493,0.02769334684228301,0.015830546265328874,0.7857142857142857,1.0,0.7857142857142857,0.625,1.0,True,0.11078509119746233,0.6242180518319929,0.009802893077362427,0.999632716178894,797.6496546276713,0.15656229180546302,0.2553191489361702,0.06822019587977035,0.038573021181716835,0.8928571428571429,1.0,0.9285714285714286,0.75,1.0,XGBoost,fleet,40000,20000,8.66,B_fleet_size,CTT_Impala,FS-A,1,2,CIDv2_RenaultClio|CTT_Traverse
98401,12610,0.12814910417577058,0.5872364765520056,0.3224394808631246,85805,0.04424300176620483,True,0.04639175257731959,1.0,0.0,0.9807954051806967,0.0,0.19487008660892738,0.0,0.0,0.0,0.10714285714285714,0.75,0.0,0.0,0.0,True,0.10261697065820777,0.9961508852963818,5.828117168467555e-05,0.9461964165300095,4.7422690524831825,0.4300466355762825,0.0,0.0010131712259371835,0.0,0.17857142857142858,0.75,0.14285714285714285,0.0,0.0,True,0.13695479777954006,0.962116991643454,0.0007926239349115875,0.8688680546848626,64.49485911377128,0.5722851432378414,0.00046253469010175765,0.002026342451874367,0.0004459308807134894,0.2857142857142857,1.0,0.14285714285714285,0.125,0.5,True,0.1353687549563838,0.9682359614293817,0.0006527491228683662,0.8752602146301454,53.113413387811654,0.5659560293137909,0.00046253469010175765,0.0016886187098953055,0.0004459308807134894,0.2857142857142857,1.0,0.14285714285714285,0.125,0.5,True,0.1577319587628866,0.7745327102803738,0.006748959681085428,0.7323102847847558,549.1547562775526,0.6432378414390406,0.0037002775208140612,0.007767646065518406,0.006020066889632107,0.4642857142857143,1.0,0.35714285714285715,0.25,1.0,HistGB,fleet,40000,20000,31.6,B_fleet_size,CTT_Impala,FS-A,0,2,CIDv2_RenaultClio|ROAD_ORNL
98401,12610,0.12814910417577058,0.6226703081445253,0.3524174743646208,85805,0.04424300176620483,True,0.05075337034099921,0.9984399375975039,1.165623433693511e-05,0.9751062393188477,0.9484538104966366,0.21319120586275817,0.0,0.0,0.0,0.14285714285714285,1.0,0.0,0.0,0.0,True,0.09659000793021412,0.9942857142857143,8.159364035854577e-05,0.9507060647010803,6.639176673476457,0.4057295136575616,0.0,0.0,0.0,0.14285714285714285,1.0,0.0,0.0,0.0,True,0.13814432989690723,0.9618995030369961,0.0008042801692485225,0.8883036971092224,65.44331292426791,0.5792804796802132,0.00046253469010175765,0.00033772374197906115,0.0002229654403567447,0.25,1.0,0.07142857142857142,0.125,0.5,True,0.13275178429817605,0.971561230412072,0.0005711554825098203,0.9002073407173157,46.47423671433519,0.5572951365756162,0.0,0.00033772374197906115,0.0,0.17857142857142858,1.0,0.07142857142857142,0.0,0.0,True,0.1740681998413957,0.7797513321492007,0.007226865288899768,0.7682476043701172,588.0413625079146,0.717854763491006,0.0027752081406105457,0.004052684903748734,0.004905239687848384,0.5,1.0,0.5,0.25,0.5,XGBoost,fleet,40000,20000,10.76,B_fleet_size,CTT_Impala,FS-A,0,2,CIDv2_RenaultClio|ROAD_ORNL
98401,12610,0.12814910417577058,0.6026368458780806,0.31584657815409806,85805,0.04424300176620483,True,0.04670896114195083,1.0,0.0,0.9855378067735943,0.0,0.1962025316455696,0.0,0.0,0.0,0.10714285714285714,0.75,0.0,0.0,0.0,True,0.08643933386201427,0.9882139619220308,0.00015153104638015644,0.9722482244115187,12.329899536456276,0.3627581612258494,0.0,0.00033772374197906115,0.0,0.14285714285714285,0.75,0.07142857142857142,0.0,0.0,True,0.11467089611419508,0.9450980392156862,0.0009791236843025492,0.9516919345073911,79.67012008171747,0.4793471019320453,0.0009250693802035153,0.0006754474839581223,0.0006688963210702341,0.32142857142857145,1.0,0.14285714285714285,0.25,0.5,True,0.1134020618556701,0.9526982011992006,0.0008275926379223928,0.9535935193862867,67.34022054526119,0.4743504330446369,0.00046253469010175765,0.0006754474839581223,0.0006688963210702341,0.32142857142857145,1.0,0.14285714285714285,0.25,0.5,True,0.14393338620142743,0.741724560686555,0.007366740100942989,0.8940333756883376,599.4228082338743,0.5852764823451032,0.0013876040703052729,0.005403579871664978,0.008695652173913044,0.5714285714285714,1.0,0.5714285714285714,0.375,0.5,HistGB,fleet,40000,20000,31.19,B_fleet_size,CTT_Impala,FS-A,1,2,CIDv2_RenaultClio|ROAD_ORNL
98401,12610,0.12814910417577058,0.6222870639157547,0.3863696203625686,85805,0.04424300176620483,True,0.07652656621728787,0.9979317476732161,2.331246867387022e-05,0.9787037968635559,1.8969076209932731,0.32145236508994,0.0,0.0,0.0,0.10714285714285714,0.75,0.0,0.0,0.0,True,0.12053925455987312,0.9947643979057592,9.324987469548088e-05,0.9545450806617737,7.587630483973093,0.5063291139240507,0.0,0.0,0.0,0.14285714285714285,1.0,0.0,0.0,0.0,True,0.14385408406026962,0.9587737843551797,0.0009091862782809385,0.8755193948745728,73.97939721873765,0.6002664890073285,0.0,0.002026342451874367,0.0013377926421404682,0.32142857142857145,1.0,0.2857142857142857,0.125,0.0,True,0.14274385408406026,0.9630818619582665,0.0008042801692485225,0.8855569958686829,65.44331292426791,0.5962691538974018,0.0,0.0013508949679162446,0.0013377926421404682,0.32142857142857145,1.0,0.2857142857142857,0.125,0.0,True,0.20816812053925457,0.7949727437916414,0.00789127064610507,0.6866036653518677,642.1032297062229,0.8401065956029313,0.0032377428307123032,0.017561634582911177,0.009810479375696768,0.5714285714285714,1.0,0.5714285714285714,0.375,0.5,XGBoost,fleet,40000,20000,10.1,B_fleet_size,CTT_Impala,FS-A,1,2,CIDv2_RenaultClio|ROAD_ORNL
98401,12610,0.12814910417577058,0.7040214368964519,0.40524074814098027,85805,0.04424300176620483,True,0.0009516256938937351,0.8,3.4968703010805326e-05,0.9999911768317679,2.845361431489909,0.0033311125916055963,0.0009250693802035153,0.0,0.0,0.10714285714285714,0.5,0.0,0.0,0.5,True,0.003092783505154639,0.8666666666666667,6.993740602161065e-05,0.9999873767683632,5.690722862979818,0.010992671552298468,0.0027752081406105457,0.0,0.0,0.10714285714285714,0.5,0.0,0.0,0.5,True,0.013084853291038858,0.673469387755102,0.0009324987469548088,0.9999715090125261,75.87630483973092,0.04530313124583611,0.012950971322849213,0.0,0.0002229654403567447,0.17857142857142858,0.75,0.0,0.125,0.5,True,0.01134020618556701,0.6941747572815534,0.0007343427632269119,0.9999749767667313,59.75259006128811,0.038640906062624915,0.012025901942645698,0.0,0.0002229654403567447,0.17857142857142858,0.75,0.0,0.125,0.5,True,0.2674861221252974,0.7858807082945014,0.010712079355643367,0.9994437717401574,871.6290518464091,0.8371085942704863,0.2696577243293247,0.031408308004052685,0.041025641025641026,0.75,1.0,0.6428571428571429,0.75,1.0,HistGB,fleet,40000,20000,37.86,B_fleet_size,CTT_Impala,FS-A,0,3,CIDv2_OpelAstra|CIDv2_Prototype|CTT_Silverado
98401,12610,0.12814910417577058,0.7003067271973713,0.44428449801339065,85805,0.04424300176620483,True,0.0190325138778747,1.0,0.0,0.9999794960021973,0.0,0.06962025316455696,0.014338575393154487,0.0,0.0,0.10714285714285714,0.5,0.0,0.0,0.5,True,0.027279936558287074,0.9856733524355301,5.828117168467555e-05,0.9999610185623169,4.7422690524831825,0.09093937375083277,0.031914893617021274,0.0,0.0004459308807134894,0.17857142857142858,0.75,0.0,0.125,0.5,True,0.056145915939730374,0.8751545117428925,0.001177279668030446,0.9997588992118835,95.79383486016029,0.13191205862758162,0.1123959296947271,0.00033772374197906115,0.01516164994425864,0.2857142857142857,0.75,0.07142857142857142,0.375,0.5,True,0.05043616177636796,0.8870292887029289,0.0009441549812917439,0.9998067021369934,76.82475865022757,0.12325116588940706,0.10129509713228492,0.00033772374197906115,0.010256410256410256,0.2857142857142857,0.75,0.07142857142857142,0.375,0.5,True,0.2640761300555115,0.784452296819788,0.010665454418295625,0.9948977828025818,867.8352366044224,0.7031978680879414,0.3098982423681776,0.077338736913205,0.0713489409141583,0.6785714285714286,1.0,0.5,0.75,1.0,XGBoost,fleet,40000,20000,8.83,B_fleet_size,CTT_Impala,FS-A,0,3,CIDv2_OpelAstra|CIDv2_Prototype|CTT_Silverado
98401,12610,0.12814910417577058,0.7026420468140437,0.44890609358476485,85805,0.04424300176620483,True,0.0043616177636796195,1.0,0.0,0.9999953287951134,0.0,0.01698867421718854,0.0018501387604070306,0.0,0.0,0.07142857142857142,0.25,0.0,0.0,0.5,True,0.011181601903251388,0.9657534246575342,5.828117168467555e-05,0.9999898742055656,4.7422690524831825,0.04330446369087275,0.004625346901017576,0.0,0.0002229654403567447,0.14285714285714285,0.5,0.0,0.125,0.5,True,0.05789056304520222,0.8827085852478839,0.0011306547306827056,0.9999517366730194,92.00001961817374,0.22051965356429049,0.02960222016651249,0.00033772374197906115,0.0006688963210702341,0.25,1.0,0.07142857142857142,0.125,0.5,True,0.04892942109436955,0.882689556509299,0.000955811215628679,0.9999590552908276,77.7732124607242,0.18554297135243172,0.025901942645698426,0.00033772374197906115,0.0006688963210702341,0.25,1.0,0.07142857142857142,0.125,0.5,True,0.28152260111023,0.8070015912707433,0.009896142952057908,0.9993750385633868,805.2372851116445,0.9760159893404398,0.18362627197039777,0.029381965552178316,0.03032329988851728,0.8214285714285714,1.0,0.7857142857142857,0.75,1.0,HistGB,fleet,40000,20000,33.38,B_fleet_size,CTT_Impala,FS-A,1,3,CIDv2_OpelAstra|CIDv2_Prototype|CTT_Silverado
98401,12610,0.12814910417577058,0.7146193946927677,0.4559902391689139,85805,0.04424300176620483,True,0.01387787470261697,1.0,0.0,0.999990701675415,0.0,0.057961359093937376,0.00046253469010175765,0.0,0.0,0.07142857142857142,0.25,0.0,0.0,0.5,True,0.022997620935765267,0.9731543624161074,9.324987469548088e-05,0.9999556541442871,7.587630483973093,0.09227181878747502,0.005550416281221091,0.0,0.0002229654403567447,0.17857142857142858,0.75,0.0,0.125,0.5,True,0.049643140364789846,0.8730822873082287,0.001060717324661095,0.9997679591178894,86.30929675519393,0.17021985343104598,0.04764107308048104,0.00033772374197906115,0.002452619843924192,0.32142857142857145,1.0,0.07142857142857142,0.375,0.5,True,0.04528152260111023,0.8880248833592534,0.0008392488722593279,0.9998076558113098,68.28867435575783,0.15856095936042638,0.0393154486586494,0.00033772374197906115,0.002006688963210702,0.32142857142857145,1.0,0.07142857142857142,0.375,0.5,True,0.2906423473433783,0.8072687224669604,0.010199205044818221,0.9897850155830383,829.897084184557,0.9060626249167222,0.24375578168362627,0.02465383316447146,0.07692307692307693,0.75,1.0,0.6428571428571429,0.75,1.0,XGBoost,fleet,40000,20000,12.11,B_fleet_size,CTT_Impala,FS-A,1,3,CIDv2_OpelAstra|CIDv2_Prototype|CTT_Silverado
98401,12610,0.12814910417577058,0.6536213780181408,0.3476055039447392,85805,0.04424300176620483,True,0.0401268834258525,0.9980276134122288,1.165623433693511e-05,0.999857692049017,0.9484538104966366,0.05629580279813458,0.1364477335800185,0.009456264775413711,0.003121516164994426,0.6071428571428571,0.5,0.6428571428571429,0.5,1.0,True,0.07160983346550356,0.9879649890590809,0.0001282185777062862,0.9997467171040278,10.432991915463,0.10059960026648901,0.1956521739130435,0.03309692671394799,0.017837235228539576,0.7857142857142857,1.0,0.8571428571428571,0.5,1.0,True,0.1148295003965107,0.9335912314635719,0.0012005921367043164,0.99951062918001,97.69074248115356,0.1459027315123251,0.2705827937095282,0.08747044917257683,0.03701226309921962,0.8928571428571429,1.0,0.9285714285714286,0.75,1.0,True,0.10943695479777954,0.9426229508196722,0.0009791236843025492,0.999545446930141,79.67012008171747,0.13857428381079281,0.2627197039777983,0.08105369807497467,0.034782608695652174,0.8928571428571429,1.0,0.9285714285714286,0.75,1.0,True,0.16518636003172085,0.7267969295184926,0.009126831485820192,0.9990666354126793,742.6393336188665,0.2508327781479014,0.3404255319148936,0.1276595744680851,0.048160535117056855,0.9642857142857143,1.0,1.0,0.875,1.0,HistGB,fleet,40000,20000,46.45,B_fleet_size,CTT_Impala,FS-A,0,3,CIDv2_OpelAstra|CIDv2_Prototype|CTT_Traverse
98401,12610,0.12814910417577058,0.6114328057699487,0.2754077982422778,85805,0.04424300176620483,True,0.0386994448850119,1.0,0.0,0.9999010562896729,0.0,0.07295136575616255,0.12072155411655874,0.002026342451874367,0.0004459308807134894,0.32142857142857145,0.25,0.2857142857142857,0.25,1.0,True,0.06447264076130056,0.9878493317132442,0.0001165623433693511,0.999790608882904,9.484538104966365,0.09760159893404396,0.20814061054579094,0.016548463356973995,0.0046822742474916385,0.6428571428571429,0.25,0.7857142857142857,0.5,1.0,True,0.08556701030927835,0.939077458659704,0.0008159364035854577,0.9996297359466553,66.39176673476456,0.10159893404397069,0.26595744680851063,0.04356636271529889,0.01560758082497213,0.7857142857142857,0.5,0.9285714285714286,0.625,1.0,True,0.08374306106264869,0.947085201793722,0.0006877178258791715,0.9996492862701416,55.95877481930156,0.10159893404397069,0.2608695652173913,0.041202296521445456,0.014492753623188406,0.7857142857142857,0.5,0.9285714285714286,0.625,1.0,True,0.1176050753370341,0.7065269175797999,0.007180240351552028,0.9992652535438538,584.2475472659281,0.11092604930046636,0.33163737280296024,0.08645727794663965,0.03946488294314381,0.9285714285714286,1.0,0.9285714285714286,0.875,1.0,XGBoost,fleet,40000,20000,8.61,B_fleet_size,CTT_Impala,FS-A,0,3,CIDv2_OpelAstra|CIDv2_Prototype|CTT_Traverse
98401,12610,0.12814910417577058,0.6556845097732164,0.4063192854010927,85805,0.04424300176620483,True,0.04472640761300555,1.0,0.0,0.9997818331887851,0.0,0.12158560959360426,0.08741905642923219,0.002364066193853428,0.0006688963210702341,0.42857142857142855,1.0,0.2857142857142857,0.375,0.5,True,0.05820777160983347,0.993234100135318,5.828117168467555e-05,0.9996547730604446,4.7422690524831825,0.1552298467688208,0.10453283996299723,0.010469436001350895,0.002452619843924192,0.6428571428571429,1.0,0.6428571428571429,0.375,1.0,True,0.1238699444885012,0.9292088042831648,0.0013870918860952781,0.9992822769819861,112.86600344909976,0.3271152564956695,0.1877890841813136,0.03579871664978048,0.01516164994425864,0.8571428571428571,1.0,0.9285714285714286,0.625,1.0,True,0.11562252180808882,0.9376205787781351,0.0011306547306827056,0.9993260633186036,92.00001961817374,0.30646235842771485,0.17853839037927843,0.03242147922998987,0.012486064659977704,0.8214285714285714,1.0,0.8571428571428571,0.625,1.0,True,0.24837430610626487,0.7909090909090909,0.00965136203098227,0.9984466721489788,785.3197550912151,0.6502331778814124,0.30296022201665124,0.10874704491725769,0.04526198439241917,0.9642857142857143,1.0,1.0,0.875,1.0,HistGB,fleet,40000,20000,34.04,B_fleet_size,CTT_Impala,FS-A,1,3,CIDv2_OpelAstra|CIDv2_Prototype|CTT_Traverse
98401,12610,0.12814910417577058,0.629986350558835,0.3356738989375797,85805,0.04424300176620483,True,0.059952418715305315,1.0,0.0,0.9997733235359192,0.0,0.11259160559626916,0.18501387604070305,0.004390408645727794,0.0011148272017837235,0.5714285714285714,1.0,0.5,0.375,1.0,True,0.07414750198255353,0.9915164369034994,9.324987469548088e-05,0.9996523857116699,7.587630483973093,0.13690872751499,0.22294172062904719,0.009793988517392773,0.002898550724637681,0.6785714285714286,1.0,0.6428571428571429,0.5,1.0,True,0.1148295003965107,0.9390402075226978,0.0010956860276719004,0.9993158578872681,89.15465818668385,0.2228514323784144,0.2719703977798335,0.04018912529550828,0.016053511705685617,0.8928571428571429,1.0,0.9285714285714286,0.75,1.0,True,0.11126090404440919,0.9447811447811448,0.000955811215628679,0.9993466734886169,77.7732124607242,0.21552298467688208,0.2687326549491212,0.03681188787571766,0.01471571906354515,0.8214285714285714,1.0,0.8571428571428571,0.625,1.0,True,0.1731958762886598,0.7413441955193483,0.008882050564744554,0.9987666606903076,722.7218035984371,0.3497668221185876,0.32562442183163737,0.08611955420466058,0.03901895206243032,0.8928571428571429,1.0,0.9285714285714286,0.75,1.0,XGBoost,fleet,40000,20000,10.01,B_fleet_size,CTT_Impala,FS-A,1,3,CIDv2_OpelAstra|CIDv2_Prototype|CTT_Traverse
98401,12610,0.12814910417577058,0.6772157385304571,0.40523388700822455,85805,0.04424300176620483,True,0.01316415543219667,1.0,0.0,0.9997804497112707,0.0,0.02598267821452365,0.018963922294172063,0.014522120905099628,0.0008918617614269788,0.5714285714285714,1.0,0.5714285714285714,0.375,0.5,True,0.06153846153846154,0.9923273657289002,6.993740602161065e-05,0.9995320914408946,5.690722862979818,0.15689540306462357,0.05596669750231267,0.05133400878081729,0.007134894091415831,0.7857142857142857,1.0,0.8571428571428571,0.5,1.0,True,0.13211736716891356,0.9412429378531073,0.0012122483710412515,0.9991642566302558,98.63919629165021,0.35909393737508327,0.10869565217391304,0.09253630530226276,0.017614269788182833,0.9285714285714286,1.0,0.9285714285714286,0.875,1.0,True,0.1275971451229183,0.9492625368731563,0.0010024361529764195,0.9991968127298061,81.56702770271076,0.34810126582278483,0.10314523589269195,0.09017223910840932,0.01649944258639911,0.9285714285714286,1.0,0.9285714285714286,0.875,1.0,True,0.22640761300555115,0.7572944297082228,0.010665454418295625,0.9985317155822188,867.8352366044224,0.6322451698867422,0.17345050878815912,0.12901046943600136,0.044593088071348944,0.9642857142857143,1.0,0.9285714285714286,1.0,1.0,HistGB,fleet,40000,20000,24.51,B_fleet_size,CTT_Impala,FS-A,0,3,CIDv2_OpelAstra|CTT_Forester|CTT_Traverse
98401,12610,0.12814910417577058,0.6293399887935613,0.34310190971417387,85805,0.04424300176620483,True,0.023869944488501188,0.9901315789473685,3.4968703010805326e-05,0.9999291896820068,2.845361431489909,0.04463690872751499,0.05689176688251619,0.0121580547112462,0.0017837235228539577,0.5,0.5,0.5,0.375,1.0,True,0.05114988104678826,0.967016491754123,0.0002564371554125724,0.9998645782470703,20.865983830926,0.09427048634243837,0.10453283996299723,0.03681188787571766,0.006020066889632107,0.6785714285714286,0.5,0.7857142857142857,0.5,1.0,True,0.12505947660586836,0.9265569917743831,0.0014570292921168887,0.999573290348053,118.55672631207958,0.2318454363757495,0.20860314523589268,0.09895305639986492,0.030546265328874025,0.8571428571428571,1.0,0.8571428571428571,0.75,1.0,True,0.11768437747819191,0.93099121706399,0.0012821857770628621,0.9996077418327332,104.32991915463002,0.21552298467688208,0.19935245143385755,0.09490037149611617,0.027870680044593088,0.8214285714285714,1.0,0.8571428571428571,0.625,1.0,True,0.19540047581284695,0.7313742950430395,0.010548892074926274,0.9991425275802612,858.350698499456,0.41272485009993337,0.27150786308973174,0.12495778453225262,0.05975473801560758,0.9642857142857143,1.0,0.9285714285714286,1.0,1.0,XGBoost,fleet,40000,20000,8.34,B_fleet_size,CTT_Impala,FS-A,0,3,CIDv2_OpelAstra|CTT_Forester|CTT_Traverse
98401,12610,0.12814910417577058,0.6567723206788871,0.35791094392463735,85805,0.04424300176620483,True,0.0003965107057890563,1.0,0.0,0.9999576230435903,0.0,0.00033311125916055963,0.0,0.0013508949679162446,0.0,0.07142857142857142,0.25,0.07142857142857142,0.0,0.0,True,0.03838223632038065,0.9958847736625515,2.331246867387022e-05,0.9998056092970831,1.8969076209932731,0.08527648234510327,0.05689176688251619,0.02465383316447146,0.007134894091415831,0.6071428571428571,1.0,0.5,0.625,0.5,True,0.09072164948453608,0.9493775933609958,0.0007110302945530417,0.9996734559332601,57.85568244029482,0.2418387741505663,0.09851988899167438,0.04356636271529889,0.0169453734671126,0.7857142857142857,1.0,0.7857142857142857,0.625,1.0,True,0.08398096748612212,0.9566395663956639,0.0005594992481728852,0.9996906216078185,45.52578290383855,0.22218520986009327,0.09296947271045329,0.041202296521445456,0.015384615384615385,0.75,1.0,0.7142857142857143,0.625,1.0,True,0.17073750991276765,0.7530605106680658,0.008229301441876188,0.999378281791411,669.6083902106254,0.46135909393737506,0.1702127659574468,0.07429922323539345,0.04013377926421405,0.9285714285714286,1.0,0.9285714285714286,0.875,1.0,HistGB,fleet,40000,20000,29.16,B_fleet_size,CTT_Impala,FS-A,1,3,CIDv2_OpelAstra|CTT_Forester|CTT_Traverse
98401,12610,0.12814910417577058,0.5597425048171629,0.21554467120366577,85805,0.04424300176620483,True,0.003885804916732752,0.9607843137254902,2.331246867387022e-05,0.999984622001648,1.8969076209932731,0.00033311125916055963,0.020814061054579093,0.0006754474839581223,0.0002229654403567447,0.17857142857142858,0.25,0.14285714285714285,0.125,0.5,True,0.014512291831879461,0.953125,0.00010490610903241599,0.9999690055847168,8.53608429446973,0.004663557628247834,0.06614246068455135,0.003377237419790611,0.0035674470457079154,0.2857142857142857,0.25,0.21428571428571427,0.375,0.5,True,0.047739888977002376,0.8737300435413643,0.0010140923873133546,0.9999146461486816,82.51548151320739,0.030979347101932047,0.15124884366327473,0.029044241810199257,0.02140468227424749,0.6785714285714286,0.5,0.7142857142857143,0.625,1.0,True,0.04456780333068993,0.8850393700787401,0.0008509051065962631,0.9999195337295532,69.23712816625448,0.02731512325116589,0.14431082331174838,0.02668017561634583,0.019843924191750278,0.6785714285714286,0.5,0.7142857142857143,0.625,1.0,True,0.08104678826328311,0.5803520726859739,0.008613957174995046,0.9998478889465332,700.9073659570145,0.06429047301798801,0.20952821461609622,0.06619385342789598,0.04013377926421405,0.8214285714285714,0.75,0.8571428571428571,0.75,1.0,XGBoost,fleet,40000,20000,8.58,B_fleet_size,CTT_Impala,FS-A,1,3,CIDv2_OpelAstra|CTT_Forester|CTT_Traverse
98401,12610,0.12814910417577058,0.639841692068892,0.32153812611410515,85805,0.04424300176620483,True,0.01134020618556701,1.0,0.0,0.9996660783468688,0.0,0.000999333777481679,0.03469010175763182,0.016548463356973995,0.0035674470457079154,0.6071428571428571,0.5,0.7142857142857143,0.5,0.5,True,0.02704203013481364,0.9827089337175793,6.993740602161065e-05,0.9994462781770541,5.690722862979818,0.011992005329780146,0.07724329324699353,0.026004728132387706,0.013600891861761426,0.6785714285714286,0.5,0.7857142857142857,0.625,0.5,True,0.07303727200634418,0.8847262247838616,0.0013987481204322133,0.9990294275128617,113.81445725959641,0.09160559626915389,0.15772432932469935,0.058088483620398514,0.029654403567447047,0.9285714285714286,1.0,1.0,0.75,1.0,True,0.06645519429024584,0.8943436499466382,0.0011539671993565758,0.9990813451828618,93.89692723916703,0.07994670219853431,0.14754856614246067,0.05200945626477541,0.027870680044593088,0.9285714285714286,1.0,1.0,0.75,1.0,True,0.15503568596352102,0.6816596931659693,0.010642141949621755,0.9982904284891237,865.9383289834292,0.2978014656895403,0.23126734505087881,0.10368118878757177,0.056633221850613154,0.9642857142857143,1.0,1.0,0.875,1.0,HistGB,fleet,40000,20000,32.04,B_fleet_size,CTT_Impala,FS-A,0,3,CIDv2_OpelAstra|CTT_Traverse|ROAD_ORNL
98401,12610,0.12814910417577058,0.5651262735764787,0.22638886498378838,85805,0.04424300176620483,True,0.01808088818398097,0.9956331877729258,1.165623433693511e-05,0.9999014139175415,0.9484538104966366,0.0,0.08233117483811286,0.0010131712259371835,0.010479375696767,0.2857142857142857,0.0,0.21428571428571427,0.375,1.0,True,0.041316415543219666,0.9886148007590133,6.993740602161065e-05,0.9997816681861877,5.690722862979818,0.0006662225183211193,0.17391304347826086,0.008780817291455589,0.02608695652173913,0.5,0.25,0.5,0.5,1.0,True,0.06360031720856463,0.8736383442265795,0.0013521231830844727,0.9996078610420227,110.02064201760983,0.008660892738174551,0.2294172062904718,0.04187774400540358,0.034782608695652174,0.7142857142857143,0.5,0.7142857142857143,0.75,1.0,True,0.060824742268041236,0.8908246225319396,0.0010956860276719004,0.9996316432952881,89.15465818668385,0.0069953364423717525,0.22525439407955597,0.0364741641337386,0.03366778149386845,0.6785714285714286,0.5,0.6428571428571429,0.75,1.0,True,0.0950832672482157,0.5962207856787668,0.009464862281591309,0.9992830157279968,770.1444941232688,0.03530979347101932,0.2664199814986124,0.09152313407632556,0.0548494983277592,0.8571428571428571,1.0,0.8571428571428571,0.75,1.0,XGBoost,fleet,40000,20000,8.95,B_fleet_size,CTT_Impala,FS-A,0,3,CIDv2_OpelAstra|CTT_Traverse|ROAD_ORNL
98401,12610,0.12814910417577058,0.5815983920534394,0.20377575063046682,85805,0.04424300176620483,True,0.008326724821570182,1.0,0.0,0.9996334063056782,0.0,0.0,0.01156336725254394,0.020601148260722728,0.00423634336677815,0.5714285714285714,0.0,0.7857142857142857,0.5,0.5,True,0.019191118160190326,0.968,9.324987469548088e-05,0.9995127603202661,7.587630483973093,0.00033311125916055963,0.035615171137835334,0.04018912529550828,0.010033444816053512,0.6785714285714286,0.25,0.8571428571428571,0.625,0.5,True,0.03957176843774782,0.8515358361774744,0.0010140923873133546,0.9992368835764204,82.51548151320739,0.0013324450366422385,0.08001850138760407,0.07463694697737251,0.022519509476031215,0.7857142857142857,0.5,0.8571428571428571,0.75,1.0,True,0.03719270420301348,0.8849056603773585,0.0007110302945530417,0.9992732590305673,57.85568244029482,0.0013324450366422385,0.07400555041628122,0.0712597095575819,0.020958751393534,0.7857142857142857,0.5,0.8571428571428571,0.75,1.0,True,0.06360031720856463,0.4848851269649335,0.009931111655068714,0.998863128452927,808.0826465431344,0.005662891405729514,0.1267345050878816,0.10064167510976021,0.04749163879598662,0.8214285714285714,0.5,0.9285714285714286,0.75,1.0,HistGB,fleet,40000,20000,28.95,B_fleet_size,CTT_Impala,FS-A,1,3,CIDv2_OpelAstra|CTT_Traverse|ROAD_ORNL
98401,12610,0.12814910417577058,0.5941079505584506,0.24852270063915224,85805,0.04424300176620483,True,0.008009516256938937,1.0,0.0,0.9998737573623657,0.0,0.0,0.045328399629972246,0.0,0.0006688963210702341,0.07142857142857142,0.0,0.0,0.125,0.5,True,0.04655035685963521,0.9898819561551433,6.993740602161065e-05,0.9994925260543823,5.690722862979818,0.0043304463690872754,0.1868640148011101,0.019250253292806486,0.02519509476031215,0.6785714285714286,0.25,0.8571428571428571,0.5,1.0,True,0.07414750198255353,0.8746492048643593,0.0015619354011493047,0.9990419745445251,127.09281060654929,0.015323117921385743,0.25023126734505086,0.06349206349206349,0.03567447045707915,0.8214285714285714,0.75,0.8571428571428571,0.75,1.0,True,0.07264076130055512,0.8980392156862745,0.0012122483710412515,0.9990907907485962,98.63919629165021,0.014990006662225183,0.24653098982423682,0.060790273556231005,0.03522853957636567,0.8214285714285714,0.75,0.8571428571428571,0.75,1.0,True,0.1049167327517843,0.6016371077762619,0.010210861279155155,0.998216450214386,830.8455379950536,0.03930712858094604,0.28677150786308975,0.11313745356298548,0.055741360089186176,0.8928571428571429,1.0,0.9285714285714286,0.75,1.0,XGBoost,fleet,40000,20000,12.79,B_fleet_size,CTT_Impala,FS-A,1,3,CIDv2_OpelAstra|CTT_Traverse|ROAD_ORNL
98401,12610,0.12814910417577058,0.6448524807410769,0.4115655489746663,85805,0.04424300176620483,True,0.022918318794607453,1.0,0.0,0.9999487038794369,0.0,0.09593604263824117,0.0,0.0,0.0002229654403567447,0.17857142857142858,1.0,0.0,0.125,0.0,True,0.07208564631245043,0.9837662337662337,0.00017484351505402666,0.9998790612287027,14.226807157449551,0.28247834776815456,0.015263644773358002,0.0,0.006243032329988852,0.25,1.0,0.0,0.25,0.5,True,0.13624107850911973,0.9167556029882604,0.001818372556561877,0.9997877714629441,147.9587944374753,0.5153231179213857,0.0425531914893617,0.0016886187098953055,0.01649944258639911,0.39285714285714285,1.0,0.21428571428571427,0.25,1.0,True,0.12799365582870736,0.9265212399540758,0.0014919979951276941,0.9998010380822159,121.40208774356948,0.4860093271152565,0.03839037927844589,0.0010131712259371835,0.015384615384615385,0.35714285714285715,1.0,0.14285714285714285,0.25,1.0,True,0.22640761300555115,0.7760260940472955,0.009604737093634531,0.9995450002504985,781.5259398492285,0.7764823451032645,0.12025901942645699,0.03613644039175954,0.03500557413600892,0.7142857142857143,1.0,0.8571428571428571,0.25,1.0,HistGB,fleet,40000,20000,46.57,B_fleet_size,CTT_Impala,FS-A,0,3,CIDv2_Prototype|CIDv2_RenaultClio|CTT_Silverado
98401,12610,0.12814910417577058,0.6154028577148802,0.2689188076285159,85805,0.04424300176620483,True,0.020301348136399684,0.9922480620155039,2.331246867387022e-05,0.9999748468399048,1.8969076209932731,0.0742838107928048,0.0064754856614246065,0.002364066193853428,0.0026755852842809363,0.35714285714285715,1.0,0.2857142857142857,0.125,0.5,True,0.02950039651070579,0.9562982005141388,0.00019815598372789687,0.9999599456787109,16.12371477844282,0.0966022651565623,0.016651248843663275,0.0060790273556231,0.006243032329988852,0.4642857142857143,1.0,0.42857142857142855,0.25,0.5,True,0.049563838223632035,0.8311170212765957,0.001480341760790759,0.9999244213104248,120.45363393307284,0.13324450366422386,0.04856614246068455,0.016210739614994935,0.016053511705685617,0.5,1.0,0.5,0.25,0.5,True,0.04726407613005551,0.8490028490028491,0.0012355608397151216,0.9999300241470337,100.53610391264347,0.12858094603597603,0.04625346901017576,0.014522120905099628,0.014938684503901895,0.5,1.0,0.5,0.25,0.5,True,0.09460745440126883,0.6124229979466119,0.008800456924386009,0.9998350143432617,716.0826269249607,0.22884743504330446,0.09296947271045329,0.05943937858831476,0.028762541806020066,0.6428571428571429,1.0,0.6428571428571429,0.5,0.5,XGBoost,fleet,40000,20000,21.1,B_fleet_size,CTT_Impala,FS-A,0,3,CIDv2_Prototype|CIDv2_RenaultClio|CTT_Silverado
98401,12610,0.12814910417577058,0.6133889478987677,0.27734284556653366,85805,0.04424300176620483,True,0.01942902458366376,0.9839357429718876,4.662493734774044e-05,0.9999822813427868,3.7938152419865463,0.06662225183211193,0.00786308973172988,0.0010131712259371835,0.005574136008918618,0.32142857142857145,1.0,0.14285714285714285,0.25,0.5,True,0.027121332275971452,0.9715909090909091,0.0001165623433693511,0.9999759039683075,9.484538104966365,0.08227848101265822,0.01572617946345976,0.005065856129685917,0.010256410256410256,0.42857142857142855,1.0,0.2857142857142857,0.25,1.0,True,0.04972244250594766,0.8672199170124482,0.0011189984963457704,0.9999611178711038,91.0515658076771,0.1345769487008661,0.04301572617946346,0.014184397163120567,0.019620958751393535,0.6071428571428571,1.0,0.5714285714285714,0.375,1.0,True,0.04750198255352894,0.8668596237337193,0.00107237355899803,0.9999625476633159,87.25775056569057,0.12958027981345768,0.04024051803885292,0.012833502195204323,0.0189520624303233,0.5714285714285714,1.0,0.5,0.375,1.0,True,0.10023790642347344,0.6124031007751938,0.009324987469548088,0.999934570274952,758.7630483973093,0.27514990006662227,0.07261794634597594,0.04593042890915231,0.032329988851727984,0.7857142857142857,1.0,0.8571428571428571,0.5,1.0,HistGB,fleet,40000,20000,33.49,B_fleet_size,CTT_Impala,FS-A,1,3,CIDv2_Prototype|CIDv2_RenaultClio|CTT_Silverado
98401,12610,0.12814910417577058,0.6410578301650791,0.32874784127375256,85805,0.04424300176620483,True,0.03901665344964314,0.9939393939393939,3.4968703010805326e-05,0.9999324083328247,2.845361431489909,0.10293137908061292,0.04717853839037928,0.009793988517392773,0.011594202898550725,0.4642857142857143,1.0,0.42857142857142855,0.25,0.5,True,0.05463917525773196,0.9786931818181818,0.00017484351505402666,0.9998981952667236,14.226807157449551,0.12891405729513658,0.07261794634597594,0.018912529550827423,0.019843924191750278,0.5357142857142857,1.0,0.5714285714285714,0.25,0.5,True,0.0873116574147502,0.8922204213938412,0.0015502791668123696,0.9998124241828918,126.14435679605268,0.18954030646235842,0.12395929694727105,0.04626815265113138,0.028316610925306577,0.7857142857142857,1.0,0.7857142857142857,0.625,1.0,True,0.08334655035685963,0.9068162208800691,0.0012588733083889918,0.9998238682746887,102.43301153363674,0.18221185876082613,0.12025901942645699,0.04187774400540358,0.026755852842809364,0.7857142857142857,1.0,0.7857142857142857,0.625,1.0,True,0.14361617763679618,0.6787856071964018,0.00998939282675339,0.9996364116668701,812.8249155956175,0.29013990672884743,0.19148936170212766,0.1121242823370483,0.043255295429208473,0.8928571428571429,1.0,1.0,0.625,1.0,XGBoost,fleet,40000,20000,10.24,B_fleet_size,CTT_Impala,FS-A,1,3,CIDv2_Prototype|CIDv2_RenaultClio|CTT_Silverado
98401,12610,0.12814910417577058,0.686883871765856,0.45494693154515536,85805,0.04424300176620483,True,0.08636003172085646,1.0,0.0,0.9964252934337197,0.0,0.3557628247834777,0.00046253469010175765,0.006754474839581222,0.0,0.39285714285714285,1.0,0.42857142857142855,0.0,0.5,True,0.15400475812846948,0.9943676395289298,0.0001282185777062862,0.9932849300394454,10.432991915463,0.6185876082611592,0.0037002775208140612,0.024991556906450524,0.0006688963210702341,0.5714285714285714,1.0,0.6428571428571429,0.25,0.5,True,0.20753370340999208,0.9656826568265683,0.0010840297933349652,0.9894050139296036,88.2062043761872,0.8034643570952699,0.00971322849213691,0.060452549814251945,0.0011148272017837235,0.6428571428571429,1.0,0.7142857142857143,0.375,0.5,True,0.20118953211736718,0.9705432287681713,0.0008975300439440035,0.9899751720359303,73.03094340824101,0.7824783477681546,0.008788159111933395,0.05572441742654509,0.0008918617614269788,0.6071428571428571,1.0,0.7142857142857143,0.25,0.5,True,0.27692307692307694,0.8111498257839721,0.009476518515928244,0.9794558577040451,771.0929479337655,0.950033311125916,0.04579093432007401,0.16143194866599123,0.014046822742474917,0.8928571428571429,1.0,0.9285714285714286,0.75,1.0,HistGB,fleet,40000,20000,38.94,B_fleet_size,CTT_Impala,FS-A,0,4,CIDv2_OpelAstra|CIDv2_Prototype|CTT_Silverado|ROAD_ORNL
98401,12610,0.12814910417577058,0.6696161297916978,0.4114364266099441,85805,0.04424300176620483,True,0.07866772402854877,1.0,0.0,0.9984138011932373,0.0,0.3284477015323118,0.0018501387604070306,0.0,0.0004459308807134894,0.25,1.0,0.0,0.25,0.5,True,0.12934179222839018,0.9939061547836685,0.0001165623433693511,0.9965937733650208,9.484538104966365,0.5319786808794137,0.008325624421831638,0.002364066193853428,0.002006688963210702,0.4642857142857143,1.0,0.2857142857142857,0.375,1.0,True,0.17573354480570974,0.935415787252005,0.0017834038535510719,0.9937735795974731,145.1134330059854,0.7085276482345103,0.01757631822386679,0.006754474839581222,0.0069119286510590855,0.5714285714285714,1.0,0.5,0.375,1.0,True,0.17208564631245044,0.9438886472379295,0.0015036542294646293,0.9940851926803589,122.35054155406613,0.6952031978680879,0.017113783533765033,0.0060790273556231,0.006243032329988852,0.5714285714285714,1.0,0.5,0.375,1.0,True,0.2338620142743854,0.7252828332513527,0.013020013754356517,0.9863986968994141,1059.4229063247428,0.8707528314457028,0.04440333024976873,0.04221546774738264,0.025418060200668897,0.75,1.0,0.7857142857142857,0.5,1.0,XGBoost,fleet,40000,20000,12.27,B_fleet_size,CTT_Impala,FS-A,0,4,CIDv2_OpelAstra|CIDv2_Prototype|CTT_Silverado|ROAD_ORNL
98401,12610,0.12814910417577058,0.6606864333291913,0.41958019146306486,85805,0.04424300176620483,True,0.04528152260111023,1.0,0.0,0.9991474156425642,0.0,0.18021319120586277,0.0,0.010131712259371834,0.0,0.2857142857142857,1.0,0.2857142857142857,0.0,0.0,True,0.06463124504361618,0.9831121833534379,0.00016318728071709155,0.9987809504105518,13.278353346952914,0.2491672218520986,0.0,0.022289766970618033,0.0002229654403567447,0.39285714285714285,1.0,0.42857142857142855,0.125,0.0,True,0.1196669310071372,0.9151000606428138,0.0016318728071709153,0.9977905205642554,132.78353346952912,0.4267155229846769,0.0,0.07463694697737251,0.001560758082497213,0.5357142857142857,1.0,0.5714285714285714,0.375,0.0,True,0.10808881839809675,0.9240677966101695,0.0013054982457367324,0.9979949189684277,106.22682677562331,0.39073950699533644,0.0,0.06214116852414725,0.0013377926421404682,0.5,1.0,0.5,0.375,0.0,True,0.24964314036478985,0.75221027479092,0.01208751500740171,0.9951447481152147,983.5466014850122,0.7778147901399067,0.00971322849213691,0.23235393448159405,0.02318840579710145,0.6785714285714286,1.0,0.7142857142857143,0.375,1.0,HistGB,fleet,40000,20000,37.44,B_fleet_size,CTT_Impala,FS-A,1,4,CIDv2_OpelAstra|CIDv2_Prototype|CTT_Silverado|ROAD_ORNL
98401,12610,0.12814910417577058,0.6420820249302727,0.34863638502130584,85805,0.04424300176620483,True,0.041316415543219666,1.0,0.0,0.9991788268089294,0.0,0.1715522984676882,0.0018501387604070306,0.0,0.0004459308807134894,0.25,1.0,0.0,0.25,0.5,True,0.06502775574940524,0.9963547995139733,3.4968703010805326e-05,0.9983235001564026,2.845361431489909,0.2608261159227182,0.00971322849213691,0.0,0.0035674470457079154,0.2857142857142857,1.0,0.0,0.375,0.5,True,0.11459159397303727,0.9262820512820513,0.0013404669487475376,0.9956615567207336,109.0721882071132,0.4333777481678881,0.027752081406105456,0.004052684903748734,0.016053511705685617,0.5,1.0,0.35714285714285715,0.375,1.0,True,0.10880253766851705,0.9384404924760602,0.0010490610903241598,0.9960334897041321,85.36084294469728,0.41405729513657563,0.025901942645698426,0.002701789935832489,0.014492753623188406,0.5,1.0,0.35714285714285715,0.375,1.0,True,0.18017446471054718,0.6924718073758,0.011761140445967527,0.9899505376815796,956.9898947911064,0.628580946035976,0.08741905642923219,0.016548463356973995,0.03277591973244147,0.6785714285714286,1.0,0.7142857142857143,0.375,1.0,XGBoost,fleet,40000,20000,10.35,B_fleet_size,CTT_Impala,FS-A,1,4,CIDv2_OpelAstra|CIDv2_Prototype|CTT_Silverado|ROAD_ORNL
98401,12610,0.12814910417577058,0.6445647885163925,0.4295428548434931,85805,0.04424300176620483,True,0.22093576526566217,0.9992826398852224,2.331246867387022e-05,0.9989426672305958,1.8969076209932731,0.8860759493670886,0.05550416281221091,0.0006754474839581223,0.0008918617614269788,0.32142857142857145,1.0,0.07142857142857142,0.25,1.0,True,0.24282315622521808,0.9964204360559714,0.0001282185777062862,0.9983280964765096,10.432991915463,0.941039307128581,0.0841813135985199,0.008105369807497468,0.0069119286510590855,0.5714285714285714,1.0,0.42857142857142855,0.5,1.0,True,0.27470261697065823,0.9643652561247216,0.0014919979951276941,0.9966351836851217,121.40208774356948,0.9793471019320453,0.13043478260869565,0.04728132387706856,0.02274247491638796,0.8214285714285714,1.0,0.9285714285714286,0.5,1.0,True,0.2719270420301348,0.9727659574468085,0.0011189984963457704,0.9968227796757851,91.0515658076771,0.9766822118587608,0.1267345050878816,0.04289091523134076,0.02140468227424749,0.8214285714285714,1.0,0.9285714285714286,0.5,1.0,True,0.30118953211736715,0.8072263549415516,0.010572204543600144,0.9947831084814905,860.2476061204494,0.9880079946702198,0.18593894542090658,0.08848362039851401,0.03745819397993311,0.9285714285714286,1.0,1.0,0.75,1.0,HistGB,fleet,40000,20000,30.53,B_fleet_size,CTT_Impala,FS-A,0,4,CIDv2_OpelAstra|CIDv2_RenaultClio|CTT_Silverado|CTT_Traverse
98401,12610,0.12814910417577058,0.5915217090062047,0.2681843677886566,85805,0.04424300176620483,True,0.020301348136399684,1.0,0.0,0.9999723434448242,0.0,0.06928714190539641,0.02127659574468085,0.0,0.0004459308807134894,0.10714285714285714,0.25,0.0,0.125,0.5,True,0.0662172878667724,0.9788980070339977,0.00020981221806483198,0.999812662601471,17.07216858893946,0.10093271152564957,0.15217391304347827,0.03275920297196893,0.02363433667781494,0.6428571428571429,0.5,0.7142857142857143,0.5,1.0,True,0.0957176843774782,0.9130105900151286,0.0013404669487475376,0.9996212720870972,109.0721882071132,0.12125249833444371,0.22802960222016652,0.06653157716987504,0.03411371237458194,0.7857142857142857,1.0,0.8571428571428571,0.5,1.0,True,0.09325931800158604,0.9216300940438872,0.001165623433693511,0.9996395111083984,94.84538104966366,0.11758827448367755,0.22525439407955597,0.06180344478216818,0.03411371237458194,0.7857142857142857,1.0,0.8571428571428571,0.5,1.0,True,0.1253766851704996,0.6408593433319821,0.010327423622524506,0.9993151426315308,840.3300761000198,0.1715522984676882,0.27335800185013875,0.09152313407632556,0.04548494983277592,0.9285714285714286,1.0,0.9285714285714286,0.875,1.0,XGBoost,fleet,40000,20000,8.8,B_fleet_size,CTT_Impala,FS-A,0,4,CIDv2_OpelAstra|CIDv2_RenaultClio|CTT_Silverado|CTT_Traverse
98401,12610,0.12814910417577058,0.6371880625074764,0.4262487654457429,85805,0.04424300176620483,True,0.11316415543219667,0.9979020979020979,3.4968703010805326e-05,0.9991272286761961,2.845361431489909,0.4280479680213191,0.06290471785383904,0.0006754474839581223,0.0008918617614269788,0.2857142857142857,1.0,0.07142857142857142,0.25,0.5,True,0.16923076923076924,0.9948717948717949,0.0001282185777062862,0.9986711479832759,10.432991915463,0.6409060626249167,0.08094357076780759,0.005065856129685917,0.004459308807134894,0.5357142857142857,1.0,0.42857142857142855,0.5,0.5,True,0.23790642347343377,0.968054211035818,0.0011539671993565758,0.9978584900391437,93.89692723916703,0.8481012658227848,0.12719703977798336,0.034447821681864235,0.01716833890746934,0.7857142857142857,1.0,0.8571428571428571,0.5,1.0,True,0.23195876288659795,0.9737017310252996,0.0009208425126178737,0.9979436944753846,74.92785102923429,0.8324450366422385,0.12210915818686402,0.031070584262073625,0.01560758082497213,0.7857142857142857,1.0,0.8571428571428571,0.5,1.0,True,0.28778747026169704,0.8283496918511756,0.008765488221375203,0.996650511802599,713.2372654934708,0.9540306462358428,0.19287696577243293,0.06855791962174941,0.032329988851727984,0.8928571428571429,1.0,0.9285714285714286,0.75,1.0,HistGB,fleet,40000,20000,24.27,B_fleet_size,CTT_Impala,FS-A,1,4,CIDv2_OpelAstra|CIDv2_RenaultClio|CTT_Silverado|CTT_Traverse
98401,12610,0.12814910417577058,0.598774262380134,0.2615394412780075,85805,0.04424300176620483,True,0.024028548770816813,1.0,0.0,0.9999382495880127,0.0,0.07528314457028648,0.035615171137835334,0.0,0.0,0.10714285714285714,0.5,0.0,0.0,0.5,True,0.0528152260111023,0.9779735682819384,0.00017484351505402666,0.9997604489326477,14.226807157449551,0.10659560293137908,0.14338575393154487,0.003377237419790611,0.005797101449275362,0.39285714285714285,0.75,0.21428571428571427,0.375,1.0,True,0.0753370340999207,0.9039010466222646,0.001177279668030446,0.9995854496955872,95.79383486016029,0.13524317121918722,0.1998149861239593,0.015197568389057751,0.014938684503901895,0.6428571428571429,1.0,0.5,0.625,1.0,True,0.07295796986518636,0.9145129224652088,0.0010024361529764195,0.9996044039726257,81.56702770271076,0.13157894736842105,0.19472710453283995,0.01485984464707869,0.013377926421404682,0.6428571428571429,1.0,0.5,0.625,1.0,True,0.10658207771609833,0.64,0.008812113158722943,0.9992597699165344,717.0310807354572,0.18321119253830778,0.24606845513413506,0.035123269165822354,0.03522853957636567,0.8214285714285714,1.0,0.7857142857142857,0.75,1.0,XGBoost,fleet,40000,20000,9.1,B_fleet_size,CTT_Impala,FS-A,1,4,CIDv2_OpelAstra|CIDv2_RenaultClio|CTT_Silverado|CTT_Traverse
98401,12610,0.12814910417577058,0.6017200063252404,0.2484741996899836,85805,0.04424300176620483,True,0.009119746233148296,1.0,0.0,0.9999654746201555,0.0,0.037308461025982675,0.0009250693802035153,0.00033772374197906115,0.0,0.10714285714285714,0.25,0.07142857142857142,0.0,0.5,True,0.022521808088818398,0.9659863945578231,0.0001165623433693511,0.9998945595689853,9.484538104966365,0.07994670219853431,0.01572617946345976,0.0016886187098953055,0.0011148272017837235,0.32142857142857145,0.25,0.2857142857142857,0.375,0.5,True,0.03655828707375099,0.8045375218150087,0.0013054982457367324,0.9998032929524107,106.22682677562331,0.09427048634243837,0.05226641998149861,0.011482607227288078,0.0069119286510590855,0.6428571428571429,0.5,0.7142857142857143,0.625,0.5,True,0.03433782712133228,0.8375241779497099,0.0009791236843025492,0.9998196770579507,79.67012008171747,0.09260493004663557,0.04625346901017576,0.009793988517392773,0.005797101449275362,0.5714285714285714,0.25,0.7142857142857143,0.5,0.5,True,0.0929421094369548,0.5541371158392435,0.010991828979729808,0.9995484277391664,894.3919432983283,0.11625582944703532,0.17622571692876965,0.0800405268490375,0.045707915273132664,0.8928571428571429,1.0,0.9285714285714286,0.75,1.0,HistGB,fleet,40000,20000,26.8,B_fleet_size,CTT_Impala,FS-A,0,4,CIDv2_Prototype|CIDv2_RenaultClio|CTT_Forester|CTT_Silverado
98401,12610,0.12814910417577058,0.672304455830826,0.39125742117582407,85805,0.04424300176620483,True,0.06526566217287867,1.0,0.0,0.9998383522033691,0.0,0.2161892071952032,0.07215541165587419,0.0037149611617696724,0.001560758082497213,0.5357142857142857,1.0,0.5,0.25,1.0,True,0.09944488501189531,0.9858490566037735,0.00020981221806483198,0.9997103810310364,17.07216858893946,0.3211192538307795,0.09851988899167438,0.015197568389057751,0.007134894091415831,0.6071428571428571,1.0,0.6428571428571429,0.25,1.0,True,0.13425852498017446,0.9297089511257551,0.0014919979951276941,0.9995718598365784,121.40208774356948,0.4043970686209194,0.13089731729879742,0.03951367781155015,0.017614269788182833,0.6071428571428571,1.0,0.6428571428571429,0.25,1.0,True,0.1295796986518636,0.9417867435158501,0.001177279668030446,0.999592125415802,95.79383486016029,0.39540306462358427,0.12627197039777982,0.034447821681864235,0.016053511705685617,0.6071428571428571,1.0,0.6428571428571429,0.25,1.0,True,0.18786677240285488,0.7067422434367542,0.011458078353207213,0.9993010759353638,932.3300957181939,0.513657561625583,0.19472710453283995,0.09050996285038838,0.03076923076923077,0.8571428571428571,1.0,0.8571428571428571,0.75,1.0,XGBoost,fleet,40000,20000,9.2,B_fleet_size,CTT_Impala,FS-A,0,4,CIDv2_Prototype|CIDv2_RenaultClio|CTT_Forester|CTT_Silverado
98401,12610,0.12814910417577058,0.5657524661740193,0.2346854276683755,85805,0.04424300176620483,True,0.023949246629659002,0.9966996699669967,1.165623433693511e-05,0.9999151133982751,0.9484538104966366,0.07861425716189208,0.02682701202590194,0.00033772374197906115,0.001560758082497213,0.17857142857142858,0.25,0.07142857142857142,0.25,0.5,True,0.03148295003965107,0.9826732673267327,8.159364035854577e-05,0.9998814337210089,6.639176673476457,0.08960692871419054,0.04810360777058279,0.002026342451874367,0.004013377926421404,0.2857142857142857,0.25,0.21428571428571427,0.375,0.5,True,0.04821570182394925,0.8710601719197708,0.0010490610903241598,0.9998034165464873,85.36084294469728,0.10093271152564957,0.09481961147086032,0.010469436001350895,0.015384615384615385,0.6785714285714286,0.75,0.6428571428571429,0.625,1.0,True,0.045757335448057095,0.8987538940809969,0.0007576552319007821,0.9998152705281714,61.64949768228137,0.09926715522984676,0.08788159111933395,0.00911854103343465,0.013823857302118171,0.6428571428571429,0.75,0.5714285714285714,0.625,1.0,True,0.08501189532117367,0.5333333333333333,0.010933547808045133,0.9996466529462305,889.6496742458451,0.11359093937375084,0.18038852913968548,0.058088483620398514,0.03768115942028986,0.8571428571428571,0.75,0.9285714285714286,0.75,1.0,HistGB,fleet,40000,20000,31.17,B_fleet_size,CTT_Impala,FS-A,1,4,CIDv2_Prototype|CIDv2_RenaultClio|CTT_Forester|CTT_Silverado
98401,12610,0.12814910417577058,0.6757551587549074,0.37841958049912633,85805,0.04424300176620483,True,0.046867565424266455,0.9983108108108109,1.165623433693511e-05,0.9999076128005981,0.9484538104966366,0.13824117255163224,0.059666975023126734,0.012495778453225262,0.002229654403567447,0.5,1.0,0.5,0.25,0.5,True,0.05828707375099128,0.9919028340080972,6.993740602161065e-05,0.9998825788497925,5.690722862979818,0.17055296469020653,0.07215541165587419,0.01485984464707869,0.005128205128205128,0.5357142857142857,1.0,0.5714285714285714,0.25,0.5,True,0.10166534496431404,0.9242970439798125,0.0012239046053781864,0.9997730851173401,99.58765010214684,0.27648234510326447,0.12349676225716928,0.038162782843633905,0.016053511705685617,0.6785714285714286,1.0,0.6428571428571429,0.5,1.0,True,0.09809674861221253,0.9342900302114804,0.0010140923873133546,0.9997852444648743,82.51548151320739,0.2681545636242505,0.11887141535615171,0.03613644039175954,0.01516164994425864,0.6428571428571429,1.0,0.5714285714285714,0.5,1.0,True,0.1766851704996035,0.6904245429191199,0.011644578102598174,0.9995231628417969,947.50535668614,0.4290473017988008,0.20582793709528216,0.10672070246538332,0.039910813823857305,0.9285714285714286,1.0,0.9285714285714286,0.875,1.0,XGBoost,fleet,40000,20000,12.85,B_fleet_size,CTT_Impala,FS-A,1,4,CIDv2_Prototype|CIDv2_RenaultClio|CTT_Forester|CTT_Silverado
98401,12610,0.12814910417577058,0.6743245561149285,0.4004786778570305,85805,0.04424300176620483,True,0.019984139571768436,0.9960474308300395,1.165623433693511e-05,0.9999447307254393,0.9484538104966366,0.0536309127248501,0.027752081406105456,0.00033772374197906115,0.006688963210702341,0.2857142857142857,1.0,0.07142857142857142,0.25,0.5,True,0.05471847739888977,0.9829059829059829,0.0001398748120432213,0.9998964417357559,11.381445725959637,0.1575616255829447,0.0666049953746531,0.0037149611617696724,0.013823857302118171,0.39285714285714285,1.0,0.2857142857142857,0.25,0.5,True,0.11792228390166534,0.9399494310998736,0.0011073422620088355,0.9998156989806537,90.10311199718048,0.3640906062624917,0.10499537465309898,0.01485984464707869,0.0274247491638796,0.6071428571428571,1.0,0.5,0.5,1.0,True,0.10753370340999208,0.9489153254023793,0.0008509051065962631,0.9998301549498971,69.23712816625448,0.33211192538307793,0.09805735430157261,0.011482607227288078,0.02519509476031215,0.5714285714285714,1.0,0.42857142857142855,0.5,1.0,True,0.21086439333862014,0.7597142857142857,0.009802893077362427,0.9996427315871291,797.6496546276713,0.6362425049966689,0.16743755781683625,0.05673758865248227,0.04882943143812709,0.8928571428571429,1.0,0.9285714285714286,0.75,1.0,HistGB,fleet,40000,20000,55.1,B_fleet_size,CTT_Impala,FS-A,0,4,CIDv2_Prototype|CIDv2_RenaultClio|CTT_Silverado|CTT_Traverse
98401,12610,0.12814910417577058,0.6505931761520174,0.3158904783978568,85805,0.04424300176620483,True,0.030610626486915146,1.0,0.0,0.9999538660049438,0.0,0.0866089273817455,0.04440333024976873,0.004052684903748734,0.004013377926421404,0.5357142857142857,1.0,0.5,0.375,0.5,True,0.04734337827121332,0.9851485148514851,0.00010490610903241599,0.9999231100082397,8.53608429446973,0.11225849433710859,0.08233117483811286,0.011482607227288078,0.010702341137123745,0.6071428571428571,1.0,0.5,0.5,1.0,True,0.08017446471054719,0.9141048824593129,0.0011073422620088355,0.9998568296432495,90.10311199718048,0.16522318454363757,0.14662349676225717,0.029044241810199257,0.02497212931995541,0.75,1.0,0.7142857142857143,0.625,1.0,True,0.07636796193497225,0.9197707736389685,0.0009791236843025492,0.9998636245727539,79.67012008171747,0.16055962691538975,0.13737280296022203,0.02634245187436677,0.02363433667781494,0.7142857142857143,1.0,0.6428571428571429,0.625,1.0,True,0.13584456780333068,0.6794922649742166,0.009418237344243569,0.9997242093086243,766.3506788812823,0.2734843437708194,0.21970397779833487,0.06585612968591692,0.049498327759197325,0.9642857142857143,1.0,1.0,0.875,1.0,XGBoost,fleet,40000,20000,25.82,B_fleet_size,CTT_Impala,FS-A,0,4,CIDv2_Prototype|CIDv2_RenaultClio|CTT_Silverado|CTT_Traverse
98401,12610,0.12814910417577058,0.6630478699359473,0.41004073220547194,85805,0.04424300176620483,True,0.05265662172878668,1.0,0.0,0.9999371522820236,0.0,0.16222518321119253,0.060129509713228495,0.00033772374197906115,0.010256410256410256,0.32142857142857145,1.0,0.07142857142857142,0.375,0.5,True,0.07811260904044409,1.0,0.0,0.9999168883264785,0.0,0.24283810792804797,0.0818686401480111,0.00303951367781155,0.01560758082497213,0.5714285714285714,1.0,0.5,0.375,1.0,True,0.15662172878667724,0.9791769955379276,0.0004895618421512746,0.9998375080878076,39.835060040858735,0.49067288474350435,0.15633672525439407,0.015873015873015872,0.02608695652173913,0.7857142857142857,1.0,0.8571428571428571,0.5,1.0,True,0.14821570182394925,0.9847207586933614,0.0003380307957711182,0.9998469604429939,27.505160504402458,0.4643570952698201,0.14708603145235893,0.014184397163120567,0.02564102564102564,0.7857142857142857,1.0,0.8571428571428571,0.5,1.0,True,0.23552735923869944,0.8356781091727631,0.0068072408527701045,0.9997225220246249,553.8970253300358,0.7058627581612259,0.23172987974098058,0.0547112462006079,0.041917502787068,0.9285714285714286,1.0,0.9285714285714286,0.875,1.0,HistGB,fleet,40000,20000,36.72,B_fleet_size,CTT_Impala,FS-A,1,4,CIDv2_Prototype|CIDv2_RenaultClio|CTT_Silverado|CTT_Traverse
98401,12610,0.12814910417577058,0.6319361709599277,0.29679530874505117,85805,0.04424300176620483,True,0.011895321173671689,1.0,0.0,0.9999884366989136,0.0,0.024983344437041973,0.03330249768732655,0.00033772374197906115,0.0004459308807134894,0.17857142857142858,0.25,0.07142857142857142,0.25,0.5,True,0.060745440126883425,0.9922279792746114,6.993740602161065e-05,0.999933123588562,5.690722862979818,0.09027315123251166,0.15772432932469935,0.019925700776764605,0.021181716833890748,0.6071428571428571,1.0,0.5714285714285714,0.375,1.0,True,0.08969072164948454,0.940149625935162,0.0008392488722593279,0.9998774528503418,68.28867435575783,0.13291139240506328,0.211840888066605,0.04728132387706856,0.02987736900780379,0.75,1.0,0.7142857142857143,0.625,1.0,True,0.08683584456780333,0.9505208333333334,0.0006644053572053012,0.9998830556869507,54.061867198308285,0.12658227848101267,0.20952821461609622,0.044241810199257006,0.029208472686733555,0.75,1.0,0.7142857142857143,0.625,1.0,True,0.13053132434575734,0.6829875518672199,0.008905363033418424,0.9997640252113342,724.6187112194303,0.20486342438374416,0.26919518963922295,0.07936507936507936,0.04771460423634337,0.9642857142857143,1.0,1.0,0.875,1.0,XGBoost,fleet,40000,20000,11.36,B_fleet_size,CTT_Impala,FS-A,1,4,CIDv2_Prototype|CIDv2_RenaultClio|CTT_Silverado|CTT_Traverse
98401,12610,0.12814910417577058,0.6187671991273335,0.30844302166641396,85805,0.04424300176620483,True,0.025614591593973036,1.0,0.0,0.9993553147575105,0.0,0.10493004663557629,0.0,0.002701789935832489,0.0,0.21428571428571427,1.0,0.14285714285714285,0.0,0.0,True,0.035606661379857255,0.9739696312364425,0.0001398748120432213,0.99914819754523,11.381445725959637,0.1419053964023984,0.0,0.0070921985815602835,0.0004459308807134894,0.32142857142857145,1.0,0.21428571428571427,0.25,0.0,True,0.06494845360824743,0.8759358288770054,0.0013521231830844727,0.9986757605367075,110.02064201760983,0.24283810792804797,0.0018501387604070306,0.02634245187436677,0.0017837235228539577,0.7142857142857143,1.0,0.7142857142857143,0.625,0.5,True,0.06090404440919905,0.8899188876013905,0.0011073422620088355,0.9987371378137316,90.10311199718048,0.2295136575616256,0.0018501387604070306,0.02364066193853428,0.0011148272017837235,0.5714285714285714,1.0,0.5714285714285714,0.375,0.5,True,0.13409992069785884,0.6503846153846153,0.010595517012274016,0.9976121124010146,862.1445137414427,0.45403064623584277,0.00971322849213691,0.09050996285038838,0.008695652173913044,0.8214285714285714,1.0,0.7142857142857143,1.0,0.5,HistGB,fleet,40000,20000,30.27,B_fleet_size,CTT_Impala,FS-A,0,4,CIDv2_RenaultClio|CTT_Forester|CTT_Silverado|ROAD_ORNL
98401,12610,0.12814910417577058,0.5823236589453866,0.2547883169341424,85805,0.04424300176620483,True,0.026169706582077717,1.0,0.0,0.9995446801185608,0.0,0.10759493670886076,0.0013876040703052729,0.0006754474839581223,0.0004459308807134894,0.32142857142857145,1.0,0.14285714285714285,0.25,0.5,True,0.042188739095955594,0.9708029197080292,0.00018649974939096177,0.9993413090705872,15.175260967946185,0.1658894070619587,0.0064754856614246065,0.002364066193853428,0.002898550724637681,0.5,1.0,0.42857142857142855,0.375,0.5,True,0.06328310864393338,0.8778877887788779,0.0012938420113997972,0.9990624785423279,105.27837296512666,0.24050632911392406,0.01341350601295097,0.0060790273556231,0.006465997770345597,0.5714285714285714,1.0,0.5714285714285714,0.375,0.5,True,0.06026962727993656,0.8878504672897196,0.0011189984963457704,0.9991018772125244,91.0515658076771,0.23117921385742837,0.012488436632747455,0.004728132387706856,0.005574136008918618,0.5357142857142857,1.0,0.5,0.375,0.5,True,0.10269627279936558,0.6202107279693486,0.009243393829189542,0.9985382556915283,752.1238717238328,0.35509660226515655,0.031914893617021274,0.02397838568051334,0.019843924191750278,0.7857142857142857,1.0,0.7142857142857143,0.875,0.5,XGBoost,fleet,40000,20000,8.38,B_fleet_size,CTT_Impala,FS-A,0,4,CIDv2_RenaultClio|CTT_Forester|CTT_Silverado|ROAD_ORNL
98401,12610,0.12814910417577058,0.5007133379701297,0.13442727048538824,85805,0.04424300176620483,True,0.0003965107057890563,1.0,0.0,0.9999066653039793,0.0,0.0,0.00046253469010175765,0.0,0.0008918617614269788,0.10714285714285714,0.0,0.0,0.25,0.5,True,0.002061855670103093,0.896551724137931,3.4968703010805326e-05,0.9998670221612553,2.845361431489909,0.001998667554963358,0.0032377428307123032,0.0006754474839581223,0.002452619843924192,0.2857142857142857,0.5,0.14285714285714285,0.375,0.5,True,0.0068992862807295795,0.5686274509803921,0.0007693114662377172,0.9998088244503809,62.597951492778016,0.0069953364423717525,0.008325624421831638,0.004728132387706856,0.00758082497212932,0.4642857142857143,0.75,0.42857142857142855,0.375,0.5,True,0.005392545598731166,0.5862068965517241,0.0005594992481728852,0.9998171843484398,45.52578290383855,0.005662891405729514,0.006938020351526364,0.002701789935832489,0.006243032329988852,0.39285714285714285,0.5,0.35714285714285715,0.375,0.5,True,0.022363203806502776,0.2695984703632887,0.008905363033418424,0.9997066025762056,724.6187112194303,0.021985343104596936,0.02497687326549491,0.02397838568051334,0.020289855072463767,0.6785714285714286,1.0,0.5714285714285714,0.75,0.5,HistGB,fleet,40000,20000,30.09,B_fleet_size,CTT_Impala,FS-A,1,4,CIDv2_RenaultClio|CTT_Forester|CTT_Silverado|ROAD_ORNL
98401,12610,0.12814910417577058,0.5695601535224969,0.21383373518022228,85805,0.04424300176620483,True,0.004996034892942109,1.0,0.0,0.9999059438705444,0.0,0.01765489673550966,0.0009250693802035153,0.00033772374197906115,0.001560758082497213,0.25,0.75,0.07142857142857142,0.25,0.5,True,0.021649484536082474,0.9612676056338029,0.0001282185777062862,0.9997852444648743,10.432991915463,0.06495669553630913,0.012950971322849213,0.002364066193853428,0.009587513935340023,0.32142857142857145,0.75,0.14285714285714285,0.375,0.5,True,0.04528152260111023,0.823953823953824,0.0014220605891060833,0.9996294975280762,115.71136488058964,0.12258494337108594,0.03469010175763182,0.01182033096926714,0.02073578595317726,0.6428571428571429,1.0,0.6428571428571429,0.5,0.5,True,0.04250594766058684,0.8467614533965245,0.0011306547306827056,0.9996495246887207,92.00001961817374,0.11492338441039307,0.03283996299722479,0.011144883485309016,0.01939799331103679,0.6071428571428571,0.75,0.6428571428571429,0.5,0.5,True,0.07525773195876288,0.5064034151547492,0.010782016761664976,0.9994112253189087,877.3197747093888,0.19153897401732178,0.06567992599444958,0.031408308004052685,0.030992196209587514,0.7857142857142857,1.0,0.8571428571428571,0.5,1.0,XGBoost,fleet,40000,20000,10.51,B_fleet_size,CTT_Impala,FS-A,1,4,CIDv2_RenaultClio|CTT_Forester|CTT_Silverado|ROAD_ORNL
98401,12610,0.12814910417577058,0.6409518619614192,0.3584378842920466,85805,0.04424300176620483,True,0.036796193497224426,1.0,0.0,0.9994678038345473,0.0,0.07961359093937376,0.034227567067530065,0.03985140155352921,0.007357859531772575,0.75,1.0,0.8571428571428571,0.5,0.5,True,0.064710547184774,0.9951219512195122,4.662493734774044e-05,0.9992813646580602,3.7938152419865463,0.14623584277148569,0.061979648473635525,0.06416751097602161,0.01181716833890747,0.8214285714285714,1.0,0.9285714285714286,0.625,0.5,True,0.11609833465503569,0.9612606697307945,0.0006877178258791715,0.9989374978099638,55.95877481930156,0.2981345769487009,0.10453283996299723,0.08645727794663965,0.01939799331103679,0.8928571428571429,1.0,0.9285714285714286,0.75,1.0,True,0.11181601903251388,0.963773069036227,0.0006177804198575608,0.9989669754245176,50.268051956321735,0.2848101265822785,0.10083256244218317,0.08544410672070246,0.018729096989966554,0.8571428571428571,1.0,0.9285714285714286,0.625,1.0,True,0.18413957176843776,0.7519430051813472,0.008928675502092294,0.9983797535089372,726.5156188404236,0.5143237841439041,0.15263644773358,0.09557581898007429,0.03678929765886288,0.9642857142857143,1.0,0.9285714285714286,1.0,1.0,HistGB,fleet,40000,20000,27.29,B_fleet_size,CTT_Impala,FS-A,0,5,CIDv2_OpelAstra|CIDv2_Prototype|CTT_Forester|CTT_Traverse|ROAD_ORNL
98401,12610,0.12814910417577058,0.5445349814638605,0.16295426060678095,85805,0.04424300176620483,True,0.00047581284694686756,0.75,2.331246867387022e-05,0.9999730587005615,1.8969076209932731,0.0,0.002312673450508788,0.0,0.0002229654403567447,0.07142857142857142,0.0,0.0,0.125,0.5,True,0.0021411578112609042,0.675,0.00015153104638015644,0.9999560117721558,12.329899536456276,0.0,0.008788159111933395,0.002364066193853428,0.0002229654403567447,0.25,0.0,0.35714285714285715,0.125,0.5,True,0.024742268041237112,0.7155963302752294,0.0014453730577799536,0.9998490810394287,117.60827250158293,0.0016655562958027982,0.06475485661424607,0.034110097939885176,0.01471571906354515,0.6071428571428571,0.25,0.7142857142857143,0.625,0.5,True,0.023949246629659002,0.7330097087378641,0.0012821857770628621,0.9998552799224854,104.32991915463002,0.0016655562958027982,0.06244218316373728,0.03275920297196893,0.014492753623188406,0.6071428571428571,0.25,0.7142857142857143,0.625,0.5,True,0.04361617763679619,0.390625,0.010001049061090323,0.9997658133506775,813.773369406114,0.005996002664890073,0.10545790934320073,0.05707531239446133,0.030100334448160536,0.7857142857142857,0.75,0.7857142857142857,0.75,1.0,XGBoost,fleet,40000,20000,8.3,B_fleet_size,CTT_Impala,FS-A,0,5,CIDv2_OpelAstra|CIDv2_Prototype|CTT_Forester|CTT_Traverse|ROAD_ORNL
98401,12610,0.12814910417577058,0.5789140897722866,0.1799612008093375,85805,0.04424300176620483,True,7.930214115781126e-05,1.0,0.0,0.9999574173386406,0.0,0.0,0.0,0.00033772374197906115,0.0,0.03571428571428571,0.0,0.07142857142857142,0.0,0.0,True,0.004520222045995242,0.7916666666666666,0.00017484351505402666,0.9999009456914135,14.226807157449551,0.002331778814123917,0.01341350601295097,0.005741303613644039,0.0008918617614269788,0.35714285714285715,0.25,0.35714285714285715,0.375,0.5,True,0.01768437747819191,0.6636904761904762,0.0013171544800736673,0.9998355297497312,107.17528058611992,0.0156562291805463,0.04579093432007401,0.015197568389057751,0.007134894091415831,0.5,0.5,0.42857142857142855,0.625,0.5,True,0.0161776367961935,0.6915254237288135,0.001060717324661095,0.9998420380853849,86.30929675519393,0.013990672884743505,0.04440333024976873,0.013508949679162444,0.005797101449275362,0.5,0.5,0.42857142857142855,0.625,0.5,True,0.04004758128469469,0.3995253164556962,0.008847081861733748,0.999756287348154,719.8764421669472,0.04297135243171219,0.08603145235892692,0.025667004390408647,0.025418060200668897,0.6785714285714286,1.0,0.5,0.875,0.5,HistGB,fleet,40000,20000,27.14,B_fleet_size,CTT_Impala,FS-A,1,5,CIDv2_OpelAstra|CIDv2_Prototype|CTT_Forester|CTT_Traverse|ROAD_ORNL
98401,12610,0.12814910417577058,0.5058513584610872,0.1383671656373529,85805,0.04424300176620483,True,0.0007137192704203013,0.6428571428571429,5.828117168467555e-05,0.9999872446060181,4.7422690524831825,0.0,0.0037002775208140612,0.0,0.0002229654403567447,0.07142857142857142,0.0,0.0,0.125,0.5,True,0.0029341792228390166,0.7551020408163265,0.0001398748120432213,0.9999808073043823,11.381445725959637,0.0,0.012025901942645698,0.002026342451874367,0.0011148272017837235,0.17857142857142858,0.0,0.14285714285714285,0.25,0.5,True,0.013719270420301348,0.6245487364620939,0.0012122483710412515,0.9999610185623169,98.63919629165021,0.00033311125916055963,0.04856614246068455,0.013846673421141506,0.005797101449275362,0.5357142857142857,0.25,0.5,0.625,1.0,True,0.012212529738302934,0.6497890295358649,0.0009674674499656141,0.9999629259109497,78.72166627122084,0.00033311125916055963,0.04394079555966698,0.01182033096926714,0.005128205128205128,0.4642857142857143,0.25,0.42857142857142855,0.625,0.5,True,0.02585249801744647,0.2872246696035242,0.009429893578580505,0.999934196472168,767.299132691779,0.00033311125916055963,0.0786308973172988,0.02634245187436677,0.01716833890746934,0.6071428571428571,0.25,0.6428571428571429,0.625,1.0,XGBoost,fleet,40000,20000,7.92,B_fleet_size,CTT_Impala,FS-A,1,5,CIDv2_OpelAstra|CIDv2_Prototype|CTT_Forester|CTT_Traverse|ROAD_ORNL
98401,12610,0.12814910417577058,0.6494630034773385,0.34117228108351966,85805,0.04424300176620483,True,0.05114988104678826,0.9923076923076923,5.828117168467555e-05,0.9995408379923042,4.7422690524831825,0.13590939373750832,0.0513413506012951,0.028368794326241134,0.009364548494983277,0.75,1.0,0.7857142857142857,0.625,0.5,True,0.07549563838223632,0.98043254376931,0.0002214684524017671,0.9994250966308466,18.020622399436096,0.19153897401732178,0.07585568917668825,0.04930766632894292,0.014938684503901895,0.8214285714285714,1.0,0.8571428571428571,0.625,1.0,True,0.11839809674861221,0.9256044637321761,0.0013987481204322133,0.9991871626749627,113.81445725959641,0.298800799467022,0.12025901942645699,0.07970280310705842,0.022296544035674472,0.9285714285714286,1.0,0.9285714285714286,0.875,1.0,True,0.11276764472640761,0.9398545935228024,0.001060717324661095,0.9992215310223451,86.30929675519393,0.28347768154563624,0.11655874190564293,0.07531239446133063,0.02140468227424749,0.9285714285714286,1.0,0.9285714285714286,0.875,1.0,True,0.17057890563045203,0.6865624002553463,0.011446422118870278,0.998827255314261,931.381641907697,0.4526982011992005,0.15633672525439407,0.09692671394799054,0.037235228539576365,1.0,1.0,1.0,1.0,1.0,HistGB,fleet,40000,20000,28.08,B_fleet_size,CTT_Impala,FS-A,0,5,CIDv2_OpelAstra|CIDv2_Prototype|CTT_Silverado|CTT_Traverse|ROAD_ORNL
98401,12610,0.12814910417577058,0.641066537214987,0.36090395815360155,85805,0.04424300176620483,True,0.04179222839016653,0.996219281663516,2.331246867387022e-05,0.9998471736907959,1.8969076209932731,0.08794137241838774,0.06799259944495838,0.015873015873015872,0.015384615384615385,0.5714285714285714,1.0,0.5714285714285714,0.25,1.0,True,0.07597145122918318,0.9815573770491803,0.00020981221806483198,0.999729335308075,17.07216858893946,0.16888740839440372,0.11193339500462535,0.037149611617696726,0.022073578595317726,0.7857142857142857,1.0,0.8571428571428571,0.5,1.0,True,0.1444091990483743,0.9352850539291218,0.0014686855264538238,0.9994682669639587,119.50518012257622,0.35409726848767487,0.17622571692876965,0.08172914555893279,0.030100334448160536,0.8571428571428571,1.0,0.9285714285714286,0.625,1.0,True,0.13893735130848534,0.9454937938478144,0.001177279668030446,0.9994961023330688,95.79383486016029,0.3384410393071286,0.17160037002775208,0.07868963188112124,0.0294314381270903,0.8571428571428571,1.0,0.9285714285714286,0.625,1.0,True,0.20483743061062648,0.7288374717832957,0.01120164119779464,0.9991104006767273,911.4641118872677,0.5289806795469687,0.21322849213691028,0.11313745356298548,0.044370122630992194,0.9285714285714286,1.0,1.0,0.75,1.0,XGBoost,fleet,40000,20000,8.65,B_fleet_size,CTT_Impala,FS-A,0,5,CIDv2_OpelAstra|CIDv2_Prototype|CTT_Silverado|CTT_Traverse|ROAD_ORNL
98401,12610,0.12814910417577058,0.6515753812048499,0.3699449048157546,85805,0.04424300176620483,True,0.024345757335448057,1.0,0.0,0.9995439082379388,0.0,0.06928714190539641,0.012950971322849213,0.02127659574468085,0.0017837235228539577,0.5357142857142857,1.0,0.6428571428571429,0.125,0.5,True,0.039492466296590006,0.9841897233201581,9.324987469548088e-05,0.9994107018243915,7.587630483973093,0.11325782811459027,0.022201665124884366,0.031408308004052685,0.00379041248606466,0.6785714285714286,1.0,0.7142857142857143,0.5,0.5,True,0.0979381443298969,0.9257871064467766,0.0011539671993565758,0.9989714876448516,93.89692723916703,0.2804796802131912,0.07585568917668825,0.061127997298210064,0.010702341137123745,0.8571428571428571,1.0,0.9285714285714286,0.625,1.0,True,0.09119746233148295,0.9364820846905537,0.0009091862782809385,0.9990245127815645,73.97939721873765,0.26382411725516325,0.06799259944495838,0.05639986491050321,0.009810479375696768,0.8571428571428571,1.0,0.9285714285714286,0.625,1.0,True,0.19817605075337033,0.7362993517972893,0.010432329731556923,0.998123884835323,848.8661603944896,0.5599600266489008,0.16790009250693802,0.10638297872340426,0.03121516164994426,0.9642857142857143,1.0,1.0,0.875,1.0,HistGB,fleet,40000,20000,30.17,B_fleet_size,CTT_Impala,FS-A,1,5,CIDv2_OpelAstra|CIDv2_Prototype|CTT_Silverado|CTT_Traverse|ROAD_ORNL
98401,12610,0.12814910417577058,0.6263550425567637,0.3357726719603985,85805,0.04424300176620483,True,0.03513084853291039,0.9955056179775281,2.331246867387022e-05,0.9998255372047424,1.8969076209932731,0.06662225183211193,0.0786308973172988,0.00303951367781155,0.014269788182831662,0.4642857142857143,1.0,0.35714285714285715,0.25,1.0,True,0.06209357652656622,0.987389659520807,0.0001165623433693511,0.9996799230575562,9.484538104966365,0.11758827448367755,0.13876040703052728,0.011482607227288078,0.02140468227424749,0.6428571428571429,1.0,0.6428571428571429,0.375,1.0,True,0.1254559873116574,0.9107656879677605,0.001806716322224942,0.9993010759353638,147.01034062697866,0.26015989340439705,0.2215541165587419,0.05977710233029382,0.032329988851727984,0.8571428571428571,1.0,0.9285714285714286,0.625,1.0,True,0.11744647105471848,0.9291091593475533,0.0013171544800736673,0.9993552565574646,107.17528058611992,0.23984010659560293,0.21369102682701202,0.0530226274907126,0.03166109253065775,0.8214285714285714,1.0,0.8571428571428571,0.625,1.0,True,0.18263283108643932,0.7130030959752321,0.010805329230338846,0.9988512992858887,879.216682330382,0.41205862758161227,0.26364477335800185,0.10401891252955082,0.041917502787068,0.8928571428571429,1.0,1.0,0.625,1.0,XGBoost,fleet,40000,20000,9.67,B_fleet_size,CTT_Impala,FS-A,1,5,CIDv2_OpelAstra|CIDv2_Prototype|CTT_Silverado|CTT_Traverse|ROAD_ORNL
98401,12610,0.12814910417577058,0.5416518784548522,0.1580796294154389,85805,0.04424300176620483,True,0.0023790642347343376,1.0,0.0,0.9999225654125292,0.0,0.007661558960692871,0.0009250693802035153,0.0010131712259371835,0.0004459308807134894,0.14285714285714285,0.25,0.07142857142857142,0.125,0.5,True,0.005789056304520222,0.8021978021978022,0.00020981221806483198,0.9998934923190408,17.07216858893946,0.01698867421718854,0.0032377428307123032,0.004390408645727794,0.0004459308807134894,0.32142857142857145,0.25,0.42857142857142855,0.125,0.5,True,0.01443298969072165,0.629757785467128,0.0012472170740520567,0.9998435928162672,101.48455772314011,0.03164556962025317,0.022201665124884366,0.010131712259371834,0.002006688963210702,0.4642857142857143,0.25,0.5714285714285714,0.375,0.5,True,0.01316415543219667,0.6693548387096774,0.000955811215628679,0.9998494294166024,77.7732124607242,0.029313790806129246,0.019888991674375578,0.009456264775413711,0.001560758082497213,0.4642857142857143,0.25,0.5714285714285714,0.375,0.5,True,0.03536875495638382,0.3481654957064793,0.009732955671340816,0.999775214663579,791.9589317646914,0.05063291139240506,0.060129509713228495,0.030732860520094562,0.016276477146042363,0.8214285714285714,1.0,0.7857142857142857,0.75,1.0,HistGB,fleet,40000,20000,27.43,B_fleet_size,CTT_Impala,FS-A,0,5,CIDv2_OpelAstra|CIDv2_RenaultClio|CTT_Silverado|CTT_Traverse|ROAD_ORNL
98401,12610,0.12814910417577058,0.5321169678435184,0.16717648138179264,85805,0.04424300176620483,True,0.0034099920697858842,0.9555555555555556,2.331246867387022e-05,0.999976396560669,1.8969076209932731,0.0006662225183211193,0.015263644773358002,0.0,0.0017837235228539577,0.17857142857142858,0.25,0.0,0.25,1.0,True,0.012450436161776367,0.8870056497175142,0.0002331246867387022,0.9999477863311768,18.96907620993273,0.007661558960692871,0.04625346901017576,0.0006754474839581223,0.007134894091415831,0.25,0.25,0.07142857142857142,0.375,1.0,True,0.02640761300555115,0.7115384615384616,0.0015735916354862399,0.9999054670333862,128.04126441704594,0.018654230512991338,0.08788159111933395,0.007767646065518406,0.014269788182831662,0.42857142857142855,0.5,0.21428571428571427,0.625,1.0,True,0.02450436161776368,0.744578313253012,0.0012355608397151216,0.9999114274978638,100.53610391264347,0.01765489673550966,0.08140610545790934,0.006754474839581222,0.013377926421404682,0.39285714285714285,0.5,0.14285714285714285,0.625,1.0,True,0.04742268041237113,0.4026936026936027,0.010339079856861442,0.9998286962509155,841.2785299105167,0.03564290473017988,0.12719703977798336,0.025667004390408647,0.03121516164994426,0.6428571428571429,0.75,0.5714285714285714,0.625,1.0,XGBoost,fleet,40000,20000,8.54,B_fleet_size,CTT_Impala,FS-A,0,5,CIDv2_OpelAstra|CIDv2_RenaultClio|CTT_Silverado|CTT_Traverse|ROAD_ORNL
98401,12610,0.12814910417577058,0.5733117338042194,0.1796626750312379,85805,0.04424300176620483,True,0.011895321173671689,0.9803921568627451,3.4968703010805326e-05,0.9999607348502061,2.845361431489909,0.04297135243171219,0.0074005550416281225,0.0006754474839581223,0.0006688963210702341,0.17857142857142858,0.25,0.07142857142857142,0.25,0.5,True,0.016653449643140365,0.9417040358744395,0.00015153104638015644,0.9999464019037396,12.329899536456276,0.05629580279813458,0.012950971322849213,0.0013508949679162446,0.002006688963210702,0.2857142857142857,0.25,0.21428571428571427,0.375,0.5,True,0.025614591593973036,0.7324263038548753,0.001375435651758343,0.9999157817675214,111.91754963860312,0.07661558960692871,0.026364477335800184,0.005065856129685917,0.0046822742474916385,0.5357142857142857,0.75,0.42857142857142855,0.5,1.0,True,0.024266455194290246,0.7555555555555555,0.0011539671993565758,0.999919363316992,93.89692723916703,0.07295136575616255,0.024514338575393153,0.004728132387706856,0.004459308807134894,0.5357142857142857,0.75,0.42857142857142855,0.5,1.0,True,0.03973037272006344,0.379833206974981,0.00953479968761292,0.9998579246198613,775.8352169862487,0.09926715522984676,0.04671600370027752,0.013171225937183385,0.014046822742474917,0.7857142857142857,0.75,0.6428571428571429,1.0,1.0,HistGB,fleet,40000,20000,26.45,B_fleet_size,CTT_Impala,FS-A,1,5,CIDv2_OpelAstra|CIDv2_RenaultClio|CTT_Silverado|CTT_Traverse|ROAD_ORNL
98401,12610,0.12814910417577058,0.6203017183443181,0.32692803441013224,85805,0.04424300176620483,True,0.03354480570975416,0.9976415094339622,1.165623433693511e-05,0.9997616410255432,0.9484538104966366,0.09227181878747502,0.04764107308048104,0.003377237419790611,0.007357859531772575,0.4642857142857143,0.75,0.35714285714285715,0.375,1.0,True,0.062490087232355274,0.9924433249370277,6.993740602161065e-05,0.9995653033256531,5.690722862979818,0.14457028647568287,0.10083256244218317,0.019250253292806486,0.017614269788182833,0.75,1.0,0.7857142857142857,0.5,1.0,True,0.10896114195083267,0.9202947086403215,0.0013870918860952781,0.9992238283157349,112.86600344909976,0.24716855429713525,0.1637372802960222,0.05268490374873354,0.027201783723522853,0.8571428571428571,1.0,0.9285714285714286,0.625,1.0,True,0.10348929421094369,0.9328091493924232,0.0010956860276719004,0.9992725253105164,89.15465818668385,0.23117921385742837,0.16096207215541167,0.04930766632894292,0.02608695652173913,0.8214285714285714,1.0,0.8571428571428571,0.625,1.0,True,0.17168913560666138,0.7124053965120105,0.010187548810481286,0.9986532926559448,828.9486303740604,0.40073284477015325,0.2238667900092507,0.09523809523809523,0.04370122630992196,0.8928571428571429,1.0,1.0,0.625,1.0,XGBoost,fleet,40000,20000,9.33,B_fleet_size,CTT_Impala,FS-A,1,5,CIDv2_OpelAstra|CIDv2_RenaultClio|CTT_Silverado|CTT_Traverse|ROAD_ORNL
98401,12610,0.12814910417577058,0.5756830375381309,0.21506457763366746,85805,0.04424300176620483,True,0.0019032513877874702,1.0,0.0,0.9999667182795545,0.0,0.0069953364423717525,0.0013876040703052729,0.0,0.0,0.14285714285714285,0.75,0.0,0.0,0.5,True,0.01070578905630452,0.9440559440559441,9.324987469548088e-05,0.9999362814994962,7.587630483973093,0.034643570952698204,0.00971322849213691,0.00303951367781155,0.0002229654403567447,0.35714285714285715,1.0,0.2857142857142857,0.125,0.5,True,0.03314829500396511,0.7372134038800705,0.0017367789162033313,0.9998945523298353,141.31961776399885,0.09593604263824117,0.027752081406105456,0.013171225937183385,0.0069119286510590855,0.6071428571428571,1.0,0.5,0.625,0.5,True,0.031165741475019826,0.751434034416826,0.0015153104638015642,0.9998974258998848,123.29899536456274,0.08960692871419054,0.02682701202590194,0.012495778453225262,0.006465997770345597,0.6071428571428571,1.0,0.5,0.625,0.5,True,0.0761300555114988,0.49382716049382713,0.011469734587544148,0.9998340119155696,933.2785495286903,0.2088607594936709,0.07076780758556891,0.025329280648429583,0.023411371237458192,0.7142857142857143,1.0,0.6428571428571429,0.75,0.5,HistGB,fleet,40000,20000,31.12,B_fleet_size,CTT_Impala,FS-A,0,5,CIDv2_Prototype|CTT_Forester|CTT_Silverado|CTT_Traverse|ROAD_ORNL
98401,12610,0.12814910417577058,0.5427000567772309,0.15162154435814026,85805,0.04424300176620483,True,0.00023790642347343378,1.0,0.0,0.9999985694885254,0.0,0.0,0.00046253469010175765,0.0,0.0004459308807134894,0.07142857142857142,0.0,0.0,0.125,0.5,True,0.004916732751784298,0.8985507246376812,8.159364035854577e-05,0.9999920129776001,6.639176673476457,0.0,0.01757631822386679,0.0016886187098953055,0.00423634336677815,0.21428571428571427,0.0,0.14285714285714285,0.375,0.5,True,0.014353687549563838,0.5838709677419355,0.0015036542294646293,0.9999815225601196,122.35054155406613,0.006329113924050633,0.0425531914893617,0.006754474839581222,0.011148272017837236,0.35714285714285715,0.25,0.21428571428571427,0.625,0.5,True,0.013481363996827915,0.6296296296296297,0.001165623433693511,0.9999828338623047,94.84538104966366,0.005996002664890073,0.04070305272895467,0.006416751097602162,0.010033444816053512,0.35714285714285715,0.25,0.21428571428571427,0.625,0.5,True,0.0302934179222839,0.24597553122987767,0.013649450408551013,0.9999642372131348,1110.6394120915613,0.023650899400399734,0.07123034227567067,0.016886187098953058,0.023857302118171685,0.5714285714285714,0.5,0.5,0.625,1.0,XGBoost,fleet,40000,20000,11.51,B_fleet_size,CTT_Impala,FS-A,0,5,CIDv2_Prototype|CTT_Forester|CTT_Silverado|CTT_Traverse|ROAD_ORNL
98401,12610,0.12814910417577058,0.5860801586941305,0.1806321114389876,85805,0.04424300176620483,True,0.00023790642347343378,1.0,0.0,0.9999563036833088,0.0,0.0,0.0,0.0010131712259371835,0.0,0.07142857142857142,0.0,0.14285714285714285,0.0,0.0,True,0.0028548770816812052,0.7346938775510204,0.00015153104638015644,0.9999014325207648,12.329899536456276,0.0,0.0009250693802035153,0.010807159743329957,0.0004459308807134894,0.32142857142857145,0.0,0.5,0.125,0.5,True,0.014591593973037272,0.6072607260726073,0.0013870918860952781,0.9998163194927512,112.86600344909976,0.013990672884743505,0.01156336725254394,0.035123269165822354,0.002898550724637681,0.7142857142857143,1.0,0.7857142857142857,0.5,0.5,True,0.012371134020618556,0.6215139442231076,0.0011073422620088355,0.9998252443220192,90.10311199718048,0.010326449033977348,0.008325624421831638,0.032083755488010804,0.0026755852842809363,0.6785714285714286,1.0,0.7857142857142857,0.375,0.5,True,0.04020618556701031,0.3769516728624535,0.009767924374351622,0.9996981314582367,794.8042931961813,0.05896069287141906,0.04579093432007401,0.061127997298210064,0.011148272017837236,0.75,1.0,0.7857142857142857,0.625,0.5,HistGB,fleet,40000,20000,26.46,B_fleet_size,CTT_Impala,FS-A,1,5,CIDv2_Prototype|CTT_Forester|CTT_Silverado|CTT_Traverse|ROAD_ORNL
98401,12610,0.12814910417577058,0.5688871344761822,0.1804011512529712,85805,0.04424300176620483,True,0.0,0.0,0.0,0.9999948740005493,0.0,0.0,0.0,0.0,0.0,0.0,0.0,0.0,0.0,0.0,True,0.006106264869151467,0.8850574712643678,0.0001165623433693511,0.9999785423278809,9.484538104966365,0.005329780146568954,0.018501387604070305,0.003377237419790611,0.002452619843924192,0.32142857142857145,0.25,0.2857142857142857,0.375,0.5,True,0.030610626486915146,0.7338403041825095,0.0016318728071709153,0.9999384880065918,132.78353346952912,0.030313124583610927,0.07678075855689177,0.02735562310030395,0.010702341137123745,0.5714285714285714,0.25,0.7142857142857143,0.5,0.5,True,0.027359238699444885,0.7467532467532467,0.0013637794174214078,0.9999426603317261,110.96909582810648,0.02731512325116589,0.07030527289546716,0.022627490712597096,0.009810479375696768,0.5714285714285714,0.25,0.7142857142857143,0.5,0.5,True,0.05289452815226011,0.4137717121588089,0.011015141448403678,0.9998855590820312,896.2888509193215,0.056628914057295136,0.1276595744680851,0.04829449510300574,0.017391304347826087,0.6785714285714286,0.25,0.7857142857142857,0.625,1.0,XGBoost,fleet,40000,20000,9.37,B_fleet_size,CTT_Impala,FS-A,1,5,CIDv2_Prototype|CTT_Forester|CTT_Silverado|CTT_Traverse|ROAD_ORNL
98401,12610,0.12814910417577058,0.6065315676754264,0.26424305565946904,85805,0.04424300176620483,True,0.008723235527359239,0.990990990990991,1.165623433693511e-05,0.9998693325009902,0.9484538104966366,0.029646902065289808,0.0027752081406105457,0.004052684903748734,0.0006688963210702341,0.39285714285714285,1.0,0.2857142857142857,0.25,0.5,True,0.01704996034892942,0.9728506787330317,6.993740602161065e-05,0.9998146350258161,5.690722862979818,0.051299133910726186,0.01156336725254394,0.010469436001350895,0.0011148272017837235,0.5714285714285714,1.0,0.5,0.5,0.5,True,0.04726407613005551,0.8382559774964838,0.0013404669487475376,0.9996998474207617,109.0721882071132,0.12391738840772819,0.0393154486586494,0.03579871664978048,0.007357859531772575,0.75,1.0,0.7857142857142857,0.625,0.5,True,0.043061062648691514,0.863275039745628,0.0010024361529764195,0.9997139952290502,81.56702770271076,0.11392405063291139,0.035615171137835334,0.03275920297196893,0.006020066889632107,0.75,1.0,0.7857142857142857,0.625,0.5,True,0.10134813639968279,0.5903002309468822,0.010339079856861442,0.9995113927553689,841.2785299105167,0.2678214523650899,0.09019426456984274,0.05842620736237757,0.02363433667781494,0.8571428571428571,1.0,0.7857142857142857,0.875,1.0,HistGB,fleet,40000,20000,30.76,B_fleet_size,CTT_Impala,FS-A,0,5,CIDv2_RenaultClio|CTT_Forester|CTT_Silverado|CTT_Traverse|ROAD_ORNL
98401,12610,0.12814910417577058,0.6113294757021175,0.28142751440548247,85805,0.04424300176620483,True,0.017287866772402856,1.0,0.0,0.999903678894043,0.0,0.05596269153897402,0.012950971322849213,0.005741303613644039,0.0011148272017837235,0.2857142857142857,0.5,0.21428571428571427,0.25,0.5,True,0.0415543219666931,0.9721706864564007,0.00017484351505402666,0.9997374415397644,14.226807157449551,0.09160559626915389,0.059666975023126734,0.024991556906450524,0.010256410256410256,0.6428571428571429,1.0,0.5,0.625,1.0,True,0.07771609833465504,0.89171974522293,0.0013870918860952781,0.9995249509811401,112.86600344909976,0.16822118587608262,0.10545790934320073,0.04998311381290105,0.022073578595317726,0.8571428571428571,1.0,0.9285714285714286,0.625,1.0,True,0.07446471054718477,0.9037536092396535,0.001165623433693511,0.999546229839325,94.84538104966366,0.1608927381745503,0.10222016651248844,0.04728132387706856,0.021181716833890748,0.8571428571428571,1.0,0.9285714285714286,0.625,1.0,True,0.1274385408406027,0.6214230471771075,0.011411453415859472,0.9991687536239624,928.5362804762071,0.2861425716189207,0.16234967622571692,0.07970280310705842,0.035897435897435895,0.9285714285714286,1.0,1.0,0.75,1.0,XGBoost,fleet,40000,20000,9.64,B_fleet_size,CTT_Impala,FS-A,0,5,CIDv2_RenaultClio|CTT_Forester|CTT_Silverado|CTT_Traverse|ROAD_ORNL
98401,12610,0.12814910417577058,0.6462882408718953,0.39677969602299723,85805,0.04424300176620483,True,0.029262490087232355,1.0,0.0,0.9998407755980742,0.0,0.11892071952031978,0.002312673450508788,0.002026342451874367,0.0002229654403567447,0.32142857142857145,1.0,0.21428571428571427,0.125,0.5,True,0.09405233941316415,0.9924686192468619,0.00010490610903241599,0.9996789170988217,8.53608429446973,0.3557628247834777,0.02543940795559667,0.01789935832489024,0.002229654403567447,0.6071428571428571,1.0,0.6428571428571429,0.375,0.5,True,0.16788263283108643,0.9425645592163847,0.0015036542294646293,0.9994813854425697,122.35054155406613,0.583944037308461,0.0851063829787234,0.04491725768321513,0.010479375696767,0.7142857142857143,1.0,0.7142857142857143,0.625,0.5,True,0.16034892942109438,0.9475164011246485,0.0013054982457367324,0.9995029378667417,106.22682677562331,0.5636242504996669,0.07678075855689177,0.04154002026342452,0.009141583054626532,0.7142857142857143,1.0,0.7142857142857143,0.625,0.5,True,0.23703409992069785,0.7802140433307231,0.009814549311699363,0.9992029736385706,798.5981084381681,0.7451698867421719,0.16234967622571692,0.08206686930091185,0.03522853957636567,0.9285714285714286,1.0,1.0,0.75,1.0,HistGB,fleet,40000,20000,32.68,B_fleet_size,CTT_Impala,FS-A,1,5,CIDv2_RenaultClio|CTT_Forester|CTT_Silverado|CTT_Traverse|ROAD_ORNL
98401,12610,0.12814910417577058,0.6046782578442412,0.2649469343499848,85805,0.04424300176620483,True,0.02458366375892149,0.9967845659163987,1.165623433693511e-05,0.9998692274093628,0.9484538104966366,0.05596269153897402,0.028677150786308975,0.015873015873015872,0.007357859531772575,0.4642857142857143,0.5,0.5,0.375,0.5,True,0.036796193497224426,0.9851380042462845,8.159364035854577e-05,0.9998083710670471,6.639176673476457,0.072618254497002,0.05087881591119334,0.025667004390408647,0.013377926421404682,0.6428571428571429,1.0,0.5714285714285714,0.5,1.0,True,0.07367168913560666,0.8625812441968431,0.0017251226818663962,0.999610960483551,140.3711639535022,0.12558294470353099,0.11748381128584644,0.06214116852414725,0.025418060200668897,0.8571428571428571,1.0,0.9285714285714286,0.625,1.0,True,0.07089611419508327,0.8773307163886163,0.0014570292921168887,0.9996241331100464,118.55672631207958,0.12058627581612258,0.11517113783533765,0.05876393110435663,0.024303232998885173,0.8571428571428571,1.0,0.9285714285714286,0.625,1.0,True,0.1154639175257732,0.6115077698446031,0.010782016761664976,0.9993914365768433,877.3197747093888,0.19786808794137242,0.17715078630897318,0.09827760891590678,0.041917502787068,0.9285714285714286,1.0,1.0,0.75,1.0,XGBoost,fleet,40000,20000,10.59,B_fleet_size,CTT_Impala,FS-A,1,5,CIDv2_RenaultClio|CTT_Forester|CTT_Silverado|CTT_Traverse|ROAD_ORNL
98401,12610,0.12814910417577058,0.6737944779971753,0.4420732698408334,85805,0.04424300176620483,True,0.23536875495638382,1.0,0.0,0.9945194442483256,0.0,0.9883411059293804,0.0,0.00033772374197906115,0.0,0.17857142857142858,1.0,0.07142857142857142,0.0,0.0,True,0.23727200634417128,0.9953426480372588,0.00016318728071709155,0.9907091565108966,13.278353346952914,0.9940039973351099,0.0,0.002701789935832489,0.0,0.2857142857142857,1.0,0.2857142857142857,0.0,0.0,True,0.24869151467089612,0.9655172413793104,0.0013054982457367324,0.9809575284261945,106.22682677562331,0.9953364423717521,0.0018501387604070306,0.04559270516717325,0.002006688963210702,0.6428571428571429,1.0,0.7142857142857143,0.375,0.5,True,0.2471054718477399,0.9701120797011208,0.0011189984963457704,0.9818521513359012,91.0515658076771,0.9950033311125916,0.0018501387604070306,0.03951367781155015,0.0017837235228539577,0.6071428571428571,1.0,0.7142857142857143,0.25,0.5,True,0.2750991276764473,0.8004153207198893,0.01008264270144887,0.9693523307474103,820.4125460795907,0.9966688874083944,0.008788159111933395,0.13238770685579196,0.01471571906354515,0.8571428571428571,1.0,0.8571428571428571,0.75,1.0,HistGB,fleet,40000,20000,40.78,B_fleet_size,CTT_Impala,FS-A,0,6,CIDv2_OpelAstra|CIDv2_Prototype|CIDv2_RenaultClio|CTT_Forester|CTT_Silverado|ROAD_ORNL
98401,12610,0.12814910417577058,0.663317501930142,0.43015597397782834,85805,0.04424300176620483,True,0.1527359238699445,0.9984447900466563,3.4968703010805326e-05,0.9943245053291321,2.845361431489909,0.6175882744836776,0.015263644773358002,0.0,0.008695652173913044,0.2857142857142857,1.0,0.0,0.25,1.0,True,0.19230769230769232,0.9938524590163934,0.00017484351505402666,0.9897621273994446,14.226807157449551,0.7581612258494337,0.03145235892691952,0.0016886187098953055,0.0169453734671126,0.35714285714285715,1.0,0.14285714285714285,0.25,1.0,True,0.23798572561459158,0.9554282075772047,0.0016318728071709153,0.9745352864265442,132.78353346952912,0.9010659560293138,0.061979648473635525,0.015873015873015872,0.02564102564102564,0.5357142857142857,1.0,0.42857142857142855,0.375,1.0,True,0.23481363996827914,0.9613636363636363,0.0013870918860952781,0.9761492609977722,112.86600344909976,0.8924050632911392,0.05920444033302498,0.013508949679162444,0.025418060200668897,0.5,1.0,0.35714285714285715,0.375,1.0,True,0.2698651863600317,0.7937951947749009,0.010304111153850637,0.951654851436615,838.4331684790268,0.9493670886075949,0.08973172987974098,0.06653157716987504,0.036120401337792644,0.7142857142857143,1.0,0.7142857142857143,0.5,1.0,XGBoost,fleet,40000,20000,27.82,B_fleet_size,CTT_Impala,FS-A,0,6,CIDv2_OpelAstra|CIDv2_Prototype|CIDv2_RenaultClio|CTT_Forester|CTT_Silverado|ROAD_ORNL
98401,12610,0.12814910417577058,0.6926893886883743,0.49400529544787786,85805,0.04424300176620483,True,0.1703409992069786,0.9995346672871103,1.165623433693511e-05,0.994623239185162,0.9484538104966366,0.7141905396402398,0.00046253469010175765,0.0010131712259371835,0.0,0.25,1.0,0.14285714285714285,0.0,0.5,True,0.2105471847739889,0.9947545897339828,0.00016318728071709155,0.9891961957288049,13.278353346952914,0.8727514990006662,0.0013876040703052729,0.010131712259371834,0.0004459308807134894,0.5,1.0,0.5,0.25,0.5,True,0.2551942902458366,0.9608838459241564,0.0015269666981384993,0.9742724740156586,124.24744917505939,0.9686875416389074,0.010638297872340425,0.09017223910840932,0.004459308807134894,0.6785714285714286,1.0,0.7857142857142857,0.375,0.5,True,0.2501982553528945,0.9660134721371708,0.0012938420113997972,0.9762566165201745,105.27837296512666,0.9643570952698202,0.009250693802035153,0.07565011820330969,0.0035674470457079154,0.6785714285714286,1.0,0.7857142857142857,0.375,0.5,True,0.32283901665344966,0.8050227407553886,0.011493047056218017,0.9434996697666385,935.1754571496836,0.9950033311125916,0.035615171137835334,0.30023640661938533,0.026309921962095875,0.8571428571428571,1.0,0.8571428571428571,0.875,0.5,HistGB,fleet,40000,20000,27.22,B_fleet_size,CTT_Impala,FS-A,1,6,CIDv2_OpelAstra|CIDv2_Prototype|CIDv2_RenaultClio|CTT_Forester|CTT_Silverado|ROAD_ORNL
98401,12610,0.12814910417577058,0.7069178248697656,0.48393700178371607,85805,0.04424300176620483,True,0.09310071371927042,0.9982993197278912,2.331246867387022e-05,0.9935630559921265,1.8969076209932731,0.38241172551632246,0.006012950971322849,0.00033772374197906115,0.0026755852842809363,0.2857142857142857,1.0,0.07142857142857142,0.25,0.5,True,0.13679619349722444,0.9953837276399308,9.324987469548088e-05,0.988093912601471,7.587630483973093,0.5502998001332445,0.01572617946345976,0.002364066193853428,0.007134894091415831,0.39285714285714285,1.0,0.2857142857142857,0.25,0.5,True,0.21998413957176843,0.9532646048109966,0.001585247869823175,0.9668025970458984,128.98971822754257,0.8211192538307794,0.05087881591119334,0.03275920297196893,0.02274247491638796,0.5357142857142857,1.0,0.42857142857142855,0.375,1.0,True,0.2112609040444092,0.9613857813063876,0.0012472170740520567,0.9702171683311462,101.48455772314011,0.7991339107261826,0.04579093432007401,0.025329280648429583,0.020289855072463767,0.5357142857142857,1.0,0.42857142857142855,0.375,1.0,True,0.30269627279936556,0.7987026574597196,0.011213297432131576,0.9227962493896484,912.4125656977643,0.9467021985343105,0.11378353376503238,0.17190138466734212,0.04905239687848383,0.8571428571428571,1.0,0.8571428571428571,0.75,1.0,XGBoost,fleet,40000,20000,12.25,B_fleet_size,CTT_Impala,FS-A,1,6,CIDv2_OpelAstra|CIDv2_Prototype|CIDv2_RenaultClio|CTT_Forester|CTT_Silverado|ROAD_ORNL
98401,12610,0.12814910417577058,0.5537757371572216,0.1747047829327123,85805,0.04424300176620483,True,0.0023790642347343376,1.0,0.0,0.9999487276028014,0.0,0.0013324450366422385,0.006938020351526364,0.002364066193853428,0.0008918617614269788,0.32142857142857145,0.5,0.21428571428571427,0.375,0.5,True,0.0043616177636796195,0.9322033898305084,4.662493734774044e-05,0.9999377687848906,3.7938152419865463,0.0013324450366422385,0.012488436632747455,0.005741303613644039,0.001560758082497213,0.35714285714285715,0.5,0.2857142857142857,0.375,0.5,True,0.01942902458366376,0.7227138643067846,0.0010956860276719004,0.9998965897718435,89.15465818668385,0.012991339107261825,0.04902867715078631,0.020601148260722728,0.008695652173913044,0.6428571428571429,0.5,0.6428571428571429,0.75,0.5,True,0.017287866772402856,0.7491408934707904,0.0008509051065962631,0.9999005871346227,69.23712816625448,0.010992671552298468,0.04486586493987049,0.018912529550827423,0.007134894091415831,0.6428571428571429,0.5,0.6428571428571429,0.75,0.5,True,0.04536082474226804,0.4420401854714065,0.008415801191267148,0.999843411776959,684.7836511785715,0.04830113257828115,0.08880666049953746,0.03275920297196893,0.03076923076923077,0.75,0.5,0.7142857142857143,1.0,0.5,HistGB,fleet,40000,20000,53.61,B_fleet_size,CTT_Impala,FS-A,0,6,CIDv2_OpelAstra|CIDv2_Prototype|CIDv2_RenaultClio|CTT_Forester|CTT_Traverse|ROAD_ORNL
98401,12610,0.12814910417577058,0.5230029277114455,0.14476894476686603,85805,0.04424300176620483,True,0.002458366375892149,1.0,0.0,0.9999812841415405,0.0,0.0,0.00971322849213691,0.0,0.002229654403567447,0.14285714285714285,0.0,0.0,0.375,0.5,True,0.007692307692307693,0.8362068965517241,0.0002214684524017671,0.9999651908874512,18.020622399436096,0.0,0.029139685476410732,0.0016886187098953055,0.006465997770345597,0.25,0.0,0.21428571428571427,0.375,0.5,True,0.014512291831879461,0.6161616161616161,0.0013288107144106024,0.9999449253082275,108.12373439661657,0.0006662225183211193,0.05087881591119334,0.006754474839581222,0.01137123745819398,0.35714285714285715,0.25,0.2857142857142857,0.5,0.5,True,0.013719270420301348,0.6479400749063671,0.0010956860276719004,0.9999470710754395,89.15465818668385,0.0006662225183211193,0.04856614246068455,0.0060790273556231,0.010702341137123745,0.35714285714285715,0.25,0.2857142857142857,0.5,0.5,True,0.028072957969865187,0.25934065934065936,0.011784452914641396,0.9999018907546997,958.8868024120997,0.003997335109926716,0.08464384828862165,0.022965214454576156,0.020289855072463767,0.6428571428571429,0.25,0.5714285714285714,0.875,1.0,XGBoost,fleet,40000,20000,14.22,B_fleet_size,CTT_Impala,FS-A,0,6,CIDv2_OpelAstra|CIDv2_Prototype|CIDv2_RenaultClio|CTT_Forester|CTT_Traverse|ROAD_ORNL
98401,12610,0.12814910417577058,0.6309481507310276,0.3551724827385418,85805,0.04424300176620483,True,0.015939730372720062,1.0,0.0,0.9999285455323281,0.0,0.061958694203864094,0.0009250693802035153,0.004390408645727794,0.0,0.25,0.75,0.21428571428571427,0.0,0.5,True,0.06526566217287867,0.9879951980792316,0.0001165623433693511,0.9998726084984705,9.484538104966365,0.22818121252498336,0.030989824236817762,0.020263424518743668,0.002452619843924192,0.5714285714285714,1.0,0.5714285714285714,0.375,0.5,True,0.13925455987311658,0.9445938676707908,0.0012005921367043164,0.9997748177131334,97.69074248115356,0.4400399733510993,0.10638297872340426,0.05234718000675447,0.011148272017837236,0.75,1.0,0.7857142857142857,0.625,0.5,True,0.13560666137985725,0.9489456159822419,0.00107237355899803,0.9997799811067122,87.25775056569057,0.4293804130579614,0.1026827012025902,0.05133400878081729,0.010479375696767,0.75,1.0,0.7857142857142857,0.625,0.5,True,0.19000793021411577,0.7558359621451104,0.009021925376787775,0.9996753809792205,734.1032493243966,0.5629580279813458,0.16743755781683625,0.06585612968591692,0.03322185061315496,0.8571428571428571,1.0,0.8571428571428571,0.75,1.0,HistGB,fleet,40000,20000,36.74,B_fleet_size,CTT_Impala,FS-A,1,6,CIDv2_OpelAstra|CIDv2_Prototype|CIDv2_RenaultClio|CTT_Forester|CTT_Traverse|ROAD_ORNL
98401,12610,0.12814910417577058,0.6133341672948416,0.28384857615639075,85805,0.04424300176620483,True,0.004678826328310864,0.9833333333333333,1.165623433693511e-05,0.999937891960144,0.9484538104966366,0.00899400399733511,0.0037002775208140612,0.007429922323539345,0.0004459308807134894,0.32142857142857145,0.5,0.2857142857142857,0.25,0.5,True,0.02696272799365583,0.9714285714285714,0.0001165623433693511,0.9998487234115601,9.484538104966365,0.04596935376415723,0.030989824236817762,0.03343465045592705,0.008026755852842809,0.5,0.5,0.5,0.5,0.5,True,0.07731958762886598,0.8879781420765027,0.0014337168234430184,0.9996578693389893,116.65981869108629,0.12591605596269154,0.10962072155411656,0.07970280310705842,0.027647714604236342,0.8214285714285714,1.0,0.7857142857142857,0.75,1.0,True,0.07367168913560666,0.9019417475728155,0.001177279668030446,0.9996777772903442,95.79383486016029,0.11825449700199867,0.10545790934320073,0.07700101317122594,0.026309921962095875,0.75,1.0,0.7857142857142857,0.625,0.5,True,0.12997620935765267,0.6493660855784469,0.010315767388187572,0.9993645548820496,839.3816222895234,0.23084610259826782,0.198427382053654,0.10705842620736238,0.044593088071348944,0.9285714285714286,1.0,0.8571428571428571,1.0,1.0,XGBoost,fleet,40000,20000,11.03,B_fleet_size,CTT_Impala,FS-A,1,6,CIDv2_OpelAstra|CIDv2_Prototype|CIDv2_RenaultClio|CTT_Forester|CTT_Traverse|ROAD_ORNL
98401,12610,0.12814910417577058,0.588668105698585,0.19968309101597967,85805,0.04424300176620483,True,0.0007137192704203013,1.0,0.0,0.9999465737314198,0.0,0.0016655562958027982,0.0009250693802035153,0.0006754474839581223,0.0,0.10714285714285714,0.25,0.07142857142857142,0.0,0.5,True,0.010785091197462331,0.918918918918919,0.0001398748120432213,0.9998623760801859,11.381445725959637,0.021985343104596936,0.013876040703052728,0.006754474839581222,0.004459308807134894,0.4642857142857143,0.5,0.5714285714285714,0.25,0.5,True,0.02014274385408406,0.7016574585635359,0.0012588733083889918,0.999795928605348,102.43301153363674,0.04030646235842771,0.02960222016651249,0.013171225937183385,0.006688963210702341,0.5357142857142857,0.75,0.6428571428571429,0.25,0.5,True,0.018794607454401268,0.7292307692307692,0.0010257486216502896,0.9998029257088503,83.463935323704,0.03897401732178547,0.026364477335800184,0.011482607227288078,0.006465997770345597,0.5357142857142857,0.75,0.6428571428571429,0.25,0.5,True,0.049643140364789846,0.4072869225764476,0.010618829480947885,0.9996487394456937,864.0414213624359,0.09560293137908062,0.061517113783533764,0.037149611617696726,0.02140468227424749,0.8214285714285714,1.0,0.8571428571428571,0.625,1.0,HistGB,fleet,40000,20000,42.81,B_fleet_size,CTT_Impala,FS-A,0,6,CIDv2_OpelAstra|CIDv2_Prototype|CIDv2_RenaultClio|CTT_Silverado|CTT_Traverse|ROAD_ORNL
98401,12610,0.12814910417577058,0.5638302043091998,0.20687120184893826,85805,0.04424300176620483,True,0.018398096748612213,0.9789029535864979,5.828117168467555e-05,0.9999549388885498,4.7422690524831825,0.011325782811459028,0.06706753006475485,0.00033772374197906115,0.011594202898550725,0.17857142857142858,0.25,0.07142857142857142,0.25,0.5,True,0.030689928628072956,0.9723618090452262,0.0001282185777062862,0.9999266862869263,10.432991915463,0.025649566955363093,0.10175763182238667,0.00303951367781155,0.018060200668896322,0.32142857142857145,0.25,0.2857142857142857,0.25,1.0,True,0.04885011895321174,0.8651685393258427,0.0011189984963457704,0.9998749494552612,91.0515658076771,0.046302465023317786,0.15818686401480112,0.010807159743329957,0.022965440356744703,0.42857142857142855,0.5,0.35714285714285715,0.375,1.0,True,0.04662965900079302,0.8936170212765957,0.0008159364035854577,0.9998817443847656,66.39176673476456,0.04397068620919387,0.15124884366327473,0.010131712259371834,0.022073578595317726,0.42857142857142855,0.5,0.35714285714285715,0.375,1.0,True,0.07153053132434575,0.5127913587265491,0.00998939282675339,0.9997846484184265,812.8249155956175,0.06995336442371752,0.21230342275670674,0.025329280648429583,0.03522853957636567,0.7142857142857143,1.0,0.5714285714285714,0.75,1.0,XGBoost,fleet,40000,20000,12.12,B_fleet_size,CTT_Impala,FS-A,0,6,CIDv2_OpelAstra|CIDv2_Prototype|CIDv2_RenaultClio|CTT_Silverado|CTT_Traverse|ROAD_ORNL
98401,12610,0.12814910417577058,0.6064303849059585,0.28394911259817107,85805,0.04424300176620483,True,0.002061855670103093,1.0,0.0,0.9999653626748339,0.0,0.008660892738174551,0.0,0.0,0.0,0.03571428571428571,0.25,0.0,0.0,0.0,True,0.010943695479777953,0.965034965034965,5.828117168467555e-05,0.9999136715495086,4.7422690524831825,0.04530313124583611,0.0009250693802035153,0.0,0.0,0.17857142857142858,1.0,0.0,0.0,0.5,True,0.045757335448057095,0.8510324483775811,0.001177279668030446,0.9998068576475719,95.79383486016029,0.15889407061958694,0.028677150786308975,0.005741303613644039,0.0046822742474916385,0.6071428571428571,1.0,0.42857142857142855,0.625,1.0,True,0.0408406026962728,0.867003367003367,0.0009208425126178737,0.999817483406715,74.92785102923429,0.14556962025316456,0.022201665124884366,0.005065856129685917,0.0033444816053511705,0.5714285714285714,1.0,0.42857142857142855,0.5,1.0,True,0.12268041237113401,0.6296296296296297,0.01060717324661095,0.9996658592924909,863.0929675519393,0.3917388407728181,0.08880666049953746,0.028368794326241134,0.021181716833890748,0.8214285714285714,1.0,0.7857142857142857,0.75,1.0,HistGB,fleet,40000,20000,35.91,B_fleet_size,CTT_Impala,FS-A,1,6,CIDv2_OpelAstra|CIDv2_Prototype|CIDv2_RenaultClio|CTT_Silverado|CTT_Traverse|ROAD_ORNL
98401,12610,0.12814910417577058,0.5692155648239103,0.18706528583346668,85805,0.04424300176620483,True,0.004044409199048375,1.0,0.0,0.9999909400939941,0.0,0.0013324450366422385,0.01156336725254394,0.00033772374197906115,0.0046822742474916385,0.17857142857142858,0.25,0.07142857142857142,0.25,0.5,True,0.014353687549563838,0.9576719576719577,9.324987469548088e-05,0.9999774694442749,7.587630483973093,0.010992671552298468,0.03839037927844589,0.004728132387706856,0.01137123745819398,0.32142857142857145,0.25,0.21428571428571427,0.375,1.0,True,0.033782712133227595,0.781651376146789,0.0013870918860952781,0.9999443292617798,112.86600344909976,0.033311125916055964,0.0851063829787234,0.018912529550827423,0.019175027870680046,0.5357142857142857,0.5,0.42857142857142855,0.625,1.0,True,0.03267248215701824,0.807843137254902,0.0011423109650196407,0.9999465942382812,92.94847342867038,0.03264490339773484,0.0818686401480111,0.017223910840932118,0.019175027870680046,0.5357142857142857,0.5,0.42857142857142855,0.625,1.0,True,0.05376685170499604,0.4149326805385557,0.011143360026109965,0.9999006986618042,906.7218428347845,0.056628914057295136,0.11840888066604996,0.035123269165822354,0.03299888517279822,0.75,1.0,0.7142857142857143,0.625,1.0,XGBoost,fleet,40000,20000,8.62,B_fleet_size,CTT_Impala,FS-A,1,6,CIDv2_OpelAstra|CIDv2_Prototype|CIDv2_RenaultClio|CTT_Silverado|CTT_Traverse|ROAD_ORNL
98401,12610,0.12814910417577058,0.6593318832275301,0.4348362024712999,85805,0.04424300176620483,True,0.18905630452022204,1.0,0.0,0.9991345650311318,0.0,0.7198534310459693,0.03283996299722479,0.03917595406957109,0.008026755852842809,0.75,1.0,0.7857142857142857,0.5,1.0,True,0.21728786677240286,0.9978150036416606,6.993740602161065e-05,0.9988601497244838,5.690722862979818,0.796469020652898,0.05735430157261795,0.054373522458628844,0.014269788182831662,0.7857142857142857,1.0,0.7857142857142857,0.625,1.0,True,0.24750198255352895,0.9710640945861855,0.0010840297933349652,0.9984763997863031,88.2062043761872,0.8654230512991339,0.08603145235892692,0.07868963188112124,0.02318840579710145,0.8571428571428571,1.0,0.8571428571428571,0.75,1.0,True,0.2437747819191118,0.9774244833068363,0.0008275926379223928,0.998528419023859,67.34022054526119,0.8567621585609594,0.0818686401480111,0.07531239446133063,0.02274247491638796,0.8571428571428571,1.0,0.8571428571428571,0.75,1.0,True,0.28770816812053923,0.80550621669627,0.010210861279155155,0.9978320070231986,830.8455379950536,0.9283810792804796,0.1461609620721554,0.1138129010469436,0.041917502787068,0.9642857142857143,1.0,0.9285714285714286,1.0,1.0,HistGB,fleet,40000,20000,107.14,B_fleet_size,CTT_Impala,FS-A,0,6,CIDv2_OpelAstra|CIDv2_RenaultClio|CTT_Forester|CTT_Silverado|CTT_Traverse|ROAD_ORNL
98401,12610,0.12814910417577058,0.6160303878676219,0.33621432339419943,85805,0.04424300176620483,True,0.056066613798572563,0.9901960784313726,8.159364035854577e-05,0.9997809529304504,6.639176673476457,0.11292471685542971,0.09111933395004625,0.037487335359675786,0.013377926421404682,0.7142857142857143,1.0,0.7142857142857143,0.5,1.0,True,0.07763679619349723,0.9859013091641491,0.00016318728071709155,0.9997089505195618,13.278353346952914,0.1552298467688208,0.1244218316373728,0.05065856129685917,0.020958751393534,0.75,1.0,0.7142857142857143,0.625,1.0,True,0.1308485329103886,0.9280089988751407,0.0014919979951276941,0.9995172023773193,121.40208774356948,0.2894736842105263,0.18270120259019426,0.07936507936507936,0.03366778149386845,0.8571428571428571,1.0,0.8571428571428571,0.75,1.0,True,0.12664551942902458,0.9361078546307151,0.001270529542725927,0.9995349645614624,103.38146534413337,0.2781479013990673,0.17853839037927843,0.07767646065518406,0.032552954292084726,0.8571428571428571,1.0,0.8571428571428571,0.75,1.0,True,0.1851704996034893,0.7326639472858487,0.009931111655068714,0.9992501139640808,808.0826465431344,0.44870086608927384,0.2238667900092507,0.10030395136778116,0.046153846153846156,0.9642857142857143,1.0,1.0,0.875,1.0,XGBoost,fleet,40000,20000,13.54,B_fleet_size,CTT_Impala,FS-A,0,6,CIDv2_OpelAstra|CIDv2_RenaultClio|CTT_Forester|CTT_Silverado|CTT_Traverse|ROAD_ORNL
98401,12610,0.12814910417577058,0.573488244872544,0.199064566166686,85805,0.04424300176620483,True,0.007454401268834259,0.9591836734693877,4.662493734774044e-05,0.9998553966573915,3.7938152419865463,0.030979347101932047,0.0,0.00033772374197906115,0.0,0.10714285714285714,0.5,0.07142857142857142,0.0,0.0,True,0.009912767644726407,0.9191176470588235,0.0001282185777062862,0.999818866771677,10.432991915463,0.04030646235842771,0.00046253469010175765,0.0010131712259371835,0.0,0.21428571428571427,0.75,0.14285714285714285,0.0,0.5,True,0.02632831086439334,0.7830188679245284,0.00107237355899803,0.9996697037965694,87.25775056569057,0.07728181212524983,0.01572617946345976,0.018574805808848363,0.002452619843924192,0.6071428571428571,1.0,0.6428571428571429,0.375,0.5,True,0.024345757335448057,0.7994791666666666,0.0008975300439440035,0.9996842207731643,73.03094340824101,0.07395069953364423,0.01341350601295097,0.016548463356973995,0.001560758082497213,0.5357142857142857,0.75,0.5714285714285714,0.375,0.5,True,0.05567010309278351,0.43521388716677,0.010618829480947885,0.9994959873859951,864.0414213624359,0.12225183211192538,0.06706753006475485,0.04491725768321513,0.012709030100334449,0.7857142857142857,1.0,0.8571428571428571,0.5,1.0,HistGB,fleet,40000,20000,33.15,B_fleet_size,CTT_Impala,FS-A,1,6,CIDv2_OpelAstra|CIDv2_RenaultClio|CTT_Forester|CTT_Silverado|CTT_Traverse|ROAD_ORNL
98401,12610,0.12814910417577058,0.5352250879396326,0.15502983922454147,85805,0.04424300176620483,True,7.930214115781126e-05,0.5,1.165623433693511e-05,0.9999923706054688,0.9484538104966366,0.00033311125916055963,0.0,0.0,0.0,0.03571428571428571,0.25,0.0,0.0,0.0,True,0.003647898493259318,0.8070175438596491,0.0001282185777062862,0.9999754428863525,10.432991915463,0.0036642238507661557,0.008788159111933395,0.003377237419790611,0.0013377926421404682,0.2857142857142857,0.25,0.2857142857142857,0.25,0.5,True,0.018398096748612213,0.5728395061728395,0.002016528540289774,0.9999438524246216,164.08250921591812,0.021652231845436375,0.04301572617946346,0.018574805808848363,0.00423634336677815,0.42857142857142855,0.25,0.5,0.375,0.5,True,0.01625693893735131,0.5924855491329479,0.0016435290415078505,0.9999473094940186,133.73198728002575,0.019320453031312457,0.039777983348751156,0.01485984464707869,0.00379041248606466,0.32142857142857145,0.25,0.35714285714285715,0.25,0.5,True,0.04028548770816812,0.3225396825396825,0.012437202037509762,0.9998990297317505,1012.0002157999113,0.04730179880079947,0.09204440333024977,0.03546099290780142,0.013823857302118171,0.75,0.75,0.7857142857142857,0.625,1.0,XGBoost,fleet,40000,20000,12.82,B_fleet_size,CTT_Impala,FS-A,1,6,CIDv2_OpelAstra|CIDv2_RenaultClio|CTT_Forester|CTT_Silverado|CTT_Traverse|ROAD_ORNL
98401,12610,0.12814910417577058,0.528910892396032,0.15095275772561573,85805,0.04424300176620483,True,0.0013481363996827914,0.8947368421052632,2.331246867387022e-05,0.9999177240626071,1.8969076209932731,0.0043304463690872754,0.0018501387604070306,0.0,0.0,0.07142857142857142,0.25,0.0,0.0,0.5,True,0.0038065027755749404,0.8888888888888888,6.993740602161065e-05,0.9999001280757115,5.690722862979818,0.0069953364423717525,0.012025901942645698,0.00033772374197906115,0.0,0.14285714285714285,0.25,0.07142857142857142,0.0,1.0,True,0.01260904044409199,0.6309523809523809,0.0010840297933349652,0.9998542936930614,88.2062043761872,0.019986675549633577,0.04301572617946346,0.0010131712259371835,0.0006688963210702341,0.2857142857142857,0.25,0.14285714285714285,0.375,1.0,True,0.011578112609040445,0.6403508771929824,0.000955811215628679,0.9998584992151912,77.7732124607242,0.019320453031312457,0.037927844588344126,0.0010131712259371835,0.0006688963210702341,0.2857142857142857,0.25,0.14285714285714285,0.375,1.0,True,0.0288659793814433,0.31734960767218834,0.009126831485820192,0.9997734180673565,742.6393336188665,0.04030646235842771,0.08695652173913043,0.006416751097602162,0.008026755852842809,0.5,0.75,0.2857142857142857,0.625,1.0,HistGB,fleet,40000,20000,43.14,B_fleet_size,CTT_Impala,FS-A,0,6,CIDv2_Prototype|CIDv2_RenaultClio|CTT_Forester|CTT_Silverado|CTT_Traverse|ROAD_ORNL
98401,12610,0.12814910417577058,0.5595650952666991,0.18042758507391948,85805,0.04424300176620483,True,0.003885804916732752,1.0,0.0,0.9999829530715943,0.0,0.0043304463690872754,0.010175763182238668,0.0006754474839581223,0.0026755852842809363,0.17857142857142858,0.25,0.07142857142857142,0.25,0.5,True,0.010864393338620142,0.9194630872483222,0.0001398748120432213,0.9999700784683228,11.381445725959637,0.014990006662225183,0.022664199814986123,0.004390408645727794,0.006688963210702341,0.35714285714285715,0.25,0.2857142857142857,0.5,0.5,True,0.02894528152260111,0.7479508196721312,0.0014337168234430184,0.9999393224716187,116.65981869108629,0.03697534976682212,0.06382978723404255,0.0182370820668693,0.013823857302118171,0.6071428571428571,0.5,0.5,0.75,1.0,True,0.026011102299762095,0.7790973871733967,0.0010840297933349652,0.9999443292617798,88.2062043761872,0.03264490339773484,0.058279370952821465,0.015197568389057751,0.013154960981047938,0.5714285714285714,0.5,0.5,0.625,1.0,True,0.046153846153846156,0.4038861901457321,0.01001270529542726,0.9998968839645386,814.7218232166109,0.061958694203864094,0.09805735430157261,0.03005741303613644,0.021181716833890748,0.8214285714285714,1.0,0.7857142857142857,0.75,1.0,XGBoost,fleet,40000,20000,21.52,B_fleet_size,CTT_Impala,FS-A,0,6,CIDv2_Prototype|CIDv2_RenaultClio|CTT_Forester|CTT_Silverado|CTT_Traverse|ROAD_ORNL
98401,12610,0.12814910417577058,0.5291429087699261,0.15261248472717556,85805,0.04424300176620483,True,0.0019032513877874702,0.9230769230769231,2.331246867387022e-05,0.9999588217184847,1.8969076209932731,0.007994670219853431,0.0,0.0,0.0,0.03571428571428571,0.25,0.0,0.0,0.0,True,0.005868358445678033,0.8604651162790697,0.0001398748120432213,0.9999414732439885,11.381445725959637,0.022651565622918056,0.00046253469010175765,0.0010131712259371835,0.0004459308807134894,0.14285714285714285,0.25,0.07142857142857142,0.125,0.5,True,0.012053925455987312,0.6204081632653061,0.0010840297933349652,0.9999152826837948,88.2062043761872,0.04497001998667555,0.00046253469010175765,0.002364066193853428,0.002006688963210702,0.25,0.5,0.14285714285714285,0.25,0.5,True,0.011260904044409199,0.6484018264840182,0.0008975300439440035,0.9999187940333278,73.03094340824101,0.042305129913391075,0.00046253469010175765,0.002364066193853428,0.001560758082497213,0.21428571428571427,0.5,0.14285714285714285,0.125,0.5,True,0.02577319587628866,0.2614641995172969,0.01070042312130643,0.9998630783075543,870.6805980359125,0.0776149233844104,0.012950971322849213,0.0060790273556231,0.010256410256410256,0.5,1.0,0.21428571428571427,0.625,1.0,HistGB,fleet,40000,20000,25.84,B_fleet_size,CTT_Impala,FS-A,1,6,CIDv2_Prototype|CIDv2_RenaultClio|CTT_Forester|CTT_Silverado|CTT_Traverse|ROAD_ORNL
98401,12610,0.12814910417577058,0.5579745762092228,0.1885613767317386,85805,0.04424300176620483,True,0.0003965107057890563,1.0,0.0,0.9999915361404419,0.0,0.0,0.0013876040703052729,0.0,0.0004459308807134894,0.07142857142857142,0.0,0.0,0.125,0.5,True,0.01252973830293418,0.9575757575757575,8.159364035854577e-05,0.9999595880508423,6.639176673476457,0.020652898067954697,0.028677150786308975,0.0006754474839581223,0.007134894091415831,0.25,0.5,0.14285714285714285,0.25,0.5,True,0.027279936558287074,0.6963562753036437,0.0017484351505402665,0.999923825263977,142.26807157449548,0.04963357761492338,0.05596669750231267,0.006416751097602162,0.012263099219620958,0.5,0.75,0.35714285714285715,0.5,1.0,True,0.026090404440919906,0.7511415525114156,0.001270529542725927,0.99992835521698,103.38146534413337,0.047968021319120584,0.05365402405180388,0.005403579871664978,0.01181716833890747,0.4642857142857143,0.75,0.2857142857142857,0.5,1.0,True,0.05567010309278351,0.41563055062166965,0.011504703290554953,0.9998577833175659,936.1239109601802,0.08560959360426382,0.09759481961147086,0.022627490712597096,0.037235228539576365,0.5357142857142857,0.75,0.35714285714285715,0.625,1.0,XGBoost,fleet,40000,20000,7.78,B_fleet_size,CTT_Impala,FS-A,1,6,CIDv2_Prototype|CIDv2_RenaultClio|CTT_Forester|CTT_Silverado|CTT_Traverse|ROAD_ORNL
98401,12610,0.12814910417577058,0.6439143683294808,0.37995004022934364,85805,0.04424300176620483,True,0.04750198255352894,0.9933665008291874,4.662493734774044e-05,0.9997703970826631,3.7938152419865463,0.18021319120586277,0.002312673450508788,0.01789935832489024,0.0,0.35714285714285715,0.75,0.42857142857142855,0.0,0.5,True,0.09111816019032513,0.9845758354755784,0.00020981221806483198,0.9995653922972532,17.07216858893946,0.33044636908727515,0.020351526364477335,0.033772374197906116,0.002898550724637681,0.5714285714285714,1.0,0.6428571428571429,0.25,0.5,True,0.14171292624900872,0.9525586353944563,0.0010374048559872247,0.99928479613582,84.41238913420065,0.47235176548967356,0.0753931544865865,0.05606214116852415,0.008918617614269788,0.8571428571428571,1.0,0.9285714285714286,0.625,1.0,True,0.13782712133227598,0.958103638368247,0.0008858738096070684,0.9993055739422152,72.08248959774438,0.4633577614923384,0.07076780758556891,0.0530226274907126,0.008249721293199555,0.8571428571428571,1.0,0.9285714285714286,0.625,1.0,True,0.21157811260904044,0.7833235466823253,0.00860230094065811,0.9988571397598227,699.9589121465177,0.6365756162558295,0.16651248843663274,0.09287402904424182,0.027201783723522853,0.9642857142857143,1.0,1.0,0.875,1.0,HistGB,fleet,40000,20000,34.85,B_fleet_size,CTT_Impala,FS-A,0,7,CIDv2_OpelAstra|CIDv2_Prototype|CIDv2_RenaultClio|CTT_Forester|CTT_Silverado|CTT_Traverse|ROAD_ORNL
98401,12610,0.12814910417577058,0.6040361726505901,0.28655967048956665,85805,0.04424300176620483,True,0.01506740681998414,1.0,0.0,0.9999455213546753,0.0,0.047634910059960026,0.012950971322849213,0.0013508949679162446,0.0033444816053511705,0.21428571428571427,0.25,0.14285714285714285,0.25,0.5,True,0.033068992862807296,0.9811764705882353,9.324987469548088e-05,0.9998892545700073,7.587630483973093,0.08960692871419054,0.039777983348751156,0.008780817291455589,0.008026755852842809,0.39285714285714285,0.75,0.35714285714285715,0.25,0.5,True,0.06883425852498018,0.8839103869653768,0.0013288107144106024,0.9997565150260925,108.12373439661657,0.16455696202531644,0.09898242368177614,0.028706518068220197,0.016722408026755852,0.7142857142857143,1.0,0.6428571428571429,0.625,1.0,True,0.06360031720856463,0.8930957683741648,0.0011189984963457704,0.9997783303260803,91.0515658076771,0.15323117921385743,0.09019426456984274,0.02634245187436677,0.015384615384615385,0.7142857142857143,1.0,0.6428571428571429,0.625,1.0,True,0.13909595559080096,0.6268763402430307,0.012169108647760255,0.9994945526123047,990.1857781584885,0.3441039307128581,0.16651248843663274,0.060790273556231005,0.04035674470457079,0.7857142857142857,1.0,0.7857142857142857,0.625,1.0,XGBoost,fleet,40000,20000,10.04,B_fleet_size,CTT_Impala,FS-A,0,7,CIDv2_OpelAstra|CIDv2_Prototype|CIDv2_RenaultClio|CTT_Forester|CTT_Silverado|CTT_Traverse|ROAD_ORNL
98401,12610,0.12814910417577058,0.6664062052910966,0.37672357574469295,85805,0.04424300176620483,True,0.055194290245836636,1.0,0.0,0.9996330791314688,0.0,0.20486342438374416,0.0064754856614246065,0.021952043228638973,0.0004459308807134894,0.6071428571428571,1.0,0.6428571428571429,0.25,1.0,True,0.08065027755749406,0.9912280701754386,0.00010490610903241599,0.9995277977428827,8.53608429446973,0.2921385742838108,0.01757631822386679,0.032083755488010804,0.001560758082497213,0.7142857142857143,1.0,0.7142857142857143,0.5,1.0,True,0.13354480570975416,0.9381615598885794,0.0012938420113997972,0.9992753473788529,105.27837296512666,0.4696868754163891,0.04625346901017576,0.04728132387706856,0.00758082497212932,0.8928571428571429,1.0,0.8571428571428571,0.875,1.0,True,0.12862807295796985,0.949093036863663,0.0010140923873133546,0.9993016631997177,82.51548151320739,0.45536309127248503,0.04209065679925995,0.04525498142519419,0.006688963210702341,0.8928571428571429,1.0,0.8571428571428571,0.875,1.0,True,0.19563838223632038,0.7551270278543006,0.009324987469548088,0.9988817686630358,758.7630483973093,0.6455696202531646,0.09343200740055504,0.07598784194528875,0.02274247491638796,0.9285714285714286,1.0,0.9285714285714286,0.875,1.0,HistGB,fleet,40000,20000,51.89,B_fleet_size,CTT_Impala,FS-A,1,7,CIDv2_OpelAstra|CIDv2_Prototype|CIDv2_RenaultClio|CTT_Forester|CTT_Silverado|CTT_Traverse|ROAD_ORNL
98401,12610,0.12814910417577058,0.6319342575257424,0.33268050343131916,85805,0.04424300176620483,True,0.013798572561459159,0.9886363636363636,2.331246867387022e-05,0.9998799562454224,1.8969076209932731,0.03597601598934044,0.020814061054579093,0.0060790273556231,0.0006688963210702341,0.2857142857142857,0.25,0.2857142857142857,0.25,0.5,True,0.03822363203806503,0.9816700610997964,0.00010490610903241599,0.9997201561927795,8.53608429446973,0.0776149233844104,0.07493061979648474,0.021614319486659914,0.005128205128205128,0.5714285714285714,1.0,0.42857142857142855,0.5,1.0,True,0.11704996034892942,0.917910447761194,0.0015386229324754344,0.9992165565490723,125.19590298555603,0.24516988674217188,0.18593894542090658,0.07058426207362378,0.028762541806020066,0.8571428571428571,1.0,0.8571428571428571,0.75,1.0,True,0.11157811260904045,0.9299405155320555,0.0012355608397151216,0.9992590546607971,100.53610391264347,0.2301798800799467,0.1799259944495837,0.06822019587977035,0.027870680044593088,0.8571428571428571,1.0,0.8571428571428571,0.75,1.0,True,0.174781919111816,0.7190864600326264,0.010036017764101129,0.9986808896064758,816.618730837604,0.3924050632911392,0.23774283071230343,0.10435663627152988,0.04526198439241917,0.8928571428571429,1.0,0.8571428571428571,0.875,1.0,XGBoost,fleet,40000,20000,19.74,B_fleet_size,CTT_Impala,FS-A,1,7,CIDv2_OpelAstra|CIDv2_Prototype|CIDv2_RenaultClio|CTT_Forester|CTT_Silverado|CTT_Traverse|ROAD_ORNL
