n_windows,n_pos,pos_rate,roc_auc,pr_auc,n_calib,win_seconds,resolvable@fa1,recall@fa1,precision@fa1,fpr@fa1,thr@fa1,fa_per_hour@fa1,recall[diagnostic]@fa1,recall[dos]@fa1,recall[fuzzing]@fa1,recall[replay]@fa1,recall[suspension]@fa1,event_recall@fa1,event_recall[diagnostic]@fa1,event_recall[dos]@fa1,event_recall[fuzzing]@fa1,event_recall[replay]@fa1,event_recall[suspension]@fa1,resolvable@fa10,recall@fa10,precision@fa10,fpr@fa10,thr@fa10,fa_per_hour@fa10,recall[diagnostic]@fa10,recall[dos]@fa10,recall[fuzzing]@fa10,recall[replay]@fa10,recall[suspension]@fa10,event_recall@fa10,event_recall[diagnostic]@fa10,event_recall[dos]@fa10,event_recall[fuzzing]@fa10,event_recall[replay]@fa10,event_recall[suspension]@fa10,resolvable@fa100,recall@fa100,precision@fa100,fpr@fa100,thr@fa100,fa_per_hour@fa100,recall[diagnostic]@fa100,recall[dos]@fa100,recall[fuzzing]@fa100,recall[replay]@fa100,recall[suspension]@fa100,event_recall@fa100,event_recall[diagnostic]@fa100,event_recall[dos]@fa100,event_recall[fuzzing]@fa100,event_recall[replay]@fa100,event_recall[suspension]@fa100,resolvable@fpr0.001,recall@fpr0.001,precision@fpr0.001,fpr@fpr0.001,thr@fpr0.001,fa_per_hour@fpr0.001,recall[diagnostic]@fpr0.001,recall[dos]@fpr0.001,recall[fuzzing]@fpr0.001,recall[replay]@fpr0.001,recall[suspension]@fpr0.001,event_recall@fpr0.001,event_recall[diagnostic]@fpr0.001,event_recall[dos]@fpr0.001,event_recall[fuzzing]@fpr0.001,event_recall[replay]@fpr0.001,event_recall[suspension]@fpr0.001,resolvable@fpr0.01,recall@fpr0.01,precision@fpr0.01,fpr@fpr0.01,thr@fpr0.01,fa_per_hour@fpr0.01,recall[diagnostic]@fpr0.01,recall[dos]@fpr0.01,recall[fuzzing]@fpr0.01,recall[replay]@fpr0.01,recall[suspension]@fpr0.01,event_recall@fpr0.01,event_recall[diagnostic]@fpr0.01,event_recall[dos]@fpr0.01,event_recall[fuzzing]@fpr0.01,event_recall[replay]@fpr0.01,event_recall[suspension]@fpr0.01,model,scope,n_train,n_train_pos,fit_s,control,test_domain,feature_set,seed,k,sources
59474,952,0.016006994653125734,0.9128710197041463,0.8266410590845493,58526,0.03288579995682486,False,0.6691176470588235,1.0,0.0,0.9981646900148969,0.0,0.5,1.0,0.42857142857142855,0.0,0.0,0.5,1.0,1.0,0.5,0.0,0.0,True,0.6754201680672269,1.0,0.0,0.9966488887902412,0.0,0.7,1.0,0.6428571428571429,0.3333333333333333,0.0,0.6666666666666666,1.0,1.0,0.5,1.0,0.0,True,0.8140756302521008,0.9281437125748503,0.0010252554594853218,0.9956811422242845,112.23444948862112,0.7,1.0,0.6428571428571429,0.3333333333333333,0.4414715719063545,0.8333333333333334,1.0,1.0,0.5,1.0,1.0,True,0.8140756302521008,0.9281437125748503,0.0010252554594853218,0.9956811422242845,112.23444948862112,0.7,1.0,0.6428571428571429,0.3333333333333333,0.4414715719063545,0.8333333333333334,1.0,1.0,0.5,1.0,1.0,True,0.8172268907563025,0.8429035752979415,0.002477700693756194,0.9954212490032688,271.23325293083434,0.7,1.0,0.6428571428571429,0.3333333333333333,0.451505016722408,0.8333333333333334,1.0,1.0,0.5,1.0,1.0,HistGB,fleet,10934,1058,14.28,B_fleet_size,CIDv2_OpelAstra,FS-B,0,1,CIDv2_Prototype
59474,952,0.016006994653125734,0.9823429363201485,0.9563865731741602,58526,0.03288579995682486,False,0.9264705882352942,0.9966101694915255,5.126277297426609e-05,0.3947977423667908,5.611722474431056,1.0,1.0,0.7142857142857143,0.3333333333333333,0.7859531772575251,0.8333333333333334,1.0,1.0,0.5,1.0,1.0,True,0.9380252100840336,0.9856512141280354,0.00022213868288848638,0.383823961019516,24.317464055867905,1.0,1.0,0.7142857142857143,0.3333333333333333,0.822742474916388,0.8333333333333334,1.0,1.0,0.5,1.0,1.0,True,0.9390756302521008,0.9664864864864865,0.0005297153207340829,0.36573147773742676,57.987798902454244,1.0,1.0,0.7142857142857143,0.3333333333333333,0.8260869565217391,0.8333333333333334,1.0,1.0,0.5,1.0,1.0,True,0.9390756302521008,0.9664864864864865,0.0005297153207340829,0.36573147773742676,57.987798902454244,1.0,1.0,0.7142857142857143,0.3333333333333333,0.8260869565217391,0.8333333333333334,1.0,1.0,0.5,1.0,1.0,True,0.944327731092437,0.6099050203527816,0.009825364820067666,0.3278380334377289,1075.5801409326189,1.0,1.0,0.7142857142857143,0.3333333333333333,0.842809364548495,0.8333333333333334,1.0,1.0,0.5,1.0,1.0,XGBoost,fleet,10934,1058,3.64,B_fleet_size,CIDv2_OpelAstra,FS-B,0,1,CIDv2_Prototype
59474,952,0.016006994653125734,0.9199461439338047,0.8384748828429989,58526,0.03288579995682486,False,0.6827731092436975,1.0,0.0,51.94373774083539,0.0,1.0,1.0,1.0,0.0,0.0,0.6666666666666666,1.0,1.0,1.0,0.0,0.0,True,0.6827731092436975,1.0,0.0,51.94373774083538,0.0,1.0,1.0,1.0,0.0,0.0,0.6666666666666666,1.0,1.0,1.0,0.0,0.0,True,0.8077731092436975,0.9685138539042821,0.00042718977478555073,22.5,46.764353953592135,1.0,1.0,1.0,0.0,0.3979933110367893,0.8333333333333334,1.0,1.0,1.0,0.0,1.0,True,0.8077731092436975,0.9685138539042821,0.00042718977478555073,22.5,46.764353953592135,1.0,1.0,1.0,0.0,0.3979933110367893,0.8333333333333334,1.0,1.0,1.0,0.0,1.0,True,0.832983193277311,0.5297261189044756,0.012029664057961109,19.714706189929196,1316.8842073331546,1.0,1.0,1.0,0.0,0.4782608695652174,0.8333333333333334,1.0,1.0,1.0,0.0,1.0,Rule:Combined,fleet,10934,1058,0.19,B_fleet_size,CIDv2_OpelAstra,FS-B,0,1,CIDv2_Prototype
59474,952,0.016006994653125734,0.9128710197041463,0.8266410590845493,58526,0.03288579995682486,False,0.6691176470588235,1.0,0.0,0.9981646900148969,0.0,0.5,1.0,0.42857142857142855,0.0,0.0,0.5,1.0,1.0,0.5,0.0,0.0,True,0.6754201680672269,1.0,0.0,0.9966488887902412,0.0,0.7,1.0,0.6428571428571429,0.3333333333333333,0.0,0.6666666666666666,1.0,1.0,0.5,1.0,0.0,True,0.8140756302521008,0.9281437125748503,0.0010252554594853218,0.9956811422242845,112.23444948862112,0.7,1.0,0.6428571428571429,0.3333333333333333,0.4414715719063545,0.8333333333333334,1.0,1.0,0.5,1.0,1.0,True,0.8140756302521008,0.9281437125748503,0.0010252554594853218,0.9956811422242845,112.23444948862112,0.7,1.0,0.6428571428571429,0.3333333333333333,0.4414715719063545,0.8333333333333334,1.0,1.0,0.5,1.0,1.0,True,0.8172268907563025,0.8429035752979415,0.002477700693756194,0.9954212490032688,271.23325293083434,0.7,1.0,0.6428571428571429,0.3333333333333333,0.451505016722408,0.8333333333333334,1.0,1.0,0.5,1.0,1.0,HistGB,fleet,10934,1058,11.34,B_fleet_size,CIDv2_OpelAstra,FS-B,1,1,CIDv2_Prototype
59474,952,0.016006994653125734,0.9823429363201485,0.9563865731741602,58526,0.03288579995682486,False,0.9264705882352942,0.9966101694915255,5.126277297426609e-05,0.3947977423667908,5.611722474431056,1.0,1.0,0.7142857142857143,0.3333333333333333,0.7859531772575251,0.8333333333333334,1.0,1.0,0.5,1.0,1.0,True,0.9380252100840336,0.9856512141280354,0.00022213868288848638,0.383823961019516,24.317464055867905,1.0,1.0,0.7142857142857143,0.3333333333333333,0.822742474916388,0.8333333333333334,1.0,1.0,0.5,1.0,1.0,True,0.9390756302521008,0.9664864864864865,0.0005297153207340829,0.36573147773742676,57.987798902454244,1.0,1.0,0.7142857142857143,0.3333333333333333,0.8260869565217391,0.8333333333333334,1.0,1.0,0.5,1.0,1.0,True,0.9390756302521008,0.9664864864864865,0.0005297153207340829,0.36573147773742676,57.987798902454244,1.0,1.0,0.7142857142857143,0.3333333333333333,0.8260869565217391,0.8333333333333334,1.0,1.0,0.5,1.0,1.0,True,0.944327731092437,0.6099050203527816,0.009825364820067666,0.3278380334377289,1075.5801409326189,1.0,1.0,0.7142857142857143,0.3333333333333333,0.842809364548495,0.8333333333333334,1.0,1.0,0.5,1.0,1.0,XGBoost,fleet,10934,1058,5.37,B_fleet_size,CIDv2_OpelAstra,FS-B,1,1,CIDv2_Prototype
59474,952,0.016006994653125734,0.9199461439338047,0.8384748828429989,58526,0.03288579995682486,False,0.6827731092436975,1.0,0.0,51.94373774083539,0.0,1.0,1.0,1.0,0.0,0.0,0.6666666666666666,1.0,1.0,1.0,0.0,0.0,True,0.6827731092436975,1.0,0.0,51.94373774083538,0.0,1.0,1.0,1.0,0.0,0.0,0.6666666666666666,1.0,1.0,1.0,0.0,0.0,True,0.8077731092436975,0.9685138539042821,0.00042718977478555073,22.5,46.764353953592135,1.0,1.0,1.0,0.0,0.3979933110367893,0.8333333333333334,1.0,1.0,1.0,0.0,1.0,True,0.8077731092436975,0.9685138539042821,0.00042718977478555073,22.5,46.764353953592135,1.0,1.0,1.0,0.0,0.3979933110367893,0.8333333333333334,1.0,1.0,1.0,0.0,1.0,True,0.832983193277311,0.5297261189044756,0.012029664057961109,19.714706189929196,1316.8842073331546,1.0,1.0,1.0,0.0,0.4782608695652174,0.8333333333333334,1.0,1.0,1.0,0.0,1.0,Rule:Combined,fleet,10934,1058,0.17,B_fleet_size,CIDv2_OpelAstra,FS-B,1,1,CIDv2_Prototype
59474,952,0.016006994653125734,0.9990781047219476,0.995054485594959,58526,0.03288579995682486,False,0.967436974789916,1.0,0.0,0.9937990341534759,0.0,0.0,1.0,0.0,0.0,0.9866220735785953,0.3333333333333333,0.0,1.0,0.0,0.0,1.0,True,0.9800420168067226,1.0,0.0,0.8291616062541911,0.0,0.5,1.0,0.35714285714285715,0.3333333333333333,0.9899665551839465,0.8333333333333334,1.0,1.0,0.5,1.0,1.0,True,0.9915966386554622,0.9936842105263158,0.00010252554594853218,0.207875170834478,11.223444948862111,1.0,1.0,0.7142857142857143,0.3333333333333333,0.9933110367892977,0.8333333333333334,1.0,1.0,0.5,1.0,1.0,True,0.9915966386554622,0.9936842105263158,0.00010252554594853218,0.207875170834478,11.223444948862111,1.0,1.0,0.7142857142857143,0.3333333333333333,0.9933110367892977,0.8333333333333334,1.0,1.0,0.5,1.0,1.0,True,0.9947478991596639,0.6687853107344632,0.008014080174976932,0.04026453643576744,877.2992801693883,1.0,1.0,0.7142857142857143,1.0,0.9966555183946488,0.8333333333333334,1.0,1.0,0.5,1.0,1.0,HistGB,fleet,17309,864,9.66,B_fleet_size,CIDv2_OpelAstra,FS-B,0,1,CIDv2_RenaultClio
59474,952,0.016006994653125734,0.9989882153777405,0.9899085385452615,58526,0.03288579995682486,False,0.7279411764705882,1.0,0.0,0.3632501959800721,0.0,1.0,1.0,0.7142857142857143,0.3333333333333333,0.15384615384615385,0.8333333333333334,1.0,1.0,0.5,1.0,1.0,True,0.9065126050420168,0.9976878612716763,3.417518198284406e-05,0.14034205675125122,3.7411483162873704,1.0,1.0,0.7142857142857143,0.3333333333333333,0.7224080267558528,0.8333333333333334,1.0,1.0,0.5,1.0,1.0,True,0.9695378151260504,0.9624608967674662,0.0006151532756911931,0.057620029896497726,67.34066969317267,1.0,1.0,0.7142857142857143,0.3333333333333333,0.9230769230769231,0.8333333333333334,1.0,1.0,0.5,1.0,1.0,True,0.9726890756302521,0.9566115702479339,0.0007176788216397252,0.05445324629545212,78.56411464203478,1.0,1.0,0.7142857142857143,0.3333333333333333,0.9331103678929766,0.8333333333333334,1.0,1.0,0.5,1.0,1.0,True,0.9884453781512605,0.7328660436137072,0.005861043710057756,0.028761113062500954,641.606936243284,1.0,1.0,0.7142857142857143,0.6666666666666666,0.979933110367893,0.8333333333333334,1.0,1.0,0.5,1.0,1.0,XGBoost,fleet,17309,864,6.54,B_fleet_size,CIDv2_OpelAstra,FS-B,0,1,CIDv2_RenaultClio
59474,952,0.016006994653125734,0.9951674964439144,0.8511666850362705,58526,0.03288579995682486,False,0.657563025210084,1.0,0.0,375000.00000000006,0.0,0.0,1.0,0.0,0.0,0.0,0.16666666666666666,0.0,1.0,0.0,0.0,0.0,True,0.6607142857142857,0.9782270606531882,0.0002392262738799084,78125.0,26.188038214011595,0.0,1.0,0.0,1.0,0.0,0.3333333333333333,0.0,1.0,0.0,1.0,0.0,True,0.6649159663865546,0.9738461538461538,0.0002904890468541745,31250.0,31.79976068844265,0.0,1.0,0.2857142857142857,1.0,0.0,0.5,0.0,1.0,0.5,1.0,0.0,True,0.6649159663865546,0.9738461538461538,0.0002904890468541745,31250.0,31.79976068844265,0.0,1.0,0.2857142857142857,1.0,0.0,0.5,0.0,1.0,0.5,1.0,0.0,True,0.6649159663865546,0.9738461538461538,0.0002904890468541745,31250.0,31.79976068844265,0.0,1.0,0.2857142857142857,1.0,0.0,0.5,0.0,1.0,0.5,1.0,0.0,Rule:Combined,fleet,17309,864,0.18,B_fleet_size,CIDv2_OpelAstra,FS-B,0,1,CIDv2_RenaultClio
59474,952,0.016006994653125734,0.9990781047219476,0.995054485594959,58526,0.03288579995682486,False,0.967436974789916,1.0,0.0,0.9937990341534759,0.0,0.0,1.0,0.0,0.0,0.9866220735785953,0.3333333333333333,0.0,1.0,0.0,0.0,1.0,True,0.9800420168067226,1.0,0.0,0.8291616062541911,0.0,0.5,1.0,0.35714285714285715,0.3333333333333333,0.9899665551839465,0.8333333333333334,1.0,1.0,0.5,1.0,1.0,True,0.9915966386554622,0.9936842105263158,0.00010252554594853218,0.207875170834478,11.223444948862111,1.0,1.0,0.7142857142857143,0.3333333333333333,0.9933110367892977,0.8333333333333334,1.0,1.0,0.5,1.0,1.0,True,0.9915966386554622,0.9936842105263158,0.00010252554594853218,0.207875170834478,11.223444948862111,1.0,1.0,0.7142857142857143,0.3333333333333333,0.9933110367892977,0.8333333333333334,1.0,1.0,0.5,1.0,1.0,True,0.9947478991596639,0.6687853107344632,0.008014080174976932,0.04026453643576744,877.2992801693883,1.0,1.0,0.7142857142857143,1.0,0.9966555183946488,0.8333333333333334,1.0,1.0,0.5,1.0,1.0,HistGB,fleet,17309,864,16.76,B_fleet_size,CIDv2_OpelAstra,FS-B,1,1,CIDv2_RenaultClio
59474,952,0.016006994653125734,0.9989882153777405,0.9899085385452615,58526,0.03288579995682486,False,0.7279411764705882,1.0,0.0,0.3632501959800721,0.0,1.0,1.0,0.7142857142857143,0.3333333333333333,0.15384615384615385,0.8333333333333334,1.0,1.0,0.5,1.0,1.0,True,0.9065126050420168,0.9976878612716763,3.417518198284406e-05,0.14034205675125122,3.7411483162873704,1.0,1.0,0.7142857142857143,0.3333333333333333,0.7224080267558528,0.8333333333333334,1.0,1.0,0.5,1.0,1.0,True,0.9695378151260504,0.9624608967674662,0.0006151532756911931,0.057620029896497726,67.34066969317267,1.0,1.0,0.7142857142857143,0.3333333333333333,0.9230769230769231,0.8333333333333334,1.0,1.0,0.5,1.0,1.0,True,0.9726890756302521,0.9566115702479339,0.0007176788216397252,0.05445324629545212,78.56411464203478,1.0,1.0,0.7142857142857143,0.3333333333333333,0.9331103678929766,0.8333333333333334,1.0,1.0,0.5,1.0,1.0,True,0.9884453781512605,0.7328660436137072,0.005861043710057756,0.028761113062500954,641.606936243284,1.0,1.0,0.7142857142857143,0.6666666666666666,0.979933110367893,0.8333333333333334,1.0,1.0,0.5,1.0,1.0,XGBoost,fleet,17309,864,4.04,B_fleet_size,CIDv2_OpelAstra,FS-B,1,1,CIDv2_RenaultClio
59474,952,0.016006994653125734,0.9951674964439144,0.8511666850362705,58526,0.03288579995682486,False,0.657563025210084,1.0,0.0,375000.00000000006,0.0,0.0,1.0,0.0,0.0,0.0,0.16666666666666666,0.0,1.0,0.0,0.0,0.0,True,0.6607142857142857,0.9782270606531882,0.0002392262738799084,78125.0,26.188038214011595,0.0,1.0,0.0,1.0,0.0,0.3333333333333333,0.0,1.0,0.0,1.0,0.0,True,0.6649159663865546,0.9738461538461538,0.0002904890468541745,31250.0,31.79976068844265,0.0,1.0,0.2857142857142857,1.0,0.0,0.5,0.0,1.0,0.5,1.0,0.0,True,0.6649159663865546,0.9738461538461538,0.0002904890468541745,31250.0,31.79976068844265,0.0,1.0,0.2857142857142857,1.0,0.0,0.5,0.0,1.0,0.5,1.0,0.0,True,0.6649159663865546,0.9738461538461538,0.0002904890468541745,31250.0,31.79976068844265,0.0,1.0,0.2857142857142857,1.0,0.0,0.5,0.0,1.0,0.5,1.0,0.0,Rule:Combined,fleet,17309,864,0.22,B_fleet_size,CIDv2_OpelAstra,FS-B,1,1,CIDv2_RenaultClio
59474,952,0.016006994653125734,0.9004044105082653,0.6005205960091461,58526,0.03288579995682486,False,0.0031512605042016808,0.5,5.126277297426609e-05,0.999920174455638,5.611722474431056,0.0,0.0,0.0,1.0,0.0,0.16666666666666666,0.0,0.0,0.0,1.0,0.0,True,0.0031512605042016808,0.2727272727272727,0.00013670072793137624,0.999914658654105,14.964593265149482,0.0,0.0,0.0,1.0,0.0,0.16666666666666666,0.0,0.0,0.0,1.0,0.0,True,0.022058823529411766,0.29577464788732394,0.0008543795495711015,0.9996815164298938,93.52870790718427,0.9,0.001597444089456869,0.5714285714285714,1.0,0.0,0.6666666666666666,1.0,1.0,0.5,1.0,0.0,True,0.02415966386554622,0.2948717948717949,0.0009398175045282117,0.9996623984409991,102.88157869790268,0.9,0.001597444089456869,0.7142857142857143,1.0,0.0,0.6666666666666666,1.0,1.0,0.5,1.0,0.0,True,0.6827731092436975,0.504266873545384,0.010918970643518676,0.9986123813673543,1195.2968870538148,1.0,0.9984025559105432,0.7142857142857143,1.0,0.006688963210702341,0.8333333333333334,1.0,1.0,0.5,1.0,1.0,HistGB,fleet,40000,20000,19.44,B_fleet_size,CIDv2_OpelAstra,FS-B,0,1,CTT_Forester
59474,952,0.016006994653125734,0.8942839477303516,0.4183475505887267,58526,0.03288579995682486,False,0.0031512605042016808,0.6,3.417518198284406e-05,0.9999911785125734,3.7411483162873704,0.0,0.0,0.0,1.0,0.0,0.16666666666666666,0.0,0.0,0.0,1.0,0.0,True,0.0031512605042016808,0.3333333333333333,0.00010252554594853218,0.9999881982803345,11.223444948862111,0.0,0.0,0.0,1.0,0.0,0.16666666666666666,0.0,0.0,0.0,1.0,0.0,True,0.005252100840336135,0.06756756756756757,0.00117904377840812,0.9999579191207886,129.06961691191424,0.0,0.001597444089456869,0.07142857142857142,1.0,0.0,0.5,0.0,1.0,0.5,1.0,0.0,True,0.005252100840336135,0.06329113924050633,0.0012644817333652301,0.9999550580978394,138.42248770263268,0.0,0.001597444089456869,0.07142857142857142,1.0,0.0,0.5,0.0,1.0,0.5,1.0,0.0,True,0.6838235294117647,0.48727544910179643,0.01170499982912409,0.9993282556533813,1281.3432983284242,1.0,0.9984025559105432,0.6428571428571429,1.0,0.013377926421404682,0.8333333333333334,1.0,1.0,0.5,1.0,1.0,XGBoost,fleet,40000,20000,5.78,B_fleet_size,CIDv2_OpelAstra,FS-B,0,1,CTT_Forester
59474,952,0.016006994653125734,0.9932372089329906,0.8020229703713241,58526,0.03288579995682486,False,0.657563025210084,1.0,0.0,375000.00000000006,0.0,0.0,1.0,0.0,0.0,0.0,0.16666666666666666,0.0,1.0,0.0,0.0,0.0,True,0.6607142857142857,0.9782270606531882,0.0002392262738799084,78125.0,26.188038214011595,0.0,1.0,0.0,1.0,0.0,0.3333333333333333,0.0,1.0,0.0,1.0,0.0,True,0.6649159663865546,0.9738461538461538,0.0002904890468541745,31250.0,31.79976068844265,0.0,1.0,0.2857142857142857,1.0,0.0,0.5,0.0,1.0,0.5,1.0,0.0,True,0.6649159663865546,0.9738461538461538,0.0002904890468541745,31250.0,31.79976068844265,0.0,1.0,0.2857142857142857,1.0,0.0,0.5,0.0,1.0,0.5,1.0,0.0,True,0.6649159663865546,0.9738461538461538,0.0002904890468541745,31250.0,31.79976068844265,0.0,1.0,0.2857142857142857,1.0,0.0,0.5,0.0,1.0,0.5,1.0,0.0,Rule:Combined,fleet,40000,20000,0.23,B_fleet_size,CIDv2_OpelAstra,FS-B,0,1,CTT_Forester
59474,952,0.016006994653125734,0.8758515435838392,0.38282236613334353,58526,0.03288579995682486,False,0.0031512605042016808,1.0,0.0,0.9999717496186857,0.0,0.0,0.0,0.0,1.0,0.0,0.16666666666666666,0.0,0.0,0.0,1.0,0.0,True,0.0031512605042016808,0.375,8.543795495711015e-05,0.9999490642145191,9.352870790718425,0.0,0.0,0.0,1.0,0.0,0.16666666666666666,0.0,0.0,0.0,1.0,0.0,True,0.004201680672268907,0.05194805194805195,0.001247394142373808,0.9998887025299971,136.551913544489,0.0,0.0,0.07142857142857142,1.0,0.0,0.3333333333333333,0.0,0.0,0.5,1.0,0.0,True,0.004201680672268907,0.05063291139240506,0.0012815693243566522,0.9998860074967202,140.29306186077636,0.0,0.0,0.07142857142857142,1.0,0.0,0.3333333333333333,0.0,0.0,0.5,1.0,0.0,True,0.6817226890756303,0.493161094224924,0.011397423191278493,0.9992885836571822,1247.672963481838,1.0,0.9984025559105432,0.7142857142857143,1.0,0.0033444816053511705,0.8333333333333334,1.0,1.0,0.5,1.0,1.0,HistGB,fleet,40000,20000,12.9,B_fleet_size,CIDv2_OpelAstra,FS-B,1,1,CTT_Forester
59474,952,0.016006994653125734,0.9082351490885134,0.6019579940187404,58526,0.03288579995682486,False,0.0031512605042016808,0.6,3.417518198284406e-05,0.9999818801879884,3.7411483162873704,0.0,0.0,0.0,1.0,0.0,0.16666666666666666,0.0,0.0,0.0,1.0,0.0,True,0.0031512605042016808,0.23076923076923078,0.0001708759099142203,0.9999690055847168,18.70574158143685,0.0,0.0,0.0,1.0,0.0,0.16666666666666666,0.0,0.0,0.0,1.0,0.0,True,0.011554621848739496,0.15492957746478872,0.0010252554594853218,0.999893069267273,112.23444948862112,0.4,0.001597444089456869,0.21428571428571427,1.0,0.0,0.6666666666666666,1.0,1.0,0.5,1.0,0.0,True,0.011554621848739496,0.1527777777777778,0.0010423430504767437,0.9998877048492432,114.10502364676478,0.4,0.001597444089456869,0.21428571428571427,1.0,0.0,0.6666666666666666,1.0,1.0,0.5,1.0,0.0,True,0.6775210084033614,0.5201612903225806,0.010167116639896107,0.999373733997345,1112.9916240954926,0.7,0.9984025559105432,0.5,1.0,0.010033444816053512,0.8333333333333334,1.0,1.0,0.5,1.0,1.0,XGBoost,fleet,40000,20000,8.61,B_fleet_size,CIDv2_OpelAstra,FS-B,1,1,CTT_Forester
59474,952,0.016006994653125734,0.9932332242216458,0.8020227742770085,58526,0.03288579995682486,False,0.657563025210084,1.0,0.0,375000.00000000006,0.0,0.0,1.0,0.0,0.0,0.0,0.16666666666666666,0.0,1.0,0.0,0.0,0.0,True,0.6607142857142857,0.9782270606531882,0.0002392262738799084,78125.0,26.188038214011595,0.0,1.0,0.0,1.0,0.0,0.3333333333333333,0.0,1.0,0.0,1.0,0.0,True,0.6649159663865546,0.9738461538461538,0.0002904890468541745,31250.0,31.79976068844265,0.0,1.0,0.2857142857142857,1.0,0.0,0.5,0.0,1.0,0.5,1.0,0.0,True,0.6649159663865546,0.9738461538461538,0.0002904890468541745,31250.0,31.79976068844265,0.0,1.0,0.2857142857142857,1.0,0.0,0.5,0.0,1.0,0.5,1.0,0.0,True,0.6649159663865546,0.9738461538461538,0.0002904890468541745,31250.0,31.79976068844265,0.0,1.0,0.2857142857142857,1.0,0.0,0.5,0.0,1.0,0.5,1.0,0.0,Rule:Combined,fleet,40000,20000,0.2,B_fleet_size,CIDv2_OpelAstra,FS-B,1,1,CTT_Forester
59474,952,0.016006994653125734,0.8618200377276778,0.6904738672599866,58526,0.03288579995682486,False,0.6817226890756303,0.9715568862275449,0.00032466422883701857,0.9953848297656818,35.540909004730025,1.0,1.0,0.7142857142857143,1.0,0.0,0.6666666666666666,1.0,1.0,0.5,1.0,0.0,True,0.6817226890756303,0.9614814814814815,0.00044427736577697276,0.9904285284290739,48.63492811173581,1.0,1.0,0.7142857142857143,1.0,0.0,0.6666666666666666,1.0,1.0,0.5,1.0,0.0,True,0.6817226890756303,0.8866120218579235,0.0014182700522880284,0.9754212692416571,155.25765512592588,1.0,1.0,0.7142857142857143,1.0,0.0,0.6666666666666666,1.0,1.0,0.5,1.0,0.0,True,0.6817226890756303,0.878213802435724,0.0015378831892279825,0.9739845674275786,168.35167423293166,1.0,1.0,0.7142857142857143,1.0,0.0,0.6666666666666666,1.0,1.0,0.5,1.0,0.0,True,0.6859243697478992,0.47979426891991184,0.012098014421926796,0.6042236224035602,1324.3665039657292,1.0,1.0,0.7142857142857143,1.0,0.013377926421404682,0.8333333333333334,1.0,1.0,0.5,1.0,1.0,HistGB,fleet,40000,20000,10.62,B_fleet_size,CIDv2_OpelAstra,FS-B,0,1,CTT_Silverado
59474,952,0.016006994653125734,0.8655463351568713,0.6949178066488959,58526,0.03288579995682486,False,0.6617647058823529,0.982839313572543,0.00018796350090564233,0.9997184872627259,20.57631573958054,0.1,1.0,0.0,1.0,0.0,0.5,1.0,1.0,0.0,1.0,0.0,True,0.6638655462184874,0.9768160741885626,0.00025631386487133046,0.9995537400245667,28.05861237215528,0.1,1.0,0.14285714285714285,1.0,0.0,0.6666666666666666,1.0,1.0,0.5,1.0,0.0,True,0.6796218487394958,0.893646408839779,0.0013157445063394964,0.9970099925994873,144.03421017706378,0.9,1.0,0.6428571428571429,1.0,0.0,0.6666666666666666,1.0,1.0,0.5,1.0,0.0,True,0.6796218487394958,0.889958734525447,0.0013670072793137624,0.996955156326294,149.6459326514948,0.9,1.0,0.6428571428571429,1.0,0.0,0.6666666666666666,1.0,1.0,0.5,1.0,0.0,True,0.6880252100840336,0.46886184681460275,0.012678992515635146,0.8778008222579956,1387.9660253426143,1.0,1.0,0.7142857142857143,1.0,0.020066889632107024,0.8333333333333334,1.0,1.0,0.5,1.0,1.0,XGBoost,fleet,40000,20000,5.77,B_fleet_size,CIDv2_OpelAstra,FS-B,0,1,CTT_Silverado
59474,952,0.016006994653125734,0.8683203673458719,0.6762097496745436,58526,0.03288579995682486,False,0.657563025210084,1.0,0.0,375000.00000000006,0.0,0.0,1.0,0.0,0.0,0.0,0.16666666666666666,0.0,1.0,0.0,0.0,0.0,True,0.6607142857142857,0.9782270606531882,0.0002392262738799084,78125.0,26.188038214011595,0.0,1.0,0.0,1.0,0.0,0.3333333333333333,0.0,1.0,0.0,1.0,0.0,True,0.6628151260504201,0.9767801857585139,0.00025631386487133046,46875.0,28.05861237215528,0.0,1.0,0.14285714285714285,1.0,0.0,0.5,0.0,1.0,0.5,1.0,0.0,True,0.6628151260504201,0.9767801857585139,0.00025631386487133046,46875.0,28.05861237215528,0.0,1.0,0.14285714285714285,1.0,0.0,0.5,0.0,1.0,0.5,1.0,0.0,True,0.6691176470588235,0.9178674351585014,0.0009739926865110557,31250.0,106.62272701419006,0.0,1.0,0.2857142857142857,1.0,0.013377926421404682,0.6666666666666666,0.0,1.0,0.5,1.0,1.0,Rule:Combined,fleet,40000,20000,0.15,B_fleet_size,CIDv2_OpelAstra,FS-B,0,1,CTT_Silverado
59474,952,0.016006994653125734,0.8546366621731567,0.7004740750489616,58526,0.03288579995682486,False,0.6817226890756303,0.9715568862275449,0.00032466422883701857,0.9988930147472522,35.540909004730025,1.0,1.0,0.7142857142857143,1.0,0.0,0.6666666666666666,1.0,1.0,0.5,1.0,0.0,True,0.6817226890756303,0.9586410635155096,0.0004784525477598168,0.9984866561438853,52.37607642802319,1.0,1.0,0.7142857142857143,1.0,0.0,0.6666666666666666,1.0,1.0,0.5,1.0,0.0,True,0.6827731092436975,0.8632138114209827,0.001760021872116469,0.9945547748615066,192.66913828879956,1.0,1.0,0.7142857142857143,1.0,0.0033444816053511705,0.8333333333333334,1.0,1.0,0.5,1.0,1.0,True,0.6827731092436975,0.8530183727034121,0.0019138101910392673,0.9942297203478059,209.50430571209276,1.0,1.0,0.7142857142857143,1.0,0.0033444816053511705,0.8333333333333334,1.0,1.0,0.5,1.0,1.0,True,0.6880252100840336,0.46029515108924807,0.013123269881412119,0.5787584212078639,1436.6009534543502,1.0,1.0,0.7142857142857143,1.0,0.020066889632107024,0.8333333333333334,1.0,1.0,0.5,1.0,1.0,HistGB,fleet,40000,20000,11.96,B_fleet_size,CIDv2_OpelAstra,FS-B,1,1,CTT_Silverado
59474,952,0.016006994653125734,0.8597876195521098,0.6932727040461373,58526,0.03288579995682486,False,0.6722689075630253,0.9815950920245399,0.00020505109189706435,0.9995018243789674,22.446889897724223,0.5,1.0,0.42857142857142855,1.0,0.0,0.6666666666666666,1.0,1.0,0.5,1.0,0.0,True,0.6785714285714286,0.96996996996997,0.0003417518198284406,0.9991679191589355,37.4114831628737,0.7,1.0,0.7142857142857143,1.0,0.0,0.6666666666666666,1.0,1.0,0.5,1.0,0.0,True,0.6827731092436975,0.8831521739130435,0.0014695328252622944,0.9958457350730896,160.8693776003569,1.0,1.0,0.7142857142857143,1.0,0.0033444816053511705,0.8333333333333334,1.0,1.0,0.5,1.0,1.0,True,0.6827731092436975,0.8795669824086604,0.0015207955982365607,0.9953780174255371,166.481100074788,1.0,1.0,0.7142857142857143,1.0,0.0033444816053511705,0.8333333333333334,1.0,1.0,0.5,1.0,1.0,True,0.6869747899159664,0.4725433526011561,0.012473941423738082,0.8478697538375854,1365.5191354448903,1.0,1.0,0.7142857142857143,1.0,0.016722408026755852,0.8333333333333334,1.0,1.0,0.5,1.0,1.0,XGBoost,fleet,40000,20000,5.32,B_fleet_size,CIDv2_OpelAstra,FS-B,1,1,CTT_Silverado
59474,952,0.016006994653125734,0.8683203673458719,0.6762097496745436,58526,0.03288579995682486,False,0.657563025210084,1.0,0.0,375000.00000000006,0.0,0.0,1.0,0.0,0.0,0.0,0.16666666666666666,0.0,1.0,0.0,0.0,0.0,True,0.6607142857142857,0.9782270606531882,0.0002392262738799084,78125.0,26.188038214011595,0.0,1.0,0.0,1.0,0.0,0.3333333333333333,0.0,1.0,0.0,1.0,0.0,True,0.6628151260504201,0.9767801857585139,0.00025631386487133046,46875.0,28.05861237215528,0.0,1.0,0.14285714285714285,1.0,0.0,0.5,0.0,1.0,0.5,1.0,0.0,True,0.6628151260504201,0.9767801857585139,0.00025631386487133046,46875.0,28.05861237215528,0.0,1.0,0.14285714285714285,1.0,0.0,0.5,0.0,1.0,0.5,1.0,0.0,True,0.6691176470588235,0.9178674351585014,0.0009739926865110557,31250.0,106.62272701419006,0.0,1.0,0.2857142857142857,1.0,0.013377926421404682,0.6666666666666666,0.0,1.0,0.5,1.0,1.0,Rule:Combined,fleet,40000,20000,0.16,B_fleet_size,CIDv2_OpelAstra,FS-B,1,1,CTT_Silverado
59474,952,0.016006994653125734,0.8902272782425571,0.6205233491204593,58526,0.03288579995682486,False,0.0,0.0,0.0,0.9998251831174302,0.0,0.0,0.0,0.0,0.0,0.0,0.0,0.0,0.0,0.0,0.0,0.0,True,0.0,0.0,0.0,0.9998251831174302,0.0,0.0,0.0,0.0,0.0,0.0,0.0,0.0,0.0,0.0,0.0,0.0,True,0.680672268907563,0.8913342503438789,0.0013499196883223403,0.9994948942650642,147.77535849335112,0.9,1.0,0.7142857142857143,1.0,0.0,0.6666666666666666,1.0,1.0,0.5,1.0,0.0,True,0.680672268907563,0.8901098901098901,0.0013670072793137624,0.9994814475856632,149.6459326514948,0.9,1.0,0.7142857142857143,1.0,0.0,0.6666666666666666,1.0,1.0,0.5,1.0,0.0,True,0.6827731092436975,0.4754937820043892,0.012251802740849594,0.8026948943516982,1341.2016713890223,1.0,1.0,0.7142857142857143,1.0,0.0033444816053511705,0.8333333333333334,1.0,1.0,0.5,1.0,1.0,HistGB,fleet,40000,20000,8.56,B_fleet_size,CIDv2_OpelAstra,FS-B,0,1,CTT_Traverse
59474,952,0.016006994653125734,0.8887225471337505,0.5859287730126769,58526,0.03288579995682486,False,0.0,0.0,5.126277297426609e-05,0.9999769926071168,5.611722474431056,0.0,0.0,0.0,0.0,0.0,0.0,0.0,0.0,0.0,0.0,0.0,True,0.0031512605042016808,0.21428571428571427,0.00018796350090564233,0.9999440908432007,20.57631573958054,0.0,0.0,0.0,1.0,0.0,0.16666666666666666,0.0,0.0,0.0,1.0,0.0,True,0.012605042016806723,0.16666666666666666,0.0010252554594853218,0.9996503591537476,112.23444948862112,0.2,0.003194888178913738,0.35714285714285715,1.0,0.0,0.6666666666666666,1.0,1.0,0.5,1.0,0.0,True,0.012605042016806723,0.16666666666666666,0.0010252554594853218,0.9996503591537476,112.23444948862112,0.2,0.003194888178913738,0.35714285714285715,1.0,0.0,0.6666666666666666,1.0,1.0,0.5,1.0,0.0,True,0.6817226890756303,0.4699493120926865,0.012508116605720926,0.9105581641197205,1369.2602837611776,1.0,1.0,0.7142857142857143,1.0,0.0,0.6666666666666666,1.0,1.0,0.5,1.0,0.0,XGBoost,fleet,40000,20000,4.54,B_fleet_size,CIDv2_OpelAstra,FS-B,0,1,CTT_Traverse
59474,952,0.016006994653125734,0.9934706196822053,0.8048918250558467,58526,0.03288579995682486,False,0.657563025210084,1.0,0.0,375000.00000000006,0.0,0.0,1.0,0.0,0.0,0.0,0.16666666666666666,0.0,1.0,0.0,0.0,0.0,True,0.6607142857142857,0.9782270606531882,0.0002392262738799084,78125.0,26.188038214011595,0.0,1.0,0.0,1.0,0.0,0.3333333333333333,0.0,1.0,0.0,1.0,0.0,True,0.6649159663865546,0.9738461538461538,0.0002904890468541745,31250.0,31.79976068844265,0.0,1.0,0.2857142857142857,1.0,0.0,0.5,0.0,1.0,0.5,1.0,0.0,True,0.6649159663865546,0.9738461538461538,0.0002904890468541745,31250.0,31.79976068844265,0.0,1.0,0.2857142857142857,1.0,0.0,0.5,0.0,1.0,0.5,1.0,0.0,True,0.6649159663865546,0.9738461538461538,0.0002904890468541745,31250.0,31.79976068844265,0.0,1.0,0.2857142857142857,1.0,0.0,0.5,0.0,1.0,0.5,1.0,0.0,Rule:Combined,fleet,40000,20000,0.16,B_fleet_size,CIDv2_OpelAstra,FS-B,0,1,CTT_Traverse
59474,952,0.016006994653125734,0.903006310346838,0.6608878639523589,58526,0.03288579995682486,False,0.0031512605042016808,0.375,8.543795495711015e-05,0.999840018790845,9.352870790718425,0.0,0.0,0.0,1.0,0.0,0.16666666666666666,0.0,0.0,0.0,1.0,0.0,True,0.0031512605042016808,0.2727272727272727,0.00013670072793137624,0.9998307088337988,14.964593265149482,0.0,0.0,0.0,1.0,0.0,0.16666666666666666,0.0,0.0,0.0,1.0,0.0,True,0.680672268907563,0.8925619834710744,0.0013328320973309182,0.9989844015308311,145.90478433520744,1.0,0.9984025559105432,0.7142857142857143,1.0,0.0,0.6666666666666666,1.0,1.0,0.5,1.0,0.0,True,0.680672268907563,0.8901098901098901,0.0013670072793137624,0.9989070066683965,149.6459326514948,1.0,0.9984025559105432,0.7142857142857143,1.0,0.0,0.6666666666666666,1.0,1.0,0.5,1.0,0.0,True,0.6827731092436975,0.4894578313253012,0.011585386692184136,0.78972928627542,1268.2492792214186,1.0,1.0,0.7142857142857143,1.0,0.0033444816053511705,0.8333333333333334,1.0,1.0,0.5,1.0,1.0,HistGB,fleet,40000,20000,9.36,B_fleet_size,CIDv2_OpelAstra,FS-B,1,1,CTT_Traverse
59474,952,0.016006994653125734,0.9004683453812816,0.628010232515488,58526,0.03288579995682486,False,0.0010504201680672268,0.5,1.708759099142203e-05,0.9999715089797975,1.8705741581436852,0.0,0.0,0.0,0.3333333333333333,0.0,0.16666666666666666,0.0,0.0,0.0,1.0,0.0,True,0.0031512605042016808,0.1875,0.00022213868288848638,0.9999138116836548,24.317464055867905,0.0,0.0,0.0,1.0,0.0,0.16666666666666666,0.0,0.0,0.0,1.0,0.0,True,0.6764705882352942,0.8907330567081605,0.0013499196883223403,0.9984186887741089,147.77535849335112,0.8,0.9984025559105432,0.5714285714285714,1.0,0.0,0.6666666666666666,1.0,1.0,0.5,1.0,0.0,True,0.6775210084033614,0.8872077028885832,0.0014011824612966063,0.9982106685638428,153.3870809677822,0.9,0.9984025559105432,0.5714285714285714,1.0,0.0,0.6666666666666666,1.0,1.0,0.5,1.0,0.0,True,0.6838235294117647,0.4696969696969697,0.012559379378695192,0.8067103028297424,1374.8720062356085,1.0,1.0,0.7142857142857143,1.0,0.006688963210702341,0.8333333333333334,1.0,1.0,0.5,1.0,1.0,XGBoost,fleet,40000,20000,5.43,B_fleet_size,CIDv2_OpelAstra,FS-B,1,1,CTT_Traverse
59474,952,0.016006994653125734,0.9934741736139451,0.8048920390110327,58526,0.03288579995682486,False,0.657563025210084,1.0,0.0,375000.00000000006,0.0,0.0,1.0,0.0,0.0,0.0,0.16666666666666666,0.0,1.0,0.0,0.0,0.0,True,0.6607142857142857,0.9782270606531882,0.0002392262738799084,78125.0,26.188038214011595,0.0,1.0,0.0,1.0,0.0,0.3333333333333333,0.0,1.0,0.0,1.0,0.0,True,0.6649159663865546,0.9738461538461538,0.0002904890468541745,31250.0,31.79976068844265,0.0,1.0,0.2857142857142857,1.0,0.0,0.5,0.0,1.0,0.5,1.0,0.0,True,0.6649159663865546,0.9738461538461538,0.0002904890468541745,31250.0,31.79976068844265,0.0,1.0,0.2857142857142857,1.0,0.0,0.5,0.0,1.0,0.5,1.0,0.0,True,0.6649159663865546,0.9738461538461538,0.0002904890468541745,31250.0,31.79976068844265,0.0,1.0,0.2857142857142857,1.0,0.0,0.5,0.0,1.0,0.5,1.0,0.0,Rule:Combined,fleet,40000,20000,0.17,B_fleet_size,CIDv2_OpelAstra,FS-B,1,1,CTT_Traverse
59474,952,0.016006994653125734,0.8501419795730056,0.685100697885314,58526,0.03288579995682486,False,0.0021008403361344537,1.0,0.0,0.99989418361286,0.0,0.0,0.0,0.0,0.6666666666666666,0.0,0.16666666666666666,0.0,0.0,0.0,1.0,0.0,True,0.0021008403361344537,0.2,0.00013670072793137624,0.999881331971359,14.964593265149482,0.0,0.0,0.0,0.6666666666666666,0.0,0.16666666666666666,0.0,0.0,0.0,1.0,0.0,True,0.6817226890756303,0.9076923076923077,0.001127781005433854,0.9992313787776415,123.45789443748322,1.0,1.0,0.7142857142857143,1.0,0.0,0.6666666666666666,1.0,1.0,0.5,1.0,0.0,True,0.6817226890756303,0.8976486860304288,0.0012644817333652301,0.9989796997040349,138.42248770263268,1.0,1.0,0.7142857142857143,1.0,0.0,0.6666666666666666,1.0,1.0,0.5,1.0,0.0,True,0.6859243697478992,0.46676197283774123,0.012747342879600833,0.37552920828033814,1395.448321975189,1.0,1.0,0.7142857142857143,1.0,0.013377926421404682,0.8333333333333334,1.0,1.0,0.5,1.0,1.0,HistGB,fleet,40000,13668,9.98,B_fleet_size,CIDv2_OpelAstra,FS-B,0,2,CIDv2_Prototype|CTT_Impala
59474,952,0.016006994653125734,0.8676222710471018,0.672297251165992,58526,0.03288579995682486,False,0.0021008403361344537,0.6666666666666666,1.708759099142203e-05,0.9999921321868898,1.8705741581436852,0.0,0.0,0.0,0.6666666666666666,0.0,0.16666666666666666,0.0,0.0,0.0,1.0,0.0,True,0.0031512605042016808,0.2727272727272727,0.00013670072793137624,0.9999836683273315,14.964593265149482,0.0,0.0,0.0,1.0,0.0,0.16666666666666666,0.0,0.0,0.0,1.0,0.0,True,0.6659663865546218,0.8892005610098177,0.0013499196883223403,0.999804675579071,147.77535849335112,0.2,1.0,0.21428571428571427,1.0,0.0,0.6666666666666666,1.0,1.0,0.5,1.0,0.0,True,0.6659663865546218,0.8720770288858322,0.0015891459622022488,0.9997546076774597,173.9633967073627,0.2,1.0,0.21428571428571427,1.0,0.0,0.6666666666666666,1.0,1.0,0.5,1.0,0.0,True,0.6827731092436975,0.47935103244837757,0.012063839239943953,0.8336213827133179,1320.6253556494419,1.0,1.0,0.7142857142857143,1.0,0.0033444816053511705,0.8333333333333334,1.0,1.0,0.5,1.0,1.0,XGBoost,fleet,40000,13668,4.81,B_fleet_size,CIDv2_OpelAstra,FS-B,0,2,CIDv2_Prototype|CTT_Impala
59474,952,0.016006994653125734,0.9930715831495102,0.8048775183547707,58526,0.03288579995682486,False,0.657563025210084,1.0,0.0,375000.00000000006,0.0,0.0,1.0,0.0,0.0,0.0,0.16666666666666666,0.0,1.0,0.0,0.0,0.0,True,0.6607142857142857,0.9782270606531882,0.0002392262738799084,78125.0,26.188038214011595,0.0,1.0,0.0,1.0,0.0,0.3333333333333333,0.0,1.0,0.0,1.0,0.0,True,0.6649159663865546,0.9738461538461538,0.0002904890468541745,31250.0,31.79976068844265,0.0,1.0,0.2857142857142857,1.0,0.0,0.5,0.0,1.0,0.5,1.0,0.0,True,0.6649159663865546,0.9738461538461538,0.0002904890468541745,31250.0,31.79976068844265,0.0,1.0,0.2857142857142857,1.0,0.0,0.5,0.0,1.0,0.5,1.0,0.0,True,0.6649159663865546,0.9738461538461538,0.0002904890468541745,31250.0,31.79976068844265,0.0,1.0,0.2857142857142857,1.0,0.0,0.5,0.0,1.0,0.5,1.0,0.0,Rule:Combined,fleet,40000,13668,0.15,B_fleet_size,CIDv2_OpelAstra,FS-B,0,2,CIDv2_Prototype|CTT_Impala
59474,952,0.016006994653125734,0.8584887203232341,0.6903784942794322,58526,0.03288579995682486,False,0.0031512605042016808,0.75,1.708759099142203e-05,0.9999468945211134,1.8705741581436852,0.0,0.0,0.0,1.0,0.0,0.16666666666666666,0.0,0.0,0.0,1.0,0.0,True,0.004201680672268907,0.4,0.00010252554594853218,0.9999304600103075,11.223444948862111,0.0,0.001597444089456869,0.0,1.0,0.0,0.3333333333333333,0.0,1.0,0.0,1.0,0.0,True,0.6817226890756303,0.8927097661623109,0.0013328320973309182,0.9977638355968128,145.90478433520744,1.0,1.0,0.7142857142857143,1.0,0.0,0.6666666666666666,1.0,1.0,0.5,1.0,0.0,True,0.6817226890756303,0.8618857901726428,0.001777109463107891,0.994477032147265,194.53971244694324,1.0,1.0,0.7142857142857143,1.0,0.0,0.6666666666666666,1.0,1.0,0.5,1.0,0.0,True,0.6827731092436975,0.4548635409377187,0.013311233382317761,0.4929744049810133,1457.1772691939307,1.0,1.0,0.7142857142857143,1.0,0.0033444816053511705,0.8333333333333334,1.0,1.0,0.5,1.0,1.0,HistGB,fleet,40000,13668,10.89,B_fleet_size,CIDv2_OpelAstra,FS-B,1,2,CIDv2_Prototype|CTT_Impala
59474,952,0.016006994653125734,0.8754876425126628,0.6850156799010507,58526,0.03288579995682486,False,0.0031512605042016808,0.6,3.417518198284406e-05,0.9999909400939943,3.7411483162873704,0.0,0.0,0.0,1.0,0.0,0.16666666666666666,0.0,0.0,0.0,1.0,0.0,True,0.0031512605042016808,0.3,0.0001196131369399542,0.9999855756759644,13.094019107005797,0.0,0.0,0.0,1.0,0.0,0.16666666666666666,0.0,0.0,0.0,1.0,0.0,True,0.6796218487394958,0.9125528913963329,0.0010594306414681658,0.9992666840553284,115.97559780490849,1.0,1.0,0.5714285714285714,1.0,0.0,0.6666666666666666,1.0,1.0,0.5,1.0,0.0,True,0.680672268907563,0.9,0.0012303065513823862,0.9991006851196289,134.68133938634534,1.0,1.0,0.6428571428571429,1.0,0.0,0.6666666666666666,1.0,1.0,0.5,1.0,0.0,True,0.6848739495798319,0.4738372093023256,0.01237141587778955,0.8685211539268494,1354.295690496028,1.0,1.0,0.7142857142857143,1.0,0.010033444816053512,0.8333333333333334,1.0,1.0,0.5,1.0,1.0,XGBoost,fleet,40000,13668,5.39,B_fleet_size,CIDv2_OpelAstra,FS-B,1,2,CIDv2_Prototype|CTT_Impala
59474,952,0.016006994653125734,0.9930722203443423,0.8048775299466465,58526,0.03288579995682486,False,0.657563025210084,1.0,0.0,375000.00000000006,0.0,0.0,1.0,0.0,0.0,0.0,0.16666666666666666,0.0,1.0,0.0,0.0,0.0,True,0.6607142857142857,0.9782270606531882,0.0002392262738799084,78125.0,26.188038214011595,0.0,1.0,0.0,1.0,0.0,0.3333333333333333,0.0,1.0,0.0,1.0,0.0,True,0.6649159663865546,0.9738461538461538,0.0002904890468541745,31250.0,31.79976068844265,0.0,1.0,0.2857142857142857,1.0,0.0,0.5,0.0,1.0,0.5,1.0,0.0,True,0.6649159663865546,0.9738461538461538,0.0002904890468541745,31250.0,31.79976068844265,0.0,1.0,0.2857142857142857,1.0,0.0,0.5,0.0,1.0,0.5,1.0,0.0,True,0.6649159663865546,0.9738461538461538,0.0002904890468541745,31250.0,31.79976068844265,0.0,1.0,0.2857142857142857,1.0,0.0,0.5,0.0,1.0,0.5,1.0,0.0,Rule:Combined,fleet,40000,13668,0.15,B_fleet_size,CIDv2_OpelAstra,FS-B,1,2,CIDv2_Prototype|CTT_Impala
59474,952,0.016006994653125734,0.9973268869080048,0.9685775395230879,58526,0.03288579995682486,False,0.6901260504201681,0.9909502262443439,0.00010252554594853218,0.9971966351345912,11.223444948862111,1.0,1.0,0.7142857142857143,1.0,0.026755852842809364,0.8333333333333334,1.0,1.0,0.5,1.0,1.0,True,0.7016806722689075,0.9681159420289855,0.00037592700181128465,0.9934274033823496,41.15263147916108,1.0,1.0,0.7142857142857143,1.0,0.06354515050167224,0.8333333333333334,1.0,1.0,0.5,1.0,1.0,True,0.9453781512605042,0.9297520661157025,0.001161956187416698,0.9768442205712177,127.1990427537706,1.0,1.0,0.7142857142857143,1.0,0.8394648829431438,0.8333333333333334,1.0,1.0,0.5,1.0,1.0,True,0.9453781512605042,0.9297520661157025,0.001161956187416698,0.9768442205712177,127.1990427537706,1.0,1.0,0.7142857142857143,1.0,0.8394648829431438,0.8333333333333334,1.0,1.0,0.5,1.0,1.0,True,0.9936974789915967,0.5750759878419452,0.011944226103003998,0.7107903592258418,1307.531336542436,1.0,1.0,0.7142857142857143,1.0,0.9933110367892977,0.8333333333333334,1.0,1.0,0.5,1.0,1.0,HistGB,fleet,40000,20000,12.61,B_fleet_size,CIDv2_OpelAstra,FS-B,0,2,CIDv2_RenaultClio|CTT_Silverado
59474,952,0.016006994653125734,0.9611174918345726,0.7232359997233477,58526,0.03288579995682486,False,0.6596638655462185,0.9921011058451816,8.543795495711015e-05,0.9998590946197511,9.352870790718425,0.1,0.9968051118210862,0.0,1.0,0.0,0.5,1.0,1.0,0.0,1.0,0.0,True,0.6638655462184874,0.9859594383775351,0.00015378831892279827,0.9996935129165649,16.835167423293168,0.2,1.0,0.07142857142857142,1.0,0.0,0.6666666666666666,1.0,1.0,0.5,1.0,0.0,True,0.6817226890756303,0.9166666666666666,0.0010081678684938998,0.9973791837692261,110.36387533047744,1.0,1.0,0.7142857142857143,1.0,0.0,0.6666666666666666,1.0,1.0,0.5,1.0,0.0,True,0.6817226890756303,0.905160390516039,0.001161956187416698,0.9968963861465454,127.1990427537706,1.0,1.0,0.7142857142857143,1.0,0.0,0.6666666666666666,1.0,1.0,0.5,1.0,0.0,True,0.6880252100840336,0.47395079594790157,0.012422678650763816,0.7934341430664062,1359.907412970459,1.0,1.0,0.7142857142857143,1.0,0.020066889632107024,0.8333333333333334,1.0,1.0,0.5,1.0,1.0,XGBoost,fleet,40000,20000,6.07,B_fleet_size,CIDv2_OpelAstra,FS-B,0,2,CIDv2_RenaultClio|CTT_Silverado
59474,952,0.016006994653125734,0.8683203673458719,0.6762097496745436,58526,0.03288579995682486,False,0.657563025210084,1.0,0.0,375000.00000000006,0.0,0.0,1.0,0.0,0.0,0.0,0.16666666666666666,0.0,1.0,0.0,0.0,0.0,True,0.6607142857142857,0.9782270606531882,0.0002392262738799084,78125.0,26.188038214011595,0.0,1.0,0.0,1.0,0.0,0.3333333333333333,0.0,1.0,0.0,1.0,0.0,True,0.6628151260504201,0.9767801857585139,0.00025631386487133046,46875.0,28.05861237215528,0.0,1.0,0.14285714285714285,1.0,0.0,0.5,0.0,1.0,0.5,1.0,0.0,True,0.6628151260504201,0.9767801857585139,0.00025631386487133046,46875.0,28.05861237215528,0.0,1.0,0.14285714285714285,1.0,0.0,0.5,0.0,1.0,0.5,1.0,0.0,True,0.6691176470588235,0.9178674351585014,0.0009739926865110557,31250.0,106.62272701419006,0.0,1.0,0.2857142857142857,1.0,0.013377926421404682,0.6666666666666666,0.0,1.0,0.5,1.0,1.0,Rule:Combined,fleet,40000,20000,0.15,B_fleet_size,CIDv2_OpelAstra,FS-B,0,2,CIDv2_RenaultClio|CTT_Silverado
59474,952,0.016006994653125734,0.998065063659174,0.9879876613607995,58526,0.03288579995682486,False,0.6848739495798319,0.9939024390243902,6.835036396568812e-05,0.9968271349644577,7.482296632574741,1.0,1.0,0.7142857142857143,1.0,0.010033444816053512,0.8333333333333334,1.0,1.0,0.5,1.0,1.0,True,0.6848739495798319,0.9939024390243902,6.835036396568812e-05,0.9968271349644576,7.482296632574741,1.0,1.0,0.7142857142857143,1.0,0.010033444816053512,0.8333333333333334,1.0,1.0,0.5,1.0,1.0,True,0.9852941176470589,0.9446122860020141,0.0009398175045282117,0.8445044330489001,102.88157869790268,1.0,1.0,0.7142857142857143,1.0,0.9665551839464883,0.8333333333333334,1.0,1.0,0.5,1.0,1.0,True,0.9852941176470589,0.9417670682730924,0.0009910802775024777,0.827434024030413,108.49330117233373,1.0,1.0,0.7142857142857143,1.0,0.9665551839464883,0.8333333333333334,1.0,1.0,0.5,1.0,1.0,True,0.9936974789915967,0.5886745488487866,0.011294897645329961,0.1946824137212164,1236.4495185329758,1.0,1.0,0.7142857142857143,1.0,0.9933110367892977,0.8333333333333334,1.0,1.0,0.5,1.0,1.0,HistGB,fleet,40000,20000,13.04,B_fleet_size,CIDv2_OpelAstra,FS-B,1,2,CIDv2_RenaultClio|CTT_Silverado
59474,952,0.016006994653125734,0.9553195034891712,0.7260364292853465,58526,0.03288579995682486,False,0.6817226890756303,0.989329268292683,0.0001196131369399542,0.998088300228119,13.094019107005797,1.0,1.0,0.7142857142857143,1.0,0.0,0.6666666666666666,1.0,1.0,0.5,1.0,0.0,True,0.6817226890756303,0.9744744744744744,0.0002904890468541745,0.9962926506996155,31.79976068844265,1.0,1.0,0.7142857142857143,1.0,0.0,0.6666666666666666,1.0,1.0,0.5,1.0,0.0,True,0.6817226890756303,0.9089635854341737,0.0011106934144424318,0.9849321246147156,121.58732027933954,1.0,1.0,0.7142857142857143,1.0,0.0,0.6666666666666666,1.0,1.0,0.5,1.0,0.0,True,0.6817226890756303,0.9089635854341737,0.0011106934144424318,0.9838842749595642,121.58732027933954,1.0,1.0,0.7142857142857143,1.0,0.0,0.6666666666666666,1.0,1.0,0.5,1.0,0.0,True,0.6880252100840336,0.4802052785923754,0.01211510201291822,0.4847245514392853,1326.2370781238728,1.0,1.0,0.7142857142857143,1.0,0.020066889632107024,0.8333333333333334,1.0,1.0,0.5,1.0,1.0,XGBoost,fleet,40000,20000,5.45,B_fleet_size,CIDv2_OpelAstra,FS-B,1,2,CIDv2_RenaultClio|CTT_Silverado
59474,952,0.016006994653125734,0.8683203673458719,0.6762097496745436,58526,0.03288579995682486,False,0.657563025210084,1.0,0.0,375000.00000000006,0.0,0.0,1.0,0.0,0.0,0.0,0.16666666666666666,0.0,1.0,0.0,0.0,0.0,True,0.6607142857142857,0.9782270606531882,0.0002392262738799084,78125.0,26.188038214011595,0.0,1.0,0.0,1.0,0.0,0.3333333333333333,0.0,1.0,0.0,1.0,0.0,True,0.6628151260504201,0.9767801857585139,0.00025631386487133046,46875.0,28.05861237215528,0.0,1.0,0.14285714285714285,1.0,0.0,0.5,0.0,1.0,0.5,1.0,0.0,True,0.6628151260504201,0.9767801857585139,0.00025631386487133046,46875.0,28.05861237215528,0.0,1.0,0.14285714285714285,1.0,0.0,0.5,0.0,1.0,0.5,1.0,0.0,True,0.6691176470588235,0.9178674351585014,0.0009739926865110557,31250.0,106.62272701419006,0.0,1.0,0.2857142857142857,1.0,0.013377926421404682,0.6666666666666666,0.0,1.0,0.5,1.0,1.0,Rule:Combined,fleet,40000,20000,0.16,B_fleet_size,CIDv2_OpelAstra,FS-B,1,2,CIDv2_RenaultClio|CTT_Silverado
59474,952,0.016006994653125734,0.8840432844475065,0.6349711542324502,58526,0.03288579995682486,False,0.0021008403361344537,0.6666666666666666,1.708759099142203e-05,0.9999967152816663,1.8705741581436852,0.0,0.0,0.0,0.6666666666666666,0.0,0.16666666666666666,0.0,0.0,0.0,1.0,0.0,True,0.0031512605042016808,0.3,0.0001196131369399542,0.9999955630679711,13.094019107005797,0.0,0.0,0.0,1.0,0.0,0.16666666666666666,0.0,0.0,0.0,1.0,0.0,True,0.6817226890756303,0.9102384291725105,0.00109360582345101,0.9999369717061276,119.71674612119585,1.0,1.0,0.7142857142857143,1.0,0.0,0.6666666666666666,1.0,1.0,0.5,1.0,0.0,True,0.6817226890756303,0.9089635854341737,0.0011106934144424318,0.9999321249394673,121.58732027933954,1.0,1.0,0.7142857142857143,1.0,0.0,0.6666666666666666,1.0,1.0,0.5,1.0,0.0,True,0.6838235294117647,0.4552447552447552,0.013311233382317761,0.5068384004455255,1457.1772691939307,1.0,1.0,0.7142857142857143,1.0,0.006688963210702341,0.8333333333333334,1.0,1.0,0.5,1.0,1.0,HistGB,fleet,40000,20000,16.97,B_fleet_size,CIDv2_OpelAstra,FS-B,0,2,CTT_Impala|CTT_Traverse
59474,952,0.016006994653125734,0.8831485731574336,0.6286292011573467,58526,0.03288579995682486,False,0.0,0.0,0.0,0.9999848604202272,0.0,0.0,0.0,0.0,0.0,0.0,0.0,0.0,0.0,0.0,0.0,0.0,True,0.0,0.0,0.0,0.999984860420227,0.0,0.0,0.0,0.0,0.0,0.0,0.0,0.0,0.0,0.0,0.0,0.0,True,0.0063025210084033615,0.10526315789473684,0.0008714671405625235,0.9998273849487305,95.39928206532795,0.2,0.001597444089456869,0.0,1.0,0.0,0.5,1.0,1.0,0.0,1.0,0.0,True,0.008403361344537815,0.11428571428571428,0.0010594306414681658,0.9997802376747131,115.97559780490849,0.3,0.001597444089456869,0.07142857142857142,1.0,0.0,0.6666666666666666,1.0,1.0,0.5,1.0,0.0,True,0.6838235294117647,0.4656652360515021,0.012764430470592256,0.716239333152771,1397.3188961333328,1.0,1.0,0.7142857142857143,1.0,0.006688963210702341,0.8333333333333334,1.0,1.0,0.5,1.0,1.0,XGBoost,fleet,40000,20000,4.61,B_fleet_size,CIDv2_OpelAstra,FS-B,0,2,CTT_Impala|CTT_Traverse
59474,952,0.016006994653125734,0.9935514447055607,0.8048974960630736,58526,0.03288579995682486,False,0.657563025210084,1.0,0.0,375000.00000000006,0.0,0.0,1.0,0.0,0.0,0.0,0.16666666666666666,0.0,1.0,0.0,0.0,0.0,True,0.6607142857142857,0.9782270606531882,0.0002392262738799084,78125.0,26.188038214011595,0.0,1.0,0.0,1.0,0.0,0.3333333333333333,0.0,1.0,0.0,1.0,0.0,True,0.6649159663865546,0.9738461538461538,0.0002904890468541745,31250.0,31.79976068844265,0.0,1.0,0.2857142857142857,1.0,0.0,0.5,0.0,1.0,0.5,1.0,0.0,True,0.6649159663865546,0.9738461538461538,0.0002904890468541745,31250.0,31.79976068844265,0.0,1.0,0.2857142857142857,1.0,0.0,0.5,0.0,1.0,0.5,1.0,0.0,True,0.6649159663865546,0.9738461538461538,0.0002904890468541745,31250.0,31.79976068844265,0.0,1.0,0.2857142857142857,1.0,0.0,0.5,0.0,1.0,0.5,1.0,0.0,Rule:Combined,fleet,40000,20000,0.16,B_fleet_size,CIDv2_OpelAstra,FS-B,0,2,CTT_Impala|CTT_Traverse
59474,952,0.016006994653125734,0.8862842089263852,0.6645005332349669,58526,0.03288579995682486,False,0.0,0.0,0.0,0.9999630723732127,0.0,0.0,0.0,0.0,0.0,0.0,0.0,0.0,0.0,0.0,0.0,0.0,True,0.0010504201680672268,0.14285714285714285,0.00010252554594853218,0.9999431492159949,11.223444948862111,0.1,0.0,0.0,0.0,0.0,0.16666666666666666,1.0,0.0,0.0,0.0,0.0,True,0.680672268907563,0.8962655601659751,0.0012815693243566522,0.9995269679013944,140.29306186077636,1.0,0.9984025559105432,0.7142857142857143,1.0,0.0,0.6666666666666666,1.0,1.0,0.5,1.0,0.0,True,0.680672268907563,0.8925619834710744,0.0013328320973309182,0.9995147130494475,145.90478433520744,1.0,0.9984025559105432,0.7142857142857143,1.0,0.0,0.6666666666666666,1.0,1.0,0.5,1.0,0.0,True,0.6827731092436975,0.46965317919075145,0.012542291787703769,0.9460487884818516,1373.0014320774649,1.0,1.0,0.7142857142857143,1.0,0.0033444816053511705,0.8333333333333334,1.0,1.0,0.5,1.0,1.0,HistGB,fleet,40000,20000,10.71,B_fleet_size,CIDv2_OpelAstra,FS-B,1,2,CTT_Impala|CTT_Traverse
59474,952,0.016006994653125734,0.8918809065268567,0.5585924378771208,58526,0.03288579995682486,False,0.0010504201680672268,0.125,0.0001196131369399542,0.9999709129333497,13.094019107005797,0.1,0.0,0.0,0.0,0.0,0.16666666666666666,1.0,0.0,0.0,0.0,0.0,True,0.0010504201680672268,0.125,0.0001196131369399542,0.9999709129333496,13.094019107005797,0.1,0.0,0.0,0.0,0.0,0.16666666666666666,1.0,0.0,0.0,0.0,0.0,True,0.009453781512605041,0.08737864077669903,0.0016062335531936707,0.9997689127922058,175.83397086550642,0.3,0.001597444089456869,0.14285714285714285,1.0,0.0,0.6666666666666666,1.0,1.0,0.5,1.0,0.0,True,0.009453781512605041,0.08737864077669903,0.0016062335531936707,0.999768078327179,175.83397086550642,0.3,0.001597444089456869,0.14285714285714285,1.0,0.0,0.6666666666666666,1.0,1.0,0.5,1.0,0.0,True,0.6827731092436975,0.47238372093023256,0.012405591059772392,0.9552832841873169,1358.0368388123154,1.0,1.0,0.7142857142857143,1.0,0.0033444816053511705,0.8333333333333334,1.0,1.0,0.5,1.0,1.0,XGBoost,fleet,40000,20000,6.73,B_fleet_size,CIDv2_OpelAstra,FS-B,1,2,CTT_Impala|CTT_Traverse
59474,952,0.016006994653125734,0.9935485189940779,0.8048972567531293,58526,0.03288579995682486,False,0.657563025210084,1.0,0.0,375000.00000000006,0.0,0.0,1.0,0.0,0.0,0.0,0.16666666666666666,0.0,1.0,0.0,0.0,0.0,True,0.6607142857142857,0.9782270606531882,0.0002392262738799084,78125.0,26.188038214011595,0.0,1.0,0.0,1.0,0.0,0.3333333333333333,0.0,1.0,0.0,1.0,0.0,True,0.6649159663865546,0.9738461538461538,0.0002904890468541745,31250.0,31.79976068844265,0.0,1.0,0.2857142857142857,1.0,0.0,0.5,0.0,1.0,0.5,1.0,0.0,True,0.6649159663865546,0.9738461538461538,0.0002904890468541745,31250.0,31.79976068844265,0.0,1.0,0.2857142857142857,1.0,0.0,0.5,0.0,1.0,0.5,1.0,0.0,True,0.6649159663865546,0.9738461538461538,0.0002904890468541745,31250.0,31.79976068844265,0.0,1.0,0.2857142857142857,1.0,0.0,0.5,0.0,1.0,0.5,1.0,0.0,Rule:Combined,fleet,40000,20000,0.17,B_fleet_size,CIDv2_OpelAstra,FS-B,1,2,CTT_Impala|CTT_Traverse
59474,952,0.016006994653125734,0.8512945573294421,0.5265586350168984,58526,0.03288579995682486,False,0.012605042016806723,0.9230769230769231,1.708759099142203e-05,0.9985501421445422,1.8705741581436852,0.4,0.001597444089456869,0.2857142857142857,1.0,0.0,0.6666666666666666,1.0,1.0,0.5,1.0,0.0,True,0.014705882352941176,0.8235294117647058,5.126277297426609e-05,0.9973258897249027,5.611722474431056,0.5,0.001597444089456869,0.35714285714285715,1.0,0.0,0.6666666666666666,1.0,1.0,0.5,1.0,0.0,True,0.026260504201680673,0.3787878787878788,0.0007005912306483032,0.9693421262323869,76.6935404838911,1.0,0.003194888178913738,0.7142857142857143,1.0,0.0,0.6666666666666666,1.0,1.0,0.5,1.0,0.0,True,0.026260504201680673,0.32894736842105265,0.0008714671405625235,0.9594004352634848,95.39928206532795,1.0,0.003194888178913738,0.7142857142857143,1.0,0.0,0.6666666666666666,1.0,1.0,0.5,1.0,0.0,True,0.6859243697478992,0.5300324675324676,0.009893715184033355,0.10180878125200568,1083.0624375651937,1.0,1.0,0.7142857142857143,1.0,0.013377926421404682,0.8333333333333334,1.0,1.0,0.5,1.0,1.0,HistGB,fleet,40000,20000,26.95,B_fleet_size,CIDv2_OpelAstra,FS-B,0,2,CTT_Impala|ROAD_ORNL
59474,952,0.016006994653125734,0.816308998138745,0.5430241036706412,58526,0.03288579995682486,False,0.005252100840336135,0.625,5.126277297426609e-05,0.9986876845359803,5.611722474431056,0.1,0.0,0.07142857142857142,1.0,0.0,0.5,1.0,0.0,0.5,1.0,0.0,True,0.014705882352941176,0.6666666666666666,0.0001196131369399542,0.9959122538566589,13.094019107005797,0.4,0.001597444089456869,0.42857142857142855,1.0,0.0,0.6666666666666666,1.0,1.0,0.5,1.0,0.0,True,0.023109243697478993,0.2857142857142857,0.0009398175045282117,0.9745855927467346,102.88157869790268,0.9,0.001597444089456869,0.6428571428571429,1.0,0.0,0.6666666666666666,1.0,1.0,0.5,1.0,0.0,True,0.023109243697478993,0.2857142857142857,0.0009398175045282117,0.97262042760849,102.88157869790268,0.9,0.001597444089456869,0.6428571428571429,1.0,0.0,0.6666666666666666,1.0,1.0,0.5,1.0,0.0,True,0.6827731092436975,0.4606661941885188,0.013003656744472165,0.07643929868936539,1423.5069343473444,1.0,1.0,0.7142857142857143,1.0,0.0033444816053511705,0.8333333333333334,1.0,1.0,0.5,1.0,1.0,XGBoost,fleet,40000,20000,9.03,B_fleet_size,CIDv2_OpelAstra,FS-B,0,2,CTT_Impala|ROAD_ORNL
59474,952,0.016006994653125734,0.9994520124443611,0.9974021657166596,58526,0.03288579995682486,False,0.8382352941176471,1.0,0.0,3741.5463394645813,0.0,1.0,1.0,1.0,0.0,0.49498327759197325,0.8333333333333334,1.0,1.0,1.0,0.0,1.0,True,0.9947478991596639,1.0,0.0,37.67481518451309,0.0,1.0,1.0,1.0,0.0,0.9933110367892977,0.8333333333333334,1.0,1.0,1.0,0.0,1.0,True,0.9957983193277311,0.92578125,0.0012986569153480743,15.792332916009572,142.1636360189201,1.0,1.0,1.0,0.0,0.9966555183946488,0.8333333333333334,1.0,1.0,1.0,0.0,1.0,True,0.9957983193277311,0.9221789883268483,0.0013670072793137624,15.639867600340793,149.6459326514948,1.0,1.0,1.0,0.0,0.9966555183946488,0.8333333333333334,1.0,1.0,1.0,0.0,1.0,True,0.9957983193277311,0.6015228426395939,0.010731007142613035,7.219011796508903,1174.7205713142343,1.0,1.0,1.0,0.0,0.9966555183946488,0.8333333333333334,1.0,1.0,1.0,0.0,1.0,Rule:Combined,fleet,40000,20000,0.17,B_fleet_size,CIDv2_OpelAstra,FS-B,0,2,CTT_Impala|ROAD_ORNL
59474,952,0.016006994653125734,0.860932299682458,0.5213002258709505,58526,0.03288579995682486,False,0.014705882352941176,0.6666666666666666,0.0001196131369399542,0.9993436853486882,13.094019107005797,0.6,0.0,0.35714285714285715,1.0,0.0,0.5,1.0,0.0,0.5,1.0,0.0,True,0.014705882352941176,0.6666666666666666,0.0001196131369399542,0.9993436853486882,13.094019107005797,0.6,0.0,0.35714285714285715,1.0,0.0,0.5,1.0,0.0,0.5,1.0,0.0,True,0.02415966386554622,0.3484848484848485,0.0007347664126311472,0.9937049744400139,80.43468880017845,1.0,0.001597444089456869,0.6428571428571429,1.0,0.0,0.6666666666666666,1.0,1.0,0.5,1.0,0.0,True,0.02415966386554622,0.34328358208955223,0.0007518540036225693,0.9933945320488085,82.30526295832216,1.0,0.001597444089456869,0.6428571428571429,1.0,0.0,0.6666666666666666,1.0,1.0,0.5,1.0,0.0,True,0.6838235294117647,0.49095022624434387,0.01153412391920987,0.4379869438982776,1262.6375567469875,1.0,1.0,0.7142857142857143,1.0,0.006688963210702341,0.8333333333333334,1.0,1.0,0.5,1.0,1.0,HistGB,fleet,40000,20000,26.32,B_fleet_size,CIDv2_OpelAstra,FS-B,1,2,CTT_Impala|ROAD_ORNL
59474,952,0.016006994653125734,0.8871225239865264,0.44783984565162516,58526,0.03288579995682486,False,0.007352941176470588,0.5833333333333334,8.543795495711015e-05,0.9985989928245546,9.352870790718425,0.3,0.0,0.07142857142857142,1.0,0.0,0.5,1.0,0.0,0.5,1.0,0.0,True,0.009453781512605041,0.5294117647058824,0.00013670072793137624,0.9972983002662659,14.964593265149482,0.4,0.0,0.14285714285714285,1.0,0.0,0.5,1.0,0.0,0.5,1.0,0.0,True,0.022058823529411766,0.28,0.0009227299135367896,0.9824809432029724,101.011004539759,0.9,0.001597444089456869,0.5714285714285714,1.0,0.0,0.6666666666666666,1.0,1.0,0.5,1.0,0.0,True,0.022058823529411766,0.2727272727272727,0.0009569050955196336,0.9822764992713928,104.75215285604638,0.9,0.001597444089456869,0.5714285714285714,1.0,0.0,0.6666666666666666,1.0,1.0,0.5,1.0,0.0,True,0.6859243697478992,0.44301221166892807,0.014028912203957486,0.2394440472126007,1535.7413838359655,1.0,1.0,0.7142857142857143,1.0,0.013377926421404682,0.8333333333333334,1.0,1.0,0.5,1.0,1.0,XGBoost,fleet,40000,20000,13.32,B_fleet_size,CIDv2_OpelAstra,FS-B,1,2,CTT_Impala|ROAD_ORNL
59474,952,0.016006994653125734,0.9994856850501384,0.9982072889091229,58526,0.03288579995682486,False,0.8382352941176471,1.0,0.0,3804.7737934532724,0.0,1.0,1.0,1.0,0.0,0.49498327759197325,0.8333333333333334,1.0,1.0,1.0,0.0,1.0,True,0.9947478991596639,1.0,0.0,38.31142730674277,0.0,1.0,1.0,1.0,0.0,0.9933110367892977,0.8333333333333334,1.0,1.0,1.0,0.0,1.0,True,0.9957983193277311,0.9239766081871345,0.0013328320973309182,16.040804132209722,145.90478433520744,1.0,1.0,1.0,0.0,0.9966555183946488,0.8333333333333334,1.0,1.0,1.0,0.0,1.0,True,0.9957983193277311,0.9221789883268483,0.0013670072793137624,15.747521283968249,149.6459326514948,1.0,1.0,1.0,0.0,0.9966555183946488,0.8333333333333334,1.0,1.0,1.0,0.0,1.0,True,0.9989495798319328,0.6022799240025333,0.010731007142613035,7.340957800804087,1174.7205713142343,1.0,1.0,1.0,1.0,0.9966555183946488,1.0,1.0,1.0,1.0,1.0,1.0,Rule:Combined,fleet,40000,20000,0.16,B_fleet_size,CIDv2_OpelAstra,FS-B,1,2,CTT_Impala|ROAD_ORNL
59474,952,0.016006994653125734,0.8637737040067386,0.6956739128118844,58526,0.03288579995682486,False,0.6817226890756303,0.9938744257274119,6.835036396568812e-05,0.971099212144198,7.482296632574741,1.0,1.0,0.7142857142857143,1.0,0.0,0.6666666666666666,1.0,1.0,0.5,1.0,0.0,True,0.6817226890756303,0.989329268292683,0.0001196131369399542,0.9372174301967685,13.094019107005797,1.0,1.0,0.7142857142857143,1.0,0.0,0.6666666666666666,1.0,1.0,0.5,1.0,0.0,True,0.6817226890756303,0.9433139534883721,0.0006664160486654591,0.7694025824476016,72.95239216760372,1.0,1.0,0.7142857142857143,1.0,0.0,0.6666666666666666,1.0,1.0,0.5,1.0,0.0,True,0.6817226890756303,0.9338129496402877,0.0007860291856054134,0.7386725640607825,86.04641127460951,1.0,1.0,0.7142857142857143,1.0,0.0,0.6666666666666666,1.0,1.0,0.5,1.0,0.0,True,0.6859243697478992,0.542809642560266,0.009398175045282117,0.16769881254129942,1028.8157869790268,1.0,1.0,0.7142857142857143,1.0,0.013377926421404682,0.8333333333333334,1.0,1.0,0.5,1.0,1.0,HistGB,fleet,40000,20000,53.44,B_fleet_size,CIDv2_OpelAstra,FS-B,0,2,CTT_Silverado|ROAD_ORNL
59474,952,0.016006994653125734,0.8661187515059338,0.693613721308169,58526,0.03288579995682486,False,0.680672268907563,0.9938650306748467,6.835036396568812e-05,0.9262878298759462,7.482296632574741,1.0,1.0,0.6428571428571429,1.0,0.0,0.6666666666666666,1.0,1.0,0.5,1.0,0.0,True,0.6817226890756303,0.9878234398782344,0.00013670072793137624,0.8465187549591064,14.964593265149482,1.0,1.0,0.7142857142857143,1.0,0.0,0.6666666666666666,1.0,1.0,0.5,1.0,0.0,True,0.6817226890756303,0.9572271386430679,0.0004955401387512388,0.5841343402862549,54.246650586166865,1.0,1.0,0.7142857142857143,1.0,0.0,0.6666666666666666,1.0,1.0,0.5,1.0,0.0,True,0.6817226890756303,0.9474452554744526,0.0006151532756911931,0.5373666882514954,67.34066969317267,1.0,1.0,0.7142857142857143,1.0,0.0,0.6666666666666666,1.0,1.0,0.5,1.0,0.0,True,0.6848739495798319,0.533988533988534,0.009722839274119134,0.08796367794275284,1064.356695983757,1.0,1.0,0.7142857142857143,1.0,0.010033444816053512,0.8333333333333334,1.0,1.0,0.5,1.0,1.0,XGBoost,fleet,40000,20000,17.11,B_fleet_size,CIDv2_OpelAstra,FS-B,0,2,CTT_Silverado|ROAD_ORNL
59474,952,0.016006994653125734,0.9995339862133297,0.998223975084415,58526,0.03288579995682486,False,0.8382352941176471,1.0,0.0,3755.439399154156,0.0,1.0,1.0,1.0,0.0,0.49498327759197325,0.8333333333333334,1.0,1.0,1.0,0.0,1.0,True,0.9947478991596639,1.0,0.0,37.812406089990986,0.0,1.0,1.0,1.0,0.0,0.9933110367892977,0.8333333333333334,1.0,1.0,1.0,0.0,1.0,True,0.9957983193277311,0.92578125,0.0012986569153480743,15.971212997089555,142.1636360189201,1.0,1.0,1.0,0.0,0.9966555183946488,0.8333333333333334,1.0,1.0,1.0,0.0,1.0,True,0.9957983193277311,0.9221789883268483,0.0013670072793137624,15.695624085961143,149.6459326514948,1.0,1.0,1.0,0.0,0.9966555183946488,0.8333333333333334,1.0,1.0,1.0,0.0,1.0,True,0.9989495798319328,0.6022799240025333,0.010731007142613035,7.243494939301693,1174.7205713142343,1.0,1.0,1.0,1.0,0.9966555183946488,1.0,1.0,1.0,1.0,1.0,1.0,Rule:Combined,fleet,40000,20000,0.17,B_fleet_size,CIDv2_OpelAstra,FS-B,0,2,CTT_Silverado|ROAD_ORNL
59474,952,0.016006994653125734,0.8094802170210212,0.6863385161754072,58526,0.03288579995682486,False,0.026260504201680673,0.8064516129032258,0.00010252554594853218,0.9646046865791901,11.223444948862111,1.0,0.003194888178913738,0.7142857142857143,1.0,0.0,0.6666666666666666,1.0,1.0,0.5,1.0,0.0,True,0.6817226890756303,0.9878234398782344,0.00013670072793137624,0.9247308832255536,14.964593265149482,1.0,1.0,0.7142857142857143,1.0,0.0,0.6666666666666666,1.0,1.0,0.5,1.0,0.0,True,0.6817226890756303,0.9405797101449276,0.0007005912306483032,0.7875507485153596,76.6935404838911,1.0,1.0,0.7142857142857143,1.0,0.0,0.6666666666666666,1.0,1.0,0.5,1.0,0.0,True,0.6817226890756303,0.9297994269340975,0.0008372919585796795,0.7600641302210823,91.65813374904057,1.0,1.0,0.7142857142857143,1.0,0.0,0.6666666666666666,1.0,1.0,0.5,1.0,0.0,True,0.6838235294117647,0.550761421319797,0.009073510816445097,0.19199351346646348,993.2748779742967,1.0,1.0,0.7142857142857143,1.0,0.006688963210702341,0.8333333333333334,1.0,1.0,0.5,1.0,1.0,HistGB,fleet,40000,20000,21.99,B_fleet_size,CIDv2_OpelAstra,FS-B,1,2,CTT_Silverado|ROAD_ORNL
59474,952,0.016006994653125734,0.8377895090232532,0.6816694294986074,58526,0.03288579995682486,False,0.01995798319327731,0.8636363636363636,5.126277297426609e-05,0.9794390201568605,5.611722474431056,0.7,0.001597444089456869,0.5714285714285714,1.0,0.0,0.6666666666666666,1.0,1.0,0.5,1.0,0.0,True,0.025210084033613446,0.75,0.00013670072793137624,0.9228389859199524,14.964593265149482,0.9,0.003194888178913738,0.7142857142857143,1.0,0.0,0.6666666666666666,1.0,1.0,0.5,1.0,0.0,True,0.6817226890756303,0.9474452554744526,0.0006151532756911931,0.7234894037246704,67.34066969317267,1.0,1.0,0.7142857142857143,1.0,0.0,0.6666666666666666,1.0,1.0,0.5,1.0,0.0,True,0.6817226890756303,0.9405797101449276,0.0007005912306483032,0.6954910755157471,76.6935404838911,1.0,1.0,0.7142857142857143,1.0,0.0,0.6666666666666666,1.0,1.0,0.5,1.0,0.0,True,0.6827731092436975,0.5394190871369294,0.009483613000239225,0.1629703938961029,1038.1686577697453,1.0,1.0,0.7142857142857143,1.0,0.0033444816053511705,0.8333333333333334,1.0,1.0,0.5,1.0,1.0,XGBoost,fleet,40000,20000,10.31,B_fleet_size,CIDv2_OpelAstra,FS-B,1,2,CTT_Silverado|ROAD_ORNL
59474,952,0.016006994653125734,0.9995606586505283,0.9982121312423305,58526,0.03288579995682486,False,0.8382352941176471,1.0,0.0,3809.0597822096047,0.0,1.0,1.0,1.0,0.0,0.49498327759197325,0.8333333333333334,1.0,1.0,1.0,0.0,1.0,True,0.9947478991596639,1.0,0.0,38.354070380257646,0.0,1.0,1.0,1.0,0.0,0.9933110367892977,0.8333333333333334,1.0,1.0,1.0,0.0,1.0,True,0.9957983193277311,0.92578125,0.0012986569153480743,16.11478638395776,142.1636360189201,1.0,1.0,1.0,0.0,0.9966555183946488,0.8333333333333334,1.0,1.0,1.0,0.0,1.0,True,0.9957983193277311,0.9221789883268483,0.0013670072793137624,15.921515020397374,149.6459326514948,1.0,1.0,1.0,0.0,0.9966555183946488,0.8333333333333334,1.0,1.0,1.0,0.0,1.0,True,0.9989495798319328,0.6022799240025333,0.010731007142613035,7.348709785655298,1174.7205713142343,1.0,1.0,1.0,1.0,0.9966555183946488,1.0,1.0,1.0,1.0,1.0,1.0,Rule:Combined,fleet,40000,20000,0.2,B_fleet_size,CIDv2_OpelAstra,FS-B,1,2,CTT_Silverado|ROAD_ORNL
59474,952,0.016006994653125734,0.9662088131619826,0.6656771860243271,58526,0.03288579995682486,False,0.0,0.0,0.0,0.9998974953301191,0.0,0.0,0.0,0.0,0.0,0.0,0.0,0.0,0.0,0.0,0.0,0.0,True,0.0031512605042016808,0.5,5.126277297426609e-05,0.999897495330119,5.611722474431056,0.0,0.0,0.0,1.0,0.0,0.16666666666666666,0.0,0.0,0.0,1.0,0.0,True,0.0031512605042016808,0.10344827586206896,0.00044427736577697276,0.9998574309724707,48.63492811173581,0.0,0.0,0.0,1.0,0.0,0.16666666666666666,0.0,0.0,0.0,1.0,0.0,True,0.0031512605042016808,0.0625,0.0007689415946139913,0.9998476694728228,84.17583711646583,0.0,0.0,0.0,1.0,0.0,0.16666666666666666,0.0,0.0,0.0,1.0,0.0,True,0.6733193277310925,0.5169354838709678,0.010235467003861796,0.9995403047558298,1120.4739207280675,0.5,0.9968051118210862,0.5714285714285714,1.0,0.0033444816053511705,0.8333333333333334,1.0,1.0,0.5,1.0,1.0,HistGB,fleet,40000,20000,10.78,B_fleet_size,CIDv2_OpelAstra,FS-B,0,3,CIDv2_Prototype|CIDv2_RenaultClio|CTT_Forester
59474,952,0.016006994653125734,0.9732510186501723,0.7295934206872161,58526,0.03288579995682486,False,0.0031512605042016808,0.5,5.126277297426609e-05,0.9999892711639405,5.611722474431056,0.0,0.0,0.0,1.0,0.0,0.16666666666666666,0.0,0.0,0.0,1.0,0.0,True,0.004201680672268907,0.25,0.00020505109189706435,0.9999790191650391,22.446889897724223,0.0,0.0,0.07142857142857142,1.0,0.0,0.3333333333333333,0.0,0.0,0.5,1.0,0.0,True,0.6659663865546218,0.9282576866764275,0.0008372919585796795,0.9999464750289917,91.65813374904057,0.4,0.9984025559105432,0.14285714285714285,1.0,0.0,0.6666666666666666,1.0,1.0,0.5,1.0,0.0,True,0.6680672268907563,0.9137931034482759,0.0010252554594853218,0.9999427795410156,112.23444948862112,0.4,0.9984025559105432,0.21428571428571427,1.0,0.0033444816053511705,0.8333333333333334,1.0,1.0,0.5,1.0,1.0,True,0.7090336134453782,0.5447941888619855,0.009637401319162025,0.9997766613960266,1055.0038251930387,0.8,1.0,0.5714285714285714,1.0,0.10033444816053512,0.8333333333333334,1.0,1.0,0.5,1.0,1.0,XGBoost,fleet,40000,20000,6.96,B_fleet_size,CIDv2_OpelAstra,FS-B,0,3,CIDv2_Prototype|CIDv2_RenaultClio|CTT_Forester
59474,952,0.016006994653125734,0.993397943573041,0.8048879873080513,58526,0.03288579995682486,False,0.657563025210084,1.0,0.0,375000.00000000006,0.0,0.0,1.0,0.0,0.0,0.0,0.16666666666666666,0.0,1.0,0.0,0.0,0.0,True,0.6607142857142857,0.9782270606531882,0.0002392262738799084,78125.0,26.188038214011595,0.0,1.0,0.0,1.0,0.0,0.3333333333333333,0.0,1.0,0.0,1.0,0.0,True,0.6649159663865546,0.9738461538461538,0.0002904890468541745,31250.0,31.79976068844265,0.0,1.0,0.2857142857142857,1.0,0.0,0.5,0.0,1.0,0.5,1.0,0.0,True,0.6649159663865546,0.9738461538461538,0.0002904890468541745,31250.0,31.79976068844265,0.0,1.0,0.2857142857142857,1.0,0.0,0.5,0.0,1.0,0.5,1.0,0.0,True,0.6649159663865546,0.9738461538461538,0.0002904890468541745,31250.0,31.79976068844265,0.0,1.0,0.2857142857142857,1.0,0.0,0.5,0.0,1.0,0.5,1.0,0.0,Rule:Combined,fleet,40000,20000,0.23,B_fleet_size,CIDv2_OpelAstra,FS-B,0,3,CIDv2_Prototype|CIDv2_RenaultClio|CTT_Forester
59474,952,0.016006994653125734,0.9462191586931754,0.6839487010650384,58526,0.03288579995682486,False,0.0031512605042016808,0.6,3.417518198284406e-05,0.9999628532369961,3.7411483162873704,0.0,0.0,0.0,1.0,0.0,0.16666666666666666,0.0,0.0,0.0,1.0,0.0,True,0.0031512605042016808,0.2,0.00020505109189706435,0.9999496943945573,22.446889897724223,0.0,0.0,0.0,1.0,0.0,0.16666666666666666,0.0,0.0,0.0,1.0,0.0,True,0.6596638655462185,0.9415292353823088,0.0006664160486654591,0.9999196329107669,72.95239216760372,0.1,0.9952076677316294,0.07142857142857142,1.0,0.0,0.6666666666666666,1.0,1.0,0.5,1.0,0.0,True,0.6596638655462185,0.9415292353823088,0.0006664160486654591,0.9999174351487293,72.95239216760372,0.1,0.9952076677316294,0.07142857142857142,1.0,0.0,0.6666666666666666,1.0,1.0,0.5,1.0,0.0,True,0.6838235294117647,0.5415973377703827,0.009415262636273538,0.9995423586214216,1030.6863611371705,1.0,1.0,0.7142857142857143,1.0,0.006688963210702341,0.8333333333333334,1.0,1.0,0.5,1.0,1.0,HistGB,fleet,40000,20000,14.77,B_fleet_size,CIDv2_OpelAstra,FS-B,1,3,CIDv2_Prototype|CIDv2_RenaultClio|CTT_Forester
59474,952,0.016006994653125734,0.9556641181984568,0.6559445308772595,58526,0.03288579995682486,False,0.0031512605042016808,0.42857142857142855,6.835036396568812e-05,0.9999946355819703,7.482296632574741,0.0,0.0,0.0,1.0,0.0,0.16666666666666666,0.0,0.0,0.0,1.0,0.0,True,0.0031512605042016808,0.13636363636363635,0.00032466422883701857,0.9999922513961792,35.540909004730025,0.0,0.0,0.0,1.0,0.0,0.16666666666666666,0.0,0.0,0.0,1.0,0.0,True,0.6617647058823529,0.8987161198288159,0.001213218960390964,0.9999569654464722,132.81076522820166,0.1,0.9984025559105432,0.07142857142857142,1.0,0.0,0.6666666666666666,1.0,1.0,0.5,1.0,0.0,True,0.6617647058823529,0.8987161198288159,0.001213218960390964,0.9999552965164185,132.81076522820166,0.1,0.9984025559105432,0.07142857142857142,1.0,0.0,0.6666666666666666,1.0,1.0,0.5,1.0,0.0,True,0.6827731092436975,0.526742301458671,0.009979153138990464,0.999567449092865,1092.415308355912,0.9,1.0,0.6428571428571429,1.0,0.010033444816053512,0.8333333333333334,1.0,1.0,0.5,1.0,1.0,XGBoost,fleet,40000,20000,7.36,B_fleet_size,CIDv2_OpelAstra,FS-B,1,3,CIDv2_Prototype|CIDv2_RenaultClio|CTT_Forester
59474,952,0.016006994653125734,0.9933926126754314,0.8048877408928438,58526,0.03288579995682486,False,0.657563025210084,1.0,0.0,375000.00000000006,0.0,0.0,1.0,0.0,0.0,0.0,0.16666666666666666,0.0,1.0,0.0,0.0,0.0,True,0.6607142857142857,0.9782270606531882,0.0002392262738799084,78125.0,26.188038214011595,0.0,1.0,0.0,1.0,0.0,0.3333333333333333,0.0,1.0,0.0,1.0,0.0,True,0.6649159663865546,0.9738461538461538,0.0002904890468541745,31250.0,31.79976068844265,0.0,1.0,0.2857142857142857,1.0,0.0,0.5,0.0,1.0,0.5,1.0,0.0,True,0.6649159663865546,0.9738461538461538,0.0002904890468541745,31250.0,31.79976068844265,0.0,1.0,0.2857142857142857,1.0,0.0,0.5,0.0,1.0,0.5,1.0,0.0,True,0.6649159663865546,0.9738461538461538,0.0002904890468541745,31250.0,31.79976068844265,0.0,1.0,0.2857142857142857,1.0,0.0,0.5,0.0,1.0,0.5,1.0,0.0,Rule:Combined,fleet,40000,20000,0.16,B_fleet_size,CIDv2_OpelAstra,FS-B,1,3,CIDv2_Prototype|CIDv2_RenaultClio|CTT_Forester
59474,952,0.016006994653125734,0.98787759268295,0.7470541196444189,58526,0.03288579995682486,False,0.0010504201680672268,0.25,5.126277297426609e-05,0.9998929620578372,5.611722474431056,0.0,0.0,0.0,0.3333333333333333,0.0,0.16666666666666666,0.0,0.0,0.0,1.0,0.0,True,0.0031512605042016808,0.3,0.0001196131369399542,0.9998420855116977,13.094019107005797,0.0,0.0,0.0,1.0,0.0,0.16666666666666666,0.0,0.0,0.0,1.0,0.0,True,0.6796218487394958,0.9269340974212035,0.0008714671405625235,0.998789227527283,95.39928206532795,0.9,0.9984025559105432,0.7142857142857143,1.0,0.0,0.6666666666666666,1.0,1.0,0.5,1.0,0.0,True,0.6796218487394958,0.9216524216524217,0.0009398175045282117,0.9987170578272522,102.88157869790268,0.9,0.9984025559105432,0.7142857142857143,1.0,0.0,0.6666666666666666,1.0,1.0,0.5,1.0,0.0,True,0.6901260504201681,0.48308823529411765,0.012012576466969687,0.9216209008861116,1315.013633175011,1.0,1.0,0.7142857142857143,1.0,0.026755852842809364,0.8333333333333334,1.0,1.0,0.5,1.0,1.0,HistGB,fleet,40000,20000,10.6,B_fleet_size,CIDv2_OpelAstra,FS-B,0,3,CIDv2_RenaultClio|CTT_Forester|CTT_Traverse
59474,952,0.016006994653125734,0.9779130142539227,0.7466571478054268,58526,0.03288579995682486,False,0.0021008403361344537,0.2857142857142857,8.543795495711015e-05,0.9999661445617677,9.352870790718425,0.0,0.0,0.0,0.6666666666666666,0.0,0.16666666666666666,0.0,0.0,0.0,1.0,0.0,True,0.007352941176470588,0.3684210526315789,0.00020505109189706435,0.9999209642410278,22.446889897724223,0.2,0.0,0.14285714285714285,1.0,0.0,0.5,1.0,0.0,0.5,1.0,0.0,True,0.6754201680672269,0.8955431754874652,0.0012815693243566522,0.9992235898971558,140.29306186077636,0.8,1.0,0.42857142857142855,1.0,0.0,0.6666666666666666,1.0,1.0,0.5,1.0,0.0,True,0.6754201680672269,0.894297635605007,0.0012986569153480743,0.9992075562477112,142.1636360189201,0.8,1.0,0.42857142857142855,1.0,0.0,0.6666666666666666,1.0,1.0,0.5,1.0,0.0,True,0.6922268907563025,0.5011406844106464,0.01120945969037285,0.932592511177063,1227.0966477422576,1.0,1.0,0.7142857142857143,1.0,0.033444816053511704,0.8333333333333334,1.0,1.0,0.5,1.0,1.0,XGBoost,fleet,40000,20000,6.89,B_fleet_size,CIDv2_OpelAstra,FS-B,0,3,CIDv2_RenaultClio|CTT_Forester|CTT_Traverse
59474,952,0.016006994653125734,0.9930437350429732,0.8020157173917012,58526,0.03288579995682486,False,0.657563025210084,1.0,0.0,375000.00000000006,0.0,0.0,1.0,0.0,0.0,0.0,0.16666666666666666,0.0,1.0,0.0,0.0,0.0,True,0.6607142857142857,0.9782270606531882,0.0002392262738799084,78125.0,26.188038214011595,0.0,1.0,0.0,1.0,0.0,0.3333333333333333,0.0,1.0,0.0,1.0,0.0,True,0.6649159663865546,0.9738461538461538,0.0002904890468541745,31250.0,31.79976068844265,0.0,1.0,0.2857142857142857,1.0,0.0,0.5,0.0,1.0,0.5,1.0,0.0,True,0.6649159663865546,0.9738461538461538,0.0002904890468541745,31250.0,31.79976068844265,0.0,1.0,0.2857142857142857,1.0,0.0,0.5,0.0,1.0,0.5,1.0,0.0,True,0.6649159663865546,0.9738461538461538,0.0002904890468541745,31250.0,31.79976068844265,0.0,1.0,0.2857142857142857,1.0,0.0,0.5,0.0,1.0,0.5,1.0,0.0,Rule:Combined,fleet,40000,20000,0.17,B_fleet_size,CIDv2_OpelAstra,FS-B,0,3,CIDv2_RenaultClio|CTT_Forester|CTT_Traverse
59474,952,0.016006994653125734,0.9871594651325553,0.7642903701438883,58526,0.03288579995682486,False,0.0,0.0,0.0,0.9999710730525915,0.0,0.0,0.0,0.0,0.0,0.0,0.0,0.0,0.0,0.0,0.0,0.0,True,0.0,0.0,0.0,0.9999710730525914,0.0,0.0,0.0,0.0,0.0,0.0,0.0,0.0,0.0,0.0,0.0,0.0,True,0.680672268907563,0.8804347826086957,0.0015037080072451386,0.9993839344395318,164.61052591664432,0.9,1.0,0.7142857142857143,1.0,0.0,0.6666666666666666,1.0,1.0,0.5,1.0,0.0,True,0.6817226890756303,0.863031914893617,0.001760021872116469,0.9990473405857168,192.66913828879956,1.0,1.0,0.7142857142857143,1.0,0.0,0.6666666666666666,1.0,1.0,0.5,1.0,0.0,True,0.7962184873949579,0.5152957171991842,0.012183452376883907,0.9624974994403968,1333.7193747564477,1.0,1.0,0.7142857142857143,1.0,0.36454849498327757,0.8333333333333334,1.0,1.0,0.5,1.0,1.0,HistGB,fleet,40000,20000,11.72,B_fleet_size,CIDv2_OpelAstra,FS-B,1,3,CIDv2_RenaultClio|CTT_Forester|CTT_Traverse
59474,952,0.016006994653125734,0.9879033497134886,0.7716961235515453,58526,0.03288579995682486,False,0.0031512605042016808,1.0,0.0,0.999977469444275,0.0,0.0,0.0,0.0,1.0,0.0,0.16666666666666666,0.0,0.0,0.0,1.0,0.0,True,0.0031512605042016808,1.0,0.0,0.999976634979248,0.0,0.0,0.0,0.0,1.0,0.0,0.16666666666666666,0.0,0.0,0.0,1.0,0.0,True,0.6775210084033614,0.8787465940054496,0.0015207955982365607,0.9989963173866272,166.481100074788,0.7,1.0,0.6428571428571429,1.0,0.0,0.6666666666666666,1.0,1.0,0.5,1.0,0.0,True,0.6785714285714286,0.8717948717948718,0.0016233211441850927,0.9987792372703552,177.7045450236501,0.8,1.0,0.6428571428571429,1.0,0.0,0.6666666666666666,1.0,1.0,0.5,1.0,0.0,True,0.7216386554621849,0.48142957252978275,0.012644817333652301,0.9075059294700623,1384.2248770263268,1.0,1.0,0.7142857142857143,1.0,0.12709030100334448,0.8333333333333334,1.0,1.0,0.5,1.0,1.0,XGBoost,fleet,40000,20000,5.27,B_fleet_size,CIDv2_OpelAstra,FS-B,1,3,CIDv2_RenaultClio|CTT_Forester|CTT_Traverse
59474,952,0.016006994653125734,0.993046499212104,0.802015796083789,58526,0.03288579995682486,False,0.657563025210084,1.0,0.0,375000.00000000006,0.0,0.0,1.0,0.0,0.0,0.0,0.16666666666666666,0.0,1.0,0.0,0.0,0.0,True,0.6607142857142857,0.9782270606531882,0.0002392262738799084,78125.0,26.188038214011595,0.0,1.0,0.0,1.0,0.0,0.3333333333333333,0.0,1.0,0.0,1.0,0.0,True,0.6649159663865546,0.9738461538461538,0.0002904890468541745,31250.0,31.79976068844265,0.0,1.0,0.2857142857142857,1.0,0.0,0.5,0.0,1.0,0.5,1.0,0.0,True,0.6649159663865546,0.9738461538461538,0.0002904890468541745,31250.0,31.79976068844265,0.0,1.0,0.2857142857142857,1.0,0.0,0.5,0.0,1.0,0.5,1.0,0.0,True,0.6649159663865546,0.9738461538461538,0.0002904890468541745,31250.0,31.79976068844265,0.0,1.0,0.2857142857142857,1.0,0.0,0.5,0.0,1.0,0.5,1.0,0.0,Rule:Combined,fleet,40000,20000,0.18,B_fleet_size,CIDv2_OpelAstra,FS-B,1,3,CIDv2_RenaultClio|CTT_Forester|CTT_Traverse
59474,952,0.016006994653125734,0.8638763551967386,0.2944805672519619,58526,0.03288579995682486,False,0.009453781512605041,0.9,1.708759099142203e-05,0.9998032526566699,1.8705741581436852,0.5,0.0,0.07142857142857142,1.0,0.0,0.5,1.0,0.0,0.5,1.0,0.0,True,0.017857142857142856,0.6538461538461539,0.00015378831892279827,0.9989200124058495,16.835167423293168,0.7,0.001597444089456869,0.42857142857142855,1.0,0.0,0.6666666666666666,1.0,1.0,0.5,1.0,0.0,True,0.02415966386554622,0.32857142857142857,0.0008031167765968353,0.9935443852797455,87.91698543275321,0.9,0.003194888178913738,0.6428571428571429,1.0,0.0,0.6666666666666666,1.0,1.0,0.5,1.0,0.0,True,0.02415966386554622,0.30666666666666664,0.0008885547315539455,0.9923859819151583,97.26985622347162,0.9,0.003194888178913738,0.6428571428571429,1.0,0.0,0.6666666666666666,1.0,1.0,0.5,1.0,0.0,True,0.03046218487394958,0.0441400304414003,0.010731007142613035,0.7471017879962664,1174.7205713142343,1.0,0.003194888178913738,0.7142857142857143,1.0,0.013377926421404682,0.8333333333333334,1.0,1.0,0.5,1.0,1.0,HistGB,fleet,40000,20000,19.63,B_fleet_size,CIDv2_OpelAstra,FS-B,0,3,CTT_Forester|CTT_Traverse|ROAD_ORNL
59474,952,0.016006994653125734,0.8946490424200164,0.4164648131509954,58526,0.03288579995682486,False,0.009453781512605041,0.6428571428571429,8.543795495711015e-05,0.9995329380035402,9.352870790718425,0.4,0.0,0.14285714285714285,1.0,0.0,0.5,1.0,0.0,0.5,1.0,0.0,True,0.012605042016806723,0.6,0.00013670072793137624,0.9989469647407532,14.964593265149482,0.4,0.0,0.35714285714285715,1.0,0.0,0.5,1.0,0.0,0.5,1.0,0.0,True,0.018907563025210083,0.2857142857142857,0.0007689415946139913,0.9960599541664124,84.17583711646583,0.7,0.001597444089456869,0.5,1.0,0.0,0.6666666666666666,1.0,1.0,0.5,1.0,0.0,True,0.01995798319327731,0.2714285714285714,0.0008714671405625235,0.9957083463668823,95.39928206532795,0.7,0.001597444089456869,0.5714285714285714,1.0,0.0,0.6666666666666666,1.0,1.0,0.5,1.0,0.0,True,0.6848739495798319,0.5279352226720648,0.009962065547999043,0.833949863910675,1090.5447341977683,1.0,1.0,0.7142857142857143,1.0,0.010033444816053512,0.8333333333333334,1.0,1.0,0.5,1.0,1.0,XGBoost,fleet,40000,20000,6.92,B_fleet_size,CIDv2_OpelAstra,FS-B,0,3,CTT_Forester|CTT_Traverse|ROAD_ORNL
59474,952,0.016006994653125734,0.9994108729921003,0.9827532979991697,58526,0.03288579995682486,False,0.6649159663865546,1.0,0.0,15625.000000000002,0.0,0.0,1.0,0.2857142857142857,1.0,0.0,0.5,0.0,1.0,0.5,1.0,0.0,True,0.6649159663865546,1.0,0.0,15625.000000000002,0.0,0.0,1.0,0.2857142857142857,1.0,0.0,0.5,0.0,1.0,0.5,1.0,0.0,True,0.6649159663865546,1.0,0.0,15625.000000000002,0.0,0.0,1.0,0.2857142857142857,1.0,0.0,0.5,0.0,1.0,0.5,1.0,0.0,True,0.6649159663865546,1.0,0.0,15625.000000000002,0.0,0.0,1.0,0.2857142857142857,1.0,0.0,0.5,0.0,1.0,0.5,1.0,0.0,True,0.9989495798319328,0.6211626387981711,0.009910802775024777,8.079439986448039,1084.9330117233374,1.0,1.0,1.0,1.0,0.9966555183946488,1.0,1.0,1.0,1.0,1.0,1.0,Rule:Combined,fleet,40000,20000,0.16,B_fleet_size,CIDv2_OpelAstra,FS-B,0,3,CTT_Forester|CTT_Traverse|ROAD_ORNL
59474,952,0.016006994653125734,0.8281902496482685,0.376725120454804,58526,0.03288579995682486,False,0.02100840336134454,0.9090909090909091,3.417518198284406e-05,0.9986192239709876,3.7411483162873704,0.8,0.001597444089456869,0.5714285714285714,1.0,0.0,0.6666666666666666,1.0,1.0,0.5,1.0,0.0,True,0.025210084033613446,0.8,0.00010252554594853218,0.9934364010554302,11.223444948862111,0.9,0.003194888178913738,0.7142857142857143,1.0,0.0,0.6666666666666666,1.0,1.0,0.5,1.0,0.0,True,0.026260504201680673,0.35714285714285715,0.0007689415946139913,0.9553811794048169,84.17583711646583,1.0,0.003194888178913738,0.7142857142857143,1.0,0.0,0.6666666666666666,1.0,1.0,0.5,1.0,0.0,True,0.026260504201680673,0.30120481927710846,0.0009910802775024777,0.9447941427415747,108.49330117233373,1.0,0.003194888178913738,0.7142857142857143,1.0,0.0,0.6666666666666666,1.0,1.0,0.5,1.0,0.0,True,0.028361344537815126,0.04376012965964344,0.010081678684938998,0.6271216753312712,1103.6387533047744,1.0,0.003194888178913738,0.7142857142857143,1.0,0.006688963210702341,0.8333333333333334,1.0,1.0,0.5,1.0,1.0,HistGB,fleet,40000,20000,18.62,B_fleet_size,CIDv2_OpelAstra,FS-B,1,3,CTT_Forester|CTT_Traverse|ROAD_ORNL
59474,952,0.016006994653125734,0.8618704120177172,0.4657208783098975,58526,0.03288579995682486,False,0.01680672268907563,0.8,6.835036396568812e-05,0.9982012510299684,7.482296632574741,0.6,0.001597444089456869,0.42857142857142855,1.0,0.0,0.6666666666666666,1.0,1.0,0.5,1.0,0.0,True,0.022058823529411766,0.7,0.00015378831892279827,0.9951796531677246,16.835167423293168,0.8,0.001597444089456869,0.6428571428571429,1.0,0.0,0.6666666666666666,1.0,1.0,0.5,1.0,0.0,True,0.02415966386554622,0.3770491803278688,0.0006493284576740371,0.9811354279518127,71.08181800946005,0.9,0.001597444089456869,0.7142857142857143,1.0,0.0,0.6666666666666666,1.0,1.0,0.5,1.0,0.0,True,0.02415966386554622,0.3333333333333333,0.0007860291856054134,0.9775736927986145,86.04641127460951,0.9,0.001597444089456869,0.7142857142857143,1.0,0.0,0.6666666666666666,1.0,1.0,0.5,1.0,0.0,True,0.6817226890756303,0.5134493670886076,0.010508868459724548,0.7013615965843201,1150.4031072583664,1.0,1.0,0.7142857142857143,1.0,0.0,0.6666666666666666,1.0,1.0,0.5,1.0,0.0,XGBoost,fleet,40000,20000,8.17,B_fleet_size,CIDv2_OpelAstra,FS-B,1,3,CTT_Forester|CTT_Traverse|ROAD_ORNL
59474,952,0.016006994653125734,0.9994221630075768,0.9827546976285265,58526,0.03288579995682486,False,0.6649159663865546,1.0,0.0,15625.000000000002,0.0,0.0,1.0,0.2857142857142857,1.0,0.0,0.5,0.0,1.0,0.5,1.0,0.0,True,0.6649159663865546,1.0,0.0,15625.000000000002,0.0,0.0,1.0,0.2857142857142857,1.0,0.0,0.5,0.0,1.0,0.5,1.0,0.0,True,0.6649159663865546,1.0,0.0,15625.000000000002,0.0,0.0,1.0,0.2857142857142857,1.0,0.0,0.5,0.0,1.0,0.5,1.0,0.0,True,0.6649159663865546,1.0,0.0,15625.000000000002,0.0,0.0,1.0,0.2857142857142857,1.0,0.0,0.5,0.0,1.0,0.5,1.0,0.0,True,0.9989495798319328,0.6211626387981711,0.009910802775024777,8.164124079889772,1084.9330117233374,1.0,1.0,1.0,1.0,0.9966555183946488,1.0,1.0,1.0,1.0,1.0,1.0,Rule:Combined,fleet,40000,20000,0.15,B_fleet_size,CIDv2_OpelAstra,FS-B,1,3,CTT_Forester|CTT_Traverse|ROAD_ORNL
59474,952,0.016006994653125734,0.8474066637009885,0.6849239849373554,58526,0.03288579995682486,False,0.6796218487394958,0.9892966360856269,0.0001196131369399542,0.9997894012798323,13.094019107005797,0.9,0.9984025559105432,0.7142857142857143,1.0,0.0,0.6666666666666666,1.0,1.0,0.5,1.0,0.0,True,0.680672268907563,0.9788519637462235,0.0002392262738799084,0.9995052298927933,26.188038214011595,1.0,0.9984025559105432,0.7142857142857143,1.0,0.0,0.6666666666666666,1.0,1.0,0.5,1.0,0.0,True,0.6817226890756303,0.9127988748241913,0.0010594306414681658,0.9957477902657863,115.97559780490849,1.0,1.0,0.7142857142857143,1.0,0.0,0.6666666666666666,1.0,1.0,0.5,1.0,0.0,True,0.6817226890756303,0.9127988748241913,0.0010594306414681658,0.9956538429200383,115.97559780490849,1.0,1.0,0.7142857142857143,1.0,0.0,0.6666666666666666,1.0,1.0,0.5,1.0,0.0,True,0.6817226890756303,0.48288690476190477,0.01187587573903831,0.3104659186563359,1300.0490399098612,1.0,1.0,0.7142857142857143,1.0,0.0,0.6666666666666666,1.0,1.0,0.5,1.0,0.0,HistGB,fleet,40000,20000,10.34,B_fleet_size,CIDv2_OpelAstra,FS-B,0,3,CTT_Impala|CTT_Silverado|CTT_Traverse
59474,952,0.016006994653125734,0.8580904735531477,0.6857603312210647,58526,0.03288579995682486,False,0.0031512605042016808,0.3333333333333333,0.00010252554594853218,0.9999203681945802,11.223444948862111,0.0,0.0,0.0,1.0,0.0,0.16666666666666666,0.0,0.0,0.0,1.0,0.0,True,0.6628151260504201,0.9707692307692307,0.00032466422883701857,0.9997642636299133,35.540909004730025,0.2,0.9968051118210862,0.14285714285714285,1.0,0.0,0.6666666666666666,1.0,1.0,0.5,1.0,0.0,True,0.6796218487394958,0.8986111111111111,0.001247394142373808,0.997795820236206,136.551913544489,0.8,1.0,0.7142857142857143,1.0,0.0,0.6666666666666666,1.0,1.0,0.5,1.0,0.0,True,0.6817226890756303,0.8902606310013718,0.0013670072793137624,0.9969471096992493,149.6459326514948,1.0,1.0,0.7142857142857143,1.0,0.0,0.6666666666666666,1.0,1.0,0.5,1.0,0.0,True,0.6827731092436975,0.45871559633027525,0.013106182290420697,0.27521973848342896,1434.7303792962066,1.0,1.0,0.7142857142857143,1.0,0.0033444816053511705,0.8333333333333334,1.0,1.0,0.5,1.0,1.0,XGBoost,fleet,40000,20000,5.99,B_fleet_size,CIDv2_OpelAstra,FS-B,0,3,CTT_Impala|CTT_Silverado|CTT_Traverse
59474,952,0.016006994653125734,0.9935788171596174,0.804899889314773,58526,0.03288579995682486,False,0.657563025210084,1.0,0.0,375000.00000000006,0.0,0.0,1.0,0.0,0.0,0.0,0.16666666666666666,0.0,1.0,0.0,0.0,0.0,True,0.6607142857142857,0.9782270606531882,0.0002392262738799084,78125.0,26.188038214011595,0.0,1.0,0.0,1.0,0.0,0.3333333333333333,0.0,1.0,0.0,1.0,0.0,True,0.6649159663865546,0.9738461538461538,0.0002904890468541745,31250.0,31.79976068844265,0.0,1.0,0.2857142857142857,1.0,0.0,0.5,0.0,1.0,0.5,1.0,0.0,True,0.6649159663865546,0.9738461538461538,0.0002904890468541745,31250.0,31.79976068844265,0.0,1.0,0.2857142857142857,1.0,0.0,0.5,0.0,1.0,0.5,1.0,0.0,True,0.6649159663865546,0.9738461538461538,0.0002904890468541745,31250.0,31.79976068844265,0.0,1.0,0.2857142857142857,1.0,0.0,0.5,0.0,1.0,0.5,1.0,0.0,Rule:Combined,fleet,40000,20000,0.15,B_fleet_size,CIDv2_OpelAstra,FS-B,0,3,CTT_Impala|CTT_Silverado|CTT_Traverse
59474,952,0.016006994653125734,0.8432081959266056,0.689795208999143,58526,0.03288579995682486,False,0.6796218487394958,0.9908116385911179,0.00010252554594853218,0.9996619511161231,11.223444948862111,1.0,0.9968051118210862,0.7142857142857143,1.0,0.0,0.6666666666666666,1.0,1.0,0.5,1.0,0.0,True,0.6796218487394958,0.9908116385911179,0.00010252554594853218,0.999661951116123,11.223444948862111,1.0,0.9968051118210862,0.7142857142857143,1.0,0.0,0.6666666666666666,1.0,1.0,0.5,1.0,0.0,True,0.680672268907563,0.9191489361702128,0.0009739926865110557,0.9959548662185744,106.62272701419006,1.0,0.9984025559105432,0.7142857142857143,1.0,0.0,0.6666666666666666,1.0,1.0,0.5,1.0,0.0,True,0.680672268907563,0.9113924050632911,0.0010765182324595879,0.9950897072632534,117.84617196305217,1.0,0.9984025559105432,0.7142857142857143,1.0,0.0,0.6666666666666666,1.0,1.0,0.5,1.0,0.0,True,0.6880252100840336,0.45017182130584193,0.013670072793137623,0.7082530485334367,1496.4593265149483,1.0,1.0,0.7142857142857143,1.0,0.020066889632107024,0.8333333333333334,1.0,1.0,0.5,1.0,1.0,HistGB,fleet,40000,20000,9.18,B_fleet_size,CIDv2_OpelAstra,FS-B,1,3,CTT_Impala|CTT_Silverado|CTT_Traverse
59474,952,0.016006994653125734,0.852148030446928,0.661372742464462,58526,0.03288579995682486,False,0.0031512605042016808,0.75,1.708759099142203e-05,0.9999849796295167,1.8705741581436852,0.0,0.0,0.0,1.0,0.0,0.16666666666666666,0.0,0.0,0.0,1.0,0.0,True,0.0031512605042016808,0.3,0.0001196131369399542,0.9999605417251587,13.094019107005797,0.0,0.0,0.0,1.0,0.0,0.16666666666666666,0.0,0.0,0.0,1.0,0.0,True,0.6722689075630253,0.9329446064139941,0.0007860291856054134,0.9991036057472229,86.04641127460951,0.6,1.0,0.35714285714285715,1.0,0.0,0.6666666666666666,1.0,1.0,0.5,1.0,0.0,True,0.6775210084033614,0.9020979020979021,0.001196131369399542,0.9981042146682739,130.94019107005798,0.7,1.0,0.6428571428571429,1.0,0.0,0.6666666666666666,1.0,1.0,0.5,1.0,0.0,True,0.6848739495798319,0.4515235457063712,0.013533372065206247,0.4405885636806488,1481.4947332497984,1.0,1.0,0.7142857142857143,1.0,0.010033444816053512,0.8333333333333334,1.0,1.0,0.5,1.0,1.0,XGBoost,fleet,40000,20000,4.97,B_fleet_size,CIDv2_OpelAstra,FS-B,1,3,CTT_Impala|CTT_Silverado|CTT_Traverse
59474,952,0.016006994653125734,0.9935817069727997,0.8049001594875995,58526,0.03288579995682486,False,0.657563025210084,1.0,0.0,375000.00000000006,0.0,0.0,1.0,0.0,0.0,0.0,0.16666666666666666,0.0,1.0,0.0,0.0,0.0,True,0.6607142857142857,0.9782270606531882,0.0002392262738799084,78125.0,26.188038214011595,0.0,1.0,0.0,1.0,0.0,0.3333333333333333,0.0,1.0,0.0,1.0,0.0,True,0.6649159663865546,0.9738461538461538,0.0002904890468541745,31250.0,31.79976068844265,0.0,1.0,0.2857142857142857,1.0,0.0,0.5,0.0,1.0,0.5,1.0,0.0,True,0.6649159663865546,0.9738461538461538,0.0002904890468541745,31250.0,31.79976068844265,0.0,1.0,0.2857142857142857,1.0,0.0,0.5,0.0,1.0,0.5,1.0,0.0,True,0.6649159663865546,0.9738461538461538,0.0002904890468541745,31250.0,31.79976068844265,0.0,1.0,0.2857142857142857,1.0,0.0,0.5,0.0,1.0,0.5,1.0,0.0,Rule:Combined,fleet,40000,20000,0.17,B_fleet_size,CIDv2_OpelAstra,FS-B,1,3,CTT_Impala|CTT_Silverado|CTT_Traverse
59474,952,0.016006994653125734,0.8715561145000702,0.37003756734610405,58526,0.03288579995682486,False,0.0031512605042016808,1.0,0.0,0.9998778369715444,0.0,0.0,0.0,0.0,1.0,0.0,0.16666666666666666,0.0,0.0,0.0,1.0,0.0,True,0.014705882352941176,0.9333333333333333,1.708759099142203e-05,0.9996004515041064,1.8705741581436852,0.5,0.001597444089456869,0.35714285714285715,1.0,0.0,0.6666666666666666,1.0,1.0,0.5,1.0,0.0,True,0.026260504201680673,0.30864197530864196,0.0009569050955196336,0.9937598087248054,104.75215285604638,1.0,0.003194888178913738,0.7142857142857143,1.0,0.0,0.6666666666666666,1.0,1.0,0.5,1.0,0.0,True,0.026260504201680673,0.2840909090909091,0.0010765182324595879,0.9918630523988355,117.84617196305217,1.0,0.003194888178913738,0.7142857142857143,1.0,0.0,0.6666666666666666,1.0,1.0,0.5,1.0,0.0,True,0.6848739495798319,0.49544072948328266,0.011346160418304227,0.5631385912886139,1242.061241007407,1.0,1.0,0.7142857142857143,1.0,0.010033444816053512,0.8333333333333334,1.0,1.0,0.5,1.0,1.0,HistGB,fleet,40000,20000,20.8,B_fleet_size,CIDv2_OpelAstra,FS-B,0,3,CTT_Impala|CTT_Traverse|ROAD_ORNL
59474,952,0.016006994653125734,0.9010830499282177,0.47196375967364823,58526,0.03288579995682486,False,0.004201680672268907,0.5714285714285714,5.126277297426609e-05,0.9998539686203004,5.611722474431056,0.1,0.0,0.0,1.0,0.0,0.3333333333333333,1.0,0.0,0.0,1.0,0.0,True,0.01050420168067227,0.5882352941176471,0.0001196131369399542,0.999301552772522,13.094019107005797,0.6,0.0,0.07142857142857142,1.0,0.0,0.5,1.0,0.0,0.5,1.0,0.0,True,0.01995798319327731,0.3584905660377358,0.000580978093708349,0.995185911655426,63.5995213768853,0.6,0.001597444089456869,0.6428571428571429,1.0,0.0,0.6666666666666666,1.0,1.0,0.5,1.0,0.0,True,0.023109243697478993,0.2716049382716049,0.0010081678684938998,0.9924495220184326,110.36387533047744,0.8,0.001597444089456869,0.7142857142857143,1.0,0.0,0.6666666666666666,1.0,1.0,0.5,1.0,0.0,True,0.6838235294117647,0.4765739385065886,0.012217627558866751,0.4306342601776123,1337.460523072735,1.0,1.0,0.7142857142857143,1.0,0.006688963210702341,0.8333333333333334,1.0,1.0,0.5,1.0,1.0,XGBoost,fleet,40000,20000,8.54,B_fleet_size,CIDv2_OpelAstra,FS-B,0,3,CTT_Impala|CTT_Traverse|ROAD_ORNL
59474,952,0.016006994653125734,0.9995576431932944,0.9984110540512516,58526,0.03288579995682486,False,0.8382352941176471,1.0,0.0,3356.2563087351377,0.0,1.0,1.0,1.0,0.0,0.49498327759197325,0.8333333333333334,1.0,1.0,1.0,0.0,1.0,True,0.9947478991596639,1.0,0.0,33.81464016263364,0.0,1.0,1.0,1.0,0.0,0.9933110367892977,0.8333333333333334,1.0,1.0,1.0,0.0,1.0,True,0.9957983193277311,0.92578125,0.0012986569153480743,14.29517586416538,142.1636360189201,1.0,1.0,1.0,0.0,0.9966555183946488,0.8333333333333334,1.0,1.0,1.0,0.0,1.0,True,0.9957983193277311,0.9221789883268483,0.0013670072793137624,14.048882167512742,149.6459326514948,1.0,1.0,1.0,0.0,0.9966555183946488,0.8333333333333334,1.0,1.0,1.0,0.0,1.0,True,0.9989495798319328,0.6034263959390863,0.010679744369638769,6.533645467538101,1169.1088488398034,1.0,1.0,1.0,1.0,0.9966555183946488,1.0,1.0,1.0,1.0,1.0,1.0,Rule:Combined,fleet,40000,20000,0.16,B_fleet_size,CIDv2_OpelAstra,FS-B,0,3,CTT_Impala|CTT_Traverse|ROAD_ORNL
59474,952,0.016006994653125734,0.8348929469604047,0.32627735321399,58526,0.03288579995682486,False,0.008403361344537815,0.8888888888888888,1.708759099142203e-05,0.9997048243327836,1.8705741581436852,0.4,0.0,0.07142857142857142,1.0,0.0,0.5,1.0,0.0,0.5,1.0,0.0,True,0.02100840336134454,0.8,8.543795495711015e-05,0.9991983988600913,9.352870790718425,0.9,0.001597444089456869,0.5,1.0,0.0,0.6666666666666666,1.0,1.0,0.5,1.0,0.0,True,0.026260504201680673,0.2976190476190476,0.0010081678684938998,0.993329626533188,110.36387533047744,1.0,0.003194888178913738,0.7142857142857143,1.0,0.0,0.6666666666666666,1.0,1.0,0.5,1.0,0.0,True,0.026260504201680673,0.2717391304347826,0.001144868596425276,0.9924260526850441,125.3284685956269,1.0,0.003194888178913738,0.7142857142857143,1.0,0.0,0.6666666666666666,1.0,1.0,0.5,1.0,0.0,True,0.03046218487394958,0.04190751445086705,0.011329072827312806,0.6941684565101174,1240.1906668492634,1.0,0.003194888178913738,0.7142857142857143,1.0,0.013377926421404682,0.8333333333333334,1.0,1.0,0.5,1.0,1.0,HistGB,fleet,40000,20000,25.84,B_fleet_size,CIDv2_OpelAstra,FS-B,1,3,CTT_Impala|CTT_Traverse|ROAD_ORNL
59474,952,0.016006994653125734,0.8564476955301447,0.3801655099578623,58526,0.03288579995682486,False,0.005252100840336135,0.7142857142857143,3.417518198284406e-05,0.999755084514618,3.7411483162873704,0.1,0.0,0.07142857142857142,1.0,0.0,0.5,1.0,0.0,0.5,1.0,0.0,True,0.007352941176470588,0.7,5.126277297426609e-05,0.9994966983795166,5.611722474431056,0.3,0.0,0.07142857142857142,1.0,0.0,0.5,1.0,0.0,0.5,1.0,0.0,True,0.01995798319327731,0.25333333333333335,0.0009569050955196336,0.9923071265220642,104.75215285604638,0.6,0.001597444089456869,0.6428571428571429,1.0,0.0,0.6666666666666666,1.0,1.0,0.5,1.0,0.0,True,0.01995798319327731,0.25,0.0009739926865110557,0.9922429919242859,106.62272701419006,0.6,0.001597444089456869,0.6428571428571429,1.0,0.0,0.6666666666666666,1.0,1.0,0.5,1.0,0.0,True,0.6848739495798319,0.48875562218890556,0.011653737056149823,0.7019182443618774,1275.7315758539933,1.0,1.0,0.7142857142857143,1.0,0.010033444816053512,0.8333333333333334,1.0,1.0,0.5,1.0,1.0,XGBoost,fleet,40000,20000,6.77,B_fleet_size,CIDv2_OpelAstra,FS-B,1,3,CTT_Impala|CTT_Traverse|ROAD_ORNL
59474,952,0.016006994653125734,0.9995627587011018,0.9984271631905258,58526,0.03288579995682486,False,0.8382352941176471,1.0,0.0,3314.6687233119073,0.0,1.0,1.0,1.0,0.0,0.49498327759197325,0.8333333333333334,1.0,1.0,1.0,0.0,1.0,True,0.9947478991596639,1.0,0.0,33.386249674962556,0.0,1.0,1.0,1.0,0.0,0.9933110367892977,0.8333333333333334,1.0,1.0,1.0,0.0,1.0,True,0.9957983193277311,0.92578125,0.0012986569153480743,14.108598143612234,142.1636360189201,1.0,1.0,1.0,0.0,0.9966555183946488,0.8333333333333334,1.0,1.0,1.0,0.0,1.0,True,0.9957983193277311,0.9221789883268483,0.0013670072793137624,13.865355604481167,149.6459326514948,1.0,1.0,1.0,0.0,0.9966555183946488,0.8333333333333334,1.0,1.0,1.0,0.0,1.0,True,0.9989495798319328,0.6030437539632213,0.01069683196063019,6.4432198295206256,1170.9794229979468,1.0,1.0,1.0,1.0,0.9966555183946488,1.0,1.0,1.0,1.0,1.0,1.0,Rule:Combined,fleet,40000,20000,0.19,B_fleet_size,CIDv2_OpelAstra,FS-B,1,3,CTT_Impala|CTT_Traverse|ROAD_ORNL
59474,952,0.016006994653125734,0.9932499169313328,0.8824159541765153,58526,0.03288579995682486,False,0.0,0.0,0.0,0.9998573083766277,0.0,0.0,0.0,0.0,0.0,0.0,0.0,0.0,0.0,0.0,0.0,0.0,True,0.0,0.0,0.0,0.9998573083766276,0.0,0.0,0.0,0.0,0.0,0.0,0.0,0.0,0.0,0.0,0.0,0.0,True,0.6817226890756303,0.9392185238784371,0.0007176788216397252,0.9986892399418931,78.56411464203478,1.0,1.0,0.7142857142857143,1.0,0.0,0.6666666666666666,1.0,1.0,0.5,1.0,0.0,True,0.6817226890756303,0.9378612716763006,0.0007347664126311472,0.9985408605265763,80.43468880017845,1.0,1.0,0.7142857142857143,1.0,0.0,0.6666666666666666,1.0,1.0,0.5,1.0,0.0,True,0.9453781512605042,0.5202312138728323,0.014182700522880284,0.8850270045644552,1552.5765512592586,1.0,1.0,0.7142857142857143,1.0,0.8394648829431438,0.8333333333333334,1.0,1.0,0.5,1.0,1.0,HistGB,fleet,40000,20000,10.42,B_fleet_size,CIDv2_OpelAstra,FS-B,0,4,CIDv2_Prototype|CIDv2_RenaultClio|CTT_Impala|CTT_Traverse
59474,952,0.016006994653125734,0.992017250066699,0.8023269762138143,58526,0.03288579995682486,False,0.0,0.0,0.0,0.9999955892562867,0.0,0.0,0.0,0.0,0.0,0.0,0.0,0.0,0.0,0.0,0.0,0.0,True,0.0,0.0,0.0,0.9999951124191284,0.0,0.0,0.0,0.0,0.0,0.0,0.0,0.0,0.0,0.0,0.0,0.0,True,0.6649159663865546,0.9240875912408759,0.0008885547315539455,0.9998021721839905,97.26985622347162,0.2,1.0,0.14285714285714285,1.0,0.0,0.6666666666666666,1.0,1.0,0.5,1.0,0.0,True,0.6680672268907563,0.9111747851002865,0.0010594306414681658,0.9997357726097107,115.97559780490849,0.3,1.0,0.2857142857142857,1.0,0.0,0.6666666666666666,1.0,1.0,0.5,1.0,0.0,True,0.7741596638655462,0.48013029315960915,0.013635897611154779,0.8991460204124451,1492.7181781986608,1.0,1.0,0.7142857142857143,1.0,0.29431438127090304,0.8333333333333334,1.0,1.0,0.5,1.0,1.0,XGBoost,fleet,40000,20000,5.34,B_fleet_size,CIDv2_OpelAstra,FS-B,0,4,CIDv2_Prototype|CIDv2_RenaultClio|CTT_Impala|CTT_Traverse
59474,952,0.016006994653125734,0.9935141822697433,0.8048946557120659,58526,0.03288579995682486,False,0.657563025210084,1.0,0.0,375000.00000000006,0.0,0.0,1.0,0.0,0.0,0.0,0.16666666666666666,0.0,1.0,0.0,0.0,0.0,True,0.6607142857142857,0.9782270606531882,0.0002392262738799084,78125.0,26.188038214011595,0.0,1.0,0.0,1.0,0.0,0.3333333333333333,0.0,1.0,0.0,1.0,0.0,True,0.6649159663865546,0.9738461538461538,0.0002904890468541745,31250.0,31.79976068844265,0.0,1.0,0.2857142857142857,1.0,0.0,0.5,0.0,1.0,0.5,1.0,0.0,True,0.6649159663865546,0.9738461538461538,0.0002904890468541745,31250.0,31.79976068844265,0.0,1.0,0.2857142857142857,1.0,0.0,0.5,0.0,1.0,0.5,1.0,0.0,True,0.6649159663865546,0.9738461538461538,0.0002904890468541745,31250.0,31.79976068844265,0.0,1.0,0.2857142857142857,1.0,0.0,0.5,0.0,1.0,0.5,1.0,0.0,Rule:Combined,fleet,40000,20000,0.15,B_fleet_size,CIDv2_OpelAstra,FS-B,0,4,CIDv2_Prototype|CIDv2_RenaultClio|CTT_Impala|CTT_Traverse
59474,952,0.016006994653125734,0.994519657765707,0.8648738600438848,58526,0.03288579995682486,False,0.0021008403361344537,0.4,5.126277297426609e-05,0.9999670235059804,5.611722474431056,0.0,0.0,0.0,0.6666666666666666,0.0,0.16666666666666666,0.0,0.0,0.0,1.0,0.0,True,0.0031512605042016808,0.3,0.0001196131369399542,0.9999591914899804,13.094019107005797,0.0,0.0,0.0,1.0,0.0,0.16666666666666666,0.0,0.0,0.0,1.0,0.0,True,0.680672268907563,0.8697986577181208,0.001657496326167937,0.9992492183117528,181.44569333993746,0.9,1.0,0.7142857142857143,1.0,0.0,0.6666666666666666,1.0,1.0,0.5,1.0,0.0,True,0.680672268907563,0.8663101604278075,0.001708759099142203,0.999099628522167,187.05741581436854,0.9,1.0,0.7142857142857143,1.0,0.0,0.6666666666666666,1.0,1.0,0.5,1.0,0.0,True,0.9758403361344538,0.5464705882352942,0.013174532654386385,0.6074654156327383,1442.2126759287812,1.0,1.0,0.7142857142857143,1.0,0.9364548494983278,0.8333333333333334,1.0,1.0,0.5,1.0,1.0,HistGB,fleet,40000,20000,12.79,B_fleet_size,CIDv2_OpelAstra,FS-B,1,4,CIDv2_Prototype|CIDv2_RenaultClio|CTT_Impala|CTT_Traverse
59474,952,0.016006994653125734,0.9922196626335166,0.8144834459960208,58526,0.03288579995682486,False,0.0031512605042016808,0.6,3.417518198284406e-05,0.9999864101409913,3.7411483162873704,0.0,0.0,0.0,1.0,0.0,0.16666666666666666,0.0,0.0,0.0,1.0,0.0,True,0.0031512605042016808,0.2727272727272727,0.00013670072793137624,0.9999834299087524,14.964593265149482,0.0,0.0,0.0,1.0,0.0,0.16666666666666666,0.0,0.0,0.0,1.0,0.0,True,0.6701680672268907,0.9011299435028248,0.001196131369399542,0.9997239708900452,130.94019107005798,0.4,1.0,0.35714285714285715,1.0,0.0,0.6666666666666666,1.0,1.0,0.5,1.0,0.0,True,0.6733193277310925,0.8977591036414566,0.001247394142373808,0.9996616840362549,136.551913544489,0.5,1.0,0.5,1.0,0.0,0.6666666666666666,1.0,1.0,0.5,1.0,0.0,True,0.8466386554621849,0.5316622691292876,0.01213218960390964,0.7165107727050781,1328.1076522820165,1.0,1.0,0.7142857142857143,1.0,0.5250836120401338,0.8333333333333334,1.0,1.0,0.5,1.0,1.0,XGBoost,fleet,40000,20000,6.11,B_fleet_size,CIDv2_OpelAstra,FS-B,1,4,CIDv2_Prototype|CIDv2_RenaultClio|CTT_Impala|CTT_Traverse
59474,952,0.016006994653125734,0.9934683580892799,0.8048916903420059,58526,0.03288579995682486,False,0.657563025210084,1.0,0.0,375000.00000000006,0.0,0.0,1.0,0.0,0.0,0.0,0.16666666666666666,0.0,1.0,0.0,0.0,0.0,True,0.6607142857142857,0.9782270606531882,0.0002392262738799084,78125.0,26.188038214011595,0.0,1.0,0.0,1.0,0.0,0.3333333333333333,0.0,1.0,0.0,1.0,0.0,True,0.6649159663865546,0.9738461538461538,0.0002904890468541745,31250.0,31.79976068844265,0.0,1.0,0.2857142857142857,1.0,0.0,0.5,0.0,1.0,0.5,1.0,0.0,True,0.6649159663865546,0.9738461538461538,0.0002904890468541745,31250.0,31.79976068844265,0.0,1.0,0.2857142857142857,1.0,0.0,0.5,0.0,1.0,0.5,1.0,0.0,True,0.6649159663865546,0.9738461538461538,0.0002904890468541745,31250.0,31.79976068844265,0.0,1.0,0.2857142857142857,1.0,0.0,0.5,0.0,1.0,0.5,1.0,0.0,Rule:Combined,fleet,40000,20000,0.15,B_fleet_size,CIDv2_OpelAstra,FS-B,1,4,CIDv2_Prototype|CIDv2_RenaultClio|CTT_Impala|CTT_Traverse
59474,952,0.016006994653125734,0.8454237851799754,0.6997386819060222,58526,0.03288579995682486,False,0.6701680672268907,1.0,0.0,0.9993596010769297,0.0,0.6,0.9984025559105432,0.2857142857142857,1.0,0.0,0.6666666666666666,1.0,1.0,0.5,1.0,0.0,True,0.6796218487394958,0.9923312883435583,8.543795495711015e-05,0.9973057398287837,9.352870790718425,0.8,1.0,0.7142857142857143,1.0,0.0,0.6666666666666666,1.0,1.0,0.5,1.0,0.0,True,0.6817226890756303,0.9140845070422535,0.0010423430504767437,0.9782013119220738,114.10502364676478,1.0,1.0,0.7142857142857143,1.0,0.0,0.6666666666666666,1.0,1.0,0.5,1.0,0.0,True,0.6817226890756303,0.9140845070422535,0.0010423430504767437,0.9771001060825611,114.10502364676478,1.0,1.0,0.7142857142857143,1.0,0.0,0.6666666666666666,1.0,1.0,0.5,1.0,0.0,True,0.6848739495798319,0.5428809325562032,0.009381087454290693,0.7750566013317604,1026.945212820883,1.0,1.0,0.7142857142857143,1.0,0.010033444816053512,0.8333333333333334,1.0,1.0,0.5,1.0,1.0,HistGB,fleet,40000,20000,20.48,B_fleet_size,CIDv2_OpelAstra,FS-B,0,4,CIDv2_Prototype|CTT_Forester|CTT_Traverse|ROAD_ORNL
59474,952,0.016006994653125734,0.8726145938365777,0.700062342867543,58526,0.03288579995682486,False,0.667016806722689,0.9937402190923318,6.835036396568812e-05,0.9991704225540162,7.482296632574741,0.5,0.9984025559105432,0.14285714285714285,1.0,0.0,0.6666666666666666,1.0,1.0,0.5,1.0,0.0,True,0.6743697478991597,0.9876923076923076,0.00013670072793137624,0.9972840547561646,14.964593265149482,0.6,0.9984025559105432,0.5714285714285714,1.0,0.0,0.6666666666666666,1.0,1.0,0.5,1.0,0.0,True,0.680672268907563,0.9283667621776505,0.0008543795495711015,0.9880543351173401,93.52870790718427,1.0,1.0,0.6428571428571429,1.0,0.0,0.6666666666666666,1.0,1.0,0.5,1.0,0.0,True,0.680672268907563,0.9126760563380282,0.0010594306414681658,0.986844003200531,115.97559780490849,1.0,1.0,0.6428571428571429,1.0,0.0,0.6666666666666666,1.0,1.0,0.5,1.0,0.0,True,0.6838235294117647,0.4898419864559819,0.011585386692184136,0.5836499929428101,1268.2492792214186,1.0,1.0,0.7142857142857143,1.0,0.006688963210702341,0.8333333333333334,1.0,1.0,0.5,1.0,1.0,XGBoost,fleet,40000,20000,8.32,B_fleet_size,CIDv2_OpelAstra,FS-B,0,4,CIDv2_Prototype|CTT_Forester|CTT_Traverse|ROAD_ORNL
59474,952,0.016006994653125734,0.9994022035525533,0.9827522775704918,58526,0.03288579995682486,False,0.6649159663865546,1.0,0.0,15625.000000000002,0.0,0.0,1.0,0.2857142857142857,1.0,0.0,0.5,0.0,1.0,0.5,1.0,0.0,True,0.6649159663865546,1.0,0.0,15625.000000000002,0.0,0.0,1.0,0.2857142857142857,1.0,0.0,0.5,0.0,1.0,0.5,1.0,0.0,True,0.6649159663865546,1.0,0.0,15625.000000000002,0.0,0.0,1.0,0.2857142857142857,1.0,0.0,0.5,0.0,1.0,0.5,1.0,0.0,True,0.6649159663865546,1.0,0.0,15625.000000000002,0.0,0.0,1.0,0.2857142857142857,1.0,0.0,0.5,0.0,1.0,0.5,1.0,0.0,True,0.9989495798319328,0.6211626387981711,0.009910802775024777,7.961009962448955,1084.9330117233374,1.0,1.0,1.0,1.0,0.9966555183946488,1.0,1.0,1.0,1.0,1.0,1.0,Rule:Combined,fleet,40000,20000,0.17,B_fleet_size,CIDv2_OpelAstra,FS-B,0,4,CIDv2_Prototype|CTT_Forester|CTT_Traverse|ROAD_ORNL
59474,952,0.016006994653125734,0.8584234751622531,0.6981020659743307,58526,0.03288579995682486,False,0.6775210084033614,0.9953703703703703,5.126277297426609e-05,0.9990826213111573,5.611722474431056,0.9,1.0,0.5,1.0,0.0,0.6666666666666666,1.0,1.0,0.5,1.0,0.0,True,0.6796218487394958,0.9832826747720365,0.00018796350090564233,0.997688796967545,20.57631573958054,0.9,1.0,0.6428571428571429,1.0,0.0,0.6666666666666666,1.0,1.0,0.5,1.0,0.0,True,0.6817226890756303,0.9365079365079365,0.0007518540036225693,0.9808477693259668,82.30526295832216,1.0,1.0,0.7142857142857143,1.0,0.0,0.6666666666666666,1.0,1.0,0.5,1.0,0.0,True,0.6817226890756303,0.9311334289813487,0.0008202043675882574,0.9791005089835316,89.78755959089689,1.0,1.0,0.7142857142857143,1.0,0.0,0.6666666666666666,1.0,1.0,0.5,1.0,0.0,True,0.6838235294117647,0.5531011045029737,0.008988072861487987,0.7445335566484867,983.9220071835782,1.0,1.0,0.7142857142857143,1.0,0.006688963210702341,0.8333333333333334,1.0,1.0,0.5,1.0,1.0,HistGB,fleet,40000,20000,18.96,B_fleet_size,CIDv2_OpelAstra,FS-B,1,4,CIDv2_Prototype|CTT_Forester|CTT_Traverse|ROAD_ORNL
59474,952,0.016006994653125734,0.8808503370419628,0.702844832938859,58526,0.03288579995682486,False,0.6680672268907563,1.0,0.0,0.9991189837455751,0.0,0.5,0.9984025559105432,0.21428571428571427,1.0,0.0,0.6666666666666666,1.0,1.0,0.5,1.0,0.0,True,0.6743697478991597,0.9938080495356038,6.835036396568812e-05,0.9982831478118896,7.482296632574741,0.7,0.9984025559105432,0.5,1.0,0.0,0.6666666666666666,1.0,1.0,0.5,1.0,0.0,True,0.680672268907563,0.9191489361702128,0.0009739926865110557,0.9765405058860779,106.62272701419006,0.9,1.0,0.7142857142857143,1.0,0.0,0.6666666666666666,1.0,1.0,0.5,1.0,0.0,True,0.680672268907563,0.8937931034482759,0.0013157445063394964,0.9689921736717224,144.03421017706378,0.9,1.0,0.7142857142857143,1.0,0.0,0.6666666666666666,1.0,1.0,0.5,1.0,0.0,True,0.6859243697478992,0.5157977883096366,0.010474693277741705,0.6100912094116211,1146.661958942079,1.0,1.0,0.7142857142857143,1.0,0.013377926421404682,0.8333333333333334,1.0,1.0,0.5,1.0,1.0,XGBoost,fleet,40000,20000,7.44,B_fleet_size,CIDv2_OpelAstra,FS-B,1,4,CIDv2_Prototype|CTT_Forester|CTT_Traverse|ROAD_ORNL
59474,952,0.016006994653125734,0.9993948982484213,0.9827514518612646,58526,0.03288579995682486,False,0.6649159663865546,1.0,0.0,15625.000000000002,0.0,0.0,1.0,0.2857142857142857,1.0,0.0,0.5,0.0,1.0,0.5,1.0,0.0,True,0.6649159663865546,1.0,0.0,15625.000000000002,0.0,0.0,1.0,0.2857142857142857,1.0,0.0,0.5,0.0,1.0,0.5,1.0,0.0,True,0.6649159663865546,1.0,0.0,15625.000000000002,0.0,0.0,1.0,0.2857142857142857,1.0,0.0,0.5,0.0,1.0,0.5,1.0,0.0,True,0.6649159663865546,1.0,0.0,15625.000000000002,0.0,0.0,1.0,0.2857142857142857,1.0,0.0,0.5,0.0,1.0,0.5,1.0,0.0,True,0.9989495798319328,0.6211626387981711,0.009910802775024777,7.88232603989601,1084.9330117233374,1.0,1.0,1.0,1.0,0.9966555183946488,1.0,1.0,1.0,1.0,1.0,1.0,Rule:Combined,fleet,40000,20000,0.16,B_fleet_size,CIDv2_OpelAstra,FS-B,1,4,CIDv2_Prototype|CTT_Forester|CTT_Traverse|ROAD_ORNL
59474,952,0.016006994653125734,0.9958145094612124,0.9089328622632485,58526,0.03288579995682486,False,0.680672268907563,0.9953917050691244,5.126277297426609e-05,0.9965889226608676,5.611722474431056,0.9,1.0,0.7142857142857143,1.0,0.0,0.6666666666666666,1.0,1.0,0.5,1.0,0.0,True,0.680672268907563,0.9938650306748467,6.835036396568812e-05,0.9929888765665166,7.482296632574741,0.9,1.0,0.7142857142857143,1.0,0.0,0.6666666666666666,1.0,1.0,0.5,1.0,0.0,True,0.6880252100840336,0.9251412429378532,0.0009056423225453676,0.8728250942189647,99.14043038161533,1.0,1.0,0.7142857142857143,1.0,0.020066889632107024,0.8333333333333334,1.0,1.0,0.5,1.0,1.0,True,0.6974789915966386,0.908344733242134,0.001144868596425276,0.837911678550846,125.3284685956269,1.0,1.0,0.7142857142857143,1.0,0.05016722408026756,0.8333333333333334,1.0,1.0,0.5,1.0,1.0,True,0.9495798319327731,0.5912361020274689,0.010679744369638769,0.30655006784569616,1169.1088488398034,1.0,1.0,0.7142857142857143,1.0,0.8528428093645485,0.8333333333333334,1.0,1.0,0.5,1.0,1.0,HistGB,fleet,40000,20000,21.29,B_fleet_size,CIDv2_OpelAstra,FS-B,0,4,CIDv2_RenaultClio|CTT_Forester|CTT_Silverado|ROAD_ORNL
59474,952,0.016006994653125734,0.9955046712304416,0.9053494429744324,58526,0.03288579995682486,False,0.6796218487394958,0.9892966360856269,0.0001196131369399542,0.9733728766441346,13.094019107005797,1.0,0.9984025559105432,0.6428571428571429,1.0,0.0,0.6666666666666666,1.0,1.0,0.5,1.0,0.0,True,0.680672268907563,0.9878048780487805,0.00013670072793137624,0.9636465907096863,14.964593265149482,1.0,0.9984025559105432,0.7142857142857143,1.0,0.0,0.6666666666666666,1.0,1.0,0.5,1.0,0.0,True,0.6911764705882353,0.9413447782546495,0.0007005912306483032,0.849433183670044,76.6935404838911,1.0,1.0,0.7142857142857143,1.0,0.030100334448160536,0.8333333333333334,1.0,1.0,0.5,1.0,1.0,True,0.6932773109243697,0.9335219236209336,0.0008031167765968353,0.828619658946991,87.91698543275321,1.0,1.0,0.7142857142857143,1.0,0.03678929765886288,0.8333333333333334,1.0,1.0,0.5,1.0,1.0,True,0.9296218487394958,0.6272147413182141,0.008988072861487987,0.2772805094718933,983.9220071835782,1.0,1.0,0.7142857142857143,1.0,0.7892976588628763,0.8333333333333334,1.0,1.0,0.5,1.0,1.0,XGBoost,fleet,40000,20000,7.96,B_fleet_size,CIDv2_OpelAstra,FS-B,0,4,CIDv2_RenaultClio|CTT_Forester|CTT_Silverado|ROAD_ORNL
59474,952,0.016006994653125734,0.9995915311888741,0.9980584130576283,58526,0.03288579995682486,False,0.8382352941176471,1.0,0.0,4147.722347272272,0.0,1.0,1.0,1.0,0.0,0.49498327759197325,0.8333333333333334,1.0,1.0,1.0,0.0,1.0,True,0.9947478991596639,1.0,0.0,41.80214030871694,0.0,1.0,1.0,1.0,0.0,0.9933110367892977,0.8333333333333334,1.0,1.0,1.0,0.0,1.0,True,0.9957983193277311,0.9239766081871345,0.0013328320973309182,17.524344881437894,145.90478433520744,1.0,1.0,1.0,0.0,0.9966555183946488,0.8333333333333334,1.0,1.0,1.0,0.0,1.0,True,0.9957983193277311,0.9221789883268483,0.0013670072793137624,17.375337027734457,149.6459326514948,1.0,1.0,1.0,0.0,0.9966555183946488,0.8333333333333334,1.0,1.0,1.0,0.0,1.0,True,0.9989495798319328,0.6022799240025333,0.010731007142613035,8.040412266379464,1174.7205713142343,1.0,1.0,1.0,1.0,0.9966555183946488,1.0,1.0,1.0,1.0,1.0,1.0,Rule:Combined,fleet,40000,20000,0.18,B_fleet_size,CIDv2_OpelAstra,FS-B,0,4,CIDv2_RenaultClio|CTT_Forester|CTT_Silverado|ROAD_ORNL
59474,952,0.016006994653125734,0.9969861940880382,0.9530375727122802,58526,0.03288579995682486,False,0.6743697478991597,0.9938080495356038,6.835036396568812e-05,0.9992412360770818,7.482296632574741,0.6,0.9984025559105432,0.5714285714285714,1.0,0.0,0.6666666666666666,1.0,1.0,0.5,1.0,0.0,True,0.6775210084033614,0.9938366718027735,6.835036396568812e-05,0.9987067623081768,7.482296632574741,0.9,0.9984025559105432,0.5714285714285714,1.0,0.0,0.6666666666666666,1.0,1.0,0.5,1.0,0.0,True,0.8203781512605042,0.9231678486997635,0.0011106934144424318,0.9181017021675973,121.58732027933954,1.0,1.0,0.7142857142857143,1.0,0.4414715719063545,0.8333333333333334,1.0,1.0,0.5,1.0,1.0,True,0.8350840336134454,0.9190751445086706,0.001196131369399542,0.9051595161431275,130.94019107005798,1.0,1.0,0.7142857142857143,1.0,0.4882943143812709,0.8333333333333334,1.0,1.0,0.5,1.0,1.0,True,0.9737394957983193,0.6640401146131805,0.008014080174976932,0.5131133075895703,877.2992801693883,1.0,1.0,0.7142857142857143,1.0,0.9297658862876255,0.8333333333333334,1.0,1.0,0.5,1.0,1.0,HistGB,fleet,40000,20000,19.99,B_fleet_size,CIDv2_OpelAstra,FS-B,1,4,CIDv2_RenaultClio|CTT_Forester|CTT_Silverado|ROAD_ORNL
59474,952,0.016006994653125734,0.9955755344754353,0.9088766840568667,58526,0.03288579995682486,False,0.6743697478991597,0.9922720247295209,8.543795495711015e-05,0.9972574114799501,9.352870790718425,0.6,0.9984025559105432,0.5714285714285714,1.0,0.0,0.6666666666666666,1.0,1.0,0.5,1.0,0.0,True,0.6764705882352942,0.9907692307692307,0.00010252554594853218,0.9931128621101379,11.223444948862111,0.8,0.9984025559105432,0.5714285714285714,1.0,0.0,0.6666666666666666,1.0,1.0,0.5,1.0,0.0,True,0.6838235294117647,0.918194640338505,0.0009910802775024777,0.8758907318115234,108.49330117233373,1.0,1.0,0.7142857142857143,1.0,0.006688963210702341,0.8333333333333334,1.0,1.0,0.5,1.0,1.0,True,0.6859243697478992,0.9107391910739191,0.00109360582345101,0.8656846284866333,119.71674612119585,1.0,1.0,0.7142857142857143,1.0,0.013377926421404682,0.8333333333333334,1.0,1.0,0.5,1.0,1.0,True,0.9422268907563025,0.6325811001410437,0.008902634906530878,0.38340356945991516,974.5691363928602,1.0,1.0,0.7142857142857143,1.0,0.8294314381270903,0.8333333333333334,1.0,1.0,0.5,1.0,1.0,XGBoost,fleet,40000,20000,6.98,B_fleet_size,CIDv2_OpelAstra,FS-B,1,4,CIDv2_RenaultClio|CTT_Forester|CTT_Silverado|ROAD_ORNL
59474,952,0.016006994653125734,0.999589556782352,0.9980141634663144,58526,0.03288579995682486,False,0.8382352941176471,1.0,0.0,4257.0790293876835,0.0,1.0,1.0,1.0,0.0,0.49498327759197325,0.8333333333333334,1.0,1.0,1.0,0.0,1.0,True,0.9947478991596639,1.0,0.0,42.90752390578215,0.0,1.0,1.0,1.0,0.0,0.9933110367892977,0.8333333333333334,1.0,1.0,1.0,0.0,1.0,True,0.9957983193277311,0.9239766081871345,0.0013328320973309182,17.989651717674718,145.90478433520744,1.0,1.0,1.0,0.0,0.9966555183946488,0.8333333333333334,1.0,1.0,1.0,0.0,1.0,True,0.9957983193277311,0.9221789883268483,0.0013670072793137624,17.618287773408476,149.6459326514948,1.0,1.0,1.0,0.0,0.9966555183946488,0.8333333333333334,1.0,1.0,1.0,0.0,1.0,True,0.9989495798319328,0.6022799240025333,0.010731007142613035,8.255678077007332,1174.7205713142343,1.0,1.0,1.0,1.0,0.9966555183946488,1.0,1.0,1.0,1.0,1.0,1.0,Rule:Combined,fleet,40000,20000,0.17,B_fleet_size,CIDv2_OpelAstra,FS-B,1,4,CIDv2_RenaultClio|CTT_Forester|CTT_Silverado|ROAD_ORNL
59474,952,0.016006994653125734,0.996011303944017,0.9414938895482995,58526,0.03288579995682486,False,0.680672268907563,0.9803328290468987,0.00022213868288848638,0.9992603625483086,24.317464055867905,1.0,0.9984025559105432,0.7142857142857143,1.0,0.0,0.6666666666666666,1.0,1.0,0.5,1.0,0.0,True,0.680672268907563,0.972972972972973,0.00030757663784559654,0.9990456163638011,33.670334846586336,1.0,0.9984025559105432,0.7142857142857143,1.0,0.0,0.6666666666666666,1.0,1.0,0.5,1.0,0.0,True,0.6817226890756303,0.9102384291725105,0.00109360582345101,0.9864506869035503,119.71674612119585,1.0,1.0,0.7142857142857143,1.0,0.0,0.6666666666666666,1.0,1.0,0.5,1.0,0.0,True,0.6848739495798319,0.9068150208623088,0.001144868596425276,0.9815841345786155,125.3284685956269,1.0,1.0,0.7142857142857143,1.0,0.010033444816053512,0.8333333333333334,1.0,1.0,0.5,1.0,1.0,True,0.9894957983193278,0.5705632949727438,0.01211510201291822,0.329059607816458,1326.2370781238728,1.0,1.0,0.7142857142857143,1.0,0.979933110367893,0.8333333333333334,1.0,1.0,0.5,1.0,1.0,HistGB,fleet,40000,20000,11.53,B_fleet_size,CIDv2_OpelAstra,FS-B,0,4,CIDv2_RenaultClio|CTT_Impala|CTT_Silverado|CTT_Traverse
59474,952,0.016006994653125734,0.9823190639503812,0.7648489236638929,58526,0.03288579995682486,False,0.657563025210084,0.9984051036682615,1.708759099142203e-05,0.9999431371688844,1.8705741581436852,0.0,0.9952076677316294,0.0,1.0,0.0,0.3333333333333333,0.0,1.0,0.0,1.0,0.0,True,0.657563025210084,0.9984051036682615,1.708759099142203e-05,0.9999431371688844,1.8705741581436852,0.0,0.9952076677316294,0.0,1.0,0.0,0.3333333333333333,0.0,1.0,0.0,1.0,0.0,True,0.6817226890756303,0.903899721448468,0.00117904377840812,0.996377170085907,129.06961691191424,1.0,1.0,0.7142857142857143,1.0,0.0,0.6666666666666666,1.0,1.0,0.5,1.0,0.0,True,0.6817226890756303,0.903899721448468,0.00117904377840812,0.996377170085907,129.06961691191424,1.0,1.0,0.7142857142857143,1.0,0.0,0.6666666666666666,1.0,1.0,0.5,1.0,0.0,True,0.6922268907563025,0.47375988497483823,0.012508116605720926,0.47103458642959595,1369.2602837611776,1.0,1.0,0.7142857142857143,1.0,0.033444816053511704,0.8333333333333334,1.0,1.0,0.5,1.0,1.0,XGBoost,fleet,40000,20000,5.68,B_fleet_size,CIDv2_OpelAstra,FS-B,0,4,CIDv2_RenaultClio|CTT_Impala|CTT_Silverado|CTT_Traverse
59474,952,0.016006994653125734,0.9935802710407836,0.804900024794776,58526,0.03288579995682486,False,0.657563025210084,1.0,0.0,375000.00000000006,0.0,0.0,1.0,0.0,0.0,0.0,0.16666666666666666,0.0,1.0,0.0,0.0,0.0,True,0.6607142857142857,0.9782270606531882,0.0002392262738799084,78125.0,26.188038214011595,0.0,1.0,0.0,1.0,0.0,0.3333333333333333,0.0,1.0,0.0,1.0,0.0,True,0.6649159663865546,0.9738461538461538,0.0002904890468541745,31250.0,31.79976068844265,0.0,1.0,0.2857142857142857,1.0,0.0,0.5,0.0,1.0,0.5,1.0,0.0,True,0.6649159663865546,0.9738461538461538,0.0002904890468541745,31250.0,31.79976068844265,0.0,1.0,0.2857142857142857,1.0,0.0,0.5,0.0,1.0,0.5,1.0,0.0,True,0.6649159663865546,0.9738461538461538,0.0002904890468541745,31250.0,31.79976068844265,0.0,1.0,0.2857142857142857,1.0,0.0,0.5,0.0,1.0,0.5,1.0,0.0,Rule:Combined,fleet,40000,20000,0.17,B_fleet_size,CIDv2_OpelAstra,FS-B,0,4,CIDv2_RenaultClio|CTT_Impala|CTT_Silverado|CTT_Traverse
59474,952,0.016006994653125734,0.9944422789791902,0.9085359705357147,58526,0.03288579995682486,False,0.0,0.0,0.0,0.9999685123936439,0.0,0.0,0.0,0.0,0.0,0.0,0.0,0.0,0.0,0.0,0.0,0.0,True,0.6796218487394958,0.9788199697428139,0.0002392262738799084,0.9999014319302878,26.188038214011595,0.9,0.9984025559105432,0.7142857142857143,1.0,0.0,0.6666666666666666,1.0,1.0,0.5,1.0,0.0,True,0.680672268907563,0.9165487977369166,0.0010081678684938998,0.9961102877290462,110.36387533047744,1.0,0.9984025559105432,0.7142857142857143,1.0,0.0,0.6666666666666666,1.0,1.0,0.5,1.0,0.0,True,0.680672268907563,0.9012517385257302,0.001213218960390964,0.9942324249736558,132.81076522820166,1.0,0.9984025559105432,0.7142857142857143,1.0,0.0,0.6666666666666666,1.0,1.0,0.5,1.0,0.0,True,0.990546218487395,0.5450867052023122,0.013447934110249138,0.47740150885561194,1472.1418624590801,1.0,1.0,0.7142857142857143,1.0,0.9832775919732442,0.8333333333333334,1.0,1.0,0.5,1.0,1.0,HistGB,fleet,40000,20000,13.43,B_fleet_size,CIDv2_OpelAstra,FS-B,1,4,CIDv2_RenaultClio|CTT_Impala|CTT_Silverado|CTT_Traverse
59474,952,0.016006994653125734,0.925578533419451,0.7038431349897765,58526,0.03288579995682486,False,0.0010504201680672268,1.0,0.0,0.9999670982360841,0.0,0.0,0.0,0.0,0.3333333333333333,0.0,0.16666666666666666,0.0,0.0,0.0,1.0,0.0,True,0.6586134453781513,0.990521327014218,0.00010252554594853218,0.9999237060546875,11.223444948862111,0.0,0.9968051118210862,0.0,1.0,0.0,0.3333333333333333,0.0,1.0,0.0,1.0,0.0,True,0.6817226890756303,0.9115168539325843,0.0010765182324595879,0.9963473677635193,117.84617196305217,1.0,1.0,0.7142857142857143,1.0,0.0,0.6666666666666666,1.0,1.0,0.5,1.0,0.0,True,0.6817226890756303,0.9115168539325843,0.0010765182324595879,0.9963245987892151,117.84617196305217,1.0,1.0,0.7142857142857143,1.0,0.0,0.6666666666666666,1.0,1.0,0.5,1.0,0.0,True,0.6869747899159664,0.4668094218415418,0.012764430470592256,0.44129395484924316,1397.3188961333328,1.0,1.0,0.7142857142857143,1.0,0.016722408026755852,0.8333333333333334,1.0,1.0,0.5,1.0,1.0,XGBoost,fleet,40000,20000,5.38,B_fleet_size,CIDv2_OpelAstra,FS-B,1,4,CIDv2_RenaultClio|CTT_Impala|CTT_Silverado|CTT_Traverse
59474,952,0.016006994653125734,0.993579140244321,0.8048999193439409,58526,0.03288579995682486,False,0.657563025210084,1.0,0.0,375000.00000000006,0.0,0.0,1.0,0.0,0.0,0.0,0.16666666666666666,0.0,1.0,0.0,0.0,0.0,True,0.6607142857142857,0.9782270606531882,0.0002392262738799084,78125.0,26.188038214011595,0.0,1.0,0.0,1.0,0.0,0.3333333333333333,0.0,1.0,0.0,1.0,0.0,True,0.6649159663865546,0.9738461538461538,0.0002904890468541745,31250.0,31.79976068844265,0.0,1.0,0.2857142857142857,1.0,0.0,0.5,0.0,1.0,0.5,1.0,0.0,True,0.6649159663865546,0.9738461538461538,0.0002904890468541745,31250.0,31.79976068844265,0.0,1.0,0.2857142857142857,1.0,0.0,0.5,0.0,1.0,0.5,1.0,0.0,True,0.6649159663865546,0.9738461538461538,0.0002904890468541745,31250.0,31.79976068844265,0.0,1.0,0.2857142857142857,1.0,0.0,0.5,0.0,1.0,0.5,1.0,0.0,Rule:Combined,fleet,40000,20000,0.15,B_fleet_size,CIDv2_OpelAstra,FS-B,1,4,CIDv2_RenaultClio|CTT_Impala|CTT_Silverado|CTT_Traverse
59474,952,0.016006994653125734,0.9938755525107414,0.8574524565598932,58526,0.03288579995682486,False,0.0031512605042016808,1.0,0.0,0.9999259052696957,0.0,0.0,0.0,0.0,1.0,0.0,0.16666666666666666,0.0,0.0,0.0,1.0,0.0,True,0.009453781512605041,1.0,0.0,0.9996033104344377,0.0,0.5,0.0,0.07142857142857142,1.0,0.0,0.5,1.0,0.0,0.5,1.0,0.0,True,0.6817226890756303,0.9572271386430679,0.0004955401387512388,0.9947030631545853,54.246650586166865,0.9,1.0,0.7142857142857143,1.0,0.0033444816053511705,0.8333333333333334,1.0,1.0,0.5,1.0,1.0,True,0.6817226890756303,0.9392185238784371,0.0007176788216397252,0.9933671282207178,78.56411464203478,0.9,1.0,0.7142857142857143,1.0,0.0033444816053511705,0.8333333333333334,1.0,1.0,0.5,1.0,1.0,True,0.8287815126050421,0.5721537345902828,0.010081678684938998,0.5644848718492185,1103.6387533047744,1.0,1.0,0.7142857142857143,1.0,0.4682274247491639,0.8333333333333334,1.0,1.0,0.5,1.0,1.0,HistGB,fleet,40000,20000,19.88,B_fleet_size,CIDv2_OpelAstra,FS-B,0,4,CIDv2_RenaultClio|CTT_Impala|CTT_Traverse|ROAD_ORNL
59474,952,0.016006994653125734,0.9904169128093464,0.8089871910902007,58526,0.03288579995682486,False,0.0031512605042016808,1.0,0.0,0.9999103546142579,0.0,0.0,0.0,0.0,1.0,0.0,0.16666666666666666,0.0,0.0,0.0,1.0,0.0,True,0.6638655462184874,0.9921507064364207,8.543795495711015e-05,0.9993638396263123,9.352870790718425,0.4,0.9968051118210862,0.07142857142857142,1.0,0.0,0.6666666666666666,1.0,1.0,0.5,1.0,0.0,True,0.6775210084033614,0.9280575539568345,0.0008543795495711015,0.994208574295044,93.52870790718427,0.9,0.9984025559105432,0.5714285714285714,1.0,0.0,0.6666666666666666,1.0,1.0,0.5,1.0,0.0,True,0.6775210084033614,0.9280575539568345,0.0008543795495711015,0.994208574295044,93.52870790718427,0.9,0.9984025559105432,0.5714285714285714,1.0,0.0,0.6666666666666666,1.0,1.0,0.5,1.0,0.0,True,0.7226890756302521,0.4875974486180014,0.012354328286798126,0.501953125,1352.4251163378842,1.0,1.0,0.7142857142857143,1.0,0.13043478260869565,0.8333333333333334,1.0,1.0,0.5,1.0,1.0,XGBoost,fleet,40000,20000,7.54,B_fleet_size,CIDv2_OpelAstra,FS-B,0,4,CIDv2_RenaultClio|CTT_Impala|CTT_Traverse|ROAD_ORNL
59474,952,0.016006994653125734,0.9995657741583356,0.9983850617680846,58526,0.03288579995682486,False,0.8382352941176471,1.0,0.0,3427.44165552491,0.0,1.0,1.0,1.0,0.0,0.49498327759197325,0.8333333333333334,1.0,1.0,1.0,0.0,1.0,True,0.9947478991596639,1.0,0.0,34.53022531466516,0.0,1.0,1.0,1.0,0.0,0.9933110367892977,0.8333333333333334,1.0,1.0,1.0,0.0,1.0,True,0.9957983193277311,0.92578125,0.0012986569153480743,14.596748021612765,142.1636360189201,1.0,1.0,1.0,0.0,0.9966555183946488,0.8333333333333334,1.0,1.0,1.0,0.0,1.0,True,0.9957983193277311,0.9221789883268483,0.0013670072793137624,14.345230383412831,149.6459326514948,1.0,1.0,1.0,0.0,0.9966555183946488,0.8333333333333334,1.0,1.0,1.0,0.0,1.0,True,0.9989495798319328,0.6022799240025333,0.010731007142613035,6.631351214529885,1174.7205713142343,1.0,1.0,1.0,1.0,0.9966555183946488,1.0,1.0,1.0,1.0,1.0,1.0,Rule:Combined,fleet,40000,20000,0.18,B_fleet_size,CIDv2_OpelAstra,FS-B,0,4,CIDv2_RenaultClio|CTT_Impala|CTT_Traverse|ROAD_ORNL
59474,952,0.016006994653125734,0.9951146002982718,0.898867787444236,58526,0.03288579995682486,False,0.667016806722689,0.9952978056426333,5.126277297426609e-05,0.9995721869273428,5.611722474431056,0.4,0.9984025559105432,0.21428571428571427,1.0,0.0,0.6666666666666666,1.0,1.0,0.5,1.0,0.0,True,0.6785714285714286,0.9923195084485407,8.543795495711015e-05,0.9981514989053328,9.352870790718425,0.8,0.9984025559105432,0.7142857142857143,1.0,0.0,0.6666666666666666,1.0,1.0,0.5,1.0,0.0,True,0.6827731092436975,0.9180790960451978,0.0009910802775024777,0.9867700844898333,108.49330117233373,1.0,1.0,0.7142857142857143,1.0,0.0033444816053511705,0.8333333333333334,1.0,1.0,0.5,1.0,1.0,True,0.6827731092436975,0.9052924791086351,0.001161956187416698,0.9849718621618557,127.1990427537706,1.0,1.0,0.7142857142857143,1.0,0.0033444816053511705,0.8333333333333334,1.0,1.0,0.5,1.0,1.0,True,0.9821428571428571,0.5966815571155073,0.010799357506578722,0.32747535375912296,1182.202867946809,1.0,1.0,0.7142857142857143,1.0,0.9565217391304348,0.8333333333333334,1.0,1.0,0.5,1.0,1.0,HistGB,fleet,40000,20000,22.75,B_fleet_size,CIDv2_OpelAstra,FS-B,1,4,CIDv2_RenaultClio|CTT_Impala|CTT_Traverse|ROAD_ORNL
59474,952,0.016006994653125734,0.9953898505166052,0.8990458477532662,58526,0.03288579995682486,False,0.0031512605042016808,1.0,0.0,0.9998360872268678,0.0,0.0,0.0,0.0,1.0,0.0,0.16666666666666666,0.0,0.0,0.0,1.0,0.0,True,0.6638655462184874,0.9921507064364207,8.543795495711015e-05,0.9988527297973633,9.352870790718425,0.1,0.9984025559105432,0.21428571428571427,1.0,0.0,0.6666666666666666,1.0,1.0,0.5,1.0,0.0,True,0.680672268907563,0.9113924050632911,0.0010765182324595879,0.9827353358268738,117.84617196305217,1.0,0.9984025559105432,0.6428571428571429,1.0,0.0033444816053511705,0.8333333333333334,1.0,1.0,0.5,1.0,1.0,True,0.680672268907563,0.9037656903765691,0.00117904377840812,0.9806315898895264,129.06961691191424,1.0,0.9984025559105432,0.6428571428571429,1.0,0.0033444816053511705,0.8333333333333334,1.0,1.0,0.5,1.0,1.0,True,0.9842436974789915,0.5607420706163974,0.012542291787703769,0.3022885024547577,1373.0014320774649,1.0,1.0,0.7142857142857143,1.0,0.9632107023411371,0.8333333333333334,1.0,1.0,0.5,1.0,1.0,XGBoost,fleet,40000,20000,6.58,B_fleet_size,CIDv2_OpelAstra,FS-B,1,4,CIDv2_RenaultClio|CTT_Impala|CTT_Traverse|ROAD_ORNL
59474,952,0.016006994653125734,0.9995543405496576,0.9984005239273088,58526,0.03288579995682486,False,0.8382352941176471,1.0,0.0,3384.833034168986,0.0,1.0,1.0,1.0,0.0,0.49498327759197325,0.8333333333333334,1.0,1.0,1.0,0.0,1.0,True,0.9947478991596639,1.0,0.0,34.10275592606424,0.0,1.0,1.0,1.0,0.0,0.9933110367892977,0.8333333333333334,1.0,1.0,1.0,0.0,1.0,True,0.9957983193277311,0.92578125,0.0012986569153480743,14.417094331136784,142.1636360189201,1.0,1.0,1.0,0.0,0.9966555183946488,0.8333333333333334,1.0,1.0,1.0,0.0,1.0,True,0.9957983193277311,0.9221789883268483,0.0013670072793137624,14.168703594389363,149.6459326514948,1.0,1.0,1.0,0.0,0.9966555183946488,0.8333333333333334,1.0,1.0,1.0,0.0,1.0,True,0.9989495798319328,0.6034263959390863,0.010679744369638769,6.589479253253663,1169.1088488398034,1.0,1.0,1.0,1.0,0.9966555183946488,1.0,1.0,1.0,1.0,1.0,1.0,Rule:Combined,fleet,40000,20000,0.18,B_fleet_size,CIDv2_OpelAstra,FS-B,1,4,CIDv2_RenaultClio|CTT_Impala|CTT_Traverse|ROAD_ORNL
59474,952,0.016006994653125734,0.9913160665140941,0.79133777824088,58526,0.03288579995682486,False,0.0,0.0,0.0,0.999939167338021,0.0,0.0,0.0,0.0,0.0,0.0,0.0,0.0,0.0,0.0,0.0,0.0,True,0.0,0.0,0.0,0.999939167338021,0.0,0.0,0.0,0.0,0.0,0.0,0.0,0.0,0.0,0.0,0.0,0.0,True,0.6796218487394958,0.9087078651685393,0.0011106934144424318,0.9994560500973568,121.58732027933954,0.8,1.0,0.7142857142857143,1.0,0.0,0.6666666666666666,1.0,1.0,0.5,1.0,0.0,True,0.6796218487394958,0.9048951048951049,0.001161956187416698,0.9993732400769832,127.1990427537706,0.8,1.0,0.7142857142857143,1.0,0.0,0.6666666666666666,1.0,1.0,0.5,1.0,0.0,True,0.8130252100840336,0.5254582484725051,0.011944226103003998,0.8968732975711372,1307.531336542436,1.0,1.0,0.7142857142857143,1.0,0.4180602006688963,0.8333333333333334,1.0,1.0,0.5,1.0,1.0,HistGB,fleet,40000,20000,11.3,B_fleet_size,CIDv2_OpelAstra,FS-B,0,5,CIDv2_Prototype|CIDv2_RenaultClio|CTT_Forester|CTT_Impala|CTT_Traverse
59474,952,0.016006994653125734,0.9858951449415417,0.7759128793391302,58526,0.03288579995682486,False,0.0010504201680672268,1.0,0.0,0.999992609024048,0.0,0.0,0.0,0.0,0.3333333333333333,0.0,0.16666666666666666,0.0,0.0,0.0,1.0,0.0,True,0.0010504201680672268,1.0,0.0,0.9999926090240479,0.0,0.0,0.0,0.0,0.3333333333333333,0.0,0.16666666666666666,0.0,0.0,0.0,1.0,0.0,True,0.6754201680672269,0.9133522727272727,0.0010423430504767437,0.9996683597564697,114.10502364676478,0.7,1.0,0.5,1.0,0.0,0.6666666666666666,1.0,1.0,0.5,1.0,0.0,True,0.6754201680672269,0.8967921896792189,0.0012644817333652301,0.9995375871658325,138.42248770263268,0.7,1.0,0.5,1.0,0.0,0.6666666666666666,1.0,1.0,0.5,1.0,0.0,True,0.694327731092437,0.4860294117647059,0.011944226103003998,0.8667603135108948,1307.531336542436,1.0,1.0,0.7142857142857143,1.0,0.04013377926421405,0.8333333333333334,1.0,1.0,0.5,1.0,1.0,XGBoost,fleet,40000,20000,6.27,B_fleet_size,CIDv2_OpelAstra,FS-B,0,5,CIDv2_Prototype|CIDv2_RenaultClio|CTT_Forester|CTT_Impala|CTT_Traverse
59474,952,0.016006994653125734,0.9932855818927824,0.8048835520512201,58526,0.03288579995682486,False,0.657563025210084,1.0,0.0,375000.00000000006,0.0,0.0,1.0,0.0,0.0,0.0,0.16666666666666666,0.0,1.0,0.0,0.0,0.0,True,0.6607142857142857,0.9782270606531882,0.0002392262738799084,78125.0,26.188038214011595,0.0,1.0,0.0,1.0,0.0,0.3333333333333333,0.0,1.0,0.0,1.0,0.0,True,0.6649159663865546,0.9738461538461538,0.0002904890468541745,31250.0,31.79976068844265,0.0,1.0,0.2857142857142857,1.0,0.0,0.5,0.0,1.0,0.5,1.0,0.0,True,0.6649159663865546,0.9738461538461538,0.0002904890468541745,31250.0,31.79976068844265,0.0,1.0,0.2857142857142857,1.0,0.0,0.5,0.0,1.0,0.5,1.0,0.0,True,0.6649159663865546,0.9738461538461538,0.0002904890468541745,31250.0,31.79976068844265,0.0,1.0,0.2857142857142857,1.0,0.0,0.5,0.0,1.0,0.5,1.0,0.0,Rule:Combined,fleet,40000,20000,0.17,B_fleet_size,CIDv2_OpelAstra,FS-B,0,5,CIDv2_Prototype|CIDv2_RenaultClio|CTT_Forester|CTT_Impala|CTT_Traverse
59474,952,0.016006994653125734,0.9930883117574975,0.8320119341229966,58526,0.03288579995682486,False,0.0031512605042016808,0.75,1.708759099142203e-05,0.999954148117351,1.8705741581436852,0.0,0.0,0.0,1.0,0.0,0.16666666666666666,0.0,0.0,0.0,1.0,0.0,True,0.0031512605042016808,0.75,1.708759099142203e-05,0.9999494560470277,1.8705741581436852,0.0,0.0,0.0,1.0,0.0,0.16666666666666666,0.0,0.0,0.0,1.0,0.0,True,0.6817226890756303,0.863031914893617,0.001760021872116469,0.9988598297055815,192.66913828879956,1.0,1.0,0.7142857142857143,1.0,0.0,0.6666666666666666,1.0,1.0,0.5,1.0,0.0,True,0.6817226890756303,0.863031914893617,0.001760021872116469,0.9988447733430289,192.66913828879956,1.0,1.0,0.7142857142857143,1.0,0.0,0.6666666666666666,1.0,1.0,0.5,1.0,0.0,True,0.9380252100840336,0.5324985092426953,0.013396671337274872,0.7975318104694206,1466.5301399846492,1.0,1.0,0.7142857142857143,1.0,0.8160535117056856,0.8333333333333334,1.0,1.0,0.5,1.0,1.0,HistGB,fleet,40000,20000,14.87,B_fleet_size,CIDv2_OpelAstra,FS-B,1,5,CIDv2_Prototype|CIDv2_RenaultClio|CTT_Forester|CTT_Impala|CTT_Traverse
59474,952,0.016006994653125734,0.9822527508149632,0.7368087587698039,58526,0.03288579995682486,False,0.0031512605042016808,0.75,1.708759099142203e-05,0.999983310699463,1.8705741581436852,0.0,0.0,0.0,1.0,0.0,0.16666666666666666,0.0,0.0,0.0,1.0,0.0,True,0.004201680672268907,0.26666666666666666,0.00018796350090564233,0.9999698400497437,20.57631573958054,0.0,0.001597444089456869,0.0,1.0,0.0,0.3333333333333333,0.0,1.0,0.0,1.0,0.0,True,0.6775210084033614,0.8811475409836066,0.0014866204162537165,0.9990328550338745,162.73995175850058,0.8,1.0,0.5714285714285714,1.0,0.0,0.6666666666666666,1.0,1.0,0.5,1.0,0.0,True,0.6785714285714286,0.8789115646258503,0.0015207955982365607,0.9989386200904846,166.481100074788,0.8,1.0,0.6428571428571429,1.0,0.0,0.6666666666666666,1.0,1.0,0.5,1.0,0.0,True,0.6932773109243697,0.4779145546705286,0.012320153104815284,0.8116764426231384,1348.6839680215971,1.0,1.0,0.7142857142857143,1.0,0.03678929765886288,0.8333333333333334,1.0,1.0,0.5,1.0,1.0,XGBoost,fleet,40000,20000,7.11,B_fleet_size,CIDv2_OpelAstra,FS-B,1,5,CIDv2_Prototype|CIDv2_RenaultClio|CTT_Forester|CTT_Impala|CTT_Traverse
59474,952,0.016006994653125734,0.9932741662332545,0.8048831763810577,58526,0.03288579995682486,False,0.657563025210084,1.0,0.0,375000.00000000006,0.0,0.0,1.0,0.0,0.0,0.0,0.16666666666666666,0.0,1.0,0.0,0.0,0.0,True,0.6607142857142857,0.9782270606531882,0.0002392262738799084,78125.0,26.188038214011595,0.0,1.0,0.0,1.0,0.0,0.3333333333333333,0.0,1.0,0.0,1.0,0.0,True,0.6649159663865546,0.9738461538461538,0.0002904890468541745,31250.0,31.79976068844265,0.0,1.0,0.2857142857142857,1.0,0.0,0.5,0.0,1.0,0.5,1.0,0.0,True,0.6649159663865546,0.9738461538461538,0.0002904890468541745,31250.0,31.79976068844265,0.0,1.0,0.2857142857142857,1.0,0.0,0.5,0.0,1.0,0.5,1.0,0.0,True,0.6649159663865546,0.9738461538461538,0.0002904890468541745,31250.0,31.79976068844265,0.0,1.0,0.2857142857142857,1.0,0.0,0.5,0.0,1.0,0.5,1.0,0.0,Rule:Combined,fleet,40000,20000,0.18,B_fleet_size,CIDv2_OpelAstra,FS-B,1,5,CIDv2_Prototype|CIDv2_RenaultClio|CTT_Forester|CTT_Impala|CTT_Traverse
59474,952,0.016006994653125734,0.9955042763491371,0.9008781514370275,58526,0.03288579995682486,False,0.015756302521008403,0.7894736842105263,6.835036396568812e-05,0.9995804187068918,7.482296632574741,0.5,0.001597444089456869,0.42857142857142855,1.0,0.0,0.6666666666666666,1.0,1.0,0.5,1.0,0.0,True,0.01680672268907563,0.8,6.835036396568812e-05,0.9995255554133283,7.482296632574741,0.6,0.001597444089456869,0.42857142857142855,1.0,0.0,0.6666666666666666,1.0,1.0,0.5,1.0,0.0,True,0.6827731092436975,0.8879781420765027,0.0014011824612966063,0.9959397599699914,153.3870809677822,1.0,1.0,0.7142857142857143,1.0,0.0033444816053511705,0.8333333333333334,1.0,1.0,0.5,1.0,1.0,True,0.6838235294117647,0.8691588785046729,0.001674583917159359,0.9947392594541534,183.31626749808115,1.0,1.0,0.7142857142857143,1.0,0.006688963210702341,0.8333333333333334,1.0,1.0,0.5,1.0,1.0,True,0.9884453781512605,0.5797905113986445,0.011653737056149823,0.47921365631040097,1275.7315758539933,1.0,1.0,0.7142857142857143,1.0,0.9765886287625418,0.8333333333333334,1.0,1.0,0.5,1.0,1.0,HistGB,fleet,40000,20000,11.77,B_fleet_size,CIDv2_OpelAstra,FS-B,0,5,CIDv2_Prototype|CIDv2_RenaultClio|CTT_Impala|CTT_Silverado|CTT_Traverse
59474,952,0.016006994653125734,0.9892616875532552,0.7821452831568977,58526,0.03288579995682486,False,0.0031512605042016808,0.5,5.126277297426609e-05,0.9999933242797853,5.611722474431056,0.0,0.0,0.0,1.0,0.0,0.16666666666666666,0.0,0.0,0.0,1.0,0.0,True,0.0031512605042016808,0.375,8.543795495711015e-05,0.9999698400497437,9.352870790718425,0.0,0.0,0.0,1.0,0.0,0.16666666666666666,0.0,0.0,0.0,1.0,0.0,True,0.6712184873949579,0.8974719101123596,0.001247394142373808,0.9996986389160156,136.551913544489,0.5,1.0,0.35714285714285715,1.0,0.0,0.6666666666666666,1.0,1.0,0.5,1.0,0.0,True,0.6764705882352942,0.8761904761904762,0.0015549707802194046,0.9995067119598389,170.22224839107534,0.9,1.0,0.42857142857142855,1.0,0.0,0.6666666666666666,1.0,1.0,0.5,1.0,0.0,True,0.7205882352941176,0.49035025017869904,0.012183452376883907,0.6908876299858093,1333.7193747564477,1.0,1.0,0.7142857142857143,1.0,0.12374581939799331,0.8333333333333334,1.0,1.0,0.5,1.0,1.0,XGBoost,fleet,40000,20000,7.16,B_fleet_size,CIDv2_OpelAstra,FS-B,0,5,CIDv2_Prototype|CIDv2_RenaultClio|CTT_Impala|CTT_Silverado|CTT_Traverse
59474,952,0.016006994653125734,0.9935573858742772,0.8048979913698827,58526,0.03288579995682486,False,0.657563025210084,1.0,0.0,375000.00000000006,0.0,0.0,1.0,0.0,0.0,0.0,0.16666666666666666,0.0,1.0,0.0,0.0,0.0,True,0.6607142857142857,0.9782270606531882,0.0002392262738799084,78125.0,26.188038214011595,0.0,1.0,0.0,1.0,0.0,0.3333333333333333,0.0,1.0,0.0,1.0,0.0,True,0.6649159663865546,0.9738461538461538,0.0002904890468541745,31250.0,31.79976068844265,0.0,1.0,0.2857142857142857,1.0,0.0,0.5,0.0,1.0,0.5,1.0,0.0,True,0.6649159663865546,0.9738461538461538,0.0002904890468541745,31250.0,31.79976068844265,0.0,1.0,0.2857142857142857,1.0,0.0,0.5,0.0,1.0,0.5,1.0,0.0,True,0.6649159663865546,0.9738461538461538,0.0002904890468541745,31250.0,31.79976068844265,0.0,1.0,0.2857142857142857,1.0,0.0,0.5,0.0,1.0,0.5,1.0,0.0,Rule:Combined,fleet,40000,20000,0.18,B_fleet_size,CIDv2_OpelAstra,FS-B,0,5,CIDv2_Prototype|CIDv2_RenaultClio|CTT_Impala|CTT_Silverado|CTT_Traverse
59474,952,0.016006994653125734,0.9920424058007058,0.8485181553758327,58526,0.03288579995682486,False,0.680672268907563,0.9923430321592649,8.543795495711015e-05,0.9996641842864272,9.352870790718425,0.9,1.0,0.7142857142857143,1.0,0.0,0.6666666666666666,1.0,1.0,0.5,1.0,0.0,True,0.680672268907563,0.9715142428785607,0.00032466422883701857,0.999583960780667,35.540909004730025,0.9,1.0,0.7142857142857143,1.0,0.0,0.6666666666666666,1.0,1.0,0.5,1.0,0.0,True,0.6817226890756303,0.8964088397790055,0.0012815693243566522,0.9952377164667098,140.29306186077636,1.0,1.0,0.7142857142857143,1.0,0.0,0.6666666666666666,1.0,1.0,0.5,1.0,0.0,True,0.6817226890756303,0.8964088397790055,0.0012815693243566522,0.9952377164667098,140.29306186077636,1.0,1.0,0.7142857142857143,1.0,0.0,0.6666666666666666,1.0,1.0,0.5,1.0,0.0,True,0.884453781512605,0.5387076135636596,0.012320153104815284,0.5686440248855806,1348.6839680215971,1.0,1.0,0.7142857142857143,1.0,0.6454849498327759,0.8333333333333334,1.0,1.0,0.5,1.0,1.0,HistGB,fleet,40000,20000,15.12,B_fleet_size,CIDv2_OpelAstra,FS-B,1,5,CIDv2_Prototype|CIDv2_RenaultClio|CTT_Impala|CTT_Silverado|CTT_Traverse
59474,952,0.016006994653125734,0.986469679290328,0.7680163531812451,58526,0.03288579995682486,False,0.0031512605042016808,1.0,0.0,0.9999957084655763,0.0,0.0,0.0,0.0,1.0,0.0,0.16666666666666666,0.0,0.0,0.0,1.0,0.0,True,0.004201680672268907,0.23529411764705882,0.00022213868288848638,0.999970555305481,24.317464055867905,0.0,0.001597444089456869,0.0,1.0,0.0,0.3333333333333333,0.0,1.0,0.0,1.0,0.0,True,0.6817226890756303,0.8890410958904109,0.0013840948703051845,0.9985625147819519,151.51650680963849,1.0,1.0,0.7142857142857143,1.0,0.0,0.6666666666666666,1.0,1.0,0.5,1.0,0.0,True,0.6817226890756303,0.8805970149253731,0.0015037080072451386,0.9981176853179932,164.61052591664432,1.0,1.0,0.7142857142857143,1.0,0.0,0.6666666666666666,1.0,1.0,0.5,1.0,0.0,True,0.6985294117647058,0.5,0.011363248009295649,0.6322835087776184,1243.9318151655507,1.0,1.0,0.7142857142857143,1.0,0.05351170568561873,0.8333333333333334,1.0,1.0,0.5,1.0,1.0,XGBoost,fleet,40000,20000,6.06,B_fleet_size,CIDv2_OpelAstra,FS-B,1,5,CIDv2_Prototype|CIDv2_RenaultClio|CTT_Impala|CTT_Silverado|CTT_Traverse
59474,952,0.016006994653125734,0.9935693938557618,0.8048990324745924,58526,0.03288579995682486,False,0.657563025210084,1.0,0.0,375000.00000000006,0.0,0.0,1.0,0.0,0.0,0.0,0.16666666666666666,0.0,1.0,0.0,0.0,0.0,True,0.6607142857142857,0.9782270606531882,0.0002392262738799084,78125.0,26.188038214011595,0.0,1.0,0.0,1.0,0.0,0.3333333333333333,0.0,1.0,0.0,1.0,0.0,True,0.6649159663865546,0.9738461538461538,0.0002904890468541745,31250.0,31.79976068844265,0.0,1.0,0.2857142857142857,1.0,0.0,0.5,0.0,1.0,0.5,1.0,0.0,True,0.6649159663865546,0.9738461538461538,0.0002904890468541745,31250.0,31.79976068844265,0.0,1.0,0.2857142857142857,1.0,0.0,0.5,0.0,1.0,0.5,1.0,0.0,True,0.6649159663865546,0.9738461538461538,0.0002904890468541745,31250.0,31.79976068844265,0.0,1.0,0.2857142857142857,1.0,0.0,0.5,0.0,1.0,0.5,1.0,0.0,Rule:Combined,fleet,40000,20000,0.17,B_fleet_size,CIDv2_OpelAstra,FS-B,1,5,CIDv2_Prototype|CIDv2_RenaultClio|CTT_Impala|CTT_Silverado|CTT_Traverse
59474,952,0.016006994653125734,0.9913430351122712,0.8330883997933164,58526,0.03288579995682486,False,0.6817226890756303,0.9938744257274119,6.835036396568812e-05,0.9788489255580761,7.482296632574741,1.0,1.0,0.7142857142857143,1.0,0.0,0.6666666666666666,1.0,1.0,0.5,1.0,0.0,True,0.6817226890756303,0.989329268292683,0.0001196131369399542,0.9469225381288252,13.094019107005797,1.0,1.0,0.7142857142857143,1.0,0.0,0.6666666666666666,1.0,1.0,0.5,1.0,0.0,True,0.6911764705882353,0.9333333333333333,0.0008031167765968353,0.5833349464170465,87.91698543275321,1.0,1.0,0.7142857142857143,1.0,0.030100334448160536,0.8333333333333334,1.0,1.0,0.5,1.0,1.0,True,0.6953781512605042,0.9220055710306406,0.0009569050955196336,0.5341269281338797,104.75215285604638,1.0,1.0,0.7142857142857143,1.0,0.043478260869565216,0.8333333333333334,1.0,1.0,0.5,1.0,1.0,True,0.7815126050420168,0.5581395348837209,0.010064591093947575,0.0922832134954119,1101.7681791466305,1.0,1.0,0.7142857142857143,1.0,0.3177257525083612,0.8333333333333334,1.0,1.0,0.5,1.0,1.0,HistGB,fleet,40000,20000,23.27,B_fleet_size,CIDv2_OpelAstra,FS-B,0,5,CIDv2_Prototype|CIDv2_RenaultClio|CTT_Silverado|CTT_Traverse|ROAD_ORNL
59474,952,0.016006994653125734,0.9738691604593719,0.7861060290687314,58526,0.03288579995682486,False,0.680672268907563,0.9938650306748467,6.835036396568812e-05,0.9941911101341249,7.482296632574741,1.0,1.0,0.6428571428571429,1.0,0.0,0.6666666666666666,1.0,1.0,0.5,1.0,0.0,True,0.680672268907563,0.9938650306748467,6.835036396568812e-05,0.9933781027793884,7.482296632574741,1.0,1.0,0.6428571428571429,1.0,0.0,0.6666666666666666,1.0,1.0,0.5,1.0,0.0,True,0.6848739495798319,0.9381294964028777,0.0007347664126311472,0.8556131720542908,80.43468880017845,1.0,1.0,0.7142857142857143,1.0,0.010033444816053512,0.8333333333333334,1.0,1.0,0.5,1.0,1.0,True,0.6890756302521008,0.9278642149929278,0.0008714671405625235,0.8379145264625549,95.39928206532795,1.0,1.0,0.7142857142857143,1.0,0.023411371237458192,0.8333333333333334,1.0,1.0,0.5,1.0,1.0,True,0.7552521008403361,0.5302359882005899,0.010884795461535833,0.23011945188045502,1191.5557387375275,1.0,1.0,0.7142857142857143,1.0,0.23411371237458195,0.8333333333333334,1.0,1.0,0.5,1.0,1.0,XGBoost,fleet,40000,20000,8.36,B_fleet_size,CIDv2_OpelAstra,FS-B,0,5,CIDv2_Prototype|CIDv2_RenaultClio|CTT_Silverado|CTT_Traverse|ROAD_ORNL
59474,952,0.016006994653125734,0.9995947440867601,0.9983138285401971,58526,0.03288579995682486,False,0.8382352941176471,1.0,0.0,3580.267367220576,0.0,1.0,1.0,1.0,0.0,0.49498327759197325,0.8333333333333334,1.0,1.0,1.0,0.0,1.0,True,0.9947478991596639,1.0,0.0,36.06084115315308,0.0,1.0,1.0,1.0,0.0,0.9933110367892977,0.8333333333333334,1.0,1.0,1.0,0.0,1.0,True,0.9957983193277311,0.92578125,0.0012986569153480743,15.23849910430898,142.1636360189201,1.0,1.0,1.0,0.0,0.9966555183946488,0.8333333333333334,1.0,1.0,1.0,0.0,1.0,True,0.9957983193277311,0.9221789883268483,0.0013670072793137624,14.975765903426774,149.6459326514948,1.0,1.0,1.0,0.0,0.9966555183946488,0.8333333333333334,1.0,1.0,1.0,0.0,1.0,True,0.9989495798319328,0.6022799240025333,0.010731007142613035,6.917912864714022,1174.7205713142343,1.0,1.0,1.0,1.0,0.9966555183946488,1.0,1.0,1.0,1.0,1.0,1.0,Rule:Combined,fleet,40000,20000,0.16,B_fleet_size,CIDv2_OpelAstra,FS-B,0,5,CIDv2_Prototype|CIDv2_RenaultClio|CTT_Silverado|CTT_Traverse|ROAD_ORNL
59474,952,0.016006994653125734,0.9962968031271153,0.9471141420958438,58526,0.03288579995682486,False,0.680672268907563,0.9953917050691244,5.126277297426609e-05,0.9940275663656043,5.611722474431056,0.9,1.0,0.7142857142857143,1.0,0.0,0.6666666666666666,1.0,1.0,0.5,1.0,0.0,True,0.6817226890756303,0.9908396946564886,0.00010252554594853218,0.9886253363835948,11.223444948862111,1.0,1.0,0.7142857142857143,1.0,0.0,0.6666666666666666,1.0,1.0,0.5,1.0,0.0,True,0.7373949579831933,0.9322709163346613,0.0008714671405625235,0.7087148522578545,95.39928206532795,1.0,1.0,0.7142857142857143,1.0,0.17725752508361203,0.8333333333333334,1.0,1.0,0.5,1.0,1.0,True,0.7510504201680672,0.9261658031088082,0.0009739926865110557,0.6786925109211647,106.62272701419006,1.0,1.0,0.7142857142857143,1.0,0.22073578595317725,0.8333333333333334,1.0,1.0,0.5,1.0,1.0,True,0.9852941176470589,0.6106770833333334,0.010218379412870373,0.13051612272530666,1118.6033465699236,1.0,1.0,0.7142857142857143,1.0,0.9665551839464883,0.8333333333333334,1.0,1.0,0.5,1.0,1.0,HistGB,fleet,40000,20000,19.08,B_fleet_size,CIDv2_OpelAstra,FS-B,1,5,CIDv2_Prototype|CIDv2_RenaultClio|CTT_Silverado|CTT_Traverse|ROAD_ORNL
59474,952,0.016006994653125734,0.9959236043961346,0.9412425288292344,58526,0.03288579995682486,False,0.680672268907563,0.9938650306748467,6.835036396568812e-05,0.9915596842765809,7.482296632574741,1.0,1.0,0.6428571428571429,1.0,0.0,0.6666666666666666,1.0,1.0,0.5,1.0,0.0,True,0.6817226890756303,0.9923547400611621,8.543795495711015e-05,0.964563250541687,9.352870790718425,1.0,1.0,0.7142857142857143,1.0,0.0,0.6666666666666666,1.0,1.0,0.5,1.0,0.0,True,0.7615546218487395,0.9440104166666666,0.0007347664126311472,0.7090597748756409,80.43468880017845,1.0,1.0,0.7142857142857143,1.0,0.25418060200668896,0.8333333333333334,1.0,1.0,0.5,1.0,1.0,True,0.7647058823529411,0.9381443298969072,0.0008202043675882574,0.6878570318222046,89.78755959089689,1.0,1.0,0.7142857142857143,1.0,0.26421404682274247,0.8333333333333334,1.0,1.0,0.5,1.0,1.0,True,0.9590336134453782,0.609072715143429,0.010013328320973309,0.15224777162075043,1096.1564566721995,1.0,1.0,0.7142857142857143,1.0,0.882943143812709,0.8333333333333334,1.0,1.0,0.5,1.0,1.0,XGBoost,fleet,40000,20000,11.41,B_fleet_size,CIDv2_OpelAstra,FS-B,1,5,CIDv2_Prototype|CIDv2_RenaultClio|CTT_Silverado|CTT_Traverse|ROAD_ORNL
59474,952,0.016006994653125734,0.9995927337819377,0.9983226228798381,58526,0.03288579995682486,False,0.8382352941176471,1.0,0.0,3558.401452214007,0.0,1.0,1.0,1.0,0.0,0.49498327759197325,0.8333333333333334,1.0,1.0,1.0,0.0,1.0,True,0.9947478991596639,1.0,0.0,35.843913379022844,0.0,1.0,1.0,1.0,0.0,0.9933110367892977,0.8333333333333334,1.0,1.0,1.0,0.0,1.0,True,0.9957983193277311,0.92578125,0.0012986569153480743,15.148761963813381,142.1636360189201,1.0,1.0,1.0,0.0,0.9966555183946488,0.8333333333333334,1.0,1.0,1.0,0.0,1.0,True,0.9957983193277311,0.9221789883268483,0.0013670072793137624,14.88763362202595,149.6459326514948,1.0,1.0,1.0,0.0,0.9966555183946488,0.8333333333333334,1.0,1.0,1.0,0.0,1.0,True,0.9989495798319328,0.6022799240025333,0.010731007142613035,6.87900054748257,1174.7205713142343,1.0,1.0,1.0,1.0,0.9966555183946488,1.0,1.0,1.0,1.0,1.0,1.0,Rule:Combined,fleet,40000,20000,0.17,B_fleet_size,CIDv2_OpelAstra,FS-B,1,5,CIDv2_Prototype|CIDv2_RenaultClio|CTT_Silverado|CTT_Traverse|ROAD_ORNL
59474,952,0.016006994653125734,0.852465362447908,0.6803791204272011,58526,0.03288579995682486,False,0.0,0.0,0.0,0.9999227702389875,0.0,0.0,0.0,0.0,0.0,0.0,0.0,0.0,0.0,0.0,0.0,0.0,True,0.6796218487394958,0.9788199697428139,0.0002392262738799084,0.9996432517240943,26.188038214011595,0.8,1.0,0.7142857142857143,1.0,0.0,0.6666666666666666,1.0,1.0,0.5,1.0,0.0,True,0.6817226890756303,0.8805970149253731,0.0015037080072451386,0.9862913180166372,164.61052591664432,1.0,1.0,0.7142857142857143,1.0,0.0,0.6666666666666666,1.0,1.0,0.5,1.0,0.0,True,0.6817226890756303,0.8688085676037484,0.001674583917159359,0.9846969971817325,183.31626749808115,1.0,1.0,0.7142857142857143,1.0,0.0,0.6666666666666666,1.0,1.0,0.5,1.0,0.0,True,0.6848739495798319,0.4594785059901339,0.013106182290420697,0.4479464456944079,1434.7303792962066,1.0,1.0,0.7142857142857143,1.0,0.010033444816053512,0.8333333333333334,1.0,1.0,0.5,1.0,1.0,HistGB,fleet,40000,20000,15.47,B_fleet_size,CIDv2_OpelAstra,FS-B,0,5,CIDv2_Prototype|CTT_Forester|CTT_Impala|CTT_Silverado|CTT_Traverse
59474,952,0.016006994653125734,0.8638144396031198,0.681094842976858,58526,0.03288579995682486,False,0.0031512605042016808,0.42857142857142855,6.835036396568812e-05,0.9999721050262452,7.482296632574741,0.0,0.0,0.0,1.0,0.0,0.16666666666666666,0.0,0.0,0.0,1.0,0.0,True,0.0031512605042016808,0.21428571428571427,0.00018796350090564233,0.9999412298202515,20.57631573958054,0.0,0.0,0.0,1.0,0.0,0.16666666666666666,0.0,0.0,0.0,1.0,0.0,True,0.6817226890756303,0.8641810918774967,0.001742934281125047,0.9903850555419922,190.7985641306559,1.0,1.0,0.7142857142857143,1.0,0.0,0.6666666666666666,1.0,1.0,0.5,1.0,0.0,True,0.6817226890756303,0.8528252299605782,0.0019138101910392673,0.9883592128753662,209.50430571209276,1.0,1.0,0.7142857142857143,1.0,0.0,0.6666666666666666,1.0,1.0,0.5,1.0,0.0,True,0.6838235294117647,0.465,0.0127986056525751,0.49713897705078125,1401.0600444496201,1.0,1.0,0.7142857142857143,1.0,0.006688963210702341,0.8333333333333334,1.0,1.0,0.5,1.0,1.0,XGBoost,fleet,40000,20000,7.54,B_fleet_size,CIDv2_OpelAstra,FS-B,0,5,CIDv2_Prototype|CTT_Forester|CTT_Impala|CTT_Silverado|CTT_Traverse
59474,952,0.016006994653125734,0.9934854815785719,0.8048927387615917,58526,0.03288579995682486,False,0.657563025210084,1.0,0.0,375000.00000000006,0.0,0.0,1.0,0.0,0.0,0.0,0.16666666666666666,0.0,1.0,0.0,0.0,0.0,True,0.6607142857142857,0.9782270606531882,0.0002392262738799084,78125.0,26.188038214011595,0.0,1.0,0.0,1.0,0.0,0.3333333333333333,0.0,1.0,0.0,1.0,0.0,True,0.6649159663865546,0.9738461538461538,0.0002904890468541745,31250.0,31.79976068844265,0.0,1.0,0.2857142857142857,1.0,0.0,0.5,0.0,1.0,0.5,1.0,0.0,True,0.6649159663865546,0.9738461538461538,0.0002904890468541745,31250.0,31.79976068844265,0.0,1.0,0.2857142857142857,1.0,0.0,0.5,0.0,1.0,0.5,1.0,0.0,True,0.6649159663865546,0.9738461538461538,0.0002904890468541745,31250.0,31.79976068844265,0.0,1.0,0.2857142857142857,1.0,0.0,0.5,0.0,1.0,0.5,1.0,0.0,Rule:Combined,fleet,40000,20000,0.19,B_fleet_size,CIDv2_OpelAstra,FS-B,0,5,CIDv2_Prototype|CTT_Forester|CTT_Impala|CTT_Silverado|CTT_Traverse
59474,952,0.016006994653125734,0.8655360502938061,0.6584073370667665,58526,0.03288579995682486,False,0.007352941176470588,0.5833333333333334,8.543795495711015e-05,0.9998364068074388,9.352870790718425,0.1,0.003194888178913738,0.07142857142857142,1.0,0.0,0.6666666666666666,1.0,1.0,0.5,1.0,0.0,True,0.025210084033613446,0.5106382978723404,0.0003930145928027067,0.9996795703749771,43.023205637304756,0.9,0.003194888178913738,0.7142857142857143,1.0,0.0,0.6666666666666666,1.0,1.0,0.5,1.0,0.0,True,0.6817226890756303,0.8517060367454068,0.0019308977820306893,0.9963908985613085,211.37487987023644,1.0,1.0,0.7142857142857143,1.0,0.0,0.6666666666666666,1.0,1.0,0.5,1.0,0.0,True,0.6817226890756303,0.8395860284605433,0.0021188612829363316,0.9949785714217989,231.95119560981698,1.0,1.0,0.7142857142857143,1.0,0.0,0.6666666666666666,1.0,1.0,0.5,1.0,0.0,True,0.6859243697478992,0.4556873691556176,0.013328320973309183,0.43190228437262923,1459.0478433520743,1.0,1.0,0.7142857142857143,1.0,0.013377926421404682,0.8333333333333334,1.0,1.0,0.5,1.0,1.0,HistGB,fleet,40000,20000,11.81,B_fleet_size,CIDv2_OpelAstra,FS-B,1,5,CIDv2_Prototype|CTT_Forester|CTT_Impala|CTT_Silverado|CTT_Traverse
59474,952,0.016006994653125734,0.8870176830002019,0.6718250636496494,58526,0.03288579995682486,False,0.0031512605042016808,0.1875,0.00022213868288848638,0.9999737739562989,24.317464055867905,0.0,0.0,0.0,1.0,0.0,0.16666666666666666,0.0,0.0,0.0,1.0,0.0,True,0.0031512605042016808,0.1875,0.00022213868288848638,0.9999704360961914,24.317464055867905,0.0,0.0,0.0,1.0,0.0,0.16666666666666666,0.0,0.0,0.0,1.0,0.0,True,0.6796218487394958,0.8850889192886456,0.0014353576432794505,0.9985073208808899,157.12822928406956,0.8,1.0,0.7142857142857143,1.0,0.0,0.6666666666666666,1.0,1.0,0.5,1.0,0.0,True,0.6817226890756303,0.857331571994716,0.0018454598270735791,0.9977409839630127,202.022009079518,1.0,1.0,0.7142857142857143,1.0,0.0,0.6666666666666666,1.0,1.0,0.5,1.0,0.0,True,0.6848739495798319,0.4790595150624541,0.01211510201291822,0.5620605945587158,1326.2370781238728,1.0,1.0,0.7142857142857143,1.0,0.010033444816053512,0.8333333333333334,1.0,1.0,0.5,1.0,1.0,XGBoost,fleet,40000,20000,8.01,B_fleet_size,CIDv2_OpelAstra,FS-B,1,5,CIDv2_Prototype|CTT_Forester|CTT_Impala|CTT_Silverado|CTT_Traverse
59474,952,0.016006994653125734,0.9934874200867935,0.8048928617112736,58526,0.03288579995682486,False,0.657563025210084,1.0,0.0,375000.00000000006,0.0,0.0,1.0,0.0,0.0,0.0,0.16666666666666666,0.0,1.0,0.0,0.0,0.0,True,0.6607142857142857,0.9782270606531882,0.0002392262738799084,78125.0,26.188038214011595,0.0,1.0,0.0,1.0,0.0,0.3333333333333333,0.0,1.0,0.0,1.0,0.0,True,0.6649159663865546,0.9738461538461538,0.0002904890468541745,31250.0,31.79976068844265,0.0,1.0,0.2857142857142857,1.0,0.0,0.5,0.0,1.0,0.5,1.0,0.0,True,0.6649159663865546,0.9738461538461538,0.0002904890468541745,31250.0,31.79976068844265,0.0,1.0,0.2857142857142857,1.0,0.0,0.5,0.0,1.0,0.5,1.0,0.0,True,0.6649159663865546,0.9738461538461538,0.0002904890468541745,31250.0,31.79976068844265,0.0,1.0,0.2857142857142857,1.0,0.0,0.5,0.0,1.0,0.5,1.0,0.0,Rule:Combined,fleet,40000,20000,0.18,B_fleet_size,CIDv2_OpelAstra,FS-B,1,5,CIDv2_Prototype|CTT_Forester|CTT_Impala|CTT_Silverado|CTT_Traverse
59474,952,0.016006994653125734,0.9948292626575252,0.8719991053050438,58526,0.03288579995682486,False,0.6743697478991597,0.9953488372093023,5.126277297426609e-05,0.9994103894702612,5.611722474431056,0.7,1.0,0.42857142857142855,1.0,0.0,0.6666666666666666,1.0,1.0,0.5,1.0,0.0,True,0.6796218487394958,0.9938556067588326,6.835036396568812e-05,0.9985983018843084,7.482296632574741,0.9,1.0,0.6428571428571429,1.0,0.0,0.6666666666666666,1.0,1.0,0.5,1.0,0.0,True,0.6827731092436975,0.9393063583815029,0.0007176788216397252,0.9590737433983358,78.56411464203478,1.0,1.0,0.7142857142857143,1.0,0.0033444816053511705,0.8333333333333334,1.0,1.0,0.5,1.0,1.0,True,0.6827731092436975,0.9325681492109039,0.0008031167765968353,0.9556885106922421,87.91698543275321,1.0,1.0,0.7142857142857143,1.0,0.0033444816053511705,0.8333333333333334,1.0,1.0,0.5,1.0,1.0,True,0.9180672268907563,0.5708687132593077,0.011226547281364274,0.24394902533409502,1228.9672219004012,1.0,1.0,0.7142857142857143,1.0,0.7525083612040134,0.8333333333333334,1.0,1.0,0.5,1.0,1.0,HistGB,fleet,40000,20000,21.46,B_fleet_size,CIDv2_OpelAstra,FS-B,0,5,CIDv2_RenaultClio|CTT_Forester|CTT_Silverado|CTT_Traverse|ROAD_ORNL
59474,952,0.016006994653125734,0.9949287727462401,0.8982597743401786,58526,0.03288579995682486,False,0.6722689075630253,0.9937888198757764,6.835036396568812e-05,0.998189151287079,7.482296632574741,0.7,0.9984025559105432,0.35714285714285715,1.0,0.0,0.6666666666666666,1.0,1.0,0.5,1.0,0.0,True,0.6796218487394958,0.9862804878048781,0.00015378831892279827,0.990523636341095,16.835167423293168,0.9,1.0,0.6428571428571429,1.0,0.0,0.6666666666666666,1.0,1.0,0.5,1.0,0.0,True,0.6932773109243697,0.9269662921348315,0.0008885547315539455,0.9186285138130188,97.26985622347162,1.0,1.0,0.7142857142857143,1.0,0.03678929765886288,0.8333333333333334,1.0,1.0,0.5,1.0,1.0,True,0.6985294117647058,0.9084699453551912,0.001144868596425276,0.8969245553016663,125.3284685956269,1.0,1.0,0.7142857142857143,1.0,0.05351170568561873,0.8333333333333334,1.0,1.0,0.5,1.0,1.0,True,0.9359243697478992,0.5561797752808989,0.012149277194901062,0.321329265832901,1329.9782264401601,1.0,1.0,0.7142857142857143,1.0,0.8093645484949833,0.8333333333333334,1.0,1.0,0.5,1.0,1.0,XGBoost,fleet,40000,20000,6.37,B_fleet_size,CIDv2_OpelAstra,FS-B,0,5,CIDv2_RenaultClio|CTT_Forester|CTT_Silverado|CTT_Traverse|ROAD_ORNL
59474,952,0.016006994653125734,0.9996031442890543,0.9982378738314865,58526,0.03288579995682486,False,0.8382352941176471,1.0,0.0,3725.1361399463553,0.0,1.0,1.0,1.0,0.0,0.49498327759197325,0.8333333333333334,1.0,1.0,1.0,0.0,1.0,True,0.9947478991596639,1.0,0.0,37.56354266417675,0.0,1.0,1.0,1.0,0.0,0.9933110367892977,0.8333333333333334,1.0,1.0,1.0,0.0,1.0,True,0.9957983193277311,0.92578125,0.0012986569153480743,15.89892259933992,142.1636360189201,1.0,1.0,1.0,0.0,0.9966555183946488,0.8333333333333334,1.0,1.0,1.0,0.0,1.0,True,0.9957983193277311,0.9221789883268483,0.0013670072793137624,15.625561632416538,149.6459326514948,1.0,1.0,1.0,0.0,0.9966555183946488,0.8333333333333334,1.0,1.0,1.0,0.0,1.0,True,0.9989495798319328,0.6034263959390863,0.010679744369638769,7.284412837770092,1169.1088488398034,1.0,1.0,1.0,1.0,0.9966555183946488,1.0,1.0,1.0,1.0,1.0,1.0,Rule:Combined,fleet,40000,20000,0.17,B_fleet_size,CIDv2_OpelAstra,FS-B,0,5,CIDv2_RenaultClio|CTT_Forester|CTT_Silverado|CTT_Traverse|ROAD_ORNL
59474,952,0.016006994653125734,0.9931906129390686,0.8717306280513109,58526,0.03288579995682486,False,0.680672268907563,0.9938650306748467,6.835036396568812e-05,0.9982579676935056,7.482296632574741,1.0,0.9984025559105432,0.7142857142857143,1.0,0.0,0.6666666666666666,1.0,1.0,0.5,1.0,0.0,True,0.6817226890756303,0.9923547400611621,8.543795495711015e-05,0.9962801788946744,9.352870790718425,1.0,1.0,0.7142857142857143,1.0,0.0,0.6666666666666666,1.0,1.0,0.5,1.0,0.0,True,0.6859243697478992,0.9120111731843575,0.0010765182324595879,0.8913538880379854,117.84617196305217,1.0,1.0,0.7142857142857143,1.0,0.013377926421404682,0.8333333333333334,1.0,1.0,0.5,1.0,1.0,True,0.6880252100840336,0.9009628610729024,0.0012303065513823862,0.8754649022244326,134.68133938634534,1.0,1.0,0.7142857142857143,1.0,0.020066889632107024,0.8333333333333334,1.0,1.0,0.5,1.0,1.0,True,0.8781512605042017,0.5833914863921842,0.010201291821878952,0.37919676488319004,1116.73277241178,1.0,1.0,0.7142857142857143,1.0,0.6254180602006689,0.8333333333333334,1.0,1.0,0.5,1.0,1.0,HistGB,fleet,40000,20000,18.67,B_fleet_size,CIDv2_OpelAstra,FS-B,1,5,CIDv2_RenaultClio|CTT_Forester|CTT_Silverado|CTT_Traverse|ROAD_ORNL
59474,952,0.016006994653125734,0.9941178480893058,0.8766263509913499,58526,0.03288579995682486,False,0.6785714285714286,0.9923195084485407,8.543795495711015e-05,0.9973767995834352,9.352870790718425,0.9,0.9984025559105432,0.6428571428571429,1.0,0.0,0.6666666666666666,1.0,1.0,0.5,1.0,0.0,True,0.6785714285714286,0.9923195084485407,8.543795495711015e-05,0.9970415234565735,9.352870790718425,0.9,0.9984025559105432,0.6428571428571429,1.0,0.0,0.6666666666666666,1.0,1.0,0.5,1.0,0.0,True,0.6880252100840336,0.9424460431654677,0.0006835036396568812,0.9342623353004456,74.8229663257474,1.0,1.0,0.7142857142857143,1.0,0.020066889632107024,0.8333333333333334,1.0,1.0,0.5,1.0,1.0,True,0.6901260504201681,0.9292786421499293,0.0008543795495711015,0.9179456830024719,93.52870790718427,1.0,1.0,0.7142857142857143,1.0,0.026755852842809364,0.8333333333333334,1.0,1.0,0.5,1.0,1.0,True,0.8781512605042017,0.5801526717557252,0.010337992549810328,0.4146411716938019,1131.6973656769296,1.0,1.0,0.7142857142857143,1.0,0.6254180602006689,0.8333333333333334,1.0,1.0,0.5,1.0,1.0,XGBoost,fleet,40000,20000,6.5,B_fleet_size,CIDv2_OpelAstra,FS-B,1,5,CIDv2_RenaultClio|CTT_Forester|CTT_Silverado|CTT_Traverse|ROAD_ORNL
59474,952,0.016006994653125734,0.9996047597125723,0.998218110449063,58526,0.03288579995682486,False,0.8382352941176471,1.0,0.0,3780.56742917451,0.0,1.0,1.0,1.0,0.0,0.49498327759197325,0.8333333333333334,1.0,1.0,1.0,0.0,1.0,True,0.9947478991596639,1.0,0.0,38.12878809327254,0.0,1.0,1.0,1.0,0.0,0.9933110367892977,0.8333333333333334,1.0,1.0,1.0,0.0,1.0,True,0.9957983193277311,0.92578125,0.0012986569153480743,16.14182673911916,142.1636360189201,1.0,1.0,1.0,0.0,0.9966555183946488,0.8333333333333334,1.0,1.0,1.0,0.0,1.0,True,0.9957983193277311,0.9221789883268483,0.0013670072793137624,15.864398531701704,149.6459326514948,1.0,1.0,1.0,0.0,0.9966555183946488,0.8333333333333334,1.0,1.0,1.0,0.0,1.0,True,0.9989495798319328,0.6034263959390863,0.010679744369638769,7.399144754085264,1169.1088488398034,1.0,1.0,1.0,1.0,0.9966555183946488,1.0,1.0,1.0,1.0,1.0,1.0,Rule:Combined,fleet,40000,20000,0.16,B_fleet_size,CIDv2_OpelAstra,FS-B,1,5,CIDv2_RenaultClio|CTT_Forester|CTT_Silverado|CTT_Traverse|ROAD_ORNL
59474,952,0.016006994653125734,0.9934458678040781,0.8549525288632643,58526,0.03288579995682486,False,0.012605042016806723,0.8,5.126277297426609e-05,0.9998699967049975,5.611722474431056,0.4,0.001597444089456869,0.2857142857142857,1.0,0.0,0.6666666666666666,1.0,1.0,0.5,1.0,0.0,True,0.03676470588235294,0.7446808510638298,0.00020505109189706435,0.9997755686482515,22.446889897724223,0.8,0.022364217252396165,0.7142857142857143,1.0,0.0,0.6666666666666666,1.0,1.0,0.5,1.0,0.0,True,0.6817226890756303,0.8817934782608695,0.0014866204162537165,0.9978277779319311,162.73995175850058,1.0,1.0,0.7142857142857143,1.0,0.0,0.6666666666666666,1.0,1.0,0.5,1.0,0.0,True,0.6817226890756303,0.873485868102288,0.0016062335531936707,0.9974777066713445,175.83397086550642,1.0,1.0,0.7142857142857143,1.0,0.0,0.6666666666666666,1.0,1.0,0.5,1.0,0.0,True,0.9611344537815126,0.5385520894643908,0.013396671337274872,0.5376195295757537,1466.5301399846492,1.0,1.0,0.7142857142857143,1.0,0.8896321070234113,0.8333333333333334,1.0,1.0,0.5,1.0,1.0,HistGB,fleet,40000,20000,12.57,B_fleet_size,CIDv2_OpelAstra,FS-B,0,6,CIDv2_Prototype|CIDv2_RenaultClio|CTT_Forester|CTT_Impala|CTT_Silverado|CTT_Traverse
59474,952,0.016006994653125734,0.9879630485870572,0.7868327594276403,58526,0.03288579995682486,False,0.0031512605042016808,0.42857142857142855,6.835036396568812e-05,0.9999580383300782,7.482296632574741,0.0,0.0,0.0,1.0,0.0,0.16666666666666666,0.0,0.0,0.0,1.0,0.0,True,0.6586134453781513,0.9796875,0.00022213868288848638,0.9999107122421265,24.317464055867905,0.0,0.9968051118210862,0.0,1.0,0.0,0.3333333333333333,0.0,1.0,0.0,1.0,0.0,True,0.6754201680672269,0.9005602240896359,0.001213218960390964,0.9988886713981628,132.81076522820166,0.6,1.0,0.5714285714285714,1.0,0.0,0.6666666666666666,1.0,1.0,0.5,1.0,0.0,True,0.680672268907563,0.8582781456953642,0.001828372236082157,0.997532844543457,200.15143492137432,1.0,1.0,0.6428571428571429,1.0,0.0,0.6666666666666666,1.0,1.0,0.5,1.0,0.0,True,0.7184873949579832,0.4759916492693111,0.012866956016540788,0.475262850522995,1408.542341082195,1.0,1.0,0.7142857142857143,1.0,0.11705685618729098,0.8333333333333334,1.0,1.0,0.5,1.0,1.0,XGBoost,fleet,40000,20000,6.2,B_fleet_size,CIDv2_OpelAstra,FS-B,0,6,CIDv2_Prototype|CIDv2_RenaultClio|CTT_Forester|CTT_Impala|CTT_Silverado|CTT_Traverse
59474,952,0.016006994653125734,0.9934891252560626,0.8048929706059547,58526,0.03288579995682486,False,0.657563025210084,1.0,0.0,375000.00000000006,0.0,0.0,1.0,0.0,0.0,0.0,0.16666666666666666,0.0,1.0,0.0,0.0,0.0,True,0.6607142857142857,0.9782270606531882,0.0002392262738799084,78125.0,26.188038214011595,0.0,1.0,0.0,1.0,0.0,0.3333333333333333,0.0,1.0,0.0,1.0,0.0,True,0.6649159663865546,0.9738461538461538,0.0002904890468541745,31250.0,31.79976068844265,0.0,1.0,0.2857142857142857,1.0,0.0,0.5,0.0,1.0,0.5,1.0,0.0,True,0.6649159663865546,0.9738461538461538,0.0002904890468541745,31250.0,31.79976068844265,0.0,1.0,0.2857142857142857,1.0,0.0,0.5,0.0,1.0,0.5,1.0,0.0,True,0.6649159663865546,0.9738461538461538,0.0002904890468541745,31250.0,31.79976068844265,0.0,1.0,0.2857142857142857,1.0,0.0,0.5,0.0,1.0,0.5,1.0,0.0,Rule:Combined,fleet,40000,20000,0.17,B_fleet_size,CIDv2_OpelAstra,FS-B,0,6,CIDv2_Prototype|CIDv2_RenaultClio|CTT_Forester|CTT_Impala|CTT_Silverado|CTT_Traverse
59474,952,0.016006994653125734,0.9874883474116896,0.8086751264993297,58526,0.03288579995682486,False,0.0,0.0,1.708759099142203e-05,0.9999056755389709,1.8705741581436852,0.0,0.0,0.0,0.0,0.0,0.0,0.0,0.0,0.0,0.0,0.0,True,0.008403361344537815,0.7272727272727273,5.126277297426609e-05,0.9998536076195527,5.611722474431056,0.2,0.001597444089456869,0.14285714285714285,1.0,0.0,0.6666666666666666,1.0,1.0,0.5,1.0,0.0,True,0.680672268907563,0.9178470254957507,0.0009910802775024777,0.9960284842327206,108.49330117233373,0.9,1.0,0.7142857142857143,1.0,0.0,0.6666666666666666,1.0,1.0,0.5,1.0,0.0,True,0.680672268907563,0.8950276243093923,0.0012986569153480743,0.9943315733272196,142.1636360189201,0.9,1.0,0.7142857142857143,1.0,0.0,0.6666666666666666,1.0,1.0,0.5,1.0,0.0,True,0.8088235294117647,0.5234534330387491,0.011978401284986843,0.2573216832086628,1311.2724848587234,1.0,1.0,0.7142857142857143,1.0,0.40468227424749165,0.8333333333333334,1.0,1.0,0.5,1.0,1.0,HistGB,fleet,40000,20000,12.43,B_fleet_size,CIDv2_OpelAstra,FS-B,1,6,CIDv2_Prototype|CIDv2_RenaultClio|CTT_Forester|CTT_Impala|CTT_Silverado|CTT_Traverse
59474,952,0.016006994653125734,0.9749580725800453,0.7224650438249164,58526,0.03288579995682486,False,0.0,0.0,0.0,0.9999952316284181,0.0,0.0,0.0,0.0,0.0,0.0,0.0,0.0,0.0,0.0,0.0,0.0,True,0.0031512605042016808,0.5,5.126277297426609e-05,0.9999805688858032,5.611722474431056,0.0,0.0,0.0,1.0,0.0,0.16666666666666666,0.0,0.0,0.0,1.0,0.0,True,0.680672268907563,0.927038626609442,0.0008714671405625235,0.998581051826477,95.39928206532795,1.0,1.0,0.6428571428571429,1.0,0.0,0.6666666666666666,1.0,1.0,0.5,1.0,0.0,True,0.680672268907563,0.9,0.0012303065513823862,0.9977383613586426,134.68133938634534,1.0,1.0,0.6428571428571429,1.0,0.0,0.6666666666666666,1.0,1.0,0.5,1.0,0.0,True,0.694327731092437,0.47485632183908044,0.012491029014729503,0.3684520423412323,1367.3897096030337,1.0,1.0,0.7142857142857143,1.0,0.04013377926421405,0.8333333333333334,1.0,1.0,0.5,1.0,1.0,XGBoost,fleet,40000,20000,6.27,B_fleet_size,CIDv2_OpelAstra,FS-B,1,6,CIDv2_Prototype|CIDv2_RenaultClio|CTT_Forester|CTT_Impala|CTT_Silverado|CTT_Traverse
59474,952,0.016006994653125734,0.9934870611037894,0.8048928388751334,58526,0.03288579995682486,False,0.657563025210084,1.0,0.0,375000.00000000006,0.0,0.0,1.0,0.0,0.0,0.0,0.16666666666666666,0.0,1.0,0.0,0.0,0.0,True,0.6607142857142857,0.9782270606531882,0.0002392262738799084,78125.0,26.188038214011595,0.0,1.0,0.0,1.0,0.0,0.3333333333333333,0.0,1.0,0.0,1.0,0.0,True,0.6649159663865546,0.9738461538461538,0.0002904890468541745,31250.0,31.79976068844265,0.0,1.0,0.2857142857142857,1.0,0.0,0.5,0.0,1.0,0.5,1.0,0.0,True,0.6649159663865546,0.9738461538461538,0.0002904890468541745,31250.0,31.79976068844265,0.0,1.0,0.2857142857142857,1.0,0.0,0.5,0.0,1.0,0.5,1.0,0.0,True,0.6649159663865546,0.9738461538461538,0.0002904890468541745,31250.0,31.79976068844265,0.0,1.0,0.2857142857142857,1.0,0.0,0.5,0.0,1.0,0.5,1.0,0.0,Rule:Combined,fleet,40000,20000,0.18,B_fleet_size,CIDv2_OpelAstra,FS-B,1,6,CIDv2_Prototype|CIDv2_RenaultClio|CTT_Forester|CTT_Impala|CTT_Silverado|CTT_Traverse
59474,952,0.016006994653125734,0.9935546576034469,0.8591398719080566,58526,0.03288579995682486,False,0.6817226890756303,0.9938744257274119,6.835036396568812e-05,0.9962313923085221,7.482296632574741,1.0,1.0,0.7142857142857143,1.0,0.0,0.6666666666666666,1.0,1.0,0.5,1.0,0.0,True,0.6817226890756303,0.9923547400611621,8.543795495711015e-05,0.9943502893938485,9.352870790718425,1.0,1.0,0.7142857142857143,1.0,0.0,0.6666666666666666,1.0,1.0,0.5,1.0,0.0,True,0.6817226890756303,0.9338129496402877,0.0007860291856054134,0.9321192112604587,86.04641127460951,1.0,1.0,0.7142857142857143,1.0,0.0,0.6666666666666666,1.0,1.0,0.5,1.0,0.0,True,0.6817226890756303,0.917963224893918,0.0009910802775024777,0.9126433581074193,108.49330117233373,1.0,1.0,0.7142857142857143,1.0,0.0,0.6666666666666666,1.0,1.0,0.5,1.0,0.0,True,0.8771008403361344,0.5526141628060887,0.011551211510201291,0.17160984524359638,1264.508130905131,1.0,1.0,0.7142857142857143,1.0,0.6220735785953178,0.8333333333333334,1.0,1.0,0.5,1.0,1.0,HistGB,fleet,40000,20000,18.96,B_fleet_size,CIDv2_OpelAstra,FS-B,0,6,CIDv2_Prototype|CIDv2_RenaultClio|CTT_Forester|CTT_Impala|CTT_Silverado|ROAD_ORNL
59474,952,0.016006994653125734,0.9919562319305906,0.8354128247046254,58526,0.03288579995682486,False,0.6733193277310925,0.9922600619195047,8.543795495711015e-05,0.9953304529190065,9.352870790718425,0.6,1.0,0.42857142857142855,1.0,0.0,0.6666666666666666,1.0,1.0,0.5,1.0,0.0,True,0.6785714285714286,0.9877675840978594,0.00013670072793137624,0.9897848963737488,14.964593265149482,0.8,1.0,0.6428571428571429,1.0,0.0,0.6666666666666666,1.0,1.0,0.5,1.0,0.0,True,0.6817226890756303,0.9502196193265008,0.000580978093708349,0.9315325617790222,63.5995213768853,1.0,1.0,0.7142857142857143,1.0,0.0,0.6666666666666666,1.0,1.0,0.5,1.0,0.0,True,0.6817226890756303,0.9446870451237264,0.0006493284576740371,0.9205191135406494,71.08181800946005,1.0,1.0,0.7142857142857143,1.0,0.0,0.6666666666666666,1.0,1.0,0.5,1.0,0.0,True,0.7941176470588235,0.5365507452093683,0.011158196917398585,0.13640496134757996,1221.4849252678264,1.0,1.0,0.7142857142857143,1.0,0.35785953177257523,0.8333333333333334,1.0,1.0,0.5,1.0,1.0,XGBoost,fleet,40000,20000,6.68,B_fleet_size,CIDv2_OpelAstra,FS-B,0,6,CIDv2_Prototype|CIDv2_RenaultClio|CTT_Forester|CTT_Impala|CTT_Silverado|ROAD_ORNL
59474,952,0.016006994653125734,0.9995664741751935,0.9982263421360327,58526,0.03288579995682486,False,0.8382352941176471,1.0,0.0,3745.827462238201,0.0,1.0,1.0,1.0,0.0,0.49498327759197325,0.8333333333333334,1.0,1.0,1.0,0.0,1.0,True,0.9947478991596639,1.0,0.0,37.76188402383693,0.0,1.0,1.0,1.0,0.0,0.9933110367892977,0.8333333333333334,1.0,1.0,1.0,0.0,1.0,True,0.9957983193277311,0.92578125,0.0012986569153480743,15.976865204040369,142.1636360189201,1.0,1.0,1.0,0.0,0.9966555183946488,0.8333333333333334,1.0,1.0,1.0,0.0,1.0,True,0.9957983193277311,0.9221789883268483,0.0013670072793137624,15.701985077478902,149.6459326514948,1.0,1.0,1.0,0.0,0.9966555183946488,0.8333333333333334,1.0,1.0,1.0,0.0,1.0,True,0.9989495798319328,0.6034263959390863,0.010679744369638769,7.3144816890267474,1169.1088488398034,1.0,1.0,1.0,1.0,0.9966555183946488,1.0,1.0,1.0,1.0,1.0,1.0,Rule:Combined,fleet,40000,20000,0.18,B_fleet_size,CIDv2_OpelAstra,FS-B,0,6,CIDv2_Prototype|CIDv2_RenaultClio|CTT_Forester|CTT_Impala|CTT_Silverado|ROAD_ORNL
59474,952,0.016006994653125734,0.9935679220254453,0.8322957020633379,58526,0.03288579995682486,False,0.680672268907563,0.9938650306748467,6.835036396568812e-05,0.9978481552462993,7.482296632574741,0.9,1.0,0.7142857142857143,1.0,0.0,0.6666666666666666,1.0,1.0,0.5,1.0,0.0,True,0.6817226890756303,0.9938744257274119,6.835036396568812e-05,0.9969796959360393,7.482296632574741,1.0,1.0,0.7142857142857143,1.0,0.0,0.6666666666666666,1.0,1.0,0.5,1.0,0.0,True,0.6827731092436975,0.9219858156028369,0.0009398175045282117,0.9078163410189334,102.88157869790268,1.0,1.0,0.7142857142857143,1.0,0.0033444816053511705,0.8333333333333334,1.0,1.0,0.5,1.0,1.0,True,0.6827731092436975,0.9154929577464789,0.0010252554594853218,0.8829223280021855,112.23444948862112,1.0,1.0,0.7142857142857143,1.0,0.0033444816053511705,0.8333333333333334,1.0,1.0,0.5,1.0,1.0,True,0.7668067226890757,0.5195729537366548,0.01153412391920987,0.14828624861604428,1262.6375567469875,1.0,1.0,0.7142857142857143,1.0,0.2709030100334448,0.8333333333333334,1.0,1.0,0.5,1.0,1.0,HistGB,fleet,40000,20000,15.28,B_fleet_size,CIDv2_OpelAstra,FS-B,1,6,CIDv2_Prototype|CIDv2_RenaultClio|CTT_Forester|CTT_Impala|CTT_Silverado|ROAD_ORNL
59474,952,0.016006994653125734,0.9908085991650342,0.8234519909439862,58526,0.03288579995682486,False,0.6754201680672269,0.9938176197836167,6.835036396568812e-05,0.9965182542800904,7.482296632574741,0.7,0.9984025559105432,0.5714285714285714,1.0,0.0,0.6666666666666666,1.0,1.0,0.5,1.0,0.0,True,0.6817226890756303,0.9878234398782344,0.00013670072793137624,0.9893561005592346,14.964593265149482,1.0,1.0,0.7142857142857143,1.0,0.0,0.6666666666666666,1.0,1.0,0.5,1.0,0.0,True,0.6817226890756303,0.9205673758865248,0.0009569050955196336,0.8664318919181824,104.75215285604638,1.0,1.0,0.7142857142857143,1.0,0.0,0.6666666666666666,1.0,1.0,0.5,1.0,0.0,True,0.6817226890756303,0.8988919667590027,0.001247394142373808,0.8342404365539551,136.551913544489,1.0,1.0,0.7142857142857143,1.0,0.0,0.6666666666666666,1.0,1.0,0.5,1.0,0.0,True,0.7510504201680672,0.5308092056421678,0.010799357506578722,0.1681404411792755,1182.202867946809,1.0,1.0,0.7142857142857143,1.0,0.22073578595317725,0.8333333333333334,1.0,1.0,0.5,1.0,1.0,XGBoost,fleet,40000,20000,8.07,B_fleet_size,CIDv2_OpelAstra,FS-B,1,6,CIDv2_Prototype|CIDv2_RenaultClio|CTT_Forester|CTT_Impala|CTT_Silverado|ROAD_ORNL
59474,952,0.016006994653125734,0.9995696511747791,0.9982362330057375,58526,0.03288579995682486,False,0.8382352941176471,1.0,0.0,3727.050835504297,0.0,1.0,1.0,1.0,0.0,0.49498327759197325,0.8333333333333334,1.0,1.0,1.0,0.0,1.0,True,0.9947478991596639,1.0,0.0,37.5623387322089,0.0,1.0,1.0,1.0,0.0,0.9933110367892977,0.8333333333333334,1.0,1.0,1.0,0.0,1.0,True,0.9957983193277311,0.92578125,0.0012986569153480743,15.886461948055501,142.1636360189201,1.0,1.0,1.0,0.0,0.9966555183946488,0.8333333333333334,1.0,1.0,1.0,0.0,1.0,True,0.9957983193277311,0.9221789883268483,0.0013670072793137624,15.612958959462974,149.6459326514948,1.0,1.0,1.0,0.0,0.9966555183946488,0.8333333333333334,1.0,1.0,1.0,0.0,1.0,True,0.9989495798319328,0.6034263959390863,0.010679744369638769,7.267476613147707,1169.1088488398034,1.0,1.0,1.0,1.0,0.9966555183946488,1.0,1.0,1.0,1.0,1.0,1.0,Rule:Combined,fleet,40000,20000,0.18,B_fleet_size,CIDv2_OpelAstra,FS-B,1,6,CIDv2_Prototype|CIDv2_RenaultClio|CTT_Forester|CTT_Impala|CTT_Silverado|ROAD_ORNL
59474,952,0.016006994653125734,0.9949456449474291,0.8932281968474436,58526,0.03288579995682486,False,0.6722689075630253,0.9937888198757764,6.835036396568812e-05,0.9991438756437843,7.482296632574741,0.5,1.0,0.42857142857142855,1.0,0.0,0.6666666666666666,1.0,1.0,0.5,1.0,0.0,True,0.680672268907563,0.9893129770992366,0.0001196131369399542,0.9977164857361129,13.094019107005797,0.9,1.0,0.7142857142857143,1.0,0.0,0.6666666666666666,1.0,1.0,0.5,1.0,0.0,True,0.6827731092436975,0.927246790299572,0.0008714671405625235,0.9685303903714966,95.39928206532795,1.0,1.0,0.7142857142857143,1.0,0.0033444816053511705,0.8333333333333334,1.0,1.0,0.5,1.0,1.0,True,0.6827731092436975,0.9219858156028369,0.0009398175045282117,0.9632632356033203,102.88157869790268,1.0,1.0,0.7142857142857143,1.0,0.0033444816053511705,0.8333333333333334,1.0,1.0,0.5,1.0,1.0,True,0.9338235294117647,0.5887417218543046,0.01061139400567308,0.6055148665695922,1161.6265522072285,1.0,1.0,0.7142857142857143,1.0,0.802675585284281,0.8333333333333334,1.0,1.0,0.5,1.0,1.0,HistGB,fleet,40000,20000,14.08,B_fleet_size,CIDv2_OpelAstra,FS-B,0,6,CIDv2_Prototype|CIDv2_RenaultClio|CTT_Forester|CTT_Impala|CTT_Traverse|ROAD_ORNL
59474,952,0.016006994653125734,0.9949051516645755,0.9110818761267343,58526,0.03288579995682486,False,0.6701680672268907,0.9937694704049844,6.835036396568812e-05,0.9990195035934449,7.482296632574741,0.6,0.9984025559105432,0.2857142857142857,1.0,0.0,0.6666666666666666,1.0,1.0,0.5,1.0,0.0,True,0.6701680672268907,0.9937694704049844,6.835036396568812e-05,0.9990195035934449,7.482296632574741,0.6,0.9984025559105432,0.2857142857142857,1.0,0.0,0.6666666666666666,1.0,1.0,0.5,1.0,0.0,True,0.6859243697478992,0.9249291784702549,0.0009056423225453676,0.9736660122871399,99.14043038161533,1.0,1.0,0.7142857142857143,1.0,0.013377926421404682,0.8333333333333334,1.0,1.0,0.5,1.0,1.0,True,0.6953781512605042,0.8897849462365591,0.0014011824612966063,0.9572697877883911,153.3870809677822,1.0,1.0,0.7142857142857143,1.0,0.043478260869565216,0.8333333333333334,1.0,1.0,0.5,1.0,1.0,True,0.9495798319327731,0.5475469412477286,0.012764430470592256,0.27689120173454285,1397.3188961333328,1.0,1.0,0.7142857142857143,1.0,0.8528428093645485,0.8333333333333334,1.0,1.0,0.5,1.0,1.0,XGBoost,fleet,40000,20000,6.11,B_fleet_size,CIDv2_OpelAstra,FS-B,0,6,CIDv2_Prototype|CIDv2_RenaultClio|CTT_Forester|CTT_Impala|CTT_Traverse|ROAD_ORNL
59474,952,0.016006994653125734,0.999565361327881,0.9983417234383775,58526,0.03288579995682486,False,0.8382352941176471,1.0,0.0,3511.4162209955803,0.0,1.0,1.0,1.0,0.0,0.49498327759197325,0.8333333333333334,1.0,1.0,1.0,0.0,1.0,True,0.9947478991596639,1.0,0.0,35.41415582072345,0.0,1.0,1.0,1.0,0.0,0.9933110367892977,0.8333333333333334,1.0,1.0,1.0,0.0,1.0,True,0.9957983193277311,0.92578125,0.0012986569153480743,14.992518557803937,142.1636360189201,1.0,1.0,1.0,0.0,0.9966555183946488,0.8333333333333334,1.0,1.0,1.0,0.0,1.0,True,0.9957983193277311,0.9221789883268483,0.0013670072793137624,14.734841390040765,149.6459326514948,1.0,1.0,1.0,0.0,0.9966555183946488,0.8333333333333334,1.0,1.0,1.0,0.0,1.0,True,0.9989495798319328,0.6034263959390863,0.010679744369638769,6.872257271006293,1169.1088488398034,1.0,1.0,1.0,1.0,0.9966555183946488,1.0,1.0,1.0,1.0,1.0,1.0,Rule:Combined,fleet,40000,20000,0.18,B_fleet_size,CIDv2_OpelAstra,FS-B,0,6,CIDv2_Prototype|CIDv2_RenaultClio|CTT_Forester|CTT_Impala|CTT_Traverse|ROAD_ORNL
59474,952,0.016006994653125734,0.9948728252450634,0.8708661609304676,58526,0.03288579995682486,False,0.6659663865546218,0.9984251968503937,1.708759099142203e-05,0.9994929626855484,1.8705741581436852,0.3,0.9984025559105432,0.21428571428571427,1.0,0.0,0.6666666666666666,1.0,1.0,0.5,1.0,0.0,True,0.667016806722689,0.9984276729559748,1.708759099142203e-05,0.9993778343465486,1.8705741581436852,0.4,0.9984025559105432,0.21428571428571427,1.0,0.0,0.6666666666666666,1.0,1.0,0.5,1.0,0.0,True,0.6817226890756303,0.9365079365079365,0.0007518540036225693,0.9914677229311721,82.30526295832216,1.0,1.0,0.7142857142857143,1.0,0.0,0.6666666666666666,1.0,1.0,0.5,1.0,0.0,True,0.6817226890756303,0.9258202567760342,0.0008885547315539455,0.9886527282048745,97.26985622347162,1.0,1.0,0.7142857142857143,1.0,0.0,0.6666666666666666,1.0,1.0,0.5,1.0,0.0,True,0.9474789915966386,0.56375,0.011927138512012577,0.5472988465907525,1305.6607623842922,1.0,1.0,0.7142857142857143,1.0,0.8461538461538461,0.8333333333333334,1.0,1.0,0.5,1.0,1.0,HistGB,fleet,40000,20000,14.23,B_fleet_size,CIDv2_OpelAstra,FS-B,1,6,CIDv2_Prototype|CIDv2_RenaultClio|CTT_Forester|CTT_Impala|CTT_Traverse|ROAD_ORNL
59474,952,0.016006994653125734,0.9932133006649226,0.8596756298551089,58526,0.03288579995682486,False,0.6649159663865546,0.9906103286384976,0.00010252554594853218,0.9993264675140382,11.223444948862111,0.3,0.9968051118210862,0.21428571428571427,1.0,0.0,0.6666666666666666,1.0,1.0,0.5,1.0,0.0,True,0.6649159663865546,0.9906103286384976,0.00010252554594853218,0.9993264675140381,11.223444948862111,0.3,0.9968051118210862,0.21428571428571427,1.0,0.0,0.6666666666666666,1.0,1.0,0.5,1.0,0.0,True,0.6817226890756303,0.8939393939393939,0.0013157445063394964,0.9888379573822021,144.03421017706378,1.0,1.0,0.7142857142857143,1.0,0.0,0.6666666666666666,1.0,1.0,0.5,1.0,0.0,True,0.6817226890756303,0.8854024556616644,0.0014353576432794505,0.9874840378761292,157.12822928406956,1.0,1.0,0.7142857142857143,1.0,0.0,0.6666666666666666,1.0,1.0,0.5,1.0,0.0,True,0.9222689075630253,0.5535939470365699,0.012098014421926796,0.5503185987472534,1324.3665039657292,1.0,1.0,0.7142857142857143,1.0,0.7658862876254181,0.8333333333333334,1.0,1.0,0.5,1.0,1.0,XGBoost,fleet,40000,20000,8.31,B_fleet_size,CIDv2_OpelAstra,FS-B,1,6,CIDv2_Prototype|CIDv2_RenaultClio|CTT_Forester|CTT_Impala|CTT_Traverse|ROAD_ORNL
59474,952,0.016006994653125734,0.9995619868876432,0.9983190037562074,58526,0.03288579995682486,False,0.8382352941176471,1.0,0.0,3544.92356476283,0.0,1.0,1.0,1.0,0.0,0.49498327759197325,0.8333333333333334,1.0,1.0,1.0,0.0,1.0,True,0.9947478991596639,1.0,0.0,35.74797189033699,0.0,1.0,1.0,1.0,0.0,0.9933110367892977,0.8333333333333334,1.0,1.0,1.0,0.0,1.0,True,0.9957983193277311,0.92578125,0.0012986569153480743,15.131437066569099,142.1636360189201,1.0,1.0,1.0,0.0,0.9966555183946488,0.8333333333333334,1.0,1.0,1.0,0.0,1.0,True,0.9957983193277311,0.9221789883268483,0.0013670072793137624,14.871300723769151,149.6459326514948,1.0,1.0,1.0,0.0,0.9966555183946488,0.8333333333333334,1.0,1.0,1.0,0.0,1.0,True,0.9989495798319328,0.6034263959390863,0.010679744369638769,6.933679026675582,1169.1088488398034,1.0,1.0,1.0,1.0,0.9966555183946488,1.0,1.0,1.0,1.0,1.0,1.0,Rule:Combined,fleet,40000,20000,0.16,B_fleet_size,CIDv2_OpelAstra,FS-B,1,6,CIDv2_Prototype|CIDv2_RenaultClio|CTT_Forester|CTT_Impala|CTT_Traverse|ROAD_ORNL
59474,952,0.016006994653125734,0.9951613398853953,0.9085848065391017,58526,0.03288579995682486,False,0.6743697478991597,0.9953488372093023,5.126277297426609e-05,0.9996529294011606,5.611722474431056,0.6,1.0,0.5,1.0,0.0,0.6666666666666666,1.0,1.0,0.5,1.0,0.0,True,0.6764705882352942,0.9938271604938271,6.835036396568812e-05,0.9994121444415452,7.482296632574741,0.8,1.0,0.5,1.0,0.0,0.6666666666666666,1.0,1.0,0.5,1.0,0.0,True,0.6869747899159664,0.9008264462809917,0.0012303065513823862,0.9711677903569819,134.68133938634534,1.0,1.0,0.7142857142857143,1.0,0.016722408026755852,0.8333333333333334,1.0,1.0,0.5,1.0,1.0,True,0.694327731092437,0.8801597869507324,0.0015378831892279825,0.9566940484525251,168.35167423293166,1.0,1.0,0.7142857142857143,1.0,0.04013377926421405,0.8333333333333334,1.0,1.0,0.5,1.0,1.0,True,0.9275210084033614,0.6098066298342542,0.009654488910153447,0.46481949485113044,1056.874399351182,1.0,1.0,0.7142857142857143,1.0,0.782608695652174,0.8333333333333334,1.0,1.0,0.5,1.0,1.0,HistGB,fleet,40000,20000,21.95,B_fleet_size,CIDv2_OpelAstra,FS-B,0,6,CIDv2_Prototype|CIDv2_RenaultClio|CTT_Forester|CTT_Silverado|CTT_Traverse|ROAD_ORNL
59474,952,0.016006994653125734,0.996817831059152,0.9264530333437456,58526,0.03288579995682486,False,0.6743697478991597,0.9922720247295209,8.543795495711015e-05,0.9979569911956788,9.352870790718425,0.7,1.0,0.42857142857142855,1.0,0.0,0.6666666666666666,1.0,1.0,0.5,1.0,0.0,True,0.6754201680672269,0.9922839506172839,8.543795495711015e-05,0.9966685175895691,9.352870790718425,0.7,1.0,0.5,1.0,0.0,0.6666666666666666,1.0,1.0,0.5,1.0,0.0,True,0.7027310924369747,0.9065040650406504,0.00117904377840812,0.9108710885047913,129.06961691191424,1.0,1.0,0.7142857142857143,1.0,0.06688963210702341,0.8333333333333334,1.0,1.0,0.5,1.0,1.0,True,0.7195378151260504,0.8884565499351491,0.0014695328252622944,0.8690255284309387,160.8693776003569,1.0,1.0,0.7142857142857143,1.0,0.12040133779264214,0.8333333333333334,1.0,1.0,0.5,1.0,1.0,True,0.9726890756302521,0.5916932907348242,0.010918970643518676,0.3051554560661316,1195.2968870538148,1.0,1.0,0.7142857142857143,1.0,0.9264214046822743,0.8333333333333334,1.0,1.0,0.5,1.0,1.0,XGBoost,fleet,40000,20000,7.64,B_fleet_size,CIDv2_OpelAstra,FS-B,0,6,CIDv2_Prototype|CIDv2_RenaultClio|CTT_Forester|CTT_Silverado|CTT_Traverse|ROAD_ORNL
59474,952,0.016006994653125734,0.9995955159002188,0.9982204299932329,58526,0.03288579995682486,False,0.8382352941176471,1.0,0.0,3772.803241427793,0.0,1.0,1.0,1.0,0.0,0.49498327759197325,0.8333333333333334,1.0,1.0,1.0,0.0,1.0,True,0.9947478991596639,1.0,0.0,38.03416714199514,0.0,1.0,1.0,1.0,0.0,0.9933110367892977,0.8333333333333334,1.0,1.0,1.0,0.0,1.0,True,0.9957983193277311,0.92578125,0.0012986569153480743,16.092267900068286,142.1636360189201,1.0,1.0,1.0,0.0,0.9966555183946488,0.8333333333333334,1.0,1.0,1.0,0.0,1.0,True,0.9957983193277311,0.9221789883268483,0.0013670072793137624,15.815408251441161,149.6459326514948,1.0,1.0,1.0,0.0,0.9966555183946488,0.8333333333333334,1.0,1.0,1.0,0.0,1.0,True,0.9989495798319328,0.6034263959390863,0.010679744369638769,7.367503086254843,1169.1088488398034,1.0,1.0,1.0,1.0,0.9966555183946488,1.0,1.0,1.0,1.0,1.0,1.0,Rule:Combined,fleet,40000,20000,0.16,B_fleet_size,CIDv2_OpelAstra,FS-B,0,6,CIDv2_Prototype|CIDv2_RenaultClio|CTT_Forester|CTT_Silverado|CTT_Traverse|ROAD_ORNL
59474,952,0.016006994653125734,0.9908562541588182,0.8350938389598048,58526,0.03288579995682486,False,0.6817226890756303,0.9938744257274119,6.835036396568812e-05,0.9962110764939164,7.482296632574741,1.0,1.0,0.7142857142857143,1.0,0.0,0.6666666666666666,1.0,1.0,0.5,1.0,0.0,True,0.6817226890756303,0.9923547400611621,8.543795495711015e-05,0.9913103258349554,9.352870790718425,1.0,1.0,0.7142857142857143,1.0,0.0,0.6666666666666666,1.0,1.0,0.5,1.0,0.0,True,0.6817226890756303,0.9392185238784371,0.0007176788216397252,0.8557785602296593,78.56411464203478,1.0,1.0,0.7142857142857143,1.0,0.0,0.6666666666666666,1.0,1.0,0.5,1.0,0.0,True,0.6817226890756303,0.9231863442389758,0.0009227299135367896,0.8334734321851196,101.011004539759,1.0,1.0,0.7142857142857143,1.0,0.0,0.6666666666666666,1.0,1.0,0.5,1.0,0.0,True,0.7804621848739496,0.5728604471858134,0.009466525409247804,0.19504344623917613,1036.2980836116017,1.0,1.0,0.7142857142857143,1.0,0.31438127090301005,0.8333333333333334,1.0,1.0,0.5,1.0,1.0,HistGB,fleet,40000,20000,21.59,B_fleet_size,CIDv2_OpelAstra,FS-B,1,6,CIDv2_Prototype|CIDv2_RenaultClio|CTT_Forester|CTT_Silverado|CTT_Traverse|ROAD_ORNL
59474,952,0.016006994653125734,0.9963020083806737,0.9186638281304876,58526,0.03288579995682486,False,0.6743697478991597,0.9938080495356038,6.835036396568812e-05,0.9982373714447023,7.482296632574741,0.6,1.0,0.5,1.0,0.0,0.6666666666666666,1.0,1.0,0.5,1.0,0.0,True,0.680672268907563,0.9893129770992366,0.0001196131369399542,0.9895040988922119,13.094019107005797,0.9,1.0,0.7142857142857143,1.0,0.0,0.6666666666666666,1.0,1.0,0.5,1.0,0.0,True,0.6995798319327731,0.9301675977653632,0.0008543795495711015,0.8980804681777954,93.52870790718427,1.0,1.0,0.7142857142857143,1.0,0.056856187290969896,0.8333333333333334,1.0,1.0,0.5,1.0,1.0,True,0.7037815126050421,0.9241379310344827,0.0009398175045282117,0.8826748132705688,102.88157869790268,1.0,1.0,0.7142857142857143,1.0,0.07023411371237458,0.8333333333333334,1.0,1.0,0.5,1.0,1.0,True,0.9516806722689075,0.583386992916935,0.011055671371450053,0.32453009486198425,1210.2614803189642,1.0,1.0,0.7142857142857143,1.0,0.8595317725752508,0.8333333333333334,1.0,1.0,0.5,1.0,1.0,XGBoost,fleet,40000,20000,8.72,B_fleet_size,CIDv2_OpelAstra,FS-B,1,6,CIDv2_Prototype|CIDv2_RenaultClio|CTT_Forester|CTT_Silverado|CTT_Traverse|ROAD_ORNL
59474,952,0.016006994653125734,0.9995983877642509,0.998259874069708,58526,0.03288579995682486,False,0.8382352941176471,1.0,0.0,3682.770539468942,0.0,1.0,1.0,1.0,0.0,0.49498327759197325,0.8333333333333334,1.0,1.0,1.0,0.0,1.0,True,0.9947478991596639,1.0,0.0,37.13438117811541,0.0,1.0,1.0,1.0,0.0,0.9933110367892977,0.8333333333333334,1.0,1.0,1.0,0.0,1.0,True,0.9957983193277311,0.92578125,0.0012986569153480743,15.716137100914224,142.1636360189201,1.0,1.0,1.0,0.0,0.9966555183946488,0.8333333333333334,1.0,1.0,1.0,0.0,1.0,True,0.9957983193277311,0.9221789883268483,0.0013670072793137624,15.445884897272618,149.6459326514948,1.0,1.0,1.0,0.0,0.9966555183946488,0.8333333333333334,1.0,1.0,1.0,0.0,1.0,True,0.9989495798319328,0.6034263959390863,0.010679744369638769,7.199594770242373,1169.1088488398034,1.0,1.0,1.0,1.0,0.9966555183946488,1.0,1.0,1.0,1.0,1.0,1.0,Rule:Combined,fleet,40000,20000,0.18,B_fleet_size,CIDv2_OpelAstra,FS-B,1,6,CIDv2_Prototype|CIDv2_RenaultClio|CTT_Forester|CTT_Silverado|CTT_Traverse|ROAD_ORNL
59474,952,0.016006994653125734,0.9923818242310082,0.8245233397724333,58526,0.03288579995682486,False,0.667016806722689,0.9952978056426333,5.126277297426609e-05,0.999489582783072,5.611722474431056,0.3,1.0,0.21428571428571427,1.0,0.0,0.6666666666666666,1.0,1.0,0.5,1.0,0.0,True,0.6775210084033614,0.9938366718027735,6.835036396568812e-05,0.9989270038950598,7.482296632574741,0.7,1.0,0.6428571428571429,1.0,0.0,0.6666666666666666,1.0,1.0,0.5,1.0,0.0,True,0.6817226890756303,0.9271428571428572,0.0008714671405625235,0.9528562061565177,95.39928206532795,1.0,1.0,0.7142857142857143,1.0,0.0,0.6666666666666666,1.0,1.0,0.5,1.0,0.0,True,0.6817226890756303,0.9245014245014245,0.0009056423225453676,0.9455424131820315,99.14043038161533,1.0,1.0,0.7142857142857143,1.0,0.0,0.6666666666666666,1.0,1.0,0.5,1.0,0.0,True,0.7531512605042017,0.5498466257668712,0.010030415911964732,0.1920127626588946,1098.0270308303432,1.0,1.0,0.7142857142857143,1.0,0.22742474916387959,0.8333333333333334,1.0,1.0,0.5,1.0,1.0,HistGB,fleet,40000,20000,21.58,B_fleet_size,CIDv2_OpelAstra,FS-B,0,6,CIDv2_Prototype|CIDv2_RenaultClio|CTT_Impala|CTT_Silverado|CTT_Traverse|ROAD_ORNL
59474,952,0.016006994653125734,0.9941514847967826,0.8606977660647691,58526,0.03288579995682486,False,0.6596638655462185,1.0,0.0,0.9998503923416139,0.0,0.0,0.9984025559105432,0.0,1.0,0.0,0.3333333333333333,0.0,1.0,0.0,1.0,0.0,True,0.667016806722689,0.9937402190923318,6.835036396568812e-05,0.9992427825927734,7.482296632574741,0.4,1.0,0.14285714285714285,1.0,0.0,0.6666666666666666,1.0,1.0,0.5,1.0,0.0,True,0.6817226890756303,0.9284692417739628,0.0008543795495711015,0.9775640368461609,93.52870790718427,1.0,1.0,0.7142857142857143,1.0,0.0,0.6666666666666666,1.0,1.0,0.5,1.0,0.0,True,0.6817226890756303,0.917963224893918,0.0009910802775024777,0.9703187942504883,108.49330117233373,1.0,1.0,0.7142857142857143,1.0,0.0,0.6666666666666666,1.0,1.0,0.5,1.0,0.0,True,0.8497899159663865,0.5567790777701308,0.011004408598475787,0.22662818431854248,1204.649757844533,1.0,1.0,0.7142857142857143,1.0,0.5351170568561873,0.8333333333333334,1.0,1.0,0.5,1.0,1.0,XGBoost,fleet,40000,20000,7.71,B_fleet_size,CIDv2_OpelAstra,FS-B,0,6,CIDv2_Prototype|CIDv2_RenaultClio|CTT_Impala|CTT_Silverado|CTT_Traverse|ROAD_ORNL
59474,952,0.016006994653125734,0.9995991775268598,0.9983966227534797,58526,0.03288579995682486,False,0.8382352941176471,1.0,0.0,3406.320450160496,0.0,1.0,1.0,1.0,0.0,0.49498327759197325,0.8333333333333334,1.0,1.0,1.0,0.0,1.0,True,0.9947478991596639,1.0,0.0,34.32024911480542,0.0,1.0,1.0,1.0,0.0,0.9933110367892977,0.8333333333333334,1.0,1.0,1.0,0.0,1.0,True,0.9957983193277311,0.92578125,0.0012986569153480743,14.509627082976053,142.1636360189201,1.0,1.0,1.0,0.0,0.9966555183946488,0.8333333333333334,1.0,1.0,1.0,0.0,1.0,True,0.9957983193277311,0.9221789883268483,0.0013670072793137624,14.259659601358726,149.6459326514948,1.0,1.0,1.0,0.0,0.9966555183946488,0.8333333333333334,1.0,1.0,1.0,0.0,1.0,True,0.9989495798319328,0.6034263959390863,0.010679744369638769,6.632323550204215,1169.1088488398034,1.0,1.0,1.0,1.0,0.9966555183946488,1.0,1.0,1.0,1.0,1.0,1.0,Rule:Combined,fleet,40000,20000,0.18,B_fleet_size,CIDv2_OpelAstra,FS-B,0,6,CIDv2_Prototype|CIDv2_RenaultClio|CTT_Impala|CTT_Silverado|CTT_Traverse|ROAD_ORNL
59474,952,0.016006994653125734,0.9946738768642347,0.9028724899576792,58526,0.03288579995682486,False,0.6817226890756303,0.995398773006135,5.126277297426609e-05,0.9976796483836381,5.611722474431056,1.0,1.0,0.7142857142857143,1.0,0.0,0.6666666666666666,1.0,1.0,0.5,1.0,0.0,True,0.6817226890756303,0.9938744257274119,6.835036396568812e-05,0.9967471805145587,7.482296632574741,1.0,1.0,0.7142857142857143,1.0,0.0,0.6666666666666666,1.0,1.0,0.5,1.0,0.0,True,0.6817226890756303,0.921875,0.0009398175045282117,0.967688096993551,102.88157869790268,1.0,1.0,0.7142857142857143,1.0,0.0,0.6666666666666666,1.0,1.0,0.5,1.0,0.0,True,0.6817226890756303,0.9140845070422535,0.0010423430504767437,0.9559167351382639,114.10502364676478,1.0,1.0,0.7142857142857143,1.0,0.0,0.6666666666666666,1.0,1.0,0.5,1.0,0.0,True,0.9663865546218487,0.5893657911595132,0.01095314582550152,0.18648017883522536,1199.038035370102,1.0,1.0,0.7142857142857143,1.0,0.9063545150501672,0.8333333333333334,1.0,1.0,0.5,1.0,1.0,HistGB,fleet,40000,20000,17.43,B_fleet_size,CIDv2_OpelAstra,FS-B,1,6,CIDv2_Prototype|CIDv2_RenaultClio|CTT_Impala|CTT_Silverado|CTT_Traverse|ROAD_ORNL
59474,952,0.016006994653125734,0.9932935154171713,0.8823220188183157,58526,0.03288579995682486,False,0.6649159663865546,0.9952830188679245,5.126277297426609e-05,0.9992299079895021,5.611722474431056,0.2,0.9984025559105432,0.21428571428571427,1.0,0.0,0.6666666666666666,1.0,1.0,0.5,1.0,0.0,True,0.6701680672268907,0.9906832298136646,0.00010252554594853218,0.9984713196754456,11.223444948862111,0.6,0.9984025559105432,0.2857142857142857,1.0,0.0,0.6666666666666666,1.0,1.0,0.5,1.0,0.0,True,0.6817226890756303,0.9433139534883721,0.0006664160486654591,0.970238447189331,72.95239216760372,1.0,1.0,0.7142857142857143,1.0,0.0,0.6666666666666666,1.0,1.0,0.5,1.0,0.0,True,0.6817226890756303,0.9205673758865248,0.0009569050955196336,0.9617599844932556,104.75215285604638,1.0,1.0,0.7142857142857143,1.0,0.0,0.6666666666666666,1.0,1.0,0.5,1.0,0.0,True,0.9411764705882353,0.5736235595390525,0.011380335600287072,0.19786953926086426,1245.8023893236943,1.0,1.0,0.7142857142857143,1.0,0.8260869565217391,0.8333333333333334,1.0,1.0,0.5,1.0,1.0,XGBoost,fleet,40000,20000,10.46,B_fleet_size,CIDv2_OpelAstra,FS-B,1,6,CIDv2_Prototype|CIDv2_RenaultClio|CTT_Impala|CTT_Silverado|CTT_Traverse|ROAD_ORNL
59474,952,0.016006994653125734,0.9995973467135393,0.9983942055253442,58526,0.03288579995682486,False,0.8382352941176471,1.0,0.0,3419.4211396229693,0.0,1.0,1.0,1.0,0.0,0.49498327759197325,0.8333333333333334,1.0,1.0,1.0,0.0,1.0,True,0.9947478991596639,1.0,0.0,34.451611496479956,0.0,1.0,1.0,1.0,0.0,0.9933110367892977,0.8333333333333334,1.0,1.0,1.0,0.0,1.0,True,0.9957983193277311,0.92578125,0.0012986569153480743,14.56479136458265,142.1636360189201,1.0,1.0,1.0,0.0,0.9966555183946488,0.8333333333333334,1.0,1.0,1.0,0.0,1.0,True,0.9957983193277311,0.9221789883268483,0.0013670072793137624,14.313862452267662,149.6459326514948,1.0,1.0,1.0,0.0,0.9966555183946488,0.8333333333333334,1.0,1.0,1.0,0.0,1.0,True,0.9989495798319328,0.6034263959390863,0.010679744369638769,6.6571899651355215,1169.1088488398034,1.0,1.0,1.0,1.0,0.9966555183946488,1.0,1.0,1.0,1.0,1.0,1.0,Rule:Combined,fleet,40000,20000,0.19,B_fleet_size,CIDv2_OpelAstra,FS-B,1,6,CIDv2_Prototype|CIDv2_RenaultClio|CTT_Impala|CTT_Silverado|CTT_Traverse|ROAD_ORNL
59474,952,0.016006994653125734,0.9954380978323458,0.9110803550825648,58526,0.03288579995682486,False,0.6817226890756303,0.9938744257274119,6.835036396568812e-05,0.9950547700821111,7.482296632574741,1.0,1.0,0.7142857142857143,1.0,0.0,0.6666666666666666,1.0,1.0,0.5,1.0,0.0,True,0.6817226890756303,0.9908396946564886,0.00010252554594853218,0.9917443531441824,11.223444948862111,1.0,1.0,0.7142857142857143,1.0,0.0,0.6666666666666666,1.0,1.0,0.5,1.0,0.0,True,0.6817226890756303,0.8890410958904109,0.0013840948703051845,0.8696044653213391,151.51650680963849,1.0,1.0,0.7142857142857143,1.0,0.0,0.6666666666666666,1.0,1.0,0.5,1.0,0.0,True,0.6817226890756303,0.8878248974008208,0.0014011824612966063,0.8545189550944993,153.3870809677822,1.0,1.0,0.7142857142857143,1.0,0.0,0.6666666666666666,1.0,1.0,0.5,1.0,0.0,True,0.9747899159663865,0.5739022881880025,0.011773350193089779,0.16730036190454012,1288.825594960999,1.0,1.0,0.7142857142857143,1.0,0.9331103678929766,0.8333333333333334,1.0,1.0,0.5,1.0,1.0,HistGB,fleet,40000,20000,17.13,B_fleet_size,CIDv2_OpelAstra,FS-B,0,7,CIDv2_Prototype|CIDv2_RenaultClio|CTT_Forester|CTT_Impala|CTT_Silverado|CTT_Traverse|ROAD_ORNL
59474,952,0.016006994653125734,0.9943189324190085,0.8946622701179455,58526,0.03288579995682486,False,0.6701680672268907,0.9937694704049844,6.835036396568812e-05,0.9987778067588807,7.482296632574741,0.7,1.0,0.14285714285714285,1.0,0.0,0.6666666666666666,1.0,1.0,0.5,1.0,0.0,True,0.680672268907563,0.9878048780487805,0.00013670072793137624,0.9938533306121826,14.964593265149482,1.0,1.0,0.6428571428571429,1.0,0.0,0.6666666666666666,1.0,1.0,0.5,1.0,0.0,True,0.6838235294117647,0.889344262295082,0.0013840948703051845,0.9305023550987244,151.51650680963849,1.0,1.0,0.7142857142857143,1.0,0.006688963210702341,0.8333333333333334,1.0,1.0,0.5,1.0,1.0,True,0.6859243697478992,0.8753351206434317,0.0015891459622022488,0.9189898371696472,173.9633967073627,1.0,1.0,0.7142857142857143,1.0,0.013377926421404682,0.8333333333333334,1.0,1.0,0.5,1.0,1.0,True,0.9516806722689075,0.5514303104077907,0.012593554560678035,0.23967686295509338,1378.6131545518958,1.0,1.0,0.7142857142857143,1.0,0.8595317725752508,0.8333333333333334,1.0,1.0,0.5,1.0,1.0,XGBoost,fleet,40000,20000,8.22,B_fleet_size,CIDv2_OpelAstra,FS-B,0,7,CIDv2_Prototype|CIDv2_RenaultClio|CTT_Forester|CTT_Impala|CTT_Silverado|CTT_Traverse|ROAD_ORNL
59474,952,0.016006994653125734,0.9951404739982865,0.8303924850588355,58526,0.03288579995682486,False,0.6649159663865546,0.9738461538461538,0.0002904890468541745,15625.000000000002,31.79976068844265,0.0,1.0,0.2857142857142857,1.0,0.0,0.5,0.0,1.0,0.5,1.0,0.0,True,0.6649159663865546,0.9738461538461538,0.0002904890468541745,15625.000000000002,31.79976068844265,0.0,1.0,0.2857142857142857,1.0,0.0,0.5,0.0,1.0,0.5,1.0,0.0,True,0.6649159663865546,0.9738461538461538,0.0002904890468541745,15625.000000000002,31.79976068844265,0.0,1.0,0.2857142857142857,1.0,0.0,0.5,0.0,1.0,0.5,1.0,0.0,True,0.6649159663865546,0.9738461538461538,0.0002904890468541745,15625.000000000002,31.79976068844265,0.0,1.0,0.2857142857142857,1.0,0.0,0.5,0.0,1.0,0.5,1.0,0.0,True,0.6649159663865546,0.9738461538461538,0.0002904890468541745,15625.000000000002,31.79976068844265,0.0,1.0,0.2857142857142857,1.0,0.0,0.5,0.0,1.0,0.5,1.0,0.0,Rule:Combined,fleet,40000,20000,0.2,B_fleet_size,CIDv2_OpelAstra,FS-B,0,7,CIDv2_Prototype|CIDv2_RenaultClio|CTT_Forester|CTT_Impala|CTT_Silverado|CTT_Traverse|ROAD_ORNL
59474,952,0.016006994653125734,0.9933451910206003,0.8664403806544974,58526,0.03288579995682486,False,0.6796218487394958,0.9938556067588326,6.835036396568812e-05,0.999118880785416,7.482296632574741,1.0,1.0,0.5714285714285714,1.0,0.0,0.6666666666666666,1.0,1.0,0.5,1.0,0.0,True,0.6817226890756303,0.9923547400611621,8.543795495711015e-05,0.9979721053262132,9.352870790718425,1.0,1.0,0.7142857142857143,1.0,0.0,0.6666666666666666,1.0,1.0,0.5,1.0,0.0,True,0.6817226890756303,0.9378612716763006,0.0007347664126311472,0.9726311373341316,80.43468880017845,1.0,1.0,0.7142857142857143,1.0,0.0,0.6666666666666666,1.0,1.0,0.5,1.0,0.0,True,0.6817226890756303,0.9297994269340975,0.0008372919585796795,0.9685232183825114,91.65813374904057,1.0,1.0,0.7142857142857143,1.0,0.0,0.6666666666666666,1.0,1.0,0.5,1.0,0.0,True,0.8886554621848739,0.5493506493506494,0.011858788148046888,0.3373397833311499,1298.1784657517173,1.0,1.0,0.7142857142857143,1.0,0.6588628762541806,0.8333333333333334,1.0,1.0,0.5,1.0,1.0,HistGB,fleet,40000,20000,16.11,B_fleet_size,CIDv2_OpelAstra,FS-B,1,7,CIDv2_Prototype|CIDv2_RenaultClio|CTT_Forester|CTT_Impala|CTT_Silverado|CTT_Traverse|ROAD_ORNL
59474,952,0.016006994653125734,0.9940690084516086,0.8747812814387378,58526,0.03288579995682486,False,0.667016806722689,0.9952978056426333,5.126277297426609e-05,0.9993562102317811,5.611722474431056,0.4,0.9984025559105432,0.21428571428571427,1.0,0.0,0.6666666666666666,1.0,1.0,0.5,1.0,0.0,True,0.6754201680672269,0.9892307692307692,0.0001196131369399542,0.9983806610107422,13.094019107005797,0.8,0.9984025559105432,0.5,1.0,0.0,0.6666666666666666,1.0,1.0,0.5,1.0,0.0,True,0.6817226890756303,0.9102384291725105,0.00109360582345101,0.974999725818634,119.71674612119585,1.0,1.0,0.7142857142857143,1.0,0.0,0.6666666666666666,1.0,1.0,0.5,1.0,0.0,True,0.6817226890756303,0.8988919667590027,0.001247394142373808,0.9662050604820251,136.551913544489,1.0,1.0,0.7142857142857143,1.0,0.0,0.6666666666666666,1.0,1.0,0.5,1.0,0.0,True,0.9054621848739496,0.5404388714733542,0.012525204196712348,0.3154957890510559,1371.1308579193212,1.0,1.0,0.7142857142857143,1.0,0.7123745819397993,0.8333333333333334,1.0,1.0,0.5,1.0,1.0,XGBoost,fleet,40000,20000,10.11,B_fleet_size,CIDv2_OpelAstra,FS-B,1,7,CIDv2_Prototype|CIDv2_RenaultClio|CTT_Forester|CTT_Impala|CTT_Silverado|CTT_Traverse|ROAD_ORNL
59474,952,0.016006994653125734,0.9951422868624569,0.8303926497077363,58526,0.03288579995682486,False,0.6649159663865546,0.9738461538461538,0.0002904890468541745,15625.000000000002,31.79976068844265,0.0,1.0,0.2857142857142857,1.0,0.0,0.5,0.0,1.0,0.5,1.0,0.0,True,0.6649159663865546,0.9738461538461538,0.0002904890468541745,15625.000000000002,31.79976068844265,0.0,1.0,0.2857142857142857,1.0,0.0,0.5,0.0,1.0,0.5,1.0,0.0,True,0.6649159663865546,0.9738461538461538,0.0002904890468541745,15625.000000000002,31.79976068844265,0.0,1.0,0.2857142857142857,1.0,0.0,0.5,0.0,1.0,0.5,1.0,0.0,True,0.6649159663865546,0.9738461538461538,0.0002904890468541745,15625.000000000002,31.79976068844265,0.0,1.0,0.2857142857142857,1.0,0.0,0.5,0.0,1.0,0.5,1.0,0.0,True,0.6649159663865546,0.9738461538461538,0.0002904890468541745,15625.000000000002,31.79976068844265,0.0,1.0,0.2857142857142857,1.0,0.0,0.5,0.0,1.0,0.5,1.0,0.0,Rule:Combined,fleet,40000,20000,0.15,B_fleet_size,CIDv2_OpelAstra,FS-B,1,7,CIDv2_Prototype|CIDv2_RenaultClio|CTT_Forester|CTT_Impala|CTT_Silverado|CTT_Traverse|ROAD_ORNL
59474,952,0.016006994653125734,0.8625215712887118,0.6732509673618385,58526,0.03288579995682486,False,0.6554621848739496,1.0,0.0,0.9817008124005813,0.0,0.0,0.9968051118210862,0.0,0.0,0.0,0.16666666666666666,0.0,1.0,0.0,0.0,0.0,True,0.6554621848739496,1.0,0.0,0.9817008124005813,0.0,0.0,0.9968051118210862,0.0,0.0,0.0,0.16666666666666666,0.0,1.0,0.0,0.0,0.0,True,0.6554621848739496,0.8838526912181303,0.0014011824612966063,0.9817008124005812,153.3870809677822,0.0,0.9968051118210862,0.0,0.0,0.0,0.16666666666666666,0.0,1.0,0.0,0.0,0.0,True,0.6554621848739496,0.8838526912181303,0.0014011824612966063,0.9817008124005812,153.3870809677822,0.0,0.9968051118210862,0.0,0.0,0.0,0.16666666666666666,0.0,1.0,0.0,0.0,0.0,True,0.657563025210084,0.7220299884659747,0.004118109428932709,0.9793822180311138,450.8083721126281,0.0,0.9968051118210862,0.0,0.3333333333333333,0.0033444816053511705,0.5,0.0,1.0,0.0,1.0,1.0,HistGB,fleet,10934,1058,6.32,B_fleet_size,CIDv2_OpelAstra,FS-A,0,1,CIDv2_Prototype
59474,952,0.016006994653125734,0.8303683610760184,0.6750850212155968,58526,0.03288579995682486,False,0.6554621848739496,1.0,0.0,0.9980623126029969,0.0,0.0,0.9968051118210862,0.0,0.0,0.0,0.16666666666666666,0.0,1.0,0.0,0.0,0.0,True,0.6554621848739496,0.9968051118210862,3.417518198284406e-05,0.9977446794509888,3.7411483162873704,0.0,0.9968051118210862,0.0,0.0,0.0,0.16666666666666666,0.0,1.0,0.0,0.0,0.0,True,0.6565126050420168,0.9164222873900293,0.0009739926865110557,0.9974466562271118,106.62272701419006,0.0,0.9968051118210862,0.0,0.0,0.0033444816053511705,0.3333333333333333,0.0,1.0,0.0,0.0,1.0,True,0.6565126050420168,0.9071117561683599,0.00109360582345101,0.9973924160003662,119.71674612119585,0.0,0.9968051118210862,0.0,0.0,0.0033444816053511705,0.3333333333333333,0.0,1.0,0.0,0.0,1.0,True,0.6628151260504201,0.4956794972505892,0.010970233416492944,0.9968403577804565,1200.908609528246,0.0,0.9968051118210862,0.07142857142857142,0.0,0.020066889632107024,0.5,0.0,1.0,0.5,0.0,1.0,XGBoost,fleet,10934,1058,2.91,B_fleet_size,CIDv2_OpelAstra,FS-A,0,1,CIDv2_Prototype
59474,952,0.016006994653125734,0.8625215712887118,0.6732509673618385,58526,0.03288579995682486,False,0.6554621848739496,1.0,0.0,0.9817008124005813,0.0,0.0,0.9968051118210862,0.0,0.0,0.0,0.16666666666666666,0.0,1.0,0.0,0.0,0.0,True,0.6554621848739496,1.0,0.0,0.9817008124005813,0.0,0.0,0.9968051118210862,0.0,0.0,0.0,0.16666666666666666,0.0,1.0,0.0,0.0,0.0,True,0.6554621848739496,0.8838526912181303,0.0014011824612966063,0.9817008124005812,153.3870809677822,0.0,0.9968051118210862,0.0,0.0,0.0,0.16666666666666666,0.0,1.0,0.0,0.0,0.0,True,0.6554621848739496,0.8838526912181303,0.0014011824612966063,0.9817008124005812,153.3870809677822,0.0,0.9968051118210862,0.0,0.0,0.0,0.16666666666666666,0.0,1.0,0.0,0.0,0.0,True,0.657563025210084,0.7220299884659747,0.004118109428932709,0.9793822180311138,450.8083721126281,0.0,0.9968051118210862,0.0,0.3333333333333333,0.0033444816053511705,0.5,0.0,1.0,0.0,1.0,1.0,HistGB,fleet,10934,1058,5.7,B_fleet_size,CIDv2_OpelAstra,FS-A,1,1,CIDv2_Prototype
59474,952,0.016006994653125734,0.8303683610760184,0.6750850212155968,58526,0.03288579995682486,False,0.6554621848739496,1.0,0.0,0.9980623126029969,0.0,0.0,0.9968051118210862,0.0,0.0,0.0,0.16666666666666666,0.0,1.0,0.0,0.0,0.0,True,0.6554621848739496,0.9968051118210862,3.417518198284406e-05,0.9977446794509888,3.7411483162873704,0.0,0.9968051118210862,0.0,0.0,0.0,0.16666666666666666,0.0,1.0,0.0,0.0,0.0,True,0.6565126050420168,0.9164222873900293,0.0009739926865110557,0.9974466562271118,106.62272701419006,0.0,0.9968051118210862,0.0,0.0,0.0033444816053511705,0.3333333333333333,0.0,1.0,0.0,0.0,1.0,True,0.6565126050420168,0.9071117561683599,0.00109360582345101,0.9973924160003662,119.71674612119585,0.0,0.9968051118210862,0.0,0.0,0.0033444816053511705,0.3333333333333333,0.0,1.0,0.0,0.0,1.0,True,0.6628151260504201,0.4956794972505892,0.010970233416492944,0.9968403577804565,1200.908609528246,0.0,0.9968051118210862,0.07142857142857142,0.0,0.020066889632107024,0.5,0.0,1.0,0.5,0.0,1.0,XGBoost,fleet,10934,1058,2.74,B_fleet_size,CIDv2_OpelAstra,FS-A,1,1,CIDv2_Prototype
59474,952,0.016006994653125734,0.5,0.016006994653125734,58526,0.03288579995682486,False,0.0,0.0,0.0,0.9964539601686093,0.0,0.0,0.0,0.0,0.0,0.0,0.0,0.0,0.0,0.0,0.0,0.0,True,0.0,0.0,0.0,0.9964539601686093,0.0,0.0,0.0,0.0,0.0,0.0,0.0,0.0,0.0,0.0,0.0,0.0,True,0.0,0.0,0.0,0.9964539601686093,0.0,0.0,0.0,0.0,0.0,0.0,0.0,0.0,0.0,0.0,0.0,0.0,True,0.0,0.0,0.0,0.9964539601686093,0.0,0.0,0.0,0.0,0.0,0.0,0.0,0.0,0.0,0.0,0.0,0.0,True,0.0,0.0,0.0,0.9964539601686093,0.0,0.0,0.0,0.0,0.0,0.0,0.0,0.0,0.0,0.0,0.0,0.0,HistGB,fleet,17309,864,7.05,B_fleet_size,CIDv2_OpelAstra,FS-A,0,1,CIDv2_RenaultClio
59474,952,0.016006994653125734,0.8117576500714089,0.3569896450912964,58526,0.03288579995682486,False,0.0,0.0,0.0,0.9999835491180421,0.0,0.0,0.0,0.0,0.0,0.0,0.0,0.0,0.0,0.0,0.0,0.0,True,0.0,0.0,0.0,0.9999818801879883,0.0,0.0,0.0,0.0,0.0,0.0,0.0,0.0,0.0,0.0,0.0,0.0,True,0.0,0.0,0.0008372919585796795,0.9999725818634033,91.65813374904057,0.0,0.0,0.0,0.0,0.0,0.0,0.0,0.0,0.0,0.0,0.0,True,0.0,0.0,0.0009739926865110557,0.999971866607666,106.62272701419006,0.0,0.0,0.0,0.0,0.0,0.0,0.0,0.0,0.0,0.0,0.0,True,0.0,0.0,0.00782611667407129,0.9999542236328125,856.7229644298078,0.0,0.0,0.0,0.0,0.0,0.0,0.0,0.0,0.0,0.0,0.0,XGBoost,fleet,17309,864,4.36,B_fleet_size,CIDv2_OpelAstra,FS-A,0,1,CIDv2_RenaultClio
59474,952,0.016006994653125734,0.5,0.016006994653125734,58526,0.03288579995682486,False,0.0,0.0,0.0,0.9964539601686093,0.0,0.0,0.0,0.0,0.0,0.0,0.0,0.0,0.0,0.0,0.0,0.0,True,0.0,0.0,0.0,0.9964539601686093,0.0,0.0,0.0,0.0,0.0,0.0,0.0,0.0,0.0,0.0,0.0,0.0,True,0.0,0.0,0.0,0.9964539601686093,0.0,0.0,0.0,0.0,0.0,0.0,0.0,0.0,0.0,0.0,0.0,0.0,True,0.0,0.0,0.0,0.9964539601686093,0.0,0.0,0.0,0.0,0.0,0.0,0.0,0.0,0.0,0.0,0.0,0.0,True,0.0,0.0,0.0,0.9964539601686093,0.0,0.0,0.0,0.0,0.0,0.0,0.0,0.0,0.0,0.0,0.0,0.0,HistGB,fleet,17309,864,7.19,B_fleet_size,CIDv2_OpelAstra,FS-A,1,1,CIDv2_RenaultClio
59474,952,0.016006994653125734,0.8117576500714089,0.3569896450912964,58526,0.03288579995682486,False,0.0,0.0,0.0,0.9999835491180421,0.0,0.0,0.0,0.0,0.0,0.0,0.0,0.0,0.0,0.0,0.0,0.0,True,0.0,0.0,0.0,0.9999818801879883,0.0,0.0,0.0,0.0,0.0,0.0,0.0,0.0,0.0,0.0,0.0,0.0,True,0.0,0.0,0.0008372919585796795,0.9999725818634033,91.65813374904057,0.0,0.0,0.0,0.0,0.0,0.0,0.0,0.0,0.0,0.0,0.0,True,0.0,0.0,0.0009739926865110557,0.999971866607666,106.62272701419006,0.0,0.0,0.0,0.0,0.0,0.0,0.0,0.0,0.0,0.0,0.0,True,0.0,0.0,0.00782611667407129,0.9999542236328125,856.7229644298078,0.0,0.0,0.0,0.0,0.0,0.0,0.0,0.0,0.0,0.0,0.0,XGBoost,fleet,17309,864,4.29,B_fleet_size,CIDv2_OpelAstra,FS-A,1,1,CIDv2_RenaultClio
59474,952,0.016006994653125734,0.6767309406589608,0.039497643467080144,58526,0.03288579995682486,False,0.0,0.0,0.0,0.9999628919566864,0.0,0.0,0.0,0.0,0.0,0.0,0.0,0.0,0.0,0.0,0.0,0.0,True,0.0,0.0,0.0,0.9999628919566864,0.0,0.0,0.0,0.0,0.0,0.0,0.0,0.0,0.0,0.0,0.0,0.0,True,0.0,0.0,0.00010252554594853218,0.9999561864749096,11.223444948862111,0.0,0.0,0.0,0.0,0.0,0.0,0.0,0.0,0.0,0.0,0.0,True,0.0,0.0,0.00010252554594853218,0.9999555888667911,11.223444948862111,0.0,0.0,0.0,0.0,0.0,0.0,0.0,0.0,0.0,0.0,0.0,True,0.004201680672268907,0.01020408163265306,0.006629985304671748,0.9999385432100197,725.7827733597499,0.0,0.0,0.0,0.3333333333333333,0.010033444816053512,0.3333333333333333,0.0,0.0,0.0,1.0,1.0,HistGB,fleet,40000,20000,18.3,B_fleet_size,CIDv2_OpelAstra,FS-A,0,1,CTT_Forester
59474,952,0.016006994653125734,0.8177924505299881,0.6493181598491837,58526,0.03288579995682486,False,0.0,0.0,6.835036396568812e-05,0.9999979734420777,7.482296632574741,0.0,0.0,0.0,0.0,0.0,0.0,0.0,0.0,0.0,0.0,0.0,True,0.0,0.0,0.00013670072793137624,0.999997615814209,14.964593265149482,0.0,0.0,0.0,0.0,0.0,0.0,0.0,0.0,0.0,0.0,0.0,True,0.657563025210084,0.8682385575589459,0.0016233211441850927,0.9999960660934448,177.7045450236501,0.0,0.9968051118210862,0.0,0.0,0.006688963210702341,0.3333333333333333,0.0,1.0,0.0,0.0,1.0,True,0.657563025210084,0.8682385575589459,0.0016233211441850927,0.9999960660934448,177.7045450236501,0.0,0.9968051118210862,0.0,0.0,0.006688963210702341,0.3333333333333333,0.0,1.0,0.0,0.0,1.0,True,0.6628151260504201,0.3909541511771995,0.016797101944567856,0.999992847442627,1838.7743974552427,0.0,0.9984025559105432,0.0,0.0,0.020066889632107024,0.3333333333333333,0.0,1.0,0.0,0.0,1.0,XGBoost,fleet,40000,20000,11.9,B_fleet_size,CIDv2_OpelAstra,FS-A,0,1,CTT_Forester
59474,952,0.016006994653125734,0.8166525448735934,0.6551226075808488,58526,0.03288579995682486,False,0.0,0.0,0.0,0.9999810612851171,0.0,0.0,0.0,0.0,0.0,0.0,0.0,0.0,0.0,0.0,0.0,0.0,True,0.0,0.0,6.835036396568812e-05,0.9999800329858234,7.482296632574741,0.0,0.0,0.0,0.0,0.0,0.0,0.0,0.0,0.0,0.0,0.0,True,0.6565126050420168,0.9164222873900293,0.0009739926865110557,0.9999755638346912,106.62272701419006,0.0,0.9984025559105432,0.0,0.0,0.0,0.16666666666666666,0.0,1.0,0.0,0.0,0.0,True,0.6565126050420168,0.8852691218130312,0.0013840948703051845,0.9999751389708492,151.51650680963849,0.0,0.9984025559105432,0.0,0.0,0.0,0.16666666666666666,0.0,1.0,0.0,0.0,0.0,True,0.6586134453781513,0.5504828797190519,0.00874884658760808,0.9999621607131298,957.7339689695668,0.0,0.9984025559105432,0.0,0.3333333333333333,0.0033444816053511705,0.5,0.0,1.0,0.0,1.0,1.0,HistGB,fleet,40000,20000,32.89,B_fleet_size,CIDv2_OpelAstra,FS-A,1,1,CTT_Forester
59474,952,0.016006994653125734,0.8081918180450132,0.4387074026597369,58526,0.03288579995682486,False,0.0,0.0,6.835036396568812e-05,0.999998688697815,7.482296632574741,0.0,0.0,0.0,0.0,0.0,0.0,0.0,0.0,0.0,0.0,0.0,True,0.0,0.0,0.0001708759099142203,0.9999984502792358,18.70574158143685,0.0,0.0,0.0,0.0,0.0,0.0,0.0,0.0,0.0,0.0,0.0,True,0.0,0.0,0.002306824783841974,0.9999974966049194,252.52751134939746,0.0,0.0,0.0,0.0,0.0,0.0,0.0,0.0,0.0,0.0,0.0,True,0.0,0.0,0.002306824783841974,0.9999974966049194,252.52751134939746,0.0,0.0,0.0,0.0,0.0,0.0,0.0,0.0,0.0,0.0,0.0,True,0.6565126050420168,0.45454545454545453,0.012815693243566522,0.9999958276748657,1402.930618607764,0.0,0.9968051118210862,0.0,0.0,0.0033444816053511705,0.3333333333333333,0.0,1.0,0.0,0.0,1.0,XGBoost,fleet,40000,20000,9.88,B_fleet_size,CIDv2_OpelAstra,FS-A,1,1,CTT_Forester
59474,952,0.016006994653125734,0.8489675038533235,0.6840611473291571,58526,0.03288579995682486,False,0.657563025210084,1.0,0.0,0.9999516417944476,0.0,0.0,1.0,0.0,0.0,0.0,0.16666666666666666,0.0,1.0,0.0,0.0,0.0,True,0.657563025210084,0.9968152866242038,3.417518198284406e-05,0.9999248980953868,3.7411483162873704,0.0,1.0,0.0,0.0,0.0,0.16666666666666666,0.0,1.0,0.0,0.0,0.0,True,0.6617647058823529,0.9445277361319341,0.0006322408666826151,0.9998380110122795,69.21124385131634,0.0,1.0,0.0,0.0,0.013377926421404682,0.3333333333333333,0.0,1.0,0.0,0.0,1.0,True,0.6617647058823529,0.9333333333333333,0.0007689415946139913,0.9998269626143264,84.17583711646583,0.0,1.0,0.0,0.0,0.013377926421404682,0.3333333333333333,0.0,1.0,0.0,0.0,1.0,True,0.6691176470588235,0.4858886346300534,0.011517036328218449,0.9993570074514677,1260.7669825888438,0.0,1.0,0.0,0.0,0.03678929765886288,0.3333333333333333,0.0,1.0,0.0,0.0,1.0,HistGB,fleet,40000,20000,33.96,B_fleet_size,CIDv2_OpelAstra,FS-A,0,1,CTT_Silverado
59474,952,0.016006994653125734,0.8490110036188359,0.6840126728329519,58526,0.03288579995682486,False,0.657563025210084,1.0,0.0,0.9999796152114869,0.0,0.0,1.0,0.0,0.0,0.0,0.16666666666666666,0.0,1.0,0.0,0.0,0.0,True,0.657563025210084,0.9952305246422893,5.126277297426609e-05,0.9999737739562988,5.611722474431056,0.0,1.0,0.0,0.0,0.0,0.16666666666666666,0.0,1.0,0.0,0.0,0.0,True,0.6607142857142857,0.9063400576368876,0.0011106934144424318,0.9998568296432495,121.58732027933954,0.0,1.0,0.0,0.0,0.010033444816053512,0.3333333333333333,0.0,1.0,0.0,0.0,1.0,True,0.6607142857142857,0.9050359712230216,0.001127781005433854,0.9998536109924316,123.45789443748322,0.0,1.0,0.0,0.0,0.010033444816053512,0.3333333333333333,0.0,1.0,0.0,0.0,1.0,True,0.6680672268907563,0.48036253776435045,0.011756262602098356,0.9991162419319153,1286.9550208028552,0.0,1.0,0.0,0.0,0.033444816053511704,0.3333333333333333,0.0,1.0,0.0,0.0,1.0,XGBoost,fleet,40000,20000,10.13,B_fleet_size,CIDv2_OpelAstra,FS-A,0,1,CTT_Silverado
59474,952,0.016006994653125734,0.8426364795944009,0.6806069564721499,58526,0.03288579995682486,False,0.6565126050420168,1.0,0.0,0.9999666632468116,0.0,0.0,0.9984025559105432,0.0,0.0,0.0,0.16666666666666666,0.0,1.0,0.0,0.0,0.0,True,0.657563025210084,0.9936507936507937,6.835036396568812e-05,0.9999374048582134,7.482296632574741,0.0,1.0,0.0,0.0,0.0,0.16666666666666666,0.0,1.0,0.0,0.0,0.0,True,0.6596638655462185,0.9457831325301205,0.0006151532756911931,0.9998322871928371,67.34066969317267,0.0,1.0,0.0,0.0,0.006688963210702341,0.3333333333333333,0.0,1.0,0.0,0.0,1.0,True,0.6596638655462185,0.9373134328358209,0.0007176788216397252,0.9998178610500231,78.56411464203478,0.0,1.0,0.0,0.0,0.006688963210702341,0.3333333333333333,0.0,1.0,0.0,0.0,1.0,True,0.6659663865546218,0.46345029239766083,0.012542291787703769,0.9990611176474461,1373.0014320774649,0.0,1.0,0.0,0.0,0.026755852842809364,0.3333333333333333,0.0,1.0,0.0,0.0,1.0,HistGB,fleet,40000,20000,31.58,B_fleet_size,CIDv2_OpelAstra,FS-A,1,1,CTT_Silverado
59474,952,0.016006994653125734,0.8482638163942656,0.6830943394019707,58526,0.03288579995682486,False,0.657563025210084,1.0,0.0,0.9999779462814332,0.0,0.0,1.0,0.0,0.0,0.0,0.16666666666666666,0.0,1.0,0.0,0.0,0.0,True,0.657563025210084,0.9952305246422893,5.126277297426609e-05,0.9999688863754272,5.611722474431056,0.0,1.0,0.0,0.0,0.0,0.16666666666666666,0.0,1.0,0.0,0.0,0.0,True,0.6607142857142857,0.9195906432748538,0.0009398175045282117,0.9998483657836914,102.88157869790268,0.0,1.0,0.0,0.0,0.010033444816053512,0.3333333333333333,0.0,1.0,0.0,0.0,1.0,True,0.6607142857142857,0.9129172714078374,0.0010252554594853218,0.9998365640640259,112.23444948862112,0.0,1.0,0.0,0.0,0.010033444816053512,0.3333333333333333,0.0,1.0,0.0,0.0,1.0,True,0.6649159663865546,0.5419520547945206,0.009141861180410786,0.999325156211853,1000.7571746068716,0.0,1.0,0.0,0.0,0.023411371237458192,0.3333333333333333,0.0,1.0,0.0,0.0,1.0,XGBoost,fleet,40000,20000,8.71,B_fleet_size,CIDv2_OpelAstra,FS-A,1,1,CTT_Silverado
59474,952,0.016006994653125734,0.4936794221464943,0.021444103662963822,58526,0.03288579995682486,False,0.0,0.0,5.126277297426609e-05,0.9999970325919245,5.611722474431056,0.0,0.0,0.0,0.0,0.0,0.0,0.0,0.0,0.0,0.0,0.0,True,0.0,0.0,0.00015378831892279827,0.9999963086808908,16.835167423293168,0.0,0.0,0.0,0.0,0.0,0.0,0.0,0.0,0.0,0.0,0.0,True,0.0010504201680672268,0.014285714285714285,0.00117904377840812,0.9999938487219631,129.06961691191424,0.1,0.0,0.0,0.0,0.0,0.16666666666666666,1.0,0.0,0.0,0.0,0.0,True,0.0021008403361344537,0.02531645569620253,0.0013157445063394964,0.9999936723433804,144.03421017706378,0.1,0.0,0.0,0.0,0.0033444816053511705,0.3333333333333333,1.0,0.0,0.0,0.0,1.0,True,0.005252100840336135,0.006009615384615385,0.014131437749906018,0.9999849573847541,1546.9648287848274,0.2,0.0,0.0,0.0,0.010033444816053512,0.3333333333333333,1.0,0.0,0.0,0.0,1.0,HistGB,fleet,40000,20000,34.44,B_fleet_size,CIDv2_OpelAstra,FS-A,0,1,CTT_Traverse
59474,952,0.016006994653125734,0.5823904225919205,0.027322963971229287,58526,0.03288579995682486,False,0.0,0.0,0.0,0.9999978542327882,0.0,0.0,0.0,0.0,0.0,0.0,0.0,0.0,0.0,0.0,0.0,0.0,True,0.0,0.0,6.835036396568812e-05,0.9999951124191284,7.482296632574741,0.0,0.0,0.0,0.0,0.0,0.0,0.0,0.0,0.0,0.0,0.0,True,0.0,0.0,0.000546802911725505,0.9999910593032837,59.85837306059793,0.0,0.0,0.0,0.0,0.0,0.0,0.0,0.0,0.0,0.0,0.0,True,0.0,0.0,0.0006664160486654591,0.9999904632568359,72.95239216760372,0.0,0.0,0.0,0.0,0.0,0.0,0.0,0.0,0.0,0.0,0.0,True,0.0063025210084033615,0.006237006237006237,0.01633573698779946,0.9999611377716064,1788.2688951853631,0.1,0.0,0.0,0.0,0.016722408026755852,0.3333333333333333,1.0,0.0,0.0,0.0,1.0,XGBoost,fleet,40000,20000,9.61,B_fleet_size,CIDv2_OpelAstra,FS-A,0,1,CTT_Traverse
59474,952,0.016006994653125734,0.756537439486235,0.08632362057474903,58526,0.03288579995682486,False,0.0,0.0,0.0,0.999998272580815,0.0,0.0,0.0,0.0,0.0,0.0,0.0,0.0,0.0,0.0,0.0,0.0,True,0.0,0.0,3.417518198284406e-05,0.9999979131129725,3.7411483162873704,0.0,0.0,0.0,0.0,0.0,0.0,0.0,0.0,0.0,0.0,0.0,True,0.0,0.0,0.0007860291856054134,0.9999961105054554,86.04641127460951,0.0,0.0,0.0,0.0,0.0,0.0,0.0,0.0,0.0,0.0,0.0,True,0.0,0.0,0.0007860291856054134,0.9999960068997288,86.04641127460951,0.0,0.0,0.0,0.0,0.0,0.0,0.0,0.0,0.0,0.0,0.0,True,0.0021008403361344537,0.0030816640986132513,0.011055671371450053,0.9999892421144597,1210.2614803189642,0.1,0.0,0.0,0.0,0.0033444816053511705,0.3333333333333333,1.0,0.0,0.0,0.0,1.0,HistGB,fleet,40000,20000,54.62,B_fleet_size,CIDv2_OpelAstra,FS-A,1,1,CTT_Traverse
59474,952,0.016006994653125734,0.4209103902317566,0.01832975997451339,58526,0.03288579995682486,False,0.0,0.0,1.708759099142203e-05,0.9999985694885255,1.8705741581436852,0.0,0.0,0.0,0.0,0.0,0.0,0.0,0.0,0.0,0.0,0.0,True,0.0,0.0,3.417518198284406e-05,0.9999984502792358,3.7411483162873704,0.0,0.0,0.0,0.0,0.0,0.0,0.0,0.0,0.0,0.0,0.0,True,0.0,0.0,0.0013499196883223403,0.9999961853027344,147.77535849335112,0.0,0.0,0.0,0.0,0.0,0.0,0.0,0.0,0.0,0.0,0.0,True,0.0,0.0,0.001725846690133625,0.9999959468841553,188.92798997251222,0.0,0.0,0.0,0.0,0.0,0.0,0.0,0.0,0.0,0.0,0.0,True,0.004201680672268907,0.0034782608695652175,0.019582379276169647,0.9999850988388062,2143.6779852326636,0.0,0.0,0.0,0.0,0.013377926421404682,0.16666666666666666,0.0,0.0,0.0,0.0,1.0,XGBoost,fleet,40000,20000,9.02,B_fleet_size,CIDv2_OpelAstra,FS-A,1,1,CTT_Traverse
59474,952,0.016006994653125734,0.8389482702619341,0.6729868059901676,58526,0.03288579995682486,False,0.0,0.0,0.0,0.9999902041182613,0.0,0.0,0.0,0.0,0.0,0.0,0.0,0.0,0.0,0.0,0.0,0.0,True,0.0,0.0,0.0,0.9999891537132135,0.0,0.0,0.0,0.0,0.0,0.0,0.0,0.0,0.0,0.0,0.0,0.0,True,0.6554621848739496,0.9454545454545454,0.0006151532756911931,0.9999838243919155,67.34066969317267,0.0,0.9968051118210862,0.0,0.0,0.0,0.16666666666666666,0.0,1.0,0.0,0.0,0.0,True,0.6554621848739496,0.9440242057488654,0.0006322408666826151,0.9999836602738913,69.21124385131634,0.0,0.9968051118210862,0.0,0.0,0.0,0.16666666666666666,0.0,1.0,0.0,0.0,0.0,True,0.657563025210084,0.602502406159769,0.007057175079457298,0.9999749569389046,772.547127313342,0.0,1.0,0.0,0.0,0.0,0.16666666666666666,0.0,1.0,0.0,0.0,0.0,HistGB,fleet,40000,13668,25.59,B_fleet_size,CIDv2_OpelAstra,FS-A,0,2,CIDv2_Prototype|CTT_Impala
59474,952,0.016006994653125734,0.8367684985377903,0.6785057832633838,58526,0.03288579995682486,False,0.0,0.0,0.0,0.9999978542327882,0.0,0.0,0.0,0.0,0.0,0.0,0.0,0.0,0.0,0.0,0.0,0.0,True,0.6554621848739496,0.9968051118210862,3.417518198284406e-05,0.9999971389770508,3.7411483162873704,0.0,0.9968051118210862,0.0,0.0,0.0,0.16666666666666666,0.0,1.0,0.0,0.0,0.0,True,0.6565126050420168,0.9780907668231612,0.0002392262738799084,0.9999954700469971,26.188038214011595,0.0,0.9984025559105432,0.0,0.0,0.0,0.16666666666666666,0.0,1.0,0.0,0.0,0.0,True,0.6565126050420168,0.9704968944099379,0.00032466422883701857,0.9999953508377075,35.540909004730025,0.0,0.9984025559105432,0.0,0.0,0.0,0.16666666666666666,0.0,1.0,0.0,0.0,0.0,True,0.6607142857142857,0.6053897978825794,0.007005912306483032,0.9999880790710449,766.9354048389109,0.0,1.0,0.0,0.0,0.010033444816053512,0.3333333333333333,0.0,1.0,0.0,0.0,1.0,XGBoost,fleet,40000,13668,15.0,B_fleet_size,CIDv2_OpelAstra,FS-A,0,2,CIDv2_Prototype|CTT_Impala
59474,952,0.016006994653125734,0.8477215456429658,0.6540747706669005,58526,0.03288579995682486,False,0.0,0.0,0.0,0.9999818330084306,0.0,0.0,0.0,0.0,0.0,0.0,0.0,0.0,0.0,0.0,0.0,0.0,True,0.0,0.0,0.00013670072793137624,0.9999702623832567,14.964593265149482,0.0,0.0,0.0,0.0,0.0,0.0,0.0,0.0,0.0,0.0,0.0,True,0.6554621848739496,0.9440242057488654,0.0006322408666826151,0.9999617810600093,69.21124385131634,0.0,0.9968051118210862,0.0,0.0,0.0,0.16666666666666666,0.0,1.0,0.0,0.0,0.0,True,0.6554621848739496,0.9425981873111783,0.0006493284576740371,0.999961196711359,71.08181800946005,0.0,0.9968051118210862,0.0,0.0,0.0,0.16666666666666666,0.0,1.0,0.0,0.0,0.0,True,0.6596638655462185,0.6337033299697276,0.006202795529886196,0.9999295636267348,679.0184194061577,0.0,0.9984025559105432,0.0,0.0,0.010033444816053512,0.3333333333333333,0.0,1.0,0.0,0.0,1.0,HistGB,fleet,40000,13668,24.19,B_fleet_size,CIDv2_OpelAstra,FS-A,1,2,CIDv2_Prototype|CTT_Impala
59474,952,0.016006994653125734,0.8425579700114214,0.5960602616330163,58526,0.03288579995682486,False,0.0,0.0,3.417518198284406e-05,0.999998450279236,3.7411483162873704,0.0,0.0,0.0,0.0,0.0,0.0,0.0,0.0,0.0,0.0,0.0,True,0.0,0.0,0.00022213868288848638,0.9999979734420776,24.317464055867905,0.0,0.0,0.0,0.0,0.0,0.0,0.0,0.0,0.0,0.0,0.0,True,0.0021008403361344537,0.05714285714285714,0.000563890502716927,0.9999971389770508,61.72894721874161,0.0,0.0,0.0,0.0,0.006688963210702341,0.16666666666666666,0.0,0.0,0.0,0.0,1.0,True,0.0021008403361344537,0.05714285714285714,0.000563890502716927,0.9999971389770508,61.72894721874161,0.0,0.0,0.0,0.0,0.006688963210702341,0.16666666666666666,0.0,0.0,0.0,0.0,1.0,True,0.6607142857142857,0.5671776375112714,0.008202043675882575,0.9999926090240479,897.875595908969,0.0,0.9984025559105432,0.0,0.0,0.013377926421404682,0.3333333333333333,0.0,1.0,0.0,0.0,1.0,XGBoost,fleet,40000,13668,10.87,B_fleet_size,CIDv2_OpelAstra,FS-A,1,2,CIDv2_Prototype|CTT_Impala
59474,952,0.016006994653125734,0.868405428368675,0.6884371227955035,58526,0.03288579995682486,False,0.657563025210084,0.9952305246422893,5.126277297426609e-05,0.9999269539417298,5.611722474431056,0.0,1.0,0.0,0.0,0.0,0.16666666666666666,0.0,1.0,0.0,0.0,0.0,True,0.657563025210084,0.9952305246422893,5.126277297426609e-05,0.9999269539417297,5.611722474431056,0.0,1.0,0.0,0.0,0.0,0.16666666666666666,0.0,1.0,0.0,0.0,0.0,True,0.6628151260504201,0.8763888888888889,0.0015207955982365607,0.9998396637066176,166.481100074788,0.0,1.0,0.0,0.0,0.016722408026755852,0.3333333333333333,0.0,1.0,0.0,0.0,1.0,True,0.6628151260504201,0.8585034013605443,0.001777109463107891,0.999833563843438,194.53971244694324,0.0,1.0,0.0,0.0,0.016722408026755852,0.3333333333333333,0.0,1.0,0.0,0.0,1.0,True,0.6712184873949579,0.4506346967559944,0.013311233382317761,0.9994653021754609,1457.1772691939307,0.0,1.0,0.0,0.0,0.043478260869565216,0.3333333333333333,0.0,1.0,0.0,0.0,1.0,HistGB,fleet,40000,20000,50.98,B_fleet_size,CIDv2_OpelAstra,FS-A,0,2,CIDv2_RenaultClio|CTT_Silverado
59474,952,0.016006994653125734,0.8679538456987662,0.6876816694780297,58526,0.03288579995682486,False,0.657563025210084,1.0,0.0,0.9998878240585328,0.0,0.0,1.0,0.0,0.0,0.0,0.16666666666666666,0.0,1.0,0.0,0.0,0.0,True,0.657563025210084,1.0,0.0,0.9998878240585328,0.0,0.0,1.0,0.0,0.0,0.0,0.16666666666666666,0.0,1.0,0.0,0.0,0.0,True,0.657563025210084,0.9260355029585798,0.0008543795495711015,0.9993525147438049,93.52870790718427,0.0,1.0,0.0,0.0,0.0,0.16666666666666666,0.0,1.0,0.0,0.0,0.0,True,0.657563025210084,0.9260355029585798,0.0008543795495711015,0.9993429780006409,93.52870790718427,0.0,1.0,0.0,0.0,0.0,0.16666666666666666,0.0,1.0,0.0,0.0,0.0,True,0.6722689075630253,0.5124099279423538,0.010406342913776016,0.9971951246261597,1139.1796623095042,0.0,1.0,0.0,0.0,0.046822742474916385,0.3333333333333333,0.0,1.0,0.0,0.0,1.0,XGBoost,fleet,40000,20000,9.47,B_fleet_size,CIDv2_OpelAstra,FS-A,0,2,CIDv2_RenaultClio|CTT_Silverado
59474,952,0.016006994653125734,0.8543332587127329,0.6830931067969996,58526,0.03288579995682486,False,0.657563025210084,1.0,0.0,0.9999794526128051,0.0,0.0,1.0,0.0,0.0,0.0,0.16666666666666666,0.0,1.0,0.0,0.0,0.0,True,0.657563025210084,0.9984051036682615,1.708759099142203e-05,0.9999686828630855,1.8705741581436852,0.0,1.0,0.0,0.0,0.0,0.16666666666666666,0.0,1.0,0.0,0.0,0.0,True,0.6596638655462185,0.9035971223021583,0.001144868596425276,0.9999083977946485,125.3284685956269,0.0,1.0,0.0,0.0,0.006688963210702341,0.3333333333333333,0.0,1.0,0.0,0.0,1.0,True,0.6607142857142857,0.8972895863052782,0.0012303065513823862,0.9999049724919751,134.68133938634534,0.0,1.0,0.0,0.0,0.010033444816053512,0.3333333333333333,0.0,1.0,0.0,0.0,1.0,True,0.6701680672268907,0.45604002859185133,0.013003656744472165,0.9996924528694606,1423.5069343473444,0.0,1.0,0.0,0.0,0.04013377926421405,0.3333333333333333,0.0,1.0,0.0,0.0,1.0,HistGB,fleet,40000,20000,28.33,B_fleet_size,CIDv2_OpelAstra,FS-A,1,2,CIDv2_RenaultClio|CTT_Silverado
59474,952,0.016006994653125734,0.8561079629897139,0.6850661155165341,58526,0.03288579995682486,False,0.6565126050420168,1.0,0.0,0.9999330043792726,0.0,0.0,0.9984025559105432,0.0,0.0,0.0,0.16666666666666666,0.0,1.0,0.0,0.0,0.0,True,0.657563025210084,0.9968152866242038,3.417518198284406e-05,0.9998739957809448,3.7411483162873704,0.0,1.0,0.0,0.0,0.0,0.16666666666666666,0.0,1.0,0.0,0.0,0.0,True,0.6596638655462185,0.9401197604790419,0.0006835036396568812,0.9996657371520996,74.8229663257474,0.0,1.0,0.0,0.0,0.006688963210702341,0.3333333333333333,0.0,1.0,0.0,0.0,1.0,True,0.6596638655462185,0.9345238095238095,0.0007518540036225693,0.9996300935745239,82.30526295832216,0.0,1.0,0.0,0.0,0.006688963210702341,0.3333333333333333,0.0,1.0,0.0,0.0,1.0,True,0.6680672268907563,0.47783621337340343,0.01187587573903831,0.9982081651687622,1300.0490399098612,0.0,1.0,0.0,0.0,0.033444816053511704,0.3333333333333333,0.0,1.0,0.0,0.0,1.0,XGBoost,fleet,40000,20000,8.57,B_fleet_size,CIDv2_OpelAstra,FS-A,1,2,CIDv2_RenaultClio|CTT_Silverado
59474,952,0.016006994653125734,0.8220309449093195,0.6721799685205442,58526,0.03288579995682486,False,0.0,0.0,1.708759099142203e-05,0.9999843743905197,1.8705741581436852,0.0,0.0,0.0,0.0,0.0,0.0,0.0,0.0,0.0,0.0,0.0,True,0.6554621848739496,0.9984,1.708759099142203e-05,0.9999833545370481,1.8705741581436852,0.0,0.9968051118210862,0.0,0.0,0.0,0.16666666666666666,0.0,1.0,0.0,0.0,0.0,True,0.6565126050420168,0.8903133903133903,0.0013157445063394964,0.999967312401448,144.03421017706378,0.0,0.9968051118210862,0.0,0.0,0.0033444816053511705,0.3333333333333333,0.0,1.0,0.0,0.0,1.0,True,0.6565126050420168,0.8877840909090909,0.0013499196883223403,0.9999669189139614,147.77535849335112,0.0,0.9968051118210862,0.0,0.0,0.0033444816053511705,0.3333333333333333,0.0,1.0,0.0,0.0,1.0,True,0.6586134453781513,0.5118367346938776,0.010218379412870373,0.9999399977114823,1118.6033465699236,0.0,0.9984025559105432,0.0,0.0,0.006688963210702341,0.3333333333333333,0.0,1.0,0.0,0.0,1.0,HistGB,fleet,40000,20000,40.83,B_fleet_size,CIDv2_OpelAstra,FS-A,0,2,CTT_Impala|CTT_Traverse
59474,952,0.016006994653125734,0.8242379634434684,0.38135578207908943,58526,0.03288579995682486,False,0.0,0.0,0.0,0.9999996423721315,0.0,0.0,0.0,0.0,0.0,0.0,0.0,0.0,0.0,0.0,0.0,0.0,True,0.0,0.0,1.708759099142203e-05,0.9999996423721313,1.8705741581436852,0.0,0.0,0.0,0.0,0.0,0.0,0.0,0.0,0.0,0.0,0.0,True,0.0,0.0,0.0008031167765968353,0.9999988079071045,87.91698543275321,0.0,0.0,0.0,0.0,0.0,0.0,0.0,0.0,0.0,0.0,0.0,True,0.0,0.0,0.0008031167765968353,0.9999988079071045,87.91698543275321,0.0,0.0,0.0,0.0,0.0,0.0,0.0,0.0,0.0,0.0,0.0,True,0.6554621848739496,0.5127362366474938,0.010132941457913264,0.9999969005584717,1109.2504757792053,0.0,0.9968051118210862,0.0,0.0,0.0,0.16666666666666666,0.0,1.0,0.0,0.0,0.0,XGBoost,fleet,40000,20000,13.8,B_fleet_size,CIDv2_OpelAstra,FS-A,0,2,CTT_Impala|CTT_Traverse
59474,952,0.016006994653125734,0.7478723256843149,0.0675403814086175,58526,0.03288579995682486,False,0.0,0.0,1.708759099142203e-05,0.999998766808862,1.8705741581436852,0.0,0.0,0.0,0.0,0.0,0.0,0.0,0.0,0.0,0.0,0.0,True,0.0,0.0,6.835036396568812e-05,0.9999983259610761,7.482296632574741,0.0,0.0,0.0,0.0,0.0,0.0,0.0,0.0,0.0,0.0,0.0,True,0.0,0.0,0.0006151532756911931,0.9999975200793116,67.34066969317267,0.0,0.0,0.0,0.0,0.0,0.0,0.0,0.0,0.0,0.0,0.0,True,0.0,0.0,0.0006835036396568812,0.9999974477456742,74.8229663257474,0.0,0.0,0.0,0.0,0.0,0.0,0.0,0.0,0.0,0.0,0.0,True,0.0010504201680672268,0.0017211703958691911,0.009910802775024777,0.9999949218866397,1084.9330117233374,0.0,0.0,0.0,0.0,0.0033444816053511705,0.16666666666666666,0.0,0.0,0.0,0.0,1.0,HistGB,fleet,40000,20000,26.93,B_fleet_size,CIDv2_OpelAstra,FS-A,1,2,CTT_Impala|CTT_Traverse
59474,952,0.016006994653125734,0.7281916389124939,0.05328325100561821,58526,0.03288579995682486,False,0.0,0.0,0.0,0.999999761581421,0.0,0.0,0.0,0.0,0.0,0.0,0.0,0.0,0.0,0.0,0.0,0.0,True,0.0,0.0,0.0,0.999999761581421,0.0,0.0,0.0,0.0,0.0,0.0,0.0,0.0,0.0,0.0,0.0,0.0,True,0.0,0.0,0.0006664160486654591,0.9999991655349731,72.95239216760372,0.0,0.0,0.0,0.0,0.0,0.0,0.0,0.0,0.0,0.0,0.0,True,0.0,0.0,0.0006664160486654591,0.9999991655349731,72.95239216760372,0.0,0.0,0.0,0.0,0.0,0.0,0.0,0.0,0.0,0.0,0.0,True,0.0010504201680672268,0.001834862385321101,0.009295649499333584,0.9999966621398926,1017.5923420301648,0.0,0.0,0.0,0.0,0.0033444816053511705,0.16666666666666666,0.0,0.0,0.0,0.0,1.0,XGBoost,fleet,40000,20000,7.53,B_fleet_size,CIDv2_OpelAstra,FS-A,1,2,CTT_Impala|CTT_Traverse
59474,952,0.016006994653125734,0.8332144142302012,0.6754412028906588,58526,0.03288579995682486,False,0.0,0.0,0.0,0.9994660286712255,0.0,0.0,0.0,0.0,0.0,0.0,0.0,0.0,0.0,0.0,0.0,0.0,True,0.657563025210084,0.9984051036682615,1.708759099142203e-05,0.9987697457813218,1.8705741581436852,0.0,1.0,0.0,0.0,0.0,0.16666666666666666,0.0,1.0,0.0,0.0,0.0,True,0.657563025210084,0.9542682926829268,0.0005126277297426609,0.9960515048191185,56.11722474431056,0.0,1.0,0.0,0.0,0.0,0.16666666666666666,0.0,1.0,0.0,0.0,0.0,True,0.657563025210084,0.9441930618401206,0.0006322408666826151,0.9958582664592557,69.21124385131634,0.0,1.0,0.0,0.0,0.0,0.16666666666666666,0.0,1.0,0.0,0.0,0.0,True,0.657563025210084,0.6864035087719298,0.0048870510235467,0.9883890260575937,534.984209229094,0.0,1.0,0.0,0.0,0.0,0.16666666666666666,0.0,1.0,0.0,0.0,0.0,HistGB,fleet,40000,20000,25.58,B_fleet_size,CIDv2_OpelAstra,FS-A,0,2,CTT_Impala|ROAD_ORNL
59474,952,0.016006994653125734,0.830973364107271,0.6749391674888673,58526,0.03288579995682486,False,0.657563025210084,0.9984051036682615,1.708759099142203e-05,0.9984103441238404,1.8705741581436852,0.0,1.0,0.0,0.0,0.0,0.16666666666666666,0.0,1.0,0.0,0.0,0.0,True,0.657563025210084,0.9984051036682615,1.708759099142203e-05,0.9977388381958008,1.8705741581436852,0.0,1.0,0.0,0.0,0.0,0.16666666666666666,0.0,1.0,0.0,0.0,0.0,True,0.657563025210084,0.93993993993994,0.0006835036396568812,0.9921817779541016,74.8229663257474,0.0,1.0,0.0,0.0,0.0,0.16666666666666666,0.0,1.0,0.0,0.0,0.0,True,0.657563025210084,0.9329359165424739,0.0007689415946139913,0.9918121099472046,84.17583711646583,0.0,1.0,0.0,0.0,0.0,0.16666666666666666,0.0,1.0,0.0,0.0,0.0,True,0.657563025210084,0.6731182795698925,0.005194627661392297,0.9833362102508545,568.6545440756804,0.0,1.0,0.0,0.0,0.0,0.16666666666666666,0.0,1.0,0.0,0.0,0.0,XGBoost,fleet,40000,20000,7.6,B_fleet_size,CIDv2_OpelAstra,FS-A,0,2,CTT_Impala|ROAD_ORNL
59474,952,0.016006994653125734,0.8185593100231788,0.6755495646056582,58526,0.03288579995682486,False,0.657563025210084,1.0,0.0,0.9985047079756402,0.0,0.0,1.0,0.0,0.0,0.0,0.16666666666666666,0.0,1.0,0.0,0.0,0.0,True,0.657563025210084,0.990506329113924,0.00010252554594853218,0.9949105542862047,11.223444948862111,0.0,1.0,0.0,0.0,0.0,0.16666666666666666,0.0,1.0,0.0,0.0,0.0,True,0.657563025210084,0.8968481375358166,0.0012303065513823862,0.9866822017274121,134.68133938634534,0.0,1.0,0.0,0.0,0.0,0.16666666666666666,0.0,1.0,0.0,0.0,0.0,True,0.657563025210084,0.876750700280112,0.0015037080072451386,0.9860343107814693,164.61052591664432,0.0,1.0,0.0,0.0,0.0,0.16666666666666666,0.0,1.0,0.0,0.0,0.0,True,0.6617647058823529,0.42481456507080245,0.01457571511568299,0.9667348336274603,1595.5997568965633,0.0,1.0,0.07142857142857142,0.0,0.010033444816053512,0.5,0.0,1.0,0.5,0.0,1.0,HistGB,fleet,40000,20000,26.24,B_fleet_size,CIDv2_OpelAstra,FS-A,1,2,CTT_Impala|ROAD_ORNL
59474,952,0.016006994653125734,0.8252412491431076,0.6769481701807275,58526,0.03288579995682486,False,0.657563025210084,1.0,0.0,0.9979305267333985,0.0,0.0,1.0,0.0,0.0,0.0,0.16666666666666666,0.0,1.0,0.0,0.0,0.0,True,0.657563025210084,1.0,0.0,0.9979305267333984,0.0,0.0,1.0,0.0,0.0,0.0,0.16666666666666666,0.0,1.0,0.0,0.0,0.0,True,0.657563025210084,0.9528158295281582,0.0005297153207340829,0.9916154742240906,57.987798902454244,0.0,1.0,0.0,0.0,0.0,0.16666666666666666,0.0,1.0,0.0,0.0,0.0,True,0.657563025210084,0.9513677811550152,0.000546802911725505,0.9914625287055969,59.85837306059793,0.0,1.0,0.0,0.0,0.0,0.16666666666666666,0.0,1.0,0.0,0.0,0.0,True,0.6596638655462185,0.7714987714987716,0.0031782919244044976,0.985028862953186,347.9267934147254,0.0,1.0,0.0,0.0,0.006688963210702341,0.3333333333333333,0.0,1.0,0.0,0.0,1.0,XGBoost,fleet,40000,20000,7.91,B_fleet_size,CIDv2_OpelAstra,FS-A,1,2,CTT_Impala|ROAD_ORNL
59474,952,0.016006994653125734,0.8381072269309624,0.681932589155951,58526,0.03288579995682486,False,0.6565126050420168,1.0,0.0,0.9998151938971616,0.0,0.0,0.9984025559105432,0.0,0.0,0.0,0.16666666666666666,0.0,1.0,0.0,0.0,0.0,True,0.6565126050420168,1.0,0.0,0.9998151938971614,0.0,0.0,0.9984025559105432,0.0,0.0,0.0,0.16666666666666666,0.0,1.0,0.0,0.0,0.0,True,0.6586134453781513,0.935820895522388,0.0007347664126311472,0.9993411426656377,80.43468880017845,0.0,0.9984025559105432,0.0,0.0,0.006688963210702341,0.3333333333333333,0.0,1.0,0.0,0.0,1.0,True,0.6586134453781513,0.9234167893961709,0.0008885547315539455,0.9993103942955563,97.26985622347162,0.0,0.9984025559105432,0.0,0.0,0.006688963210702341,0.3333333333333333,0.0,1.0,0.0,0.0,1.0,True,0.6649159663865546,0.5188524590163934,0.010030415911964732,0.9979118848697325,1098.0270308303432,0.0,0.9984025559105432,0.0,0.0,0.026755852842809364,0.3333333333333333,0.0,1.0,0.0,0.0,1.0,HistGB,fleet,40000,20000,24.12,B_fleet_size,CIDv2_OpelAstra,FS-A,0,2,CTT_Silverado|ROAD_ORNL
59474,952,0.016006994653125734,0.8418609775853884,0.6788428553338135,58526,0.03288579995682486,False,0.6554621848739496,1.0,0.0,0.9999064207077027,0.0,0.0,0.9968051118210862,0.0,0.0,0.0,0.16666666666666666,0.0,1.0,0.0,0.0,0.0,True,0.6554621848739496,0.9984,1.708759099142203e-05,0.9998775720596313,1.8705741581436852,0.0,0.9968051118210862,0.0,0.0,0.0,0.16666666666666666,0.0,1.0,0.0,0.0,0.0,True,0.657563025210084,0.8981348637015782,0.001213218960390964,0.9996833801269531,132.81076522820166,0.0,0.9984025559105432,0.0,0.0,0.0033444816053511705,0.3333333333333333,0.0,1.0,0.0,0.0,1.0,True,0.657563025210084,0.8879432624113475,0.0013499196883223403,0.9996716976165771,147.77535849335112,0.0,0.9984025559105432,0.0,0.0,0.0033444816053511705,0.3333333333333333,0.0,1.0,0.0,0.0,1.0,True,0.6649159663865546,0.4647577092511013,0.01245685383274666,0.9989390969276428,1363.6485612867466,0.0,0.9984025559105432,0.0,0.0,0.026755852842809364,0.3333333333333333,0.0,1.0,0.0,0.0,1.0,XGBoost,fleet,40000,20000,8.87,B_fleet_size,CIDv2_OpelAstra,FS-A,0,2,CTT_Silverado|ROAD_ORNL
59474,952,0.016006994653125734,0.8372296032318809,0.681562490370345,58526,0.03288579995682486,False,0.6565126050420168,0.9968102073365231,3.417518198284406e-05,0.9997946490174339,3.7411483162873704,0.0,0.9984025559105432,0.0,0.0,0.0,0.16666666666666666,0.0,1.0,0.0,0.0,0.0,True,0.6565126050420168,0.984251968503937,0.0001708759099142203,0.9997164694465241,18.70574158143685,0.0,0.9984025559105432,0.0,0.0,0.0,0.16666666666666666,0.0,1.0,0.0,0.0,0.0,True,0.657563025210084,0.9165446559297218,0.0009739926865110557,0.9995642102236719,106.62272701419006,0.0,0.9984025559105432,0.0,0.0,0.0033444816053511705,0.3333333333333333,0.0,1.0,0.0,0.0,1.0,True,0.6586134453781513,0.9100145137880987,0.0010594306414681658,0.9995515944006452,115.97559780490849,0.0,0.9984025559105432,0.0,0.0,0.006688963210702341,0.3333333333333333,0.0,1.0,0.0,0.0,1.0,True,0.6659663865546218,0.4795763993948563,0.011756262602098356,0.9984442906874145,1286.9550208028552,0.0,0.9984025559105432,0.0,0.0,0.030100334448160536,0.3333333333333333,0.0,1.0,0.0,0.0,1.0,HistGB,fleet,40000,20000,32.53,B_fleet_size,CIDv2_OpelAstra,FS-A,1,2,CTT_Silverado|ROAD_ORNL
59474,952,0.016006994653125734,0.8417811756635944,0.6799395915526891,58526,0.03288579995682486,False,0.6565126050420168,0.9984025559105432,1.708759099142203e-05,0.9999213218688966,1.8705741581436852,0.0,0.9968051118210862,0.0,0.0,0.0033444816053511705,0.3333333333333333,0.0,1.0,0.0,0.0,1.0,True,0.6565126050420168,0.9936406995230525,6.835036396568812e-05,0.9999115467071533,7.482296632574741,0.0,0.9968051118210862,0.0,0.0,0.0033444816053511705,0.3333333333333333,0.0,1.0,0.0,0.0,1.0,True,0.6596638655462185,0.9114658925979681,0.0010423430504767437,0.9998204112052917,114.10502364676478,0.0,0.9984025559105432,0.0,0.0,0.010033444816053512,0.3333333333333333,0.0,1.0,0.0,0.0,1.0,True,0.6596638655462185,0.9101449275362319,0.0010594306414681658,0.9998180270195007,115.97559780490849,0.0,0.9984025559105432,0.0,0.0,0.010033444816053512,0.3333333333333333,0.0,1.0,0.0,0.0,1.0,True,0.6607142857142857,0.5611061552185549,0.008407094767779639,0.9995710253715515,920.3224858066931,0.0,0.9984025559105432,0.0,0.0,0.013377926421404682,0.3333333333333333,0.0,1.0,0.0,0.0,1.0,XGBoost,fleet,40000,20000,10.02,B_fleet_size,CIDv2_OpelAstra,FS-A,1,2,CTT_Silverado|ROAD_ORNL
59474,952,0.016006994653125734,0.8229520055518875,0.6731495727320078,58526,0.03288579995682486,False,0.6565126050420168,1.0,0.0,0.999943330219271,0.0,0.0,0.9984025559105432,0.0,0.0,0.0,0.16666666666666666,0.0,1.0,0.0,0.0,0.0,True,0.6565126050420168,1.0,0.0,0.999943330219271,0.0,0.0,0.9984025559105432,0.0,0.0,0.0,0.16666666666666666,0.0,1.0,0.0,0.0,0.0,True,0.6565126050420168,0.891583452211127,0.0012986569153480743,0.9997941661380142,142.1636360189201,0.0,0.9984025559105432,0.0,0.0,0.0,0.16666666666666666,0.0,1.0,0.0,0.0,0.0,True,0.6565126050420168,0.884016973125884,0.0014011824612966063,0.9997845973076119,153.3870809677822,0.0,0.9984025559105432,0.0,0.0,0.0,0.16666666666666666,0.0,1.0,0.0,0.0,0.0,True,0.6586134453781513,0.46444444444444444,0.012354328286798126,0.9993817882626144,1352.4251163378842,0.0,0.9984025559105432,0.0,0.0,0.006688963210702341,0.3333333333333333,0.0,1.0,0.0,0.0,1.0,HistGB,fleet,40000,20000,25.95,B_fleet_size,CIDv2_OpelAstra,FS-A,0,3,CIDv2_Prototype|CIDv2_RenaultClio|CTT_Forester
59474,952,0.016006994653125734,0.8281729107691742,0.6718183078042195,58526,0.03288579995682486,False,0.6565126050420168,0.9858044164037855,0.00015378831892279827,0.999991536140442,16.835167423293168,0.0,0.9984025559105432,0.0,0.0,0.0,0.16666666666666666,0.0,1.0,0.0,0.0,0.0,True,0.6565126050420168,0.9858044164037855,0.00015378831892279827,0.9999915361404419,16.835167423293168,0.0,0.9984025559105432,0.0,0.0,0.0,0.16666666666666666,0.0,1.0,0.0,0.0,0.0,True,0.6565126050420168,0.876577840112202,0.0015037080072451386,0.9999834299087524,164.61052591664432,0.0,0.9984025559105432,0.0,0.0,0.0,0.16666666666666666,0.0,1.0,0.0,0.0,0.0,True,0.6565126050420168,0.876577840112202,0.0015037080072451386,0.9999834299087524,164.61052591664432,0.0,0.9984025559105432,0.0,0.0,0.0,0.16666666666666666,0.0,1.0,0.0,0.0,0.0,True,0.657563025210084,0.44650499286733236,0.013259970609343495,0.9999467134475708,1451.5655467194997,0.0,0.9984025559105432,0.0,0.0,0.0033444816053511705,0.3333333333333333,0.0,1.0,0.0,0.0,1.0,XGBoost,fleet,40000,20000,8.87,B_fleet_size,CIDv2_OpelAstra,FS-A,0,3,CIDv2_Prototype|CIDv2_RenaultClio|CTT_Forester
59474,952,0.016006994653125734,0.8261830141304325,0.6752202311455376,58526,0.03288579995682486,False,0.6565126050420168,0.9984025559105432,1.708759099142203e-05,0.9999494484269171,1.8705741581436852,0.0,0.9984025559105432,0.0,0.0,0.0,0.16666666666666666,0.0,1.0,0.0,0.0,0.0,True,0.6565126050420168,0.9984025559105432,1.708759099142203e-05,0.999949448426917,1.8705741581436852,0.0,0.9984025559105432,0.0,0.0,0.0,0.16666666666666666,0.0,1.0,0.0,0.0,0.0,True,0.6565126050420168,0.9370314842578711,0.0007176788216397252,0.9998938749264779,78.56411464203478,0.0,0.9984025559105432,0.0,0.0,0.0,0.16666666666666666,0.0,1.0,0.0,0.0,0.0,True,0.6565126050420168,0.9259259259259259,0.0008543795495711015,0.999888630272106,93.52870790718427,0.0,0.9984025559105432,0.0,0.0,0.0,0.16666666666666666,0.0,1.0,0.0,0.0,0.0,True,0.6586134453781513,0.5304568527918782,0.009483613000239225,0.9997350030182519,1038.1686577697453,0.0,0.9984025559105432,0.0,0.0,0.006688963210702341,0.3333333333333333,0.0,1.0,0.0,0.0,1.0,HistGB,fleet,40000,20000,29.81,B_fleet_size,CIDv2_OpelAstra,FS-A,1,3,CIDv2_Prototype|CIDv2_RenaultClio|CTT_Forester
59474,952,0.016006994653125734,0.8272674658872811,0.6720296219071078,58526,0.03288579995682486,False,0.6565126050420168,0.9936406995230525,6.835036396568812e-05,0.9999914169311525,7.482296632574741,0.0,0.9984025559105432,0.0,0.0,0.0,0.16666666666666666,0.0,1.0,0.0,0.0,0.0,True,0.6565126050420168,0.9659969088098919,0.00037592700181128465,0.9999879598617554,41.15263147916108,0.0,0.9984025559105432,0.0,0.0,0.0,0.16666666666666666,0.0,1.0,0.0,0.0,0.0,True,0.6565126050420168,0.896700143472023,0.0012303065513823862,0.9999802112579346,134.68133938634534,0.0,0.9984025559105432,0.0,0.0,0.0,0.16666666666666666,0.0,1.0,0.0,0.0,0.0,True,0.6565126050420168,0.894134477825465,0.0012644817333652301,0.9999797344207764,138.42248770263268,0.0,0.9984025559105432,0.0,0.0,0.0,0.16666666666666666,0.0,1.0,0.0,0.0,0.0,True,0.6586134453781513,0.5048309178743962,0.010508868459724548,0.9999315738677979,1150.4031072583664,0.0,0.9984025559105432,0.0,0.0,0.006688963210702341,0.3333333333333333,0.0,1.0,0.0,0.0,1.0,XGBoost,fleet,40000,20000,10.91,B_fleet_size,CIDv2_OpelAstra,FS-A,1,3,CIDv2_Prototype|CIDv2_RenaultClio|CTT_Forester
59474,952,0.016006994653125734,0.8206433140564247,0.6748720861263425,58526,0.03288579995682486,False,0.6554621848739496,1.0,0.0,0.9998740474864675,0.0,0.0,0.9968051118210862,0.0,0.0,0.0,0.16666666666666666,0.0,1.0,0.0,0.0,0.0,True,0.6554621848739496,1.0,0.0,0.9998740474864675,0.0,0.0,0.9968051118210862,0.0,0.0,0.0,0.16666666666666666,0.0,1.0,0.0,0.0,0.0,True,0.657563025210084,0.9470499243570348,0.000598065684699771,0.9992222537776044,65.47009553502899,0.0,1.0,0.0,0.0,0.0,0.16666666666666666,0.0,1.0,0.0,0.0,0.0,True,0.657563025210084,0.9138686131386862,0.0010081678684938998,0.9991012083786193,110.36387533047744,0.0,1.0,0.0,0.0,0.0,0.16666666666666666,0.0,1.0,0.0,0.0,0.0,True,0.6596638655462185,0.5015974440894568,0.010662656778647346,0.9975984953884066,1167.2382746816595,0.0,1.0,0.0,0.0,0.006688963210702341,0.3333333333333333,0.0,1.0,0.0,0.0,1.0,HistGB,fleet,40000,20000,54.93,B_fleet_size,CIDv2_OpelAstra,FS-A,0,3,CIDv2_RenaultClio|CTT_Forester|CTT_Traverse
59474,952,0.016006994653125734,0.8105285730368152,0.6728693612670374,58526,0.03288579995682486,False,0.6565126050420168,1.0,0.0,0.9998306035995485,0.0,0.0,0.9984025559105432,0.0,0.0,0.0,0.16666666666666666,0.0,1.0,0.0,0.0,0.0,True,0.6565126050420168,1.0,0.0,0.9998306035995485,0.0,0.0,0.9984025559105432,0.0,0.0,0.0,0.16666666666666666,0.0,1.0,0.0,0.0,0.0,True,0.657563025210084,0.93993993993994,0.0006835036396568812,0.9992331266403198,74.8229663257474,0.0,1.0,0.0,0.0,0.0,0.16666666666666666,0.0,1.0,0.0,0.0,0.0,True,0.657563025210084,0.9301634472511144,0.0008031167765968353,0.9992027878761292,87.91698543275321,0.0,1.0,0.0,0.0,0.0,0.16666666666666666,0.0,1.0,0.0,0.0,0.0,True,0.6586134453781513,0.5199004975124378,0.009893715184033355,0.9981112480163574,1083.0624375651937,0.1,1.0,0.0,0.0,0.0,0.3333333333333333,1.0,1.0,0.0,0.0,0.0,XGBoost,fleet,40000,20000,17.25,B_fleet_size,CIDv2_OpelAstra,FS-A,0,3,CIDv2_RenaultClio|CTT_Forester|CTT_Traverse
59474,952,0.016006994653125734,0.8247554464183404,0.6759904348965364,58526,0.03288579995682486,False,0.6554621848739496,1.0,0.0,0.9997350317959848,0.0,0.0,0.9968051118210862,0.0,0.0,0.0,0.16666666666666666,0.0,1.0,0.0,0.0,0.0,True,0.6554621848739496,0.9952153110047847,5.126277297426609e-05,0.9995412161044092,5.611722474431056,0.0,0.9968051118210862,0.0,0.0,0.0,0.16666666666666666,0.0,1.0,0.0,0.0,0.0,True,0.6554621848739496,0.8776371308016878,0.0014866204162537165,0.9989866783706889,162.73995175850058,0.0,0.9968051118210862,0.0,0.0,0.0,0.16666666666666666,0.0,1.0,0.0,0.0,0.0,True,0.6554621848739496,0.8702928870292888,0.0015891459622022488,0.9989760218872584,173.9633967073627,0.0,0.9968051118210862,0.0,0.0,0.0,0.16666666666666666,0.0,1.0,0.0,0.0,0.0,True,0.6628151260504201,0.46431199411331864,0.012439766241755237,0.997874248838037,1361.7779871286027,0.2,0.9984025559105432,0.0,0.3333333333333333,0.010033444816053512,0.6666666666666666,1.0,1.0,0.0,1.0,1.0,HistGB,fleet,40000,20000,72.76,B_fleet_size,CIDv2_OpelAstra,FS-A,1,3,CIDv2_RenaultClio|CTT_Forester|CTT_Traverse
59474,952,0.016006994653125734,0.835710297413111,0.6768880447443818,58526,0.03288579995682486,False,0.6565126050420168,0.9984025559105432,1.708759099142203e-05,0.9998387098312379,1.8705741581436852,0.0,0.9984025559105432,0.0,0.0,0.0,0.16666666666666666,0.0,1.0,0.0,0.0,0.0,True,0.6565126050420168,0.9827044025157232,0.00018796350090564233,0.9998019337654114,20.57631573958054,0.0,0.9984025559105432,0.0,0.0,0.0,0.16666666666666666,0.0,1.0,0.0,0.0,0.0,True,0.657563025210084,0.9470499243570348,0.000598065684699771,0.9997426867485046,65.47009553502899,0.0,0.9984025559105432,0.0,0.0,0.0033444816053511705,0.3333333333333333,0.0,1.0,0.0,0.0,1.0,True,0.657563025210084,0.9205882352941176,0.0009227299135367896,0.9997267127037048,101.011004539759,0.0,0.9984025559105432,0.0,0.0,0.0033444816053511705,0.3333333333333333,0.0,1.0,0.0,0.0,1.0,True,0.6607142857142857,0.5172697368421053,0.010030415911964732,0.9994102716445923,1098.0270308303432,0.0,1.0,0.0,0.0,0.010033444816053512,0.3333333333333333,0.0,1.0,0.0,0.0,1.0,XGBoost,fleet,40000,20000,10.64,B_fleet_size,CIDv2_OpelAstra,FS-A,1,3,CIDv2_RenaultClio|CTT_Forester|CTT_Traverse
59474,952,0.016006994653125734,0.8207596963463284,0.6655783038110351,58526,0.03288579995682486,False,0.0,0.0,1.708759099142203e-05,0.9995018892579507,1.8705741581436852,0.0,0.0,0.0,0.0,0.0,0.0,0.0,0.0,0.0,0.0,0.0,True,0.6554621848739496,0.985781990521327,0.00015378831892279827,0.9991372796655471,16.835167423293168,0.0,0.9968051118210862,0.0,0.0,0.0,0.16666666666666666,0.0,1.0,0.0,0.0,0.0,True,0.657563025210084,0.9192364170337739,0.0009398175045282117,0.9982165093170965,102.88157869790268,0.0,0.9968051118210862,0.0,0.0,0.006688963210702341,0.3333333333333333,0.0,1.0,0.0,0.0,1.0,True,0.657563025210084,0.9112081513828238,0.0010423430504767437,0.9981207570471299,114.10502364676478,0.0,0.9968051118210862,0.0,0.0,0.006688963210702341,0.3333333333333333,0.0,1.0,0.0,0.0,1.0,True,0.6596638655462185,0.5627240143369175,0.00833874440381395,0.995027971396365,912.8401891741182,0.1,0.9968051118210862,0.0,0.0,0.010033444816053512,0.5,1.0,1.0,0.0,0.0,1.0,HistGB,fleet,40000,20000,50.35,B_fleet_size,CIDv2_OpelAstra,FS-A,0,3,CTT_Forester|CTT_Traverse|ROAD_ORNL
59474,952,0.016006994653125734,0.8108571322312459,0.6707629851182001,58526,0.03288579995682486,False,0.6554621848739496,0.9984,1.708759099142203e-05,0.9998269677162172,1.8705741581436852,0.0,0.9968051118210862,0.0,0.0,0.0,0.16666666666666666,0.0,1.0,0.0,0.0,0.0,True,0.6554621848739496,0.9795918367346939,0.00022213868288848638,0.9995125532150269,24.317464055867905,0.0,0.9968051118210862,0.0,0.0,0.0,0.16666666666666666,0.0,1.0,0.0,0.0,0.0,True,0.657563025210084,0.9192364170337739,0.0009398175045282117,0.9989420771598816,102.88157869790268,0.0,0.9968051118210862,0.0,0.0,0.006688963210702341,0.3333333333333333,0.0,1.0,0.0,0.0,1.0,True,0.657563025210084,0.9192364170337739,0.0009398175045282117,0.9989374279975891,102.88157869790268,0.0,0.9968051118210862,0.0,0.0,0.006688963210702341,0.3333333333333333,0.0,1.0,0.0,0.0,1.0,True,0.6596638655462185,0.4583941605839416,0.012678992515635146,0.9954841136932373,1387.9660253426143,0.0,0.9984025559105432,0.07142857142857142,0.0,0.006688963210702341,0.5,0.0,1.0,0.5,0.0,1.0,XGBoost,fleet,40000,20000,10.16,B_fleet_size,CIDv2_OpelAstra,FS-A,0,3,CTT_Forester|CTT_Traverse|ROAD_ORNL
59474,952,0.016006994653125734,0.8241180541455502,0.4561752546866175,58526,0.03288579995682486,False,0.0,0.0,0.0,0.9998829174930937,0.0,0.0,0.0,0.0,0.0,0.0,0.0,0.0,0.0,0.0,0.0,0.0,True,0.0,0.0,0.0002904890468541745,0.9992472160664102,31.79976068844265,0.0,0.0,0.0,0.0,0.0,0.0,0.0,0.0,0.0,0.0,0.0,True,0.0010504201680672268,0.009009009009009009,0.0018796350090564233,0.9986895811541612,205.76315739580537,0.0,0.0,0.0,0.0,0.0033444816053511705,0.16666666666666666,0.0,0.0,0.0,0.0,1.0,True,0.0010504201680672268,0.009009009009009009,0.0018796350090564233,0.9986891208241073,205.76315739580537,0.0,0.0,0.0,0.0,0.0033444816053511705,0.16666666666666666,0.0,0.0,0.0,0.0,1.0,True,0.6617647058823529,0.4639175257731959,0.012439766241755237,0.9974791380026095,1361.7779871286027,0.0,0.9968051118210862,0.0,0.0,0.020066889632107024,0.3333333333333333,0.0,1.0,0.0,0.0,1.0,HistGB,fleet,40000,20000,36.05,B_fleet_size,CIDv2_OpelAstra,FS-A,1,3,CTT_Forester|CTT_Traverse|ROAD_ORNL
59474,952,0.016006994653125734,0.8239009143009925,0.6654501619343965,58526,0.03288579995682486,False,0.0,0.0,0.0,0.999963402748108,0.0,0.0,0.0,0.0,0.0,0.0,0.0,0.0,0.0,0.0,0.0,0.0,True,0.6554621848739496,0.9659442724458205,0.00037592700181128465,0.9992402791976929,41.15263147916108,0.0,0.9968051118210862,0.0,0.0,0.0,0.16666666666666666,0.0,1.0,0.0,0.0,0.0,True,0.6565126050420168,0.8423180592991913,0.0019992481459963772,0.9983851909637451,218.85717650281114,0.0,0.9968051118210862,0.0,0.0,0.0033444816053511705,0.3333333333333333,0.0,1.0,0.0,0.0,1.0,True,0.6565126050420168,0.8311170212765957,0.0021701240559105976,0.9983415603637695,237.562918084248,0.0,0.9968051118210862,0.0,0.0,0.0033444816053511705,0.3333333333333333,0.0,1.0,0.0,0.0,1.0,True,0.6617647058823529,0.48238897396630936,0.011551211510201291,0.9966145157814026,1264.508130905131,0.0,0.9984025559105432,0.0,0.0,0.016722408026755852,0.3333333333333333,0.0,1.0,0.0,0.0,1.0,XGBoost,fleet,40000,20000,9.17,B_fleet_size,CIDv2_OpelAstra,FS-A,1,3,CTT_Forester|CTT_Traverse|ROAD_ORNL
59474,952,0.016006994653125734,0.8178018558846936,0.6792103061460435,58526,0.03288579995682486,False,0.6607142857142857,0.9828125,0.00018796350090564233,0.9666297275896923,20.57631573958054,0.3,1.0,0.0,0.0,0.0,0.3333333333333333,1.0,1.0,0.0,0.0,0.0,True,0.6617647058823529,0.9559939301972686,0.0004955401387512388,0.9563284049810359,54.246650586166865,0.4,1.0,0.0,0.0,0.0,0.3333333333333333,1.0,1.0,0.0,0.0,0.0,True,0.6649159663865546,0.79125,0.0028536276955674787,0.9242443258032446,312.3858844099954,0.7,1.0,0.0,0.0,0.0,0.3333333333333333,1.0,1.0,0.0,0.0,0.0,True,0.6649159663865546,0.7776412776412777,0.0030928539694473874,0.9229356262919297,338.573922624007,0.7,1.0,0.0,0.0,0.0,0.3333333333333333,1.0,1.0,0.0,0.0,0.0,True,0.6691176470588235,0.4083333333333333,0.015771846485082532,0.8544532806107861,1726.5399479666212,0.8,1.0,0.0,0.0,0.010033444816053512,0.5,1.0,1.0,0.0,0.0,1.0,HistGB,fleet,40000,20000,31.09,B_fleet_size,CIDv2_OpelAstra,FS-A,0,3,CTT_Impala|CTT_Silverado|CTT_Traverse
59474,952,0.016006994653125734,0.830579873861988,0.6808763240111056,58526,0.03288579995682486,False,0.6607142857142857,0.9843505477308294,0.0001708759099142203,0.9832083582878114,18.70574158143685,0.3,1.0,0.0,0.0,0.0,0.3333333333333333,1.0,1.0,0.0,0.0,0.0,True,0.6617647058823529,0.9545454545454546,0.0005126277297426609,0.9768443703651428,56.11722474431056,0.4,1.0,0.0,0.0,0.0,0.3333333333333333,1.0,1.0,0.0,0.0,0.0,True,0.6638655462184874,0.8460508701472557,0.0019650729640135335,0.9622403383255005,215.1160281865238,0.6,1.0,0.0,0.0,0.0,0.3333333333333333,1.0,1.0,0.0,0.0,0.0,True,0.6638655462184874,0.8359788359788359,0.0021188612829363316,0.961126446723938,231.95119560981698,0.6,1.0,0.0,0.0,0.0,0.3333333333333333,1.0,1.0,0.0,0.0,0.0,True,0.6691176470588235,0.39787632729544037,0.016472437715730835,0.9162008762359619,1803.2334884505124,0.7,1.0,0.0,0.0,0.013377926421404682,0.5,1.0,1.0,0.0,0.0,1.0,XGBoost,fleet,40000,20000,7.25,B_fleet_size,CIDv2_OpelAstra,FS-A,0,3,CTT_Impala|CTT_Silverado|CTT_Traverse
59474,952,0.016006994653125734,0.8274486266602605,0.6811853395917541,58526,0.03288579995682486,False,0.6586134453781513,1.0,0.0,0.9972239191244818,0.0,0.2,0.9984025559105432,0.0,0.0,0.0,0.3333333333333333,1.0,1.0,0.0,0.0,0.0,True,0.6607142857142857,0.9968304278922345,3.417518198284406e-05,0.9945843757018566,3.7411483162873704,0.3,1.0,0.0,0.0,0.0,0.3333333333333333,1.0,1.0,0.0,0.0,0.0,True,0.6617647058823529,0.8835904628330996,0.0014182700522880284,0.9849739226165519,155.25765512592588,0.3,1.0,0.07142857142857142,0.0,0.0,0.5,1.0,1.0,0.5,0.0,0.0,True,0.6617647058823529,0.8811188811188811,0.0014524452342708726,0.9846577218657014,158.99880344221324,0.3,1.0,0.07142857142857142,0.0,0.0,0.5,1.0,1.0,0.5,0.0,0.0,True,0.6659663865546218,0.45092460881934565,0.013191620245377806,0.9635621907253877,1444.0832500869249,0.4,1.0,0.07142857142857142,0.0,0.010033444816053512,0.6666666666666666,1.0,1.0,0.5,0.0,1.0,HistGB,fleet,40000,20000,26.58,B_fleet_size,CIDv2_OpelAstra,FS-A,1,3,CTT_Impala|CTT_Silverado|CTT_Traverse
59474,952,0.016006994653125734,0.8303386103595602,0.6785597676133708,58526,0.03288579995682486,False,0.6607142857142857,1.0,0.0,0.9950285553932191,0.0,0.3,1.0,0.0,0.0,0.0,0.3333333333333333,1.0,1.0,0.0,0.0,0.0,True,0.6607142857142857,0.9617737003058104,0.00042718977478555073,0.9863461852073669,46.764353953592135,0.3,1.0,0.0,0.0,0.0,0.3333333333333333,1.0,1.0,0.0,0.0,0.0,True,0.6607142857142857,0.7670731707317073,0.0032637298793616078,0.9720262885093689,357.2796642054439,0.3,1.0,0.0,0.0,0.0,0.3333333333333333,1.0,1.0,0.0,0.0,0.0,True,0.6607142857142857,0.7605804111245466,0.0033833430163015617,0.9715582728385925,370.3736833124496,0.3,1.0,0.0,0.0,0.0,0.3333333333333333,1.0,1.0,0.0,0.0,0.0,True,0.667016806722689,0.339572192513369,0.021103174874406206,0.9356910586357117,2310.1590853074513,0.6,1.0,0.0,0.0,0.010033444816053512,0.5,1.0,1.0,0.0,0.0,1.0,XGBoost,fleet,40000,20000,10.1,B_fleet_size,CIDv2_OpelAstra,FS-A,1,3,CTT_Impala|CTT_Silverado|CTT_Traverse
59474,952,0.016006994653125734,0.8083364971702087,0.2952990935840788,58526,0.03288579995682486,False,0.0,0.0,0.0,0.9989713178532953,0.0,0.0,0.0,0.0,0.0,0.0,0.0,0.0,0.0,0.0,0.0,0.0,True,0.0,0.0,0.0,0.9987471973705714,0.0,0.0,0.0,0.0,0.0,0.0,0.0,0.0,0.0,0.0,0.0,0.0,True,0.0,0.0,0.0002904890468541745,0.9978911692695266,31.79976068844265,0.0,0.0,0.0,0.0,0.0,0.0,0.0,0.0,0.0,0.0,0.0,True,0.0,0.0,0.0002904890468541745,0.9978911692695266,31.79976068844265,0.0,0.0,0.0,0.0,0.0,0.0,0.0,0.0,0.0,0.0,0.0,True,0.0021008403361344537,0.005479452054794521,0.006202795529886196,0.9945177065556682,679.0184194061577,0.1,0.0,0.0,0.0,0.0033444816053511705,0.3333333333333333,1.0,0.0,0.0,0.0,1.0,HistGB,fleet,40000,20000,27.18,B_fleet_size,CIDv2_OpelAstra,FS-A,0,3,CTT_Impala|CTT_Traverse|ROAD_ORNL
59474,952,0.016006994653125734,0.8137152920872393,0.6734567388232688,58526,0.03288579995682486,False,0.6554621848739496,1.0,0.0,0.9994606375694276,0.0,0.0,0.9968051118210862,0.0,0.0,0.0,0.16666666666666666,0.0,1.0,0.0,0.0,0.0,True,0.6554621848739496,0.9952153110047847,5.126277297426609e-05,0.9990629553794861,5.611722474431056,0.0,0.9968051118210862,0.0,0.0,0.0,0.16666666666666666,0.0,1.0,0.0,0.0,0.0,True,0.6554621848739496,0.9585253456221198,0.0004613649567683948,0.9982547163963318,50.5055022698795,0.0,0.9968051118210862,0.0,0.0,0.0,0.16666666666666666,0.0,1.0,0.0,0.0,0.0,True,0.6554621848739496,0.9541284403669725,0.0005126277297426609,0.9981517195701599,56.11722474431056,0.0,0.9968051118210862,0.0,0.0,0.0,0.16666666666666666,0.0,1.0,0.0,0.0,0.0,True,0.657563025210084,0.6107317073170732,0.006817948805577389,0.9943283200263977,746.3590890993304,0.0,0.9984025559105432,0.0,0.0,0.0033444816053511705,0.3333333333333333,0.0,1.0,0.0,0.0,1.0,XGBoost,fleet,40000,20000,8.8,B_fleet_size,CIDv2_OpelAstra,FS-A,0,3,CTT_Impala|CTT_Traverse|ROAD_ORNL
59474,952,0.016006994653125734,0.8166546000512915,0.5749158927345475,58526,0.03288579995682486,False,0.0,0.0,1.708759099142203e-05,0.999410535765161,1.8705741581436852,0.0,0.0,0.0,0.0,0.0,0.0,0.0,0.0,0.0,0.0,0.0,True,0.0,0.0,3.417518198284406e-05,0.9993006213505219,3.7411483162873704,0.0,0.0,0.0,0.0,0.0,0.0,0.0,0.0,0.0,0.0,0.0,True,0.0,0.0,0.000563890502716927,0.9986988891128736,61.72894721874161,0.0,0.0,0.0,0.0,0.0,0.0,0.0,0.0,0.0,0.0,0.0,True,0.0,0.0,0.000563890502716927,0.9986988891128736,61.72894721874161,0.0,0.0,0.0,0.0,0.0,0.0,0.0,0.0,0.0,0.0,0.0,True,0.6554621848739496,0.639344262295082,0.006014832028980554,0.9972464654759504,658.4421036665773,0.0,0.9968051118210862,0.0,0.0,0.0,0.16666666666666666,0.0,1.0,0.0,0.0,0.0,HistGB,fleet,40000,20000,30.42,B_fleet_size,CIDv2_OpelAstra,FS-A,1,3,CTT_Impala|CTT_Traverse|ROAD_ORNL
59474,952,0.016006994653125734,0.8247123325595573,0.6746089010104261,58526,0.03288579995682486,False,0.6554621848739496,0.9952153110047847,5.126277297426609e-05,0.9987189769744874,5.611722474431056,0.0,0.9968051118210862,0.0,0.0,0.0,0.16666666666666666,0.0,1.0,0.0,0.0,0.0,True,0.6554621848739496,0.9920508744038156,8.543795495711015e-05,0.9985894560813904,9.352870790718425,0.0,0.9968051118210862,0.0,0.0,0.0,0.16666666666666666,0.0,1.0,0.0,0.0,0.0,True,0.6565126050420168,0.9541984732824428,0.0005126277297426609,0.9973533153533936,56.11722474431056,0.0,0.9984025559105432,0.0,0.0,0.0,0.16666666666666666,0.0,1.0,0.0,0.0,0.0,True,0.6565126050420168,0.942684766214178,0.0006493284576740371,0.9972051978111267,71.08181800946005,0.0,0.9984025559105432,0.0,0.0,0.0,0.16666666666666666,0.0,1.0,0.0,0.0,0.0,True,0.6586134453781513,0.6346153846153846,0.0061686203479033525,0.9945987462997437,675.2772710898703,0.0,0.9984025559105432,0.0,0.0,0.006688963210702341,0.3333333333333333,0.0,1.0,0.0,0.0,1.0,XGBoost,fleet,40000,20000,9.55,B_fleet_size,CIDv2_OpelAstra,FS-A,1,3,CTT_Impala|CTT_Traverse|ROAD_ORNL
59474,952,0.016006994653125734,0.8301607073573423,0.6075509224934063,58526,0.03288579995682486,False,0.0,0.0,0.0,0.999988522996763,0.0,0.0,0.0,0.0,0.0,0.0,0.0,0.0,0.0,0.0,0.0,0.0,True,0.0,0.0,0.0,0.9999885229967629,0.0,0.0,0.0,0.0,0.0,0.0,0.0,0.0,0.0,0.0,0.0,0.0,True,0.0,0.0,0.0008372919585796795,0.9999713900263673,91.65813374904057,0.0,0.0,0.0,0.0,0.0,0.0,0.0,0.0,0.0,0.0,0.0,True,0.0,0.0,0.0009056423225453676,0.9999705184647019,99.14043038161533,0.0,0.0,0.0,0.0,0.0,0.0,0.0,0.0,0.0,0.0,0.0,True,0.657563025210084,0.5554569653948536,0.008560883086702437,0.9999272129906506,937.1576532299863,0.0,0.9984025559105432,0.0,0.0,0.0033444816053511705,0.3333333333333333,0.0,1.0,0.0,0.0,1.0,HistGB,fleet,40000,20000,30.18,B_fleet_size,CIDv2_OpelAstra,FS-A,0,4,CIDv2_Prototype|CIDv2_RenaultClio|CTT_Impala|CTT_Traverse
59474,952,0.016006994653125734,0.8409618777280914,0.6507073732977992,58526,0.03288579995682486,False,0.0,0.0,0.0,0.9999989271163942,0.0,0.0,0.0,0.0,0.0,0.0,0.0,0.0,0.0,0.0,0.0,0.0,True,0.0,0.0,0.0,0.9999989271163942,0.0,0.0,0.0,0.0,0.0,0.0,0.0,0.0,0.0,0.0,0.0,0.0,True,0.6565126050420168,0.9512937595129376,0.000546802911725505,0.9999979734420776,59.85837306059793,0.0,0.9968051118210862,0.0,0.0,0.0033444816053511705,0.3333333333333333,0.0,1.0,0.0,0.0,1.0,True,0.6565126050420168,0.9455370650529501,0.0006151532756911931,0.9999978542327881,67.34066969317267,0.0,0.9968051118210862,0.0,0.0,0.0033444816053511705,0.3333333333333333,0.0,1.0,0.0,0.0,1.0,True,0.6586134453781513,0.585981308411215,0.007569802809199959,0.999991774559021,828.6643520576525,0.0,0.9968051118210862,0.0,0.0,0.010033444816053512,0.3333333333333333,0.0,1.0,0.0,0.0,1.0,XGBoost,fleet,40000,20000,10.03,B_fleet_size,CIDv2_OpelAstra,FS-A,0,4,CIDv2_Prototype|CIDv2_RenaultClio|CTT_Impala|CTT_Traverse
59474,952,0.016006994653125734,0.8379125683970318,0.6756883314359737,58526,0.03288579995682486,False,0.6554621848739496,1.0,0.0,0.9999784979116612,0.0,0.0,0.9968051118210862,0.0,0.0,0.0,0.16666666666666666,0.0,1.0,0.0,0.0,0.0,True,0.6554621848739496,1.0,0.0,0.9999784979116612,0.0,0.0,0.9968051118210862,0.0,0.0,0.0,0.16666666666666666,0.0,1.0,0.0,0.0,0.0,True,0.6565126050420168,0.9231905465288035,0.0008885547315539455,0.9999204129657357,97.26985622347162,0.0,0.9984025559105432,0.0,0.0,0.0,0.16666666666666666,0.0,1.0,0.0,0.0,0.0,True,0.6565126050420168,0.9231905465288035,0.0008885547315539455,0.9999203740603827,97.26985622347162,0.0,0.9984025559105432,0.0,0.0,0.0,0.16666666666666666,0.0,1.0,0.0,0.0,0.0,True,0.657563025210084,0.5355004277159966,0.009278561908342161,0.9998247437155927,1015.7217678720211,0.0,0.9984025559105432,0.0,0.0,0.0033444816053511705,0.3333333333333333,0.0,1.0,0.0,0.0,1.0,HistGB,fleet,40000,20000,34.39,B_fleet_size,CIDv2_OpelAstra,FS-A,1,4,CIDv2_Prototype|CIDv2_RenaultClio|CTT_Impala|CTT_Traverse
59474,952,0.016006994653125734,0.845708413829289,0.6786616415213579,58526,0.03288579995682486,False,0.6554621848739496,1.0,0.0,0.9999970197677613,0.0,0.0,0.9968051118210862,0.0,0.0,0.0,0.16666666666666666,0.0,1.0,0.0,0.0,0.0,True,0.6554621848739496,0.9968051118210862,3.417518198284406e-05,0.9999963045120239,3.7411483162873704,0.0,0.9968051118210862,0.0,0.0,0.0,0.16666666666666666,0.0,1.0,0.0,0.0,0.0,True,0.6565126050420168,0.8992805755395683,0.001196131369399542,0.9999884366989136,130.94019107005798,0.0,0.9984025559105432,0.0,0.0,0.0,0.16666666666666666,0.0,1.0,0.0,0.0,0.0,True,0.6565126050420168,0.894134477825465,0.0012644817333652301,0.999988317489624,138.42248770263268,0.0,0.9984025559105432,0.0,0.0,0.0,0.16666666666666666,0.0,1.0,0.0,0.0,0.0,True,0.6617647058823529,0.4968454258675079,0.010901883052527254,0.9999567270278931,1193.4263128956711,0.0,1.0,0.0,0.0,0.013377926421404682,0.3333333333333333,0.0,1.0,0.0,0.0,1.0,XGBoost,fleet,40000,20000,13.06,B_fleet_size,CIDv2_OpelAstra,FS-A,1,4,CIDv2_Prototype|CIDv2_RenaultClio|CTT_Impala|CTT_Traverse
59474,952,0.016006994653125734,0.8149101580415495,0.6741376204957333,58526,0.03288579995682486,False,0.6554621848739496,0.9984,1.708759099142203e-05,0.9993680823383028,1.8705741581436852,0.0,0.9968051118210862,0.0,0.0,0.0,0.16666666666666666,0.0,1.0,0.0,0.0,0.0,True,0.6554621848739496,0.9984,1.708759099142203e-05,0.9993680823383027,1.8705741581436852,0.0,0.9968051118210862,0.0,0.0,0.0,0.16666666666666666,0.0,1.0,0.0,0.0,0.0,True,0.6565126050420168,0.9286775631500743,0.0008202043675882574,0.9968625681196306,89.78755959089689,0.0,0.9984025559105432,0.0,0.0,0.0,0.16666666666666666,0.0,1.0,0.0,0.0,0.0,True,0.6565126050420168,0.9272997032640949,0.0008372919585796795,0.9967381503686931,91.65813374904057,0.0,0.9984025559105432,0.0,0.0,0.0,0.16666666666666666,0.0,1.0,0.0,0.0,0.0,True,0.6628151260504201,0.49335418295543393,0.011072758962441476,0.9836356954609998,1212.1320544771079,0.1,1.0,0.0,0.0,0.013377926421404682,0.5,1.0,1.0,0.0,0.0,1.0,HistGB,fleet,40000,20000,47.97,B_fleet_size,CIDv2_OpelAstra,FS-A,0,4,CIDv2_Prototype|CTT_Forester|CTT_Traverse|ROAD_ORNL
59474,952,0.016006994653125734,0.808518079748218,0.6732480250979782,58526,0.03288579995682486,False,0.6554621848739496,0.9920508744038156,8.543795495711015e-05,0.9996162652969361,9.352870790718425,0.0,0.9968051118210862,0.0,0.0,0.0,0.16666666666666666,0.0,1.0,0.0,0.0,0.0,True,0.6554621848739496,0.9920508744038156,8.543795495711015e-05,0.9996162652969361,9.352870790718425,0.0,0.9968051118210862,0.0,0.0,0.0,0.16666666666666666,0.0,1.0,0.0,0.0,0.0,True,0.6565126050420168,0.8852691218130312,0.0013840948703051845,0.9988828301429749,151.51650680963849,0.0,0.9984025559105432,0.0,0.0,0.0,0.16666666666666666,0.0,1.0,0.0,0.0,0.0,True,0.6565126050420168,0.8852691218130312,0.0013840948703051845,0.9988828301429749,151.51650680963849,0.0,0.9984025559105432,0.0,0.0,0.0,0.16666666666666666,0.0,1.0,0.0,0.0,0.0,True,0.6607142857142857,0.4898753894080997,0.01119237209938143,0.9963261485099792,1225.226073584114,0.1,0.9984025559105432,0.0,0.0,0.010033444816053512,0.5,1.0,1.0,0.0,0.0,1.0,XGBoost,fleet,40000,20000,12.9,B_fleet_size,CIDv2_OpelAstra,FS-A,0,4,CIDv2_Prototype|CTT_Forester|CTT_Traverse|ROAD_ORNL
59474,952,0.016006994653125734,0.8186871259217607,0.6744094134639108,58526,0.03288579995682486,False,0.6554621848739496,0.9952153110047847,5.126277297426609e-05,0.9982800084945228,5.611722474431056,0.0,0.9968051118210862,0.0,0.0,0.0,0.16666666666666666,0.0,1.0,0.0,0.0,0.0,True,0.6554621848739496,0.9952153110047847,5.126277297426609e-05,0.9982800084945228,5.611722474431056,0.0,0.9968051118210862,0.0,0.0,0.0,0.16666666666666666,0.0,1.0,0.0,0.0,0.0,True,0.6565126050420168,0.9441087613293051,0.0006322408666826151,0.9953877981132979,69.21124385131634,0.1,0.9968051118210862,0.0,0.0,0.0,0.3333333333333333,1.0,1.0,0.0,0.0,0.0,True,0.6565126050420168,0.9441087613293051,0.0006322408666826151,0.9953877981132979,69.21124385131634,0.1,0.9968051118210862,0.0,0.0,0.0,0.3333333333333333,1.0,1.0,0.0,0.0,0.0,True,0.6596638655462185,0.5494313210848644,0.008800109360582346,0.9879431930836274,963.3456914439979,0.1,0.9984025559105432,0.0,0.0,0.006688963210702341,0.5,1.0,1.0,0.0,0.0,1.0,HistGB,fleet,40000,20000,28.16,B_fleet_size,CIDv2_OpelAstra,FS-A,1,4,CIDv2_Prototype|CTT_Forester|CTT_Traverse|ROAD_ORNL
59474,952,0.016006994653125734,0.8119937262694285,0.6734890181945977,58526,0.03288579995682486,False,0.6554621848739496,1.0,0.0,0.9996039271354676,0.0,0.0,0.9968051118210862,0.0,0.0,0.0,0.16666666666666666,0.0,1.0,0.0,0.0,0.0,True,0.6554621848739496,1.0,0.0,0.9996039271354676,0.0,0.0,0.9968051118210862,0.0,0.0,0.0,0.16666666666666666,0.0,1.0,0.0,0.0,0.0,True,0.6565126050420168,0.9455370650529501,0.0006151532756911931,0.9983408451080322,67.34066969317267,0.0,0.9984025559105432,0.0,0.0,0.0,0.16666666666666666,0.0,1.0,0.0,0.0,0.0,True,0.6565126050420168,0.9398496240601504,0.0006835036396568812,0.9981884360313416,74.8229663257474,0.0,0.9984025559105432,0.0,0.0,0.0,0.16666666666666666,0.0,1.0,0.0,0.0,0.0,True,0.657563025210084,0.6179664363277394,0.006612897713680325,0.9945449829101562,723.9121992016062,0.0,0.9984025559105432,0.0,0.0,0.0033444816053511705,0.3333333333333333,0.0,1.0,0.0,0.0,1.0,XGBoost,fleet,40000,20000,10.74,B_fleet_size,CIDv2_OpelAstra,FS-A,1,4,CIDv2_Prototype|CTT_Forester|CTT_Traverse|ROAD_ORNL
59474,952,0.016006994653125734,0.8287409295764374,0.6761704684555703,58526,0.03288579995682486,False,0.657563025210084,0.9936507936507937,6.835036396568812e-05,0.9992233383057976,7.482296632574741,0.0,1.0,0.0,0.0,0.0,0.16666666666666666,0.0,1.0,0.0,0.0,0.0,True,0.657563025210084,0.9920760697305864,8.543795495711015e-05,0.9991401890071189,9.352870790718425,0.0,1.0,0.0,0.0,0.0,0.16666666666666666,0.0,1.0,0.0,0.0,0.0,True,0.6586134453781513,0.91800878477306,0.0009569050955196336,0.9979790999524694,104.75215285604638,0.0,1.0,0.0,0.0,0.0033444816053511705,0.3333333333333333,0.0,1.0,0.0,0.0,1.0,True,0.6586134453781513,0.9113372093023255,0.0010423430504767437,0.9979049138051019,114.10502364676478,0.0,1.0,0.0,0.0,0.0033444816053511705,0.3333333333333333,0.0,1.0,0.0,0.0,1.0,True,0.6617647058823529,0.5407725321888412,0.009141861180410786,0.9944988410014971,1000.7571746068716,0.0,1.0,0.0,0.0,0.013377926421404682,0.3333333333333333,0.0,1.0,0.0,0.0,1.0,HistGB,fleet,40000,20000,22.57,B_fleet_size,CIDv2_OpelAstra,FS-A,0,4,CIDv2_RenaultClio|CTT_Forester|CTT_Silverado|ROAD_ORNL
59474,952,0.016006994653125734,0.8445643708937729,0.6814317017140803,58526,0.03288579995682486,False,0.657563025210084,0.9952305246422893,5.126277297426609e-05,0.9990118741989137,5.611722474431056,0.0,1.0,0.0,0.0,0.0,0.16666666666666666,0.0,1.0,0.0,0.0,0.0,True,0.657563025210084,0.9889415481832543,0.0001196131369399542,0.9987970590591431,13.094019107005797,0.0,1.0,0.0,0.0,0.0,0.16666666666666666,0.0,1.0,0.0,0.0,0.0,True,0.6586134453781513,0.9126637554585153,0.0010252554594853218,0.9977534413337708,112.23444948862112,0.0,1.0,0.0,0.0,0.0033444816053511705,0.3333333333333333,0.0,1.0,0.0,0.0,1.0,True,0.6586134453781513,0.9047619047619048,0.001127781005433854,0.997670590877533,123.45789443748322,0.0,1.0,0.0,0.0,0.0033444816053511705,0.3333333333333333,0.0,1.0,0.0,0.0,1.0,True,0.6628151260504201,0.5530236634531113,0.008714671405625235,0.9938682913780212,953.9928206532794,0.0,1.0,0.0,0.0,0.016722408026755852,0.3333333333333333,0.0,1.0,0.0,0.0,1.0,XGBoost,fleet,40000,20000,7.09,B_fleet_size,CIDv2_OpelAstra,FS-A,0,4,CIDv2_RenaultClio|CTT_Forester|CTT_Silverado|ROAD_ORNL
59474,952,0.016006994653125734,0.8341939173058239,0.6790195610940781,58526,0.03288579995682486,False,0.6554621848739496,0.9936305732484076,6.835036396568812e-05,0.9997186569292703,7.482296632574741,0.0,0.9968051118210862,0.0,0.0,0.0,0.16666666666666666,0.0,1.0,0.0,0.0,0.0,True,0.6565126050420168,0.9556574923547401,0.0004955401387512388,0.9995674177445482,54.246650586166865,0.0,0.9984025559105432,0.0,0.0,0.0,0.16666666666666666,0.0,1.0,0.0,0.0,0.0,True,0.6565126050420168,0.8729050279329609,0.0015549707802194046,0.9993716434222133,170.22224839107534,0.0,0.9984025559105432,0.0,0.0,0.0,0.16666666666666666,0.0,1.0,0.0,0.0,0.0,True,0.657563025210084,0.8598901098901099,0.001742934281125047,0.999347380698452,190.7985641306559,0.0,0.9984025559105432,0.0,0.0,0.0033444816053511705,0.3333333333333333,0.0,1.0,0.0,0.0,1.0,True,0.6649159663865546,0.48246951219512196,0.011602474283175557,0.9975360361391797,1270.119853379562,0.0,1.0,0.0,0.0,0.023411371237458192,0.3333333333333333,0.0,1.0,0.0,0.0,1.0,HistGB,fleet,40000,20000,25.69,B_fleet_size,CIDv2_OpelAstra,FS-A,1,4,CIDv2_RenaultClio|CTT_Forester|CTT_Silverado|ROAD_ORNL
59474,952,0.016006994653125734,0.837560513764988,0.6793447835913293,58526,0.03288579995682486,False,0.657563025210084,1.0,0.0,0.9994885921478273,0.0,0.0,1.0,0.0,0.0,0.0,0.16666666666666666,0.0,1.0,0.0,0.0,0.0,True,0.657563025210084,0.9750778816199377,0.0002734014558627525,0.9987578392028809,29.929186530298963,0.0,1.0,0.0,0.0,0.0,0.16666666666666666,0.0,1.0,0.0,0.0,0.0,True,0.657563025210084,0.9192364170337739,0.0009398175045282117,0.9981485605239868,102.88157869790268,0.0,1.0,0.0,0.0,0.0,0.16666666666666666,0.0,1.0,0.0,0.0,0.0,True,0.657563025210084,0.9138686131386862,0.0010081678684938998,0.9981163740158081,110.36387533047744,0.0,1.0,0.0,0.0,0.0,0.16666666666666666,0.0,1.0,0.0,0.0,0.0,True,0.6617647058823529,0.5361702127659574,0.009312737090325006,0.9952334761619568,1019.4629161883084,0.0,1.0,0.0,0.0,0.013377926421404682,0.3333333333333333,0.0,1.0,0.0,0.0,1.0,XGBoost,fleet,40000,20000,8.65,B_fleet_size,CIDv2_OpelAstra,FS-A,1,4,CIDv2_RenaultClio|CTT_Forester|CTT_Silverado|ROAD_ORNL
59474,952,0.016006994653125734,0.8497597254957483,0.6826780459867032,58526,0.03288579995682486,False,0.657563025210084,0.9952305246422893,5.126277297426609e-05,0.9972097196174493,5.611722474431056,0.0,1.0,0.0,0.0,0.0,0.16666666666666666,0.0,1.0,0.0,0.0,0.0,True,0.6586134453781513,0.9889589905362776,0.0001196131369399542,0.9963737750938072,13.094019107005797,0.1,1.0,0.0,0.0,0.0,0.3333333333333333,1.0,1.0,0.0,0.0,0.0,True,0.6617647058823529,0.9197080291970803,0.0009398175045282117,0.9941445463892206,102.88157869790268,0.3,1.0,0.0,0.0,0.0033444816053511705,0.5,1.0,1.0,0.0,0.0,1.0,True,0.6617647058823529,0.9143686502177069,0.0010081678684938998,0.9939077183400036,110.36387533047744,0.3,1.0,0.0,0.0,0.0033444816053511705,0.5,1.0,1.0,0.0,0.0,1.0,True,0.6638655462184874,0.5262281432139884,0.009722839274119134,0.9886558621709451,1064.356695983757,0.3,1.0,0.07142857142857142,0.0,0.006688963210702341,0.6666666666666666,1.0,1.0,0.5,0.0,1.0,HistGB,fleet,40000,20000,28.62,B_fleet_size,CIDv2_OpelAstra,FS-A,0,4,CIDv2_RenaultClio|CTT_Impala|CTT_Silverado|CTT_Traverse
59474,952,0.016006994653125734,0.851632414183677,0.6805953899287206,58526,0.03288579995682486,False,0.657563025210084,1.0,0.0,0.9988023042678834,0.0,0.0,1.0,0.0,0.0,0.0,0.16666666666666666,0.0,1.0,0.0,0.0,0.0,True,0.657563025210084,0.9952305246422893,5.126277297426609e-05,0.998489260673523,5.611722474431056,0.0,1.0,0.0,0.0,0.0,0.16666666666666666,0.0,1.0,0.0,0.0,0.0,True,0.657563025210084,0.9557251908396946,0.0004955401387512388,0.9978047013282776,54.246650586166865,0.0,1.0,0.0,0.0,0.0,0.16666666666666666,0.0,1.0,0.0,0.0,0.0,True,0.657563025210084,0.9557251908396946,0.0004955401387512388,0.9977922439575195,54.246650586166865,0.0,1.0,0.0,0.0,0.0,0.16666666666666666,0.0,1.0,0.0,0.0,0.0,True,0.6607142857142857,0.6252485089463221,0.006442021803766105,0.9954074025154114,705.2064576201693,0.1,1.0,0.0,0.0,0.006688963210702341,0.5,1.0,1.0,0.0,0.0,1.0,XGBoost,fleet,40000,20000,9.45,B_fleet_size,CIDv2_OpelAstra,FS-A,0,4,CIDv2_RenaultClio|CTT_Impala|CTT_Silverado|CTT_Traverse
59474,952,0.016006994653125734,0.8466643047978222,0.6794521974171884,58526,0.03288579995682486,False,0.657563025210084,0.9858267716535433,0.00015378831892279827,0.9978470564253414,16.835167423293168,0.0,1.0,0.0,0.0,0.0,0.16666666666666666,0.0,1.0,0.0,0.0,0.0,True,0.657563025210084,0.9811912225705329,0.00020505109189706435,0.9976915605572187,22.446889897724223,0.0,1.0,0.0,0.0,0.0,0.16666666666666666,0.0,1.0,0.0,0.0,0.0,True,0.657563025210084,0.9274074074074075,0.0008372919585796795,0.9969451811039423,91.65813374904057,0.0,1.0,0.0,0.0,0.0,0.16666666666666666,0.0,1.0,0.0,0.0,0.0,True,0.657563025210084,0.8981348637015782,0.001213218960390964,0.9966509027810698,132.81076522820166,0.0,1.0,0.0,0.0,0.0,0.16666666666666666,0.0,1.0,0.0,0.0,0.0,True,0.6607142857142857,0.5164203612479474,0.010064591093947575,0.992957266433528,1101.7681791466305,0.0,1.0,0.0,0.0,0.010033444816053512,0.3333333333333333,0.0,1.0,0.0,0.0,1.0,HistGB,fleet,40000,20000,30.12,B_fleet_size,CIDv2_OpelAstra,FS-A,1,4,CIDv2_RenaultClio|CTT_Impala|CTT_Silverado|CTT_Traverse
59474,952,0.016006994653125734,0.8550208727077857,0.6822353549927022,58526,0.03288579995682486,False,0.657563025210084,0.9952305246422893,5.126277297426609e-05,0.9989007711410524,5.611722474431056,0.0,1.0,0.0,0.0,0.0,0.16666666666666666,0.0,1.0,0.0,0.0,0.0,True,0.657563025210084,0.9765990639625585,0.00025631386487133046,0.9986454844474792,28.05861237215528,0.0,1.0,0.0,0.0,0.0,0.16666666666666666,0.0,1.0,0.0,0.0,0.0,True,0.657563025210084,0.8994252873563219,0.001196131369399542,0.9981043338775635,130.94019107005798,0.0,1.0,0.0,0.0,0.0,0.16666666666666666,0.0,1.0,0.0,0.0,0.0,True,0.657563025210084,0.8942857142857142,0.0012644817333652301,0.9980800151824951,138.42248770263268,0.0,1.0,0.0,0.0,0.0,0.16666666666666666,0.0,1.0,0.0,0.0,0.0,True,0.6659663865546218,0.5141930251419302,0.010235467003861796,0.9961801767349243,1120.4739207280675,0.1,1.0,0.07142857142857142,0.0,0.020066889632107024,0.6666666666666666,1.0,1.0,0.5,0.0,1.0,XGBoost,fleet,40000,20000,9.3,B_fleet_size,CIDv2_OpelAstra,FS-A,1,4,CIDv2_RenaultClio|CTT_Impala|CTT_Silverado|CTT_Traverse
59474,952,0.016006994653125734,0.8157769225047594,0.6719330619333361,58526,0.03288579995682486,False,0.6554621848739496,1.0,0.0,0.9991300419020317,0.0,0.0,0.9968051118210862,0.0,0.0,0.0,0.16666666666666666,0.0,1.0,0.0,0.0,0.0,True,0.6554621848739496,0.9904761904761905,0.00010252554594853218,0.9979913861667961,11.223444948862111,0.0,0.9968051118210862,0.0,0.0,0.0,0.16666666666666666,0.0,1.0,0.0,0.0,0.0,True,0.6554621848739496,0.9614791987673343,0.00042718977478555073,0.9959053401528386,46.764353953592135,0.0,0.9968051118210862,0.0,0.0,0.0,0.16666666666666666,0.0,1.0,0.0,0.0,0.0,True,0.6554621848739496,0.9585253456221198,0.0004613649567683948,0.9958416473678794,50.5055022698795,0.0,0.9968051118210862,0.0,0.0,0.0,0.16666666666666666,0.0,1.0,0.0,0.0,0.0,True,0.6586134453781513,0.718213058419244,0.004203547383889819,0.9907361084799451,460.16124290334653,0.0,0.9968051118210862,0.07142857142857142,0.0,0.006688963210702341,0.5,0.0,1.0,0.5,0.0,1.0,HistGB,fleet,40000,20000,29.45,B_fleet_size,CIDv2_OpelAstra,FS-A,0,4,CIDv2_RenaultClio|CTT_Impala|CTT_Traverse|ROAD_ORNL
59474,952,0.016006994653125734,0.8185187808420249,0.6763499993566181,58526,0.03288579995682486,False,0.6554621848739496,0.9952153110047847,5.126277297426609e-05,0.9993866682052613,5.611722474431056,0.0,0.9968051118210862,0.0,0.0,0.0,0.16666666666666666,0.0,1.0,0.0,0.0,0.0,True,0.6554621848739496,0.9952153110047847,5.126277297426609e-05,0.9992504715919495,5.611722474431056,0.0,0.9968051118210862,0.0,0.0,0.0,0.16666666666666666,0.0,1.0,0.0,0.0,0.0,True,0.6554621848739496,0.9734789391575663,0.0002904890468541745,0.998298704624176,31.79976068844265,0.0,0.9968051118210862,0.0,0.0,0.0,0.16666666666666666,0.0,1.0,0.0,0.0,0.0,True,0.6554621848739496,0.9659442724458205,0.00037592700181128465,0.9982545971870422,41.15263147916108,0.0,0.9968051118210862,0.0,0.0,0.0,0.16666666666666666,0.0,1.0,0.0,0.0,0.0,True,0.657563025210084,0.7033707865168539,0.004511124021735416,0.996174693107605,493.8315777499329,0.1,0.9968051118210862,0.0,0.0,0.0033444816053511705,0.5,1.0,1.0,0.0,0.0,1.0,XGBoost,fleet,40000,20000,9.66,B_fleet_size,CIDv2_OpelAstra,FS-A,0,4,CIDv2_RenaultClio|CTT_Impala|CTT_Traverse|ROAD_ORNL
59474,952,0.016006994653125734,0.8235128805973707,0.6720157773221878,58526,0.03288579995682486,False,0.6554621848739496,0.9984,1.708759099142203e-05,0.9982479561195816,1.8705741581436852,0.0,0.9968051118210862,0.0,0.0,0.0,0.16666666666666666,0.0,1.0,0.0,0.0,0.0,True,0.6554621848739496,0.9984,1.708759099142203e-05,0.9978563670035171,1.8705741581436852,0.0,0.9968051118210862,0.0,0.0,0.0,0.16666666666666666,0.0,1.0,0.0,0.0,0.0,True,0.6554621848739496,0.9904761904761905,0.00010252554594853218,0.9969996920244308,11.223444948862111,0.0,0.9968051118210862,0.0,0.0,0.0,0.16666666666666666,0.0,1.0,0.0,0.0,0.0,True,0.6554621848739496,0.9889064976228209,0.0001196131369399542,0.9969447691818726,13.094019107005797,0.0,0.9968051118210862,0.0,0.0,0.0,0.16666666666666666,0.0,1.0,0.0,0.0,0.0,True,0.6565126050420168,0.6558237145855194,0.005604729845186425,0.9940917155878367,613.5483238711288,0.0,0.9968051118210862,0.0,0.0,0.0033444816053511705,0.3333333333333333,0.0,1.0,0.0,0.0,1.0,HistGB,fleet,40000,20000,31.26,B_fleet_size,CIDv2_OpelAstra,FS-A,1,4,CIDv2_RenaultClio|CTT_Impala|CTT_Traverse|ROAD_ORNL
59474,952,0.016006994653125734,0.8139867191365798,0.672407865057392,58526,0.03288579995682486,False,0.6554621848739496,0.9968051118210862,3.417518198284406e-05,0.9994238615036012,3.7411483162873704,0.0,0.9968051118210862,0.0,0.0,0.0,0.16666666666666666,0.0,1.0,0.0,0.0,0.0,True,0.6554621848739496,0.9968051118210862,3.417518198284406e-05,0.9994238615036012,3.7411483162873704,0.0,0.9968051118210862,0.0,0.0,0.0,0.16666666666666666,0.0,1.0,0.0,0.0,0.0,True,0.6554621848739496,0.9585253456221198,0.0004613649567683948,0.9988013505935669,50.5055022698795,0.0,0.9968051118210862,0.0,0.0,0.0,0.16666666666666666,0.0,1.0,0.0,0.0,0.0,True,0.6554621848739496,0.9585253456221198,0.0004613649567683948,0.9987819790840149,50.5055022698795,0.0,0.9968051118210862,0.0,0.0,0.0,0.16666666666666666,0.0,1.0,0.0,0.0,0.0,True,0.6586134453781513,0.6314199395770392,0.006254058302860463,0.997295081615448,684.6301418805888,0.1,0.9968051118210862,0.0,0.0,0.006688963210702341,0.5,1.0,1.0,0.0,0.0,1.0,XGBoost,fleet,40000,20000,10.37,B_fleet_size,CIDv2_OpelAstra,FS-A,1,4,CIDv2_RenaultClio|CTT_Impala|CTT_Traverse|ROAD_ORNL
59474,952,0.016006994653125734,0.8331468895271448,0.6786290478449951,58526,0.03288579995682486,False,0.657563025210084,0.9952305246422893,5.126277297426609e-05,0.9991356606479405,5.611722474431056,0.0,1.0,0.0,0.0,0.0,0.16666666666666666,0.0,1.0,0.0,0.0,0.0,True,0.657563025210084,0.9889415481832543,0.0001196131369399542,0.9990822364696242,13.094019107005797,0.0,1.0,0.0,0.0,0.0,0.16666666666666666,0.0,1.0,0.0,0.0,0.0,True,0.657563025210084,0.9233038348082596,0.0008885547315539455,0.998651017914002,97.26985622347162,0.0,1.0,0.0,0.0,0.0,0.16666666666666666,0.0,1.0,0.0,0.0,0.0,True,0.657563025210084,0.9046242774566474,0.001127781005433854,0.9985715664268917,123.45789443748322,0.0,1.0,0.0,0.0,0.0,0.16666666666666666,0.0,1.0,0.0,0.0,0.0,True,0.6649159663865546,0.45376344086021503,0.013020744335463586,0.9960368325591072,1425.377508505488,0.3,1.0,0.0,0.0,0.013377926421404682,0.5,1.0,1.0,0.0,0.0,1.0,HistGB,fleet,40000,20000,28.02,B_fleet_size,CIDv2_OpelAstra,FS-A,0,5,CIDv2_Prototype|CIDv2_RenaultClio|CTT_Forester|CTT_Impala|CTT_Traverse
59474,952,0.016006994653125734,0.8405697605927986,0.6795673473994015,58526,0.03288579995682486,False,0.657563025210084,0.9984051036682615,1.708759099142203e-05,0.9999351501464845,1.8705741581436852,0.0,1.0,0.0,0.0,0.0,0.16666666666666666,0.0,1.0,0.0,0.0,0.0,True,0.657563025210084,0.9984051036682615,1.708759099142203e-05,0.9999351501464844,1.8705741581436852,0.0,1.0,0.0,0.0,0.0,0.16666666666666666,0.0,1.0,0.0,0.0,0.0,True,0.6586134453781513,0.9557926829268293,0.0004955401387512388,0.9998637437820435,54.246650586166865,0.0,1.0,0.0,0.0,0.0033444816053511705,0.3333333333333333,0.0,1.0,0.0,0.0,1.0,True,0.6586134453781513,0.954337899543379,0.0005126277297426609,0.9998579025268555,56.11722474431056,0.0,1.0,0.0,0.0,0.0033444816053511705,0.3333333333333333,0.0,1.0,0.0,0.0,1.0,True,0.6628151260504201,0.5986717267552182,0.0072280509893715185,0.9996206760406494,791.2528688947789,0.1,1.0,0.0,0.0,0.013377926421404682,0.5,1.0,1.0,0.0,0.0,1.0,XGBoost,fleet,40000,20000,8.66,B_fleet_size,CIDv2_OpelAstra,FS-A,0,5,CIDv2_Prototype|CIDv2_RenaultClio|CTT_Forester|CTT_Impala|CTT_Traverse
59474,952,0.016006994653125734,0.8281274096734145,0.6769199332377606,58526,0.03288579995682486,False,0.6565126050420168,1.0,0.0,0.9996279524394518,0.0,0.0,0.9984025559105432,0.0,0.0,0.0,0.16666666666666666,0.0,1.0,0.0,0.0,0.0,True,0.657563025210084,1.0,0.0,0.9994951603993495,0.0,0.0,1.0,0.0,0.0,0.0,0.16666666666666666,0.0,1.0,0.0,0.0,0.0,True,0.657563025210084,0.9178885630498533,0.0009569050955196336,0.9990597140932626,104.75215285604638,0.0,1.0,0.0,0.0,0.0,0.16666666666666666,0.0,1.0,0.0,0.0,0.0,True,0.657563025210084,0.9178885630498533,0.0009569050955196336,0.9990597140932626,104.75215285604638,0.0,1.0,0.0,0.0,0.0,0.16666666666666666,0.0,1.0,0.0,0.0,0.0,True,0.6638655462184874,0.4980299448384555,0.010884795461535833,0.9977264202437331,1191.5557387375275,0.2,1.0,0.0,0.0,0.013377926421404682,0.5,1.0,1.0,0.0,0.0,1.0,HistGB,fleet,40000,20000,30.9,B_fleet_size,CIDv2_OpelAstra,FS-A,1,5,CIDv2_Prototype|CIDv2_RenaultClio|CTT_Forester|CTT_Impala|CTT_Traverse
59474,952,0.016006994653125734,0.8387600375237755,0.6805467299517256,58526,0.03288579995682486,False,0.6565126050420168,0.9952229299363057,5.126277297426609e-05,0.9999202489852906,5.611722474431056,0.0,0.9984025559105432,0.0,0.0,0.0,0.16666666666666666,0.0,1.0,0.0,0.0,0.0,True,0.6565126050420168,0.9920634920634921,8.543795495711015e-05,0.999884843826294,9.352870790718425,0.0,0.9984025559105432,0.0,0.0,0.0,0.16666666666666666,0.0,1.0,0.0,0.0,0.0,True,0.657563025210084,0.9343283582089552,0.0007518540036225693,0.9997822642326355,82.30526295832216,0.1,0.9984025559105432,0.0,0.0,0.0,0.3333333333333333,1.0,1.0,0.0,0.0,0.0,True,0.657563025210084,0.9112081513828238,0.0010423430504767437,0.9997701048851013,114.10502364676478,0.1,0.9984025559105432,0.0,0.0,0.0,0.3333333333333333,1.0,1.0,0.0,0.0,0.0,True,0.6659663865546218,0.535472972972973,0.009398175045282117,0.9994612336158752,1028.8157869790268,0.2,1.0,0.0,0.0,0.020066889632107024,0.5,1.0,1.0,0.0,0.0,1.0,XGBoost,fleet,40000,20000,7.65,B_fleet_size,CIDv2_OpelAstra,FS-A,1,5,CIDv2_Prototype|CIDv2_RenaultClio|CTT_Forester|CTT_Impala|CTT_Traverse
59474,952,0.016006994653125734,0.8429163068460356,0.6828852603146522,58526,0.03288579995682486,False,0.6607142857142857,1.0,0.0,0.9944849282185414,0.0,0.3,1.0,0.0,0.0,0.0,0.3333333333333333,1.0,1.0,0.0,0.0,0.0,True,0.6607142857142857,1.0,0.0,0.9924299049284588,0.0,0.3,1.0,0.0,0.0,0.0,0.3333333333333333,1.0,1.0,0.0,0.0,0.0,True,0.6617647058823529,0.9402985074626866,0.0006835036396568812,0.9872459440772278,74.8229663257474,0.4,1.0,0.0,0.0,0.0,0.3333333333333333,1.0,1.0,0.0,0.0,0.0,True,0.6617647058823529,0.9388971684053651,0.0007005912306483032,0.9870362348991895,76.6935404838911,0.4,1.0,0.0,0.0,0.0,0.3333333333333333,1.0,1.0,0.0,0.0,0.0,True,0.6659663865546218,0.5498699045967043,0.008868459724548033,0.9759253936523612,970.8279880765726,0.7,1.0,0.0,0.0,0.0033444816053511705,0.5,1.0,1.0,0.0,0.0,1.0,HistGB,fleet,40000,20000,24.56,B_fleet_size,CIDv2_OpelAstra,FS-A,0,5,CIDv2_Prototype|CIDv2_RenaultClio|CTT_Impala|CTT_Silverado|CTT_Traverse
59474,952,0.016006994653125734,0.8474372131546306,0.6845283221991407,58526,0.03288579995682486,False,0.657563025210084,0.9968152866242038,3.417518198284406e-05,0.9976026415824891,3.7411483162873704,0.0,1.0,0.0,0.0,0.0,0.16666666666666666,0.0,1.0,0.0,0.0,0.0,True,0.6607142857142857,0.9828125,0.00018796350090564233,0.9960202574729919,20.57631573958054,0.3,1.0,0.0,0.0,0.0,0.3333333333333333,1.0,1.0,0.0,0.0,0.0,True,0.6607142857142857,0.9416167664670658,0.0006664160486654591,0.9933080673217773,72.95239216760372,0.3,1.0,0.0,0.0,0.0,0.3333333333333333,1.0,1.0,0.0,0.0,0.0,True,0.6607142857142857,0.9402092675635276,0.0006835036396568812,0.9932708144187927,74.8229663257474,0.3,1.0,0.0,0.0,0.0,0.3333333333333333,1.0,1.0,0.0,0.0,0.0,True,0.6638655462184874,0.6645636172450052,0.005450941526263627,0.9868326187133789,596.7131564478356,0.3,1.0,0.0,0.0,0.010033444816053512,0.5,1.0,1.0,0.0,0.0,1.0,XGBoost,fleet,40000,20000,11.57,B_fleet_size,CIDv2_OpelAstra,FS-A,0,5,CIDv2_Prototype|CIDv2_RenaultClio|CTT_Impala|CTT_Silverado|CTT_Traverse
59474,952,0.016006994653125734,0.8552255468675287,0.6833068040458072,58526,0.03288579995682486,False,0.6565126050420168,1.0,0.0,0.9985850897530965,0.0,0.0,0.9984025559105432,0.0,0.0,0.0,0.16666666666666666,0.0,1.0,0.0,0.0,0.0,True,0.6565126050420168,1.0,0.0,0.9985850897530965,0.0,0.0,0.9984025559105432,0.0,0.0,0.0,0.16666666666666666,0.0,1.0,0.0,0.0,0.0,True,0.657563025210084,0.945619335347432,0.0006151532756911931,0.9970387339871272,67.34066969317267,0.1,0.9984025559105432,0.0,0.0,0.0,0.3333333333333333,1.0,1.0,0.0,0.0,0.0,True,0.657563025210084,0.9315476190476191,0.0007860291856054134,0.9969700209519652,86.04641127460951,0.1,0.9984025559105432,0.0,0.0,0.0,0.3333333333333333,1.0,1.0,0.0,0.0,0.0,True,0.6659663865546218,0.5645592163846839,0.008355831994805373,0.9918964344083383,914.7107633322621,0.5,1.0,0.0,0.0,0.010033444816053512,0.5,1.0,1.0,0.0,0.0,1.0,HistGB,fleet,40000,20000,31.16,B_fleet_size,CIDv2_OpelAstra,FS-A,1,5,CIDv2_Prototype|CIDv2_RenaultClio|CTT_Impala|CTT_Silverado|CTT_Traverse
59474,952,0.016006994653125734,0.8510347613294318,0.681700454094295,58526,0.03288579995682486,False,0.6565126050420168,0.9952229299363057,5.126277297426609e-05,0.9981614947319032,5.611722474431056,0.0,0.9984025559105432,0.0,0.0,0.0,0.16666666666666666,0.0,1.0,0.0,0.0,0.0,True,0.657563025210084,0.9811912225705329,0.00020505109189706435,0.9974328875541687,22.446889897724223,0.1,0.9984025559105432,0.0,0.0,0.0,0.3333333333333333,1.0,1.0,0.0,0.0,0.0,True,0.657563025210084,0.9571865443425076,0.0004784525477598168,0.9970600008964539,52.37607642802319,0.1,0.9984025559105432,0.0,0.0,0.0,0.3333333333333333,1.0,1.0,0.0,0.0,0.0,True,0.657563025210084,0.9571865443425076,0.0004784525477598168,0.9970254302024841,52.37607642802319,0.1,0.9984025559105432,0.0,0.0,0.0,0.3333333333333333,1.0,1.0,0.0,0.0,0.0,True,0.6649159663865546,0.5084337349397591,0.010457605686750282,0.9912069439888,1144.7913847839354,0.4,1.0,0.0,0.0,0.010033444816053512,0.5,1.0,1.0,0.0,0.0,1.0,XGBoost,fleet,40000,20000,12.29,B_fleet_size,CIDv2_OpelAstra,FS-A,1,5,CIDv2_Prototype|CIDv2_RenaultClio|CTT_Impala|CTT_Silverado|CTT_Traverse
59474,952,0.016006994653125734,0.8259095767762694,0.6757823933147149,58526,0.03288579995682486,False,0.6565126050420168,0.9984025559105432,1.708759099142203e-05,0.9993349998668917,1.8705741581436852,0.0,0.9984025559105432,0.0,0.0,0.0,0.16666666666666666,0.0,1.0,0.0,0.0,0.0,True,0.6565126050420168,0.9796238244514106,0.00022213868288848638,0.9966066663949485,24.317464055867905,0.0,0.9984025559105432,0.0,0.0,0.0,0.16666666666666666,0.0,1.0,0.0,0.0,0.0,True,0.6565126050420168,0.8815232722143864,0.0014353576432794505,0.991010221027669,157.12822928406956,0.0,0.9984025559105432,0.0,0.0,0.0,0.16666666666666666,0.0,1.0,0.0,0.0,0.0,True,0.6565126050420168,0.8815232722143864,0.0014353576432794505,0.9909764344764096,157.12822928406956,0.0,0.9984025559105432,0.0,0.0,0.0,0.16666666666666666,0.0,1.0,0.0,0.0,0.0,True,0.6638655462184874,0.46368305209097577,0.012491029014729503,0.9767462712213132,1367.3897096030337,0.1,0.9984025559105432,0.0,0.0,0.020066889632107024,0.5,1.0,1.0,0.0,0.0,1.0,HistGB,fleet,40000,20000,35.63,B_fleet_size,CIDv2_OpelAstra,FS-A,0,5,CIDv2_Prototype|CIDv2_RenaultClio|CTT_Silverado|CTT_Traverse|ROAD_ORNL
59474,952,0.016006994653125734,0.8424261604269199,0.6774288719712207,58526,0.03288579995682486,False,0.6554621848739496,1.0,0.0,0.9997392296791078,0.0,0.0,0.9968051118210862,0.0,0.0,0.0,0.16666666666666666,0.0,1.0,0.0,0.0,0.0,True,0.6565126050420168,0.9750390015600624,0.0002734014558627525,0.99835205078125,29.929186530298963,0.0,0.9984025559105432,0.0,0.0,0.0,0.16666666666666666,0.0,1.0,0.0,0.0,0.0,True,0.6565126050420168,0.8692628650904033,0.0016062335531936707,0.996212363243103,175.83397086550642,0.0,0.9984025559105432,0.0,0.0,0.0,0.16666666666666666,0.0,1.0,0.0,0.0,0.0,True,0.6565126050420168,0.8656509695290858,0.001657496326167937,0.9961013793945312,181.44569333993746,0.0,0.9984025559105432,0.0,0.0,0.0,0.16666666666666666,0.0,1.0,0.0,0.0,0.0,True,0.6617647058823529,0.4480796586059744,0.013259970609343495,0.9786281585693359,1451.5655467194997,0.1,0.9984025559105432,0.0,0.0,0.013377926421404682,0.5,1.0,1.0,0.0,0.0,1.0,XGBoost,fleet,40000,20000,9.87,B_fleet_size,CIDv2_OpelAstra,FS-A,0,5,CIDv2_Prototype|CIDv2_RenaultClio|CTT_Silverado|CTT_Traverse|ROAD_ORNL
59474,952,0.016006994653125734,0.8486095977983142,0.6801778273431706,58526,0.03288579995682486,False,0.6554621848739496,1.0,0.0,0.9997766773741016,0.0,0.0,0.9968051118210862,0.0,0.0,0.0,0.16666666666666666,0.0,1.0,0.0,0.0,0.0,True,0.6565126050420168,0.9936406995230525,6.835036396568812e-05,0.9983025331775003,7.482296632574741,0.0,0.9984025559105432,0.0,0.0,0.0,0.16666666666666666,0.0,1.0,0.0,0.0,0.0,True,0.6565126050420168,0.9084302325581395,0.0010765182324595879,0.9952244624707545,117.84617196305217,0.0,0.9984025559105432,0.0,0.0,0.0,0.16666666666666666,0.0,1.0,0.0,0.0,0.0,True,0.6565126050420168,0.9071117561683599,0.00109360582345101,0.995140309653672,119.71674612119585,0.0,0.9984025559105432,0.0,0.0,0.0,0.16666666666666666,0.0,1.0,0.0,0.0,0.0,True,0.6596638655462185,0.540913006029285,0.009107685998427942,0.9879233954809554,997.0160262905843,0.0,0.9984025559105432,0.0,0.0,0.010033444816053512,0.3333333333333333,0.0,1.0,0.0,0.0,1.0,HistGB,fleet,40000,20000,31.39,B_fleet_size,CIDv2_OpelAstra,FS-A,1,5,CIDv2_Prototype|CIDv2_RenaultClio|CTT_Silverado|CTT_Traverse|ROAD_ORNL
59474,952,0.016006994653125734,0.847883572621831,0.680206483795031,58526,0.03288579995682486,False,0.6565126050420168,1.0,0.0,0.9998656511306764,0.0,0.0,0.9984025559105432,0.0,0.0,0.0,0.16666666666666666,0.0,1.0,0.0,0.0,0.0,True,0.6565126050420168,0.9858044164037855,0.00015378831892279827,0.9985301494598389,16.835167423293168,0.0,0.9984025559105432,0.0,0.0,0.0,0.16666666666666666,0.0,1.0,0.0,0.0,0.0,True,0.6565126050420168,0.8753501400560224,0.0015207955982365607,0.9954310655593872,166.481100074788,0.0,0.9984025559105432,0.0,0.0,0.0,0.16666666666666666,0.0,1.0,0.0,0.0,0.0,True,0.6565126050420168,0.8668515950069348,0.0016404087351765148,0.995219886302948,179.57511918179378,0.0,0.9984025559105432,0.0,0.0,0.0,0.16666666666666666,0.0,1.0,0.0,0.0,0.0,True,0.6586134453781513,0.48416988416988416,0.011414510782269915,0.9823787808418274,1249.5435376399817,0.0,1.0,0.0,0.0,0.0033444816053511705,0.3333333333333333,0.0,1.0,0.0,0.0,1.0,XGBoost,fleet,40000,20000,9.11,B_fleet_size,CIDv2_OpelAstra,FS-A,1,5,CIDv2_Prototype|CIDv2_RenaultClio|CTT_Silverado|CTT_Traverse|ROAD_ORNL
59474,952,0.016006994653125734,0.8329945191910878,0.6767756562472107,58526,0.03288579995682486,False,0.6554621848739496,1.0,0.0,0.999595866185654,0.0,0.0,0.9968051118210862,0.0,0.0,0.0,0.16666666666666666,0.0,1.0,0.0,0.0,0.0,True,0.6554621848739496,1.0,0.0,0.9995958661856539,0.0,0.0,0.9968051118210862,0.0,0.0,0.0,0.16666666666666666,0.0,1.0,0.0,0.0,0.0,True,0.657563025210084,0.9246676514032496,0.0008714671405625235,0.9981542916844042,95.39928206532795,0.0,1.0,0.0,0.0,0.0,0.16666666666666666,0.0,1.0,0.0,0.0,0.0,True,0.657563025210084,0.9233038348082596,0.0008885547315539455,0.9980430316505016,97.26985622347162,0.0,1.0,0.0,0.0,0.0,0.16666666666666666,0.0,1.0,0.0,0.0,0.0,True,0.6586134453781513,0.5423875432525952,0.009039335634462254,0.9838536897787928,989.5337296580096,0.1,1.0,0.0,0.0,0.0,0.3333333333333333,1.0,1.0,0.0,0.0,0.0,HistGB,fleet,40000,20000,30.01,B_fleet_size,CIDv2_OpelAstra,FS-A,0,5,CIDv2_Prototype|CTT_Forester|CTT_Impala|CTT_Silverado|CTT_Traverse
59474,952,0.016006994653125734,0.834049749731409,0.6799869830553728,58526,0.03288579995682486,False,0.657563025210084,1.0,0.0,0.9993719458580018,0.0,0.0,1.0,0.0,0.0,0.0,0.16666666666666666,0.0,1.0,0.0,0.0,0.0,True,0.657563025210084,1.0,0.0,0.9993719458580017,0.0,0.0,1.0,0.0,0.0,0.0,0.16666666666666666,0.0,1.0,0.0,0.0,0.0,True,0.657563025210084,0.8968481375358166,0.0012303065513823862,0.9960617423057556,134.68133938634534,0.0,1.0,0.0,0.0,0.0,0.16666666666666666,0.0,1.0,0.0,0.0,0.0,True,0.657563025210084,0.8892045454545454,0.0013328320973309182,0.9959114789962769,145.90478433520744,0.0,1.0,0.0,0.0,0.0,0.16666666666666666,0.0,1.0,0.0,0.0,0.0,True,0.6638655462184874,0.4842911877394636,0.011499948737227025,0.9784639477729797,1258.8964084307001,0.3,1.0,0.0,0.0,0.010033444816053512,0.5,1.0,1.0,0.0,0.0,1.0,XGBoost,fleet,40000,20000,10.05,B_fleet_size,CIDv2_OpelAstra,FS-A,0,5,CIDv2_Prototype|CTT_Forester|CTT_Impala|CTT_Silverado|CTT_Traverse
59474,952,0.016006994653125734,0.8455095821179366,0.6792363153982869,58526,0.03288579995682486,False,0.657563025210084,1.0,0.0,0.9987528196243589,0.0,0.0,1.0,0.0,0.0,0.0,0.16666666666666666,0.0,1.0,0.0,0.0,0.0,True,0.657563025210084,1.0,0.0,0.9987528196243589,0.0,0.0,1.0,0.0,0.0,0.0,0.16666666666666666,0.0,1.0,0.0,0.0,0.0,True,0.6586134453781513,0.935820895522388,0.0007347664126311472,0.9939918056347694,80.43468880017845,0.1,1.0,0.0,0.0,0.0,0.3333333333333333,1.0,1.0,0.0,0.0,0.0,True,0.6586134453781513,0.9316493313521546,0.0007860291856054134,0.9937457814467776,86.04641127460951,0.1,1.0,0.0,0.0,0.0,0.3333333333333333,1.0,1.0,0.0,0.0,0.0,True,0.6596638655462185,0.6150832517140059,0.006715423259628857,0.9881500838913856,735.1356441504682,0.2,1.0,0.0,0.0,0.0,0.3333333333333333,1.0,1.0,0.0,0.0,0.0,HistGB,fleet,40000,20000,36.27,B_fleet_size,CIDv2_OpelAstra,FS-A,1,5,CIDv2_Prototype|CTT_Forester|CTT_Impala|CTT_Silverado|CTT_Traverse
59474,952,0.016006994653125734,0.847485442521221,0.6834586010732133,58526,0.03288579995682486,False,0.657563025210084,0.9873817034700315,0.00013670072793137624,0.9966861605644227,14.964593265149482,0.0,1.0,0.0,0.0,0.0,0.16666666666666666,0.0,1.0,0.0,0.0,0.0,True,0.657563025210084,0.9827315541601256,0.00018796350090564233,0.9960581064224243,20.57631573958054,0.0,1.0,0.0,0.0,0.0,0.16666666666666666,0.0,1.0,0.0,0.0,0.0,True,0.6596638655462185,0.9114658925979681,0.0010423430504767437,0.9934636354446411,114.10502364676478,0.2,1.0,0.0,0.0,0.0,0.3333333333333333,1.0,1.0,0.0,0.0,0.0,True,0.6607142857142857,0.9037356321839081,0.001144868596425276,0.993169903755188,125.3284685956269,0.3,1.0,0.0,0.0,0.0,0.3333333333333333,1.0,1.0,0.0,0.0,0.0,True,0.667016806722689,0.5282861896838602,0.009688664092136291,0.9839038848876953,1060.6155476674696,0.5,1.0,0.0,0.0,0.013377926421404682,0.5,1.0,1.0,0.0,0.0,1.0,XGBoost,fleet,40000,20000,7.86,B_fleet_size,CIDv2_OpelAstra,FS-A,1,5,CIDv2_Prototype|CTT_Forester|CTT_Impala|CTT_Silverado|CTT_Traverse
59474,952,0.016006994653125734,0.8338802918043606,0.6759514741856608,58526,0.03288579995682486,False,0.657563025210084,0.9952305246422893,5.126277297426609e-05,0.9989936887975407,5.611722474431056,0.0,1.0,0.0,0.0,0.0,0.16666666666666666,0.0,1.0,0.0,0.0,0.0,True,0.657563025210084,0.9765990639625585,0.00025631386487133046,0.9980041949447961,28.05861237215528,0.0,1.0,0.0,0.0,0.0,0.16666666666666666,0.0,1.0,0.0,0.0,0.0,True,0.657563025210084,0.8829337094499294,0.0014182700522880284,0.9957689559644132,155.25765512592588,0.0,1.0,0.0,0.0,0.0,0.16666666666666666,0.0,1.0,0.0,0.0,0.0,True,0.657563025210084,0.8622589531680441,0.001708759099142203,0.995202075828498,187.05741581436854,0.0,1.0,0.0,0.0,0.0,0.16666666666666666,0.0,1.0,0.0,0.0,0.0,True,0.6596638655462185,0.4707646176911544,0.012063839239943953,0.9758435644976441,1320.6253556494419,0.0,1.0,0.0,0.0,0.006688963210702341,0.3333333333333333,0.0,1.0,0.0,0.0,1.0,HistGB,fleet,40000,20000,44.34,B_fleet_size,CIDv2_OpelAstra,FS-A,0,5,CIDv2_RenaultClio|CTT_Forester|CTT_Silverado|CTT_Traverse|ROAD_ORNL
59474,952,0.016006994653125734,0.8291865890267799,0.6764565733787786,58526,0.03288579995682486,False,0.657563025210084,0.9984051036682615,1.708759099142203e-05,0.9989288449287416,1.8705741581436852,0.0,1.0,0.0,0.0,0.0,0.16666666666666666,0.0,1.0,0.0,0.0,0.0,True,0.657563025210084,0.9690402476780186,0.0003417518198284406,0.9956513047218323,37.4114831628737,0.0,1.0,0.0,0.0,0.0,0.16666666666666666,0.0,1.0,0.0,0.0,0.0,True,0.657563025210084,0.8904694167852063,0.0013157445063394964,0.9909437298774719,144.03421017706378,0.0,1.0,0.0,0.0,0.0,0.16666666666666666,0.0,1.0,0.0,0.0,0.0,True,0.657563025210084,0.8904694167852063,0.0013157445063394964,0.9909437298774719,144.03421017706378,0.0,1.0,0.0,0.0,0.0,0.16666666666666666,0.0,1.0,0.0,0.0,0.0,True,0.6586134453781513,0.5097560975609756,0.010303817367827484,0.9679760336875916,1127.9562173606423,0.0,1.0,0.0,0.0,0.0033444816053511705,0.3333333333333333,0.0,1.0,0.0,0.0,1.0,XGBoost,fleet,40000,20000,9.2,B_fleet_size,CIDv2_OpelAstra,FS-A,0,5,CIDv2_RenaultClio|CTT_Forester|CTT_Silverado|CTT_Traverse|ROAD_ORNL
59474,952,0.016006994653125734,0.8352333525939681,0.6780573892459639,58526,0.03288579995682486,False,0.657563025210084,0.9968152866242038,3.417518198284406e-05,0.9988591228149444,3.7411483162873704,0.0,1.0,0.0,0.0,0.0,0.16666666666666666,0.0,1.0,0.0,0.0,0.0,True,0.657563025210084,0.9952305246422893,5.126277297426609e-05,0.9948925342623477,5.611722474431056,0.0,1.0,0.0,0.0,0.0,0.16666666666666666,0.0,1.0,0.0,0.0,0.0,True,0.657563025210084,0.8981348637015782,0.001213218960390964,0.9867126854064174,132.81076522820166,0.0,1.0,0.0,0.0,0.0,0.16666666666666666,0.0,1.0,0.0,0.0,0.0,True,0.657563025210084,0.8942857142857142,0.0012644817333652301,0.9865130971553838,138.42248770263268,0.0,1.0,0.0,0.0,0.0,0.16666666666666666,0.0,1.0,0.0,0.0,0.0,True,0.6628151260504201,0.5245220282626767,0.0097741020470934,0.9614692823943972,1069.968418458188,0.1,1.0,0.0,0.0,0.013377926421404682,0.5,1.0,1.0,0.0,0.0,1.0,HistGB,fleet,40000,20000,22.67,B_fleet_size,CIDv2_OpelAstra,FS-A,1,5,CIDv2_RenaultClio|CTT_Forester|CTT_Silverado|CTT_Traverse|ROAD_ORNL
59474,952,0.016006994653125734,0.8297534860121554,0.6788396967985935,58526,0.03288579995682486,False,0.657563025210084,1.0,0.0,0.9981431961059571,0.0,0.0,1.0,0.0,0.0,0.0,0.16666666666666666,0.0,1.0,0.0,0.0,0.0,True,0.657563025210084,0.9889415481832543,0.0001196131369399542,0.9887447357177734,13.094019107005797,0.0,1.0,0.0,0.0,0.0,0.16666666666666666,0.0,1.0,0.0,0.0,0.0,True,0.657563025210084,0.9260355029585798,0.0008543795495711015,0.9759003520011902,93.52870790718427,0.0,1.0,0.0,0.0,0.0,0.16666666666666666,0.0,1.0,0.0,0.0,0.0,True,0.657563025210084,0.9246676514032496,0.0008714671405625235,0.9757357239723206,95.39928206532795,0.0,1.0,0.0,0.0,0.0,0.16666666666666666,0.0,1.0,0.0,0.0,0.0,True,0.6638655462184874,0.5627782724844167,0.008390007176788216,0.9423229694366455,918.4519116485493,0.0,1.0,0.0,0.0,0.020066889632107024,0.3333333333333333,0.0,1.0,0.0,0.0,1.0,XGBoost,fleet,40000,20000,8.24,B_fleet_size,CIDv2_OpelAstra,FS-A,1,5,CIDv2_RenaultClio|CTT_Forester|CTT_Silverado|CTT_Traverse|ROAD_ORNL
59474,952,0.016006994653125734,0.8478527898292361,0.6838446036397,58526,0.03288579995682486,False,0.657563025210084,1.0,0.0,0.9962567408628434,0.0,0.0,1.0,0.0,0.0,0.0,0.16666666666666666,0.0,1.0,0.0,0.0,0.0,True,0.657563025210084,1.0,0.0,0.9952839169059983,0.0,0.0,1.0,0.0,0.0,0.0,0.16666666666666666,0.0,1.0,0.0,0.0,0.0,True,0.6586134453781513,0.9751166407465007,0.0002734014558627525,0.9889456413110147,29.929186530298963,0.1,1.0,0.0,0.0,0.0,0.3333333333333333,1.0,1.0,0.0,0.0,0.0,True,0.6586134453781513,0.9751166407465007,0.0002734014558627525,0.9889258519036015,29.929186530298963,0.1,1.0,0.0,0.0,0.0,0.3333333333333333,1.0,1.0,0.0,0.0,0.0,True,0.6617647058823529,0.584958217270195,0.007638153173165647,0.9750104661185861,836.1466486902273,0.2,1.0,0.0,0.0,0.006688963210702341,0.5,1.0,1.0,0.0,0.0,1.0,HistGB,fleet,40000,20000,29.94,B_fleet_size,CIDv2_OpelAstra,FS-A,0,6,CIDv2_Prototype|CIDv2_RenaultClio|CTT_Forester|CTT_Impala|CTT_Silverado|CTT_Traverse
59474,952,0.016006994653125734,0.8433561507717129,0.6833944105045352,58526,0.03288579995682486,False,0.657563025210084,1.0,0.0,0.9978076815605165,0.0,0.0,1.0,0.0,0.0,0.0,0.16666666666666666,0.0,1.0,0.0,0.0,0.0,True,0.657563025210084,0.9984051036682615,1.708759099142203e-05,0.9945904016494751,1.8705741581436852,0.0,1.0,0.0,0.0,0.0,0.16666666666666666,0.0,1.0,0.0,0.0,0.0,True,0.657563025210084,0.9571865443425076,0.0004784525477598168,0.9915933609008789,52.37607642802319,0.0,1.0,0.0,0.0,0.0,0.16666666666666666,0.0,1.0,0.0,0.0,0.0,True,0.657563025210084,0.9542682926829268,0.0005126277297426609,0.991388738155365,56.11722474431056,0.0,1.0,0.0,0.0,0.0,0.16666666666666666,0.0,1.0,0.0,0.0,0.0,True,0.6617647058823529,0.6395939086294417,0.00606609480195482,0.9798054099082947,664.0538261410082,0.3,1.0,0.0,0.0,0.0033444816053511705,0.5,1.0,1.0,0.0,0.0,1.0,XGBoost,fleet,40000,20000,12.4,B_fleet_size,CIDv2_OpelAstra,FS-A,0,6,CIDv2_Prototype|CIDv2_RenaultClio|CTT_Forester|CTT_Impala|CTT_Silverado|CTT_Traverse
59474,952,0.016006994653125734,0.8358603702579422,0.6807416072927703,58526,0.03288579995682486,False,0.657563025210084,0.9968152866242038,3.417518198284406e-05,0.9967804410667266,3.7411483162873704,0.0,1.0,0.0,0.0,0.0,0.16666666666666666,0.0,1.0,0.0,0.0,0.0,True,0.6586134453781513,0.9968203497615262,3.417518198284406e-05,0.9959596239901335,3.7411483162873704,0.1,1.0,0.0,0.0,0.0,0.3333333333333333,1.0,1.0,0.0,0.0,0.0,True,0.6596638655462185,0.9373134328358209,0.0007176788216397252,0.9924076628896383,78.56411464203478,0.2,1.0,0.0,0.0,0.0,0.3333333333333333,1.0,1.0,0.0,0.0,0.0,True,0.6596638655462185,0.922173274596182,0.0009056423225453676,0.9919650580107972,99.14043038161533,0.2,1.0,0.0,0.0,0.0,0.3333333333333333,1.0,1.0,0.0,0.0,0.0,True,0.6638655462184874,0.5587975243147657,0.008526707904719592,0.9834392086611793,933.4165049136989,0.4,1.0,0.0,0.0,0.006688963210702341,0.5,1.0,1.0,0.0,0.0,1.0,HistGB,fleet,40000,20000,38.03,B_fleet_size,CIDv2_OpelAstra,FS-A,1,6,CIDv2_Prototype|CIDv2_RenaultClio|CTT_Forester|CTT_Impala|CTT_Silverado|CTT_Traverse
59474,952,0.016006994653125734,0.8379935818864643,0.6820325685249391,58526,0.03288579995682486,False,0.657563025210084,1.0,0.0,0.9962403774261476,0.0,0.0,1.0,0.0,0.0,0.0,0.16666666666666666,0.0,1.0,0.0,0.0,0.0,True,0.657563025210084,1.0,0.0,0.9953142404556274,0.0,0.0,1.0,0.0,0.0,0.0,0.16666666666666666,0.0,1.0,0.0,0.0,0.0,True,0.6586134453781513,0.9736024844720497,0.0002904890468541745,0.9904229640960693,31.79976068844265,0.1,1.0,0.0,0.0,0.0,0.3333333333333333,1.0,1.0,0.0,0.0,0.0,True,0.6586134453781513,0.9720930232558139,0.00030757663784559654,0.9902580976486206,33.670334846586336,0.1,1.0,0.0,0.0,0.0,0.3333333333333333,1.0,1.0,0.0,0.0,0.0,True,0.6628151260504201,0.5902712815715622,0.007484364854242849,0.9722546339035034,819.311481266934,0.5,1.0,0.0,0.0,0.0,0.3333333333333333,1.0,1.0,0.0,0.0,0.0,XGBoost,fleet,40000,20000,8.29,B_fleet_size,CIDv2_OpelAstra,FS-A,1,6,CIDv2_Prototype|CIDv2_RenaultClio|CTT_Forester|CTT_Impala|CTT_Silverado|CTT_Traverse
59474,952,0.016006994653125734,0.8474989941296227,0.6820653997231726,58526,0.03288579995682486,False,0.657563025210084,0.9952305246422893,5.126277297426609e-05,0.9813911243687811,5.611722474431056,0.0,1.0,0.0,0.0,0.0,0.16666666666666666,0.0,1.0,0.0,0.0,0.0,True,0.657563025210084,0.9952305246422893,5.126277297426609e-05,0.9813911243687811,5.611722474431056,0.0,1.0,0.0,0.0,0.0,0.16666666666666666,0.0,1.0,0.0,0.0,0.0,True,0.657563025210084,0.9690402476780186,0.0003417518198284406,0.9684566062118632,37.4114831628737,0.0,1.0,0.0,0.0,0.0,0.16666666666666666,0.0,1.0,0.0,0.0,0.0,True,0.657563025210084,0.9690402476780186,0.0003417518198284406,0.9684566062118632,37.4114831628737,0.0,1.0,0.0,0.0,0.0,0.16666666666666666,0.0,1.0,0.0,0.0,0.0,True,0.6607142857142857,0.7373974208675264,0.0038276203820785345,0.9319902426892417,419.0086114241855,0.0,1.0,0.0,0.0,0.010033444816053512,0.3333333333333333,0.0,1.0,0.0,0.0,1.0,HistGB,fleet,40000,20000,34.3,B_fleet_size,CIDv2_OpelAstra,FS-A,0,6,CIDv2_Prototype|CIDv2_RenaultClio|CTT_Forester|CTT_Impala|CTT_Silverado|ROAD_ORNL
59474,952,0.016006994653125734,0.8485816419968759,0.6795531448115909,58526,0.03288579995682486,False,0.657563025210084,1.0,0.0,0.9962244033813478,0.0,0.0,1.0,0.0,0.0,0.0,0.16666666666666666,0.0,1.0,0.0,0.0,0.0,True,0.657563025210084,1.0,0.0,0.9937898516654968,0.0,0.0,1.0,0.0,0.0,0.0,0.16666666666666666,0.0,1.0,0.0,0.0,0.0,True,0.657563025210084,0.9705426356589147,0.00032466422883701857,0.989021897315979,35.540909004730025,0.0,1.0,0.0,0.0,0.0,0.16666666666666666,0.0,1.0,0.0,0.0,0.0,True,0.657563025210084,0.9705426356589147,0.00032466422883701857,0.9889617562294006,35.540909004730025,0.0,1.0,0.0,0.0,0.0,0.16666666666666666,0.0,1.0,0.0,0.0,0.0,True,0.657563025210084,0.7699876998769988,0.0031953795153959194,0.9785131216049194,349.7973675728692,0.0,1.0,0.0,0.0,0.0,0.16666666666666666,0.0,1.0,0.0,0.0,0.0,XGBoost,fleet,40000,20000,8.79,B_fleet_size,CIDv2_OpelAstra,FS-A,0,6,CIDv2_Prototype|CIDv2_RenaultClio|CTT_Forester|CTT_Impala|CTT_Silverado|ROAD_ORNL
59474,952,0.016006994653125734,0.8371966844904122,0.6776442262521473,58526,0.03288579995682486,False,0.657563025210084,0.9936507936507937,6.835036396568812e-05,0.9836156363892404,7.482296632574741,0.0,1.0,0.0,0.0,0.0,0.16666666666666666,0.0,1.0,0.0,0.0,0.0,True,0.657563025210084,0.9936507936507937,6.835036396568812e-05,0.9836156363892403,7.482296632574741,0.0,1.0,0.0,0.0,0.0,0.16666666666666666,0.0,1.0,0.0,0.0,0.0,True,0.657563025210084,0.9842767295597484,0.0001708759099142203,0.9777169156818185,18.70574158143685,0.0,1.0,0.0,0.0,0.0,0.16666666666666666,0.0,1.0,0.0,0.0,0.0,True,0.657563025210084,0.9796557120500783,0.00022213868288848638,0.9770510051955653,24.317464055867905,0.0,1.0,0.0,0.0,0.0,0.16666666666666666,0.0,1.0,0.0,0.0,0.0,True,0.6586134453781513,0.6417604912998977,0.005980656846997711,0.9531772843824247,654.7009553502899,0.0,1.0,0.0,0.0,0.0033444816053511705,0.3333333333333333,0.0,1.0,0.0,0.0,1.0,HistGB,fleet,40000,20000,29.78,B_fleet_size,CIDv2_OpelAstra,FS-A,1,6,CIDv2_Prototype|CIDv2_RenaultClio|CTT_Forester|CTT_Impala|CTT_Silverado|ROAD_ORNL
59474,952,0.016006994653125734,0.8362483680632637,0.6763308686432421,58526,0.03288579995682486,False,0.657563025210084,0.9968152866242038,3.417518198284406e-05,0.9927321076393129,3.7411483162873704,0.0,1.0,0.0,0.0,0.0,0.16666666666666666,0.0,1.0,0.0,0.0,0.0,True,0.657563025210084,0.9936507936507937,6.835036396568812e-05,0.9922609925270081,7.482296632574741,0.0,1.0,0.0,0.0,0.0,0.16666666666666666,0.0,1.0,0.0,0.0,0.0,True,0.657563025210084,0.978125,0.0002392262738799084,0.9890711307525635,26.188038214011595,0.0,1.0,0.0,0.0,0.0,0.16666666666666666,0.0,1.0,0.0,0.0,0.0,True,0.657563025210084,0.9750778816199377,0.0002734014558627525,0.9888945817947388,29.929186530298963,0.0,1.0,0.0,0.0,0.0,0.16666666666666666,0.0,1.0,0.0,0.0,0.0,True,0.657563025210084,0.7671568627450981,0.0032466422883701855,0.9782111048698425,355.4090900473002,0.0,1.0,0.0,0.0,0.0,0.16666666666666666,0.0,1.0,0.0,0.0,0.0,XGBoost,fleet,40000,20000,10.27,B_fleet_size,CIDv2_OpelAstra,FS-A,1,6,CIDv2_Prototype|CIDv2_RenaultClio|CTT_Forester|CTT_Impala|CTT_Silverado|ROAD_ORNL
59474,952,0.016006994653125734,0.8279582748310698,0.6771976719946706,58526,0.03288579995682486,False,0.657563025210084,0.9842767295597484,0.0001708759099142203,0.9989115434766747,18.70574158143685,0.0,1.0,0.0,0.0,0.0,0.16666666666666666,0.0,1.0,0.0,0.0,0.0,True,0.657563025210084,0.9811912225705329,0.00020505109189706435,0.9987881388786285,22.446889897724223,0.0,1.0,0.0,0.0,0.0,0.16666666666666666,0.0,1.0,0.0,0.0,0.0,True,0.657563025210084,0.8892045454545454,0.0013328320973309182,0.9957582266530223,145.90478433520744,0.0,1.0,0.0,0.0,0.0,0.16666666666666666,0.0,1.0,0.0,0.0,0.0,True,0.657563025210084,0.871866295264624,0.0015720583712108267,0.9951084558051845,172.09282254921902,0.0,1.0,0.0,0.0,0.0,0.16666666666666666,0.0,1.0,0.0,0.0,0.0,True,0.6607142857142857,0.5797235023041475,0.007791941492088446,0.981956574594855,852.9818161135205,0.0,1.0,0.0,0.0,0.010033444816053512,0.3333333333333333,0.0,1.0,0.0,0.0,1.0,HistGB,fleet,40000,20000,32.37,B_fleet_size,CIDv2_OpelAstra,FS-A,0,6,CIDv2_Prototype|CIDv2_RenaultClio|CTT_Forester|CTT_Impala|CTT_Traverse|ROAD_ORNL
59474,952,0.016006994653125734,0.8189426500240231,0.6767954177017151,58526,0.03288579995682486,False,0.657563025210084,0.9827315541601256,0.00018796350090564233,0.9991870522499086,20.57631573958054,0.0,1.0,0.0,0.0,0.0,0.16666666666666666,0.0,1.0,0.0,0.0,0.0,True,0.657563025210084,0.9827315541601256,0.00018796350090564233,0.9991870522499084,20.57631573958054,0.0,1.0,0.0,0.0,0.0,0.16666666666666666,0.0,1.0,0.0,0.0,0.0,True,0.6586134453781513,0.8843441466854725,0.0014011824612966063,0.9975250363349915,153.3870809677822,0.0,1.0,0.0,0.0,0.0033444816053511705,0.3333333333333333,0.0,1.0,0.0,0.0,1.0,True,0.6586134453781513,0.8769230769230769,0.0015037080072451386,0.9974206686019897,164.61052591664432,0.0,1.0,0.0,0.0,0.0033444816053511705,0.3333333333333333,0.0,1.0,0.0,0.0,1.0,True,0.6649159663865546,0.5068054443554844,0.01052595605071597,0.98524010181427,1152.2736814165103,0.0,1.0,0.0,0.0,0.023411371237458192,0.3333333333333333,0.0,1.0,0.0,0.0,1.0,XGBoost,fleet,40000,20000,7.55,B_fleet_size,CIDv2_OpelAstra,FS-A,0,6,CIDv2_Prototype|CIDv2_RenaultClio|CTT_Forester|CTT_Impala|CTT_Traverse|ROAD_ORNL
59474,952,0.016006994653125734,0.8233680130060979,0.6758018333712484,58526,0.03288579995682486,False,0.657563025210084,0.9936507936507937,6.835036396568812e-05,0.9931531592292783,7.482296632574741,0.0,1.0,0.0,0.0,0.0,0.16666666666666666,0.0,1.0,0.0,0.0,0.0,True,0.657563025210084,0.9936507936507937,6.835036396568812e-05,0.9930569970431523,7.482296632574741,0.0,1.0,0.0,0.0,0.0,0.16666666666666666,0.0,1.0,0.0,0.0,0.0,True,0.657563025210084,0.9233038348082596,0.0008885547315539455,0.9885477910714485,97.26985622347162,0.0,1.0,0.0,0.0,0.0,0.16666666666666666,0.0,1.0,0.0,0.0,0.0,True,0.657563025210084,0.9205882352941176,0.0009227299135367896,0.9883969203176522,101.011004539759,0.0,1.0,0.0,0.0,0.0,0.16666666666666666,0.0,1.0,0.0,0.0,0.0,True,0.6607142857142857,0.5917215428033866,0.00741601449027716,0.9788940520178633,811.8291846343593,0.0,1.0,0.0,0.0,0.010033444816053512,0.3333333333333333,0.0,1.0,0.0,0.0,1.0,HistGB,fleet,40000,20000,22.55,B_fleet_size,CIDv2_OpelAstra,FS-A,1,6,CIDv2_Prototype|CIDv2_RenaultClio|CTT_Forester|CTT_Impala|CTT_Traverse|ROAD_ORNL
59474,952,0.016006994653125734,0.8291168565782487,0.6762109596349664,58526,0.03288579995682486,False,0.657563025210084,1.0,0.0,0.9979327917099,0.0,0.0,1.0,0.0,0.0,0.0,0.16666666666666666,0.0,1.0,0.0,0.0,0.0,True,0.657563025210084,1.0,0.0,0.9979327917099,0.0,0.0,1.0,0.0,0.0,0.0,0.16666666666666666,0.0,1.0,0.0,0.0,0.0,True,0.657563025210084,0.9441930618401206,0.0006322408666826151,0.9957576394081116,69.21124385131634,0.0,1.0,0.0,0.0,0.0,0.16666666666666666,0.0,1.0,0.0,0.0,0.0,True,0.657563025210084,0.93993993993994,0.0006835036396568812,0.9956772923469543,74.8229663257474,0.0,1.0,0.0,0.0,0.0,0.16666666666666666,0.0,1.0,0.0,0.0,0.0,True,0.6607142857142857,0.5237302248126561,0.0097741020470934,0.9885991811752319,1069.968418458188,0.0,1.0,0.0,0.0,0.010033444816053512,0.3333333333333333,0.0,1.0,0.0,0.0,1.0,XGBoost,fleet,40000,20000,8.48,B_fleet_size,CIDv2_OpelAstra,FS-A,1,6,CIDv2_Prototype|CIDv2_RenaultClio|CTT_Forester|CTT_Impala|CTT_Traverse|ROAD_ORNL
59474,952,0.016006994653125734,0.8431933519793893,0.6779042980264929,58526,0.03288579995682486,False,0.6554621848739496,1.0,0.0,0.9989918336494442,0.0,0.0,0.9968051118210862,0.0,0.0,0.0,0.16666666666666666,0.0,1.0,0.0,0.0,0.0,True,0.657563025210084,0.9936507936507937,6.835036396568812e-05,0.9981963468181098,7.482296632574741,0.0,1.0,0.0,0.0,0.0,0.16666666666666666,0.0,1.0,0.0,0.0,0.0,True,0.657563025210084,0.9513677811550152,0.000546802911725505,0.9956546622473286,59.85837306059793,0.0,1.0,0.0,0.0,0.0,0.16666666666666666,0.0,1.0,0.0,0.0,0.0,True,0.657563025210084,0.9513677811550152,0.000546802911725505,0.9956340261542743,59.85837306059793,0.0,1.0,0.0,0.0,0.0,0.16666666666666666,0.0,1.0,0.0,0.0,0.0,True,0.6586134453781513,0.5264483627204031,0.009637401319162025,0.9792812543322672,1055.0038251930387,0.0,1.0,0.0,0.0,0.0033444816053511705,0.3333333333333333,0.0,1.0,0.0,0.0,1.0,HistGB,fleet,40000,20000,28.03,B_fleet_size,CIDv2_OpelAstra,FS-A,0,6,CIDv2_Prototype|CIDv2_RenaultClio|CTT_Forester|CTT_Silverado|CTT_Traverse|ROAD_ORNL
59474,952,0.016006994653125734,0.8531589265862525,0.6835559774496361,58526,0.03288579995682486,False,0.657563025210084,0.9968152866242038,3.417518198284406e-05,0.9988859295845033,3.7411483162873704,0.0,1.0,0.0,0.0,0.0,0.16666666666666666,0.0,1.0,0.0,0.0,0.0,True,0.657563025210084,0.978125,0.0002392262738799084,0.9970055222511292,26.188038214011595,0.0,1.0,0.0,0.0,0.0,0.16666666666666666,0.0,1.0,0.0,0.0,0.0,True,0.657563025210084,0.9192364170337739,0.0009398175045282117,0.993703305721283,102.88157869790268,0.0,1.0,0.0,0.0,0.0,0.16666666666666666,0.0,1.0,0.0,0.0,0.0,True,0.657563025210084,0.9152046783625731,0.0009910802775024777,0.9932882189750671,108.49330117233373,0.0,1.0,0.0,0.0,0.0,0.16666666666666666,0.0,1.0,0.0,0.0,0.0,True,0.6596638655462185,0.577736890524379,0.00784320426506271,0.9795136451721191,858.5935385879515,0.0,1.0,0.0,0.0,0.006688963210702341,0.3333333333333333,0.0,1.0,0.0,0.0,1.0,XGBoost,fleet,40000,20000,7.64,B_fleet_size,CIDv2_OpelAstra,FS-A,0,6,CIDv2_Prototype|CIDv2_RenaultClio|CTT_Forester|CTT_Silverado|CTT_Traverse|ROAD_ORNL
59474,952,0.016006994653125734,0.8331054628884806,0.675445699469491,58526,0.03288579995682486,False,0.6565126050420168,1.0,0.0,0.9990676627526728,0.0,0.0,0.9984025559105432,0.0,0.0,0.0,0.16666666666666666,0.0,1.0,0.0,0.0,0.0,True,0.657563025210084,0.9842767295597484,0.0001708759099142203,0.9964668518147447,18.70574158143685,0.0,1.0,0.0,0.0,0.0,0.16666666666666666,0.0,1.0,0.0,0.0,0.0,True,0.657563025210084,0.8930099857346647,0.0012815693243566522,0.9917464930126538,140.29306186077636,0.0,1.0,0.0,0.0,0.0,0.16666666666666666,0.0,1.0,0.0,0.0,0.0,True,0.657563025210084,0.884180790960452,0.0014011824612966063,0.9914034007779344,153.3870809677822,0.0,1.0,0.0,0.0,0.0,0.16666666666666666,0.0,1.0,0.0,0.0,0.0,True,0.6586134453781513,0.55,0.008765934178599501,0.9745252777765303,959.6045431277105,0.0,1.0,0.0,0.0,0.0033444816053511705,0.3333333333333333,0.0,1.0,0.0,0.0,1.0,HistGB,fleet,40000,20000,32.79,B_fleet_size,CIDv2_OpelAstra,FS-A,1,6,CIDv2_Prototype|CIDv2_RenaultClio|CTT_Forester|CTT_Silverado|CTT_Traverse|ROAD_ORNL
59474,952,0.016006994653125734,0.8335896950626052,0.6752495337323922,58526,0.03288579995682486,False,0.6565126050420168,0.9984025559105432,1.708759099142203e-05,0.9986250400543214,1.8705741581436852,0.0,0.9984025559105432,0.0,0.0,0.0,0.16666666666666666,0.0,1.0,0.0,0.0,0.0,True,0.6565126050420168,0.9858044164037855,0.00015378831892279827,0.9978400468826294,16.835167423293168,0.0,0.9984025559105432,0.0,0.0,0.0,0.16666666666666666,0.0,1.0,0.0,0.0,0.0,True,0.657563025210084,0.9274074074074075,0.0008372919585796795,0.9952091574668884,91.65813374904057,0.0,1.0,0.0,0.0,0.0,0.16666666666666666,0.0,1.0,0.0,0.0,0.0,True,0.657563025210084,0.9274074074074075,0.0008372919585796795,0.9951953291893005,91.65813374904057,0.0,1.0,0.0,0.0,0.0,0.16666666666666666,0.0,1.0,0.0,0.0,0.0,True,0.657563025210084,0.5515418502202644,0.008697583814633814,0.9799979329109192,952.1222464951358,0.0,1.0,0.0,0.0,0.0,0.16666666666666666,0.0,1.0,0.0,0.0,0.0,XGBoost,fleet,40000,20000,8.08,B_fleet_size,CIDv2_OpelAstra,FS-A,1,6,CIDv2_Prototype|CIDv2_RenaultClio|CTT_Forester|CTT_Silverado|CTT_Traverse|ROAD_ORNL
59474,952,0.016006994653125734,0.8566302653114148,0.6873330985426298,58526,0.03288579995682486,False,0.6565126050420168,1.0,0.0,0.9949083726512575,0.0,0.0,0.9984025559105432,0.0,0.0,0.0,0.16666666666666666,0.0,1.0,0.0,0.0,0.0,True,0.6565126050420168,1.0,0.0,0.9949083726512574,0.0,0.0,0.9984025559105432,0.0,0.0,0.0,0.16666666666666666,0.0,1.0,0.0,0.0,0.0,True,0.6565126050420168,0.9735202492211839,0.0002904890468541745,0.9880285556714014,31.79976068844265,0.0,0.9984025559105432,0.0,0.0,0.0,0.16666666666666666,0.0,1.0,0.0,0.0,0.0,True,0.6565126050420168,0.9735202492211839,0.0002904890468541745,0.9877500451429849,31.79976068844265,0.0,0.9984025559105432,0.0,0.0,0.0,0.16666666666666666,0.0,1.0,0.0,0.0,0.0,True,0.667016806722689,0.6813304721030042,0.005075014524452343,0.9663639776667571,555.5605249686745,0.0,0.9984025559105432,0.0,0.0,0.033444816053511704,0.3333333333333333,0.0,1.0,0.0,0.0,1.0,HistGB,fleet,40000,20000,30.42,B_fleet_size,CIDv2_OpelAstra,FS-A,0,6,CIDv2_Prototype|CIDv2_RenaultClio|CTT_Impala|CTT_Silverado|CTT_Traverse|ROAD_ORNL
59474,952,0.016006994653125734,0.8650478693066372,0.6859496826252884,58526,0.03288579995682486,False,0.6565126050420168,1.0,0.0,0.9972546696662904,0.0,0.0,0.9984025559105432,0.0,0.0,0.0,0.16666666666666666,0.0,1.0,0.0,0.0,0.0,True,0.657563025210084,0.9936507936507937,6.835036396568812e-05,0.9954937696456909,7.482296632574741,0.0,1.0,0.0,0.0,0.0,0.16666666666666666,0.0,1.0,0.0,0.0,0.0,True,0.657563025210084,0.9528158295281582,0.0005297153207340829,0.9929717183113098,57.987798902454244,0.0,1.0,0.0,0.0,0.0,0.16666666666666666,0.0,1.0,0.0,0.0,0.0,True,0.657563025210084,0.9528158295281582,0.0005297153207340829,0.9928816556930542,57.987798902454244,0.0,1.0,0.0,0.0,0.0,0.16666666666666666,0.0,1.0,0.0,0.0,0.0,True,0.6628151260504201,0.6067307692307692,0.00698882471549161,0.9836122393608093,765.0648306807672,0.0,1.0,0.0,0.0,0.016722408026755852,0.3333333333333333,0.0,1.0,0.0,0.0,1.0,XGBoost,fleet,40000,20000,8.52,B_fleet_size,CIDv2_OpelAstra,FS-A,0,6,CIDv2_Prototype|CIDv2_RenaultClio|CTT_Impala|CTT_Silverado|CTT_Traverse|ROAD_ORNL
59474,952,0.016006994653125734,0.8688362977192519,0.6876923759057652,58526,0.03288579995682486,False,0.6565126050420168,1.0,0.0,0.9963216205908266,0.0,0.0,0.9984025559105432,0.0,0.0,0.0,0.16666666666666666,0.0,1.0,0.0,0.0,0.0,True,0.6565126050420168,0.9968102073365231,3.417518198284406e-05,0.9940264839893828,3.7411483162873704,0.0,0.9984025559105432,0.0,0.0,0.0,0.16666666666666666,0.0,1.0,0.0,0.0,0.0,True,0.657563025210084,0.9528158295281582,0.0005297153207340829,0.9899724053214319,57.987798902454244,0.0,0.9984025559105432,0.0,0.0,0.0033444816053511705,0.3333333333333333,0.0,1.0,0.0,0.0,1.0,True,0.657563025210084,0.9513677811550152,0.000546802911725505,0.9898820259656835,59.85837306059793,0.0,0.9984025559105432,0.0,0.0,0.0033444816053511705,0.3333333333333333,0.0,1.0,0.0,0.0,1.0,True,0.6638655462184874,0.5906542056074766,0.007484364854242849,0.9774623406267061,819.311481266934,0.0,0.9984025559105432,0.0,0.0,0.023411371237458192,0.3333333333333333,0.0,1.0,0.0,0.0,1.0,HistGB,fleet,40000,20000,28.53,B_fleet_size,CIDv2_OpelAstra,FS-A,1,6,CIDv2_Prototype|CIDv2_RenaultClio|CTT_Impala|CTT_Silverado|CTT_Traverse|ROAD_ORNL
59474,952,0.016006994653125734,0.8636463368369117,0.6868520165047366,58526,0.03288579995682486,False,0.6565126050420168,1.0,0.0,0.9969232678413392,0.0,0.0,0.9984025559105432,0.0,0.0,0.0,0.16666666666666666,0.0,1.0,0.0,0.0,0.0,True,0.6565126050420168,0.9968102073365231,3.417518198284406e-05,0.9949415326118469,3.7411483162873704,0.0,0.9984025559105432,0.0,0.0,0.0,0.16666666666666666,0.0,1.0,0.0,0.0,0.0,True,0.6565126050420168,0.9571209800918836,0.0004784525477598168,0.9900903701782227,52.37607642802319,0.0,0.9984025559105432,0.0,0.0,0.0,0.16666666666666666,0.0,1.0,0.0,0.0,0.0,True,0.6565126050420168,0.9571209800918836,0.0004784525477598168,0.9900075197219849,52.37607642802319,0.0,0.9984025559105432,0.0,0.0,0.0,0.16666666666666666,0.0,1.0,0.0,0.0,0.0,True,0.6628151260504201,0.6247524752475248,0.0064761969857489495,0.9787278771400452,708.9476059364567,0.1,1.0,0.07142857142857142,0.0,0.010033444816053512,0.6666666666666666,1.0,1.0,0.5,0.0,1.0,XGBoost,fleet,40000,20000,9.1,B_fleet_size,CIDv2_OpelAstra,FS-A,1,6,CIDv2_Prototype|CIDv2_RenaultClio|CTT_Impala|CTT_Silverado|CTT_Traverse|ROAD_ORNL
59474,952,0.016006994653125734,0.8502321112307402,0.6808709843729552,58526,0.03288579995682486,False,0.657563025210084,1.0,0.0,0.9806488244840863,0.0,0.0,1.0,0.0,0.0,0.0,0.16666666666666666,0.0,1.0,0.0,0.0,0.0,True,0.657563025210084,0.9968152866242038,3.417518198284406e-05,0.9694823326734541,3.7411483162873704,0.0,1.0,0.0,0.0,0.0,0.16666666666666666,0.0,1.0,0.0,0.0,0.0,True,0.657563025210084,0.9858267716535433,0.00015378831892279827,0.9635172719306665,16.835167423293168,0.0,1.0,0.0,0.0,0.0,0.16666666666666666,0.0,1.0,0.0,0.0,0.0,True,0.657563025210084,0.9858267716535433,0.00015378831892279827,0.9628771542239218,16.835167423293168,0.0,1.0,0.0,0.0,0.0,0.16666666666666666,0.0,1.0,0.0,0.0,0.0,True,0.6596638655462185,0.7120181405895691,0.004340248111821195,0.9218826656667919,475.125836168496,0.0,1.0,0.0,0.0,0.006688963210702341,0.3333333333333333,0.0,1.0,0.0,0.0,1.0,HistGB,fleet,40000,20000,29.51,B_fleet_size,CIDv2_OpelAstra,FS-A,0,7,CIDv2_Prototype|CIDv2_RenaultClio|CTT_Forester|CTT_Impala|CTT_Silverado|CTT_Traverse|ROAD_ORNL
59474,952,0.016006994653125734,0.8480215477394266,0.678526517519092,58526,0.03288579995682486,False,0.657563025210084,1.0,0.0,0.983620047569275,0.0,0.0,1.0,0.0,0.0,0.0,0.16666666666666666,0.0,1.0,0.0,0.0,0.0,True,0.657563025210084,1.0,0.0,0.983620047569275,0.0,0.0,1.0,0.0,0.0,0.0,0.16666666666666666,0.0,1.0,0.0,0.0,0.0,True,0.657563025210084,0.9858267716535433,0.00015378831892279827,0.9758735299110413,16.835167423293168,0.0,1.0,0.0,0.0,0.0,0.16666666666666666,0.0,1.0,0.0,0.0,0.0,True,0.657563025210084,0.9842767295597484,0.0001708759099142203,0.9752048850059509,18.70574158143685,0.0,1.0,0.0,0.0,0.0,0.16666666666666666,0.0,1.0,0.0,0.0,0.0,True,0.6586134453781513,0.6295180722891566,0.006305321075834729,0.9485101103782654,690.2418643550199,0.0,1.0,0.0,0.0,0.0033444816053511705,0.3333333333333333,0.0,1.0,0.0,0.0,1.0,XGBoost,fleet,40000,20000,10.46,B_fleet_size,CIDv2_OpelAstra,FS-A,0,7,CIDv2_Prototype|CIDv2_RenaultClio|CTT_Forester|CTT_Impala|CTT_Silverado|CTT_Traverse|ROAD_ORNL
59474,952,0.016006994653125734,0.8340463034945704,0.6752993473330441,58526,0.03288579995682486,False,0.657563025210084,1.0,0.0,0.974978781917301,0.0,0.0,1.0,0.0,0.0,0.0,0.16666666666666666,0.0,1.0,0.0,0.0,0.0,True,0.657563025210084,1.0,0.0,0.974978781917301,0.0,0.0,1.0,0.0,0.0,0.0,0.16666666666666666,0.0,1.0,0.0,0.0,0.0,True,0.657563025210084,0.9660493827160493,0.00037592700181128465,0.9550303860494131,41.15263147916108,0.0,1.0,0.0,0.0,0.0,0.16666666666666666,0.0,1.0,0.0,0.0,0.0,True,0.657563025210084,0.9645608628659477,0.0003930145928027067,0.9531603239202566,43.023205637304756,0.0,1.0,0.0,0.0,0.0,0.16666666666666666,0.0,1.0,0.0,0.0,0.0,True,0.6586134453781513,0.6251246261216351,0.006424934212774683,0.9136431554150205,703.3358834620257,0.1,1.0,0.0,0.0,0.0,0.3333333333333333,1.0,1.0,0.0,0.0,0.0,HistGB,fleet,40000,20000,22.89,B_fleet_size,CIDv2_OpelAstra,FS-A,1,7,CIDv2_Prototype|CIDv2_RenaultClio|CTT_Forester|CTT_Impala|CTT_Silverado|CTT_Traverse|ROAD_ORNL
59474,952,0.016006994653125734,0.8257895149105744,0.6770316371540863,58526,0.03288579995682486,False,0.657563025210084,0.9968152866242038,3.417518198284406e-05,0.9880147576332093,3.7411483162873704,0.0,1.0,0.0,0.0,0.0,0.16666666666666666,0.0,1.0,0.0,0.0,0.0,True,0.657563025210084,0.9968152866242038,3.417518198284406e-05,0.9880147576332092,3.7411483162873704,0.0,1.0,0.0,0.0,0.0,0.16666666666666666,0.0,1.0,0.0,0.0,0.0,True,0.657563025210084,0.945619335347432,0.0006151532756911931,0.9765895009040833,67.34066969317267,0.0,1.0,0.0,0.0,0.0,0.16666666666666666,0.0,1.0,0.0,0.0,0.0,True,0.657563025210084,0.9385307346326837,0.0007005912306483032,0.9757800102233887,76.6935404838911,0.0,1.0,0.0,0.0,0.0,0.16666666666666666,0.0,1.0,0.0,0.0,0.0,True,0.6607142857142857,0.6142578125,0.006749598441611702,0.9516808390617371,738.8767924667557,0.2,1.0,0.0,0.0,0.0033444816053511705,0.5,1.0,1.0,0.0,0.0,1.0,XGBoost,fleet,40000,20000,10.22,B_fleet_size,CIDv2_OpelAstra,FS-A,1,7,CIDv2_Prototype|CIDv2_RenaultClio|CTT_Forester|CTT_Impala|CTT_Silverado|CTT_Traverse|ROAD_ORNL
