n_windows,n_pos,pos_rate,roc_auc,pr_auc,n_calib,win_seconds,resolvable@fa1,recall@fa1,precision@fa1,fpr@fa1,thr@fa1,fa_per_hour@fa1,recall[dos]@fa1,recall[fuzzing]@fa1,recall[spoofing]@fa1,recall[timing]@fa1,event_recall@fa1,event_recall[timing]@fa1,event_recall[fuzzing]@fa1,event_recall[spoofing]@fa1,event_recall[dos]@fa1,resolvable@fa10,recall@fa10,precision@fa10,fpr@fa10,thr@fa10,fa_per_hour@fa10,recall[dos]@fa10,recall[fuzzing]@fa10,recall[spoofing]@fa10,recall[timing]@fa10,event_recall@fa10,event_recall[timing]@fa10,event_recall[fuzzing]@fa10,event_recall[spoofing]@fa10,event_recall[dos]@fa10,resolvable@fa100,recall@fa100,precision@fa100,fpr@fa100,thr@fa100,fa_per_hour@fa100,recall[dos]@fa100,recall[fuzzing]@fa100,recall[spoofing]@fa100,recall[timing]@fa100,event_recall@fa100,event_recall[timing]@fa100,event_recall[fuzzing]@fa100,event_recall[spoofing]@fa100,event_recall[dos]@fa100,resolvable@fpr0.001,recall@fpr0.001,precision@fpr0.001,fpr@fpr0.001,thr@fpr0.001,fa_per_hour@fpr0.001,recall[dos]@fpr0.001,recall[fuzzing]@fpr0.001,recall[spoofing]@fpr0.001,recall[timing]@fpr0.001,event_recall@fpr0.001,event_recall[timing]@fpr0.001,event_recall[fuzzing]@fpr0.001,event_recall[spoofing]@fpr0.001,event_recall[dos]@fpr0.001,resolvable@fpr0.01,recall@fpr0.01,precision@fpr0.01,fpr@fpr0.01,thr@fpr0.01,fa_per_hour@fpr0.01,recall[dos]@fpr0.01,recall[fuzzing]@fpr0.01,recall[spoofing]@fpr0.01,recall[timing]@fpr0.01,event_recall@fpr0.01,event_recall[timing]@fpr0.01,event_recall[fuzzing]@fpr0.01,event_recall[spoofing]@fpr0.01,event_recall[dos]@fpr0.01,model,scope,n_train,n_train_pos,fit_s,control,test_domain,feature_set,seed,k,sources
123099,23756,0.19298288369523717,0.9379975102020544,0.8354025880754604,99363,0.031993395843505856,False,0.0,0.0,0.0,0.9934795769747364,0.0,0.0,0.0,0.0,0.0,0.0,0.0,0.0,0.0,0.0,True,0.0,0.0,0.0,0.9934795769747364,0.0,0.0,0.0,0.0,0.0,0.0,0.0,0.0,0.0,0.0,True,0.0,0.0,0.0,0.9934795769747364,0.0,0.0,0.0,0.0,0.0,0.0,0.0,0.0,0.0,0.0,True,0.0,0.0,0.0,0.9934795769747364,0.0,0.0,0.0,0.0,0.0,0.0,0.0,0.0,0.0,0.0,True,0.7336251894258292,0.957056562328391,0.007871717181884985,0.17744609731468636,885.7509841531291,1.0,0.8054298642533937,0.6318681318681318,0.6706599869309519,0.90625,1.0,1.0,0.7,1.0,HistGB,fleet,40000,952,8.48,B_fleet_size,CTT_Traverse,FS-B,0,1,CIDv2_OpelAstra
123099,23756,0.19298288369523717,0.9712562643657566,0.860612832579831,99363,0.031993395843505856,False,0.0008418925745074928,1.0,0.0,0.9998773336410524,0.0,0.0,0.0004891769597651951,0.0,0.0011616931677920568,0.0625,0.0625,0.25,0.0,0.0,True,0.0027361508671493516,1.0,0.0,0.9992386102676392,0.0,0.0,0.00599241775712364,0.0,0.0011616931677920568,0.0625,0.0625,0.25,0.0,0.0,True,0.003367570298029971,0.28368794326241137,0.0020333591697452263,0.987041711807251,228.8001263413454,0.0,0.007093065916595328,0.0,0.0015973281057140782,0.0625,0.0625,0.25,0.0,0.0,True,0.003409664926755346,0.2755102040816326,0.0021440866492858078,0.9859710335731506,241.2595391619137,0.0,0.007093065916595328,0.0,0.001669933928701082,0.09375,0.125,0.25,0.0,0.0,True,0.8863445024414884,0.9479560597875023,0.01163645148626476,0.002607951173558831,1309.3710200524517,1.0,0.9992662345603522,0.6373626373626373,0.8187758658244392,0.9375,1.0,1.0,0.8,1.0,XGBoost,fleet,40000,952,5.63,B_fleet_size,CTT_Traverse,FS-B,0,1,CIDv2_OpelAstra
123099,23756,0.19298288369523717,0.9992046183821715,0.9988969920639611,99363,0.031993395843505856,False,0.0,0.0,0.0,730242.0581327394,0.0,0.0,0.0,0.0,0.0,0.0,0.0,0.0,0.0,0.0,True,0.8578043441656844,0.9999509298787967,1.0066134503689238e-05,31250.0,1.1326738927789375,1.0,0.9737067384126208,0.6062271062271062,0.7859580338343135,0.625,0.8125,0.75,0.2,1.0,True,0.9982320255935343,0.9990731378496798,0.00022145495908116325,4343.182658414795,24.91882564113663,1.0,0.9998777057600587,0.924908424908425,1.0,1.0,1.0,1.0,1.0,1.0,True,0.9982320255935343,0.9986103507811513,0.00033218243862174487,4124.211571601972,37.37823846170494,1.0,0.9998777057600587,0.924908424908425,1.0,1.0,1.0,1.0,1.0,1.0,True,0.9982320255935343,0.9576384121471551,0.010559375094370011,7.534170508715582,1188.1749135251055,1.0,0.9998777057600587,0.924908424908425,1.0,1.0,1.0,1.0,1.0,1.0,Rule:Combined,fleet,40000,952,0.31,B_fleet_size,CTT_Traverse,FS-B,0,1,CIDv2_OpelAstra
123099,23756,0.19298288369523717,0.9426851042939923,0.863537636606928,99363,0.031993395843505856,False,0.002104731436268732,1.0,0.0,0.9998807382657809,0.0,0.0,0.00489176959765195,0.0,0.0007260582298700356,0.0625,0.0625,0.25,0.0,0.0,True,0.002104731436268732,1.0,0.0,0.9998807382657809,0.0,0.0,0.00489176959765195,0.0,0.0007260582298700356,0.0625,0.0625,0.25,0.0,0.0,True,0.002104731436268732,1.0,0.0,0.9998807382657809,0.0,0.0,0.00489176959765195,0.0,0.0007260582298700356,0.0625,0.0625,0.25,0.0,0.0,True,0.002104731436268732,1.0,0.0,0.9998807382657809,0.0,0.0,0.00489176959765195,0.0,0.0007260582298700356,0.0625,0.0625,0.25,0.0,0.0,True,0.8149520121232531,0.9598889384699291,0.008143502813484594,0.020100058133310367,916.3331792581605,1.0,0.9992662345603522,0.63003663003663,0.695926813330429,0.875,1.0,1.0,0.6,1.0,HistGB,fleet,40000,952,15.12,B_fleet_size,CTT_Traverse,FS-B,1,1,CIDv2_OpelAstra
123099,23756,0.19298288369523717,0.9789872815127835,0.8730026189434354,99363,0.031993395843505856,False,0.002694056238423977,1.0,0.0,0.9993176460266114,0.0,0.0,0.005870123517182341,0.0,0.0011616931677920568,0.0625,0.0625,0.25,0.0,0.0,True,0.0027361508671493516,0.9420289855072463,4.026453801475695e-05,0.9982033967971802,4.53069557111575,0.0,0.00599241775712364,0.0,0.0011616931677920568,0.0625,0.0625,0.25,0.0,0.0,True,0.002946624010776225,0.5263157894736842,0.000634166473732422,0.9937697052955627,71.35845524507306,0.0,0.006237006237006237,0.0,0.0013795106367530676,0.0625,0.0625,0.25,0.0,0.0,True,0.0029887186395015997,0.5071428571428571,0.0006945632807545574,0.9931694269180298,78.15449860174668,0.0,0.006359300476947536,0.0,0.0013795106367530676,0.0625,0.0625,0.25,0.0,0.0,True,0.9020037043273278,0.9495280719634865,0.011465327199702042,0.003222312545403838,1290.11556387521,1.0,0.9992662345603522,0.6446886446886447,0.8454948086836565,0.9375,1.0,1.0,0.8,1.0,XGBoost,fleet,40000,952,7.82,B_fleet_size,CTT_Traverse,FS-B,1,1,CIDv2_OpelAstra
123099,23756,0.19298288369523717,0.9992143198968426,0.9989059262009796,99363,0.031993395843505856,False,0.0,0.0,0.0,729105.1663240668,0.0,0.0,0.0,0.0,0.0,0.0,0.0,0.0,0.0,0.0,True,0.8578043441656844,0.9999509298787967,1.0066134503689238e-05,31250.0,1.1326738927789375,1.0,0.9737067384126208,0.6062271062271062,0.7859580338343135,0.625,0.8125,0.75,0.2,1.0,True,0.9982320255935343,0.9990731378496798,0.00022145495908116325,4336.424293153679,24.91882564113663,1.0,0.9998777057600587,0.924908424908425,1.0,1.0,1.0,1.0,1.0,1.0,True,0.9982320255935343,0.9986103507811513,0.00033218243862174487,4117.794115813492,37.37823846170494,1.0,0.9998777057600587,0.924908424908425,1.0,1.0,1.0,1.0,1.0,1.0,True,0.9982320255935343,0.9576384121471551,0.010559375094370011,7.525667571308045,1188.1749135251055,1.0,0.9998777057600587,0.924908424908425,1.0,1.0,1.0,1.0,1.0,1.0,Rule:Combined,fleet,40000,952,0.32,B_fleet_size,CTT_Traverse,FS-B,1,1,CIDv2_OpelAstra
123099,23756,0.19298288369523717,0.9792593459588514,0.9749886569078905,99363,0.031993395843505856,False,0.3480804849301229,1.0,0.0,0.999908201073819,0.0,0.5182539682539683,0.22930169988993518,0.43956043956043955,0.3994046322515066,0.6875,0.9375,1.0,0.1,1.0,True,0.7533675702980299,1.0,0.0,0.999830151446811,0.0,0.9087301587301587,0.7627491745138804,0.684981684981685,0.7362956509112031,1.0,1.0,1.0,1.0,1.0,True,0.8763259808048492,0.9975561838133116,0.0005133728596881512,0.9996872842088941,57.76636853172582,1.0,0.9615996086584322,0.8186813186813187,0.816670296957816,1.0,1.0,1.0,1.0,1.0,True,0.8778834820676882,0.9973696795791487,0.0005536373977029081,0.9996762416456232,62.29706410284157,1.0,0.9640454934572582,0.8205128205128205,0.817831990125608,1.0,1.0,1.0,1.0,1.0,True,0.9525172587977774,0.9598710443709171,0.00952256324049002,0.9955400084434993,1071.509502568875,1.0,0.998777057600587,0.9120879120879121,0.9223117694039062,1.0,1.0,1.0,1.0,1.0,HistGB,fleet,40000,20000,12.61,B_fleet_size,CTT_Traverse,FS-B,0,1,CTT_Forester
123099,23756,0.19298288369523717,0.9886862569808004,0.9827752644627618,99363,0.031993395843505856,False,0.3823876073413032,1.0,0.0,0.9999871253967286,0.0,0.6071428571428571,0.23101381924911338,0.5274725274725275,0.44594496478617585,0.84375,0.9375,0.75,0.7,1.0,True,0.6197592187236909,0.999932083672915,1.0066134503689238e-05,0.9999624490737915,1.1326738927789375,1.0,0.4836737189678366,0.652014652014652,0.6644884919770565,0.96875,1.0,1.0,0.9,1.0,True,0.9261239265869675,0.9980040825584032,0.0004429099181623265,0.9992384910583496,49.83765128227326,1.0,0.9904610492845787,0.8717948717948718,0.8833224424598853,1.0,1.0,1.0,1.0,1.0,True,0.9300808216871527,0.9974718974312672,0.0005637035322065973,0.9991611242294312,63.42973799562049,1.0,0.9915616974440504,0.8754578754578755,0.8893487257678065,1.0,1.0,1.0,1.0,1.0,True,0.9608099006566763,0.9551408126543081,0.010790896187954863,0.9946364760398865,1214.226413059021,1.0,0.9995108230402348,0.9065934065934066,0.9363972990633849,1.0,1.0,1.0,1.0,1.0,XGBoost,fleet,40000,20000,5.4,B_fleet_size,CTT_Traverse,FS-B,0,1,CTT_Forester
123099,23756,0.19298288369523717,0.999251307093667,0.9985141929789602,99363,0.031993395843505856,False,0.0,0.0,0.0,514509.80710145395,0.0,0.0,0.0,0.0,0.0,0.0,0.0,0.0,0.0,0.0,True,0.3550681932985351,1.0,0.0,296875.0,0.0,0.9976190476190476,0.5389507154213037,0.0,0.20119073549698685,0.25,0.25,0.5,0.0,1.0,True,0.8578043441656844,0.9990684904642839,0.00019125655557009552,31250.0,21.52080396279981,1.0,0.9737067384126208,0.6062271062271062,0.7859580338343135,0.625,0.8125,0.75,0.2,1.0,True,0.9982741202222596,0.9985683607730852,0.0003422485731254341,2918.2312788224544,38.51091235448388,1.0,0.9998777057600587,0.9267399267399268,1.0,1.0,1.0,1.0,1.0,1.0,True,0.9982741202222596,0.9701370423399468,0.007348278187693144,10.962974694310414,826.8519417286244,1.0,0.9998777057600587,0.9267399267399268,1.0,1.0,1.0,1.0,1.0,1.0,Rule:Combined,fleet,40000,20000,0.29,B_fleet_size,CTT_Traverse,FS-B,0,1,CTT_Forester
123099,23756,0.19298288369523717,0.9913135850356339,0.9872840796819818,99363,0.031993395843505856,False,0.39484761744401414,1.0,0.0,0.9999576122255628,0.0,0.8222222222222222,0.23260364436835024,0.47802197802197804,0.448776591882669,0.9375,0.9375,1.0,0.9,1.0,True,0.534265027782455,0.9999212164184984,1.0066134503689238e-05,0.9999340491583958,1.1326738927789375,0.9714285714285714,0.33802127919774977,0.5842490842490843,0.6087998257460249,0.96875,0.9375,1.0,1.0,1.0,True,0.9336167705000842,0.9973020369620936,0.0006039680702213543,0.9995645071551222,67.96043356673626,1.0,0.9889935184052832,0.8388278388278388,0.8984244536411821,1.0,1.0,1.0,1.0,1.0,True,0.9428775888196667,0.996751512993948,0.0007348278187693144,0.9994661246944767,82.68519417286242,1.0,0.9921731686437569,0.8498168498168498,0.9120743483627387,1.0,1.0,1.0,1.0,1.0,True,0.9745327496211483,0.9612605879422023,0.00939170349194206,0.9930265830563699,1056.7847419627487,1.0,0.9991439403204109,0.9029304029304029,0.9604298264720831,1.0,1.0,1.0,1.0,1.0,HistGB,fleet,40000,20000,14.35,B_fleet_size,CTT_Traverse,FS-B,1,1,CTT_Forester
123099,23756,0.19298288369523717,0.988313723139474,0.9809908433642789,99363,0.031993395843505856,False,0.38769153056070044,1.0,0.0,0.9999929666519166,0.0,0.5952380952380952,0.2278341690106396,0.4065934065934066,0.4628621215421477,0.9375,1.0,1.0,0.8,1.0,True,0.6822276477521468,0.9998149290561382,3.0198403511067714e-05,0.9999679327011108,3.3980216783368125,1.0,0.569401981166687,0.6684981684981685,0.7206853989689973,1.0,1.0,1.0,1.0,1.0,True,0.875399898972891,0.9977929181460512,0.00046304218716970496,0.9998757839202881,52.10299906783113,1.0,0.9331050507521096,0.7875457875457875,0.8332244245988528,1.0,1.0,1.0,1.0,1.0,True,0.8810405792220912,0.9971414959504526,0.0006039680702213543,0.9998661279678345,67.96043356673626,1.0,0.9417879417879418,0.7912087912087912,0.83765337980106,1.0,1.0,1.0,1.0,1.0,True,0.9255766964135377,0.961224043715847,0.008928661304772354,0.9995204210281372,1004.6817428949176,1.0,0.9891158126452244,0.8626373626373627,0.8835402599288463,1.0,1.0,1.0,1.0,1.0,XGBoost,fleet,40000,20000,6.22,B_fleet_size,CTT_Traverse,FS-B,1,1,CTT_Forester
123099,23756,0.19298288369523717,0.9992504267941877,0.9985123035113687,99363,0.031993395843505856,False,0.0,0.0,0.0,519722.668474218,0.0,0.0,0.0,0.0,0.0,0.0,0.0,0.0,0.0,0.0,True,0.3550681932985351,1.0,0.0,296875.0,0.0,0.9976190476190476,0.5389507154213037,0.0,0.20119073549698685,0.25,0.25,0.5,0.0,1.0,True,0.8578043441656844,0.9990684904642839,0.00019125655557009552,31250.0,21.52080396279981,1.0,0.9737067384126208,0.6062271062271062,0.7859580338343135,0.625,0.8125,0.75,0.2,1.0,True,0.9982741202222596,0.9985683607730852,0.0003422485731254341,2947.803783118731,38.51091235448388,1.0,0.9998777057600587,0.9267399267399268,1.0,1.0,1.0,1.0,1.0,1.0,True,0.9982741202222596,0.9701370423399468,0.007348278187693144,10.804430647176835,826.8519417286244,1.0,0.9998777057600587,0.9267399267399268,1.0,1.0,1.0,1.0,1.0,1.0,Rule:Combined,fleet,40000,20000,0.28,B_fleet_size,CTT_Traverse,FS-B,1,1,CTT_Forester
123099,23756,0.19298288369523717,0.9996099173726629,0.9994136312485766,99363,0.031993395843505856,False,0.2668378514901499,1.0,0.0,0.9999904684469788,0.0,0.7690476190476191,0.1681545799192858,0.4010989010989011,0.27415958759892545,0.65625,0.875,0.75,0.2,1.0,True,0.9384576528035022,1.0,0.0,0.9999435127858426,0.0,1.0,0.9861807508866333,0.6758241758241759,0.9149059754592318,0.96875,1.0,1.0,0.9,1.0,True,0.9982741202222596,0.9992415623814941,0.0001811904210664063,0.02632597710660149,20.38813007002088,1.0,0.9998777057600587,0.9267399267399268,1.0,1.0,1.0,1.0,1.0,1.0,True,0.9982741202222596,0.9988627748294162,0.00027178563159960945,0.01993319247776197,30.582195105031314,1.0,0.9998777057600587,0.9267399267399268,1.0,1.0,1.0,1.0,1.0,1.0,True,0.9985687826233373,0.9624700774942183,0.009311174415912546,0.0008094059280482042,1047.7233508205172,1.0,0.9998777057600587,0.9395604395604396,1.0,1.0,1.0,1.0,1.0,1.0,HistGB,fleet,40000,12610,26.97,B_fleet_size,CTT_Traverse,FS-B,0,1,CTT_Impala
123099,23756,0.19298288369523717,0.99961086907068,0.9994111307567978,99363,0.031993395843505856,False,0.38390301397541676,1.0,0.0,0.9999303817749025,0.0,0.22777777777777777,0.5053197994374465,0.01098901098901099,0.3408843389239817,0.6875,0.9375,0.75,0.2,1.0,True,0.9448981309984846,1.0,0.0,0.9994487166404724,0.0,1.0,0.9782316252904488,0.7032967032967034,0.9296449575255935,0.96875,1.0,1.0,0.9,1.0,True,0.998316214850985,0.9989048942801786,0.0002617194970959202,0.05997767299413681,29.449521212252375,1.0,0.9998777057600587,0.9285714285714286,1.0,1.0,1.0,1.0,1.0,1.0,True,0.998316214850985,0.9987786902505791,0.0002919179006069879,0.05048995465040207,32.84754289058919,1.0,0.9998777057600587,0.9285714285714286,1.0,1.0,1.0,1.0,1.0,1.0,True,0.9984845933658865,0.957494045937109,0.010599639632384769,0.003794159973040223,1192.7056090962212,1.0,0.9998777057600587,0.9358974358974359,1.0,1.0,1.0,1.0,1.0,1.0,XGBoost,fleet,40000,12610,6.67,B_fleet_size,CTT_Traverse,FS-B,0,1,CTT_Impala
123099,23756,0.19298288369523717,0.9993812378137632,0.9986222066038346,99363,0.031993395843505856,False,0.001641690520289611,1.0,0.0,437500.00000000006,0.0,0.030952380952380953,0.0,0.0,0.0,0.0625,0.0,0.0,0.0,1.0,True,0.3550681932985351,1.0,0.0,296875.0,0.0,0.9976190476190476,0.5389507154213037,0.0,0.20119073549698685,0.25,0.25,0.5,0.0,1.0,True,0.8578043441656844,0.9990684904642839,0.00019125655557009552,31250.0,21.52080396279981,1.0,0.9737067384126208,0.6062271062271062,0.7859580338343135,0.625,0.8125,0.75,0.2,1.0,True,0.9982320255935343,0.9986524046155142,0.0003221163041180556,1989.798606276945,36.245564568926,1.0,0.9998777057600587,0.924908424908425,1.0,1.0,1.0,1.0,1.0,1.0,True,0.9982320255935343,0.9702548995540281,0.007318079784182076,8.293283195632656,823.4539200502875,1.0,0.9998777057600587,0.924908424908425,1.0,1.0,1.0,1.0,1.0,1.0,Rule:Combined,fleet,40000,12610,0.31,B_fleet_size,CTT_Traverse,FS-B,0,1,CTT_Impala
123099,23756,0.19298288369523717,0.9996083506302683,0.9994108340111068,99363,0.031993395843505856,False,0.20647415389796261,1.0,0.0,0.9999849000090094,0.0,0.6015873015873016,0.010395010395010396,0.5402930402930403,0.2735061351920424,0.6875,0.9375,1.0,0.1,1.0,True,0.914042768142785,1.0,0.0,0.9999293754438688,0.0,0.9952380952380953,0.9027760792466675,0.6666666666666666,0.9231104334567632,0.96875,1.0,1.0,0.9,1.0,True,0.9982741202222596,0.9992836676217765,0.00017112428656271706,0.020640709465604767,19.25545617724194,1.0,0.9998777057600587,0.9267399267399268,1.0,1.0,1.0,1.0,1.0,1.0,True,0.998316214850985,0.9989469693778695,0.00025165336259223094,0.014745494823089057,28.316847319473435,1.0,0.9998777057600587,0.9285714285714286,1.0,1.0,1.0,1.0,1.0,1.0,True,0.9986108772520627,0.9626278201590651,0.009270909877897788,0.0006189718111115666,1043.1926552494015,1.0,0.9998777057600587,0.9413919413919414,1.0,1.0,1.0,1.0,1.0,1.0,HistGB,fleet,40000,12610,23.66,B_fleet_size,CTT_Traverse,FS-B,1,1,CTT_Impala
123099,23756,0.19298288369523717,0.9995910868028135,0.9993915967270777,99363,0.031993395843505856,False,0.3550260986698097,1.0,0.0,0.9999186992645265,0.0,0.19126984126984126,0.4632505808976397,0.005494505494505495,0.31961083278878966,0.65625,0.875,0.75,0.2,1.0,True,0.9190099343323792,1.0,0.0,0.9994032382965088,0.0,0.8611111111111112,0.9782316252904488,0.6703296703296703,0.8990053002250781,0.96875,1.0,1.0,0.9,1.0,True,0.9982741202222596,0.9991573625447651,0.00020132269007378477,0.10082359611988068,22.65347785557875,1.0,0.9998777057600587,0.9267399267399268,1.0,1.0,1.0,1.0,1.0,1.0,True,0.9983583094797104,0.9984844019702774,0.0003623808421328126,0.06924034655094147,40.77626014004176,1.0,0.9998777057600587,0.9304029304029304,1.0,1.0,1.0,1.0,1.0,1.0,True,0.9985687826233373,0.9608716785482826,0.009723885930563805,0.004999306984245777,1094.1629804244535,1.0,0.9998777057600587,0.9395604395604396,1.0,1.0,1.0,1.0,1.0,1.0,XGBoost,fleet,40000,12610,5.46,B_fleet_size,CTT_Traverse,FS-B,1,1,CTT_Impala
123099,23756,0.19298288369523717,0.9993801941662938,0.9986203514621368,99363,0.031993395843505856,False,0.001641690520289611,1.0,0.0,437500.00000000006,0.0,0.030952380952380953,0.0,0.0,0.0,0.0625,0.0,0.0,0.0,1.0,True,0.3550681932985351,1.0,0.0,296875.0,0.0,0.9976190476190476,0.5389507154213037,0.0,0.20119073549698685,0.25,0.25,0.5,0.0,1.0,True,0.8578043441656844,0.9990684904642839,0.00019125655557009552,31250.0,21.52080396279981,1.0,0.9737067384126208,0.6062271062271062,0.7859580338343135,0.625,0.8125,0.75,0.2,1.0,True,0.9982320255935343,0.9986524046155142,0.0003221163041180556,1986.7468902886387,36.245564568926,1.0,0.9998777057600587,0.924908424908425,1.0,1.0,1.0,1.0,1.0,1.0,True,0.9982320255935343,0.9702548995540281,0.007318079784182076,8.483686883700605,823.4539200502875,1.0,0.9998777057600587,0.924908424908425,1.0,1.0,1.0,1.0,1.0,1.0,Rule:Combined,fleet,40000,12610,0.3,B_fleet_size,CTT_Traverse,FS-B,1,1,CTT_Impala
123099,23756,0.19298288369523717,0.9994841470474827,0.9993882277036609,99363,0.031993395843505856,False,0.8333052702475164,1.0,0.0,0.9996470680320627,0.0,1.0,0.929191635073988,0.6043956043956044,0.7702025702461337,0.65625,0.875,1.0,0.1,1.0,True,0.9193466913621822,0.9999542145506158,1.0066134503689238e-05,0.9447757395390168,1.1326738927789375,1.0,0.9997554115201174,0.6483516483516484,0.8749727728163799,0.96875,1.0,1.0,0.9,1.0,True,0.9967166189594208,0.9993669016165112,0.00015099201755533858,0.07484662243823963,16.990108391684064,1.0,0.9998777057600587,0.8589743589743589,1.0,1.0,1.0,1.0,1.0,1.0,True,0.9968849974743222,0.9991561893511096,0.00020132269007378477,0.06177988773063682,22.65347785557875,1.0,0.9998777057600587,0.8663003663003663,1.0,1.0,1.0,1.0,1.0,1.0,True,0.9986950665095133,0.9782294973817672,0.005314919017947918,0.003857584244959727,598.051815387279,1.0,0.9998777057600587,0.945054945054945,1.0,1.0,1.0,1.0,1.0,1.0,HistGB,fleet,40000,20000,12.78,B_fleet_size,CTT_Traverse,FS-B,0,1,CTT_Silverado
123099,23756,0.19298288369523717,0.9995646231572378,0.9994384135026818,99363,0.031993395843505856,False,0.7846438794409833,1.0,0.0,0.9990333318710328,0.0,1.0,0.8691451632628103,0.6062271062271062,0.7218470921367893,0.71875,0.9375,1.0,0.2,1.0,True,0.9095807374978953,0.999953722985793,1.0066134503689238e-05,0.9718020558357239,1.1326738927789375,1.0,0.9993885288002935,0.6575091575091575,0.8579830102374211,0.96875,1.0,1.0,0.9,1.0,True,0.9964219565583432,0.9994511062320554,0.0001308597485479601,0.08375361561775208,14.724760606126187,1.0,0.9998777057600587,0.8461538461538461,1.0,1.0,1.0,1.0,1.0,1.0,True,0.9967587135881462,0.9986082995951417,0.00033218243862174487,0.05491171032190323,37.37823846170494,1.0,0.9998777057600587,0.8608058608058609,1.0,1.0,1.0,1.0,1.0,1.0,True,0.9987371611382387,0.9745738344629288,0.006230937257783639,0.0020301039330661297,701.1251396301624,1.0,0.9998777057600587,0.9468864468864469,1.0,1.0,1.0,1.0,1.0,1.0,XGBoost,fleet,40000,20000,7.07,B_fleet_size,CTT_Traverse,FS-B,0,1,CTT_Silverado
123099,23756,0.19298288369523717,0.9511834406792481,0.8945987164196326,99363,0.031993395843505856,False,8.418925745074928e-05,1.0,0.0,472214.7220154065,0.0,0.0015873015873015873,0.0,0.0,0.0,0.03125,0.0,0.0,0.0,0.5,True,0.3550681932985351,1.0,0.0,296875.0,0.0,0.9976190476190476,0.5389507154213037,0.0,0.20119073549698685,0.25,0.25,0.5,0.0,1.0,True,0.8582252904529382,0.998922097011269,0.00022145495908116325,31250.0,24.91882564113663,1.0,0.9737067384126208,0.6245421245421245,0.7859580338343135,0.71875,0.8125,0.75,0.5,1.0,True,0.8582252904529382,0.998922097011269,0.00022145495908116325,31250.0,24.91882564113663,1.0,0.9737067384126208,0.6245421245421245,0.7859580338343135,0.71875,0.8125,0.75,0.5,1.0,True,0.8582252904529382,0.998922097011269,0.00022145495908116325,31250.0,24.91882564113663,1.0,0.9737067384126208,0.6245421245421245,0.7859580338343135,0.71875,0.8125,0.75,0.5,1.0,Rule:Combined,fleet,40000,20000,0.35,B_fleet_size,CTT_Traverse,FS-B,0,1,CTT_Silverado
123099,23756,0.19298288369523717,0.999434895403905,0.9993099173586705,99363,0.031993395843505856,False,0.8600774541168547,1.0,0.0,0.9992137625293375,0.0,1.0,0.9825119236883942,0.6043956043956044,0.7847237348435344,0.65625,0.875,1.0,0.1,1.0,True,0.8816719986529719,0.9999522581877208,1.0066134503689238e-05,0.978319585120349,1.1326738927789375,1.0,0.998777057600587,0.6208791208791209,0.8116604951717128,0.84375,1.0,1.0,0.5,1.0,True,0.9957484424987372,0.999113025848961,0.000211388824577474,0.11462706750766634,23.786151748357685,1.0,0.9998777057600587,0.8296703296703297,0.999491759239091,1.0,1.0,1.0,1.0,1.0,True,0.9960851995285401,0.99898678600076,0.0002415872280885417,0.09435322661321727,27.1841734266945,1.0,0.9998777057600587,0.8351648351648352,0.999854788354026,1.0,1.0,1.0,1.0,1.0,True,0.998316214850985,0.9860302677532014,0.003382221193239584,0.00641013377744541,380.57842797372297,1.0,0.9998777057600587,0.9285714285714286,1.0,1.0,1.0,1.0,1.0,1.0,HistGB,fleet,40000,20000,12.97,B_fleet_size,CTT_Traverse,FS-B,1,1,CTT_Silverado
123099,23756,0.19298288369523717,0.9995129729888932,0.9993290890277164,99363,0.031993395843505856,False,0.7180080821687153,1.0,0.0,0.9993817806243898,0.0,1.0,0.7939342056989116,0.6043956043956044,0.651637261308357,0.65625,0.875,1.0,0.1,1.0,True,0.9005303923219398,1.0,0.0,0.9159432649612427,0.0,1.0,0.9993885288002935,0.6391941391941391,0.8430988165250853,0.9375,1.0,1.0,0.8,1.0,True,0.9960431048998147,0.9986915966741231,0.0003120501696143664,0.032651498913764954,35.11289067614707,1.0,0.9998777057600587,0.8296703296703297,1.0,1.0,1.0,1.0,1.0,1.0,True,0.9962114834147163,0.9985232690603772,0.0003523147076291233,0.02266363799571991,39.64358624726281,1.0,0.9998777057600587,0.836996336996337,1.0,1.0,1.0,1.0,1.0,1.0,True,0.9981899309648089,0.9696585565324065,0.007469071801737415,0.0013945490354672074,840.4440284419717,1.0,0.9998777057600587,0.9230769230769231,1.0,1.0,1.0,1.0,1.0,1.0,XGBoost,fleet,40000,20000,25.04,B_fleet_size,CTT_Traverse,FS-B,1,1,CTT_Silverado
123099,23756,0.19298288369523717,0.951183059322073,0.8945986406739428,99363,0.031993395843505856,False,8.418925745074928e-05,1.0,0.0,475501.1931798932,0.0,0.0015873015873015873,0.0,0.0,0.0,0.03125,0.0,0.0,0.0,0.5,True,0.3550681932985351,1.0,0.0,296875.0,0.0,0.9976190476190476,0.5389507154213037,0.0,0.20119073549698685,0.25,0.25,0.5,0.0,1.0,True,0.8582252904529382,0.998922097011269,0.00022145495908116325,31250.0,24.91882564113663,1.0,0.9737067384126208,0.6245421245421245,0.7859580338343135,0.71875,0.8125,0.75,0.5,1.0,True,0.8582252904529382,0.998922097011269,0.00022145495908116325,31250.0,24.91882564113663,1.0,0.9737067384126208,0.6245421245421245,0.7859580338343135,0.71875,0.8125,0.75,0.5,1.0,True,0.8582252904529382,0.998922097011269,0.00022145495908116325,31250.0,24.91882564113663,1.0,0.9737067384126208,0.6245421245421245,0.7859580338343135,0.71875,0.8125,0.75,0.5,1.0,Rule:Combined,fleet,40000,20000,0.28,B_fleet_size,CTT_Traverse,FS-B,1,1,CTT_Silverado
123099,23756,0.19298288369523717,0.8140139071588872,0.7809323381289668,99363,0.031993395843505856,False,0.3791884155581748,1.0,0.0,0.9959752688165336,0.0,1.0,0.3218784395254983,0.5622710622710623,0.3491614027445001,0.5625,0.75,0.75,0.1,1.0,True,0.5175113655497559,0.9995934628831612,5.033067251844619e-05,0.990348702294371,5.663369463894687,1.0,0.6021768374709551,0.6007326007326007,0.4198068685108546,0.59375,0.75,1.0,0.1,1.0,True,0.5894510860414212,0.992627773445807,0.0010468779883836808,0.9783743615368334,117.7980848490095,1.0,0.745383392442216,0.6043956043956044,0.4587235896318885,0.65625,0.875,1.0,0.1,1.0,True,0.5930712241118034,0.9915546484622423,0.0012079361404427086,0.9773190490906637,135.9208671334725,1.0,0.7517426929191635,0.6043956043956044,0.4611921876134466,0.65625,0.875,1.0,0.1,1.0,True,0.6605910085873042,0.9266607617360496,0.012502139053582034,0.9416998791275207,1406.7809748314403,1.0,0.8412620765561942,0.6153846153846154,0.5240688303201917,0.84375,0.9375,1.0,0.6,1.0,HistGB,fleet,40000,20000,29.66,B_fleet_size,CTT_Traverse,FS-B,0,1,ROAD_ORNL
123099,23756,0.19298288369523717,0.8469404831212695,0.809386904482374,99363,0.031993395843505856,False,0.3575517763933322,1.0,0.0,0.969403624534607,0.0,1.0,0.26232114467408585,0.6043956043956044,0.34553111159514993,0.5625,0.75,0.75,0.1,1.0,True,0.4286916989392154,0.9993131194190953,7.046294152582466e-05,0.9514175057411194,7.9287172494525615,1.0,0.4090742326036444,0.6043956043956044,0.3811079648587817,0.625,0.8125,1.0,0.1,1.0,True,0.5639838356625695,0.9924444444444445,0.0010267457193763024,0.8763856887817383,115.53273706345163,1.0,0.6561085972850679,0.6062271062271062,0.4677267116822769,0.75,1.0,1.0,0.2,1.0,True,0.5707610708873547,0.9910825232073679,0.001228068409450087,0.8683568239212036,138.1862149190304,1.0,0.6667481961599608,0.6062271062271062,0.47309954258331516,0.75,1.0,1.0,0.2,1.0,True,0.6621064152214178,0.9275268309942211,0.012371279305034073,0.6684109568595886,1392.056214225314,1.0,0.7823162529044883,0.6227106227106227,0.5613882233355115,0.875,1.0,1.0,0.6,1.0,XGBoost,fleet,40000,20000,11.15,B_fleet_size,CTT_Traverse,FS-B,0,1,ROAD_ORNL
123099,23756,0.19298288369523717,0.8627156194951462,0.8034642443981461,99363,0.031993395843505856,False,0.0,0.0,0.0,532733.0067026376,0.0,0.0,0.0,0.0,0.0,0.0,0.0,0.0,0.0,0.0,True,0.6021215692877588,0.9998601985181043,2.0132269007378476e-05,3824.5064366213264,2.265347785557875,0.0,0.9996331172801761,0.0,0.44507369491033183,0.4375,0.625,1.0,0.0,0.0,True,0.6021215692877588,0.9943000139024051,0.0008254230293025176,2628.596449715642,92.87925920787289,0.0,0.9996331172801761,0.0,0.44507369491033183,0.4375,0.625,1.0,0.0,0.0,True,0.6021215692877588,0.9935403209001875,0.0009361505088430991,2556.1271533346776,105.3386720284412,0.0,0.9996331172801761,0.0,0.44507369491033183,0.4375,0.625,1.0,0.0,0.0,True,0.6818487960936185,0.9455925277291302,0.00938163735743837,5.870062604918506,1055.6520680699698,0.9984126984126984,0.9996331172801761,0.003663003663003663,0.49110578668409205,0.625,0.75,1.0,0.2,1.0,Rule:Combined,fleet,40000,20000,0.29,B_fleet_size,CTT_Traverse,FS-B,0,1,ROAD_ORNL
123099,23756,0.19298288369523717,0.8680835467367124,0.8211042006342927,99363,0.031993395843505856,False,0.49882135039568953,0.9999156189351109,1.0066134503689238e-05,0.9764984971722765,1.1326738927789375,1.0,0.5739268680445151,0.6043956043956044,0.4041966165686488,0.625,0.8125,1.0,0.1,1.0,True,0.5581747768984677,0.9989453066144343,0.00014092588305164932,0.9557579239938767,15.857434498905123,1.0,0.6926745750275162,0.6043956043956044,0.4360705728599434,0.65625,0.875,1.0,0.1,1.0,True,0.6158865128809564,0.9925378196865884,0.0011072747954058162,0.8969292966943381,124.59412820568313,1.0,0.7972361501773266,0.6117216117216118,0.4732447542292892,0.8125,0.9375,1.0,0.5,1.0,True,0.6200538811247684,0.991318392893196,0.0012985313509759116,0.8904616962299677,146.11493216848294,1.0,0.8038400391341568,0.6135531135531136,0.47643941044071736,0.84375,0.9375,1.0,0.6,1.0,True,0.6814699444350901,0.9238187628395343,0.013438289562425133,0.7329293412373147,1512.1196468598816,1.0,0.8701235171823407,0.6556776556776557,0.5413490161910985,0.96875,1.0,1.0,0.9,1.0,HistGB,fleet,40000,20000,25.24,B_fleet_size,CTT_Traverse,FS-B,1,1,ROAD_ORNL
123099,23756,0.19298288369523717,0.8937379117084818,0.8634585656634756,99363,0.031993395843505856,False,0.338988045125442,1.0,0.0,0.956914246082306,0.0,1.0,0.21890668949492478,0.6043956043956044,0.3392870108182676,0.5625,0.75,0.75,0.1,1.0,True,0.5423892911264523,0.9995345589946474,6.039680702213543e-05,0.816085159778595,6.796043356673625,1.0,0.5914149443561209,0.6062271062271062,0.468888404850069,0.6875,0.875,1.0,0.2,1.0,True,0.6441320087556828,0.9940882219190541,0.0009160182398357207,0.581060528755188,103.07332424288332,1.0,0.7311972606090253,0.6135531135531136,0.5610978000435635,0.84375,1.0,1.0,0.5,1.0,True,0.6468260649941068,0.9934699683196483,0.0010166795848726132,0.5723485946655273,114.4000631706727,1.0,0.7348660878072643,0.6135531135531136,0.5635663980251217,0.84375,1.0,1.0,0.5,1.0,True,0.7356457316046473,0.9396204096994462,0.011304269047643015,0.32691800594329834,1271.992781590747,1.0,0.8523908523908524,0.6446886446886447,0.6457561896464097,0.9375,1.0,1.0,0.8,1.0,XGBoost,fleet,40000,20000,16.5,B_fleet_size,CTT_Traverse,FS-B,1,1,ROAD_ORNL
123099,23756,0.19298288369523717,0.8621040194085243,0.802782036390282,99363,0.031993395843505856,False,0.0,0.0,0.0,575816.5345741312,0.0,0.0,0.0,0.0,0.0,0.0,0.0,0.0,0.0,0.0,True,0.6021215692877588,0.9998601985181043,2.0132269007378476e-05,4133.806408498274,2.265347785557875,0.0,0.9996331172801761,0.0,0.44507369491033183,0.4375,0.625,1.0,0.0,0.0,True,0.6021215692877588,0.9943000139024051,0.0008254230293025176,2841.1800165559325,92.87925920787289,0.0,0.9996331172801761,0.0,0.44507369491033183,0.4375,0.625,1.0,0.0,0.0,True,0.6021215692877588,0.9935403209001875,0.0009361505088430991,2762.8501044756817,105.3386720284412,0.0,0.9996331172801761,0.0,0.44507369491033183,0.4375,0.625,1.0,0.0,0.0,True,0.6790284559690184,0.9425065731814198,0.00990507635163021,6.034265364621011,1114.5511104944744,0.9984126984126984,0.9996331172801761,0.003663003663003663,0.4862411965439628,0.625,0.75,1.0,0.2,1.0,Rule:Combined,fleet,40000,20000,0.27,B_fleet_size,CTT_Traverse,FS-B,1,1,ROAD_ORNL
123099,23756,0.19298288369523717,0.9994189476824344,0.9989013375736115,99363,0.031993395843505856,False,0.7854015827580401,1.0,0.0,0.9992696416894925,0.0,1.0,0.8646202763849823,0.6135531135531136,0.7255499891091266,0.84375,1.0,1.0,0.5,1.0,True,0.9507492843913117,1.0,0.0,0.9509262855521605,0.0,1.0,0.9986547633606457,0.7051282051282052,0.9275393886589705,1.0,1.0,1.0,1.0,1.0,True,0.9916652635123758,0.9983049410967031,0.00040264538014756954,0.264739017130044,45.3069557111575,1.0,0.9997554115201174,0.8754578754578755,0.9907064546576635,1.0,1.0,1.0,1.0,1.0,True,0.9922966829432565,0.9976722532588455,0.0005536373977029081,0.23987497554614642,62.29706410284157,1.0,0.9997554115201174,0.8791208791208791,0.9916503303564946,1.0,1.0,1.0,1.0,1.0,True,0.9970533759892237,0.9570874414094068,0.010690234842917971,0.04143050073378229,1202.8996741312317,1.0,0.9997554115201174,0.9175824175824175,0.9983300660712989,1.0,1.0,1.0,1.0,1.0,HistGB,fleet,40000,20000,21.16,B_fleet_size,CTT_Traverse,FS-B,0,2,CIDv2_OpelAstra|CTT_Forester
123099,23756,0.19298288369523717,0.9991896704520954,0.998256090293878,99363,0.031993395843505856,False,0.7996716618959421,1.0,0.0,0.9965441823005677,0.0,1.0,0.9631894337776691,0.6172161172161172,0.6914978581282218,0.875,1.0,1.0,0.6,1.0,True,0.9455716450580905,1.0,0.0,0.8622060418128967,0.0,1.0,0.9993885288002935,0.706959706959707,0.91810063167066,1.0,1.0,1.0,1.0,1.0,True,0.9693130156592019,0.9976604133269789,0.0005435712631992189,0.5722863078117371,61.16439021006263,1.0,0.9996331172801761,0.7728937728937729,0.9562912945618238,1.0,1.0,1.0,1.0,1.0,True,0.9704916652635124,0.9971885813148789,0.0006542987427398005,0.5527052879333496,73.62380303063094,1.0,0.9996331172801761,0.7838827838827839,0.9578886226675379,1.0,1.0,1.0,1.0,1.0,True,0.9946960767806028,0.9576106338142325,0.010529176690858942,0.04401851072907448,1184.7768918467686,1.0,0.9998777057600587,0.9065934065934066,0.9946271690989618,1.0,1.0,1.0,1.0,1.0,XGBoost,fleet,40000,20000,6.5,B_fleet_size,CTT_Traverse,FS-B,0,2,CIDv2_OpelAstra|CTT_Forester
123099,23756,0.19298288369523717,0.9994544136878603,0.9987747444527972,99363,0.031993395843505856,False,0.0,0.0,0.0,557985.1342072085,0.0,0.0,0.0,0.0,0.0,0.0,0.0,0.0,0.0,0.0,True,0.3550681932985351,1.0,0.0,296875.0,0.0,0.9976190476190476,0.5389507154213037,0.0,0.20119073549698685,0.25,0.25,0.5,0.0,1.0,True,0.8578043441656844,0.9990684904642839,0.00019125655557009552,31250.0,21.52080396279981,1.0,0.9737067384126208,0.6062271062271062,0.7859580338343135,0.625,0.8125,0.75,0.2,1.0,True,0.9982741202222596,0.9985683607730852,0.0003422485731254341,3164.755912524284,38.51091235448388,1.0,0.9998777057600587,0.9267399267399268,1.0,1.0,1.0,1.0,1.0,1.0,True,0.9982741202222596,0.9577948303715671,0.010519110556355253,5.882040862543432,1183.6442179539897,1.0,0.9998777057600587,0.9267399267399268,1.0,1.0,1.0,1.0,1.0,1.0,Rule:Combined,fleet,40000,20000,0.28,B_fleet_size,CTT_Traverse,FS-B,0,2,CIDv2_OpelAstra|CTT_Forester
123099,23756,0.19298288369523717,0.9993845083752705,0.9990277066566368,99363,0.031993395843505856,False,0.6672840545546388,1.0,0.0,0.9984971679109116,0.0,0.807936507936508,0.8970282499694264,0.5805860805860806,0.5214550206926596,0.75,1.0,1.0,0.2,1.0,True,0.9663242970197002,1.0,0.0,0.7339092204216501,0.0,1.0,0.9995108230402348,0.7435897435897436,0.9523705801205257,1.0,1.0,1.0,1.0,1.0,True,0.9953695908402088,0.9972586563198516,0.0006542987427398005,0.13281722975068297,73.62380303063094,1.0,0.9996331172801761,0.8553113553113553,0.9979670369563639,1.0,1.0,1.0,1.0,1.0,True,0.9956221586125611,0.9964190925559253,0.0008556214328135853,0.1257783331564805,96.2772808862097,1.0,0.9996331172801761,0.8553113553113553,0.9984026718942859,1.0,1.0,1.0,1.0,1.0,True,0.9978531739350059,0.9576230104225579,0.010559375094370011,0.013854893535419781,1188.1749135251055,1.0,0.9997554115201174,0.9102564102564102,1.0,1.0,1.0,1.0,1.0,1.0,HistGB,fleet,40000,20000,12.43,B_fleet_size,CTT_Traverse,FS-B,1,2,CIDv2_OpelAstra|CTT_Forester
123099,23756,0.19298288369523717,0.99918215877507,0.9981473184844739,99363,0.031993395843505856,False,0.8112897794241455,1.0,0.0,0.9921562671661378,0.0,1.0,0.9624556683380213,0.6208791208791209,0.7118274885645829,0.9375,1.0,1.0,0.8,1.0,True,0.9238929112645227,1.0,0.0,0.8959491848945618,0.0,1.0,0.9995108230402348,0.7087912087912088,0.8805634211863792,1.0,1.0,1.0,1.0,1.0,True,0.9619043610035359,0.9979038385955719,0.0004831744561770834,0.6214998364448547,54.368346853389,1.0,0.9995108230402348,0.8058608058608059,0.9422783707253322,1.0,1.0,1.0,1.0,1.0,True,0.9629146320929449,0.9973404255319149,0.0006140342047250435,0.6060395836830139,69.0931074595152,1.0,0.9995108230402348,0.8058608058608059,0.9440209104770203,1.0,1.0,1.0,1.0,1.0,True,0.9949486445529551,0.9547970107049081,0.011264004509628257,0.02971520833671093,1267.462086019631,1.0,0.9997554115201174,0.9157509157509157,0.9947723807449358,1.0,1.0,1.0,1.0,1.0,XGBoost,fleet,40000,20000,6.55,B_fleet_size,CTT_Traverse,FS-B,1,2,CIDv2_OpelAstra|CTT_Forester
123099,23756,0.19298288369523717,0.9994480429043839,0.9987695305788019,99363,0.031993395843505856,False,0.0,0.0,0.0,553770.5651156654,0.0,0.0,0.0,0.0,0.0,0.0,0.0,0.0,0.0,0.0,True,0.3550681932985351,1.0,0.0,296875.0,0.0,0.9976190476190476,0.5389507154213037,0.0,0.20119073549698685,0.25,0.25,0.5,0.0,1.0,True,0.8578043441656844,0.9990684904642839,0.00019125655557009552,31250.0,21.52080396279981,1.0,0.9737067384126208,0.6062271062271062,0.7859580338343135,0.625,0.8125,0.75,0.2,1.0,True,0.9982741202222596,0.9985683607730852,0.0003422485731254341,3140.846407056717,38.51091235448388,1.0,0.9998777057600587,0.9267399267399268,1.0,1.0,1.0,1.0,1.0,1.0,True,0.9982741202222596,0.9577948303715671,0.010519110556355253,5.831966090181228,1183.6442179539897,1.0,0.9998777057600587,0.9267399267399268,1.0,1.0,1.0,1.0,1.0,1.0,Rule:Combined,fleet,40000,20000,0.3,B_fleet_size,CTT_Traverse,FS-B,1,2,CIDv2_OpelAstra|CTT_Forester
123099,23756,0.19298288369523717,0.9979202758486279,0.9917764161831023,99363,0.031993395843505856,False,0.7131251052365718,1.0,0.0,0.9987101671152318,0.0,0.9992063492063492,0.983612571847866,0.5347985347985348,0.5334349814855152,0.65625,0.875,1.0,0.1,1.0,True,0.7222175450412527,0.9993592730661697,0.00011072747954058163,0.9973228499597121,12.459412820568314,0.9992063492063492,0.9850801027271615,0.5347985347985348,0.5482465693748638,0.65625,0.875,1.0,0.1,1.0,True,0.7326149183364202,0.995310534141599,0.0008254230293025176,0.9950070751466736,92.87925920787289,1.0,0.9872813990461049,0.5586080586080586,0.5638568213170696,0.65625,0.875,1.0,0.1,1.0,True,0.7334568109109277,0.9944070311608264,0.0009864811813615453,0.9948332989582177,111.00204149233588,1.0,0.9872813990461049,0.5586080586080586,0.5653089377768097,0.65625,0.875,1.0,0.1,1.0,True,0.9941909412358984,0.9630173292558614,0.009129983994846139,0.01046672163281654,1027.3352207504963,1.0,0.9998777057600587,0.8663003663003663,0.9953532273288318,1.0,1.0,1.0,1.0,1.0,HistGB,fleet,40000,20000,11.84,B_fleet_size,CTT_Traverse,FS-B,0,2,CIDv2_OpelAstra|CTT_Silverado
123099,23756,0.19298288369523717,0.9985672184233237,0.9952016074033075,99363,0.031993395843505856,False,0.6461525509345007,1.0,0.0,0.9974537491798402,0.0,1.0,0.8589947413476825,0.5677655677655677,0.49052494010019604,0.65625,0.875,1.0,0.1,1.0,True,0.7451591176965819,1.0,0.0,0.992466151714325,0.0,1.0,0.966002201296319,0.5989010989010989,0.5965294416612212,0.6875,0.9375,1.0,0.1,1.0,True,0.8276224953695909,0.9990853193759845,0.0001811904210664063,0.9791553616523743,20.38813007002088,1.0,0.9949859361624067,0.6043956043956044,0.7213388513758804,0.6875,0.9375,1.0,0.1,1.0,True,0.8319161474995791,0.9989385361908613,0.000211388824577474,0.9772228598594666,23.786151748357685,1.0,0.9952305246422893,0.6043956043956044,0.7285994336745807,0.6875,0.9375,1.0,0.1,1.0,True,0.9969270921030476,0.9651954191628969,0.008596478866150609,0.002420765347778797,967.3035044332125,1.0,0.9998777057600587,0.8736263736263736,0.999782182531039,1.0,1.0,1.0,1.0,1.0,XGBoost,fleet,40000,20000,6.69,B_fleet_size,CTT_Traverse,FS-B,0,2,CIDv2_OpelAstra|CTT_Silverado
123099,23756,0.19298288369523717,0.9511825908883429,0.8945982723553675,99363,0.031993395843505856,False,0.0,0.0,0.0,521041.33613668266,0.0,0.0,0.0,0.0,0.0,0.0,0.0,0.0,0.0,0.0,True,0.3550681932985351,1.0,0.0,296875.0,0.0,0.9976190476190476,0.5389507154213037,0.0,0.20119073549698685,0.25,0.25,0.5,0.0,1.0,True,0.8582252904529382,0.998922097011269,0.00022145495908116325,31250.0,24.91882564113663,1.0,0.9737067384126208,0.6245421245421245,0.7859580338343135,0.71875,0.8125,0.75,0.5,1.0,True,0.8582252904529382,0.998922097011269,0.00022145495908116325,31250.0,24.91882564113663,1.0,0.9737067384126208,0.6245421245421245,0.7859580338343135,0.71875,0.8125,0.75,0.5,1.0,True,0.8582252904529382,0.998922097011269,0.00022145495908116325,31250.0,24.91882564113663,1.0,0.9737067384126208,0.6245421245421245,0.7859580338343135,0.71875,0.8125,0.75,0.5,1.0,Rule:Combined,fleet,40000,20000,0.26,B_fleet_size,CTT_Traverse,FS-B,0,2,CIDv2_OpelAstra|CTT_Silverado
123099,23756,0.19298288369523717,0.9976242477651329,0.990183587949653,99363,0.031993395843505856,False,0.6329769321434585,1.0,0.0,0.9995335574214264,0.0,0.9992063492063492,0.8578940931882109,0.45787545787545786,0.47288172511435417,0.65625,0.875,1.0,0.1,1.0,True,0.714261660212157,1.0,0.0,0.9974867525299823,0.0,1.0,0.9859361624067506,0.5402930402930403,0.5337254047774631,0.65625,0.875,1.0,0.1,1.0,True,0.721459841724196,0.9972652158733853,0.0004731083216733942,0.9960434553949236,53.23567296061007,1.0,0.9878928702458114,0.5402930402930403,0.5449793073404487,0.6875,0.9375,1.0,0.1,1.0,True,0.7215861256103722,0.9968597348220516,0.0005435712631992189,0.9959551962256058,61.16439021006263,1.0,0.9878928702458114,0.5402930402930403,0.5451971248094097,0.6875,0.9375,1.0,0.1,1.0,True,0.9978531739350059,0.9662495414339869,0.008334759369054688,0.0036555586926589854,937.8539832209601,1.0,0.9998777057600587,0.9120879120879121,0.999854788354026,1.0,1.0,1.0,1.0,1.0,HistGB,fleet,40000,20000,12.64,B_fleet_size,CTT_Traverse,FS-B,1,2,CIDv2_OpelAstra|CTT_Silverado
123099,23756,0.19298288369523717,0.997881735045045,0.9920253692733451,99363,0.031993395843505856,False,0.6113402929786159,1.0,0.0,0.9982478618621827,0.0,0.9992063492063492,0.8292772410419469,0.5347985347985348,0.44950265011253904,0.65625,0.875,1.0,0.1,1.0,True,0.7146405118706853,1.0,0.0,0.9920680522918701,0.0,1.0,0.9794545676898618,0.5457875457875457,0.5380091483336964,0.71875,0.9375,1.0,0.2,1.0,True,0.7421703990570803,0.9990367180417045,0.00017112428656271706,0.9756852388381958,19.25545617724194,1.0,0.9943744649627002,0.5622710622710623,0.5759819937558992,0.78125,0.9375,1.0,0.4,1.0,True,0.743601616433743,0.9988690981057393,0.00020132269007378477,0.9737610816955566,22.65347785557875,1.0,0.9946190534425828,0.5641025641025641,0.5782327742684963,0.78125,0.9375,1.0,0.4,1.0,True,0.9976427007913791,0.9647087556478202,0.00872733861469857,0.001409171731211245,982.0282650393389,1.0,0.9998777057600587,0.9029304029304029,0.999854788354026,1.0,1.0,1.0,1.0,1.0,XGBoost,fleet,40000,20000,8.08,B_fleet_size,CTT_Traverse,FS-B,1,2,CIDv2_OpelAstra|CTT_Silverado
123099,23756,0.19298288369523717,0.9511812930027567,0.8945978391750995,99363,0.031993395843505856,False,0.0,0.0,0.0,514176.38633972267,0.0,0.0,0.0,0.0,0.0,0.0,0.0,0.0,0.0,0.0,True,0.3550681932985351,1.0,0.0,296875.0,0.0,0.9976190476190476,0.5389507154213037,0.0,0.20119073549698685,0.25,0.25,0.5,0.0,1.0,True,0.8582252904529382,0.998922097011269,0.00022145495908116325,31250.0,24.91882564113663,1.0,0.9737067384126208,0.6245421245421245,0.7859580338343135,0.71875,0.8125,0.75,0.5,1.0,True,0.8582252904529382,0.998922097011269,0.00022145495908116325,31250.0,24.91882564113663,1.0,0.9737067384126208,0.6245421245421245,0.7859580338343135,0.71875,0.8125,0.75,0.5,1.0,True,0.8582252904529382,0.998922097011269,0.00022145495908116325,31250.0,24.91882564113663,1.0,0.9737067384126208,0.6245421245421245,0.7859580338343135,0.71875,0.8125,0.75,0.5,1.0,Rule:Combined,fleet,40000,20000,0.27,B_fleet_size,CTT_Traverse,FS-B,1,2,CIDv2_OpelAstra|CTT_Silverado
123099,23756,0.19298288369523717,0.9269048388779748,0.8537901146611564,99363,0.031993395843505856,False,0.42970197002862437,0.9997061991969445,3.0198403511067714e-05,0.9994755664357896,3.3980216783368125,0.996031746031746,0.7397578574049162,0.0,0.21084730995425832,0.40625,0.4375,1.0,0.0,1.0,True,0.42991244317225125,0.999608495644514,4.026453801475695e-05,0.9994672359211695,4.53069557111575,0.996031746031746,0.7397578574049162,0.0,0.21121033906919334,0.40625,0.4375,1.0,0.0,1.0,True,0.45676881629904026,0.9857376453488372,0.0015803831170792104,0.999071954271739,177.82980116629318,0.9984126984126984,0.7461171578818637,0.01098901098901099,0.2531038989326944,0.46875,0.5,1.0,0.1,1.0,True,0.4579053712746254,0.9838111603509089,0.0018018380761603736,0.999028781253794,202.74862680742982,0.9984126984126984,0.7473401002812767,0.01282051282051282,0.25426559210048644,0.46875,0.5,1.0,0.1,1.0,True,0.6761239265869675,0.9349787531288201,0.01124387224062088,0.9957771145178864,1265.196738234073,0.9984126984126984,0.9992662345603522,0.45787545787545786,0.4634429681260437,0.6875,0.9375,1.0,0.1,1.0,HistGB,fleet,28243,1922,14.07,B_fleet_size,CTT_Traverse,FS-B,0,2,CIDv2_Prototype|CIDv2_RenaultClio
123099,23756,0.19298288369523717,0.8748702713992066,0.7729406933583457,99363,0.031993395843505856,False,0.0,0.0,2.0132269007378476e-05,0.999785602092743,2.265347785557875,0.0,0.0,0.0,0.0,0.0,0.0,0.0,0.0,0.0,True,0.0,0.0,0.00010066134503689239,0.9996980428695679,11.326738927789375,0.0,0.0,0.0,0.0,0.0,0.0,0.0,0.0,0.0,True,0.0037885165852837178,0.3964757709251101,0.0013790604270054257,0.9986655712127686,155.17632331071445,0.0007936507936507937,0.0,0.0,0.006461918245843317,0.125,0.1875,0.0,0.0,0.5,True,0.005051355447044957,0.44280442804428044,0.001519986310057075,0.998455286026001,171.03375780961957,0.005555555555555556,0.0,0.0,0.008204457997531401,0.125,0.1875,0.0,0.0,0.5,True,0.6902677218386933,0.9313341284716306,0.012169956614960288,0.04373287037014961,1369.4027363697353,1.0,0.9992662345603522,0.6062271062271062,0.4818122413417556,0.71875,0.9375,1.0,0.2,1.0,XGBoost,fleet,28243,1922,10.54,B_fleet_size,CTT_Traverse,FS-B,0,2,CIDv2_Prototype|CIDv2_RenaultClio
123099,23756,0.19298288369523717,0.864276375217745,0.8110517291510343,99363,0.031993395843505856,False,0.0,0.0,0.0,489100.9710092562,0.0,0.0,0.0,0.0,0.0,0.0,0.0,0.0,0.0,0.0,True,0.6021215692877588,0.99958071278826,6.039680702213543e-05,3057.1404661536744,6.796043356673625,0.0,0.9996331172801761,0.0,0.44507369491033183,0.4375,0.625,1.0,0.0,0.0,True,0.6021215692877588,0.9940236275191104,0.0008656875673172745,2388.936643247463,97.40995477898863,0.0,0.9996331172801761,0.0,0.44507369491033183,0.4375,0.625,1.0,0.0,0.0,True,0.6021215692877588,0.9932643566418998,0.0009764150468578561,2322.6283037805288,109.86936759955694,0.0,0.9996331172801761,0.0,0.44507369491033183,0.4375,0.625,1.0,0.0,0.0,True,0.6873631924566426,0.9287339324308952,0.012612866533122616,5.547607895617263,1419.2403876520086,0.9992063492063492,0.9996331172801761,0.01098901098901099,0.5002541203804545,0.6875,0.875,1.0,0.2,1.0,Rule:Combined,fleet,28243,1922,0.29,B_fleet_size,CTT_Traverse,FS-B,0,2,CIDv2_Prototype|CIDv2_RenaultClio
123099,23756,0.19298288369523717,0.9269048388779748,0.8537901146611564,99363,0.031993395843505856,False,0.42970197002862437,0.9997061991969445,3.0198403511067714e-05,0.9994755664357896,3.3980216783368125,0.996031746031746,0.7397578574049162,0.0,0.21084730995425832,0.40625,0.4375,1.0,0.0,1.0,True,0.42991244317225125,0.999608495644514,4.026453801475695e-05,0.9994672359211695,4.53069557111575,0.996031746031746,0.7397578574049162,0.0,0.21121033906919334,0.40625,0.4375,1.0,0.0,1.0,True,0.45676881629904026,0.9857376453488372,0.0015803831170792104,0.999071954271739,177.82980116629318,0.9984126984126984,0.7461171578818637,0.01098901098901099,0.2531038989326944,0.46875,0.5,1.0,0.1,1.0,True,0.4579053712746254,0.9838111603509089,0.0018018380761603736,0.999028781253794,202.74862680742982,0.9984126984126984,0.7473401002812767,0.01282051282051282,0.25426559210048644,0.46875,0.5,1.0,0.1,1.0,True,0.6761239265869675,0.9349787531288201,0.01124387224062088,0.9957771145178864,1265.196738234073,0.9984126984126984,0.9992662345603522,0.45787545787545786,0.4634429681260437,0.6875,0.9375,1.0,0.1,1.0,HistGB,fleet,28243,1922,12.61,B_fleet_size,CTT_Traverse,FS-B,1,2,CIDv2_Prototype|CIDv2_RenaultClio
123099,23756,0.19298288369523717,0.8748702713992066,0.7729406933583457,99363,0.031993395843505856,False,0.0,0.0,2.0132269007378476e-05,0.999785602092743,2.265347785557875,0.0,0.0,0.0,0.0,0.0,0.0,0.0,0.0,0.0,True,0.0,0.0,0.00010066134503689239,0.9996980428695679,11.326738927789375,0.0,0.0,0.0,0.0,0.0,0.0,0.0,0.0,0.0,True,0.0037885165852837178,0.3964757709251101,0.0013790604270054257,0.9986655712127686,155.17632331071445,0.0007936507936507937,0.0,0.0,0.006461918245843317,0.125,0.1875,0.0,0.0,0.5,True,0.005051355447044957,0.44280442804428044,0.001519986310057075,0.998455286026001,171.03375780961957,0.005555555555555556,0.0,0.0,0.008204457997531401,0.125,0.1875,0.0,0.0,0.5,True,0.6902677218386933,0.9313341284716306,0.012169956614960288,0.04373287037014961,1369.4027363697353,1.0,0.9992662345603522,0.6062271062271062,0.4818122413417556,0.71875,0.9375,1.0,0.2,1.0,XGBoost,fleet,28243,1922,10.38,B_fleet_size,CTT_Traverse,FS-B,1,2,CIDv2_Prototype|CIDv2_RenaultClio
123099,23756,0.19298288369523717,0.864276375217745,0.8110517291510343,99363,0.031993395843505856,False,0.0,0.0,0.0,489100.9710092562,0.0,0.0,0.0,0.0,0.0,0.0,0.0,0.0,0.0,0.0,True,0.6021215692877588,0.99958071278826,6.039680702213543e-05,3057.1404661536744,6.796043356673625,0.0,0.9996331172801761,0.0,0.44507369491033183,0.4375,0.625,1.0,0.0,0.0,True,0.6021215692877588,0.9940236275191104,0.0008656875673172745,2388.936643247463,97.40995477898863,0.0,0.9996331172801761,0.0,0.44507369491033183,0.4375,0.625,1.0,0.0,0.0,True,0.6021215692877588,0.9932643566418998,0.0009764150468578561,2322.6283037805288,109.86936759955694,0.0,0.9996331172801761,0.0,0.44507369491033183,0.4375,0.625,1.0,0.0,0.0,True,0.6873631924566426,0.9287339324308952,0.012612866533122616,5.547607895617263,1419.2403876520086,0.9992063492063492,0.9996331172801761,0.01098901098901099,0.5002541203804545,0.6875,0.875,1.0,0.2,1.0,Rule:Combined,fleet,28243,1922,0.31,B_fleet_size,CTT_Traverse,FS-B,1,2,CIDv2_Prototype|CIDv2_RenaultClio
123099,23756,0.19298288369523717,0.9157282863482961,0.9036957387208904,99363,0.031993395843505856,False,0.68201717460852,1.0,0.0,0.9094381644093951,0.0,1.0,0.9502262443438914,0.6043956043956044,0.49676904087707835,0.65625,0.875,1.0,0.1,1.0,True,0.7505893248021552,0.9994955156950672,9.059521053320314e-05,0.6905786480152204,10.19406503501044,1.0,0.9721169132933839,0.608058608058608,0.6019022725622595,0.75,0.9375,1.0,0.3,1.0,True,0.7935258461020374,0.9948282231252309,0.0009864811813615453,0.5029956088742104,111.00204149233588,1.0,0.984835514247279,0.6208791208791209,0.6679009656574457,0.90625,1.0,1.0,0.7,1.0,True,0.7956305775383061,0.9941615821586367,0.0011173409299095054,0.49149375431257747,125.72680209846206,1.0,0.9852023969671029,0.6208791208791209,0.6713134393378349,0.90625,1.0,1.0,0.7,1.0,True,0.8299376999494864,0.9415922441377335,0.012310882498011938,0.3016264223421997,1385.2601708686404,1.0,0.996698055521585,0.6794871794871795,0.7213388513758804,1.0,1.0,1.0,1.0,1.0,HistGB,fleet,40000,20000,32.52,B_fleet_size,CTT_Traverse,FS-B,0,2,CIDv2_Prototype|ROAD_ORNL
123099,23756,0.19298288369523717,0.9016434940431169,0.8727226066182481,99363,0.031993395843505856,False,0.261912779929281,1.0,0.0,0.9870182871818544,0.0,1.0,0.06041335453100159,0.6043956043956044,0.30044289552022074,0.53125,0.75,0.5,0.1,1.0,True,0.5248779255766964,0.9997594611930725,3.0198403511067714e-05,0.7982393503189087,3.3980216783368125,1.0,0.5745383392442216,0.6062271062271062,0.448703986059682,0.65625,0.8125,1.0,0.2,1.0,True,0.6582758040074087,0.9925107895404925,0.0011878038714353302,0.5652328133583069,133.65551934791463,1.0,0.7705760058701235,0.608058608058608,0.5623320990343426,0.75,0.9375,1.0,0.3,1.0,True,0.6649267553460179,0.9914014937550994,0.0013790604270054257,0.5517494678497314,155.17632331071445,1.0,0.7803595450654274,0.6098901098901099,0.5679227474043418,0.78125,0.9375,1.0,0.4,1.0,True,0.7603973732951675,0.9364923013116284,0.012331014767019317,0.3058938980102539,1387.5255186541985,1.0,0.9104806163629693,0.6373626373626373,0.6542510709358891,0.96875,0.9375,1.0,1.0,1.0,XGBoost,fleet,40000,20000,16.4,B_fleet_size,CTT_Traverse,FS-B,0,2,CIDv2_Prototype|ROAD_ORNL
123099,23756,0.19298288369523717,0.8628263582035369,0.8037490574268564,99363,0.031993395843505856,False,0.0,0.0,0.0,466486.35500901175,0.0,0.0,0.0,0.0,0.0,0.0,0.0,0.0,0.0,0.0,True,0.6021215692877588,0.9998601985181043,2.0132269007378476e-05,3348.916988992954,2.265347785557875,0.0,0.9996331172801761,0.0,0.44507369491033183,0.4375,0.625,1.0,0.0,0.0,True,0.6021215692877588,0.9943000139024051,0.0008254230293025176,2301.721332460442,92.87925920787289,0.0,0.9996331172801761,0.0,0.44507369491033183,0.4375,0.625,1.0,0.0,0.0,True,0.6021215692877588,0.9935403209001875,0.0009361505088430991,2238.264042532711,105.3386720284412,0.0,0.9996331172801761,0.0,0.44507369491033183,0.4375,0.625,1.0,0.0,0.0,True,0.6815962283212662,0.9511278195488722,0.008375023907069446,5.588884486759909,942.384678792076,0.9984126984126984,0.9996331172801761,0.0,0.49081536339214404,0.5625,0.75,1.0,0.0,1.0,Rule:Combined,fleet,40000,20000,0.32,B_fleet_size,CTT_Traverse,FS-B,0,2,CIDv2_Prototype|ROAD_ORNL
123099,23756,0.19298288369523717,0.9392067209229226,0.9270666113443777,99363,0.031993395843505856,False,0.587977774036033,0.9999284129143102,1.0066134503689238e-05,0.8818615202046219,1.1326738927789375,1.0,0.7177448942154825,0.6062271062271062,0.47251869599941915,0.6875,0.875,1.0,0.2,1.0,True,0.7094207779087388,0.9992884672398459,0.00012079361404427085,0.7038594829911069,13.59208671334725,1.0,0.8951938363703069,0.6098901098901099,0.5764902345168083,0.78125,0.9375,1.0,0.4,1.0,True,0.7881798282539147,0.9938956420192154,0.0011576054679242624,0.46998581676695533,130.25749766957782,1.0,0.9597651950593127,0.6538461538461539,0.672257315036666,0.96875,1.0,1.0,0.9,1.0,True,0.7908317898636134,0.9932328839545335,0.0012884652164722224,0.4590368978722204,144.982258275704,1.0,0.961110431698667,0.6538461538461539,0.6760328178319901,0.96875,1.0,1.0,0.9,1.0,True,0.8493433237918842,0.9493271854709702,0.01084122686047331,0.27977839168821383,1219.8897825229158,1.0,0.973829032652562,0.717948717948718,0.7668627023887316,1.0,1.0,1.0,1.0,1.0,HistGB,fleet,40000,20000,27.73,B_fleet_size,CTT_Traverse,FS-B,1,2,CIDv2_Prototype|ROAD_ORNL
123099,23756,0.19298288369523717,0.9127240420225979,0.8869582647269424,99363,0.031993395843505856,False,0.26304933490486615,1.0,0.0,0.9688802957534791,0.0,1.0,0.05857894093188211,0.6043956043956044,0.3034923400856749,0.53125,0.75,0.5,0.1,1.0,True,0.624600101027109,0.9994611343122727,8.05290760295139e-05,0.5676918029785156,9.0613911422315,1.0,0.7683747095511801,0.6098901098901099,0.5054817396355188,0.71875,0.875,1.0,0.3,1.0,True,0.7247011281360498,0.9943398405914289,0.0009864811813615453,0.37064287066459656,111.00204149233588,1.0,0.9216093921976275,0.6172161172161172,0.5868728672039497,0.8125,0.9375,1.0,0.5,1.0,True,0.7272689004882977,0.9941308475746591,0.0010267457193763024,0.36536726355552673,115.53273706345163,1.0,0.9245444539562186,0.6172161172161172,0.5895592826544689,0.8125,0.9375,1.0,0.5,1.0,True,0.7903687489476343,0.9434701773780212,0.011324401316650393,0.18569180369377136,1274.2581293763049,1.0,0.9622110798581387,0.6391941391941391,0.6751615479561461,0.96875,1.0,1.0,0.9,1.0,XGBoost,fleet,40000,20000,9.82,B_fleet_size,CTT_Traverse,FS-B,1,2,CIDv2_Prototype|ROAD_ORNL
123099,23756,0.19298288369523717,0.8622653459936616,0.8031717888984733,99363,0.031993395843505856,False,0.0,0.0,0.0,493475.3486994671,0.0,0.0,0.0,0.0,0.0,0.0,0.0,0.0,0.0,0.0,True,0.6021215692877588,0.9998601985181043,2.0132269007378476e-05,3542.6736532504606,2.265347785557875,0.0,0.9996331172801761,0.0,0.44507369491033183,0.4375,0.625,1.0,0.0,0.0,True,0.6021215692877588,0.9943000139024051,0.0008254230293025176,2434.8915365496073,92.87925920787289,0.0,0.9996331172801761,0.0,0.44507369491033183,0.4375,0.625,1.0,0.0,0.0,True,0.6021215692877588,0.9935403209001875,0.0009361505088430991,2367.7627231924353,105.3386720284412,0.0,0.9996331172801761,0.0,0.44507369491033183,0.4375,0.625,1.0,0.0,0.0,True,0.681680417578717,0.9481264637002342,0.008918595170268665,5.609091860374841,1003.5490690021387,0.9984126984126984,0.9996331172801761,0.0,0.4909605750381181,0.5625,0.75,1.0,0.0,1.0,Rule:Combined,fleet,40000,20000,0.32,B_fleet_size,CTT_Traverse,FS-B,1,2,CIDv2_Prototype|ROAD_ORNL
123099,23756,0.19298288369523717,0.9996040605739126,0.9994416417902046,99363,0.031993395843505856,False,0.731562552618286,1.0,0.0,0.9998340939976333,0.0,1.0,0.7716766540295952,0.6043956043956044,0.6882305960938068,0.65625,0.875,1.0,0.1,1.0,True,0.9157265532918,0.9999540335555045,1.0066134503689238e-05,0.9880684630707841,1.1326738927789375,1.0,0.9995108230402348,0.673992673992674,0.8678574021636535,0.96875,1.0,1.0,0.9,1.0,True,0.9972638491328506,0.9991986503584985,0.00019125655557009552,0.29019040467501,21.52080396279981,1.0,0.9998777057600587,0.9010989010989011,0.99927394177013,1.0,1.0,1.0,1.0,1.0,True,0.9976006061626537,0.9989041095890411,0.0002617194970959202,0.2354244938003754,29.449521212252375,1.0,0.9998777057600587,0.9084249084249084,0.999564365062078,1.0,1.0,1.0,1.0,1.0,True,0.9988634450244149,0.9630275974025974,0.009170248532860897,0.014022452530309131,1031.8659163216123,1.0,0.9998777057600587,0.9523809523809523,1.0,1.0,1.0,1.0,1.0,1.0,HistGB,fleet,40000,20000,14.66,B_fleet_size,CTT_Traverse,FS-B,0,2,CTT_Forester|CTT_Silverado
123099,23756,0.19298288369523717,0.9996955040922955,0.9995576991818442,99363,0.031993395843505856,False,0.6070887354773531,1.0,0.0,0.9999065399169923,0.0,1.0,0.6227222697810934,0.6007326007326007,0.5621142815653816,0.65625,0.875,1.0,0.1,1.0,True,0.9232193972049166,0.999954406601924,1.0066134503689238e-05,0.9932169318199158,1.1326738927789375,1.0,0.9993885288002935,0.6831501831501832,0.8804908153633921,0.96875,1.0,1.0,0.9,1.0,True,0.9978110793062805,0.9986518368722616,0.0003221163041180556,0.3161868453025818,36.245564568926,1.0,0.9998777057600587,0.9175824175824175,0.999564365062078,1.0,1.0,1.0,1.0,1.0,True,0.997979457821182,0.9985258813123868,0.0003523147076291233,0.2826821506023407,39.64358624726281,1.0,0.9998777057600587,0.9230769230769231,0.999636970885065,1.0,1.0,1.0,1.0,1.0,True,0.998989728910591,0.9639709167715992,0.008928661304772354,0.013961827382445335,1004.6817428949176,1.0,0.9998777057600587,0.9578754578754579,1.0,1.0,1.0,1.0,1.0,1.0,XGBoost,fleet,40000,20000,5.98,B_fleet_size,CTT_Traverse,FS-B,0,2,CTT_Forester|CTT_Silverado
123099,23756,0.19298288369523717,0.9993245855104711,0.9989116761220489,99363,0.031993395843505856,False,0.0,0.0,0.0,489866.02576679655,0.0,0.0,0.0,0.0,0.0,0.0,0.0,0.0,0.0,0.0,True,0.8578043441656844,0.9999509298787967,1.0066134503689238e-05,31250.0,1.1326738927789375,1.0,0.9737067384126208,0.6062271062271062,0.7859580338343135,0.625,0.8125,0.75,0.2,1.0,True,0.9982320255935343,0.9990731378496798,0.00022145495908116325,2913.5529819909425,24.91882564113663,1.0,0.9998777057600587,0.924908424908425,1.0,1.0,1.0,1.0,1.0,1.0,True,0.9982320255935343,0.9986103507811513,0.00033218243862174487,2766.6612837380117,37.37823846170494,1.0,0.9998777057600587,0.924908424908425,1.0,1.0,1.0,1.0,1.0,1.0,True,0.9982320255935343,0.9664982067166612,0.008274362562032555,6.424305432600484,931.0579398642867,1.0,0.9998777057600587,0.924908424908425,1.0,1.0,1.0,1.0,1.0,1.0,Rule:Combined,fleet,40000,20000,0.33,B_fleet_size,CTT_Traverse,FS-B,0,2,CTT_Forester|CTT_Silverado
123099,23756,0.19298288369523717,0.9996355214815387,0.9994797282346994,99363,0.031993395843505856,False,0.8671072571139923,1.0,0.0,0.9991082036612992,0.0,1.0,0.9962088785618197,0.6098901098901099,0.7884992376388587,0.78125,1.0,1.0,0.3,1.0,True,0.9401835325812427,1.0,0.0,0.9893890118862252,0.0,1.0,0.9997554115201174,0.6868131868131868,0.9093879329122195,1.0,1.0,1.0,1.0,1.0,True,0.9978110793062805,0.9991148577449948,0.000211388824577474,0.3611151204335588,23.786151748357685,1.0,0.9998777057600587,0.9212454212454212,0.999419153416104,1.0,1.0,1.0,1.0,1.0,True,0.9980215524499074,0.9987783301036313,0.0002919179006069879,0.3087280625569752,32.84754289058919,1.0,0.9998777057600587,0.9230769230769231,0.9997095767080519,1.0,1.0,1.0,1.0,1.0,True,0.9989055396531402,0.9654975994792091,0.008536082059128473,0.02187518251205434,960.5074610765389,1.0,0.9998777057600587,0.9542124542124543,1.0,1.0,1.0,1.0,1.0,1.0,HistGB,fleet,40000,20000,20.07,B_fleet_size,CTT_Traverse,FS-B,1,2,CTT_Forester|CTT_Silverado
123099,23756,0.19298288369523717,0.9995937889302646,0.9994237856011994,99363,0.031993395843505856,False,0.8055649099174945,1.0,0.0,0.9994682669639589,0.0,1.0,0.9505931270637153,0.6098901098901099,0.7094314964060118,0.78125,1.0,1.0,0.3,1.0,True,0.9168210136386598,1.0,0.0,0.9950674772262573,0.0,1.0,0.9990216460804696,0.6886446886446886,0.8694547302693676,0.96875,1.0,1.0,0.9,1.0,True,0.9982741202222596,0.9987786388140162,0.0002919179006069879,0.20914773643016815,32.84754289058919,1.0,0.9998777057600587,0.9304029304029304,0.999854788354026,1.0,1.0,1.0,1.0,1.0,True,0.998316214850985,0.998610467809171,0.00033218243862174487,0.17212048172950745,37.37823846170494,1.0,0.9998777057600587,0.9322344322344323,0.999854788354026,1.0,1.0,1.0,1.0,1.0,True,0.9989055396531402,0.9622090665801638,0.00938163735743837,0.024333303794264793,1055.6520680699698,1.0,0.9998777057600587,0.9542124542124543,1.0,1.0,1.0,1.0,1.0,1.0,XGBoost,fleet,40000,20000,8.38,B_fleet_size,CTT_Traverse,FS-B,1,2,CTT_Forester|CTT_Silverado
123099,23756,0.19298288369523717,0.9993174261651026,0.9989041256841992,99363,0.031993395843505856,False,0.0,0.0,0.0,498072.00727727823,0.0,0.0,0.0,0.0,0.0,0.0,0.0,0.0,0.0,0.0,True,0.8578043441656844,0.9999509298787967,1.0066134503689238e-05,31250.0,1.1326738927789375,1.0,0.9737067384126208,0.6062271062271062,0.7859580338343135,0.625,0.8125,0.75,0.2,1.0,True,0.9982320255935343,0.9990731378496798,0.00022145495908116325,2962.3564026533445,24.91882564113663,1.0,0.9998777057600587,0.924908424908425,1.0,1.0,1.0,1.0,1.0,1.0,True,0.9982320255935343,0.9986103507811513,0.00033218243862174487,2813.004050881893,37.37823846170494,1.0,0.9998777057600587,0.924908424908425,1.0,1.0,1.0,1.0,1.0,1.0,True,0.9982320255935343,0.9655144334514068,0.008526015924624784,6.410815366181501,959.3747871837601,1.0,0.9998777057600587,0.924908424908425,1.0,1.0,1.0,1.0,1.0,1.0,Rule:Combined,fleet,40000,20000,0.32,B_fleet_size,CTT_Traverse,FS-B,1,2,CTT_Forester|CTT_Silverado
123099,23756,0.19298288369523717,0.9984748446052987,0.9946750281590145,99363,0.031993395843505856,False,0.739434248189931,1.0,0.0,0.9984088874742082,0.0,1.0,0.9929069340834047,0.5860805860805861,0.571190009438757,0.65625,0.875,1.0,0.1,1.0,True,0.7661222428018185,1.0,0.0,0.996261230717767,0.0,1.0,0.9971872324813501,0.6025641025641025,0.6140274450010891,0.65625,0.875,1.0,0.1,1.0,True,0.7955463882808553,0.9948412907301153,0.0009864811813615453,0.9909252864783512,111.00204149233588,1.0,0.998777057600587,0.6043956043956044,0.6637624337471866,0.6875,0.9375,1.0,0.1,1.0,True,0.7983667284054554,0.9945985631129057,0.0010368118538799916,0.9903802394133171,116.66541095623057,1.0,0.998777057600587,0.6043956043956044,0.6686270238873158,0.6875,0.9375,1.0,0.1,1.0,True,0.9976427007913791,0.9660457343170423,0.008385090041573135,0.00644390420577355,943.5173526848549,1.0,0.9998777057600587,0.8992673992673993,1.0,1.0,1.0,1.0,1.0,1.0,HistGB,fleet,40000,20000,22.44,B_fleet_size,CTT_Traverse,FS-B,0,3,CIDv2_OpelAstra|CIDv2_Prototype|CTT_Silverado
123099,23756,0.19298288369523717,0.9990814332349086,0.997328895785816,99363,0.031993395843505856,False,0.5987960936184543,1.0,0.0,0.9992094039916993,0.0,1.0,0.7704537116301822,0.5366300366300366,0.4626443040731867,0.65625,0.875,1.0,0.1,1.0,True,0.8296009429196834,1.0,0.0,0.9852167367935181,0.0,1.0,0.9948636419224655,0.6062271062271062,0.7247513250562695,0.75,1.0,1.0,0.2,1.0,True,0.8807880114497391,0.9993313592511224,0.00014092588305164932,0.9474349617958069,15.857434498905123,1.0,0.9988993518405284,0.6172161172161172,0.8102083787119727,0.875,1.0,1.0,0.6,1.0,True,0.8836925408317898,0.9990482082520344,0.00020132269007378477,0.9410344362258911,22.65347785557875,1.0,0.9991439403204109,0.6208791208791209,0.814927757206128,0.875,1.0,1.0,0.6,1.0,True,0.9978531739350059,0.9614292667099286,0.009572893913008466,0.001148893847130239,1077.1728720327699,1.0,0.9998777057600587,0.9084249084249084,1.0,1.0,1.0,1.0,1.0,1.0,XGBoost,fleet,40000,20000,8.17,B_fleet_size,CTT_Traverse,FS-B,0,3,CIDv2_OpelAstra|CIDv2_Prototype|CTT_Silverado
123099,23756,0.19298288369523717,0.9990883408845415,0.9988445261236066,99363,0.031993395843505856,False,0.0,0.0,0.0,485410.2480753699,0.0,0.0,0.0,0.0,0.0,0.0,0.0,0.0,0.0,0.0,True,0.8578043441656844,0.9999509298787967,1.0066134503689238e-05,31250.0,1.1326738927789375,1.0,0.9737067384126208,0.6062271062271062,0.7859580338343135,0.625,0.8125,0.75,0.2,1.0,True,0.9982320255935343,0.9990731378496798,0.00022145495908116325,2886.982928669636,24.91882564113663,1.0,0.9998777057600587,0.924908424908425,1.0,1.0,1.0,1.0,1.0,1.0,True,0.9982320255935343,0.9986103507811513,0.00033218243862174487,2741.4273333313045,37.37823846170494,1.0,0.9998777057600587,0.924908424908425,1.0,1.0,1.0,1.0,1.0,1.0,True,0.9982320255935343,0.9576384121471551,0.010559375094370011,4.968045176754967,1188.1749135251055,1.0,0.9998777057600587,0.924908424908425,1.0,1.0,1.0,1.0,1.0,1.0,Rule:Combined,fleet,40000,20000,0.32,B_fleet_size,CTT_Traverse,FS-B,0,3,CIDv2_OpelAstra|CIDv2_Prototype|CTT_Silverado
123099,23756,0.19298288369523717,0.9982053288963515,0.993284407052047,99363,0.031993395843505856,False,0.6988971207273952,1.0,0.0,0.9985082619579488,0.0,0.9992063492063492,0.9935184052831112,0.5091575091575091,0.5040296231757787,0.65625,0.875,1.0,0.1,1.0,True,0.715398215187742,1.0,0.0,0.9977171076734442,0.0,1.0,0.9952305246422893,0.5659340659340659,0.529151237929282,0.65625,0.875,1.0,0.1,1.0,True,0.7352247853173935,0.9991990846681922,0.00014092588305164932,0.9964964604787617,15.857434498905123,1.0,0.9964534670417023,0.5860805860805861,0.5618238582734335,0.65625,0.875,1.0,0.1,1.0,True,0.7365718134366055,0.9989723681205754,0.0001811904210664063,0.9964325185588776,20.38813007002088,1.0,0.9965757612816436,0.5879120879120879,0.5640020329630436,0.65625,0.875,1.0,0.1,1.0,True,0.9981899309648089,0.9601571041017127,0.00990507635163021,0.0016422781634875953,1114.5511104944744,1.0,0.9998777057600587,0.9230769230769231,1.0,1.0,1.0,1.0,1.0,1.0,HistGB,fleet,40000,20000,16.03,B_fleet_size,CTT_Traverse,FS-B,1,3,CIDv2_OpelAstra|CIDv2_Prototype|CTT_Silverado
123099,23756,0.19298288369523717,0.9987053595515364,0.9956598566076952,99363,0.031993395843505856,False,0.5612476847954201,1.0,0.0,0.9993230104446412,0.0,0.9984126984126984,0.7570013452366393,0.4542124542124542,0.40927902417773904,0.65625,0.875,1.0,0.1,1.0,True,0.8119632934837515,1.0,0.0,0.9682470560073853,0.0,1.0,0.997554115201174,0.6043956043956044,0.6928047629419879,0.6875,0.875,1.0,0.2,1.0,True,0.8523320424313857,0.9985698081570252,0.0002919179006069879,0.926085352897644,32.84754289058919,1.0,0.9990216460804696,0.608058608058608,0.7614172656647064,0.75,0.9375,1.0,0.3,1.0,True,0.8571729247348039,0.9981862745098039,0.00037244697663650183,0.9155325293540955,41.90893403282069,1.0,0.9990216460804696,0.608058608058608,0.7697669353082117,0.78125,1.0,1.0,0.3,1.0,True,0.9977689846775551,0.9619724025974026,0.009431968029956815,0.0010071673896163702,1061.3154375338645,1.0,0.9998777057600587,0.9047619047619048,1.0,1.0,1.0,1.0,1.0,1.0,XGBoost,fleet,40000,20000,8.22,B_fleet_size,CTT_Traverse,FS-B,1,3,CIDv2_OpelAstra|CIDv2_Prototype|CTT_Silverado
123099,23756,0.19298288369523717,0.9990728459187843,0.9988444746603137,99363,0.031993395843505856,False,0.0,0.0,0.0,494840.2334176446,0.0,0.0,0.0,0.0,0.0,0.0,0.0,0.0,0.0,0.0,True,0.8578043441656844,0.9999509298787967,1.0066134503689238e-05,31250.0,1.1326738927789375,1.0,0.9737067384126208,0.6062271062271062,0.7859580338343135,0.625,0.8125,0.75,0.2,1.0,True,0.9982320255935343,0.9990731378496798,0.00022145495908116325,2943.075382792334,24.91882564113663,1.0,0.9998777057600587,0.924908424908425,1.0,1.0,1.0,1.0,1.0,1.0,True,0.9982320255935343,0.9986103507811513,0.00033218243862174487,2794.692102756432,37.37823846170494,1.0,0.9998777057600587,0.924908424908425,1.0,1.0,1.0,1.0,1.0,1.0,True,0.9982320255935343,0.9576384121471551,0.010559375094370011,5.072215128121158,1188.1749135251055,1.0,0.9998777057600587,0.924908424908425,1.0,1.0,1.0,1.0,1.0,1.0,Rule:Combined,fleet,40000,20000,0.3,B_fleet_size,CTT_Traverse,FS-B,1,3,CIDv2_OpelAstra|CIDv2_Prototype|CTT_Silverado
123099,23756,0.19298288369523717,0.9571084568128178,0.9178889978673367,99363,0.031993395843505856,False,0.2372032328674861,0.9998225691980128,1.0066134503689238e-05,0.99556867745622,1.1326738927789375,1.0,0.022257551669316374,0.5989010989010989,0.28069411166775576,0.5625,0.6875,1.0,0.1,1.0,True,0.24027614076443846,0.999474697951322,3.0198403511067714e-05,0.9940416913939665,3.3980216783368125,1.0,0.02470343646814235,0.6025641025641025,0.28439700864009293,0.59375,0.75,1.0,0.1,1.0,True,0.2605236571813437,0.991985895175509,0.0005033067251844619,0.9788245135672643,56.63369463894687,1.0,0.05454323101381925,0.6043956043956044,0.30153198286502575,0.59375,0.75,1.0,0.1,1.0,True,0.26384913285064826,0.9908314890926335,0.0005838358012139758,0.9761043909375101,65.69508578117838,1.0,0.060780237250825486,0.6043956043956044,0.3035649459086619,0.59375,0.75,1.0,0.1,1.0,True,0.8078380198686648,0.9424909144484824,0.011787443503820098,0.0346728184775048,1326.3611284441358,1.0,0.9982878806408219,0.6501831501831502,0.6834386117766645,0.9375,1.0,1.0,0.8,1.0,HistGB,fleet,40000,20000,25.0,B_fleet_size,CTT_Traverse,FS-B,0,3,CIDv2_OpelAstra|CIDv2_RenaultClio|ROAD_ORNL
123099,23756,0.19298288369523717,0.97871633571443,0.9423099925330131,99363,0.031993395843505856,False,0.24490654992422967,1.0,0.0,0.9893381595611573,0.0,1.0,0.03460926990338755,0.6043956043956044,0.286429971683729,0.5,0.6875,0.5,0.1,1.0,True,0.25492507156086885,0.9995048687902294,3.0198403511067714e-05,0.9822185635566711,3.3980216783368125,1.0,0.05356487709428886,0.6043956043956044,0.29245625499165034,0.5,0.6875,0.5,0.1,1.0,True,0.30720660043778414,0.9933306111337961,0.0004932405906807727,0.9320228099822998,55.50102074616794,1.0,0.17255717255717257,0.6043956043956044,0.3119872213751543,0.625,0.8125,1.0,0.1,1.0,True,0.31356288937531573,0.9924060751398881,0.0005737696667102866,0.9238167405128479,64.56241188839944,1.0,0.1869878928702458,0.6043956043956044,0.3143832135337254,0.625,0.8125,1.0,0.1,1.0,True,0.8511954874558006,0.9492981550161964,0.010871425263984377,0.01696726307272911,1223.2878042012524,1.0,0.9992662345603522,0.6318681318681318,0.7583678210992522,0.84375,0.9375,1.0,0.6,1.0,XGBoost,fleet,40000,20000,8.13,B_fleet_size,CTT_Traverse,FS-B,0,3,CIDv2_OpelAstra|CIDv2_RenaultClio|ROAD_ORNL
123099,23756,0.19298288369523717,0.8628468398380899,0.8079121018771351,99363,0.031993395843505856,False,0.0,0.0,0.0,638584.4142049615,0.0,0.0,0.0,0.0,0.0,0.0,0.0,0.0,0.0,0.0,True,0.6021215692877588,0.9996505695715983,5.033067251844619e-05,4020.505942637198,5.663369463894687,0.0,0.9996331172801761,0.0,0.44507369491033183,0.4375,0.625,1.0,0.0,0.0,True,0.6021215692877588,0.994161801501251,0.000845555298309896,3127.551042323021,95.14460699343074,0.0,0.9996331172801761,0.0,0.44507369491033183,0.4375,0.625,1.0,0.0,0.0,True,0.6021215692877588,0.9933333333333333,0.0009663489123541668,3039.9526263467897,108.736693706778,0.0,0.9996331172801761,0.0,0.44507369491033183,0.4375,0.625,1.0,0.0,0.0,True,0.6796177807711736,0.9361048298254769,0.011092880223065541,6.098300767222836,1248.2066298423892,0.9984126984126984,0.9996331172801761,0.005494505494505495,0.4871850722427939,0.625,0.75,1.0,0.2,1.0,Rule:Combined,fleet,40000,20000,0.29,B_fleet_size,CTT_Traverse,FS-B,0,3,CIDv2_OpelAstra|CIDv2_RenaultClio|ROAD_ORNL
123099,23756,0.19298288369523717,0.9417693635974342,0.9026852950510049,99363,0.031993395843505856,False,0.22049166526351238,1.0,0.0,0.9965484196281491,0.0,0.9992063492063492,0.0199339611104317,0.554945054945055,0.2550642561533435,0.46875,0.625,0.5,0.1,1.0,True,0.2342145142279845,0.9998203054806828,1.0066134503689238e-05,0.9930787504315204,1.1326738927789375,1.0,0.034364681423504954,0.5842490842490843,0.2689319683438612,0.5625,0.6875,1.0,0.1,1.0,True,0.28855867991244316,0.9924714058201825,0.0005234389941918404,0.9689260866670393,58.89904242450475,1.0,0.0999143940320411,0.6043956043956044,0.3229507006461918,0.59375,0.75,1.0,0.1,1.0,True,0.2968092271426166,0.9914229471316085,0.0006140342047250435,0.9644455877553382,69.0931074595152,1.0,0.11214381802617096,0.6043956043956044,0.32992085965294415,0.59375,0.75,1.0,0.1,1.0,True,0.8023236235056407,0.9459996029382569,0.010951954340013892,0.033447707811982585,1232.349195343484,1.0,0.9977987036810566,0.6263736263736264,0.6751615479561461,0.875,1.0,1.0,0.6,1.0,HistGB,fleet,40000,20000,21.35,B_fleet_size,CTT_Traverse,FS-B,1,3,CIDv2_OpelAstra|CIDv2_RenaultClio|ROAD_ORNL
123099,23756,0.19298288369523717,0.9631881620098908,0.9105355088798066,99363,0.031993395843505856,False,0.2314362687321098,0.999818148754319,1.0066134503689238e-05,0.9876213669776918,1.1326738927789375,1.0,0.01491989727283845,0.5860805860805861,0.27561170405866553,0.53125,0.75,0.5,0.1,1.0,True,0.2397289105910086,0.9992981224776276,4.026453801475695e-05,0.9764775633811951,4.53069557111575,1.0,0.024336553748318453,0.6043956043956044,0.2835983445872359,0.5625,0.75,0.75,0.1,1.0,True,0.2705842734467082,0.9858895705521472,0.0009260843743394099,0.9144624471664429,104.20599813566226,1.0,0.07570013452366393,0.6043956043956044,0.30632396718216803,0.59375,0.75,1.0,0.1,1.0,True,0.2747516416905203,0.9850588590401449,0.0009965473158652345,0.9070348143577576,112.13471538511482,1.0,0.08438302555949614,0.6043956043956044,0.3083569302258041,0.59375,0.75,1.0,0.1,1.0,True,0.7766879946118875,0.9428206438426162,0.011264004509628257,0.036752261221408844,1267.462086019631,1.0,0.9988993518405284,0.608058608058608,0.6310172075800479,0.71875,0.9375,1.0,0.2,1.0,XGBoost,fleet,40000,20000,8.12,B_fleet_size,CTT_Traverse,FS-B,1,3,CIDv2_OpelAstra|CIDv2_RenaultClio|ROAD_ORNL
123099,23756,0.19298288369523717,0.8632939478631555,0.8084379595822919,99363,0.031993395843505856,False,0.0,0.0,0.0,627903.6696587688,0.0,0.0,0.0,0.0,0.0,0.0,0.0,0.0,0.0,0.0,True,0.6021215692877588,0.9996505695715983,5.033067251844619e-05,3953.262167620944,5.663369463894687,0.0,0.9996331172801761,0.0,0.44507369491033183,0.4375,0.625,1.0,0.0,0.0,True,0.6021215692877588,0.994161801501251,0.000845555298309896,3075.242525620895,95.14460699343074,0.0,0.9996331172801761,0.0,0.44507369491033183,0.4375,0.625,1.0,0.0,0.0,True,0.6021215692877588,0.9933333333333333,0.0009663489123541668,2989.1090675400897,108.736693706778,0.0,0.9996331172801761,0.0,0.44507369491033183,0.4375,0.625,1.0,0.0,0.0,True,0.6825223101532244,0.9363594363594364,0.011092880223065541,5.998002083817273,1248.2066298423892,0.9984126984126984,0.9996331172801761,0.005494505494505495,0.4921948740288971,0.625,0.75,1.0,0.2,1.0,Rule:Combined,fleet,40000,20000,0.28,B_fleet_size,CTT_Traverse,FS-B,1,3,CIDv2_OpelAstra|CIDv2_RenaultClio|ROAD_ORNL
123099,23756,0.19298288369523717,0.9995464095385519,0.9993371055179148,99363,0.031993395843505856,False,0.7635123758208453,1.0,0.0,0.9995882799152479,0.0,1.0,0.9715054420936774,0.6153846153846154,0.6242648660422566,0.84375,1.0,1.0,0.5,1.0,True,0.9716282202390975,1.0,0.0,0.9826369789925735,0.0,1.0,0.9995108230402348,0.6904761904761905,0.9636244826835112,1.0,1.0,1.0,1.0,1.0,True,0.9961693887859909,0.9973869431449404,0.0006241003392287328,0.18228109528888756,70.22578135229413,1.0,0.9998777057600587,0.8351648351648352,1.0,1.0,1.0,1.0,1.0,1.0,True,0.9962535780434416,0.9972610820832631,0.0006542987427398005,0.16991388539011384,73.62380303063094,1.0,0.9998777057600587,0.8388278388278388,1.0,1.0,1.0,1.0,1.0,1.0,True,0.9983583094797104,0.9579916791210566,0.010468779883836809,0.0025788548935372314,1177.980848490095,1.0,0.9998777057600587,0.9304029304029304,1.0,1.0,1.0,1.0,1.0,1.0,HistGB,fleet,40000,20000,14.19,B_fleet_size,CTT_Traverse,FS-B,0,3,CIDv2_OpelAstra|CTT_Impala|CTT_Silverado
123099,23756,0.19298288369523717,0.9996019834484988,0.9994049256922058,99363,0.031993395843505856,False,0.7308048493012291,1.0,0.0,0.9997102618217469,0.0,1.0,0.802739390974685,0.6117216117216118,0.6681913889493938,0.875,1.0,1.0,0.6,1.0,True,0.9175787169557165,1.0,0.0,0.9981993436813354,0.0,1.0,0.9865476336064571,0.6611721611721612,0.879256516372613,0.96875,1.0,1.0,0.9,1.0,True,0.9954537800976595,0.99945057267233,0.0001308597485479601,0.6491032242774963,14.724760606126187,1.0,0.9998777057600587,0.8131868131868132,0.999636970885065,1.0,1.0,1.0,1.0,1.0,True,0.9956221586125611,0.9991551199729638,0.00020132269007378477,0.6190308332443237,22.65347785557875,1.0,0.9998777057600587,0.8186813186813187,0.9997095767080519,1.0,1.0,1.0,1.0,1.0,True,0.9984845933658865,0.9582289730952573,0.010408383076814673,0.0018247804837301373,1171.1848051334214,1.0,0.9998777057600587,0.9358974358974359,1.0,1.0,1.0,1.0,1.0,1.0,XGBoost,fleet,40000,20000,5.84,B_fleet_size,CTT_Traverse,FS-B,0,3,CIDv2_OpelAstra|CTT_Impala|CTT_Silverado
123099,23756,0.19298288369523717,0.9994357049404418,0.9990564748386725,99363,0.031993395843505856,False,0.00046304091597912107,1.0,0.0,458042.43348503014,0.0,0.00873015873015873,0.0,0.0,0.0,0.0625,0.0,0.0,0.0,1.0,True,0.8578043441656844,0.9999509298787967,1.0066134503689238e-05,31250.0,1.1326738927789375,1.0,0.9737067384126208,0.6062271062271062,0.7859580338343135,0.625,0.8125,0.75,0.2,1.0,True,0.9982320255935343,0.9990731378496798,0.00022145495908116325,2724.229653708476,24.91882564113663,1.0,0.9998777057600587,0.924908424908425,1.0,1.0,1.0,1.0,1.0,1.0,True,0.9982320255935343,0.9986103507811513,0.00033218243862174487,2586.880598222981,37.37823846170494,1.0,0.9998777057600587,0.924908424908425,1.0,1.0,1.0,1.0,1.0,1.0,True,0.9982320255935343,0.958993853121967,0.010207060386740888,4.8055362779731645,1148.5313272778428,1.0,0.9998777057600587,0.924908424908425,1.0,1.0,1.0,1.0,1.0,1.0,Rule:Combined,fleet,40000,20000,0.3,B_fleet_size,CTT_Traverse,FS-B,0,3,CIDv2_OpelAstra|CTT_Impala|CTT_Silverado
123099,23756,0.19298288369523717,0.9995101327253987,0.9993625875058497,99363,0.031993395843505856,False,0.7565667620811585,1.0,0.0,0.9990350236490076,0.0,1.0,0.9892381068851657,0.6117216117216118,0.6019022725622595,0.8125,1.0,1.0,0.4,1.0,True,0.9386260313184037,1.0,0.0,0.9734402446231241,0.0,1.0,0.9996331172801761,0.6721611721611722,0.9073549698685834,0.96875,1.0,1.0,0.9,1.0,True,0.9959168210136387,0.9963362250484292,0.0008757537018209637,0.19510478155938088,98.54262867176756,1.0,0.9998777057600587,0.826007326007326,0.999927394177013,1.0,1.0,1.0,1.0,1.0,True,0.9960431048998147,0.9957077933007911,0.0010267457193763024,0.160869051469788,115.53273706345163,1.0,0.9998777057600587,0.8315018315018315,0.999927394177013,1.0,1.0,1.0,1.0,1.0,True,0.9986950665095133,0.9603319166160696,0.009864811813615454,0.002934117838558421,1110.0204149233587,1.0,0.9998777057600587,0.945054945054945,1.0,1.0,1.0,1.0,1.0,1.0,HistGB,fleet,40000,20000,12.22,B_fleet_size,CTT_Traverse,FS-B,1,3,CIDv2_OpelAstra|CTT_Impala|CTT_Silverado
123099,23756,0.19298288369523717,0.9995069928846564,0.9993536288142683,99363,0.031993395843505856,False,0.7418336420272773,1.0,0.0,0.9987548589706422,0.0,1.0,0.9114589702824997,0.6117216117216118,0.6226675379365425,0.84375,1.0,1.0,0.5,1.0,True,0.9430459673345681,1.0,0.0,0.9723323583602905,0.0,1.0,0.9992662345603522,0.6868131868131868,0.9146155521672839,1.0,1.0,1.0,1.0,1.0,True,0.9965061458157939,0.9989450586547388,0.00025165336259223094,0.060058679431676865,28.316847319473435,1.0,0.9998777057600587,0.8498168498168498,1.0,1.0,1.0,1.0,1.0,1.0,True,0.9966745243306954,0.9980188838307199,0.0004731083216733942,0.04608188942074776,53.23567296061007,1.0,0.9998777057600587,0.8571428571428571,1.0,1.0,1.0,1.0,1.0,1.0,True,0.9985266879946119,0.9585791643093833,0.010317787866281469,0.0009291892638429999,1160.990740098411,1.0,0.9998777057600587,0.9377289377289377,1.0,1.0,1.0,1.0,1.0,1.0,XGBoost,fleet,40000,20000,7.42,B_fleet_size,CTT_Traverse,FS-B,1,3,CIDv2_OpelAstra|CTT_Impala|CTT_Silverado
123099,23756,0.19298288369523717,0.9994368146898215,0.9990561412066945,99363,0.031993395843505856,False,0.00046304091597912107,1.0,0.0,460658.1954371837,0.0,0.00873015873015873,0.0,0.0,0.0,0.0625,0.0,0.0,0.0,1.0,True,0.8578043441656844,0.9999509298787967,1.0066134503689238e-05,31250.0,1.1326738927789375,1.0,0.9737067384126208,0.6062271062271062,0.7859580338343135,0.625,0.8125,0.75,0.2,1.0,True,0.9982320255935343,0.9990731378496798,0.00022145495908116325,2739.7872940464704,24.91882564113663,1.0,0.9998777057600587,0.924908424908425,1.0,1.0,1.0,1.0,1.0,1.0,True,0.9982320255935343,0.9986103507811513,0.00033218243862174487,2601.6538736042844,37.37823846170494,1.0,0.9998777057600587,0.924908424908425,1.0,1.0,1.0,1.0,1.0,1.0,True,0.9982320255935343,0.9600421035585603,0.009935274755141279,4.911969958885539,1117.9491321728115,1.0,0.9998777057600587,0.924908424908425,1.0,1.0,1.0,1.0,1.0,1.0,Rule:Combined,fleet,40000,20000,0.29,B_fleet_size,CTT_Traverse,FS-B,1,3,CIDv2_OpelAstra|CTT_Impala|CTT_Silverado
123099,23756,0.19298288369523717,0.9996987553740788,0.9995100050453691,99363,0.031993395843505856,False,0.7243643711062469,1.0,0.0,0.9935800140572341,0.0,1.0,0.9958419958419958,0.6043956043956044,0.5427285268278516,0.65625,0.875,1.0,0.1,1.0,True,0.9179154739855194,0.9999541431650387,1.0066134503689238e-05,0.68618911597781,1.1326738927789375,1.0,0.9997554115201174,0.6813186813186813,0.8711972700210557,0.96875,1.0,1.0,0.9,1.0,True,0.9930543862603132,0.9991952562473528,0.00019125655557009552,0.14866958577547051,21.52080396279981,1.0,0.9997554115201174,0.836996336996337,0.9946271690989618,1.0,1.0,1.0,1.0,1.0,True,0.9941067519784476,0.9990692952026398,0.00022145495908116325,0.12819196810496922,24.91882564113663,1.0,0.9997554115201174,0.8443223443223443,0.9961518913816888,1.0,1.0,1.0,1.0,1.0,True,0.9984845933658865,0.978225008248103,0.005314919017947918,0.010198858018726232,598.051815387279,1.0,0.9998777057600587,0.9358974358974359,1.0,1.0,1.0,1.0,1.0,1.0,HistGB,fleet,40000,20000,27.59,B_fleet_size,CTT_Traverse,FS-B,0,3,CIDv2_Prototype|CTT_Silverado|ROAD_ORNL
123099,23756,0.19298288369523717,0.9995919821447147,0.9993697310628128,99363,0.031993395843505856,False,0.6965398215187742,1.0,0.0,0.9943141341209413,0.0,1.0,0.9622110798581387,0.6043956043956044,0.5147026791548682,0.65625,0.875,1.0,0.1,1.0,True,0.9162737834652298,0.9999081262345537,2.0132269007378476e-05,0.7086546421051025,2.265347785557875,1.0,0.9997554115201174,0.7124542124542125,0.8671313439337834,1.0,1.0,1.0,1.0,1.0,True,0.9937279003199192,0.9991535108138994,0.00020132269007378477,0.11980897933244705,22.65347785557875,1.0,0.9998777057600587,0.8516483516483516,0.9951354098598708,1.0,1.0,1.0,1.0,1.0,True,0.9944014143795252,0.9989850721021694,0.0002415872280885417,0.10944128781557083,27.1841734266945,1.0,0.9998777057600587,0.8534798534798534,0.9962244972046758,1.0,1.0,1.0,1.0,1.0,True,0.9980215524499074,0.9785381154814479,0.005234389941918404,0.016079682856798172,588.9904242450475,1.0,0.9998777057600587,0.9157509157509157,1.0,1.0,1.0,1.0,1.0,1.0,XGBoost,fleet,40000,20000,13.94,B_fleet_size,CTT_Traverse,FS-B,0,3,CIDv2_Prototype|CTT_Silverado|ROAD_ORNL
123099,23756,0.19298288369523717,0.8604858259987176,0.8035230524670719,99363,0.031993395843505856,False,0.0,0.0,0.0,480643.9937346384,0.0,0.0,0.0,0.0,0.0,0.0,0.0,0.0,0.0,0.0,True,0.6021215692877588,0.9996505695715983,5.033067251844619e-05,3026.1037368328907,5.663369463894687,0.0,0.9996331172801761,0.0,0.44507369491033183,0.4375,0.625,1.0,0.0,0.0,True,0.6021215692877588,0.994161801501251,0.000845555298309896,2354.0023951282074,95.14460699343074,0.0,0.9996331172801761,0.0,0.44507369491033183,0.4375,0.625,1.0,0.0,0.0,True,0.6021215692877588,0.9933333333333333,0.0009663489123541668,2288.0695995434407,108.736693706778,0.0,0.9996331172801761,0.0,0.44507369491033183,0.4375,0.625,1.0,0.0,0.0,True,0.6967082000336757,0.9425398633257404,0.010156729714222441,4.970455684775735,1142.867957813948,1.0,0.9996331172801761,0.6043956043956044,0.4927757206127931,0.625,0.75,1.0,0.2,1.0,Rule:Combined,fleet,40000,20000,0.34,B_fleet_size,CTT_Traverse,FS-B,0,3,CIDv2_Prototype|CTT_Silverado|ROAD_ORNL
123099,23756,0.19298288369523717,0.9996002177647776,0.999452851923988,99363,0.031993395843505856,False,0.8225290452938205,1.0,0.0,0.9834566156207978,0.0,1.0,0.9992662345603522,0.608058608058608,0.7098671313439338,0.78125,1.0,1.0,0.3,1.0,True,0.900446203064489,1.0,0.0,0.9270072402102446,0.0,1.0,0.9995108230402348,0.6575091575091575,0.8421549408262543,0.96875,1.0,1.0,0.9,1.0,True,0.9972638491328506,0.998861624082975,0.00027178563159960945,0.09348823685933591,30.582195105031314,1.0,0.9998777057600587,0.8901098901098901,0.9997095767080519,1.0,1.0,1.0,1.0,1.0,True,0.9973901330190268,0.9987354577642893,0.00030198403511067716,0.07999168074495153,33.98021678336813,1.0,0.9998777057600587,0.8901098901098901,0.999927394177013,1.0,1.0,1.0,1.0,1.0,True,0.9986950665095133,0.9694357046541086,0.00752946860875955,0.01030400554863402,847.2400717986452,1.0,0.9998777057600587,0.945054945054945,1.0,1.0,1.0,1.0,1.0,1.0,HistGB,fleet,40000,20000,30.95,B_fleet_size,CTT_Traverse,FS-B,1,3,CIDv2_Prototype|CTT_Silverado|ROAD_ORNL
123099,23756,0.19298288369523717,0.9995912702779877,0.9994265966897842,99363,0.031993395843505856,False,0.7188920693719482,1.0,0.0,0.9931291937828065,0.0,1.0,0.9403204109086462,0.6043956043956044,0.5662528134756407,0.71875,1.0,1.0,0.1,1.0,True,0.9188415558174777,1.0,0.0,0.9080419540405273,0.0,1.0,0.9993885288002935,0.6941391941391941,0.8725041748348218,0.96875,1.0,1.0,0.9,1.0,True,0.9974322276477522,0.9988197108291531,0.00028185176610329865,0.07607542723417282,31.714868997810246,1.0,0.9998777057600587,0.8956043956043956,0.999782182531039,1.0,1.0,1.0,1.0,1.0,True,0.9976006061626537,0.9985253223224066,0.0003523147076291233,0.0584435872733593,39.64358624726281,1.0,0.9998777057600587,0.8992673992673993,0.999927394177013,1.0,1.0,1.0,1.0,1.0,True,0.9985687826233373,0.9695111982998201,0.007509336339752172,0.008286945521831512,844.9747240130873,1.0,0.9998777057600587,0.9395604395604396,1.0,1.0,1.0,1.0,1.0,1.0,XGBoost,fleet,40000,20000,11.55,B_fleet_size,CTT_Traverse,FS-B,1,3,CIDv2_Prototype|CTT_Silverado|ROAD_ORNL
123099,23756,0.19298288369523717,0.8601120542296276,0.8032224508370149,99363,0.031993395843505856,False,0.0,0.0,0.0,470121.8883395863,0.0,0.0,0.0,0.0,0.0,0.0,0.0,0.0,0.0,0.0,True,0.6021215692877588,0.9996505695715983,5.033067251844619e-05,2959.8550412691607,5.663369463894687,0.0,0.9996331172801761,0.0,0.44507369491033183,0.4375,0.625,1.0,0.0,0.0,True,0.6021215692877588,0.994161801501251,0.000845555298309896,2302.467128309572,95.14460699343074,0.0,0.9996331172801761,0.0,0.44507369491033183,0.4375,0.625,1.0,0.0,0.0,True,0.6021215692877588,0.9933333333333333,0.0009663489123541668,2237.977438096259,108.736693706778,0.0,0.9996331172801761,0.0,0.44507369491033183,0.4375,0.625,1.0,0.0,0.0,True,0.6966240107762249,0.9442542508273423,0.009834613410104385,4.969152395799963,1106.622393245022,1.0,0.9996331172801761,0.6043956043956044,0.49263050896681915,0.625,0.75,1.0,0.2,1.0,Rule:Combined,fleet,40000,20000,0.37,B_fleet_size,CTT_Traverse,FS-B,1,3,CIDv2_Prototype|CTT_Silverado|ROAD_ORNL
123099,23756,0.19298288369523717,0.9997555108556735,0.9995283809614621,99363,0.031993395843505856,False,0.2797188078801145,1.0,0.0,0.9999350050550666,0.0,0.8285714285714286,0.02494802494802495,0.5421245421245421,0.37036230305670514,0.75,0.9375,0.75,0.4,1.0,True,0.8809142953359151,1.0,0.0,0.999522335811658,0.0,0.942063492063492,0.9228323345970405,0.663003663003663,0.8590720975822261,0.96875,1.0,1.0,0.9,1.0,True,0.9959168210136387,0.9971340666750959,0.0006844971462508682,0.5226494601811397,77.02182470896776,1.0,0.9998777057600587,0.9212454212454212,0.9961518913816888,1.0,1.0,1.0,1.0,1.0,True,0.9960010102710894,0.9953306410903584,0.0011173409299095054,0.5001384378462764,125.72680209846206,1.0,0.9998777057600587,0.9212454212454212,0.9962971030276628,1.0,1.0,1.0,1.0,1.0,True,0.9987792557669641,0.9550394461439382,0.01124387224062088,0.017376685716615232,1265.196738234073,1.0,0.9998777057600587,0.9505494505494505,0.999927394177013,1.0,1.0,1.0,1.0,1.0,HistGB,fleet,40000,20000,18.89,B_fleet_size,CTT_Traverse,FS-B,0,3,CIDv2_RenaultClio|CTT_Forester|CTT_Impala
123099,23756,0.19298288369523717,0.9996833559594807,0.9995106393913865,99363,0.031993395843505856,False,0.5756440478194982,1.0,0.0,0.9999349117279054,0.0,0.8317460317460318,0.6488932371285312,0.5036630036630036,0.5115806287664271,0.9375,1.0,1.0,0.8,1.0,True,0.830442835494191,1.0,0.0,0.9997287392616272,0.0,0.9912698412698413,0.9642900819371407,0.6978021978021978,0.7415232701662673,1.0,1.0,1.0,1.0,1.0,True,0.996842902845597,0.9961300635174357,0.0009260843743394099,0.8571420907974243,104.20599813566226,1.0,0.9997554115201174,0.9212454212454212,0.9978218253103899,1.0,1.0,1.0,1.0,1.0,True,0.9970954706179491,0.9952939199126014,0.0011274070644131946,0.842954158782959,126.85947599124098,1.0,0.9997554115201174,0.9212454212454212,0.998257460248312,1.0,1.0,1.0,1.0,1.0,True,0.9987792557669641,0.9548088531187122,0.011304269047643015,0.09628310799598694,1271.992781590747,1.0,0.9998777057600587,0.9487179487179487,1.0,1.0,1.0,1.0,1.0,1.0,XGBoost,fleet,40000,20000,7.91,B_fleet_size,CTT_Traverse,FS-B,0,3,CIDv2_RenaultClio|CTT_Forester|CTT_Impala
123099,23756,0.19298288369523717,0.999430989882701,0.9990162515736598,99363,0.031993395843505856,False,8.418925745074928e-05,1.0,0.0,473509.56836884306,0.0,0.0015873015873015873,0.0,0.0,0.0,0.03125,0.0,0.0,0.0,0.5,True,0.8578043441656844,0.9999509298787967,1.0066134503689238e-05,31250.0,1.1326738927789375,1.0,0.9737067384126208,0.6062271062271062,0.7859580338343135,0.625,0.8125,0.75,0.2,1.0,True,0.9982320255935343,0.9990731378496798,0.00022145495908116325,2816.3247587521837,24.91882564113663,1.0,0.9998777057600587,0.924908424908425,1.0,1.0,1.0,1.0,1.0,1.0,True,0.9982320255935343,0.9986103507811513,0.00033218243862174487,2674.3377447836706,37.37823846170494,1.0,0.9998777057600587,0.924908424908425,1.0,1.0,1.0,1.0,1.0,1.0,True,0.9982320255935343,0.9624188311688312,0.009321240550416235,5.638978718994534,1048.8560247132962,1.0,0.9998777057600587,0.924908424908425,1.0,1.0,1.0,1.0,1.0,1.0,Rule:Combined,fleet,40000,20000,0.36,B_fleet_size,CTT_Traverse,FS-B,0,3,CIDv2_RenaultClio|CTT_Forester|CTT_Impala
123099,23756,0.19298288369523717,0.9995983236908077,0.9993334003206094,99363,0.031993395843505856,False,0.39101700623000507,1.0,0.0,0.9999123143719841,0.0,0.8857142857142857,0.21584933349639232,0.5860805860805861,0.44202425034487763,0.96875,1.0,1.0,0.9,1.0,True,0.7608183195824213,1.0,0.0,0.9993105047075209,0.0,1.0,0.7428152134034487,0.706959706959707,0.7517606912074348,1.0,1.0,1.0,1.0,1.0,True,0.9919178312847281,0.995858338263883,0.0009864811813615453,0.816169910241424,111.00204149233588,1.0,0.9996331172801761,0.8681318681318682,0.9915051187105206,1.0,1.0,1.0,1.0,1.0,True,0.9922124936858057,0.9955651292448049,0.00105694412288737,0.8076870886543774,118.93075874178844,1.0,0.9996331172801761,0.8681318681318682,0.9920133594714297,1.0,1.0,1.0,1.0,1.0,True,0.9983583094797104,0.955868128325004,0.011022417281539717,0.08223505194130959,1240.2779125929367,1.0,0.9997554115201174,0.9322344322344323,1.0,1.0,1.0,1.0,1.0,1.0,HistGB,fleet,40000,20000,16.11,B_fleet_size,CTT_Traverse,FS-B,1,3,CIDv2_RenaultClio|CTT_Forester|CTT_Impala
123099,23756,0.19298288369523717,0.9995498731091627,0.9990946491270317,99363,0.031993395843505856,False,0.6441741033844082,1.0,0.0,0.999734938144684,0.0,0.9984126984126984,0.7255717255717256,0.6098901098901099,0.5648006970159006,0.96875,1.0,1.0,0.9,1.0,True,0.8720744233035864,1.0,0.0,0.9977828860282898,0.0,1.0,0.9295585177938119,0.7234432234432234,0.8321353372540478,1.0,1.0,1.0,1.0,1.0,True,0.984046135713083,0.9942582511058183,0.001358928157998047,0.9204939007759094,152.91097552515654,1.0,0.9995108230402348,0.8589743589743589,0.9783634647498729,1.0,1.0,1.0,1.0,1.0,True,0.9845091766290621,0.9939229102035613,0.001439457234027561,0.9155473113059998,161.97236666738806,1.0,0.9995108230402348,0.8589743589743589,0.97916212880273,1.0,1.0,1.0,1.0,1.0,True,0.9978531739350059,0.9541155162004428,0.011475393334205731,0.17516477406024933,1291.248237767989,1.0,0.9998777057600587,0.9304029304029304,0.9991287301241559,1.0,1.0,1.0,1.0,1.0,XGBoost,fleet,40000,20000,6.38,B_fleet_size,CTT_Traverse,FS-B,1,3,CIDv2_RenaultClio|CTT_Forester|CTT_Impala
123099,23756,0.19298288369523717,0.9994436049661904,0.999032636638809,99363,0.031993395843505856,False,0.00046304091597912107,1.0,0.0,465871.46747637267,0.0,0.00873015873015873,0.0,0.0,0.0,0.0625,0.0,0.0,0.0,1.0,True,0.8578043441656844,0.9999509298787967,1.0066134503689238e-05,31250.0,1.1326738927789375,1.0,0.9737067384126208,0.6062271062271062,0.7859580338343135,0.625,0.8125,0.75,0.2,1.0,True,0.9982320255935343,0.9990731378496798,0.00022145495908116325,2770.9027256139516,24.91882564113663,1.0,0.9998777057600587,0.924908424908425,1.0,1.0,1.0,1.0,1.0,1.0,True,0.9982320255935343,0.9986103507811513,0.00033218243862174487,2631.206079592697,37.37823846170494,1.0,0.9998777057600587,0.924908424908425,1.0,1.0,1.0,1.0,1.0,1.0,True,0.9982320255935343,0.9631224108520835,0.009140050129349828,5.610660797467208,1028.4678946432753,1.0,0.9998777057600587,0.924908424908425,1.0,1.0,1.0,1.0,1.0,1.0,Rule:Combined,fleet,40000,20000,0.33,B_fleet_size,CTT_Traverse,FS-B,1,3,CIDv2_RenaultClio|CTT_Forester|CTT_Impala
123099,23756,0.19298288369523717,0.9997221158315741,0.9995318899564084,99363,0.031993395843505856,False,0.8516585283717798,1.0,0.0,0.9988720820101867,0.0,1.0,0.9935184052831112,0.6190476190476191,0.7630871995934074,0.875,1.0,1.0,0.6,1.0,True,0.9225037885165853,1.0,0.0,0.9889551151554911,0.0,1.0,0.9992662345603522,0.6996336996336996,0.878675669788717,0.96875,1.0,1.0,0.9,1.0,True,0.9976847954201044,0.9983151510045912,0.00040264538014756954,0.39498546669591705,45.3069557111575,1.0,0.9998777057600587,0.924908424908425,0.999056124301169,1.0,1.0,1.0,1.0,1.0,True,0.9977689846775551,0.9981891687020972,0.00043284378365863725,0.37780721329284245,48.70497738949432,1.0,0.9998777057600587,0.924908424908425,0.999201335947143,1.0,1.0,1.0,1.0,1.0,True,0.9987792557669641,0.9574674145514709,0.010609705766888458,0.01615761283822582,1193.8382829890002,1.0,0.9998777057600587,0.9487179487179487,1.0,1.0,1.0,1.0,1.0,1.0,HistGB,fleet,40000,20000,13.36,B_fleet_size,CTT_Traverse,FS-B,0,4,CIDv2_OpelAstra|CIDv2_Prototype|CTT_Forester|CTT_Impala
123099,23756,0.19298288369523717,0.9995605485676863,0.9993896664616863,99363,0.031993395843505856,False,0.7551355447044957,1.0,0.0,0.9996101260185243,0.0,1.0,0.92466674819616,0.6135531135531136,0.6376969432948523,0.78125,1.0,1.0,0.3,1.0,True,0.9334062973564573,1.0,0.0,0.9942177534103394,0.0,1.0,0.9993885288002935,0.706959706959707,0.897117548827416,1.0,1.0,1.0,1.0,1.0,True,0.9979373631924566,0.9985258192233173,0.0003523147076291233,0.3839385211467743,39.64358624726281,1.0,0.9998777057600587,0.9230769230769231,0.999564365062078,1.0,1.0,1.0,1.0,1.0,True,0.997979457821182,0.9984838274932615,0.0003623808421328126,0.36195558309555054,40.77626014004176,1.0,0.9998777057600587,0.9230769230769231,0.999636970885065,1.0,1.0,1.0,1.0,1.0,True,0.9986950665095133,0.9576958785774835,0.010549308959866322,0.025532705709338188,1187.0422396323265,1.0,0.9998777057600587,0.945054945054945,1.0,1.0,1.0,1.0,1.0,1.0,XGBoost,fleet,40000,20000,7.05,B_fleet_size,CTT_Traverse,FS-B,0,4,CIDv2_OpelAstra|CIDv2_Prototype|CTT_Forester|CTT_Impala
123099,23756,0.19298288369523717,0.9994944983524073,0.9991431307074794,99363,0.031993395843505856,False,8.418925745074928e-05,1.0,0.0,476308.44794798346,0.0,0.0015873015873015873,0.0,0.0,0.0,0.03125,0.0,0.0,0.0,0.5,True,0.8578043441656844,0.9999509298787967,1.0066134503689238e-05,31250.0,1.1326738927789375,1.0,0.9737067384126208,0.6062271062271062,0.7859580338343135,0.625,0.8125,0.75,0.2,1.0,True,0.9982320255935343,0.9990731378496798,0.00022145495908116325,2832.9417504065154,24.91882564113663,1.0,0.9998777057600587,0.924908424908425,1.0,1.0,1.0,1.0,1.0,1.0,True,0.9982320255935343,0.9986103507811513,0.00033218243862174487,2690.1154511661675,37.37823846170494,1.0,0.9998777057600587,0.924908424908425,1.0,1.0,1.0,1.0,1.0,1.0,True,0.9982320255935343,0.957793125732057,0.010519110556355253,4.9841784154957205,1183.6442179539897,1.0,0.9998777057600587,0.924908424908425,1.0,1.0,1.0,1.0,1.0,1.0,Rule:Combined,fleet,40000,20000,0.32,B_fleet_size,CTT_Traverse,FS-B,0,4,CIDv2_OpelAstra|CIDv2_Prototype|CTT_Forester|CTT_Impala
123099,23756,0.19298288369523717,0.9996905383981446,0.9993886750556555,99363,0.031993395843505856,False,0.7960936184542853,1.0,0.0,0.9986685461101557,0.0,1.0,0.9691818515347927,0.6208791208791209,0.6816234662019894,0.90625,1.0,1.0,0.7,1.0,True,0.8805354436773868,0.999904397705545,2.0132269007378476e-05,0.9940140879315327,2.265347785557875,1.0,0.9990216460804696,0.652014652014652,0.8083206273143106,0.96875,1.0,1.0,0.9,1.0,True,0.9834568109109277,0.9984188034188034,0.00037244697663650183,0.6284015385601083,41.90893403282069,1.0,0.9997554115201174,0.891941391941392,0.9758948667683148,1.0,1.0,1.0,1.0,1.0,True,0.9845933658865129,0.9980372077146271,0.00046304218716970496,0.5037656898550431,52.10299906783113,1.0,0.9997554115201174,0.9010989010989011,0.9774921948740289,1.0,1.0,1.0,1.0,1.0,True,0.9985687826233373,0.9549150631994203,0.011274070644131946,0.002439621938017185,1268.59475991241,1.0,0.9998777057600587,0.9395604395604396,1.0,1.0,1.0,1.0,1.0,1.0,HistGB,fleet,40000,20000,13.34,B_fleet_size,CTT_Traverse,FS-B,1,4,CIDv2_OpelAstra|CIDv2_Prototype|CTT_Forester|CTT_Impala
123099,23756,0.19298288369523717,0.9994902294825614,0.9992164136179221,99363,0.031993395843505856,False,0.8213924903182354,1.0,0.0,0.9977269768714906,0.0,1.0,0.9935184052831112,0.6245421245421245,0.7106657953967909,0.90625,1.0,1.0,0.7,1.0,True,0.9270500084189257,1.0,0.0,0.9851289987564087,0.0,1.0,0.9995108230402348,0.6978021978021978,0.8864444928483264,0.96875,1.0,1.0,0.9,1.0,True,0.996295672672167,0.9987340703856865,0.00030198403511067716,0.1372029185295105,33.98021678336813,1.0,0.9997554115201174,0.9175824175824175,0.9970231612575329,1.0,1.0,1.0,1.0,1.0,True,0.9970112813604984,0.9983560950935761,0.0003925792456438803,0.11240881681442261,44.17428181837857,1.0,0.9998777057600587,0.9212454212454212,0.9980396427793509,1.0,1.0,1.0,1.0,1.0,True,0.9984004041084358,0.9597377898272165,0.010015803831170792,0.005864743608981371,1127.0105233150427,1.0,0.9998777057600587,0.9322344322344323,1.0,1.0,1.0,1.0,1.0,1.0,XGBoost,fleet,40000,20000,7.63,B_fleet_size,CTT_Traverse,FS-B,1,4,CIDv2_OpelAstra|CIDv2_Prototype|CTT_Forester|CTT_Impala
123099,23756,0.19298288369523717,0.9994787790215119,0.9991219805181972,99363,0.031993395843505856,False,8.418925745074928e-05,1.0,0.0,477492.7375616427,0.0,0.0015873015873015873,0.0,0.0,0.0,0.03125,0.0,0.0,0.0,0.5,True,0.8578043441656844,0.9999509298787967,1.0066134503689238e-05,31250.0,1.1326738927789375,1.0,0.9737067384126208,0.6062271062271062,0.7859580338343135,0.625,0.8125,0.75,0.2,1.0,True,0.9982320255935343,0.9990731378496798,0.00022145495908116325,2839.981652684623,24.91882564113663,1.0,0.9998777057600587,0.924908424908425,1.0,1.0,1.0,1.0,1.0,1.0,True,0.9982320255935343,0.9986103507811513,0.00033218243862174487,2696.800231246724,37.37823846170494,1.0,0.9998777057600587,0.924908424908425,1.0,1.0,1.0,1.0,1.0,1.0,True,0.9982320255935343,0.9577544426494345,0.010529176690858942,4.9841725553470635,1184.7768918467686,1.0,0.9998777057600587,0.924908424908425,1.0,1.0,1.0,1.0,1.0,1.0,Rule:Combined,fleet,40000,20000,0.35,B_fleet_size,CTT_Traverse,FS-B,1,4,CIDv2_OpelAstra|CIDv2_Prototype|CTT_Forester|CTT_Impala
123099,23756,0.19298288369523717,0.999468296572092,0.9991932001012053,99363,0.031993395843505856,False,0.7044115170904193,1.0,0.0,0.9888348284534791,0.0,1.0,0.9723615017732665,0.6043956043956044,0.5222536847455166,0.71875,1.0,1.0,0.1,1.0,True,0.9286496043104899,1.0,0.0,0.8580070171087246,0.0,1.0,0.9988993518405284,0.6868131868131868,0.8900021781746896,0.96875,1.0,1.0,0.9,1.0,True,0.9941067519784476,0.9984779299847792,0.0003623808421328126,0.25928982886171936,40.77626014004176,1.0,0.9997554115201174,0.8424908424908425,0.9962244972046758,1.0,1.0,1.0,1.0,1.0,True,0.9950328338104057,0.9980577605134268,0.00046304218716970496,0.22901689723466118,52.10299906783113,1.0,0.9997554115201174,0.8553113553113553,0.9973135845494808,1.0,1.0,1.0,1.0,1.0,True,0.998316214850985,0.957255297679112,0.010660036439406903,0.007404249343696678,1199.5016524528949,1.0,0.9998777057600587,0.9285714285714286,1.0,1.0,1.0,1.0,1.0,1.0,HistGB,fleet,40000,20000,24.86,B_fleet_size,CTT_Traverse,FS-B,0,4,CIDv2_OpelAstra|CIDv2_RenaultClio|CTT_Impala|ROAD_ORNL
123099,23756,0.19298288369523717,0.9994973348023303,0.9992154308856794,99363,0.031993395843505856,False,0.42309311331874055,1.0,0.0,0.9978110194206239,0.0,1.0,0.37189678366148954,0.6043956043956044,0.3935235605895593,0.71875,1.0,1.0,0.1,1.0,True,0.8682859067183027,1.0,0.0,0.9597188830375671,0.0,1.0,0.9553626024214259,0.684981684981685,0.8118057068176868,0.96875,1.0,1.0,0.9,1.0,True,0.9838356625694561,0.9976522815554701,0.0005536373977029081,0.6860659718513489,62.29706410284157,1.0,0.9991439403204109,0.8058608058608059,0.980323821970522,1.0,1.0,1.0,1.0,1.0,True,0.9853089745748442,0.9974007158684166,0.0006140342047250435,0.6657602190971375,69.0931074595152,1.0,0.9991439403204109,0.8131868131868132,0.9825746024831191,1.0,1.0,1.0,1.0,1.0,True,0.998316214850985,0.9560204780908614,0.010982152743524959,0.013529571704566479,1235.7472170218207,1.0,0.9998777057600587,0.9285714285714286,1.0,1.0,1.0,1.0,1.0,1.0,XGBoost,fleet,40000,20000,9.35,B_fleet_size,CTT_Traverse,FS-B,0,4,CIDv2_OpelAstra|CIDv2_RenaultClio|CTT_Impala|ROAD_ORNL
123099,23756,0.19298288369523717,0.9292542541625944,0.8581820387138631,99363,0.031993395843505856,False,0.0,0.0,0.0,530710.146709326,0.0,0.0,0.0,0.0,0.0,0.0,0.0,0.0,0.0,0.0,True,0.6021215692877588,0.9996505695715983,5.033067251844619e-05,3341.3353598032904,5.663369463894687,0.0,0.9996331172801761,0.0,0.44507369491033183,0.4375,0.625,1.0,0.0,0.0,True,0.6021215692877588,0.994161801501251,0.000845555298309896,2599.224817157876,95.14460699343074,0.0,0.9996331172801761,0.0,0.44507369491033183,0.4375,0.625,1.0,0.0,0.0,True,0.6021215692877588,0.9933333333333333,0.0009663489123541668,2526.424000116167,108.736693706778,0.0,0.9996331172801761,0.0,0.44507369491033183,0.4375,0.625,1.0,0.0,0.0,True,0.6993601616433743,0.9380081300813008,0.011052615685050783,5.088831504508734,1243.6759342712735,1.0,0.9996331172801761,0.6062271062271062,0.49727728163798735,0.65625,0.8125,1.0,0.2,1.0,Rule:Combined,fleet,40000,20000,0.32,B_fleet_size,CTT_Traverse,FS-B,0,4,CIDv2_OpelAstra|CIDv2_RenaultClio|CTT_Impala|ROAD_ORNL
123099,23756,0.19298288369523717,0.9994815050897191,0.9992312219284304,99363,0.031993395843505856,False,0.7125357804344166,1.0,0.0,0.9905987770240695,0.0,1.0,0.9560963678610738,0.608058608058608,0.5457779713933057,0.75,0.9375,1.0,0.3,1.0,True,0.8693382724364371,1.0,0.0,0.9288236380795456,0.0,1.0,0.9981655864008805,0.6666666666666666,0.7889348725767806,0.9375,1.0,1.0,0.8,1.0,True,0.9906970870516922,0.998176266010688,0.00043284378365863725,0.2970957698156977,48.70497738949432,1.0,0.9996331172801761,0.8534798534798534,0.9899803964277936,1.0,1.0,1.0,1.0,1.0,True,0.9919178312847281,0.9980516730199068,0.00046304218716970496,0.2728756241848874,52.10299906783113,1.0,0.9997554115201174,0.8626373626373627,0.9916503303564946,1.0,1.0,1.0,1.0,1.0,True,0.998316214850985,0.9550579896907216,0.01123380610611719,0.005251895950168859,1264.0640643412942,1.0,0.9998777057600587,0.9285714285714286,1.0,1.0,1.0,1.0,1.0,1.0,HistGB,fleet,40000,20000,26.3,B_fleet_size,CTT_Traverse,FS-B,1,4,CIDv2_OpelAstra|CIDv2_RenaultClio|CTT_Impala|ROAD_ORNL
123099,23756,0.19298288369523717,0.9995249821382045,0.9992450110315233,99363,0.031993395843505856,False,0.4618622663748106,1.0,0.0,0.9965434670448304,0.0,0.9992063492063492,0.3958664546899841,0.6062271062271062,0.44616278225513684,0.78125,1.0,1.0,0.3,1.0,True,0.8816299040242465,1.0,0.0,0.9583184719085693,0.0,1.0,0.9718723248135013,0.6923076923076923,0.8247295433093734,0.96875,1.0,1.0,0.9,1.0,True,0.9838356625694561,0.9985473810134153,0.0003422485731254341,0.7098623514175415,38.51091235448388,1.0,0.9991439403204109,0.8278388278388278,0.979452552094678,1.0,1.0,1.0,1.0,1.0,True,0.9861087725206263,0.9979976994845141,0.0004731083216733942,0.6765535473823547,53.23567296061007,1.0,0.9991439403204109,0.8333333333333334,0.9831554490670151,1.0,1.0,1.0,1.0,1.0,True,0.9984424987371612,0.9581111649701083,0.01043858148032574,0.009955759160220623,1174.5828268117582,1.0,0.9998777057600587,0.9340659340659341,1.0,1.0,1.0,1.0,1.0,1.0,XGBoost,fleet,40000,20000,9.53,B_fleet_size,CTT_Traverse,FS-B,1,4,CIDv2_OpelAstra|CIDv2_RenaultClio|CTT_Impala|ROAD_ORNL
123099,23756,0.19298288369523717,0.9284635015852772,0.8573355502707835,99363,0.031993395843505856,False,0.0,0.0,0.0,533418.238495355,0.0,0.0,0.0,0.0,0.0,0.0,0.0,0.0,0.0,0.0,True,0.6021215692877588,0.9996505695715983,5.033067251844619e-05,3358.38698225068,5.663369463894687,0.0,0.9996331172801761,0.0,0.44507369491033183,0.4375,0.625,1.0,0.0,0.0,True,0.6021215692877588,0.994161801501251,0.000845555298309896,2612.4896202325344,95.14460699343074,0.0,0.9996331172801761,0.0,0.44507369491033183,0.4375,0.625,1.0,0.0,0.0,True,0.6021215692877588,0.9933333333333333,0.0009663489123541668,2539.317317369668,108.736693706778,0.0,0.9996331172801761,0.0,0.44507369491033183,0.4375,0.625,1.0,0.0,0.0,True,0.6994022562720997,0.9379586767528508,0.011062681819554472,5.103426718908588,1244.8086081640524,1.0,0.9996331172801761,0.6062271062271062,0.49734988746097436,0.65625,0.8125,1.0,0.2,1.0,Rule:Combined,fleet,40000,20000,0.34,B_fleet_size,CTT_Traverse,FS-B,1,4,CIDv2_OpelAstra|CIDv2_RenaultClio|CTT_Impala|ROAD_ORNL
123099,23756,0.19298288369523717,0.9993695994283724,0.9985118954365783,99363,0.031993395843505856,False,0.2298787674692709,1.0,0.0,0.9998356348404732,0.0,0.9865079365079366,0.10468386938975174,0.27472527472527475,0.23320990343425543,0.65625,0.875,1.0,0.1,1.0,True,0.848543525846102,1.0,0.0,0.9979898465318479,0.0,1.0,0.9831233948881007,0.7197802197802198,0.7598925433819792,1.0,1.0,1.0,1.0,1.0,True,0.9476342818656339,0.9969001859888407,0.0007046294152582466,0.9903982231262198,79.28717249452562,1.0,0.9991439403204109,0.8443223443223443,0.9163580919189719,1.0,1.0,1.0,1.0,1.0,True,0.9490654992422967,0.9965963842107589,0.0007750923567840714,0.9899795425547899,87.2158897439782,1.0,0.9992662345603522,0.8461538461538461,0.918681478254556,1.0,1.0,1.0,1.0,1.0,True,0.9965061458157939,0.9557897286821705,0.011022417281539717,0.7721498495016168,1240.2779125929367,1.0,0.9998777057600587,0.9267399267399268,0.9969505554345458,1.0,1.0,1.0,1.0,1.0,HistGB,fleet,40000,20000,12.29,B_fleet_size,CTT_Traverse,FS-B,0,4,CIDv2_Prototype|CIDv2_RenaultClio|CTT_Forester|CTT_Impala
123099,23756,0.19298288369523717,0.9995633123478808,0.9990464380140769,99363,0.031993395843505856,False,0.41488466071729246,1.0,0.0,0.9999581575393678,0.0,0.9880952380952381,0.3859606212547389,0.5366300366300366,0.37479125825891235,0.90625,1.0,1.0,0.7,1.0,True,0.7790452938205085,1.0,0.0,0.9998090863227844,0.0,0.9968253968253968,0.9631894337776691,0.6776556776556777,0.653815435997967,1.0,1.0,1.0,1.0,1.0,True,0.9767216703148678,0.9971636082341312,0.0006643648772434897,0.9798776507377625,74.75647692340988,1.0,0.9996331172801761,0.9065934065934066,0.9637696943294852,1.0,1.0,1.0,1.0,1.0,True,0.9777319414042768,0.9966103149403587,0.0007952246257914498,0.978363037109375,89.48123752953606,1.0,0.9996331172801761,0.9065934065934066,0.9655122340811733,1.0,1.0,1.0,1.0,1.0,True,0.9968849974743222,0.9528062764031382,0.011807575772827476,0.7543679475784302,1328.6264762296937,1.0,0.9998777057600587,0.9304029304029304,0.9974587961954549,1.0,1.0,1.0,1.0,1.0,XGBoost,fleet,40000,20000,5.92,B_fleet_size,CTT_Traverse,FS-B,0,4,CIDv2_Prototype|CIDv2_RenaultClio|CTT_Forester|CTT_Impala
123099,23756,0.19298288369523717,0.9994081453167177,0.9989851991961218,99363,0.031993395843505856,False,0.00046304091597912107,1.0,0.0,459814.3173473208,0.0,0.00873015873015873,0.0,0.0,0.0,0.0625,0.0,0.0,0.0,1.0,True,0.8578043441656844,0.9999509298787967,1.0066134503689238e-05,31250.0,1.1326738927789375,1.0,0.9737067384126208,0.6062271062271062,0.7859580338343135,0.625,0.8125,0.75,0.2,1.0,True,0.9982320255935343,0.9990731378496798,0.00022145495908116325,2734.869128435029,24.91882564113663,1.0,0.9998777057600587,0.924908424908425,1.0,1.0,1.0,1.0,1.0,1.0,True,0.9982320255935343,0.9986103507811513,0.00033218243862174487,2596.9887850134146,37.37823846170494,1.0,0.9998777057600587,0.924908424908425,1.0,1.0,1.0,1.0,1.0,1.0,True,0.9982320255935343,0.9624188311688312,0.009321240550416235,5.466562103892482,1048.8560247132962,1.0,0.9998777057600587,0.924908424908425,1.0,1.0,1.0,1.0,1.0,1.0,Rule:Combined,fleet,40000,20000,0.31,B_fleet_size,CTT_Traverse,FS-B,0,4,CIDv2_Prototype|CIDv2_RenaultClio|CTT_Forester|CTT_Impala
123099,23756,0.19298288369523717,0.9995846175020668,0.9991854029134429,99363,0.031993395843505856,False,0.6462367401919515,1.0,0.0,0.9998154302235209,0.0,1.0,0.738045738045738,0.63003663003663,0.5600087126987584,0.96875,1.0,1.0,0.9,1.0,True,0.8007661222428019,1.0,0.0,0.999175151535177,0.0,1.0,0.8171701112877583,0.7289377289377289,0.775648006970159,1.0,1.0,1.0,1.0,1.0,True,0.973817140932817,0.9972841315687373,0.000634166473732422,0.978862098932891,71.35845524507306,1.0,0.9996331172801761,0.8846153846153846,0.959631162419226,1.0,1.0,1.0,1.0,1.0,True,0.976300724027614,0.9967338519059693,0.0007650262222803821,0.9745178772338726,86.08321585119924,1.0,0.9996331172801761,0.8864468864468864,0.9638423001524722,1.0,1.0,1.0,1.0,1.0,True,0.9978531739350059,0.955962414808243,0.010992218878028648,0.20539111958673825,1236.8798909145996,1.0,0.9998777057600587,0.9395604395604396,0.9987657010092209,1.0,1.0,1.0,1.0,1.0,HistGB,fleet,40000,20000,14.82,B_fleet_size,CTT_Traverse,FS-B,1,4,CIDv2_Prototype|CIDv2_RenaultClio|CTT_Forester|CTT_Impala
123099,23756,0.19298288369523717,0.9994823110245493,0.998970662480563,99363,0.031993395843505856,False,0.5495032833810406,1.0,0.0,0.9999203681945802,0.0,1.0,0.5416411887000122,0.6025641025641025,0.510854570536557,1.0,1.0,1.0,1.0,1.0,True,0.7829600942919683,1.0,0.0,0.9996140599250793,0.0,1.0,0.8685336920631038,0.7161172161172161,0.714949538953024,1.0,1.0,1.0,1.0,1.0,True,0.9813941741033844,0.9971344253881357,0.0006744310117471789,0.930048406124115,75.88915081618882,1.0,0.9998777057600587,0.9010989010989011,0.9719015465040296,1.0,1.0,1.0,1.0,1.0,True,0.9826570129651456,0.9964996158114915,0.0008254230293025176,0.9223216772079468,92.87925920787289,1.0,0.9998777057600587,0.9029304029304029,0.9740071153706528,1.0,1.0,1.0,1.0,1.0,True,0.9959168210136387,0.9518043207144868,0.012059229135419708,0.4877450466156006,1356.9433235491672,1.0,0.9998777057600587,0.9377289377289377,0.9954984389748058,1.0,1.0,1.0,1.0,1.0,XGBoost,fleet,40000,20000,7.5,B_fleet_size,CTT_Traverse,FS-B,1,4,CIDv2_Prototype|CIDv2_RenaultClio|CTT_Forester|CTT_Impala
123099,23756,0.19298288369523717,0.9994082552747031,0.998986578903941,99363,0.031993395843505856,False,0.001641690520289611,1.0,0.0,451963.0006340286,0.0,0.030952380952380953,0.0,0.0,0.0,0.0625,0.0,0.0,0.0,1.0,True,0.8578043441656844,0.9999509298787967,1.0066134503689238e-05,31250.0,1.1326738927789375,1.0,0.9737067384126208,0.6062271062271062,0.7859580338343135,0.625,0.8125,0.75,0.2,1.0,True,0.9982320255935343,0.9990731378496798,0.00022145495908116325,2688.163663339885,24.91882564113663,1.0,0.9998777057600587,0.924908424908425,1.0,1.0,1.0,1.0,1.0,1.0,True,0.9982320255935343,0.9986103507811513,0.00033218243862174487,2552.637622957345,37.37823846170494,1.0,0.9998777057600587,0.924908424908425,1.0,1.0,1.0,1.0,1.0,1.0,True,0.9982320255935343,0.9632006498781478,0.00911991786034245,5.435463233250695,1026.2025468577174,1.0,0.9998777057600587,0.924908424908425,1.0,1.0,1.0,1.0,1.0,1.0,Rule:Combined,fleet,40000,20000,0.32,B_fleet_size,CTT_Traverse,FS-B,1,4,CIDv2_Prototype|CIDv2_RenaultClio|CTT_Forester|CTT_Impala
123099,23756,0.19298288369523717,0.9995808799898852,0.9989920991506799,99363,0.031993395843505856,False,0.8738844923387775,1.0,0.0,0.9950802873589104,0.0,1.0,0.9992662345603522,0.6208791208791209,0.7979379946271691,0.84375,1.0,1.0,0.5,1.0,True,0.9253241286411854,1.0,0.0,0.9588513009726599,0.0,1.0,0.9996331172801761,0.6904761904761905,0.8836854715748202,0.96875,1.0,1.0,0.9,1.0,True,0.9628725374642195,0.9978624089342581,0.0004932405906807727,0.8322282355009375,55.50102074616794,1.0,0.9996331172801761,0.7234432234432234,0.9471429608654615,0.96875,1.0,1.0,0.9,1.0,True,0.9643879440983331,0.9972576502851173,0.000634166473732422,0.8189727225403916,71.35845524507306,1.0,0.9996331172801761,0.7252747252747253,0.9496841646700065,0.96875,1.0,1.0,0.9,1.0,True,0.998316214850985,0.9585707934198294,0.010317787866281469,0.011580924621742377,1160.990740098411,1.0,0.9998777057600587,0.9285714285714286,1.0,1.0,1.0,1.0,1.0,1.0,HistGB,fleet,40000,20000,13.83,B_fleet_size,CTT_Traverse,FS-B,0,4,CIDv2_Prototype|CIDv2_RenaultClio|CTT_Forester|CTT_Silverado
123099,23756,0.19298288369523717,0.9994553802164342,0.9984555783241744,99363,0.031993395843505856,False,0.8450917662906213,1.0,0.0,0.9970646500587464,0.0,1.0,0.9929069340834047,0.6208791208791209,0.7520511144993829,0.875,1.0,1.0,0.6,1.0,True,0.9056238423977101,0.9996282873338909,8.05290760295139e-05,0.9875937104225159,9.0613911422315,1.0,0.9990216460804696,0.652014652014652,0.8515936978145647,0.96875,1.0,1.0,0.9,1.0,True,0.9366896783970365,0.9969980733903848,0.0006744310117471789,0.9565113186836243,75.88915081618882,1.0,0.9993885288002935,0.6941391941391941,0.9032890437813113,0.96875,1.0,1.0,0.9,1.0,True,0.9383734635460516,0.9967359713838587,0.0007348278187693144,0.9528788328170776,82.68519417286242,1.0,0.9993885288002935,0.6941391941391941,0.9061932767007914,0.96875,1.0,1.0,0.9,1.0,True,0.9982320255935343,0.9566725835081491,0.010811028456962243,0.014738145284354687,1216.491760844579,1.0,0.9998777057600587,0.9377289377289377,0.999491759239091,1.0,1.0,1.0,1.0,1.0,XGBoost,fleet,40000,20000,10.12,B_fleet_size,CTT_Traverse,FS-B,0,4,CIDv2_Prototype|CIDv2_RenaultClio|CTT_Forester|CTT_Silverado
123099,23756,0.19298288369523717,0.9993322556625891,0.9989193427464094,99363,0.031993395843505856,False,0.0,0.0,0.0,490410.2630464294,0.0,0.0,0.0,0.0,0.0,0.0,0.0,0.0,0.0,0.0,True,0.8578043441656844,0.9999509298787967,1.0066134503689238e-05,31250.0,1.1326738927789375,1.0,0.9737067384126208,0.6062271062271062,0.7859580338343135,0.625,0.8125,0.75,0.2,1.0,True,0.9982320255935343,0.9990731378496798,0.00022145495908116325,2916.797999789781,24.91882564113663,1.0,0.9998777057600587,0.924908424908425,1.0,1.0,1.0,1.0,1.0,1.0,True,0.9982320255935343,0.9986103507811513,0.00033218243862174487,2769.743117009167,37.37823846170494,1.0,0.9998777057600587,0.924908424908425,1.0,1.0,1.0,1.0,1.0,1.0,True,0.9982320255935343,0.9652000488420367,0.008606545000654298,5.907264845494664,968.4361783259915,1.0,0.9998777057600587,0.924908424908425,1.0,1.0,1.0,1.0,1.0,1.0,Rule:Combined,fleet,40000,20000,0.31,B_fleet_size,CTT_Traverse,FS-B,0,4,CIDv2_Prototype|CIDv2_RenaultClio|CTT_Forester|CTT_Silverado
123099,23756,0.19298288369523717,0.999637840768759,0.9991800563293776,99363,0.031993395843505856,False,0.8733793567940731,1.0,0.0,0.9980495187261651,0.0,1.0,0.9990216460804696,0.6172161172161172,0.7973571480432731,0.84375,1.0,1.0,0.5,1.0,True,0.9424987371611382,0.9996428252522547,8.05290760295139e-05,0.9833914669946986,9.0613911422315,1.0,0.9992662345603522,0.6684981684981685,0.9143977346983228,0.9375,1.0,1.0,0.8,1.0,True,0.97415389796262,0.9958688355280144,0.0009663489123541668,0.944148350833986,108.736693706778,1.0,0.9995108230402348,0.6941391941391941,0.9678356204167574,0.96875,1.0,1.0,0.9,1.0,True,0.9755009260818319,0.9956178037463481,0.0010267457193763024,0.9393243130092636,115.53273706345163,1.0,0.9995108230402348,0.6978021978021978,0.9700137951063675,0.96875,1.0,1.0,0.9,1.0,True,0.9986108772520627,0.9560714141780519,0.01097208660902127,0.013773120892566586,1234.6145431290417,1.0,0.9998777057600587,0.9413919413919414,1.0,1.0,1.0,1.0,1.0,1.0,HistGB,fleet,40000,20000,16.27,B_fleet_size,CTT_Traverse,FS-B,1,4,CIDv2_Prototype|CIDv2_RenaultClio|CTT_Forester|CTT_Silverado
123099,23756,0.19298288369523717,0.9994865279874463,0.9988470551484042,99363,0.031993395843505856,False,0.8702222596396699,1.0,0.0,0.9975106716156007,0.0,1.0,0.9931515225632873,0.6263736263736264,0.7950337617076889,0.875,1.0,1.0,0.6,1.0,True,0.937194813941741,0.9998203700377223,4.026453801475695e-05,0.9900590777397156,4.53069557111575,1.0,0.9991439403204109,0.6611721611721612,0.9056124301168954,0.96875,1.0,1.0,0.9,1.0,True,0.9682185553123421,0.9964476021314387,0.0008254230293025176,0.9592402577400208,92.87925920787289,1.0,0.9995108230402348,0.6886446886446886,0.957816016844551,0.96875,1.0,1.0,0.9,1.0,True,0.9691867317730257,0.9957616123172736,0.0009864811813615453,0.9566535353660583,111.00204149233588,1.0,0.9995108230402348,0.6886446886446886,0.959485950773252,0.96875,1.0,1.0,0.9,1.0,True,0.9977689846775551,0.9510492316334309,0.01228068409450087,0.026577984914183617,1381.8621491903039,1.0,0.9998777057600587,0.9047619047619048,1.0,1.0,1.0,1.0,1.0,1.0,XGBoost,fleet,40000,20000,7.76,B_fleet_size,CTT_Traverse,FS-B,1,4,CIDv2_Prototype|CIDv2_RenaultClio|CTT_Forester|CTT_Silverado
123099,23756,0.19298288369523717,0.999329357559923,0.9989173433645913,99363,0.031993395843505856,False,0.0,0.0,0.0,494479.7549163084,0.0,0.0,0.0,0.0,0.0,0.0,0.0,0.0,0.0,0.0,True,0.8578043441656844,0.9999509298787967,1.0066134503689238e-05,31250.0,1.1326738927789375,1.0,0.9737067384126208,0.6062271062271062,0.7859580338343135,0.625,0.8125,0.75,0.2,1.0,True,0.9982320255935343,0.9990731378496798,0.00022145495908116325,2940.9982389006773,24.91882564113663,1.0,0.9998777057600587,0.924908424908425,1.0,1.0,1.0,1.0,1.0,1.0,True,0.9982320255935343,0.9986103507811513,0.00033218243862174487,2792.723074460001,37.37823846170494,1.0,0.9998777057600587,0.924908424908425,1.0,1.0,1.0,1.0,1.0,1.0,True,0.9982320255935343,0.9652786257988358,0.00858641273164692,5.949428309984446,966.1708305404337,1.0,0.9998777057600587,0.924908424908425,1.0,1.0,1.0,1.0,1.0,1.0,Rule:Combined,fleet,40000,20000,0.33,B_fleet_size,CTT_Traverse,FS-B,1,4,CIDv2_Prototype|CIDv2_RenaultClio|CTT_Forester|CTT_Silverado
123099,23756,0.19298288369523717,0.9995963359724644,0.9993380288724637,99363,0.031993395843505856,False,0.625273615086715,1.0,0.0,0.9987589963630178,0.0,1.0,0.8287880640821818,0.6062271062271062,0.4709213678937051,0.75,1.0,1.0,0.2,1.0,True,0.9209041926250211,1.0,0.0,0.9675314204269931,0.0,1.0,0.9988993518405284,0.6831501831501832,0.876787918391055,1.0,1.0,1.0,1.0,1.0,True,0.9973480383903014,0.9983987189751802,0.00038251311114019103,0.4116923227966218,43.04160792559962,1.0,0.9997554115201174,0.891941391941392,0.999854788354026,1.0,1.0,1.0,1.0,1.0,True,0.9974743222764775,0.9981886347360883,0.00043284378365863725,0.3849533329642713,48.70497738949432,1.0,0.9997554115201174,0.8956043956043956,0.999927394177013,1.0,1.0,1.0,1.0,1.0,True,0.998316214850985,0.9560975609756097,0.010962020474517581,0.025962794238819316,1233.481869236263,1.0,0.9998777057600587,0.9285714285714286,1.0,1.0,1.0,1.0,1.0,1.0,HistGB,fleet,40000,20000,24.49,B_fleet_size,CTT_Traverse,FS-B,0,4,CIDv2_Prototype|CIDv2_RenaultClio|CTT_Impala|ROAD_ORNL
123099,23756,0.19298288369523717,0.9995391129046002,0.9992608610633545,99363,0.031993395843505856,False,0.5593113318740529,1.0,0.0,0.996689796447754,0.0,1.0,0.6466919408095879,0.6190476190476191,0.4647498729398098,0.90625,1.0,1.0,0.7,1.0,True,0.8679491496884998,1.0,0.0,0.9780833125114441,0.0,1.0,0.9822673352085117,0.6721611721611722,0.795759819937559,0.96875,1.0,1.0,0.9,1.0,True,0.9940646573497222,0.9982668244842746,0.0004127115146512588,0.6240758299827576,46.439629603936446,1.0,0.9995108230402348,0.8882783882783882,0.9944819574529877,1.0,1.0,1.0,1.0,1.0,True,0.9954537800976595,0.9975954439991563,0.0005737696667102866,0.5614127516746521,64.56241188839944,1.0,0.9997554115201174,0.8937728937728938,0.9965149204966238,1.0,1.0,1.0,1.0,1.0,True,0.998316214850985,0.9604730277012797,0.009824547275600696,0.02832752652466297,1105.4897193522431,1.0,0.9998777057600587,0.9285714285714286,1.0,1.0,1.0,1.0,1.0,1.0,XGBoost,fleet,40000,20000,12.4,B_fleet_size,CTT_Traverse,FS-B,0,4,CIDv2_Prototype|CIDv2_RenaultClio|CTT_Impala|ROAD_ORNL
123099,23756,0.19298288369523717,0.9240934479350853,0.853326359196649,99363,0.031993395843505856,False,0.0,0.0,0.0,489784.16682580474,0.0,0.0,0.0,0.0,0.0,0.0,0.0,0.0,0.0,0.0,True,0.6021215692877588,0.9996505695715983,5.033067251844619e-05,3083.65859808878,5.663369463894687,0.0,0.9996331172801761,0.0,0.44507369491033183,0.4375,0.625,1.0,0.0,0.0,True,0.6021215692877588,0.994161801501251,0.000845555298309896,2398.7762831830737,95.14460699343074,0.0,0.9996331172801761,0.0,0.44507369491033183,0.4375,0.625,1.0,0.0,0.0,True,0.6021215692877588,0.9933333333333333,0.0009663489123541668,2331.58953776262,108.736693706778,0.0,0.9996331172801761,0.0,0.44507369491033183,0.4375,0.625,1.0,0.0,0.0,True,0.7013386091934669,0.9388594612870506,0.010921755936502823,4.731271127668912,1228.9511736651473,1.0,0.9996331172801761,0.6062271062271062,0.5006897553183766,0.65625,0.8125,1.0,0.2,1.0,Rule:Combined,fleet,40000,20000,0.37,B_fleet_size,CTT_Traverse,FS-B,0,4,CIDv2_Prototype|CIDv2_RenaultClio|CTT_Impala|ROAD_ORNL
123099,23756,0.19298288369523717,0.9996245080981848,0.9993877493738658,99363,0.031993395843505856,False,0.706179491496885,1.0,0.0,0.9974252036314317,0.0,1.0,0.9783539195303901,0.6117216117216118,0.5214550206926596,0.78125,1.0,1.0,0.3,1.0,True,0.8809984845933659,1.0,0.0,0.9881930227458343,0.0,1.0,0.9976764094411154,0.7106227106227107,0.8075945690844406,0.96875,1.0,1.0,0.9,1.0,True,0.9978531739350059,0.9975172529877125,0.0005939019357176651,0.4681704702404579,66.82775967395732,1.0,0.9995108230402348,0.9175824175824175,0.999854788354026,1.0,1.0,1.0,1.0,1.0,True,0.997979457821182,0.9969722455845248,0.0007247616842656252,0.4360920873790597,81.55252028008351,1.0,0.9997554115201174,0.9175824175824175,0.999927394177013,1.0,1.0,1.0,1.0,1.0,True,0.998316214850985,0.9577965348733896,0.010519110556355253,0.02543988739289247,1183.6442179539897,1.0,0.9998777057600587,0.9285714285714286,1.0,1.0,1.0,1.0,1.0,1.0,HistGB,fleet,40000,20000,20.4,B_fleet_size,CTT_Traverse,FS-B,1,4,CIDv2_Prototype|CIDv2_RenaultClio|CTT_Impala|ROAD_ORNL
123099,23756,0.19298288369523717,0.9995497913292352,0.9993271710598383,99363,0.031993395843505856,False,0.5609951170230678,1.0,0.0,0.9984266757965089,0.0,1.0,0.6833802127919775,0.6062271062271062,0.4463805997240979,0.75,1.0,1.0,0.2,1.0,True,0.8564573160464725,1.0,0.0,0.9890276193618774,0.0,1.0,0.9855692796869268,0.6684981684981685,0.774123284687432,0.96875,1.0,1.0,0.9,1.0,True,0.997979457821182,0.9983997304809231,0.00038251311114019103,0.2936015725135803,43.04160792559962,1.0,0.9998777057600587,0.9175824175824175,0.999854788354026,1.0,1.0,1.0,1.0,1.0,True,0.997979457821182,0.9980214691643865,0.0004731083216733942,0.2719327509403229,53.23567296061007,1.0,0.9998777057600587,0.9175824175824175,0.999854788354026,1.0,1.0,1.0,1.0,1.0,True,0.9983583094797104,0.9588437436830403,0.010247324924755644,0.02174568548798561,1153.0620228489583,1.0,0.9998777057600587,0.9304029304029304,1.0,1.0,1.0,1.0,1.0,1.0,XGBoost,fleet,40000,20000,11.61,B_fleet_size,CTT_Traverse,FS-B,1,4,CIDv2_Prototype|CIDv2_RenaultClio|CTT_Impala|ROAD_ORNL
123099,23756,0.19298288369523717,0.873267831430576,0.8113538139824102,99363,0.031993395843505856,False,0.0,0.0,0.0,498343.9746087875,0.0,0.0,0.0,0.0,0.0,0.0,0.0,0.0,0.0,0.0,True,0.6021215692877588,0.9996505695715983,5.033067251844619e-05,3137.5483708223765,5.663369463894687,0.0,0.9996331172801761,0.0,0.44507369491033183,0.4375,0.625,1.0,0.0,0.0,True,0.6021215692877588,0.994161801501251,0.000845555298309896,2440.696525525151,95.14460699343074,0.0,0.9996331172801761,0.0,0.44507369491033183,0.4375,0.625,1.0,0.0,0.0,True,0.6021215692877588,0.9933333333333333,0.0009663489123541668,2372.3355728376746,108.736693706778,0.0,0.9996331172801761,0.0,0.44507369491033183,0.4375,0.625,1.0,0.0,0.0,True,0.6922040747600606,0.9381025728792287,0.010921755936502823,4.811256399716727,1228.9511736651473,1.0,0.9996331172801761,0.3882783882783883,0.4935743846656502,0.625,0.75,1.0,0.2,1.0,Rule:Combined,fleet,40000,20000,0.3,B_fleet_size,CTT_Traverse,FS-B,1,4,CIDv2_Prototype|CIDv2_RenaultClio|CTT_Impala|ROAD_ORNL
123099,23756,0.19298288369523717,0.9994412373737279,0.9987548883613661,99363,0.031993395843505856,False,0.8638659707021384,1.0,0.0,0.993245451598352,0.0,1.0,0.9993885288002935,0.6172161172161172,0.7807304145792493,0.875,1.0,1.0,0.6,1.0,True,0.9368159622832126,0.9959276828067664,0.0009160182398357207,0.7864762742183902,103.07332424288332,1.0,0.9997554115201174,0.6978021978021978,0.9031438321353372,1.0,1.0,1.0,1.0,1.0,True,0.9771005219733961,0.9908225551713834,0.002164218918293186,0.43930176934046117,243.52488694747157,1.0,0.9997554115201174,0.7692307692307693,0.9697959776374065,1.0,1.0,1.0,1.0,1.0,True,0.9794578211820172,0.9902540749882964,0.0023051448013448354,0.413517888215853,259.3823214463767,1.0,0.9997554115201174,0.7747252747252747,0.9736440862557177,1.0,1.0,1.0,1.0,1.0,True,0.9984845933658865,0.9585774904021014,0.010317787866281469,0.004258094164772343,1160.990740098411,1.0,0.9998777057600587,0.9358974358974359,1.0,1.0,1.0,1.0,1.0,1.0,HistGB,fleet,40000,20000,13.57,B_fleet_size,CTT_Traverse,FS-B,0,5,CIDv2_OpelAstra|CIDv2_Prototype|CIDv2_RenaultClio|CTT_Impala|CTT_Silverado
123099,23756,0.19298288369523717,0.9994158125027244,0.9985140701863428,99363,0.031993395843505856,False,0.8595723185721502,1.0,0.0,0.9962989687919618,0.0,1.0,0.9936406995230525,0.6190476190476191,0.7766644884919771,0.84375,1.0,1.0,0.5,1.0,True,0.8921956558343156,0.9998113118543327,4.026453801475695e-05,0.9834169745445251,4.53069557111575,1.0,0.9993885288002935,0.6446886446886447,0.8285050461046976,0.96875,1.0,1.0,0.9,1.0,True,0.938415558174777,0.9952232142857143,0.0010770763918947486,0.9086148142814636,121.19610652734632,1.0,0.9995108230402348,0.6996336996336996,0.9059754592318304,1.0,1.0,1.0,1.0,1.0,True,0.9401835325812427,0.9950547981823042,0.0011173409299095054,0.9041956067085266,125.72680209846206,1.0,0.9995108230402348,0.7014652014652014,0.9089522979742976,1.0,1.0,1.0,1.0,1.0,True,0.998652971880788,0.9566900556496492,0.010811028456962243,0.0014672985998913646,1216.491760844579,1.0,0.9998777057600587,0.9432234432234432,1.0,1.0,1.0,1.0,1.0,1.0,XGBoost,fleet,40000,20000,9.24,B_fleet_size,CTT_Traverse,FS-B,0,5,CIDv2_OpelAstra|CIDv2_Prototype|CIDv2_RenaultClio|CTT_Impala|CTT_Silverado
123099,23756,0.19298288369523717,0.9994361509164715,0.9990551525625266,99363,0.031993395843505856,False,0.00046304091597912107,1.0,0.0,459808.54991233983,0.0,0.00873015873015873,0.0,0.0,0.0,0.0625,0.0,0.0,0.0,1.0,True,0.8578043441656844,0.9999509298787967,1.0066134503689238e-05,31250.0,1.1326738927789375,1.0,0.9737067384126208,0.6062271062271062,0.7859580338343135,0.625,0.8125,0.75,0.2,1.0,True,0.9982320255935343,0.9990731378496798,0.00022145495908116325,2734.730227958543,24.91882564113663,1.0,0.9998777057600587,0.924908424908425,1.0,1.0,1.0,1.0,1.0,1.0,True,0.9982320255935343,0.9986103507811513,0.00033218243862174487,2596.851583060725,37.37823846170494,1.0,0.9998777057600587,0.924908424908425,1.0,1.0,1.0,1.0,1.0,1.0,True,0.9982320255935343,0.9584124802974578,0.010358052404296226,4.770971642997616,1165.5214356695267,1.0,0.9998777057600587,0.924908424908425,1.0,1.0,1.0,1.0,1.0,1.0,Rule:Combined,fleet,40000,20000,0.31,B_fleet_size,CTT_Traverse,FS-B,0,5,CIDv2_OpelAstra|CIDv2_Prototype|CIDv2_RenaultClio|CTT_Impala|CTT_Silverado
123099,23756,0.19298288369523717,0.9994403452098032,0.9992776961274923,99363,0.031993395843505856,False,0.7120306448897121,1.0,0.0,0.9989472361467947,0.0,1.0,0.9527944233826586,0.6117216117216118,0.5467218470921368,0.84375,1.0,1.0,0.5,1.0,True,0.9452348880282876,1.0,0.0,0.9716320154007388,0.0,1.0,0.9995108230402348,0.6868131868131868,0.918245843316634,0.96875,1.0,1.0,0.9,1.0,True,0.9950328338104057,0.9931098227039744,0.0016508460586050352,0.3789683375144438,185.75851841574578,1.0,0.9998777057600587,0.7948717948717948,0.999636970885065,1.0,1.0,1.0,1.0,1.0,True,0.9952012123253073,0.9921524193209954,0.0018823671521898875,0.3450927318578823,211.8100179496613,1.0,0.9998777057600587,0.7985347985347986,0.999782182531039,1.0,1.0,1.0,1.0,1.0,True,0.9983583094797104,0.9617599351175994,0.009492364836978951,0.00998169380337035,1068.111480890538,1.0,0.9998777057600587,0.9304029304029304,1.0,1.0,1.0,1.0,1.0,1.0,HistGB,fleet,40000,20000,10.94,B_fleet_size,CTT_Traverse,FS-B,1,5,CIDv2_OpelAstra|CIDv2_Prototype|CIDv2_RenaultClio|CTT_Impala|CTT_Silverado
123099,23756,0.19298288369523717,0.9994985358655669,0.9991736877998059,99363,0.031993395843505856,False,0.6902677218386933,1.0,0.0,0.9995332956314088,0.0,1.0,0.8987403693286046,0.608058608058608,0.5414216220140855,0.78125,1.0,1.0,0.3,1.0,True,0.9086125610372117,1.0,0.0,0.9933330416679382,0.0,1.0,0.9985324691207044,0.6721611721611722,0.8562404704857329,0.96875,1.0,1.0,0.9,1.0,True,0.9870348543525846,0.995626512674621,0.0010368118538799916,0.8999306559562683,116.66541095623057,1.0,0.9995108230402348,0.7380952380952381,0.9883104624990924,1.0,1.0,1.0,1.0,1.0,True,0.9881293146994443,0.9952514203340965,0.0011274070644131946,0.8901234269142151,126.85947599124098,1.0,0.9995108230402348,0.73992673992674,0.9901256080737675,1.0,1.0,1.0,1.0,1.0,True,0.9984424987371612,0.9626608222736313,0.0092608437433941,0.0020702574402093887,1042.0599813566225,1.0,0.9998777057600587,0.9340659340659341,1.0,1.0,1.0,1.0,1.0,1.0,XGBoost,fleet,40000,20000,8.09,B_fleet_size,CTT_Traverse,FS-B,1,5,CIDv2_OpelAstra|CIDv2_Prototype|CIDv2_RenaultClio|CTT_Impala|CTT_Silverado
123099,23756,0.19298288369523717,0.999429217843027,0.9990448035918221,99363,0.031993395843505856,False,0.00046304091597912107,1.0,0.0,464757.86371520266,0.0,0.00873015873015873,0.0,0.0,0.0,0.0625,0.0,0.0,0.0,1.0,True,0.8578043441656844,0.9999509298787967,1.0066134503689238e-05,31250.0,1.1326738927789375,1.0,0.9737067384126208,0.6062271062271062,0.7859580338343135,0.625,0.8125,0.75,0.2,1.0,True,0.9982320255935343,0.9990731378496798,0.00022145495908116325,2764.175156020303,24.91882564113663,1.0,0.9998777057600587,0.924908424908425,1.0,1.0,1.0,1.0,1.0,1.0,True,0.9982320255935343,0.9986103507811513,0.00033218243862174487,2624.8124050082274,37.37823846170494,1.0,0.9998777057600587,0.924908424908425,1.0,1.0,1.0,1.0,1.0,1.0,True,0.9982320255935343,0.9583737471710314,0.010368118538799915,4.826372855474215,1166.6541095623056,1.0,0.9998777057600587,0.924908424908425,1.0,1.0,1.0,1.0,1.0,1.0,Rule:Combined,fleet,40000,20000,0.31,B_fleet_size,CTT_Traverse,FS-B,1,5,CIDv2_OpelAstra|CIDv2_Prototype|CIDv2_RenaultClio|CTT_Impala|CTT_Silverado
123099,23756,0.19298288369523717,0.998088646736386,0.9924526448788147,99363,0.031993395843505856,False,0.6798282539148005,1.0,0.0,0.9972415981116026,0.0,1.0,0.9520606579430109,0.6043956043956044,0.4919044507369491,0.65625,0.875,1.0,0.1,1.0,True,0.719439299545378,0.9998829930380858,2.0132269007378476e-05,0.9950887129467936,2.265347785557875,1.0,0.9908279320044026,0.6043956043956044,0.5372104842808393,0.65625,0.875,1.0,0.1,1.0,True,0.7528624347533255,0.9936111111111111,0.0011576054679242624,0.989488471087905,130.25749766957782,1.0,0.997554115201174,0.6043956043956044,0.5908661874682349,0.65625,0.875,1.0,0.1,1.0,True,0.7537885165852837,0.9932331244106717,0.001228068409450087,0.9891826867965691,138.1862149190304,1.0,0.9977987036810566,0.6043956043956044,0.592318303927975,0.65625,0.875,1.0,0.1,1.0,True,0.9980215524499074,0.9613185743826785,0.009603092316519533,0.011699229818149333,1080.5708937111062,1.0,0.9998777057600587,0.9157509157509157,1.0,1.0,1.0,1.0,1.0,1.0,HistGB,fleet,40000,20000,29.63,B_fleet_size,CTT_Traverse,FS-B,0,5,CIDv2_OpelAstra|CIDv2_Prototype|CIDv2_RenaultClio|CTT_Silverado|ROAD_ORNL
123099,23756,0.19298288369523717,0.998407538877453,0.9940806575079153,99363,0.031993395843505856,False,0.6240949654824044,1.0,0.0,0.9943819642066957,0.0,1.0,0.8406506053564877,0.6043956043956044,0.46191824584331664,0.65625,0.875,1.0,0.1,1.0,True,0.7382555985856205,0.9998859749144812,2.0132269007378476e-05,0.9726271629333496,2.265347785557875,1.0,0.9953528188822306,0.6043956043956044,0.5669788717055108,0.65625,0.875,1.0,0.1,1.0,True,0.7849385418420609,0.9946658131967782,0.0010066134503689237,0.9204995632171631,113.26738927789374,1.0,0.9990216460804696,0.6043956043956044,0.6453205547084876,0.6875,0.9375,1.0,0.1,1.0,True,0.7861592860750968,0.9942504258943782,0.0010871425263984378,0.9178125262260437,122.32878042012526,1.0,0.9990216460804696,0.6043956043956044,0.6474261235751108,0.6875,0.9375,1.0,0.1,1.0,True,0.9979373631924566,0.9618614841562868,0.009462166433467884,0.007966983132064342,1064.7134592122013,1.0,0.9998777057600587,0.9120879120879121,1.0,1.0,1.0,1.0,1.0,1.0,XGBoost,fleet,40000,20000,21.08,B_fleet_size,CTT_Traverse,FS-B,0,5,CIDv2_OpelAstra|CIDv2_Prototype|CIDv2_RenaultClio|CTT_Silverado|ROAD_ORNL
123099,23756,0.19298288369523717,0.9121397547368617,0.8458102240975832,99363,0.031993395843505856,False,0.0,0.0,0.0,518496.95579685457,0.0,0.0,0.0,0.0,0.0,0.0,0.0,0.0,0.0,0.0,True,0.6021215692877588,0.9996505695715983,5.033067251844619e-05,3264.435721322072,5.663369463894687,0.0,0.9996331172801761,0.0,0.44507369491033183,0.4375,0.625,1.0,0.0,0.0,True,0.6021215692877588,0.994161801501251,0.000845555298309896,2539.4033102927283,95.14460699343074,0.0,0.9996331172801761,0.0,0.44507369491033183,0.4375,0.625,1.0,0.0,0.0,True,0.6021215692877588,0.9933333333333333,0.0009663489123541668,2468.2777014092435,108.736693706778,0.0,0.9996331172801761,0.0,0.44507369491033183,0.4375,0.625,1.0,0.0,0.0,True,0.7013386091934669,0.9381721943803142,0.011052615685050783,4.965805582295215,1243.6759342712735,1.0,0.9996331172801761,0.6062271062271062,0.5006897553183766,0.65625,0.8125,1.0,0.2,1.0,Rule:Combined,fleet,40000,20000,0.3,B_fleet_size,CTT_Traverse,FS-B,0,5,CIDv2_OpelAstra|CIDv2_Prototype|CIDv2_RenaultClio|CTT_Silverado|ROAD_ORNL
123099,23756,0.19298288369523717,0.9982898300192257,0.9933176978381405,99363,0.031993395843505856,False,0.7206179491496885,0.9998831843934349,2.0132269007378476e-05,0.9938408273587142,2.265347785557875,1.0,0.9903387550446374,0.6043956043956044,0.5395338706164234,0.65625,0.875,1.0,0.1,1.0,True,0.7398130998484593,0.9994881710646042,9.059521053320314e-05,0.9922059115373677,10.19406503501044,1.0,0.9946190534425828,0.6043956043956044,0.5701009220939519,0.65625,0.875,1.0,0.1,1.0,True,0.7749621148341471,0.9950275645876121,0.0009260843743394099,0.9862519347541667,104.20599813566226,1.0,0.9984101748807631,0.6043956043956044,0.6284760037755028,0.65625,0.875,1.0,0.1,1.0,True,0.77584610203738,0.9946036371485618,0.0010066134503689237,0.9859649822322755,113.26738927789374,1.0,0.9984101748807631,0.6043956043956044,0.6300007260582299,0.65625,0.875,1.0,0.1,1.0,True,0.9982320255935343,0.9584899559435754,0.010337920135288848,0.008252581467676361,1163.256087883969,1.0,0.9998777057600587,0.924908424908425,1.0,1.0,1.0,1.0,1.0,1.0,HistGB,fleet,40000,20000,26.72,B_fleet_size,CTT_Traverse,FS-B,1,5,CIDv2_OpelAstra|CIDv2_Prototype|CIDv2_RenaultClio|CTT_Silverado|ROAD_ORNL
123099,23756,0.19298288369523717,0.998595481651036,0.9952213444052816,99363,0.031993395843505856,False,0.7452433069540326,1.0,0.0,0.9804921150207521,0.0,1.0,0.9910725204842852,0.6043956043956044,0.5815726421258985,0.6875,0.9375,1.0,0.1,1.0,True,0.7866644216198013,0.9997325201947252,5.033067251844619e-05,0.9591482281684875,5.663369463894687,1.0,0.9970649382414088,0.6043956043956044,0.6494590866187469,0.6875,0.9375,1.0,0.1,1.0,True,0.8378514901498568,0.9943051253871515,0.0011475393334205732,0.8835867047309875,129.12482377679888,1.0,0.9991439403204109,0.6062271062271062,0.7364408625571771,0.75,1.0,1.0,0.2,1.0,True,0.8399141269574002,0.9936752988047809,0.0012783990819685332,0.8772057294845581,143.84958438292506,1.0,0.9992662345603522,0.6062271062271062,0.7399259420605533,0.75,1.0,1.0,0.2,1.0,True,0.9980636470786328,0.9612032269834191,0.0096332907200306,0.006802307441830635,1083.968915389443,1.0,0.9998777057600587,0.9175824175824175,1.0,1.0,1.0,1.0,1.0,1.0,XGBoost,fleet,40000,20000,12.92,B_fleet_size,CTT_Traverse,FS-B,1,5,CIDv2_OpelAstra|CIDv2_Prototype|CIDv2_RenaultClio|CTT_Silverado|ROAD_ORNL
123099,23756,0.19298288369523717,0.9119883186500624,0.8454299659281994,99363,0.031993395843505856,False,0.0,0.0,0.0,528361.6305507042,0.0,0.0,0.0,0.0,0.0,0.0,0.0,0.0,0.0,0.0,True,0.6021215692877588,0.9996505695715983,5.033067251844619e-05,3326.551638914464,5.663369463894687,0.0,0.9996331172801761,0.0,0.44507369491033183,0.4375,0.625,1.0,0.0,0.0,True,0.6021215692877588,0.994161801501251,0.000845555298309896,2587.725108477395,95.14460699343074,0.0,0.9996331172801761,0.0,0.44507369491033183,0.4375,0.625,1.0,0.0,0.0,True,0.6021215692877588,0.9933333333333333,0.0009663489123541668,2515.246452027948,108.736693706778,0.0,0.9996331172801761,0.0,0.44507369491033183,0.4375,0.625,1.0,0.0,0.0,True,0.6993601616433743,0.9380081300813008,0.011052615685050783,5.068804801527102,1243.6759342712735,1.0,0.9996331172801761,0.6062271062271062,0.49727728163798735,0.65625,0.8125,1.0,0.2,1.0,Rule:Combined,fleet,40000,20000,0.29,B_fleet_size,CTT_Traverse,FS-B,1,5,CIDv2_OpelAstra|CIDv2_Prototype|CIDv2_RenaultClio|CTT_Silverado|ROAD_ORNL
123099,23756,0.19298288369523717,0.9996541694236742,0.9995640233028874,99363,0.031993395843505856,False,0.8673598248863446,1.0,0.0,0.9981644835965338,0.0,1.0,0.9985324691207044,0.6227106227106227,0.7870471211791186,0.875,1.0,1.0,0.6,1.0,True,0.9352163663916484,1.0,0.0,0.9913580525073955,0.0,1.0,0.9996331172801761,0.663003663003663,0.9018369273215712,0.96875,1.0,1.0,0.9,1.0,True,0.998316214850985,0.9994521471617008,0.0001308597485479601,0.047215408463043555,14.724760606126187,1.0,0.9998777057600587,0.9285714285714286,1.0,1.0,1.0,1.0,1.0,1.0,True,0.9984424987371612,0.9990733330525252,0.00022145495908116325,0.033877294806062316,24.91882564113663,1.0,0.9998777057600587,0.9340659340659341,1.0,1.0,1.0,1.0,1.0,1.0,True,0.9989476342818656,0.9633042419322103,0.009099785591335072,0.004311284353537126,1023.9371990721595,1.0,0.9998777057600587,0.9560439560439561,1.0,1.0,1.0,1.0,1.0,1.0,HistGB,fleet,40000,20000,14.27,B_fleet_size,CTT_Traverse,FS-B,0,5,CIDv2_OpelAstra|CIDv2_Prototype|CTT_Forester|CTT_Impala|CTT_Silverado
123099,23756,0.19298288369523717,0.9997156956835301,0.999560486740246,99363,0.031993395843505856,False,0.788979626199697,1.0,0.0,0.9993311166763307,0.0,1.0,0.9093799682034976,0.6190476190476191,0.7049299353808175,0.84375,1.0,1.0,0.5,1.0,True,0.9213672335410001,1.0,0.0,0.9926326870918274,0.0,1.0,0.9991439403204109,0.6648351648351648,0.878167429027808,0.96875,1.0,1.0,0.9,1.0,True,0.9980636470786328,0.9990729816281814,0.00022145495908116325,0.036781806498765945,24.91882564113663,1.0,0.9998777057600587,0.9194139194139194,0.999927394177013,1.0,1.0,1.0,1.0,1.0,True,0.9980636470786328,0.9989046174587125,0.0002617194970959202,0.033113960176706314,29.449521212252375,1.0,0.9998777057600587,0.9194139194139194,0.999927394177013,1.0,1.0,1.0,1.0,1.0,True,0.9987792557669641,0.9591317002182876,0.01017686198322982,0.0025019811000674963,1145.1333055995058,1.0,0.9998777057600587,0.9487179487179487,1.0,1.0,1.0,1.0,1.0,1.0,XGBoost,fleet,40000,20000,10.88,B_fleet_size,CTT_Traverse,FS-B,0,5,CIDv2_OpelAstra|CIDv2_Prototype|CTT_Forester|CTT_Impala|CTT_Silverado
123099,23756,0.19298288369523717,0.9994250023631858,0.9990289288505706,99363,0.031993395843505856,False,8.418925745074928e-05,1.0,0.0,477590.1958550036,0.0,0.0015873015873015873,0.0,0.0,0.0,0.03125,0.0,0.0,0.0,0.5,True,0.8578043441656844,0.9999509298787967,1.0066134503689238e-05,31250.0,1.1326738927789375,1.0,0.9737067384126208,0.6062271062271062,0.7859580338343135,0.625,0.8125,0.75,0.2,1.0,True,0.9982320255935343,0.9990731378496798,0.00022145495908116325,2840.53921543005,24.91882564113663,1.0,0.9998777057600587,0.924908424908425,1.0,1.0,1.0,1.0,1.0,1.0,True,0.9982320255935343,0.9986103507811513,0.00033218243862174487,2697.328559356733,37.37823846170494,1.0,0.9998777057600587,0.924908424908425,1.0,1.0,1.0,1.0,1.0,1.0,True,0.9982320255935343,0.958296290309545,0.010388250807807293,4.999414142470098,1168.9194573478635,1.0,0.9998777057600587,0.924908424908425,1.0,1.0,1.0,1.0,1.0,1.0,Rule:Combined,fleet,40000,20000,0.31,B_fleet_size,CTT_Traverse,FS-B,0,5,CIDv2_OpelAstra|CIDv2_Prototype|CTT_Forester|CTT_Impala|CTT_Silverado
123099,23756,0.19298288369523717,0.9996829485428984,0.9995068605065577,99363,0.031993395843505856,False,0.8802407812763091,1.0,0.0,0.9924780448441358,0.0,1.0,0.9988993518405284,0.6336996336996337,0.8086110506062586,0.875,1.0,1.0,0.6,1.0,True,0.929996632429702,1.0,0.0,0.9381633688817053,0.0,1.0,0.9996331172801761,0.6904761904761905,0.8917447179263777,0.96875,1.0,1.0,0.9,1.0,True,0.9950749284391311,0.9989857583569285,0.0002415872280885417,0.20136904246324028,27.1841734266945,1.0,0.9998777057600587,0.8736263736263736,0.9965875263196108,1.0,1.0,1.0,1.0,1.0,True,0.9955800639838357,0.9987331616063511,0.00030198403511067716,0.1738775269496556,33.98021678336813,1.0,0.9998777057600587,0.8791208791208791,0.9972409787264939,1.0,1.0,1.0,1.0,1.0,True,0.9984004041084358,0.9633631194151097,0.009079653322327692,0.015307306312029232,1021.6718512866016,1.0,1.0,0.9304029304029304,1.0,1.0,1.0,1.0,1.0,1.0,HistGB,fleet,40000,20000,13.9,B_fleet_size,CTT_Traverse,FS-B,1,5,CIDv2_OpelAstra|CIDv2_Prototype|CTT_Forester|CTT_Impala|CTT_Silverado
123099,23756,0.19298288369523717,0.9997597670136135,0.9994791801421891,99363,0.031993395843505856,False,0.822697423808722,1.0,0.0,0.9963479638099672,0.0,1.0,0.993029228323346,0.6245421245421245,0.7132069992013359,0.90625,1.0,1.0,0.7,1.0,True,0.9105910085873042,1.0,0.0,0.9644259810447693,0.0,1.0,0.9993885288002935,0.6611721611721612,0.8595803383431351,0.96875,1.0,1.0,0.9,1.0,True,0.9912443172251221,0.9993634087340322,0.00015099201755533858,0.20137032866477966,16.990108391684064,1.0,0.9998777057600587,0.847985347985348,0.9909968779496116,1.0,1.0,1.0,1.0,1.0,True,0.9921703990570803,0.9991945398278859,0.00019125655557009552,0.17642740905284882,21.52080396279981,1.0,0.9998777057600587,0.847985347985348,0.9925942060553257,1.0,1.0,1.0,1.0,1.0,True,0.9984004041084358,0.9596989560572955,0.010025869965674481,0.0016109178541228175,1128.1431972078217,1.0,0.9998777057600587,0.9322344322344323,1.0,1.0,1.0,1.0,1.0,1.0,XGBoost,fleet,40000,20000,8.39,B_fleet_size,CTT_Traverse,FS-B,1,5,CIDv2_OpelAstra|CIDv2_Prototype|CTT_Forester|CTT_Impala|CTT_Silverado
123099,23756,0.19298288369523717,0.9994211678167894,0.9990237023998748,99363,0.031993395843505856,False,8.418925745074928e-05,1.0,0.0,474326.3073983027,0.0,0.0015873015873015873,0.0,0.0,0.0,0.03125,0.0,0.0,0.0,0.5,True,0.8578043441656844,0.9999509298787967,1.0066134503689238e-05,31250.0,1.1326738927789375,1.0,0.9737067384126208,0.6062271062271062,0.7859580338343135,0.625,0.8125,0.75,0.2,1.0,True,0.9982320255935343,0.9990731378496798,0.00022145495908116325,2821.111799193408,24.91882564113663,1.0,0.9998777057600587,0.924908424908425,1.0,1.0,1.0,1.0,1.0,1.0,True,0.9982320255935343,0.9986103507811513,0.00033218243862174487,2678.8798558560115,37.37823846170494,1.0,0.9998777057600587,0.924908424908425,1.0,1.0,1.0,1.0,1.0,1.0,True,0.9982320255935343,0.9583350171751869,0.010378184673303604,4.953152122306087,1167.7867834550846,1.0,0.9998777057600587,0.924908424908425,1.0,1.0,1.0,1.0,1.0,1.0,Rule:Combined,fleet,40000,20000,0.3,B_fleet_size,CTT_Traverse,FS-B,1,5,CIDv2_OpelAstra|CIDv2_Prototype|CTT_Forester|CTT_Impala|CTT_Silverado
123099,23756,0.19298288369523717,0.9996836243925588,0.999482475195986,99363,0.031993395843505856,False,0.6454790368748947,1.0,0.0,0.9995990928994751,0.0,1.0,0.7968692674575028,0.6025641025641025,0.5248674943730487,0.71875,1.0,1.0,0.1,1.0,True,0.864160633103216,1.0,0.0,0.9967530274847896,0.0,1.0,0.9580530757001345,0.6556776556776557,0.8042547012270385,0.96875,1.0,1.0,0.9,1.0,True,0.9952012123253073,0.9984796013176789,0.0003623808421328126,0.6737713485762736,40.77626014004176,1.0,0.9997554115201174,0.9084249084249084,0.9954984389748058,1.0,1.0,1.0,1.0,1.0,True,0.9959168210136387,0.9981858071048857,0.00043284378365863725,0.6297238738178444,48.70497738949432,1.0,0.9998777057600587,0.9120879120879121,0.9965149204966238,1.0,1.0,1.0,1.0,1.0,True,0.9986108772520627,0.9601343694350009,0.0099151424861339,0.11390116572544295,1115.6837843872536,1.0,0.9998777057600587,0.9413919413919414,1.0,1.0,1.0,1.0,1.0,1.0,HistGB,fleet,40000,20000,28.93,B_fleet_size,CTT_Traverse,FS-B,0,5,CIDv2_OpelAstra|CIDv2_RenaultClio|CTT_Forester|CTT_Impala|ROAD_ORNL
123099,23756,0.19298288369523717,0.9996290250620596,0.9994635704713618,99363,0.031993395843505856,False,0.7310574170735814,1.0,0.0,0.9987251162528993,0.0,1.0,0.8143573437691085,0.6227106227106227,0.6612938357656284,0.90625,1.0,1.0,0.7,1.0,True,0.8555312342145143,1.0,0.0,0.9957346320152283,0.0,1.0,0.9399535281888223,0.652014652014652,0.8002613809627532,1.0,1.0,1.0,1.0,1.0,True,0.9949907391816805,0.9983527622909275,0.0003925792456438803,0.6982904672622681,44.17428181837857,1.0,0.9998777057600587,0.9010989010989011,0.9953532273288318,1.0,1.0,1.0,1.0,1.0,True,0.9958326317561879,0.9981014260399966,0.0004529760526660157,0.6569781303405762,50.97032517505218,1.0,0.9998777057600587,0.9084249084249084,0.9965149204966238,1.0,1.0,1.0,1.0,1.0,True,0.9987792557669641,0.9595971851492356,0.01005606836918555,0.05171392858028412,1131.5412188861587,1.0,0.9998777057600587,0.9487179487179487,1.0,1.0,1.0,1.0,1.0,1.0,XGBoost,fleet,40000,20000,10.05,B_fleet_size,CTT_Traverse,FS-B,0,5,CIDv2_OpelAstra|CIDv2_RenaultClio|CTT_Forester|CTT_Impala|ROAD_ORNL
123099,23756,0.19298288369523717,0.9230715352823091,0.8509480240280469,99363,0.031993395843505856,False,0.0,0.0,0.0,538120.2830839263,0.0,0.0,0.0,0.0,0.0,0.0,0.0,0.0,0.0,0.0,True,0.6021215692877588,0.9996505695715983,5.033067251844619e-05,3388.025541822019,5.663369463894687,0.0,0.9996331172801761,0.0,0.44507369491033183,0.4375,0.625,1.0,0.0,0.0,True,0.6021215692877588,0.994161801501251,0.000845555298309896,2635.5532027735644,95.14460699343074,0.0,0.9996331172801761,0.0,0.44507369491033183,0.4375,0.625,1.0,0.0,0.0,True,0.6021215692877588,0.9933333333333333,0.0009663489123541668,2561.7358966769066,108.736693706778,0.0,0.9996331172801761,0.0,0.44507369491033183,0.4375,0.625,1.0,0.0,0.0,True,0.6993601616433743,0.9380081300813008,0.011052615685050783,5.196351606486374,1243.6759342712735,1.0,0.9996331172801761,0.6062271062271062,0.49727728163798735,0.65625,0.8125,1.0,0.2,1.0,Rule:Combined,fleet,40000,20000,0.32,B_fleet_size,CTT_Traverse,FS-B,0,5,CIDv2_OpelAstra|CIDv2_RenaultClio|CTT_Forester|CTT_Impala|ROAD_ORNL
123099,23756,0.19298288369523717,0.9997401360174265,0.9995739632068488,99363,0.031993395843505856,False,0.6573497221754504,1.0,0.0,0.9997129729271332,0.0,1.0,0.7621377033141739,0.6098901098901099,0.5656719668917447,0.8125,1.0,1.0,0.4,1.0,True,0.8721586125610372,1.0,0.0,0.9975851695428044,0.0,1.0,0.9673474379356732,0.6813186813186813,0.8115152835257388,0.96875,1.0,1.0,0.9,1.0,True,0.997979457821182,0.9983156476334849,0.00040264538014756954,0.6027315667939618,45.3069557111575,1.0,0.9998777057600587,0.9285714285714286,0.999419153416104,1.0,1.0,1.0,1.0,1.0,True,0.9981057417073581,0.9978537160171703,0.0005133728596881512,0.5502043585901705,57.76636853172582,1.0,0.9998777057600587,0.9285714285714286,0.999636970885065,1.0,1.0,1.0,1.0,1.0,True,0.9988213503956895,0.9601424351555862,0.0099151424861339,0.0862478697541527,1115.6837843872536,1.0,0.9998777057600587,0.9505494505494505,1.0,1.0,1.0,1.0,1.0,1.0,HistGB,fleet,40000,20000,35.46,B_fleet_size,CTT_Traverse,FS-B,1,5,CIDv2_OpelAstra|CIDv2_RenaultClio|CTT_Forester|CTT_Impala|ROAD_ORNL
123099,23756,0.19298288369523717,0.9996169093446045,0.9994064648423494,99363,0.031993395843505856,False,0.7076948981309985,1.0,0.0,0.9990467429161073,0.0,1.0,0.7884309649015532,0.63003663003663,0.6360996151891382,0.90625,1.0,1.0,0.7,1.0,True,0.8244653982151877,1.0,0.0,0.9970458149909973,0.0,1.0,0.9108474990827932,0.6721611721611722,0.7631598054163944,1.0,1.0,1.0,1.0,1.0,True,0.9922545883145311,0.998517388910069,0.0003523147076291233,0.8203350305557251,39.64358624726281,1.0,0.9997554115201174,0.9029304029304029,0.9906338488346765,1.0,1.0,1.0,1.0,1.0,True,0.9937699949486446,0.9981818950572915,0.00043284378365863725,0.7886809706687927,48.70497738949432,1.0,0.9998777057600587,0.9102564102564102,0.9928846293472736,1.0,1.0,1.0,1.0,1.0,True,0.998652971880788,0.959281872952974,0.010136597445215063,0.1570073813199997,1140.60261002839,1.0,0.9998777057600587,0.945054945054945,0.999927394177013,1.0,1.0,1.0,1.0,1.0,XGBoost,fleet,40000,20000,7.92,B_fleet_size,CTT_Traverse,FS-B,1,5,CIDv2_OpelAstra|CIDv2_RenaultClio|CTT_Forester|CTT_Impala|ROAD_ORNL
123099,23756,0.19298288369523717,0.922689466452278,0.850349809803999,99363,0.031993395843505856,False,0.0,0.0,0.0,539067.6010934336,0.0,0.0,0.0,0.0,0.0,0.0,0.0,0.0,0.0,0.0,True,0.6021215692877588,0.9996505695715983,5.033067251844619e-05,3394.0040512104465,5.663369463894687,0.0,0.9996331172801761,0.0,0.44507369491033183,0.4375,0.625,1.0,0.0,0.0,True,0.6021215692877588,0.994161801501251,0.000845555298309896,2640.2070443863204,95.14460699343074,0.0,0.9996331172801761,0.0,0.44507369491033183,0.4375,0.625,1.0,0.0,0.0,True,0.6021215692877588,0.9933333333333333,0.0009663489123541668,2566.2597887864067,108.736693706778,0.0,0.9996331172801761,0.0,0.44507369491033183,0.4375,0.625,1.0,0.0,0.0,True,0.6993601616433743,0.9380081300813008,0.011052615685050783,5.219736376329918,1243.6759342712735,1.0,0.9996331172801761,0.6062271062271062,0.49727728163798735,0.65625,0.8125,1.0,0.2,1.0,Rule:Combined,fleet,40000,20000,0.31,B_fleet_size,CTT_Traverse,FS-B,1,5,CIDv2_OpelAstra|CIDv2_RenaultClio|CTT_Forester|CTT_Impala|ROAD_ORNL
123099,23756,0.19298288369523717,0.9995596667851512,0.9993394534727421,99363,0.031993395843505856,False,0.791799966324297,1.0,0.0,0.9966149643748143,0.0,1.0,0.9937629937629938,0.6172161172161172,0.6597691134829013,0.875,1.0,1.0,0.6,1.0,True,0.9257450749284392,1.0,0.0,0.9776671155812521,0.0,1.0,0.9995108230402348,0.6703296703296703,0.8852827996805344,0.96875,1.0,1.0,0.9,1.0,True,0.9967587135881462,0.9977246871444824,0.0005435712631992189,0.3443616928975966,61.16439021006263,1.0,0.9998777057600587,0.8608058608058609,1.0,1.0,1.0,1.0,1.0,1.0,True,0.996842902845597,0.9975987867554132,0.0005737696667102866,0.33148248353395443,64.56241188839944,1.0,0.9998777057600587,0.8644688644688645,1.0,1.0,1.0,1.0,1.0,1.0,True,0.9983583094797104,0.9553290904696689,0.011163343164591366,0.012477346997623118,1256.1353470918418,1.0,0.9998777057600587,0.9304029304029304,1.0,1.0,1.0,1.0,1.0,1.0,HistGB,fleet,40000,20000,23.95,B_fleet_size,CTT_Traverse,FS-B,0,5,CIDv2_OpelAstra|CIDv2_RenaultClio|CTT_Impala|CTT_Silverado|ROAD_ORNL
123099,23756,0.19298288369523717,0.9995869880606407,0.9993950830199914,99363,0.031993395843505856,False,0.7898636134029298,1.0,0.0,0.9978439807891847,0.0,1.0,0.9491255961844197,0.6190476190476191,0.6828577651927684,0.875,1.0,1.0,0.6,1.0,True,0.9538642869169894,1.0,0.0,0.9801166653633118,0.0,1.0,0.9995108230402348,0.6959706959706959,0.9327670079140347,0.96875,1.0,1.0,0.9,1.0,True,0.9967166189594208,0.9986503584985238,0.0003221163041180556,0.37312114238739014,36.245564568926,1.0,0.9998777057600587,0.8589743589743589,1.0,1.0,1.0,1.0,1.0,1.0,True,0.9970533759892237,0.9980616888589247,0.00046304218716970496,0.2903645634651184,52.10299906783113,1.0,0.9998777057600587,0.8736263736263736,1.0,1.0,1.0,1.0,1.0,1.0,True,0.9984845933658865,0.9571849400750575,0.010680168708414282,0.013125253841280937,1201.7670002384527,1.0,0.9998777057600587,0.9358974358974359,1.0,1.0,1.0,1.0,1.0,1.0,XGBoost,fleet,40000,20000,31.79,B_fleet_size,CTT_Traverse,FS-B,0,5,CIDv2_OpelAstra|CIDv2_RenaultClio|CTT_Impala|CTT_Silverado|ROAD_ORNL
123099,23756,0.19298288369523717,0.9264593838243984,0.8561482304191064,99363,0.031993395843505856,False,0.0,0.0,0.0,507605.3609255667,0.0,0.0,0.0,0.0,0.0,0.0,0.0,0.0,0.0,0.0,True,0.6021215692877588,0.9996505695715983,5.033067251844619e-05,3195.8766092455394,5.663369463894687,0.0,0.9996331172801761,0.0,0.44507369491033183,0.4375,0.625,1.0,0.0,0.0,True,0.6021215692877588,0.994161801501251,0.000845555298309896,2486.0742959076056,95.14460699343074,0.0,0.9996331172801761,0.0,0.44507369491033183,0.4375,0.625,1.0,0.0,0.0,True,0.6021215692877588,0.9933333333333333,0.0009663489123541668,2416.4430544162474,108.736693706778,0.0,0.9996331172801761,0.0,0.44507369491033183,0.4375,0.625,1.0,0.0,0.0,True,0.7013386091934669,0.9381721943803142,0.011052615685050783,4.875722393660962,1243.6759342712735,1.0,0.9996331172801761,0.6062271062271062,0.5006897553183766,0.65625,0.8125,1.0,0.2,1.0,Rule:Combined,fleet,40000,20000,0.31,B_fleet_size,CTT_Traverse,FS-B,0,5,CIDv2_OpelAstra|CIDv2_RenaultClio|CTT_Impala|CTT_Silverado|ROAD_ORNL
123099,23756,0.19298288369523717,0.9995554070255046,0.9992991041020302,99363,0.031993395843505856,False,0.7719313015659202,1.0,0.0,0.9976255084172458,0.0,1.0,0.9782316252904488,0.6172161172161172,0.6347201045523851,0.8125,1.0,1.0,0.4,1.0,True,0.9487708368412191,1.0,0.0,0.9543616829232301,0.0,1.0,0.9997554115201174,0.6813186813186813,0.9244173382705293,0.96875,1.0,1.0,0.9,1.0,True,0.9917915473985519,0.9970377893445052,0.0007046294152582466,0.6957968310440881,79.28717249452562,1.0,0.9997554115201174,0.7582417582417582,0.9955710447977928,1.0,1.0,1.0,1.0,1.0,True,0.9922966829432565,0.996870638981689,0.0007448939532730037,0.6799899474468931,83.81786806564138,1.0,0.9997554115201174,0.76007326007326,0.9963697088506498,1.0,1.0,1.0,1.0,1.0,True,0.9985687826233373,0.9582710563522521,0.010398316942310984,0.0062805779523137095,1170.0521312406424,1.0,0.9998777057600587,0.9395604395604396,1.0,1.0,1.0,1.0,1.0,1.0,HistGB,fleet,40000,20000,33.56,B_fleet_size,CTT_Traverse,FS-B,1,5,CIDv2_OpelAstra|CIDv2_RenaultClio|CTT_Impala|CTT_Silverado|ROAD_ORNL
123099,23756,0.19298288369523717,0.9995868022549503,0.9993583457787645,99363,0.031993395843505856,False,0.7897373295167537,1.0,0.0,0.9974399805068971,0.0,1.0,0.9441115323468264,0.6135531135531136,0.6858346039352357,0.84375,1.0,1.0,0.5,1.0,True,0.9626199696918674,1.0,0.0,0.9622443914413452,0.0,1.0,0.9995108230402348,0.684981684981685,0.9483046540332535,0.96875,1.0,1.0,0.9,1.0,True,0.9944435090082505,0.9983940495308934,0.00038251311114019103,0.6808319091796875,43.04160792559962,1.0,0.9998777057600587,0.7765567765567766,0.9993465475931169,1.0,1.0,1.0,1.0,1.0,True,0.9944856036369759,0.9981832009464255,0.00043284378365863725,0.6670483350753784,48.70497738949432,1.0,0.9998777057600587,0.7783882783882784,0.9993465475931169,1.0,1.0,1.0,1.0,1.0,True,0.9988213503956895,0.9564656562399226,0.010871425263984377,0.009292648173868656,1223.2878042012524,1.0,0.9998777057600587,0.9505494505494505,1.0,1.0,1.0,1.0,1.0,1.0,XGBoost,fleet,40000,20000,8.74,B_fleet_size,CTT_Traverse,FS-B,1,5,CIDv2_OpelAstra|CIDv2_RenaultClio|CTT_Impala|CTT_Silverado|ROAD_ORNL
123099,23756,0.19298288369523717,0.9257097097707998,0.8551131872719906,99363,0.031993395843505856,False,0.0,0.0,0.0,512563.7874231728,0.0,0.0,0.0,0.0,0.0,0.0,0.0,0.0,0.0,0.0,True,0.6021215692877588,0.9996505695715983,5.033067251844619e-05,3227.091804738603,5.663369463894687,0.0,0.9996331172801761,0.0,0.44507369491033183,0.4375,0.625,1.0,0.0,0.0,True,0.6021215692877588,0.994161801501251,0.000845555298309896,2510.3559503677307,95.14460699343074,0.0,0.9996331172801761,0.0,0.44507369491033183,0.4375,0.625,1.0,0.0,0.0,True,0.6021215692877588,0.9933333333333333,0.0009663489123541668,2440.0445320708277,108.736693706778,0.0,0.9996331172801761,0.0,0.44507369491033183,0.4375,0.625,1.0,0.0,0.0,True,0.7013386091934669,0.9381721943803142,0.011052615685050783,4.9204011439216595,1243.6759342712735,1.0,0.9996331172801761,0.6062271062271062,0.5006897553183766,0.65625,0.8125,1.0,0.2,1.0,Rule:Combined,fleet,40000,20000,0.3,B_fleet_size,CTT_Traverse,FS-B,1,5,CIDv2_OpelAstra|CIDv2_RenaultClio|CTT_Impala|CTT_Silverado|ROAD_ORNL
123099,23756,0.19298288369523717,0.9996037398101553,0.9994356033103913,99363,0.031993395843505856,False,0.8261912779929281,1.0,0.0,0.9996959425424442,0.0,1.0,0.9947413476825242,0.6190476190476191,0.7184346184564002,0.8125,1.0,1.0,0.4,1.0,True,0.9643037548408823,1.0,0.0,0.9826031750347025,0.0,1.0,0.9997554115201174,0.673992673992674,0.9514993102446816,0.96875,1.0,1.0,0.9,1.0,True,0.9970112813604984,0.9968014814191322,0.0007650262222803821,0.18266167579084647,86.08321585119924,1.0,0.9998777057600587,0.8882783882783882,0.9993465475931169,1.0,1.0,1.0,1.0,1.0,True,0.9971375652466745,0.9964245152063265,0.0008556214328135853,0.17163132951463975,96.2772808862097,1.0,0.9998777057600587,0.8937728937728938,0.9993465475931169,1.0,1.0,1.0,1.0,1.0,True,0.998652971880788,0.9579648697758933,0.010478846018340498,0.004944171114720322,1179.113522382874,1.0,0.9998777057600587,0.9432234432234432,1.0,1.0,1.0,1.0,1.0,1.0,HistGB,fleet,40000,20000,49.35,B_fleet_size,CTT_Traverse,FS-B,0,6,CIDv2_OpelAstra|CIDv2_Prototype|CIDv2_RenaultClio|CTT_Forester|CTT_Impala|CTT_Silverado
123099,23756,0.19298288369523717,0.999472857180177,0.9990471174811782,99363,0.031993395843505856,False,0.7602289947802661,1.0,0.0,0.9993784427642823,0.0,1.0,0.8959276018099548,0.6135531135531136,0.6635446162782255,0.84375,1.0,1.0,0.5,1.0,True,0.9292810237413706,1.0,0.0,0.9923627376556396,0.0,1.0,0.998777057600587,0.6556776556776557,0.8923981703332607,0.9375,1.0,1.0,0.8,1.0,True,0.9853510692035696,0.9922848664688427,0.0018320364796714415,0.9136099219322205,206.14664848576663,1.0,0.9995108230402348,0.7252747252747253,0.9859144703405213,0.96875,1.0,1.0,0.9,1.0,True,0.9857720154908234,0.9917418371236183,0.0019628962282194013,0.9087257385253906,220.8714090918928,1.0,0.9995108230402348,0.7252747252747253,0.9866405285703913,0.96875,1.0,1.0,0.9,1.0,True,0.9983583094797104,0.9569480309877341,0.010740565515436418,0.004176456946879625,1208.5630435951264,1.0,0.9998777057600587,0.9304029304029304,1.0,1.0,1.0,1.0,1.0,1.0,XGBoost,fleet,40000,20000,21.65,B_fleet_size,CTT_Traverse,FS-B,0,6,CIDv2_OpelAstra|CIDv2_Prototype|CIDv2_RenaultClio|CTT_Forester|CTT_Impala|CTT_Silverado
123099,23756,0.19298288369523717,0.9994251686772871,0.9990288113935231,99363,0.031993395843505856,False,8.418925745074928e-05,1.0,0.0,475315.6154595205,0.0,0.0015873015873015873,0.0,0.0,0.0,0.03125,0.0,0.0,0.0,0.5,True,0.8578043441656844,0.9999509298787967,1.0066134503689238e-05,31250.0,1.1326738927789375,1.0,0.9737067384126208,0.6062271062271062,0.7859580338343135,0.625,0.8125,0.75,0.2,1.0,True,0.9982320255935343,0.9990731378496798,0.00022145495908116325,2826.998045423978,24.91882564113663,1.0,0.9998777057600587,0.924908424908425,1.0,1.0,1.0,1.0,1.0,1.0,True,0.9982320255935343,0.9986103507811513,0.00033218243862174487,2684.46944721859,37.37823846170494,1.0,0.9998777057600587,0.924908424908425,1.0,1.0,1.0,1.0,1.0,1.0,True,0.9982320255935343,0.9580639948287007,0.010448647614829429,4.945556360554521,1175.7155007045371,1.0,0.9998777057600587,0.924908424908425,1.0,1.0,1.0,1.0,1.0,1.0,Rule:Combined,fleet,40000,20000,0.36,B_fleet_size,CTT_Traverse,FS-B,0,6,CIDv2_OpelAstra|CIDv2_Prototype|CIDv2_RenaultClio|CTT_Forester|CTT_Impala|CTT_Silverado
123099,23756,0.19298288369523717,0.9995639062057486,0.9993884039788848,99363,0.031993395843505856,False,0.7884744906549924,1.0,0.0,0.9997850745058573,0.0,1.0,0.9866699278463984,0.608058608058608,0.6586074203151093,0.78125,1.0,1.0,0.3,1.0,True,0.9540747600606163,1.0,0.0,0.9808474342732852,0.0,1.0,0.9995108230402348,0.7032967032967034,0.9328396137370217,0.96875,1.0,1.0,0.9,1.0,True,0.9976427007913791,0.9995782370307887,0.00010066134503689239,0.08478163943082898,11.326738927789375,1.0,0.9998777057600587,0.8992673992673993,1.0,1.0,1.0,1.0,1.0,1.0,True,0.9976427007913791,0.9994096314413426,0.00014092588305164932,0.08063750444066765,15.857434498905123,1.0,0.9998777057600587,0.8992673992673993,1.0,1.0,1.0,1.0,1.0,1.0,True,0.9987371611382387,0.9577749071532375,0.010529176690858942,0.0016920321459146835,1184.7768918467686,1.0,0.9998777057600587,0.9468864468864469,1.0,1.0,1.0,1.0,1.0,1.0,HistGB,fleet,40000,20000,23.39,B_fleet_size,CTT_Traverse,FS-B,1,6,CIDv2_OpelAstra|CIDv2_Prototype|CIDv2_RenaultClio|CTT_Forester|CTT_Impala|CTT_Silverado
123099,23756,0.19298288369523717,0.9997194812890889,0.9994239785954405,99363,0.031993395843505856,False,0.7123674019195151,1.0,0.0,0.9997053742408754,0.0,1.0,0.8758713464595818,0.608058608058608,0.593116967980832,0.75,1.0,1.0,0.2,1.0,True,0.9182522310153225,1.0,0.0,0.992462158203125,0.0,1.0,0.9991439403204109,0.684981684981685,0.8719959340739127,0.96875,1.0,1.0,0.9,1.0,True,0.9849722175450413,0.9988900747065101,0.0002617194970959202,0.9094247817993164,29.449521212252375,1.0,0.9995108230402348,0.7783882783882784,0.9831554490670151,1.0,1.0,1.0,1.0,1.0,True,0.9859403940057249,0.9987207914037183,0.00030198403511067716,0.903881311416626,33.98021678336813,1.0,0.9996331172801761,0.7783882783882784,0.9847527771727292,1.0,1.0,1.0,1.0,1.0,True,0.9986950665095133,0.9566532258064516,0.010821094591465932,0.004056922625750303,1217.624434737358,1.0,0.9998777057600587,0.945054945054945,1.0,1.0,1.0,1.0,1.0,1.0,XGBoost,fleet,40000,20000,8.74,B_fleet_size,CTT_Traverse,FS-B,1,6,CIDv2_OpelAstra|CIDv2_Prototype|CIDv2_RenaultClio|CTT_Forester|CTT_Impala|CTT_Silverado
123099,23756,0.19298288369523717,0.9994225500246843,0.9990240558546455,99363,0.031993395843505856,False,0.0,0.0,0.0,485473.4188262623,0.0,0.0,0.0,0.0,0.0,0.0,0.0,0.0,0.0,0.0,True,0.8578043441656844,0.9999509298787967,1.0066134503689238e-05,31250.0,1.1326738927789375,1.0,0.9737067384126208,0.6062271062271062,0.7859580338343135,0.625,0.8125,0.75,0.2,1.0,True,0.9982320255935343,0.9990731378496798,0.00022145495908116325,2887.4184969508256,24.91882564113663,1.0,0.9998777057600587,0.924908424908425,1.0,1.0,1.0,1.0,1.0,1.0,True,0.9982320255935343,0.9986103507811513,0.00033218243862174487,2741.8439700453923,37.37823846170494,1.0,0.9998777057600587,0.924908424908425,1.0,1.0,1.0,1.0,1.0,1.0,True,0.9982320255935343,0.9580252898638549,0.010458713749333118,5.055007456550959,1176.848174597316,1.0,0.9998777057600587,0.924908424908425,1.0,1.0,1.0,1.0,1.0,1.0,Rule:Combined,fleet,40000,20000,0.32,B_fleet_size,CTT_Traverse,FS-B,1,6,CIDv2_OpelAstra|CIDv2_Prototype|CIDv2_RenaultClio|CTT_Forester|CTT_Impala|CTT_Silverado
123099,23756,0.19298288369523717,0.9997377656707176,0.9995349757173425,99363,0.031993395843505856,False,0.697971038895437,1.0,0.0,0.999557839812642,0.0,1.0,0.856304268068974,0.6062271062271062,0.5799753140201844,0.75,1.0,1.0,0.2,1.0,True,0.9119801313352416,1.0,0.0,0.9967840617992617,0.0,1.0,0.9760303289715054,0.6684981684981685,0.8755536194002759,0.96875,1.0,1.0,0.9,1.0,True,0.9978531739350059,0.998651893668113,0.0003221163041180556,0.5791085192026385,36.245564568926,1.0,0.9998777057600587,0.9120879120879121,0.999854788354026,1.0,1.0,1.0,1.0,1.0,True,0.9980636470786328,0.9978116320175069,0.0005234389941918404,0.46691171571734646,58.89904242450475,1.0,0.9998777057600587,0.9194139194139194,0.999927394177013,1.0,1.0,1.0,1.0,1.0,True,0.9987792557669641,0.9600631221170187,0.009935274755141279,0.041728001940495335,1117.9491321728115,1.0,0.9998777057600587,0.9487179487179487,1.0,1.0,1.0,1.0,1.0,1.0,HistGB,fleet,40000,20000,25.14,B_fleet_size,CTT_Traverse,FS-B,0,6,CIDv2_OpelAstra|CIDv2_Prototype|CIDv2_RenaultClio|CTT_Forester|CTT_Impala|ROAD_ORNL
123099,23756,0.19298288369523717,0.9996197576589729,0.9994359540257693,99363,0.031993395843505856,False,0.7217545041252736,1.0,0.0,0.9991318583488465,0.0,1.0,0.8297664180017121,0.6135531135531136,0.6364626443040732,0.8125,1.0,1.0,0.4,1.0,True,0.8818824717965987,1.0,0.0,0.9950453042984009,0.0,1.0,0.9554848966613673,0.684981684981685,0.835184781819502,1.0,1.0,1.0,1.0,1.0,True,0.9923808722007071,0.9985175772977551,0.0003523147076291233,0.8144694566726685,39.64358624726281,1.0,0.9997554115201174,0.9120879120879121,0.9904886371887025,1.0,1.0,1.0,1.0,1.0,True,0.9937279003199192,0.9980974124809742,0.0004529760526660157,0.7869920134544373,50.97032517505218,1.0,0.9997554115201174,0.9175824175824175,0.9925942060553257,1.0,1.0,1.0,1.0,1.0,True,0.9988634450244149,0.9590187123630926,0.010207060386740888,0.0862632691860199,1148.5313272778428,1.0,0.9998777057600587,0.9523809523809523,1.0,1.0,1.0,1.0,1.0,1.0,XGBoost,fleet,40000,20000,9.9,B_fleet_size,CTT_Traverse,FS-B,0,6,CIDv2_OpelAstra|CIDv2_Prototype|CIDv2_RenaultClio|CTT_Forester|CTT_Impala|ROAD_ORNL
123099,23756,0.19298288369523717,0.9251249371021255,0.8532024883131142,99363,0.031993395843505856,False,0.0,0.0,0.0,518472.629695065,0.0,0.0,0.0,0.0,0.0,0.0,0.0,0.0,0.0,0.0,True,0.6021215692877588,0.9996505695715983,5.033067251844619e-05,3264.333769357307,5.663369463894687,0.0,0.9996331172801761,0.0,0.44507369491033183,0.4375,0.625,1.0,0.0,0.0,True,0.6021215692877588,0.994161801501251,0.000845555298309896,2539.335428533937,95.14460699343074,0.0,0.9996331172801761,0.0,0.44507369491033183,0.4375,0.625,1.0,0.0,0.0,True,0.6021215692877588,0.9933333333333333,0.0009663489123541668,2468.213313252193,108.736693706778,0.0,0.9996331172801761,0.0,0.44507369491033183,0.4375,0.625,1.0,0.0,0.0,True,0.6993601616433743,0.9380081300813008,0.011052615685050783,5.017236640436268,1243.6759342712735,1.0,0.9996331172801761,0.6062271062271062,0.49727728163798735,0.65625,0.8125,1.0,0.2,1.0,Rule:Combined,fleet,40000,20000,0.3,B_fleet_size,CTT_Traverse,FS-B,0,6,CIDv2_OpelAstra|CIDv2_Prototype|CIDv2_RenaultClio|CTT_Forester|CTT_Impala|ROAD_ORNL
123099,23756,0.19298288369523717,0.9996054576123645,0.9993518730653131,99363,0.031993395843505856,False,0.772689004882977,1.0,0.0,0.9980152718007919,0.0,1.0,0.9427662957074722,0.6135531135531136,0.6572279096783562,0.84375,1.0,1.0,0.5,1.0,True,0.9044872874221249,1.0,0.0,0.9828299145336199,0.0,1.0,0.9817781582487465,0.7106227106227107,0.857547375299499,1.0,1.0,1.0,1.0,1.0,True,0.9945697928944267,0.9980568580239091,0.00046304218716970496,0.5070761052666637,52.10299906783113,1.0,0.9998777057600587,0.9139194139194139,0.9941189283380527,1.0,1.0,1.0,1.0,1.0,True,0.9952012123253073,0.9975948352251149,0.0005737696667102866,0.4627257632009036,64.56241188839944,1.0,0.9998777057600587,0.9157509157509157,0.9951354098598708,1.0,1.0,1.0,1.0,1.0,True,0.9986950665095133,0.9548052157115261,0.011304269047643015,0.03762136138358848,1271.992781590747,1.0,0.9998777057600587,0.945054945054945,1.0,1.0,1.0,1.0,1.0,1.0,HistGB,fleet,40000,20000,28.42,B_fleet_size,CTT_Traverse,FS-B,1,6,CIDv2_OpelAstra|CIDv2_Prototype|CIDv2_RenaultClio|CTT_Forester|CTT_Impala|ROAD_ORNL
123099,23756,0.19298288369523717,0.9996139512841158,0.9993561813117067,99363,0.031993395843505856,False,0.725290452938205,1.0,0.0,0.9990296363830568,0.0,1.0,0.8670661611838082,0.6098901098901099,0.6205619690699195,0.8125,1.0,1.0,0.4,1.0,True,0.8734214514227985,1.0,0.0,0.9942898750305176,0.0,1.0,0.9694264400146753,0.7032967032967034,0.8115878893487257,1.0,1.0,1.0,1.0,1.0,True,0.9917073581411012,0.9976286258733855,0.0005637035322065973,0.7451252937316895,63.42973799562049,1.0,0.9996331172801761,0.9029304029304029,0.9897625789588325,1.0,1.0,1.0,1.0,1.0,True,0.9924229668294325,0.99712400609034,0.0006844971462508682,0.7231587767601013,77.02182470896776,1.0,0.9996331172801761,0.9084249084249084,0.9907790604806506,1.0,1.0,1.0,1.0,1.0,True,0.9984004041084358,0.9552539369285916,0.011183475433598744,0.1356879323720932,1258.4006948773997,1.0,0.9998777057600587,0.9358974358974359,0.999854788354026,1.0,1.0,1.0,1.0,1.0,XGBoost,fleet,40000,20000,10.9,B_fleet_size,CTT_Traverse,FS-B,1,6,CIDv2_OpelAstra|CIDv2_Prototype|CIDv2_RenaultClio|CTT_Forester|CTT_Impala|ROAD_ORNL
123099,23756,0.19298288369523717,0.9241700852611423,0.8520844979914811,99363,0.031993395843505856,False,0.0,0.0,0.0,524755.5410263668,0.0,0.0,0.0,0.0,0.0,0.0,0.0,0.0,0.0,0.0,True,0.6021215692877588,0.9996505695715983,5.033067251844619e-05,3303.886749220931,5.663369463894687,0.0,0.9996331172801761,0.0,0.44507369491033183,0.4375,0.625,1.0,0.0,0.0,True,0.6021215692877588,0.994161801501251,0.000845555298309896,2570.1027945968613,95.14460699343074,0.0,0.9996331172801761,0.0,0.44507369491033183,0.4375,0.625,1.0,0.0,0.0,True,0.6021215692877588,0.9933333333333333,0.0009663489123541668,2498.1189664424633,108.736693706778,0.0,0.9996331172801761,0.0,0.44507369491033183,0.4375,0.625,1.0,0.0,0.0,True,0.6993601616433743,0.9380081300813008,0.011052615685050783,5.073592307006623,1243.6759342712735,1.0,0.9996331172801761,0.6062271062271062,0.49727728163798735,0.65625,0.8125,1.0,0.2,1.0,Rule:Combined,fleet,40000,20000,0.29,B_fleet_size,CTT_Traverse,FS-B,1,6,CIDv2_OpelAstra|CIDv2_Prototype|CIDv2_RenaultClio|CTT_Forester|CTT_Impala|ROAD_ORNL
123099,23756,0.19298288369523717,0.9997124291474598,0.9995459942019039,99363,0.031993395843505856,False,0.7756777235224785,1.0,0.0,0.9991699643416248,0.0,1.0,0.9755411520117403,0.6062271062271062,0.6432149858418645,0.75,1.0,1.0,0.2,1.0,True,0.9187152719313015,1.0,0.0,0.9948875431873039,0.0,1.0,0.9988993518405284,0.6703296703296703,0.8735206563566398,0.9375,1.0,1.0,0.8,1.0,True,0.9977268900488298,0.9980629947785077,0.00046304218716970496,0.5642224578193863,52.10299906783113,1.0,0.9998777057600587,0.9157509157509157,0.999491759239091,1.0,1.0,1.0,1.0,1.0,True,0.9978110793062805,0.9974332000841574,0.0006140342047250435,0.5103298566586392,69.0931074595152,1.0,0.9998777057600587,0.9175824175824175,0.999564365062078,1.0,1.0,1.0,1.0,1.0,True,0.9989476342818656,0.9560855727005358,0.01097208660902127,0.05319495772011772,1234.6145431290417,1.0,0.9998777057600587,0.9560439560439561,1.0,1.0,1.0,1.0,1.0,1.0,HistGB,fleet,40000,20000,25.09,B_fleet_size,CTT_Traverse,FS-B,0,6,CIDv2_OpelAstra|CIDv2_Prototype|CTT_Forester|CTT_Impala|CTT_Silverado|ROAD_ORNL
123099,23756,0.19298288369523717,0.9996505037337604,0.9994536264680045,99363,0.031993395843505856,False,0.7554723017342987,1.0,0.0,0.9995713829994203,0.0,1.0,0.8619298031062737,0.6062271062271062,0.6758150003630291,0.75,1.0,1.0,0.2,1.0,True,0.9506230005051356,1.0,0.0,0.9907528162002563,0.0,1.0,0.9990216460804696,0.7087912087912088,0.9269585420750744,0.96875,1.0,1.0,0.9,1.0,True,0.9978952685637312,0.9989044328333052,0.0002617194970959202,0.4621720612049103,29.449521212252375,1.0,0.9998777057600587,0.9139194139194139,0.999854788354026,1.0,1.0,1.0,1.0,1.0,True,0.9980215524499074,0.9987362567926198,0.00030198403511067716,0.43317711353302,33.98021678336813,1.0,0.9998777057600587,0.9194139194139194,0.999854788354026,1.0,1.0,1.0,1.0,1.0,True,0.9986950665095133,0.9618113268739612,0.009482298702475262,0.03786630928516388,1066.978806997759,1.0,0.9998777057600587,0.945054945054945,1.0,1.0,1.0,1.0,1.0,1.0,XGBoost,fleet,40000,20000,11.82,B_fleet_size,CTT_Traverse,FS-B,0,6,CIDv2_OpelAstra|CIDv2_Prototype|CTT_Forester|CTT_Impala|CTT_Silverado|ROAD_ORNL
123099,23756,0.19298288369523717,0.9295874387231267,0.8560740531365758,99363,0.031993395843505856,False,0.0,0.0,0.0,501723.7229368294,0.0,0.0,0.0,0.0,0.0,0.0,0.0,0.0,0.0,0.0,True,0.6021215692877588,0.9996505695715983,5.033067251844619e-05,3158.8717230649554,5.663369463894687,0.0,0.9996331172801761,0.0,0.44507369491033183,0.4375,0.625,1.0,0.0,0.0,True,0.6021215692877588,0.994161801501251,0.000845555298309896,2457.293962065573,95.14460699343074,0.0,0.9996331172801761,0.0,0.44507369491033183,0.4375,0.625,1.0,0.0,0.0,True,0.6021215692877588,0.9933333333333333,0.0009663489123541668,2388.46939849452,108.736693706778,0.0,0.9996331172801761,0.0,0.44507369491033183,0.4375,0.625,1.0,0.0,0.0,True,0.7013386091934669,0.9388594612870506,0.010921755936502823,4.889097856178644,1228.9511736651473,1.0,0.9996331172801761,0.6062271062271062,0.5006897553183766,0.65625,0.8125,1.0,0.2,1.0,Rule:Combined,fleet,40000,20000,0.33,B_fleet_size,CTT_Traverse,FS-B,0,6,CIDv2_OpelAstra|CIDv2_Prototype|CTT_Forester|CTT_Impala|CTT_Silverado|ROAD_ORNL
123099,23756,0.19298288369523717,0.9996549107396496,0.9994691834703184,99363,0.031993395843505856,False,0.7860750968176461,1.0,0.0,0.9990310456917391,0.0,1.0,0.9724837960132078,0.6098901098901099,0.6628185580483554,0.78125,1.0,1.0,0.3,1.0,True,0.923598248863445,1.0,0.0,0.9946867373123347,0.0,1.0,0.9993885288002935,0.6794871794871795,0.8812894794162491,0.96875,1.0,1.0,0.9,1.0,True,0.9978531739350059,0.998651893668113,0.0003221163041180556,0.5684828433006296,36.245564568926,1.0,0.9998777057600587,0.9084249084249084,1.0,1.0,1.0,1.0,1.0,1.0,True,0.9978952685637312,0.9983575489576753,0.0003925792456438803,0.5490186177400395,44.17428181837857,1.0,0.9998777057600587,0.9102564102564102,1.0,1.0,1.0,1.0,1.0,1.0,True,0.9987792557669641,0.9568110331478346,0.010780830053451174,0.021675974381331918,1213.0937391662421,1.0,0.9998777057600587,0.9487179487179487,1.0,1.0,1.0,1.0,1.0,1.0,HistGB,fleet,40000,20000,18.43,B_fleet_size,CTT_Traverse,FS-B,1,6,CIDv2_OpelAstra|CIDv2_Prototype|CTT_Forester|CTT_Impala|CTT_Silverado|ROAD_ORNL
123099,23756,0.19298288369523717,0.9996708031643297,0.9994787217036815,99363,0.031993395843505856,False,0.7222175450412527,1.0,0.0,0.9996604919433595,0.0,1.0,0.811299987770576,0.6153846153846154,0.6481521818049808,0.875,1.0,1.0,0.6,1.0,True,0.9010776224953696,1.0,0.0,0.997289776802063,0.0,1.0,0.9933961110431698,0.6923076923076923,0.8454948086836565,1.0,1.0,1.0,1.0,1.0,True,0.997979457821182,0.9990729034976823,0.00022145495908116325,0.5199706554412842,24.91882564113663,1.0,0.9998777057600587,0.9139194139194139,1.0,1.0,1.0,1.0,1.0,1.0,True,0.9980636470786328,0.9989046174587125,0.0002617194970959202,0.48899832367897034,29.449521212252375,1.0,0.9998777057600587,0.9175824175824175,1.0,1.0,1.0,1.0,1.0,1.0,True,0.9987792557669641,0.9635329949238579,0.009039388784312936,0.03671078011393547,1017.141155715486,1.0,0.9998777057600587,0.9487179487179487,1.0,1.0,1.0,1.0,1.0,1.0,XGBoost,fleet,40000,20000,9.12,B_fleet_size,CTT_Traverse,FS-B,1,6,CIDv2_OpelAstra|CIDv2_Prototype|CTT_Forester|CTT_Impala|CTT_Silverado|ROAD_ORNL
123099,23756,0.19298288369523717,0.9292353759230982,0.8556429997061981,99363,0.031993395843505856,False,0.0,0.0,0.0,498385.53079051594,0.0,0.0,0.0,0.0,0.0,0.0,0.0,0.0,0.0,0.0,True,0.6021215692877588,0.9996505695715983,5.033067251844619e-05,3137.8543378087375,5.663369463894687,0.0,0.9996331172801761,0.0,0.44507369491033183,0.4375,0.625,1.0,0.0,0.0,True,0.6021215692877588,0.994161801501251,0.000845555298309896,2440.9444871845863,95.14460699343074,0.0,0.9996331172801761,0.0,0.44507369491033183,0.4375,0.625,1.0,0.0,0.0,True,0.6021215692877588,0.9933333333333333,0.0009663489123541668,2372.5776987369245,108.736693706778,0.0,0.9996331172801761,0.0,0.44507369491033183,0.4375,0.625,1.0,0.0,0.0,True,0.7013386091934669,0.9389652840396754,0.010901623667495445,4.864554912243819,1226.6858258795894,1.0,0.9996331172801761,0.6062271062271062,0.5006897553183766,0.65625,0.8125,1.0,0.2,1.0,Rule:Combined,fleet,40000,20000,0.3,B_fleet_size,CTT_Traverse,FS-B,1,6,CIDv2_OpelAstra|CIDv2_Prototype|CTT_Forester|CTT_Impala|CTT_Silverado|ROAD_ORNL
123099,23756,0.19298288369523717,0.9997164278893065,0.9995116050392724,99363,0.031993395843505856,False,0.7962199023404614,1.0,0.0,0.998687601001577,0.0,1.0,0.9752965635318577,0.6062271062271062,0.6787918391054962,0.75,1.0,1.0,0.2,1.0,True,0.9613150362013807,1.0,0.0,0.9728394428311735,0.0,1.0,0.9997554115201174,0.7087912087912088,0.9449647861758513,1.0,1.0,1.0,1.0,1.0,True,0.9969270921030476,0.9963399242742953,0.0008757537018209637,0.47548405503759383,98.54262867176756,1.0,0.9998777057600587,0.8809523809523809,0.999491759239091,1.0,1.0,1.0,1.0,1.0,True,0.9970112813604984,0.9955026899798252,0.0010770763918947486,0.4590697360402692,121.19610652734632,1.0,0.9998777057600587,0.8827838827838828,0.999564365062078,1.0,1.0,1.0,1.0,1.0,True,0.9985687826233373,0.9552226785858098,0.011193541568102433,0.020302451386987382,1259.5333687701786,1.0,0.9998777057600587,0.9395604395604396,1.0,1.0,1.0,1.0,1.0,1.0,HistGB,fleet,40000,20000,27.58,B_fleet_size,CTT_Traverse,FS-B,0,6,CIDv2_OpelAstra|CIDv2_RenaultClio|CTT_Forester|CTT_Impala|CTT_Silverado|ROAD_ORNL
123099,23756,0.19298288369523717,0.9996929566263653,0.9994919157008845,99363,0.031993395843505856,False,0.8504798787674692,1.0,0.0,0.9965862035751344,0.0,1.0,0.9896049896049897,0.63003663003663,0.7629419879474334,0.9375,1.0,1.0,0.8,1.0,True,0.9637565246674524,1.0,0.0,0.9688490629196167,0.0,1.0,0.9993885288002935,0.7106227106227107,0.9493211355550715,1.0,1.0,1.0,1.0,1.0,True,0.9969270921030476,0.9982717922778621,0.0004127115146512588,0.3670835494995117,46.439629603936446,1.0,0.9998777057600587,0.8791208791208791,0.999564365062078,1.0,1.0,1.0,1.0,1.0,True,0.9970954706179491,0.998061770530485,0.00046304218716970496,0.3486512005329132,52.10299906783113,1.0,0.9998777057600587,0.8846153846153846,0.999636970885065,1.0,1.0,1.0,1.0,1.0,True,0.9988213503956895,0.9552334943639291,0.011193541568102433,0.01737675629556179,1259.5333687701786,1.0,0.9998777057600587,0.9505494505494505,1.0,1.0,1.0,1.0,1.0,1.0,XGBoost,fleet,40000,20000,11.12,B_fleet_size,CTT_Traverse,FS-B,0,6,CIDv2_OpelAstra|CIDv2_RenaultClio|CTT_Forester|CTT_Impala|CTT_Silverado|ROAD_ORNL
123099,23756,0.19298288369523717,0.9989734890271514,0.9987467249030456,99363,0.031993395843505856,False,0.0,0.0,0.0,514485.5109031893,0.0,0.0,0.0,0.0,0.0,0.0,0.0,0.0,0.0,0.0,True,0.8578043441656844,0.9999509298787967,1.0066134503689238e-05,24416.87775483622,1.1326738927789375,1.0,0.9737067384126208,0.6062271062271062,0.7859580338343135,0.625,0.8125,0.75,0.2,1.0,True,0.9982320255935343,0.9989468806605164,0.00025165336259223094,2992.838104443978,28.316847319473435,1.0,0.9998777057600587,0.924908424908425,1.0,1.0,1.0,1.0,1.0,1.0,True,0.9982320255935343,0.9984842105263158,0.0003623808421328126,2886.3994969834257,40.77626014004176,1.0,0.9998777057600587,0.924908424908425,1.0,1.0,1.0,1.0,1.0,1.0,True,0.9982320255935343,0.9576384121471551,0.010559375094370011,5.284835481437773,1188.1749135251055,1.0,0.9998777057600587,0.924908424908425,1.0,1.0,1.0,1.0,1.0,1.0,Rule:Combined,fleet,40000,20000,0.29,B_fleet_size,CTT_Traverse,FS-B,0,6,CIDv2_OpelAstra|CIDv2_RenaultClio|CTT_Forester|CTT_Impala|CTT_Silverado|ROAD_ORNL
123099,23756,0.19298288369523717,0.9996669387449545,0.9994549922500745,99363,0.031993395843505856,False,0.8336841219060448,1.0,0.0,0.997322440238941,0.0,1.0,0.9929069340834047,0.6172161172161172,0.7325201481158788,0.875,1.0,1.0,0.6,1.0,True,0.9145058090587641,1.0,0.0,0.9844479401116829,0.0,1.0,0.9997554115201174,0.6721611721611722,0.8656792274740435,0.96875,1.0,1.0,0.9,1.0,True,0.9928439131166863,0.9983492063492063,0.0003925792456438803,0.5110505238524428,44.17428181837857,1.0,0.9998777057600587,0.8809523809523809,0.9924489944093516,1.0,1.0,1.0,1.0,1.0,True,0.9934753325475669,0.9980125169147497,0.0004731083216733942,0.4834720856249392,53.23567296061007,1.0,0.9998777057600587,0.8846153846153846,0.9933928701081827,1.0,1.0,1.0,1.0,1.0,True,0.998652971880788,0.9536903039073806,0.011596186948250002,0.057747428840099674,1304.8403244813362,1.0,0.9998777057600587,0.9432234432234432,1.0,1.0,1.0,1.0,1.0,1.0,HistGB,fleet,40000,20000,22.37,B_fleet_size,CTT_Traverse,FS-B,1,6,CIDv2_OpelAstra|CIDv2_RenaultClio|CTT_Forester|CTT_Impala|CTT_Silverado|ROAD_ORNL
123099,23756,0.19298288369523717,0.9996296617166772,0.9994247697646306,99363,0.031993395843505856,False,0.7984088230341808,1.0,0.0,0.9985872507095338,0.0,1.0,0.9552403081814846,0.6117216117216118,0.694256879401728,0.84375,1.0,1.0,0.5,1.0,True,0.9479289442667116,1.0,0.0,0.9823415875434875,0.0,1.0,0.9993885288002935,0.6813186813186813,0.9231830392797502,0.96875,1.0,1.0,0.9,1.0,True,0.9909075601953191,0.9973731039742395,0.0006241003392287328,0.7021498680114746,70.22578135229413,1.0,0.9998777057600587,0.8278388278388278,0.9912146954185725,1.0,1.0,1.0,1.0,1.0,True,0.9917494527698266,0.9970376639864579,0.0007046294152582466,0.6790464520454407,79.28717249452562,1.0,0.9998777057600587,0.8315018315018315,0.9925216002323386,1.0,1.0,1.0,1.0,1.0,True,0.9987371611382387,0.9559226430298147,0.011012351147036028,0.03197468817234039,1239.1452387001577,1.0,0.9998777057600587,0.9468864468864469,1.0,1.0,1.0,1.0,1.0,1.0,XGBoost,fleet,40000,20000,12.28,B_fleet_size,CTT_Traverse,FS-B,1,6,CIDv2_OpelAstra|CIDv2_RenaultClio|CTT_Forester|CTT_Impala|CTT_Silverado|ROAD_ORNL
123099,23756,0.19298288369523717,0.9285477291903106,0.854655353646853,99363,0.031993395843505856,False,0.0,0.0,0.0,504510.4949928766,0.0,0.0,0.0,0.0,0.0,0.0,0.0,0.0,0.0,0.0,True,0.6021215692877588,0.9996505695715983,5.033067251844619e-05,3176.410867680918,5.663369463894687,0.0,0.9996331172801761,0.0,0.44507369491033183,0.4375,0.625,1.0,0.0,0.0,True,0.6021215692877588,0.994161801501251,0.000845555298309896,2470.936266229079,95.14460699343074,0.0,0.9996331172801761,0.0,0.44507369491033183,0.4375,0.625,1.0,0.0,0.0,True,0.6021215692877588,0.9933333333333333,0.0009663489123541668,2401.729571045592,108.736693706778,0.0,0.9996331172801761,0.0,0.44507369491033183,0.4375,0.625,1.0,0.0,0.0,True,0.7012965145647415,0.9392794722895642,0.01084122686047331,4.948546062027248,1219.8897825229158,1.0,0.9996331172801761,0.6062271062271062,0.5006171494953895,0.65625,0.8125,1.0,0.2,1.0,Rule:Combined,fleet,40000,20000,0.29,B_fleet_size,CTT_Traverse,FS-B,1,6,CIDv2_OpelAstra|CIDv2_RenaultClio|CTT_Forester|CTT_Impala|CTT_Silverado|ROAD_ORNL
123099,23756,0.19298288369523717,0.999725859699709,0.9995333610837182,99363,0.031993395843505856,False,0.820340124600101,1.0,0.0,0.9989941911551119,0.0,1.0,0.9863030451265745,0.6208791208791209,0.713279605024323,0.90625,1.0,1.0,0.7,1.0,True,0.9264606836167705,1.0,0.0,0.9952016892717134,0.0,1.0,0.9990216460804696,0.6794871794871795,0.8864444928483264,0.96875,1.0,1.0,0.9,1.0,True,0.9973901330190268,0.9983567184932373,0.0003925792456438803,0.5632142514657488,44.17428181837857,1.0,0.9998777057600587,0.9029304029304029,0.999419153416104,1.0,1.0,1.0,1.0,1.0,True,0.9976427007913791,0.9978947368421053,0.0005033067251844619,0.5295683040630115,56.63369463894687,1.0,0.9998777057600587,0.9065934065934066,0.9997095767080519,1.0,1.0,1.0,1.0,1.0,True,0.9988213503956895,0.9581650783395251,0.01042851534582205,0.0926894794194263,1173.4501529189793,1.0,0.9998777057600587,0.9505494505494505,1.0,1.0,1.0,1.0,1.0,1.0,HistGB,fleet,40000,20000,30.38,B_fleet_size,CTT_Traverse,FS-B,0,6,CIDv2_Prototype|CIDv2_RenaultClio|CTT_Forester|CTT_Impala|CTT_Silverado|ROAD_ORNL
123099,23756,0.19298288369523717,0.9996400276402934,0.999445714447035,99363,0.031993395843505856,False,0.8341050681932985,1.0,0.0,0.9982869029045106,0.0,1.0,0.9918062859239329,0.6172161172161172,0.733899658752632,0.84375,1.0,1.0,0.5,1.0,True,0.939552113150362,1.0,0.0,0.9889252781867981,0.0,1.0,0.9991439403204109,0.7252747252747253,0.9071371523996224,1.0,1.0,1.0,1.0,1.0,True,0.9969270921030476,0.9983980439273218,0.00038251311114019103,0.6353654265403748,43.04160792559962,1.0,0.9998777057600587,0.9084249084249084,0.9984026718942859,1.0,1.0,1.0,1.0,1.0,True,0.9970112813604984,0.9981036662452591,0.0004529760526660157,0.6194947361946106,50.97032517505218,1.0,0.9998777057600587,0.9084249084249084,0.9985478835402599,1.0,1.0,1.0,1.0,1.0,True,0.9986950665095133,0.9582761127716294,0.010398316942310984,0.09407505393028259,1170.0521312406424,1.0,0.9998777057600587,0.945054945054945,1.0,1.0,1.0,1.0,1.0,1.0,XGBoost,fleet,40000,20000,20.41,B_fleet_size,CTT_Traverse,FS-B,0,6,CIDv2_Prototype|CIDv2_RenaultClio|CTT_Forester|CTT_Impala|CTT_Silverado|ROAD_ORNL
123099,23756,0.19298288369523717,0.9270348774374056,0.8525086476109753,99363,0.031993395843505856,False,0.0,0.0,0.0,478996.93120798597,0.0,0.0,0.0,0.0,0.0,0.0,0.0,0.0,0.0,0.0,True,0.6021215692877588,0.9996505695715983,5.033067251844619e-05,3015.780457943568,5.663369463894687,0.0,0.9996331172801761,0.0,0.44507369491033183,0.4375,0.625,1.0,0.0,0.0,True,0.6021215692877588,0.994161801501251,0.000845555298309896,2345.982361582106,95.14460699343074,0.0,0.9996331172801761,0.0,0.44507369491033183,0.4375,0.625,1.0,0.0,0.0,True,0.6021215692877588,0.9933333333333333,0.0009663489123541668,2280.2753733829177,108.736693706778,0.0,0.9996331172801761,0.0,0.44507369491033183,0.4375,0.625,1.0,0.0,0.0,True,0.6987708368412191,0.9460306605117684,0.009532629374993709,5.299041765787487,1072.642176461654,1.0,0.9996331172801761,0.6062271062271062,0.4962608001161693,0.65625,0.8125,1.0,0.2,1.0,Rule:Combined,fleet,40000,20000,0.28,B_fleet_size,CTT_Traverse,FS-B,0,6,CIDv2_Prototype|CIDv2_RenaultClio|CTT_Forester|CTT_Impala|CTT_Silverado|ROAD_ORNL
123099,23756,0.19298288369523717,0.9996987714758264,0.9995284554798576,99363,0.031993395843505856,False,0.8154992422966829,1.0,0.0,0.9987029935975359,0.0,1.0,0.994252170722759,0.608058608058608,0.7007187976475714,0.78125,1.0,1.0,0.3,1.0,True,0.9547061794914968,1.0,0.0,0.9845954986450414,0.0,1.0,0.9997554115201174,0.7032967032967034,0.9337834894358528,1.0,1.0,1.0,1.0,1.0,True,0.9973901330190268,0.9965930599369085,0.0008153568947988283,0.488401946580923,91.74658531509394,1.0,0.9998777057600587,0.9065934065934066,0.99927394177013,1.0,1.0,1.0,1.0,1.0,True,0.9974322276477522,0.9964674712982043,0.000845555298309896,0.47485497005973426,95.14460699343074,1.0,0.9998777057600587,0.9065934065934066,0.9993465475931169,1.0,1.0,1.0,1.0,1.0,True,0.9989476342818656,0.9567022777665793,0.010811028456962243,0.031485749694644155,1216.491760844579,1.0,0.9998777057600587,0.9560439560439561,1.0,1.0,1.0,1.0,1.0,1.0,HistGB,fleet,40000,20000,29.08,B_fleet_size,CTT_Traverse,FS-B,1,6,CIDv2_Prototype|CIDv2_RenaultClio|CTT_Forester|CTT_Impala|CTT_Silverado|ROAD_ORNL
123099,23756,0.19298288369523717,0.9996613340656701,0.9994907851681497,99363,0.031993395843505856,False,0.8045125441993601,1.0,0.0,0.9991205334663392,0.0,1.0,0.9618441971383148,0.6153846153846154,0.7007187976475714,0.875,1.0,1.0,0.6,1.0,True,0.9628304428354942,1.0,0.0,0.9836736917495728,0.0,1.0,0.9992662345603522,0.7234432234432234,0.9472881725114354,1.0,1.0,1.0,1.0,1.0,True,0.9966324297019701,0.9973461392645014,0.000634166473732422,0.6032143831253052,71.35845524507306,1.0,0.9998777057600587,0.8736263736263736,0.99927394177013,1.0,1.0,1.0,1.0,1.0,True,0.9968849974743222,0.996339770289032,0.0008757537018209637,0.5531330108642578,98.54262867176756,1.0,0.9998777057600587,0.8827838827838828,0.9993465475931169,1.0,1.0,1.0,1.0,1.0,True,0.9990318235393164,0.9560505961972285,0.010982152743524959,0.023083623498678207,1235.7472170218207,1.0,0.9998777057600587,0.9597069597069597,1.0,1.0,1.0,1.0,1.0,1.0,XGBoost,fleet,40000,20000,8.86,B_fleet_size,CTT_Traverse,FS-B,1,6,CIDv2_Prototype|CIDv2_RenaultClio|CTT_Forester|CTT_Impala|CTT_Silverado|ROAD_ORNL
123099,23756,0.19298288369523717,0.9281854434756065,0.8538476746689353,99363,0.031993395843505856,False,0.0,0.0,0.0,476955.3090599943,0.0,0.0,0.0,0.0,0.0,0.0,0.0,0.0,0.0,0.0,True,0.6021215692877588,0.9996505695715983,5.033067251844619e-05,3002.915147532569,5.663369463894687,0.0,0.9996331172801761,0.0,0.44507369491033183,0.4375,0.625,1.0,0.0,0.0,True,0.6021215692877588,0.994161801501251,0.000845555298309896,2335.971872717085,95.14460699343074,0.0,0.9996331172801761,0.0,0.44507369491033183,0.4375,0.625,1.0,0.0,0.0,True,0.6021215692877588,0.9933333333333333,0.0009663489123541668,2270.5448024366683,108.736693706778,0.0,0.9996331172801761,0.0,0.44507369491033183,0.4375,0.625,1.0,0.0,0.0,True,0.6987708368412191,0.9458689458689459,0.009562827778504776,5.2364368157031675,1076.0401981399907,1.0,0.9996331172801761,0.6062271062271062,0.4962608001161693,0.65625,0.8125,1.0,0.2,1.0,Rule:Combined,fleet,40000,20000,0.34,B_fleet_size,CTT_Traverse,FS-B,1,6,CIDv2_Prototype|CIDv2_RenaultClio|CTT_Forester|CTT_Impala|CTT_Silverado|ROAD_ORNL
123099,23756,0.19298288369523717,0.9997816077627656,0.9996098484894816,99363,0.031993395843505856,False,0.8598248863445025,1.0,0.0,0.992103350044967,0.0,1.0,0.9991439403204109,0.608058608058608,0.7742684963334059,0.78125,1.0,1.0,0.3,1.0,True,0.9588314531065836,1.0,0.0,0.9541562967824189,0.0,1.0,0.9997554115201174,0.717948717948718,0.940318013504683,1.0,1.0,1.0,1.0,1.0,True,0.9976006061626537,0.9980627500526427,0.00046304218716970496,0.37007554290964656,52.10299906783113,1.0,0.9998777057600587,0.9010989010989011,0.999854788354026,1.0,1.0,1.0,1.0,1.0,True,0.9976847954201044,0.9978948254810324,0.0005033067251844619,0.3503601884418267,56.63369463894687,1.0,0.9998777057600587,0.9029304029304029,0.999927394177013,1.0,1.0,1.0,1.0,1.0,True,0.9989055396531402,0.9554293996859524,0.011143210895583986,0.023663401636186125,1253.8699993062837,1.0,0.9998777057600587,0.9542124542124543,1.0,1.0,1.0,1.0,1.0,1.0,HistGB,fleet,40000,20000,14.48,B_fleet_size,CTT_Traverse,FS-B,0,7,CIDv2_OpelAstra|CIDv2_Prototype|CIDv2_RenaultClio|CTT_Forester|CTT_Impala|CTT_Silverado|ROAD_ORNL
123099,23756,0.19298288369523717,0.9996618995336148,0.9993892075219077,99363,0.031993395843505856,False,0.8594039400572487,1.0,0.0,0.9956859350204469,0.0,1.0,0.9960865843218785,0.6227106227106227,0.7747767370943149,0.96875,1.0,1.0,0.9,1.0,True,0.9065078296009429,1.0,0.0,0.9906920790672302,0.0,1.0,0.9988993518405284,0.6538461538461539,0.8531184200972918,0.96875,1.0,1.0,0.9,1.0,True,0.982025593534265,0.9974773388062255,0.0005939019357176651,0.8552076816558838,66.82775967395732,1.0,0.9997554115201174,0.7875457875457875,0.9775648006970159,1.0,1.0,1.0,1.0,1.0,True,0.985729920862098,0.9965953100395796,0.0008052907602951391,0.7934706211090088,90.613911422315,1.0,0.9998777057600587,0.8058608058608059,0.9831554490670151,1.0,1.0,1.0,1.0,1.0,True,0.9987371611382387,0.960294653337111,0.009874877948119143,0.02184891328215599,1111.1530888161376,1.0,0.9998777057600587,0.9468864468864469,1.0,1.0,1.0,1.0,1.0,1.0,XGBoost,fleet,40000,20000,8.86,B_fleet_size,CTT_Traverse,FS-B,0,7,CIDv2_OpelAstra|CIDv2_Prototype|CIDv2_RenaultClio|CTT_Forester|CTT_Impala|CTT_Silverado|ROAD_ORNL
123099,23756,0.19298288369523717,0.9289104585505283,0.8550800840575336,99363,0.031993395843505856,False,0.0,0.0,0.0,506918.8085598225,0.0,0.0,0.0,0.0,0.0,0.0,0.0,0.0,0.0,0.0,True,0.6021215692877588,0.9996505695715983,5.033067251844619e-05,3191.590240891651,5.663369463894687,0.0,0.9996331172801761,0.0,0.44507369491033183,0.4375,0.625,1.0,0.0,0.0,True,0.6021215692877588,0.994161801501251,0.000845555298309896,2482.7480106775283,95.14460699343074,0.0,0.9996331172801761,0.0,0.44507369491033183,0.4375,0.625,1.0,0.0,0.0,True,0.6021215692877588,0.9933333333333333,0.0009663489123541668,2413.21095284631,108.736693706778,0.0,0.9996331172801761,0.0,0.44507369491033183,0.4375,0.625,1.0,0.0,0.0,True,0.7013386091934669,0.9388065588550177,0.010931822071006512,4.941345854253262,1230.0838475579262,1.0,0.9996331172801761,0.6062271062271062,0.5006897553183766,0.65625,0.8125,1.0,0.2,1.0,Rule:Combined,fleet,40000,20000,0.29,B_fleet_size,CTT_Traverse,FS-B,0,7,CIDv2_OpelAstra|CIDv2_Prototype|CIDv2_RenaultClio|CTT_Forester|CTT_Impala|CTT_Silverado|ROAD_ORNL
123099,23756,0.19298288369523717,0.9997479474835645,0.9995849833969783,99363,0.031993395843505856,False,0.8137312678902172,1.0,0.0,0.9979882476008775,0.0,1.0,0.9951082304023481,0.6263736263736264,0.6964350540913381,0.96875,1.0,1.0,0.9,1.0,True,0.9086125610372117,1.0,0.0,0.9929057457472646,0.0,1.0,0.9996331172801761,0.6776556776556777,0.8553692006098889,0.96875,1.0,1.0,0.9,1.0,True,0.9972217545041253,0.9963829071332436,0.0008656875673172745,0.5791350154898495,97.40995477898863,1.0,0.9998777057600587,0.891941391941392,0.999564365062078,1.0,1.0,1.0,1.0,1.0,True,0.9973480383903014,0.9960482616555262,0.0009462166433467884,0.5624140537840808,106.47134592122013,1.0,0.9998777057600587,0.891941391941392,0.999782182531039,1.0,1.0,1.0,1.0,1.0,True,0.9988213503956895,0.9564656562399226,0.010871425263984377,0.02909700789951265,1223.2878042012524,1.0,0.9998777057600587,0.9505494505494505,1.0,1.0,1.0,1.0,1.0,1.0,HistGB,fleet,40000,20000,18.1,B_fleet_size,CTT_Traverse,FS-B,1,7,CIDv2_OpelAstra|CIDv2_Prototype|CIDv2_RenaultClio|CTT_Forester|CTT_Impala|CTT_Silverado|ROAD_ORNL
123099,23756,0.19298288369523717,0.9996464649494102,0.9994658495451006,99363,0.031993395843505856,False,0.8139838356625695,1.0,0.0,0.9982309937477113,0.0,1.0,0.9864253393665159,0.6135531135531136,0.7025339432222464,0.875,1.0,1.0,0.6,1.0,True,0.9017511365549756,1.0,0.0,0.9935315251350403,0.0,1.0,0.9982878806408219,0.6575091575091575,0.8451317795687214,0.96875,1.0,1.0,0.9,1.0,True,0.9973901330190268,0.9981884821165269,0.00043284378365863725,0.5532408952713013,48.70497738949432,1.0,0.9998777057600587,0.8937728937728938,0.999782182531039,1.0,1.0,1.0,1.0,1.0,True,0.9975164169052029,0.997726411519515,0.0005435712631992189,0.5181056261062622,61.16439021006263,1.0,0.9998777057600587,0.8992673992673993,0.999782182531039,1.0,1.0,1.0,1.0,1.0,True,0.9987371611382387,0.9560381996212274,0.010982152743524959,0.04965652897953987,1235.7472170218207,1.0,0.9998777057600587,0.9468864468864469,1.0,1.0,1.0,1.0,1.0,1.0,XGBoost,fleet,40000,20000,8.17,B_fleet_size,CTT_Traverse,FS-B,1,7,CIDv2_OpelAstra|CIDv2_Prototype|CIDv2_RenaultClio|CTT_Forester|CTT_Impala|CTT_Silverado|ROAD_ORNL
123099,23756,0.19298288369523717,0.9298717835058299,0.8559296791762957,99363,0.031993395843505856,False,0.0,0.0,0.0,506762.1259808493,0.0,0.0,0.0,0.0,0.0,0.0,0.0,0.0,0.0,0.0,True,0.6021215692877588,0.9996505695715983,5.033067251844619e-05,3190.596954875446,5.663369463894687,0.0,0.9996331172801761,0.0,0.44507369491033183,0.4375,0.625,1.0,0.0,0.0,True,0.6021215692877588,0.994161801501251,0.000845555298309896,2481.973819370061,95.14460699343074,0.0,0.9996331172801761,0.0,0.44507369491033183,0.4375,0.625,1.0,0.0,0.0,True,0.6021215692877588,0.9933333333333333,0.0009663489123541668,2412.4582546169677,108.736693706778,0.0,0.9996331172801761,0.0,0.44507369491033183,0.4375,0.625,1.0,0.0,0.0,True,0.7013386091934669,0.9389652840396754,0.010901623667495445,4.949805245600839,1226.6858258795894,1.0,0.9996331172801761,0.6062271062271062,0.5006897553183766,0.65625,0.8125,1.0,0.2,1.0,Rule:Combined,fleet,40000,20000,0.28,B_fleet_size,CTT_Traverse,FS-B,1,7,CIDv2_OpelAstra|CIDv2_Prototype|CIDv2_RenaultClio|CTT_Forester|CTT_Impala|CTT_Silverado|ROAD_ORNL
123099,23756,0.19298288369523717,0.4394027414770709,0.19455533862451618,99363,0.031993395843505856,False,0.0,0.0,0.0,0.9934795769747364,0.0,0.0,0.0,0.0,0.0,0.0,0.0,0.0,0.0,0.0,True,0.0018521636639164843,0.7333333333333333,0.0001610581520590278,0.49487243088240623,18.122782284463,0.010317460317460317,0.002568179038767274,0.0,0.0007260582298700356,0.15625,0.125,0.25,0.0,1.0,True,0.006356288937531571,0.594488188976378,0.0010368118538799916,0.34397380340402794,116.66541095623057,0.02619047619047619,0.004647181117769353,0.0,0.0058084658389602846,0.4375,0.625,0.5,0.0,1.0,True,0.006608856709883819,0.572992700729927,0.0011777377369316408,0.33768751993007234,132.5228454551357,0.02619047619047619,0.0047694753577106515,0.0,0.006171494953895303,0.4375,0.625,0.5,0.0,1.0,True,0.02492002020542179,0.3547034152186938,0.01084122686047331,0.22761367952904585,1219.8897825229158,0.03333333333333333,0.014675308792955852,0.003663003663003663,0.031075292238437524,0.6875,0.875,1.0,0.2,1.0,HistGB,fleet,40000,952,8.67,B_fleet_size,CTT_Traverse,FS-A,0,1,CIDv2_OpelAstra
123099,23756,0.19298288369523717,0.6056532769851724,0.30697473055636926,99363,0.031993395843505856,False,0.0015575012628388618,1.0,0.0,0.9858958125114442,0.0,0.010317460317460317,0.002079002079002079,0.0,0.0005082407609090249,0.125,0.0625,0.25,0.0,1.0,True,0.062047482741202226,0.9952734638757597,7.046294152582466e-05,0.05718659237027168,7.9287172494525615,1.0,0.0029350617585911704,0.0018315018315018315,0.013722500544543673,0.34375,0.375,0.5,0.1,1.0,True,0.0678986361340293,0.9217142857142857,0.0013790604270054257,0.030825218185782433,155.17632331071445,1.0,0.003546532958297664,0.0018315018315018315,0.02345168082480215,0.40625,0.4375,0.75,0.1,1.0,True,0.06827748779255767,0.9112359550561798,0.0015904492515828996,0.029702438041567802,178.96247505907212,1.0,0.003546532958297664,0.0018315018315018315,0.024105133231685182,0.40625,0.4375,0.75,0.1,1.0,True,0.0793483751473312,0.5460602549246814,0.015773632767281037,0.01319932471960783,1774.899989984595,1.0,0.006603888956830133,0.020146520146520148,0.040659260872721995,0.6875,0.75,0.75,0.5,1.0,XGBoost,fleet,40000,952,7.26,B_fleet_size,CTT_Traverse,FS-A,0,1,CIDv2_OpelAstra
123099,23756,0.19298288369523717,0.47201671536126044,0.19318367173256518,99363,0.031993395843505856,False,0.0,0.0,0.0,0.9934795769747364,0.0,0.0,0.0,0.0,0.0,0.0,0.0,0.0,0.0,0.0,True,0.0017258797777403604,1.0,0.0,0.9934795769747363,0.0,0.010317460317460317,0.002568179038767274,0.0,0.0005082407609090249,0.125,0.0625,0.25,0.0,1.0,True,0.005093450075770332,0.5148936170212766,0.0011475393334205732,0.3084026034431321,129.12482377679888,0.010317460317460317,0.005870123517182341,0.0,0.004356349379220213,0.25,0.25,0.5,0.0,1.0,True,0.0052618285906718305,0.5060728744939271,0.001228068409450087,0.3028774776228481,138.1862149190304,0.010317460317460317,0.0061147119970649385,0.0,0.00450156102519422,0.25,0.25,0.5,0.0,1.0,True,0.019026772183869337,0.24235924932975872,0.014223448053712893,0.2271458451551676,1600.4682104966387,0.013492063492063493,0.013207777913660266,0.007326007326007326,0.02345168082480215,0.6875,0.75,1.0,0.4,1.0,HistGB,fleet,40000,952,9.92,B_fleet_size,CTT_Traverse,FS-A,1,1,CIDv2_OpelAstra
123099,23756,0.19298288369523717,0.5921231076741289,0.30031055740076107,99363,0.031993395843505856,False,0.001431217376662738,1.0,0.0,0.9901457428932191,0.0,0.010317460317460317,0.0017121193591781826,0.0,0.0005082407609090249,0.125,0.0625,0.25,0.0,1.0,True,0.05459673345681091,0.9931087289433385,9.059521053320314e-05,0.17349103093147278,10.19406503501044,0.953968253968254,0.002568179038767274,0.0,0.005372830901038263,0.25,0.3125,0.25,0.0,1.0,True,0.06288937531570972,0.8946107784431138,0.001771639672649306,0.07190003246068954,199.35060512909303,0.9992063492063492,0.003179650238473768,0.003663003663003663,0.015029405358309737,0.375,0.375,0.75,0.1,1.0,True,0.0635628893753157,0.8809801633605601,0.0020534914387526047,0.06766001880168915,231.06547412690327,0.9992063492063492,0.003179650238473768,0.007326007326007326,0.016045886880127785,0.4375,0.4375,0.75,0.2,1.0,True,0.07791715777066846,0.5359004053271569,0.01613601360941385,0.02352510578930378,1815.676250124637,1.0,0.005870123517182341,0.04395604395604396,0.03768242213025485,0.59375,0.625,0.75,0.4,1.0,XGBoost,fleet,40000,952,8.44,B_fleet_size,CTT_Traverse,FS-A,1,1,CIDv2_OpelAstra
123099,23756,0.19298288369523717,0.7024387076942964,0.5009912055169297,99363,0.031993395843505856,False,0.07248695066509514,0.9982608695652174,3.0198403511067714e-05,0.9998965484785376,3.3980216783368125,0.0,0.14271737801149567,0.0,0.040296231757786974,0.09375,0.0625,0.5,0.0,0.0,True,0.11235056406802492,0.996267263904442,0.00010066134503689239,0.9998754477528067,11.326738927789375,0.0,0.2261220496514614,0.0,0.059536774849342916,0.125,0.0625,0.75,0.0,0.0,True,0.17002020542178817,0.9763113367174281,0.0009864811813615453,0.9998388045684732,111.00204149233588,0.0,0.3469487587134646,0.0,0.08727219923037828,0.3125,0.4375,0.75,0.0,0.0,True,0.17124094965482403,0.975071907957814,0.0010468779883836808,0.9998378995044689,117.7980848490095,0.0,0.34939464351229055,0.0,0.0879256516372613,0.3125,0.4375,0.75,0.0,0.0,True,0.21906044788684964,0.8282667515518065,0.010861359129480688,0.999798310559256,1222.1551303084734,0.007936507936507936,0.4455179161061514,0.005494505494505495,0.11239381398388151,0.6875,0.875,1.0,0.3,0.5,HistGB,fleet,40000,20000,21.28,B_fleet_size,CTT_Traverse,FS-A,0,1,CTT_Forester
123099,23756,0.19298288369523717,0.6333994403002097,0.36421200866342396,99363,0.031993395843505856,False,0.01405960599427513,1.0,0.0,0.9999977350234986,0.0,0.0,0.030451265745383392,0.0,0.006171494953895303,0.09375,0.0625,0.5,0.0,0.0,True,0.026351237582084526,0.9873817034700315,8.05290760295139e-05,0.9999971389770508,9.0613911422315,0.0,0.058212058212058215,0.0,0.010890873448050533,0.15625,0.125,0.75,0.0,0.0,True,0.05346017848122579,0.9283625730994152,0.0009864811813615453,0.9999959468841553,111.00204149233588,0.0,0.11654641066405773,0.0,0.023016045886880127,0.28125,0.375,0.75,0.0,0.0,True,0.05346017848122579,0.9283625730994152,0.0009864811813615453,0.9999959468841553,111.00204149233588,0.0,0.11654641066405773,0.0,0.023016045886880127,0.28125,0.375,0.75,0.0,0.0,True,0.10759387102205759,0.7054926856196522,0.010740565515436418,0.9999938011169434,1208.5630435951264,0.0,0.22367616485263545,0.0018315018315018315,0.05271182748856458,0.59375,0.9375,0.75,0.1,0.0,XGBoost,fleet,40000,20000,9.97,B_fleet_size,CTT_Traverse,FS-A,0,1,CTT_Forester
123099,23756,0.19298288369523717,0.698527630963787,0.5179174231975833,99363,0.031993395843505856,False,0.025635628893753155,0.9983606557377049,1.0066134503689238e-05,0.9999689000424302,1.1326738927789375,0.0,0.032897150544209365,0.0,0.02468597981558121,0.09375,0.0625,0.5,0.0,0.0,True,0.055775383061121404,0.9962406015037594,5.033067251844619e-05,0.9999620601347526,5.663369463894687,0.0,0.08462761403937874,0.0,0.04595948595077325,0.09375,0.0625,0.5,0.0,0.0,True,0.1275046304091598,0.9730163829103758,0.000845555298309896,0.9999470354846148,95.14460699343074,0.0,0.23003546532958297,0.0018315018315018315,0.08327887896609308,0.375,0.5,0.75,0.1,0.0,True,0.1334399730594376,0.9703091521273339,0.0009764150468578561,0.9999457112241388,109.86936759955694,0.0,0.24324324324324326,0.0018315018315018315,0.0856748711246642,0.375,0.5,0.75,0.1,0.0,True,0.23968681596228322,0.8378457916421425,0.011092880223065541,0.9999192647095699,1248.2066298423892,0.01904761904761905,0.4726672373731197,0.01282051282051282,0.1305452697306324,0.6875,0.8125,0.75,0.4,1.0,HistGB,fleet,40000,20000,25.18,B_fleet_size,CTT_Traverse,FS-A,1,1,CTT_Forester
123099,23756,0.19298288369523717,0.7041564480387281,0.5041073978595685,99363,0.031993395843505856,False,0.02803502273109951,1.0,0.0,0.9999964237213136,0.0,0.0,0.056866821572703924,0.0,0.014593770420387715,0.09375,0.0625,0.5,0.0,0.0,True,0.05480720660043779,0.9984662576687117,2.0132269007378476e-05,0.9999949932098389,2.265347785557875,0.0,0.11067628714687539,0.0,0.028824511725840413,0.125,0.125,0.5,0.0,0.0,True,0.12497895268563732,0.9617751862649822,0.0011878038714353302,0.9999909400939941,133.65551934791463,0.0007936507936507937,0.25351595939831234,0.0,0.06498221157336818,0.375,0.4375,1.0,0.0,0.5,True,0.12902003704327328,0.9566167290886392,0.001399192696012804,0.999990701675415,157.44167109627233,0.0007936507936507937,0.26244343891402716,0.0,0.06665214550206927,0.375,0.4375,1.0,0.0,0.5,True,0.21106246842902845,0.8327520345457565,0.010136597445215063,0.9999843835830688,1140.60261002839,0.007936507936507936,0.42056989115812643,0.0018315018315018315,0.11355550715167356,0.59375,0.8125,1.0,0.1,0.5,XGBoost,fleet,40000,20000,12.84,B_fleet_size,CTT_Traverse,FS-A,1,1,CTT_Forester
123099,23756,0.19298288369523717,0.5172765387250576,0.3227263566443383,99363,0.031993395843505856,False,0.019742380872200708,1.0,0.0,0.9999783775996476,0.0,0.0,0.0008560596795890913,0.0,0.033543890219995647,0.21875,0.375,0.25,0.0,0.0,True,0.03813773362518943,0.9923329682365827,7.046294152582466e-05,0.9999757186819301,7.9287172494525615,0.0,0.0018344135991194815,0.0,0.06469178828142017,0.28125,0.5,0.25,0.0,0.0,True,0.08040074086546557,0.9422792303897385,0.0011777377369316408,0.9999692557269197,132.5228454551357,0.0,0.010272716155069096,0.005494505494505495,0.13236041530530748,0.5625,0.8125,0.5,0.3,0.0,True,0.08162148509850144,0.9367149758454106,0.0013186636199832903,0.9999690084197258,148.38027995404082,0.0,0.010517304634951694,0.005494505494505495,0.1343207725259566,0.5625,0.8125,0.5,0.3,0.0,True,0.1266627378346523,0.7157469077069457,0.01202903073190864,0.9999599491283209,1353.5453018708301,0.0007936507936507937,0.032285679344502875,0.023809523809523808,0.1982865025775067,0.8125,1.0,0.75,0.6,0.5,HistGB,fleet,40000,12610,19.6,B_fleet_size,CTT_Traverse,FS-A,0,1,CTT_Impala
123099,23756,0.19298288369523717,0.6577553442602153,0.4266033831007313,99363,0.031993395843505856,False,0.0235729920862098,1.0,0.0,0.9999998807907106,0.0,0.0,0.0014675308792955852,0.0018315018315018315,0.03971538517389095,0.40625,0.6875,0.25,0.1,0.0,True,0.0235729920862098,1.0,0.0,0.9999998807907106,0.0,0.0,0.0014675308792955852,0.0018315018315018315,0.03971538517389095,0.40625,0.6875,0.25,0.1,0.0,True,0.12375820845260145,0.9829488465396189,0.0005133728596881512,0.9999997615814209,57.76636853172582,0.0,0.01602054543231014,0.014652014652014652,0.20336891018659697,0.59375,0.8125,0.5,0.4,0.0,True,0.12375820845260145,0.9829488465396189,0.0005133728596881512,0.9999997615814209,57.76636853172582,0.0,0.01602054543231014,0.014652014652014652,0.20336891018659697,0.59375,0.8125,0.5,0.4,0.0,True,0.18681596228321265,0.797627606038821,0.011334467451154082,0.9999991655349731,1275.3908032690838,0.0,0.059801883331295096,0.045787545787545784,0.284905249401002,0.90625,1.0,1.0,0.9,0.0,XGBoost,fleet,40000,12610,9.7,B_fleet_size,CTT_Traverse,FS-A,0,1,CTT_Impala
123099,23756,0.19298288369523717,0.5307818395228431,0.3056361853497238,99363,0.031993395843505856,False,0.00046304091597912107,0.9166666666666666,1.0066134503689238e-05,0.9999932696051779,1.1326738927789375,0.0,0.00012229423994129877,0.0,0.0007260582298700356,0.125,0.1875,0.25,0.0,0.0,True,0.005093450075770332,0.8962962962962963,0.00014092588305164932,0.9999919101352056,15.857434498905123,0.0,0.0028127675186498716,0.0,0.007115370652726349,0.28125,0.5,0.25,0.0,0.0,True,0.02584610203738003,0.8696883852691218,0.0009260843743394099,0.9999904330112404,104.20599813566226,0.0,0.008193714076067017,0.005494505494505495,0.03949756770492994,0.53125,0.75,0.5,0.3,0.0,True,0.028245495874726384,0.8624678663239075,0.0010770763918947486,0.9999903040081431,121.19610652734632,0.0,0.00904977375565611,0.005494505494505495,0.04312785885428011,0.53125,0.75,0.5,0.3,0.0,True,0.10527866644216198,0.68841178089733,0.011394864258176218,0.9999870876157407,1282.1868466257572,0.0007936507936507937,0.031185031185031187,0.014652014652014652,0.16241922602192696,0.78125,1.0,1.0,0.4,0.5,HistGB,fleet,40000,12610,24.03,B_fleet_size,CTT_Traverse,FS-A,1,1,CTT_Impala
123099,23756,0.19298288369523717,0.6291989658044258,0.3981902072401793,99363,0.031993395843505856,False,0.008040074086546556,1.0,0.0,0.9999998807907106,0.0,0.0,0.00012229423994129877,0.0,0.013795106367530676,0.34375,0.625,0.25,0.0,0.0,True,0.06423640343492171,0.9947848761408083,8.05290760295139e-05,0.9999998807907104,9.0613911422315,0.0,0.0019567078390607803,0.003663003663003663,0.10948958106440136,0.46875,0.75,0.25,0.2,0.0,True,0.10393163832294999,0.9836653386454183,0.0004127115146512588,0.9999997615814209,46.439629603936446,0.0,0.005258652317475847,0.009157509157509158,0.17577869745153563,0.5,0.8125,0.25,0.2,0.0,True,0.12662064320592692,0.9628681177976952,0.0011676716024279516,0.9999996423721313,131.39017156235676,0.0,0.010150421915127798,0.014652014652014652,0.21179118565308938,0.65625,0.8125,0.75,0.5,0.0,True,0.1733035864623674,0.7911222136817833,0.010941888205510201,0.9999990463256836,1231.216521450705,0.0,0.04133545310015898,0.031135531135531136,0.2731431060771074,0.8125,0.9375,1.0,0.7,0.0,XGBoost,fleet,40000,12610,11.5,B_fleet_size,CTT_Traverse,FS-A,1,1,CTT_Impala
123099,23756,0.19298288369523717,0.7156279485636357,0.5099404260485718,99363,0.031993395843505856,False,0.020121232530729078,1.0,0.0,0.999991606255672,0.0,0.0,0.05197505197505198,0.0,0.0038481086183111885,0.1875,0.25,0.5,0.0,0.0,True,0.03830611214009092,0.9967141292442497,3.0198403511067714e-05,0.999986440038726,3.3980216783368125,0.0,0.09612327259386083,0.0,0.00900312205038844,0.21875,0.25,0.75,0.0,0.0,True,0.09753325475669304,0.9598177299088649,0.0009764150468578561,0.9999654929390704,109.86936759955694,0.0,0.23101381924911338,0.0018315018315018315,0.03100268641545052,0.46875,0.6875,0.75,0.1,0.0,True,0.10094291968344839,0.9572854291417165,0.0010770763918947486,0.9999642031778807,121.19610652734632,0.0,0.23884065060535647,0.0018315018315018315,0.03223698540622958,0.46875,0.6875,0.75,0.1,0.0,True,0.19262502104731435,0.8277858176555717,0.009582960047512155,0.9999053585293318,1078.3055459255486,0.009523809523809525,0.40332640332640335,0.0018315018315018315,0.0918463660785595,0.65625,0.875,1.0,0.1,1.0,HistGB,fleet,40000,20000,32.43,B_fleet_size,CTT_Traverse,FS-A,0,1,CTT_Silverado
123099,23756,0.19298288369523717,0.7280777005820649,0.558216275950653,99363,0.031993395843505856,False,0.01570129651456474,1.0,0.0,0.9999976158142091,0.0,0.0,0.021768374709551182,0.0,0.014158135482465693,0.21875,0.25,0.75,0.0,0.0,True,0.08978784307122412,0.9934792734047508,0.00014092588305164932,0.9999891519546509,15.857434498905123,0.0007936507936507937,0.16155069096245567,0.0,0.05888332244245988,0.5,0.75,0.75,0.0,0.5,True,0.1546977605657518,0.9711945031712473,0.001097208660902127,0.9999740123748779,123.4614543129042,0.023809523809523808,0.2812767518649872,0.0018315018315018315,0.09758222609453278,0.5625,0.75,0.75,0.1,1.0,True,0.15646573497221755,0.9694835680751174,0.0011777377369316408,0.9999735355377197,132.5228454551357,0.023809523809523808,0.2847009905833435,0.0018315018315018315,0.09859870761635083,0.5625,0.75,0.75,0.1,1.0,True,0.2663327159454454,0.8561569688768607,0.01070030097742166,0.9999111890792847,1204.0323480240106,0.2976190476190476,0.45138803962333374,0.009157509157509158,0.16379873665868003,0.75,0.875,1.0,0.4,1.0,XGBoost,fleet,40000,20000,10.46,B_fleet_size,CTT_Traverse,FS-A,0,1,CTT_Silverado
123099,23756,0.19298288369523717,0.7335757854512464,0.5839931093591747,99363,0.031993395843505856,False,0.07821182017174609,0.9978517722878625,4.026453801475695e-05,0.9999902929746584,4.53069557111575,0.08492063492063492,0.1699889935184053,0.0,0.026210702098308284,0.34375,0.375,0.75,0.0,1.0,True,0.1050681932985351,0.9944223107569721,0.00014092588305164932,0.9999870686641135,15.857434498905123,0.14761904761904762,0.2178060413354531,0.0,0.03840848036012488,0.34375,0.375,0.75,0.0,1.0,True,0.19565583431554134,0.9746278045711889,0.0012180022749463978,0.9999703764931341,137.05354102625142,0.35873015873015873,0.366760425583955,0.0018315018315018315,0.08683656429245626,0.53125,0.6875,0.75,0.1,1.0,True,0.19813941741033844,0.973727761688043,0.0012783990819685332,0.9999697110466309,143.84958438292506,0.3682539682539683,0.37030695854225265,0.0018315018315018315,0.08814346910622232,0.53125,0.6875,0.75,0.1,1.0,True,0.3213083010607846,0.8673863636363637,0.01174717896580534,0.9999119936742741,1321.83043287302,0.6825396825396826,0.534181240063593,0.003663003663003663,0.17447179263776955,0.6875,0.875,1.0,0.2,1.0,HistGB,fleet,40000,20000,52.39,B_fleet_size,CTT_Traverse,FS-A,1,1,CTT_Silverado
123099,23756,0.19298288369523717,0.7327595804604632,0.5594471735472516,99363,0.031993395843505856,False,0.023657181343660547,0.9946902654867257,3.0198403511067714e-05,0.9999957084655763,3.3980216783368125,0.0031746031746031746,0.036443683502507034,0.0,0.018877513976620925,0.3125,0.3125,0.75,0.0,1.0,True,0.047103889543694225,0.9885159010600707,0.0001308597485479601,0.9999929666519165,14.724760606126187,0.02142857142857143,0.0785129020423138,0.0018315018315018315,0.032600014521164594,0.40625,0.4375,0.75,0.1,1.0,True,0.10662569456137397,0.9569323762750284,0.0011475393334205732,0.999983549118042,129.12482377679888,0.09841269841269841,0.19028983734866087,0.0018315018315018315,0.06186016118492703,0.53125,0.6875,0.75,0.1,1.0,True,0.11348711904361003,0.955012398157988,0.0012783990819685332,0.9999823570251465,143.84958438292506,0.11746031746031746,0.20117402470343645,0.0018315018315018315,0.06549045233427721,0.53125,0.6875,0.75,0.1,1.0,True,0.26010271089408993,0.8387403284919235,0.011958567790382815,0.9999196529388428,1345.6165846213778,0.5738095238095238,0.4176348293995353,0.01098901098901099,0.14775284977855224,0.78125,0.875,1.0,0.5,1.0,XGBoost,fleet,40000,20000,12.14,B_fleet_size,CTT_Traverse,FS-A,1,1,CTT_Silverado
123099,23756,0.19298288369523717,0.6624905058800725,0.36091066331255184,99363,0.031993395843505856,False,0.007745411685468934,1.0,0.0,0.668687350906252,0.0,0.0,0.01479760303289715,0.0,0.004574166848181224,0.125,0.1875,0.25,0.0,0.0,True,0.01414379525172588,0.9518413597733711,0.00017112428656271706,0.5710482291610198,19.25545617724194,0.0,0.028372263666381313,0.0,0.00755100559064837,0.15625,0.25,0.25,0.0,0.0,True,0.030139754167368246,0.8533969010727056,0.0012381345439537762,0.42059963429948427,139.3188888118093,0.0,0.0594350006114712,0.0018315018315018315,0.016626733464023814,0.28125,0.4375,0.25,0.1,0.0,True,0.03190772857383398,0.851685393258427,0.0013287297544869795,0.41028500090567976,149.51295384681976,0.0,0.06310382780971016,0.0018315018315018315,0.017498003339867858,0.28125,0.4375,0.25,0.1,0.0,True,0.08170567435595218,0.5816601738088103,0.014052323767150177,0.2303413500681933,1581.212754319397,0.00873015873015873,0.14027149321266968,0.01282051282051282,0.05634211863791476,0.625,0.6875,1.0,0.3,1.0,HistGB,fleet,40000,20000,31.49,B_fleet_size,CTT_Traverse,FS-A,0,1,ROAD_ORNL
123099,23756,0.19298288369523717,0.6657952681344079,0.4010004803545378,99363,0.031993395843505856,False,0.001431217376662738,1.0,0.0,0.8805442452430726,0.0,0.0,0.0006114711997064938,0.0,0.002105568866623103,0.15625,0.25,0.25,0.0,0.0,True,0.00888196666105405,0.9723502304147466,6.039680702213543e-05,0.7637500762939453,6.796043356673625,0.0031746031746031746,0.005380946557417146,0.0,0.01183474914688158,0.21875,0.3125,0.25,0.0,0.5,True,0.022604815625526183,0.8920265780730897,0.0006542987427398005,0.6566046476364136,73.62380303063094,0.03650793650793651,0.014675308792955852,0.005494505494505495,0.02671894285921731,0.3125,0.375,0.25,0.1,1.0,True,0.024751641690520288,0.8922610015174507,0.000714695549761936,0.6468228101730347,80.41984638730457,0.04523809523809524,0.016265133912192736,0.007326007326007326,0.0286066942568794,0.3125,0.375,0.25,0.1,1.0,True,0.08663074591682102,0.786697247706422,0.005616903053058595,0.4429686367511749,632.0320321706471,0.3611111111111111,0.06200317965023847,0.08241758241758242,0.07630871995934074,0.5,0.5,0.75,0.3,1.0,XGBoost,fleet,40000,20000,12.68,B_fleet_size,CTT_Traverse,FS-A,0,1,ROAD_ORNL
123099,23756,0.19298288369523717,0.6699638020599854,0.39414100281886644,99363,0.031993395843505856,False,0.012838861761239266,1.0,0.0,0.7522796845546879,0.0,0.0,0.027516203986792224,0.0,0.0058084658389602846,0.09375,0.125,0.25,0.0,0.0,True,0.024541168546893418,1.0,0.0,0.6581156529013718,0.0,0.0,0.054176348293995355,0.0018315018315018315,0.010092209395193494,0.125,0.125,0.25,0.1,0.0,True,0.054302071055733286,0.9527326440177253,0.0006442326082361112,0.49268053580293153,72.491129137852,0.0,0.10639598874892993,0.06227106227106227,0.028025847672983373,0.3125,0.4375,0.5,0.1,0.0,True,0.05754335746758714,0.9486467730742539,0.0007448939532730037,0.47845458420227027,83.81786806564138,0.0,0.11153234682646447,0.08058608058608059,0.029840993247658463,0.3125,0.4375,0.5,0.1,0.0,True,0.10283717797609025,0.7807606263982103,0.006905368269530817,0.32701232599452246,777.0142904463511,0.0,0.17549223431576372,0.3131868131868132,0.06077107384012198,0.4375,0.5,0.5,0.4,0.0,HistGB,fleet,40000,20000,31.08,B_fleet_size,CTT_Traverse,FS-A,1,1,ROAD_ORNL
123099,23756,0.19298288369523717,0.657463397545955,0.3999911841253807,99363,0.031993395843505856,False,0.0012628388617612393,1.0,0.0,0.8884515762329103,0.0,0.0,0.001100648159471689,0.0,0.0015247222827270747,0.125,0.1875,0.25,0.0,0.0,True,0.010060616265364539,0.9637096774193549,9.059521053320314e-05,0.7783150672912598,10.19406503501044,0.0007936507936507937,0.00904977375565611,0.0,0.011907354969868583,0.1875,0.25,0.25,0.0,0.5,True,0.032328674861087724,0.9088757396449704,0.0007750923567840714,0.6503652334213257,87.2158897439782,0.01746031746031746,0.03167420814479638,0.005494505494505495,0.035141218325709725,0.34375,0.4375,0.5,0.1,0.5,True,0.03418083852500421,0.9072625698324023,0.0008354891638062068,0.6424574255943298,94.01193310065182,0.023015873015873017,0.03301944478415067,0.005494505494505495,0.037028969723371816,0.34375,0.4375,0.5,0.1,0.5,True,0.10384744906549924,0.7579109062980031,0.00793211398890712,0.43782901763916016,892.5470275098028,0.1865079365079365,0.10443928090986915,0.08058608058608059,0.09685616786466275,0.625,0.75,0.75,0.3,1.0,XGBoost,fleet,40000,20000,9.45,B_fleet_size,CTT_Traverse,FS-A,1,1,ROAD_ORNL
123099,23756,0.19298288369523717,0.7283404719893689,0.6144390314314067,99363,0.031993395843505856,False,0.08713588146152551,1.0,0.0,0.9994141081590814,0.0,0.4658730158730159,0.15250091720679956,0.0,0.01713497422493284,0.1875,0.125,0.5,0.0,1.0,True,0.3333473648762418,0.9981094025712125,0.00015099201755533858,0.9914156839006132,16.990108391684064,0.9976190476190476,0.6299376299376299,0.0,0.10970739853336238,0.3125,0.375,0.5,0.0,1.0,True,0.40465566593702645,0.99215605325627,0.0007650262222803821,0.9550550912580252,86.08321585119924,0.9976190476190476,0.7172557172557172,0.023809523809523808,0.17991722936179483,0.5,0.5625,1.0,0.1,1.0,True,0.40945445361171917,0.9914381816328611,0.000845555298309896,0.9474930812691372,95.14460699343074,0.9976190476190476,0.7255717255717256,0.027472527472527472,0.18311188557322297,0.5,0.5625,1.0,0.1,1.0,True,0.43273278329685133,0.8982088248143294,0.011727046696797963,0.8422451375516803,1319.5650850874622,1.0,0.7618931148342913,0.038461538461538464,0.20104552385101285,0.53125,0.625,1.0,0.1,1.0,HistGB,fleet,40000,20000,27.32,B_fleet_size,CTT_Traverse,FS-A,0,2,CIDv2_OpelAstra|CTT_Forester
123099,23756,0.19298288369523717,0.7023417554715182,0.5019658696484455,99363,0.031993395843505856,False,0.0012628388617612393,1.0,0.0,0.9972670078277589,0.0,0.010317460317460317,0.0013452366393542864,0.0,0.00043563493792202136,0.125,0.0625,0.25,0.0,1.0,True,0.12775719818151204,0.9960617000328191,0.00012079361404427085,0.8321031332015991,13.59208671334725,0.9841269841269841,0.1680322856793445,0.0,0.030567051477528497,0.25,0.1875,0.75,0.0,1.0,True,0.16871527193130156,0.9716363636363636,0.0011777377369316408,0.7245369553565979,132.5228454551357,0.9976190476190476,0.25082548611960376,0.009157509157509158,0.050461046975967476,0.46875,0.5,1.0,0.1,1.0,True,0.1711567603973733,0.968787228973076,0.0013186636199832903,0.7182813286781311,148.38027995404082,0.9976190476190476,0.2560841384370796,0.009157509157509158,0.051550134320772524,0.46875,0.5,1.0,0.1,1.0,True,0.2375399898972891,0.7954609529179588,0.014605961164853085,0.5332603454589844,1643.5098184222384,1.0,0.38070196893726305,0.045787545787545784,0.09039424961881944,0.59375,0.5625,1.0,0.4,1.0,XGBoost,fleet,40000,20000,13.51,B_fleet_size,CTT_Traverse,FS-A,0,2,CIDv2_OpelAstra|CTT_Forester
123099,23756,0.19298288369523717,0.7230013711129435,0.5985265711486139,99363,0.031993395843505856,False,0.03161306617275635,0.99734395750332,2.0132269007378476e-05,0.999300866174915,2.265347785557875,0.016666666666666666,0.08046960988137458,0.0,0.005227619255064256,0.1875,0.125,0.5,0.0,1.0,True,0.20239097491160127,0.9981316171891219,9.059521053320314e-05,0.9959046569508698,10.19406503501044,0.9198412698412698,0.3754433166197872,0.003663003663003663,0.04189355986350105,0.3125,0.3125,0.5,0.1,1.0,True,0.35599427513049337,0.9888914873713751,0.0009562827778504776,0.960965946331683,107.60401981399906,0.9976190476190476,0.6704170233581999,0.01282051282051282,0.12422856313076308,0.5,0.5625,1.0,0.1,1.0,True,0.35877252062636805,0.987143849895761,0.0011173409299095054,0.9583532634967721,125.72680209846206,0.9976190476190476,0.6749419102360279,0.014652014652014652,0.12626152617439917,0.53125,0.625,1.0,0.1,1.0,True,0.4057501262838862,0.8959843837144451,0.011264004509628257,0.8838666216645428,1267.462086019631,0.9976190476190476,0.7250825486119604,0.06593406593406594,0.1754882741595876,0.71875,0.75,1.0,0.5,1.0,HistGB,fleet,40000,20000,28.34,B_fleet_size,CTT_Traverse,FS-A,1,2,CIDv2_OpelAstra|CTT_Forester
123099,23756,0.19298288369523717,0.684992174347375,0.42925964781024356,99363,0.031993395843505856,False,0.0015575012628388618,1.0,0.0,0.9971330165863038,0.0,0.010317460317460317,0.002079002079002079,0.0,0.0005082407609090249,0.125,0.0625,0.25,0.0,1.0,True,0.038390301397541675,0.9733191035218783,0.00025165336259223094,0.9665724635124207,28.316847319473435,0.5166666666666667,0.025070319187966247,0.0,0.004065926087272199,0.25,0.1875,0.75,0.0,1.0,True,0.06848796093618455,0.895432030820033,0.0019125655557009553,0.9485368728637695,215.20803962799812,0.8507936507936508,0.05405405405405406,0.003663003663003663,0.008059246351557395,0.40625,0.375,1.0,0.1,1.0,True,0.0702138407139249,0.8881789137380192,0.00211388824577474,0.9472094178199768,237.86151748357688,0.8603174603174604,0.05711141005258652,0.003663003663003663,0.00834966964350541,0.40625,0.375,1.0,0.1,1.0,True,0.14350058932480217,0.68688293370945,0.015642773018733076,0.8687263131141663,1760.1752293784689,0.9976190476190476,0.2168276874159227,0.020146520146520148,0.02671894285921731,0.625,0.5625,1.0,0.5,1.0,XGBoost,fleet,40000,20000,8.7,B_fleet_size,CTT_Traverse,FS-A,1,2,CIDv2_OpelAstra|CTT_Forester
123099,23756,0.19298288369523717,0.7936816711861926,0.715834381835778,99363,0.031993395843505856,False,0.46304091597912106,0.9999090991728025,1.0066134503689238e-05,0.9758428784119757,1.1326738927789375,0.9817460317460317,0.7813378989849578,0.0018315018315018315,0.244899440935163,0.5625,0.6875,1.0,0.1,1.0,True,0.47284896447213337,0.9997330010679957,3.0198403511067714e-05,0.9686555255219652,3.3980216783368125,0.9841269841269841,0.7846398434633729,0.003663003663003663,0.2595658171785377,0.5625,0.6875,1.0,0.1,1.0,True,0.4970112813604984,0.9956991060887165,0.0005133728596881512,0.9401335753928991,57.76636853172582,0.9928571428571429,0.7895316130610248,0.007326007326007326,0.29739345095476655,0.625,0.8125,1.0,0.1,1.0,True,0.49911601279676715,0.9945478946485489,0.0006542987427398005,0.9365301479543119,73.62380303063094,0.9928571428571429,0.7900207900207901,0.009157509157509158,0.30066071298918173,0.625,0.8125,1.0,0.1,1.0,True,0.5434416568445867,0.9307858687815429,0.009663489123541669,0.8448253097206364,1087.36693706778,0.996031746031746,0.8087318087318087,0.027472527472527472,0.3649894721556669,0.75,0.8125,1.0,0.5,1.0,HistGB,fleet,40000,20000,31.34,B_fleet_size,CTT_Traverse,FS-A,0,2,CIDv2_OpelAstra|CTT_Silverado
123099,23756,0.19298288369523717,0.7924708911805487,0.7159463274847007,99363,0.031993395843505856,False,0.427639333221081,1.0,0.0,0.9934226870536805,0.0,0.9396825396825397,0.7272838449309037,0.005494505494505495,0.21963261453568575,0.5625,0.6875,1.0,0.1,1.0,True,0.4570634787001179,0.9992637585127921,8.05290760295139e-05,0.9885607361793518,9.0613911422315,0.9642857142857143,0.7447719212425095,0.005494505494505495,0.2577506716038626,0.5625,0.6875,1.0,0.1,1.0,True,0.497979457821182,0.9917008969737614,0.0009965473158652345,0.9730908870697021,112.13471538511482,0.9817460317460317,0.7627491745138804,0.02197802197802198,0.31539969505554344,0.625,0.8125,1.0,0.1,1.0,True,0.5013891227479373,0.9903550345056955,0.0011676716024279516,0.9707236886024475,131.39017156235676,0.9833333333333333,0.764216705393176,0.02564102564102564,0.3201190735496987,0.625,0.8125,1.0,0.1,1.0,True,0.547524835830948,0.9235958247532486,0.01083116072596962,0.9147773385047913,1218.7571086301368,0.9944444444444445,0.7870857282621988,0.07142857142857142,0.3832861395483918,0.75,0.8125,1.0,0.5,1.0,XGBoost,fleet,40000,20000,8.67,B_fleet_size,CTT_Traverse,FS-A,0,2,CIDv2_OpelAstra|CTT_Silverado
123099,23756,0.19298288369523717,0.7725151301637208,0.649547161351912,99363,0.031993395843505856,False,0.18496379861929618,1.0,0.0,0.9999438229252858,0.0,0.0,0.42399412987648283,0.0,0.0673055979089523,0.3125,0.4375,0.75,0.0,0.0,True,0.24014985687826235,0.999124343257443,5.033067251844619e-05,0.9998754260514366,5.663369463894687,0.004761904761904762,0.5243977008682891,0.0,0.10244681623466202,0.4375,0.5625,0.75,0.0,1.0,True,0.29701970028624347,0.9890664423885618,0.0007851584912877606,0.9997124055242019,88.34856363675713,0.034126984126984124,0.6122049651461416,0.0,0.14571988673491615,0.53125,0.75,0.75,0.0,1.0,True,0.29941909412358986,0.9880538963744965,0.0008656875673172745,0.9996995018797417,97.40995477898863,0.03571428571428571,0.6155069096245567,0.0,0.14775284977855224,0.53125,0.75,0.75,0.0,1.0,True,0.3804933490486614,0.9115570794675272,0.008827999959735463,0.9991163834206686,993.3550039671283,0.26031746031746034,0.6879050996698055,0.014652014652014652,0.22348072315399695,0.75,0.875,1.0,0.4,1.0,HistGB,fleet,40000,20000,37.88,B_fleet_size,CTT_Traverse,FS-A,1,2,CIDv2_OpelAstra|CTT_Silverado
123099,23756,0.19298288369523717,0.7760634237202776,0.6816063038875178,99363,0.031993395843505856,False,0.22310153224448562,1.0,0.0,0.9999135732650758,0.0,0.04047619047619048,0.49064449064449067,0.0,0.0898134030349234,0.46875,0.5625,1.0,0.0,1.0,True,0.3136049840040411,0.9987934039415471,9.059521053320314e-05,0.9997226595878601,10.19406503501044,0.32142857142857145,0.6073131955484896,0.0018315018315018315,0.1508749001669934,0.5625,0.6875,1.0,0.1,1.0,True,0.39901498568782623,0.9874986977810188,0.0012079361404427086,0.9991341233253479,135.9208671334725,0.5920634920634921,0.6882719823896295,0.0018315018315018315,0.22536847455165904,0.59375,0.75,1.0,0.1,1.0,True,0.4001936352921367,0.9873299408038217,0.001228068409450087,0.999114453792572,138.1862149190304,0.5952380952380952,0.6887611593493946,0.0018315018315018315,0.22682059101139912,0.59375,0.75,1.0,0.1,1.0,True,0.4807206600437784,0.9166800449510355,0.010448647614829429,0.9972267746925354,1175.7155007045371,0.85,0.7406139170845053,0.020146520146520148,0.3108981340303492,0.78125,0.875,1.0,0.5,1.0,XGBoost,fleet,40000,20000,12.43,B_fleet_size,CTT_Traverse,FS-A,1,2,CIDv2_OpelAstra|CTT_Silverado
123099,23756,0.19298288369523717,0.7599979768662873,0.49325465338461816,99363,0.031993395843505856,False,0.0,0.0,0.0,0.9977948251417307,0.0,0.0,0.0,0.0,0.0,0.0,0.0,0.0,0.0,0.0,True,0.0,0.0,0.0,0.9977948251417307,0.0,0.0,0.0,0.0,0.0,0.0,0.0,0.0,0.0,0.0,True,0.0,0.0,0.0,0.9977948251417307,0.0,0.0,0.0,0.0,0.0,0.0,0.0,0.0,0.0,0.0,True,0.0,0.0,0.0,0.9977948251417307,0.0,0.0,0.0,0.0,0.0,0.0,0.0,0.0,0.0,0.0,True,0.0,0.0,0.0,0.9977948251417307,0.0,0.0,0.0,0.0,0.0,0.0,0.0,0.0,0.0,0.0,HistGB,fleet,28243,1922,18.19,B_fleet_size,CTT_Traverse,FS-A,0,2,CIDv2_Prototype|CIDv2_RenaultClio
123099,23756,0.19298288369523717,0.5209496138323855,0.2067845436625651,99363,0.031993395843505856,False,0.0,0.0,1.0066134503689238e-05,0.9999933242797853,1.1326738927789375,0.0,0.0,0.0,0.0,0.0,0.0,0.0,0.0,0.0,True,4.209462872537464e-05,0.1,9.059521053320314e-05,0.999988317489624,10.19406503501044,0.0,0.00012229423994129877,0.0,0.0,0.03125,0.0,0.25,0.0,0.0,True,0.00046304091597912107,0.09016393442622951,0.0011173409299095054,0.9999797344207764,125.72680209846206,0.0,0.0007337654396477926,0.0,0.0003630291149350178,0.125,0.125,0.5,0.0,0.0,True,0.0005472301734298703,0.1,0.0011777377369316408,0.9999792575836182,132.5228454551357,0.0,0.0007337654396477926,0.0,0.0005082407609090249,0.125,0.125,0.5,0.0,0.0,True,0.007534938541842061,0.13550340651021953,0.011495525603213111,0.9999567270278931,1293.5135855535466,0.0,0.006726183196771432,0.0,0.00900312205038844,0.5,0.8125,0.75,0.0,0.0,XGBoost,fleet,28243,1922,9.52,B_fleet_size,CTT_Traverse,FS-A,0,2,CIDv2_Prototype|CIDv2_RenaultClio
123099,23756,0.19298288369523717,0.7599979768662873,0.49325465338461816,99363,0.031993395843505856,False,0.0,0.0,0.0,0.9977948251417307,0.0,0.0,0.0,0.0,0.0,0.0,0.0,0.0,0.0,0.0,True,0.0,0.0,0.0,0.9977948251417307,0.0,0.0,0.0,0.0,0.0,0.0,0.0,0.0,0.0,0.0,True,0.0,0.0,0.0,0.9977948251417307,0.0,0.0,0.0,0.0,0.0,0.0,0.0,0.0,0.0,0.0,True,0.0,0.0,0.0,0.9977948251417307,0.0,0.0,0.0,0.0,0.0,0.0,0.0,0.0,0.0,0.0,True,0.0,0.0,0.0,0.9977948251417307,0.0,0.0,0.0,0.0,0.0,0.0,0.0,0.0,0.0,0.0,HistGB,fleet,28243,1922,11.84,B_fleet_size,CTT_Traverse,FS-A,1,2,CIDv2_Prototype|CIDv2_RenaultClio
123099,23756,0.19298288369523717,0.5209496138323855,0.2067845436625651,99363,0.031993395843505856,False,0.0,0.0,1.0066134503689238e-05,0.9999933242797853,1.1326738927789375,0.0,0.0,0.0,0.0,0.0,0.0,0.0,0.0,0.0,True,4.209462872537464e-05,0.1,9.059521053320314e-05,0.999988317489624,10.19406503501044,0.0,0.00012229423994129877,0.0,0.0,0.03125,0.0,0.25,0.0,0.0,True,0.00046304091597912107,0.09016393442622951,0.0011173409299095054,0.9999797344207764,125.72680209846206,0.0,0.0007337654396477926,0.0,0.0003630291149350178,0.125,0.125,0.5,0.0,0.0,True,0.0005472301734298703,0.1,0.0011777377369316408,0.9999792575836182,132.5228454551357,0.0,0.0007337654396477926,0.0,0.0005082407609090249,0.125,0.125,0.5,0.0,0.0,True,0.007534938541842061,0.13550340651021953,0.011495525603213111,0.9999567270278931,1293.5135855535466,0.0,0.006726183196771432,0.0,0.00900312205038844,0.5,0.8125,0.75,0.0,0.0,XGBoost,fleet,28243,1922,10.25,B_fleet_size,CTT_Traverse,FS-A,1,2,CIDv2_Prototype|CIDv2_RenaultClio
123099,23756,0.19298288369523717,0.6229995631833221,0.4235862157488187,99363,0.031993395843505856,False,0.022183869338272436,0.9868913857677902,7.046294152582466e-05,0.9649014802579704,7.9287172494525615,0.07142857142857142,0.003913415678121561,0.005494505494505495,0.02918754084077543,0.3125,0.375,0.25,0.1,1.0,True,0.05106078464387944,0.9885900570497147,0.00014092588305164932,0.9532025151856556,15.857434498905123,0.35714285714285715,0.00904977375565611,0.009157509157509158,0.04966238292311043,0.40625,0.5,0.5,0.1,1.0,True,0.10780434416568446,0.9627819548872181,0.0009965473158652345,0.9282052081584239,112.13471538511482,0.8801587301587301,0.021523786229668582,0.016483516483516484,0.09199157772453351,0.4375,0.5625,0.5,0.1,1.0,True,0.11054049503283381,0.9590942293644996,0.0011274070644131946,0.9261560200842988,126.85947599124098,0.8928571428571429,0.02286902286902287,0.016483516483516484,0.09475059899803964,0.4375,0.5625,0.5,0.1,1.0,True,0.17237750463040916,0.8176916932907349,0.009190380801868275,0.8671284673868237,1034.13126410717,0.9880952380952381,0.06004647181117769,0.06776556776556776,0.16859072097582226,0.65625,0.75,1.0,0.3,1.0,HistGB,fleet,40000,20000,27.59,B_fleet_size,CTT_Traverse,FS-A,0,2,CIDv2_Prototype|ROAD_ORNL
123099,23756,0.19298288369523717,0.6688846523562483,0.4368570497965595,99363,0.031993395843505856,False,0.006650951338609193,0.9937106918238994,1.0066134503689238e-05,0.982790231704712,1.1326738927789375,0.0,0.00024458847988259754,0.0,0.011326508385972555,0.09375,0.125,0.25,0.0,0.0,True,0.02504630409159791,0.9786184210526315,0.0001308597485479601,0.9618639349937439,14.724760606126187,0.10238095238095238,0.002690473278708573,0.0018315018315018315,0.03216437958324258,0.34375,0.4375,0.25,0.1,1.0,True,0.0644047819498232,0.9479553903345725,0.000845555298309896,0.9290792346000671,95.14460699343074,0.46904761904761905,0.008438302555949614,0.01098901098901099,0.06273143106077107,0.34375,0.4375,0.25,0.1,1.0,True,0.06802492002020542,0.9461358313817331,0.0009260843743394099,0.9257070422172546,104.20599813566226,0.5023809523809524,0.009172067995597407,0.01282051282051282,0.0654178465112902,0.34375,0.4375,0.25,0.1,1.0,True,0.1376073413032497,0.8154153155400349,0.007448939532730036,0.8356418013572693,838.1786806564137,0.9388888888888889,0.04745016509722392,0.08791208791208792,0.11979960792855587,0.53125,0.5625,1.0,0.2,1.0,XGBoost,fleet,40000,20000,14.28,B_fleet_size,CTT_Traverse,FS-A,0,2,CIDv2_Prototype|ROAD_ORNL
123099,23756,0.19298288369523717,0.7277111330737438,0.5509343138436381,99363,0.031993395843505856,False,0.0056406802492002025,1.0,0.0,0.9801212425348964,0.0,0.0,0.00794912559618442,0.0018315018315018315,0.004937195963116242,0.1875,0.1875,0.5,0.1,0.0,True,0.04904024246506146,0.9923339011925043,9.059521053320314e-05,0.946162422350294,10.19406503501044,0.11428571428571428,0.06212547389017977,0.0018315018315018315,0.03717418136934582,0.34375,0.375,0.5,0.1,1.0,True,0.1266627378346523,0.9700193423597679,0.0009361505088430991,0.9110799882767298,105.3386720284412,0.7031746031746032,0.13745872569401982,0.02197802197802198,0.07166194728817252,0.46875,0.5625,0.5,0.2,1.0,True,0.1339451086041421,0.9657056145675266,0.001137473198916884,0.9073288283405815,127.99214988401994,0.7492063492063492,0.14491867433043903,0.02197802197802198,0.0755826617294707,0.46875,0.5625,0.5,0.2,1.0,True,0.2505472301734299,0.864739212552666,0.009371571222934682,0.8317600184681709,1054.5193941771909,0.9952380952380953,0.29741959153723857,0.10989010989010989,0.16016844550932985,0.625,0.6875,1.0,0.3,1.0,HistGB,fleet,40000,20000,32.96,B_fleet_size,CTT_Traverse,FS-A,1,2,CIDv2_Prototype|ROAD_ORNL
123099,23756,0.19298288369523717,0.7195727090903722,0.4501695022807276,99363,0.031993395843505856,False,0.0019363529213672335,1.0,0.0,0.9817621707916261,0.0,0.0,0.00012229423994129877,0.0,0.00326726203441516,0.125,0.1875,0.25,0.0,0.0,True,0.007661222428018185,0.9629629629629629,7.046294152582466e-05,0.9621720910072327,7.9287172494525615,0.0,0.0007337654396477926,0.01282051282051282,0.0122703840848036,0.1875,0.25,0.25,0.1,0.0,True,0.017721838693382723,0.8863157894736842,0.0005435712631992189,0.9359134435653687,61.16439021006263,0.015873015873015872,0.0037911214381802618,0.029304029304029304,0.02570246133739926,0.28125,0.375,0.25,0.1,0.5,True,0.018563731267890217,0.8664047151277013,0.0006844971462508682,0.9330961108207703,77.02182470896776,0.01746031746031746,0.004035709918062859,0.031135531135531136,0.026791548682204312,0.28125,0.375,0.25,0.1,0.5,True,0.07522310153224449,0.7458263772954925,0.006130275912746746,0.8418618440628052,689.798400702373,0.28888888888888886,0.039378745261098205,0.1794871794871795,0.07282364045596457,0.53125,0.625,1.0,0.1,1.0,XGBoost,fleet,40000,20000,9.26,B_fleet_size,CTT_Traverse,FS-A,1,2,CIDv2_Prototype|ROAD_ORNL
123099,23756,0.19298288369523717,0.7769532738663485,0.6822198262312059,99363,0.031993395843505856,False,0.2674271762923051,1.0,0.0,0.9990919523194155,0.0,0.12301587301587301,0.591904121315886,0.007326007326007326,0.09830828432440282,0.40625,0.4375,0.75,0.1,1.0,True,0.3050176797440647,0.9998620118669794,1.0066134503689238e-05,0.9986464080947614,1.1326738927789375,0.2515873015873016,0.6298153356976887,0.01282051282051282,0.12865751833297032,0.40625,0.4375,0.75,0.1,1.0,True,0.41248526687994613,0.9920024296416279,0.0007952246257914498,0.9952485760350913,89.48123752953606,0.7436507936507937,0.7019689372630549,0.05860805860805861,0.224351993029841,0.5625,0.6875,1.0,0.1,1.0,True,0.41694729752483584,0.9910946567940765,0.0008958859708283422,0.9949774232487056,100.80797645732545,0.7595238095238095,0.7038033508621744,0.06043956043956044,0.22943440063893125,0.5625,0.6875,1.0,0.1,1.0,True,0.482362350564068,0.9262043323634013,0.009190380801868275,0.985863087481747,1034.13126410717,0.9380952380952381,0.7419591537238596,0.17216117216117216,0.29884556741450663,0.71875,1.0,1.0,0.1,1.0,HistGB,fleet,40000,20000,46.83,B_fleet_size,CTT_Traverse,FS-A,0,2,CTT_Forester|CTT_Silverado
123099,23756,0.19298288369523717,0.7723206598264896,0.6710440338009271,99363,0.031993395843505856,False,0.1782707526519616,0.9997639282341831,1.0066134503689238e-05,0.9998109936714173,1.1326738927789375,0.1365079365079365,0.4210590681178916,0.0018315018315018315,0.0449430044289552,0.40625,0.4375,0.75,0.1,1.0,True,0.2473480383903014,0.9989799387963277,6.039680702213543e-05,0.9995768666267395,6.796043356673625,0.423015873015873,0.5280665280665281,0.007326007326007326,0.07413054526973063,0.40625,0.4375,0.75,0.1,1.0,True,0.34930122916315876,0.9911610129001434,0.0007448939532730037,0.9986155033111572,83.81786806564138,0.7817460317460317,0.6433899963311728,0.040293040293040296,0.14738982066361722,0.53125,0.625,1.0,0.1,1.0,True,0.35595218050176797,0.9895845523698069,0.0008958859708283422,0.9985122084617615,100.80797645732545,0.7984126984126985,0.6504830622477681,0.04945054945054945,0.1527626515646555,0.53125,0.625,1.0,0.1,1.0,True,0.4579474659033507,0.9176718684099536,0.009824547275600696,0.9946554899215698,1105.4897193522431,0.9603174603174603,0.7285067873303167,0.152014652014652,0.26348653161983593,0.6875,0.9375,1.0,0.1,1.0,XGBoost,fleet,40000,20000,9.65,B_fleet_size,CTT_Traverse,FS-A,0,2,CTT_Forester|CTT_Silverado
123099,23756,0.19298288369523717,0.7702469265844742,0.6857399000230006,99363,0.031993395843505856,False,0.21994443509008252,0.9994261667941852,3.0198403511067714e-05,0.9994577950237986,3.3980216783368125,0.007142857142857143,0.5130243365537484,0.003663003663003663,0.07398533362375663,0.3125,0.25,0.75,0.1,1.0,True,0.313141943088062,0.9990598979317754,7.046294152582466e-05,0.9984618551927903,7.9287172494525615,0.11984126984126985,0.6378867555338144,0.01282051282051282,0.14993102446816234,0.46875,0.5625,0.75,0.1,1.0,True,0.41959925913453444,0.9912490055688147,0.000885819836324653,0.9950632338214067,99.67530256454651,0.6063492063492063,0.7046594105417635,0.06043956043956044,0.24751325056269513,0.59375,0.75,1.0,0.1,1.0,True,0.4248189930964809,0.9905771495877503,0.0009663489123541668,0.9946835981758168,108.736693706778,0.6341269841269841,0.7069830011006482,0.0641025641025641,0.2524504465258114,0.59375,0.75,1.0,0.1,1.0,True,0.5018100690351911,0.9226780185758514,0.01005606836918555,0.9808648930624179,1131.5412188861587,0.9206349206349206,0.7505197505197505,0.19597069597069597,0.3279605024322951,0.78125,0.9375,1.0,0.4,1.0,HistGB,fleet,40000,20000,35.07,B_fleet_size,CTT_Traverse,FS-A,1,2,CTT_Forester|CTT_Silverado
123099,23756,0.19298288369523717,0.7650822322086992,0.6776316798540061,99363,0.031993395843505856,False,0.20937868328001347,0.9993972272453285,3.0198403511067714e-05,0.9995088577270509,3.3980216783368125,0.15793650793650793,0.45310015898251194,0.003663003663003663,0.0775430189501198,0.4375,0.5,0.75,0.1,1.0,True,0.3007661222428018,0.9984628283957518,0.00011072747954058163,0.998783528804779,12.459412820568314,0.6126984126984127,0.5692796869267458,0.01282051282051282,0.12422856313076308,0.46875,0.5,1.0,0.1,1.0,True,0.399772689004883,0.9916466534405346,0.0008052907602951391,0.9963017702102661,90.613911422315,0.9015873015873016,0.6744527332762627,0.06776556776556776,0.20394975677049298,0.5625,0.6875,1.0,0.1,1.0,True,0.4026351237582085,0.990883663109914,0.000885819836324653,0.9961810111999512,99.67530256454651,0.9063492063492063,0.6772655007949125,0.07509157509157509,0.20649096057503813,0.5625,0.6875,1.0,0.1,1.0,True,0.48665600269405623,0.9218563112989395,0.009864811813615454,0.9873020648956299,1110.0204149233587,0.9841269841269841,0.7464840406016877,0.1978021978021978,0.29833732665359763,0.625,0.8125,1.0,0.1,1.0,XGBoost,fleet,40000,20000,11.21,B_fleet_size,CTT_Traverse,FS-A,1,2,CTT_Forester|CTT_Silverado
123099,23756,0.19298288369523717,0.7764293700401332,0.6823387168498738,99363,0.031993395843505856,False,0.37325307290789694,1.0,0.0,0.9995995563616055,0.0,0.9492063492063492,0.6641800171211936,0.0,0.16263704349088798,0.53125,0.6875,1.0,0.0,1.0,True,0.3957736992759724,0.9995747395279608,4.026453801475695e-05,0.9994242195396441,4.53069557111575,0.9722222222222222,0.683991683991684,0.0,0.1876134465984172,0.5625,0.75,1.0,0.0,1.0,True,0.4326064994106752,0.990363303459574,0.0010066134503689237,0.9990334012592414,113.26738927789374,0.9896825396825397,0.706126941421059,0.005494505494505495,0.23618674217672259,0.65625,0.8125,1.0,0.2,1.0,True,0.43353258124263344,0.989812590100913,0.0010670102573910592,0.9990160040306418,120.06343263456736,0.9904761904761905,0.7063715299009417,0.005494505494505495,0.23756625281347565,0.65625,0.8125,1.0,0.2,1.0,True,0.4870348543525846,0.9162904886354637,0.010639904170399525,0.9979047012612254,1197.236304667337,0.996031746031746,0.7370673841262076,0.018315018315018316,0.3106077107384012,0.8125,0.875,1.0,0.6,1.0,HistGB,fleet,40000,20000,30.59,B_fleet_size,CTT_Traverse,FS-A,0,3,CIDv2_OpelAstra|CIDv2_Prototype|CTT_Silverado
123099,23756,0.19298288369523717,0.7882675361669017,0.7112304669641986,99363,0.031993395843505856,False,0.37228489644721335,0.9998869417750141,1.0066134503689238e-05,0.9991971850395204,1.1326738927789375,0.7166666666666667,0.6951204598263422,0.0018315018315018315,0.16379873665868003,0.5625,0.6875,1.0,0.1,1.0,True,0.4197255430207106,0.9993986168186829,6.039680702213543e-05,0.9982581734657288,6.796043356673625,0.8753968253968254,0.7287513758101993,0.005494505494505495,0.21099252160023235,0.5625,0.6875,1.0,0.1,1.0,True,0.47651119717124096,0.9928953600561354,0.0008153568947988283,0.9955962300300598,91.74658531509394,0.9603174603174603,0.7573682279564633,0.020146520146520148,0.2835983445872359,0.65625,0.8125,1.0,0.2,1.0,True,0.47912106415221417,0.9924143342924405,0.0008757537018209637,0.9954219460487366,98.54262867176756,0.9642857142857143,0.7587134645958176,0.020146520146520148,0.2869382124446381,0.65625,0.8125,1.0,0.2,1.0,True,0.5378009765953864,0.9304493481902265,0.009613158451023222,0.9859232902526855,1081.7035676038852,0.9952380952380953,0.7876971994619053,0.0695970695970696,0.3661511653234589,0.78125,0.875,1.0,0.5,1.0,XGBoost,fleet,40000,20000,9.45,B_fleet_size,CTT_Traverse,FS-A,0,3,CIDv2_OpelAstra|CIDv2_Prototype|CTT_Silverado
123099,23756,0.19298288369523717,0.7700998511051079,0.6570753969472966,99363,0.031993395843505856,False,0.22352247853173934,1.0,0.0,0.999877291347673,0.0,0.0,0.49871591048061636,0.0018315018315018315,0.08937776809700138,0.375,0.5,0.75,0.1,0.0,True,0.28792726048156253,0.9982486865148862,0.00012079361404427085,0.9997246678586061,13.59208671334725,0.0015873015873015873,0.6076800782683136,0.0018315018315018315,0.13562767733972264,0.53125,0.6875,1.0,0.1,0.5,True,0.3473648762417915,0.9906362545018007,0.0007851584912877606,0.9994498141524584,88.34856363675713,0.04206349206349207,0.6743304390363214,0.003663003663003663,0.19480142307413054,0.65625,0.8125,1.0,0.2,1.0,True,0.34968008082168717,0.9896354538956398,0.0008757537018209637,0.9994341339909556,98.54262867176756,0.04523809523809524,0.6762871468753822,0.003663003663003663,0.19734262687867568,0.65625,0.8125,1.0,0.2,1.0,True,0.4321013638659707,0.9148841354723708,0.009613158451023222,0.9985463955814351,1081.7035676038852,0.3380952380952381,0.7331539684480861,0.03296703296703297,0.2777898787482756,0.84375,0.9375,1.0,0.6,1.0,HistGB,fleet,40000,20000,31.28,B_fleet_size,CTT_Traverse,FS-A,1,3,CIDv2_OpelAstra|CIDv2_Prototype|CTT_Silverado
123099,23756,0.19298288369523717,0.7821602024899481,0.697168317018301,99363,0.031993395843505856,False,0.2641437952517259,0.9998406628425749,1.0066134503689238e-05,0.999806582927704,1.1326738927789375,0.4031746031746032,0.5605967958909135,0.0,0.08589268859362521,0.40625,0.5,0.75,0.0,1.0,True,0.3328422293315373,0.9996207332490519,3.0198403511067714e-05,0.9995266199111938,3.3980216783368125,0.6936507936507936,0.6292038644979822,0.0018315018315018315,0.1370071879764757,0.5625,0.6875,1.0,0.1,1.0,True,0.42519784475500927,0.9949763593380615,0.0005133728596881512,0.9981837868690491,57.76636853172582,0.9158730158730158,0.7116301822184176,0.005494505494505495,0.2268931968343861,0.625,0.75,1.0,0.2,1.0,True,0.42970197002862437,0.9944471505114466,0.0005737696667102866,0.998051643371582,64.56241188839944,0.9238095238095239,0.71468753821695,0.005494505494505495,0.23212081608945037,0.625,0.75,1.0,0.2,1.0,True,0.5076612224280181,0.9406442555182903,0.00766032835730751,0.992499053478241,861.9648324047714,0.9920634920634921,0.7673963556316498,0.03296703296703297,0.3279605024322951,0.6875,0.8125,1.0,0.3,1.0,XGBoost,fleet,40000,20000,11.55,B_fleet_size,CTT_Traverse,FS-A,1,3,CIDv2_OpelAstra|CIDv2_Prototype|CTT_Silverado
123099,23756,0.19298288369523717,0.7160794981286015,0.468234380950289,99363,0.031993395843505856,False,0.005514396363024078,1.0,0.0,0.9133537789699144,0.0,0.09365079365079365,0.0014675308792955852,0.0,7.260582298700355e-05,0.125,0.0625,0.25,0.0,1.0,True,0.052618285906718305,0.9968102073365231,4.026453801475695e-05,0.7608377893312998,4.53069557111575,0.876984126984127,0.014675308792955852,0.0018315018315018315,0.0017425397516880855,0.28125,0.25,0.5,0.1,1.0,True,0.07526519616096985,0.9500531349628055,0.0009462166433467884,0.5766524426207967,106.47134592122013,0.9976190476190476,0.049529167176226,0.016483516483516484,0.008494881289479415,0.375,0.4375,0.5,0.1,1.0,True,0.0768647920525341,0.9461139896373058,0.0010468779883836808,0.5670814716724144,117.7980848490095,0.9976190476190476,0.05246422893481717,0.016483516483516484,0.009511362811297466,0.375,0.4375,0.5,0.1,1.0,True,0.1422377504630409,0.7542410714285714,0.011082814088561852,0.3258446516960689,1247.0739559496103,0.9984126984126984,0.16216216216216217,0.18315018315018314,0.050461046975967476,0.6875,0.8125,1.0,0.3,1.0,HistGB,fleet,40000,20000,28.03,B_fleet_size,CTT_Traverse,FS-A,0,3,CIDv2_OpelAstra|CIDv2_RenaultClio|ROAD_ORNL
123099,23756,0.19298288369523717,0.7271077550478185,0.5170527196893462,99363,0.031993395843505856,False,0.013975416736824382,1.0,0.0,0.8620288372039796,0.0,0.24285714285714285,0.0028127675186498716,0.0,0.00021781746896101068,0.125,0.0625,0.25,0.0,1.0,True,0.04125273615086715,0.9969481180061037,3.0198403511067714e-05,0.7393823862075806,3.3980216783368125,0.6476190476190476,0.01602054543231014,0.003663003663003663,0.00225078051259711,0.25,0.1875,0.5,0.1,1.0,True,0.08591513722848965,0.9677572309151257,0.0006844971462508682,0.5343718528747559,77.02182470896776,0.9682539682539683,0.07178671884554237,0.014652014652014652,0.016408915995062803,0.375,0.4375,0.5,0.1,1.0,True,0.08886176123926587,0.9670178653229501,0.0007247616842656252,0.5246644020080566,81.55252028008351,0.9746031746031746,0.07667848844319433,0.016483516483516484,0.01793363827778988,0.375,0.4375,0.5,0.1,1.0,True,0.19645563226132345,0.7928984029901461,0.012270617959997182,0.2600237727165222,1380.729475297525,0.9984126984126984,0.27124862418980067,0.07875457875457875,0.08335148478908008,0.625,0.75,1.0,0.2,1.0,XGBoost,fleet,40000,20000,10.5,B_fleet_size,CTT_Traverse,FS-A,0,3,CIDv2_OpelAstra|CIDv2_RenaultClio|ROAD_ORNL
123099,23756,0.19298288369523717,0.6852805481686342,0.4374765198942905,99363,0.031993395843505856,False,0.0017258797777403604,0.9761904761904762,1.0066134503689238e-05,0.85221296323178,1.1326738927789375,0.0,0.00489176959765195,0.0,7.260582298700355e-05,0.0625,0.0625,0.25,0.0,0.0,True,0.013722848964472133,0.978978978978979,7.046294152582466e-05,0.6975359661042162,7.9287172494525615,0.048412698412698414,0.02494802494802495,0.0,0.004428955202207217,0.28125,0.3125,0.5,0.0,1.0,True,0.05472301734298703,0.9200283085633404,0.001137473198916884,0.5449479501684829,127.99214988401994,0.36428571428571427,0.06983001100648159,0.01098901098901099,0.01916793726856894,0.4375,0.5,0.75,0.1,1.0,True,0.05733288432396026,0.9134808853118712,0.0012985313509759116,0.5383285946705975,146.11493216848294,0.38095238095238093,0.07300966124495537,0.01098901098901099,0.020257024613373992,0.4375,0.5,0.75,0.1,1.0,True,0.14829937699949486,0.7429354702657107,0.012270617959997182,0.3622009840638005,1380.729475297525,0.8579365079365079,0.1773266479148832,0.09340659340659341,0.06832207943077034,0.71875,0.75,1.0,0.5,1.0,HistGB,fleet,40000,20000,34.69,B_fleet_size,CTT_Traverse,FS-A,1,3,CIDv2_OpelAstra|CIDv2_RenaultClio|ROAD_ORNL
123099,23756,0.19298288369523717,0.7243727590573147,0.4993645864969312,99363,0.031993395843505856,False,0.017385081663579726,0.9975845410628019,1.0066134503689238e-05,0.8321014046669007,1.1326738927789375,0.3261904761904762,0.00024458847988259754,0.0,0.0,0.09375,0.0,0.25,0.0,1.0,True,0.05215524499073918,0.9935846030473136,8.05290760295139e-05,0.6366706490516663,9.0613911422315,0.8674603174603175,0.008316008316008316,0.005494505494505495,0.0054454367240252665,0.28125,0.3125,0.25,0.1,1.0,True,0.08044283549419094,0.9671052631578947,0.0006542987427398005,0.46116387844085693,73.62380303063094,0.9904761904761905,0.037911214381802616,0.014652014652014652,0.025049008930516228,0.40625,0.5,0.5,0.1,1.0,True,0.08305270247516416,0.96337890625,0.0007549600877766929,0.4511028826236725,84.95054195842032,0.9904761904761905,0.042069218539806774,0.018315018315018316,0.02693676032817832,0.4375,0.5,0.5,0.2,1.0,True,0.17111466576864792,0.8006696868229269,0.010186928117733508,0.25502949953079224,1146.2659794922847,0.9984126984126984,0.1587379234438058,0.10805860805860806,0.10527844333115516,0.6875,0.75,1.0,0.4,1.0,XGBoost,fleet,40000,20000,16.4,B_fleet_size,CTT_Traverse,FS-A,1,3,CIDv2_OpelAstra|CIDv2_RenaultClio|ROAD_ORNL
123099,23756,0.19298288369523717,0.8031990517826721,0.7510719479980105,99363,0.031993395843505856,False,0.543820508503115,0.9997678377960069,3.0198403511067714e-05,0.9968131829809741,3.3980216783368125,0.9976190476190476,0.7857404916228445,0.1684981684981685,0.3735569592681333,0.75,0.75,1.0,0.6,1.0,True,0.5690772857383398,0.999334713187463,9.059521053320314e-05,0.9945360711876523,10.19406503501044,0.9976190476190476,0.8077534548122783,0.23076923076923078,0.4015828069411167,0.8125,0.8125,1.0,0.7,1.0,True,0.5960599427513049,0.9929873772791024,0.0010066134503689237,0.9874501078610173,113.26738927789374,0.9976190476190476,0.8340467163996576,0.326007326007326,0.428737384738256,0.8125,0.8125,1.0,0.7,1.0,True,0.5967755514396363,0.9922312430011199,0.0011173409299095054,0.9869960986427956,125.72680209846206,0.9976190476190476,0.8347804818393054,0.32783882783882784,0.42946344296812605,0.8125,0.8125,1.0,0.7,1.0,True,0.6192540831789863,0.932788028660199,0.010670102573910593,0.9672089420924315,1200.6343263456738,0.9984126984126984,0.8659655130243366,0.45054945054945056,0.44478327161838377,0.84375,0.8125,1.0,0.8,1.0,HistGB,fleet,40000,20000,44.15,B_fleet_size,CTT_Traverse,FS-A,0,3,CIDv2_OpelAstra|CTT_Impala|CTT_Silverado
123099,23756,0.19298288369523717,0.8087156917970768,0.7548700914125361,99363,0.031993395843505856,False,0.4877083684121906,0.9997411338338079,3.0198403511067714e-05,0.9993820190429689,3.3980216783368125,0.8912698412698413,0.7343769108474991,0.040293040293040296,0.3220794307703478,0.75,0.75,1.0,0.6,1.0,True,0.5106078464387944,0.9994232512152921,7.046294152582466e-05,0.9990586638450623,7.9287172494525615,0.9484126984126984,0.7562675797969916,0.0641025641025641,0.3424090612067088,0.8125,0.8125,1.0,0.7,1.0,True,0.5549755851153393,0.9935940914914462,0.0008556214328135853,0.9975698590278625,96.2772808862097,0.9928571428571429,0.8015164485752722,0.16666666666666666,0.38393959195527483,0.8125,0.8125,1.0,0.7,1.0,True,0.5581747768984677,0.9925892656635976,0.0009965473158652345,0.9973809123039246,112.13471538511482,0.9944444444444445,0.8051852757735111,0.17399267399267399,0.38684382487475494,0.8125,0.8125,1.0,0.7,1.0,True,0.6165600269405623,0.9341794757318707,0.010388250807807293,0.9889218807220459,1168.9194573478635,0.9976190476190476,0.8734254616607557,0.3772893772893773,0.4386843824874755,0.875,0.9375,1.0,0.7,1.0,XGBoost,fleet,40000,20000,19.23,B_fleet_size,CTT_Traverse,FS-A,0,3,CIDv2_OpelAstra|CTT_Impala|CTT_Silverado
123099,23756,0.19298288369523717,0.8119378874687417,0.7550066624796977,99363,0.031993395843505856,False,0.5264775214682607,0.9997601918465228,3.0198403511067714e-05,0.9962607376464816,3.3980216783368125,0.9976190476190476,0.7857404916228445,0.16117216117216118,0.3439337834894359,0.71875,0.75,1.0,0.5,1.0,True,0.5498400404108436,0.9993114528345192,9.059521053320314e-05,0.993457444513021,10.19406503501044,0.9976190476190476,0.8060413354531002,0.2087912087912088,0.37028969723371813,0.8125,0.8125,1.0,0.7,1.0,True,0.5864623674019195,0.9899808143253038,0.0014193249650201827,0.9836427637120577,159.70701888183018,0.9976190476190476,0.83991683991684,0.32783882783882784,0.408625571770856,0.84375,0.8125,1.0,0.8,1.0,True,0.5872621653477016,0.9896431864935802,0.0014696556375386287,0.9832692833538408,165.37038834572485,0.9976190476190476,0.8411397823162529,0.32783882783882784,0.40927902417773904,0.84375,0.8125,1.0,0.8,1.0,True,0.618538474490655,0.9257229257229257,0.011867972579849612,0.960382279579715,1335.4225195863673,0.9976190476190476,0.8742815213403449,0.43772893772893773,0.43919262324838454,0.9375,1.0,1.0,0.8,1.0,HistGB,fleet,40000,20000,34.71,B_fleet_size,CTT_Traverse,FS-A,1,3,CIDv2_OpelAstra|CTT_Impala|CTT_Silverado
123099,23756,0.19298288369523717,0.803812044882309,0.7472998499768113,99363,0.031993395843505856,False,0.4441825223101532,1.0,0.0,0.9994601607322694,0.0,0.5023809523809524,0.6974440503852268,0.03296703296703297,0.30479924489944094,0.75,0.75,1.0,0.6,1.0,True,0.48850816635797273,0.9989670310751485,0.00012079361404427085,0.9988705515861511,13.59208671334725,0.7468253968253968,0.7406139170845053,0.0695970695970696,0.3318086110506063,0.8125,0.8125,1.0,0.7,1.0,True,0.534601784812258,0.9912581954417733,0.0011274070644131946,0.9971946477890015,126.85947599124098,0.9246031746031746,0.7850067261831968,0.15567765567765568,0.3652798954476149,0.8125,0.8125,1.0,0.7,1.0,True,0.5378009765953864,0.9900805951642901,0.0012884652164722224,0.9969632029533386,144.982258275704,0.9325396825396826,0.7885532591414944,0.163003663003663,0.367675887606186,0.8125,0.8125,1.0,0.7,1.0,True,0.599890553965314,0.9321080515403231,0.010448647614829429,0.9873730540275574,1175.7155007045371,0.9952380952380953,0.8593616240675064,0.3608058608058608,0.41915341610397155,0.90625,0.9375,1.0,0.8,1.0,XGBoost,fleet,40000,20000,10.62,B_fleet_size,CTT_Traverse,FS-A,1,3,CIDv2_OpelAstra|CTT_Impala|CTT_Silverado
123099,23756,0.19298288369523717,0.7151905395108602,0.44498242634670127,99363,0.031993395843505856,False,0.0009260818319582421,1.0,0.0,0.9999346969463265,0.0,0.0,0.0004891769597651951,0.0,0.001306904813766064,0.15625,0.1875,0.5,0.0,0.0,True,0.0063983835662569455,0.9681528662420382,5.033067251844619e-05,0.9998716224640299,5.663369463894687,0.0,0.005258652317475847,0.0,0.007914034705583387,0.375,0.5,1.0,0.0,0.0,True,0.030223943424818992,0.8986232790988736,0.0008153568947988283,0.999711851510077,91.74658531509394,0.0,0.034853858383270146,0.0,0.03143832135337254,0.40625,0.5625,1.0,0.0,0.0,True,0.03119211988550261,0.8927710843373494,0.0008958859708283422,0.999704163943144,100.80797645732545,0.0,0.03656597774244833,0.0,0.03209177376025557,0.40625,0.5625,1.0,0.0,0.0,True,0.10519447718471123,0.7011784511784511,0.010720433246429038,0.9992337538678698,1206.2976958095685,0.0,0.1469976764094411,0.009157509157509158,0.0938067232992086,0.71875,0.875,1.0,0.5,0.0,HistGB,fleet,40000,20000,28.02,B_fleet_size,CTT_Traverse,FS-A,0,3,CIDv2_Prototype|CTT_Silverado|ROAD_ORNL
123099,23756,0.19298288369523717,0.7316422473695622,0.5081256243279679,99363,0.031993395843505856,False,0.008629398888701801,1.0,0.0,0.9999364614486695,0.0,0.0,0.002568179038767274,0.0,0.013359471429608655,0.28125,0.375,0.75,0.0,0.0,True,0.023194140427681427,0.9892280071813285,6.039680702213543e-05,0.9998674392700195,6.796043356673625,0.0,0.01602054543231014,0.0018315018315018315,0.03042183983155449,0.375,0.4375,1.0,0.1,0.0,True,0.06621485098501431,0.9464500601684718,0.0008958859708283422,0.9996894598007202,100.80797645732545,0.0,0.08108108108108109,0.0018315018315018315,0.06599869309518623,0.5,0.6875,1.0,0.1,0.0,True,0.07092944940225628,0.9434490481522956,0.0010166795848726132,0.9996694326400757,114.4000631706727,0.0,0.08780726427785251,0.0018315018315018315,0.07013722500544543,0.5,0.6875,1.0,0.1,0.0,True,0.15962283212662065,0.7904940587867417,0.010116465176207684,0.9990870952606201,1138.3372622428321,0.007142857142857143,0.24238718356365416,0.01282051282051282,0.13025484643868437,0.78125,0.9375,1.0,0.4,1.0,XGBoost,fleet,40000,20000,10.23,B_fleet_size,CTT_Traverse,FS-A,0,3,CIDv2_Prototype|CTT_Silverado|ROAD_ORNL
123099,23756,0.19298288369523717,0.7444885542821862,0.568944639373698,99363,0.031993395843505856,False,0.004209462872537464,1.0,0.0,0.999872023414757,0.0,0.0,0.00012229423994129877,0.0,0.007187976475713352,0.15625,0.25,0.25,0.0,0.0,True,0.03771678733793568,0.9911504424778761,8.05290760295139e-05,0.9994806408964899,9.0613911422315,0.007142857142857143,0.033264033264033266,0.0,0.04465258113700719,0.34375,0.375,0.75,0.0,1.0,True,0.10763596565078296,0.9711355867831372,0.0007650262222803821,0.9988506116634881,86.08321585119924,0.08412698412698413,0.137947902653785,0.0,0.09605750381180571,0.5,0.6875,0.75,0.0,1.0,True,0.11706516248526688,0.9676409185803758,0.0009361505088430991,0.9987739529038656,105.3386720284412,0.10396825396825397,0.15347927112632995,0.0,0.10128512306686996,0.5,0.6875,0.75,0.0,1.0,True,0.26591176965819163,0.8634499726626572,0.01005606836918555,0.9970037401939968,1131.5412188861587,0.5595238095238095,0.37128531246178303,0.005494505494505495,0.18681478254556017,0.71875,0.875,1.0,0.3,1.0,HistGB,fleet,40000,20000,32.97,B_fleet_size,CTT_Traverse,FS-A,1,3,CIDv2_Prototype|CTT_Silverado|ROAD_ORNL
123099,23756,0.19298288369523717,0.742292384412297,0.5288288024045628,99363,0.031993395843505856,False,0.007871695571645057,1.0,0.0,0.9999011754989625,0.0,0.0,0.0018344135991194815,0.0,0.012488201553764611,0.3125,0.4375,0.75,0.0,0.0,True,0.027614076443845767,0.9909365558912386,6.039680702213543e-05,0.9997579455375671,6.796043356673625,0.0,0.013574660633484163,0.0018315018315018315,0.03949756770492994,0.375,0.4375,1.0,0.1,0.0,True,0.06882471796598753,0.9555815312682642,0.0007650262222803821,0.9994645714759827,86.08321585119924,0.007936507936507936,0.06824018588724472,0.003663003663003663,0.07732520148115879,0.53125,0.625,1.0,0.1,1.0,True,0.07092944940225628,0.9514398644833427,0.0008656875673172745,0.9994468092918396,97.40995477898863,0.00873015873015873,0.07239819004524888,0.003663003663003663,0.07841428882596384,0.53125,0.625,1.0,0.1,1.0,True,0.1771341976763765,0.7981790591805766,0.01071036711192535,0.9985595345497131,1205.1650219167896,0.22936507936507936,0.24250947780359544,0.016483516483516484,0.13991142089595585,0.6875,0.8125,1.0,0.3,1.0,XGBoost,fleet,40000,20000,9.51,B_fleet_size,CTT_Traverse,FS-A,1,3,CIDv2_Prototype|CTT_Silverado|ROAD_ORNL
123099,23756,0.19298288369523717,0.7743692429865326,0.6006352720928366,99363,0.031993395843505856,False,0.02765617107257114,1.0,0.0,0.9999873927180957,0.0,0.07936507936507936,0.00024458847988259754,0.0,0.040296231757786974,0.34375,0.5,0.25,0.0,1.0,True,0.05139754167368244,0.9975490196078431,3.0198403511067714e-05,0.9999789408996047,3.3980216783368125,0.17936507936507937,0.003179650238473768,0.0018315018315018315,0.07028243665141945,0.4375,0.5625,0.5,0.1,1.0,True,0.118875231520458,0.9602176130567834,0.0011777377369316408,0.9999506547965262,132.5228454551357,0.41825396825396827,0.046104928457869634,0.01098901098901099,0.13896754519712481,0.625,0.75,0.75,0.3,1.0,True,0.12152719313015659,0.957863304578633,0.0012783990819685332,0.9999495488744865,143.84958438292506,0.4253968253968254,0.04855081325669561,0.01098901098901099,0.14143614317868294,0.625,0.75,0.75,0.3,1.0,True,0.28624347533254757,0.8520235559453703,0.01188810484885699,0.9998679231583047,1337.6878673719252,0.8873015873015873,0.3074477192124251,0.023809523809523808,0.22907137152399623,0.75,0.875,1.0,0.4,1.0,HistGB,fleet,40000,20000,29.57,B_fleet_size,CTT_Traverse,FS-A,0,3,CIDv2_RenaultClio|CTT_Forester|CTT_Impala
123099,23756,0.19298288369523717,0.7905995842338991,0.692516827409383,99363,0.031993395843505856,False,0.09824886344502441,1.0,0.0,0.9999873638153077,0.0,0.007142857142857143,0.12816436345848112,0.0018315018315018315,0.09264503013141653,0.46875,0.625,0.75,0.1,0.5,True,0.1464472133355784,0.9982783357245337,6.039680702213543e-05,0.999981164932251,6.796043356673625,0.031746031746031744,0.21499327381680322,0.003663003663003663,0.12190517679517897,0.5625,0.6875,0.75,0.2,1.0,True,0.28228658023236236,0.9905465288035451,0.0006442326082361112,0.9999521970748901,72.491129137852,0.16031746031746033,0.45248868778280543,0.014652014652014652,0.20300588107166195,0.75,0.8125,1.0,0.5,1.0,True,0.290789695234888,0.988834812482107,0.0007851584912877606,0.9999492168426514,88.34856363675713,0.17142857142857143,0.46728629081570255,0.016483516483516484,0.20779786538880418,0.75,0.8125,1.0,0.5,1.0,True,0.4642616602121569,0.9126944720291295,0.010619771901392147,0.9998249411582947,1194.970956881779,0.5642857142857143,0.7342546166075578,0.047619047619047616,0.31133376896827125,0.78125,0.875,1.0,0.5,1.0,XGBoost,fleet,40000,20000,8.6,B_fleet_size,CTT_Traverse,FS-A,0,3,CIDv2_RenaultClio|CTT_Forester|CTT_Impala
123099,23756,0.19298288369523717,0.7513469885004388,0.522760815761724,99363,0.031993395843505856,False,0.01970028624347533,1.0,0.0,0.9999785273795285,0.0,0.015873015873015872,0.002079002079002079,0.0018315018315018315,0.03122050388441153,0.4375,0.5625,0.5,0.1,1.0,True,0.03148678228658023,0.9933598937583001,5.033067251844619e-05,0.9999684934154225,5.663369463894687,0.05,0.008560596795890914,0.0018315018315018315,0.044579975314020186,0.5,0.625,0.75,0.1,1.0,True,0.06495201212325308,0.9518815545959285,0.0007851584912877606,0.9999434861222516,88.34856363675713,0.1111111111111111,0.04488198605845665,0.007326007326007326,0.07492920932258768,0.71875,0.875,1.0,0.3,1.0,True,0.06743559521805018,0.9456906729634003,0.0009260843743394099,0.999941736755955,104.20599813566226,0.11825396825396825,0.04757245933716522,0.007326007326007326,0.07696217236622377,0.71875,0.875,1.0,0.3,1.0,True,0.17789190099343324,0.7820133234641007,0.011857906445345923,0.9998563702543728,1334.2898456935884,0.3531746031746032,0.20203008438302555,0.016483516483516484,0.15392434473244754,0.75,0.9375,1.0,0.3,1.0,HistGB,fleet,40000,20000,31.13,B_fleet_size,CTT_Traverse,FS-A,1,3,CIDv2_RenaultClio|CTT_Forester|CTT_Impala
123099,23756,0.19298288369523717,0.7640673305957233,0.6135879097712333,99363,0.031993395843505856,False,0.06368917326149183,1.0,0.0,0.9999864101409913,0.0,0.007936507936507936,0.06726183196771432,0.005494505494505495,0.06897553183765338,0.59375,0.6875,1.0,0.3,0.5,True,0.1060784643879441,0.9948677457560205,0.0001308597485479601,0.9999768733978271,14.724760606126187,0.01984126984126984,0.14394032041090865,0.01098901098901099,0.09525883975894867,0.625,0.6875,1.0,0.4,0.5,True,0.17494527698265702,0.9760450915922968,0.0010267457193763024,0.999957799911499,115.53273706345163,0.05634920634920635,0.27332762626880275,0.01098901098901099,0.13388513758803455,0.6875,0.75,1.0,0.4,1.0,True,0.17852332042431385,0.9744944852941176,0.0011173409299095054,0.9999569654464722,125.72680209846206,0.05952380952380952,0.28042069218539806,0.01098901098901099,0.13555507151673565,0.6875,0.75,1.0,0.4,1.0,True,0.32509681764606835,0.8801139601139601,0.010589573497881078,0.9998906850814819,1191.5729352034423,0.24126984126984127,0.5444539562186621,0.020146520146520148,0.2146228127495825,0.78125,0.875,1.0,0.5,1.0,XGBoost,fleet,40000,20000,10.02,B_fleet_size,CTT_Traverse,FS-A,1,3,CIDv2_RenaultClio|CTT_Forester|CTT_Impala
123099,23756,0.19298288369523717,0.7965744268010555,0.7316702406933674,99363,0.031993395843505856,False,0.4352163663916484,0.9999032882011606,1.0066134503689238e-05,0.9998296221939478,1.1326738927789375,0.9126984126984127,0.6575761281643635,0.003663003663003663,0.2766281855804836,0.625,0.75,1.0,0.2,1.0,True,0.45891564236403437,0.9993583279860665,7.046294152582466e-05,0.9997873370012557,7.9287172494525615,0.942063492063492,0.685214626391097,0.005494505494505495,0.29833732665359763,0.6875,0.8125,1.0,0.3,1.0,True,0.5225627209968008,0.99312,0.0008656875673172745,0.9995567717030983,97.40995477898863,0.9912698412698413,0.7601809954751131,0.01282051282051282,0.3588179772017716,0.71875,0.875,1.0,0.3,1.0,True,0.5267721838693382,0.9922296225816682,0.0009864811813615453,0.9995368224330975,111.00204149233588,0.9944444444444445,0.7647058823529411,0.01282051282051282,0.3631017207580048,0.71875,0.875,1.0,0.3,1.0,True,0.583263175618791,0.9245962898705459,0.01137473198916884,0.9987148701915888,1279.9214988401993,0.9992063492063492,0.8405283111165464,0.04945054945054945,0.4136353735569593,0.78125,0.875,1.0,0.5,1.0,HistGB,fleet,40000,20000,32.12,B_fleet_size,CTT_Traverse,FS-A,0,4,CIDv2_OpelAstra|CIDv2_Prototype|CTT_Forester|CTT_Impala
123099,23756,0.19298288369523717,0.8019962434131798,0.7340197414533656,99363,0.031993395843505856,False,0.3266964135376326,0.9998711672249421,1.0066134503689238e-05,0.9999603033065797,1.1326738927789375,0.018253968253968255,0.5838327014797603,0.0,0.21520365933347854,0.46875,0.625,0.75,0.0,1.0,True,0.3673177302576191,0.9993128721942282,6.039680702213543e-05,0.9999358654022217,6.796043356673625,0.0380952380952381,0.6429008193714076,0.003663003663003663,0.24823930879256517,0.5625,0.6875,0.75,0.2,1.0,True,0.4507071897625863,0.9927677329624478,0.0007851584912877606,0.9998176693916321,88.34856363675713,0.21031746031746032,0.7419591537238596,0.009157509157509158,0.31728744645320556,0.71875,0.8125,1.0,0.4,1.0,True,0.45441151709041927,0.9920963146769598,0.0008656875673172745,0.9998087286949158,97.40995477898863,0.2253968253968254,0.7446496270025682,0.009157509157509158,0.3206999201335947,0.71875,0.8125,1.0,0.4,1.0,True,0.568319582421283,0.93026941362916,0.010186928117733508,0.9990899562835693,1146.2659794922847,0.8269841269841269,0.8404060168766051,0.023809523809523808,0.40470485732955785,0.78125,0.875,1.0,0.5,1.0,XGBoost,fleet,40000,20000,10.03,B_fleet_size,CTT_Traverse,FS-A,0,4,CIDv2_OpelAstra|CIDv2_Prototype|CTT_Forester|CTT_Impala
123099,23756,0.19298288369523717,0.7910358949780102,0.7158278717548702,99363,0.031993395843505856,False,0.25774541168546894,0.9998367080339647,1.0066134503689238e-05,0.9999424651437795,1.1326738927789375,0.009523809523809525,0.5548489666136724,0.0,0.1142815653815436,0.46875,0.6875,0.75,0.0,0.5,True,0.3500589324802155,0.9976007677543186,0.00020132269007378477,0.9998757085871185,22.65347785557875,0.09603174603174604,0.6860706860706861,0.003663003663003663,0.18754084077543018,0.65625,0.8125,1.0,0.2,1.0,True,0.4300808216871527,0.9900193798449612,0.0010368118538799916,0.999771002382729,116.66541095623057,0.403968253968254,0.7436712730830378,0.009157509157509158,0.2629782908589269,0.6875,0.8125,1.0,0.3,1.0,True,0.43588988045125443,0.9890162368672397,0.0011576054679242624,0.9997609353864733,130.25749766957782,0.430952380952381,0.7477069830011006,0.009157509157509158,0.2681333042910041,0.6875,0.8125,1.0,0.3,1.0,True,0.5457989560532076,0.9190530195633683,0.011495525603213111,0.9993632009458269,1293.5135855535466,0.8952380952380953,0.8089763972116913,0.01282051282051282,0.37871197270021056,0.75,0.875,1.0,0.4,1.0,HistGB,fleet,40000,20000,30.18,B_fleet_size,CTT_Traverse,FS-A,1,4,CIDv2_OpelAstra|CIDv2_Prototype|CTT_Forester|CTT_Impala
123099,23756,0.19298288369523717,0.7947338379630007,0.71628395170151,99363,0.031993395843505856,False,0.2957568614244822,0.9998576917603529,1.0066134503689238e-05,0.9999601840972902,1.1326738927789375,0.0007936507936507937,0.600097835391953,0.003663003663003663,0.15363392144049953,0.5625,0.75,0.75,0.2,0.5,True,0.35826738508166356,0.9994128698919681,5.033067251844619e-05,0.9999256134033203,5.663369463894687,0.003968253968253968,0.6806897395132689,0.005494505494505495,0.21324330211282944,0.65625,0.8125,1.0,0.3,0.5,True,0.42700791379020037,0.9937304075235109,0.0006442326082361112,0.9998382329940796,72.491129137852,0.016666666666666666,0.7479515714809832,0.009157509157509158,0.2905685035939882,0.6875,0.8125,1.0,0.3,1.0,True,0.43201717460851996,0.9924572091673919,0.0007851584912877606,0.9998281002044678,88.34856363675713,0.022222222222222223,0.7528433410786352,0.009157509157509158,0.2957961228490525,0.6875,0.8125,1.0,0.3,1.0,True,0.5223101532244485,0.9245901639344263,0.010186928117733508,0.9993859529495239,1146.2659794922847,0.2373015873015873,0.832579185520362,0.014652014652014652,0.38430262107020985,0.75,0.875,1.0,0.4,1.0,XGBoost,fleet,40000,20000,9.59,B_fleet_size,CTT_Traverse,FS-A,1,4,CIDv2_OpelAstra|CIDv2_Prototype|CTT_Forester|CTT_Impala
123099,23756,0.19298288369523717,0.7137797887263284,0.5161628646932321,99363,0.031993395843505856,False,0.1802492002020542,1.0,0.0,0.9991406123962772,0.0,0.5396825396825397,0.004647181117769353,0.005494505494505495,0.25854933565671967,0.59375,0.75,0.75,0.2,1.0,True,0.19637144300387271,0.9982880376631714,8.05290760295139e-05,0.9987982918059396,9.0613911422315,0.7380952380952381,0.008316008316008316,0.007326007326007326,0.26595512960139406,0.625,0.75,0.75,0.3,1.0,True,0.21809227142616602,0.9769941542523101,0.001228068409450087,0.998020086482679,138.1862149190304,0.9396825396825397,0.020300843830255596,0.04212454212454213,0.27648297393450955,0.71875,0.875,0.75,0.4,1.0,True,0.219439299545378,0.9745746868573565,0.0013689942925017365,0.9979478506266213,154.0436494179355,0.95,0.021279197749785986,0.04212454212454213,0.2772816379873666,0.71875,0.875,0.75,0.4,1.0,True,0.2561458157939047,0.8332192249760373,0.012260551825493493,0.9953916350763353,1379.596801404746,0.9976190476190476,0.07264277852513147,0.13736263736263737,0.3019676178029478,0.84375,0.9375,0.75,0.7,1.0,HistGB,fleet,40000,20000,31.08,B_fleet_size,CTT_Traverse,FS-A,0,4,CIDv2_OpelAstra|CIDv2_RenaultClio|CTT_Impala|ROAD_ORNL
123099,23756,0.19298288369523717,0.7677888272591777,0.606494399422478,99363,0.031993395843505856,False,0.13251389122747936,1.0,0.0,0.9996759891510011,0.0,0.0,0.004402592637886756,0.007326007326007326,0.22565889784360707,0.53125,0.75,0.5,0.3,0.0,True,0.1562131671998653,0.9989232839838492,4.026453801475695e-05,0.9992169141769409,4.53069557111575,0.002380952380952381,0.01883331295096001,0.014652014652014652,0.2574602483119146,0.625,0.8125,0.75,0.3,0.5,True,0.1952348880282876,0.9838778107764107,0.0007650262222803821,0.9979904890060425,86.08321585119924,0.03492063492063492,0.0797358444417268,0.02197802197802198,0.28534088433892396,0.75,0.8125,1.0,0.5,1.0,True,0.19683448391985184,0.9813221406086045,0.0008958859708283422,0.997927188873291,100.80797645732545,0.03571428571428571,0.08279320044025926,0.02197802197802198,0.28621215421476803,0.75,0.8125,1.0,0.5,1.0,True,0.29125273615086716,0.8687845303867403,0.010519110556355253,0.9941108822822571,1183.6442179539897,0.26031746031746034,0.2812767518649872,0.05311355311355311,0.3094460175706092,0.8125,0.875,1.0,0.6,1.0,XGBoost,fleet,40000,20000,9.41,B_fleet_size,CTT_Traverse,FS-A,0,4,CIDv2_OpelAstra|CIDv2_RenaultClio|CTT_Impala|ROAD_ORNL
123099,23756,0.19298288369523717,0.75714188429465,0.565332717944107,99363,0.031993395843505856,False,0.14745748442498738,0.9991443240159726,3.0198403511067714e-05,0.999735384211049,3.3980216783368125,0.10238095238095238,0.0033019444784150665,0.0018315018315018315,0.2429390837145139,0.53125,0.75,0.5,0.1,1.0,True,0.16357972722680586,0.9969214982042073,0.00012079361404427085,0.9995709233078877,13.59208671334725,0.20873015873015874,0.006726183196771432,0.01098901098901099,0.2586219414797067,0.59375,0.8125,0.75,0.1,1.0,True,0.1933827243643711,0.9759932016146166,0.001137473198916884,0.999157592477184,127.99214988401994,0.44126984126984126,0.02873914638620521,0.05311355311355311,0.2740143759529514,0.65625,0.8125,0.75,0.3,1.0,True,0.1948560363697592,0.9747315224257739,0.0012079361404427086,0.9991334766505171,135.9208671334725,0.45476190476190476,0.030084383025559495,0.05311355311355311,0.27452261671386047,0.65625,0.8125,0.75,0.3,1.0,True,0.2521047314362687,0.840561403508772,0.011435128796190975,0.9979892872697155,1286.7175421968732,0.7380952380952381,0.10272716155069096,0.15567765567765568,0.3001524722282727,0.78125,0.875,1.0,0.5,1.0,HistGB,fleet,40000,20000,35.78,B_fleet_size,CTT_Traverse,FS-A,1,4,CIDv2_OpelAstra|CIDv2_RenaultClio|CTT_Impala|ROAD_ORNL
123099,23756,0.19298288369523717,0.7927224441190849,0.6682653639381838,99363,0.031993395843505856,False,0.1389543694224617,1.0,0.0,0.9996283054351808,0.0,0.0,0.005380946557417146,0.003663003663003663,0.2363319538226966,0.5,0.75,0.5,0.2,0.0,True,0.16408486277151035,0.9997435239805078,1.0066134503689238e-05,0.9990805387496948,1.1326738927789375,0.0,0.022012963189433778,0.007326007326007326,0.2696580265737312,0.59375,0.75,1.0,0.3,0.0,True,0.2095049671661896,0.9849594300415595,0.0007650262222803821,0.9976328611373901,86.08321585119924,0.012698412698412698,0.1092087562675798,0.0347985347985348,0.2939809772743774,0.75,0.8125,1.0,0.5,1.0,True,0.21295672672167032,0.9823300970873786,0.0009160182398357207,0.9975243210792542,103.07332424288332,0.013492063492063493,0.11752476458358811,0.0347985347985348,0.2949248529732085,0.75,0.8125,1.0,0.5,1.0,True,0.36542347196497726,0.8896290223406436,0.01084122686047331,0.9927166104316711,1219.8897825229158,0.18412698412698414,0.4632505808976397,0.12637362637362637,0.33340593915632033,0.78125,0.8125,1.0,0.6,1.0,XGBoost,fleet,40000,20000,8.53,B_fleet_size,CTT_Traverse,FS-A,1,4,CIDv2_OpelAstra|CIDv2_RenaultClio|CTT_Impala|ROAD_ORNL
123099,23756,0.19298288369523717,0.7334222230863304,0.5980314212560673,99363,0.031993395843505856,False,0.0672251220744233,1.0,0.0,0.9999638879533134,0.0,0.39365079365079364,0.01577595695242754,0.0018315018315018315,0.07050025412038045,0.4375,0.5625,0.5,0.1,1.0,True,0.10953022394342482,0.9976993865030674,6.039680702213543e-05,0.9999400013437162,6.796043356673625,0.5873015873015873,0.059801883331295096,0.005494505494505495,0.09946997749219487,0.5625,0.6875,0.75,0.2,1.0,True,0.19334062973564572,0.9812005981627857,0.000885819836324653,0.9998911628680869,99.67530256454651,0.8396825396825397,0.18356365415188944,0.01282051282051282,0.1471720031946562,0.71875,0.8125,1.0,0.4,1.0,True,0.19742380872200707,0.9799414960300877,0.0009663489123541668,0.9998880178046029,108.736693706778,0.8428571428571429,0.19065672006848478,0.014652014652014652,0.14964060117621433,0.71875,0.8125,1.0,0.4,1.0,True,0.3397878430712241,0.8750135501355013,0.011606253082753691,0.9997565977853435,1305.972998374115,0.984920634920635,0.45811422282010517,0.020146520146520148,0.22319029986204894,0.78125,0.875,1.0,0.5,1.0,HistGB,fleet,40000,20000,36.87,B_fleet_size,CTT_Traverse,FS-A,0,4,CIDv2_Prototype|CIDv2_RenaultClio|CTT_Forester|CTT_Impala
123099,23756,0.19298288369523717,0.7444424168436738,0.5895737417638194,99363,0.031993395843505856,False,0.016879946118875232,1.0,0.0,0.9999930858612062,0.0,0.0007936507936507937,0.004035709918062859,0.0018315018315018315,0.0265737312132433,0.4375,0.5625,0.75,0.1,0.5,True,0.07025593534265027,0.9958233890214797,7.046294152582466e-05,0.9999765157699585,7.9287172494525615,0.016666666666666666,0.07582242876360523,0.01282051282051282,0.07413054526973063,0.625,0.625,1.0,0.4,1.0,True,0.12876746927092103,0.9708029197080292,0.0009260843743394099,0.999955415725708,104.20599813566226,0.05,0.1806285923932983,0.014652014652014652,0.10970739853336238,0.6875,0.75,1.0,0.4,1.0,True,0.1357972722680586,0.968477934554188,0.00105694412288737,0.9999529123306274,118.93075874178844,0.05555555555555555,0.19334719334719336,0.014652014652014652,0.11377332462063458,0.6875,0.75,1.0,0.4,1.0,True,0.2795083347364876,0.8613309119211311,0.010760697784443796,0.9998683929443359,1210.8283913806843,0.25396825396825395,0.4440503852268558,0.018315018315018316,0.19451099978218253,0.75,0.8125,1.0,0.5,1.0,XGBoost,fleet,40000,20000,8.81,B_fleet_size,CTT_Traverse,FS-A,0,4,CIDv2_Prototype|CIDv2_RenaultClio|CTT_Forester|CTT_Impala
123099,23756,0.19298288369523717,0.7781355864063266,0.6697865883077412,99363,0.031993395843505856,False,0.16812594712914633,1.0,0.0,0.9999154985760952,0.0,0.4380952380952381,0.29130487954017364,0.009157509157509158,0.07659914325128875,0.59375,0.6875,0.75,0.3,1.0,True,0.24145479036874895,0.9989550679205852,6.039680702213543e-05,0.9998721798075032,6.796043356673625,0.665079365079365,0.42839672251436955,0.009157509157509158,0.10092209395193495,0.59375,0.6875,0.75,0.3,1.0,True,0.33372621653477014,0.987666625140152,0.0009965473158652345,0.9997822919557003,112.13471538511482,0.8936507936507937,0.5785740491622845,0.016483516483516484,0.14971320699920135,0.71875,0.75,1.0,0.5,1.0,True,0.33675702980299715,0.9865581452706869,0.001097208660902127,0.9997772000348644,123.4614543129042,0.8984126984126984,0.5830989360401125,0.016483516483516484,0.15181877586582443,0.71875,0.75,1.0,0.5,1.0,True,0.43719481394174103,0.9077877807883926,0.010619771901392147,0.99954297209628,1194.970956881779,0.9936507936507937,0.708572826219885,0.03663003663003663,0.2410513323168518,0.78125,0.875,1.0,0.5,1.0,HistGB,fleet,40000,20000,37.23,B_fleet_size,CTT_Traverse,FS-A,1,4,CIDv2_Prototype|CIDv2_RenaultClio|CTT_Forester|CTT_Impala
123099,23756,0.19298288369523717,0.7545203604960224,0.6013879989519562,99363,0.031993395843505856,False,0.06663579727226805,1.0,0.0,0.999985694885254,0.0,0.0,0.10199339611104317,0.01098901098901099,0.053946126479343645,0.5625,0.6875,0.75,0.4,0.0,True,0.1283044283549419,0.9947780678851175,0.0001610581520590278,0.9999707937240601,18.122782284463,0.0,0.2053320288614406,0.014652014652014652,0.09881652508531184,0.59375,0.6875,1.0,0.4,0.0,True,0.19742380872200707,0.9776943923285387,0.0010770763918947486,0.9999474287033081,121.19610652734632,0.007142857142857143,0.32224532224532226,0.018315018315018316,0.14782545560153923,0.71875,0.8125,1.0,0.4,1.0,True,0.20260144805522814,0.9750810372771475,0.0012381345439537762,0.9999451637268066,139.3188888118093,0.009523809523809525,0.33141739024091965,0.018315018315018316,0.15109271763595442,0.71875,0.8125,1.0,0.4,1.0,True,0.3255598585620475,0.86665172568355,0.011978700059390194,0.9998695850372314,1347.8819324069357,0.0865079365079365,0.5410297175003057,0.020146520146520148,0.23161257532854135,0.8125,0.9375,1.0,0.5,1.0,XGBoost,fleet,40000,20000,10.1,B_fleet_size,CTT_Traverse,FS-A,1,4,CIDv2_Prototype|CIDv2_RenaultClio|CTT_Forester|CTT_Impala
123099,23756,0.19298288369523717,0.7465023826679353,0.5642377904907933,99363,0.031993395843505856,False,0.02811921198855026,1.0,0.0,0.9999223382731979,0.0,0.0,0.07521095756389874,0.0,0.0038481086183111885,0.25,0.3125,0.75,0.0,0.0,True,0.15082505472301735,0.9977722082985241,8.05290760295139e-05,0.9995698551446586,9.0613911422315,0.0,0.3903632138926257,0.0,0.02838887678791839,0.3125,0.4375,0.75,0.0,0.0,True,0.20908402087893585,0.9804579549940782,0.0009965473158652345,0.9990675672566632,112.13471538511482,0.0007936507936507937,0.5102115690350985,0.0,0.057649023451680825,0.4375,0.5625,1.0,0.0,0.5,True,0.21135713083010607,0.9793251414082309,0.0010670102573910592,0.9990384352457301,120.06343263456736,0.0015873015873015873,0.5146141616729852,0.0,0.05888332244245988,0.46875,0.5625,1.0,0.0,1.0,True,0.27197339619464556,0.8513638160495454,0.011354599720161462,0.9979406857662377,1277.6561510546414,0.020634920634920634,0.6085361379479026,0.005494505494505495,0.10571407826907718,0.71875,0.875,1.0,0.3,1.0,HistGB,fleet,40000,20000,40.74,B_fleet_size,CTT_Traverse,FS-A,0,4,CIDv2_Prototype|CIDv2_RenaultClio|CTT_Forester|CTT_Silverado
123099,23756,0.19298288369523717,0.7507255358393312,0.5793207730819576,99363,0.031993395843505856,False,0.02609866980973228,0.998389694041868,1.0066134503689238e-05,0.9999649524688722,1.1326738927789375,0.0,0.07117524764583588,0.0,0.0027590212735061352,0.28125,0.375,0.75,0.0,0.0,True,0.07720154908233709,0.9978237214363439,4.026453801475695e-05,0.9998968839645386,4.53069557111575,0.002380952380952381,0.20520973462149933,0.0,0.011108690917011544,0.34375,0.4375,0.75,0.0,0.5,True,0.16442161980131334,0.9784569138276553,0.0008656875673172745,0.9995941519737244,97.40995477898863,0.1253968253968254,0.4018588724471077,0.0,0.033543890219995647,0.40625,0.5,0.75,0.0,1.0,True,0.16842060953022395,0.976806640625,0.0009562827778504776,0.9995713829994202,107.60401981399906,0.14126984126984127,0.4095634095634096,0.0,0.034415160095839684,0.4375,0.5625,0.75,0.0,1.0,True,0.27037380030308134,0.8573144687666845,0.010760697784443796,0.9986692667007446,1210.8283913806843,0.6047619047619047,0.5585177938119115,0.009157509157509158,0.07906774123284688,0.71875,0.8125,1.0,0.4,1.0,XGBoost,fleet,40000,20000,12.84,B_fleet_size,CTT_Traverse,FS-A,0,4,CIDv2_Prototype|CIDv2_RenaultClio|CTT_Forester|CTT_Silverado
123099,23756,0.19298288369523717,0.7528591237255846,0.5988185283184607,99363,0.031993395843505856,False,0.1002694056238424,1.0,0.0,0.9998489427720658,0.0,0.010317460317460317,0.2608536137947903,0.0,0.01713497422493284,0.34375,0.375,0.75,0.0,1.0,True,0.13436605489139586,0.9996868149076104,1.0066134503689238e-05,0.9997680662336179,1.1326738927789375,0.04285714285714286,0.33973339855692797,0.0,0.02613809627532128,0.375,0.375,1.0,0.0,1.0,True,0.2121148341471628,0.9870714985308521,0.0006643648772434897,0.9994370441958232,74.75647692340988,0.23809523809523808,0.4857527210468387,0.0,0.055688666231031726,0.4375,0.5,1.0,0.0,1.0,True,0.21687152719313016,0.9856514252917543,0.0007549600877766929,0.9994050197043044,84.95054195842032,0.25793650793650796,0.49309037544331663,0.0,0.05772162927466783,0.4375,0.5,1.0,0.0,1.0,True,0.3155413369254083,0.8860520094562647,0.009703753661556425,0.9983694650478758,1091.8976326388959,0.7150793650793651,0.6137947902653785,0.005494505494505495,0.1142089595585566,0.6875,0.875,1.0,0.2,1.0,HistGB,fleet,40000,20000,34.8,B_fleet_size,CTT_Traverse,FS-A,1,4,CIDv2_Prototype|CIDv2_RenaultClio|CTT_Forester|CTT_Silverado
123099,23756,0.19298288369523717,0.7548206343560676,0.599017222996985,99363,0.031993395843505856,False,0.021889206937194813,0.9980806142034548,1.0066134503689238e-05,0.9999777078628541,1.1326738927789375,0.0015873015873015873,0.06175859117035588,0.0,0.0009438756988310463,0.21875,0.125,0.75,0.0,1.0,True,0.09871190436100354,0.9970238095238095,7.046294152582466e-05,0.9999059438705444,7.9287172494525615,0.13015873015873017,0.24214259508377156,0.0,0.014593770420387715,0.375,0.4375,0.75,0.0,1.0,True,0.20457989560532075,0.9866017052375152,0.0006643648772434897,0.9996832609176636,74.75647692340988,0.5817460317460318,0.4298642533936652,0.0,0.044434763668046176,0.4375,0.5,1.0,0.0,1.0,True,0.20942077790873884,0.9847585114806018,0.0007750923567840714,0.9996660947799683,87.2158897439782,0.596031746031746,0.43781337898984957,0.0018315018315018315,0.04668554418064329,0.46875,0.5,1.0,0.1,1.0,True,0.3155413369254083,0.882193715428975,0.010076200638192928,0.9987987279891968,1133.8065666717166,0.8825396825396825,0.5925155925155925,0.01098901098901099,0.11130472663907645,0.71875,0.8125,1.0,0.4,1.0,XGBoost,fleet,40000,20000,30.15,B_fleet_size,CTT_Traverse,FS-A,1,4,CIDv2_Prototype|CIDv2_RenaultClio|CTT_Forester|CTT_Silverado
123099,23756,0.19298288369523717,0.7385595381355793,0.5367651856278417,99363,0.031993395843505856,False,0.17486108772520625,0.9995187680461982,2.0132269007378476e-05,0.999478607359347,2.265347785557875,0.26825396825396824,0.011251070074599486,0.10256410256410256,0.266318158716329,0.625,0.75,0.75,0.3,1.0,True,0.18058595723185722,0.9993011879804332,3.0198403511067714e-05,0.9994142445063087,3.3980216783368125,0.3142857142857143,0.012963189433777668,0.11721611721611722,0.27038408480360127,0.625,0.75,0.75,0.3,1.0,True,0.21076780602795084,0.9804190327002154,0.0010066134503689237,0.9989858144549749,113.26738927789374,0.5912698412698413,0.026293261587379234,0.18864468864468864,0.286357365860742,0.6875,0.8125,0.75,0.4,1.0,True,0.21207273951843744,0.9784424160031074,0.0011173409299095054,0.9989586048814174,125.72680209846206,0.6063492063492063,0.02666014430720313,0.18864468864468864,0.2870108182676251,0.6875,0.8125,0.75,0.4,1.0,True,0.25719818151203905,0.8439226519337016,0.01137473198916884,0.997829914133211,1279.9214988401993,0.8761904761904762,0.07472178060413355,0.23809523809523808,0.3096638350395702,0.8125,0.9375,1.0,0.5,1.0,HistGB,fleet,40000,20000,56.28,B_fleet_size,CTT_Traverse,FS-A,0,4,CIDv2_Prototype|CIDv2_RenaultClio|CTT_Impala|ROAD_ORNL
123099,23756,0.19298288369523717,0.7634968950500495,0.5751702004885445,99363,0.031993395843505856,False,0.14484761744401414,1.0,0.0,0.999891757965088,0.0,0.0,0.006848477436712731,0.007326007326007326,0.24548028751905904,0.59375,0.75,1.0,0.3,0.0,True,0.1584020878935848,0.9965572033898306,0.0001308597485479601,0.9998235106468201,14.724760606126187,0.002380952380952381,0.015042191512779747,0.01282051282051282,0.2635591374428229,0.6875,0.75,1.0,0.4,1.0,True,0.1802912948307796,0.9740732317489197,0.0011475393334205732,0.9996713399887085,129.12482377679888,0.016666666666666666,0.0397456279809221,0.014652014652014652,0.285268278515937,0.71875,0.8125,1.0,0.4,1.0,True,0.1814278498063647,0.9724729241877257,0.001228068409450087,0.9996626377105713,138.1862149190304,0.016666666666666666,0.042069218539806774,0.014652014652014652,0.285849125099833,0.71875,0.8125,1.0,0.4,1.0,True,0.25,0.840265987549519,0.01136466585466515,0.9990936517715454,1278.7888249474204,0.10317460317460317,0.1704781704781705,0.03296703296703297,0.31924780367385464,0.84375,0.875,1.0,0.7,1.0,XGBoost,fleet,40000,20000,13.32,B_fleet_size,CTT_Traverse,FS-A,0,4,CIDv2_Prototype|CIDv2_RenaultClio|CTT_Impala|ROAD_ORNL
123099,23756,0.19298288369523717,0.7912208451570936,0.6471042256040135,99363,0.031993395843505856,False,0.18828927428860076,0.9993297587131368,3.0198403511067714e-05,0.9989905713751632,3.3980216783368125,0.4174603174603175,0.026904732787085727,0.003663003663003663,0.2704566906265882,0.625,0.75,1.0,0.2,1.0,True,0.20058090587641017,0.997487963156793,0.00012079361404427085,0.9987881381484844,13.59208671334725,0.5,0.03815580286168521,0.01098901098901099,0.27713642634139257,0.625,0.75,1.0,0.2,1.0,True,0.2443593197507998,0.9799122214719784,0.0011978700059390194,0.9978822097442698,134.78819324069357,0.7253968253968254,0.10187110187110188,0.040293040293040296,0.29303710157554635,0.75,0.8125,1.0,0.5,1.0,True,0.24612729415726553,0.9790689886135298,0.0012582668129611548,0.9978378077952668,141.5842365973672,0.7333333333333333,0.10456157514981045,0.04395604395604396,0.29361794815944237,0.75,0.8125,1.0,0.5,1.0,True,0.3415137228489645,0.8721780262309181,0.011968633924886504,0.9955390918442389,1346.7492585141567,0.9396825396825397,0.28910358322123025,0.14652014652014653,0.325637116096711,0.875,0.9375,1.0,0.7,1.0,HistGB,fleet,40000,20000,44.34,B_fleet_size,CTT_Traverse,FS-A,1,4,CIDv2_Prototype|CIDv2_RenaultClio|CTT_Impala|ROAD_ORNL
123099,23756,0.19298288369523717,0.8024261011701569,0.6853493596665013,99363,0.031993395843505856,False,0.15633945108604141,0.9997308209959623,1.0066134503689238e-05,0.999634623527527,1.1326738927789375,0.0,0.008316008316008316,0.0018315018315018315,0.26464822478762795,0.46875,0.75,0.5,0.1,0.0,True,0.1788179828253915,0.9997646505060014,1.0066134503689238e-05,0.999182403087616,1.1326738927789375,0.0,0.04219151277974807,0.003663003663003663,0.28323531547230085,0.59375,0.8125,1.0,0.2,0.0,True,0.23476174440141437,0.9853356890459364,0.0008354891638062068,0.9981324076652527,94.01193310065182,0.013492063492063493,0.17157881863764216,0.018315018315018316,0.30109634792710377,0.78125,0.8125,1.0,0.6,1.0,True,0.24297019700286243,0.9809653297076818,0.0011274070644131946,0.9979890584945679,126.85947599124098,0.01746031746031746,0.19053442582854346,0.018315018315018316,0.30363755173164886,0.78125,0.8125,1.0,0.6,1.0,True,0.40301397541673684,0.8919321781255822,0.011676716024279516,0.9942427277565002,1313.9017156235675,0.24841269841269842,0.5286779992662346,0.07142857142857142,0.35569592681333045,0.875,0.875,1.0,0.8,1.0,XGBoost,fleet,40000,20000,15.07,B_fleet_size,CTT_Traverse,FS-A,1,4,CIDv2_Prototype|CIDv2_RenaultClio|CTT_Impala|ROAD_ORNL
123099,23756,0.19298288369523717,0.8060977086879556,0.7528859784583217,99363,0.031993395843505856,False,0.539105910085873,0.9997658079625292,3.0198403511067714e-05,0.9933860550464649,3.3980216783368125,0.9976190476190476,0.7923443805796747,0.10989010989010989,0.36382777898787483,0.75,0.75,1.0,0.6,1.0,True,0.564152214177471,0.9994034302759135,8.05290760295139e-05,0.9891657171298838,9.0613911422315,0.9976190476190476,0.8110553992906934,0.17399267399267399,0.39337834894358525,0.8125,0.8125,1.0,0.7,1.0,True,0.5938289274288601,0.9934507042253521,0.0009361505088430991,0.9783878089566123,105.3386720284412,0.9976190476190476,0.8358811299987771,0.26556776556776557,0.42619618093371087,0.875,0.875,1.0,0.8,1.0,True,0.5951338609193467,0.9924885924885924,0.0010770763918947486,0.9774370959440198,121.19610652734632,0.9976190476190476,0.837470955118014,0.26556776556776557,0.427503085747477,0.875,0.875,1.0,0.8,1.0,True,0.6209799629567267,0.9329623071085251,0.010670102573910593,0.939468205468283,1200.6343263456738,0.9992063492063492,0.8742815213403449,0.4084249084249084,0.4444202425034488,0.90625,0.9375,1.0,0.8,1.0,HistGB,fleet,40000,20000,50.31,B_fleet_size,CTT_Traverse,FS-A,0,5,CIDv2_OpelAstra|CIDv2_Prototype|CIDv2_RenaultClio|CTT_Impala|CTT_Silverado
123099,23756,0.19298288369523717,0.8026448779425428,0.7508523901517545,99363,0.031993395843505856,False,0.4305859572318572,1.0,0.0,0.9990977048873902,0.0,0.6952380952380952,0.6837470955118014,0.01098901098901099,0.27270747113918536,0.71875,0.75,1.0,0.5,1.0,True,0.47722680585957233,0.9992948435434112,8.05290760295139e-05,0.9980792999267578,9.0613911422315,0.8722222222222222,0.7330316742081447,0.02197802197802198,0.30726784288099906,0.78125,0.75,1.0,0.7,1.0,True,0.5306027950833474,0.9929888136127304,0.0008958859708283422,0.9946014881134033,100.80797645732545,0.957936507936508,0.7845175492234315,0.06043956043956044,0.3593988237856676,0.8125,0.8125,1.0,0.7,1.0,True,0.5341387438962788,0.9922583672192681,0.0009965473158652345,0.9942143559455872,112.13471538511482,0.9611111111111111,0.7884309649015532,0.0641025641025641,0.36273869164306977,0.8125,0.8125,1.0,0.7,1.0,True,0.6096144132008756,0.940084388185654,0.009291042146905166,0.9636226892471313,1045.4580030349593,0.9968253968253968,0.8729362847009906,0.23443223443223443,0.4327307050025412,0.875,0.875,1.0,0.8,1.0,XGBoost,fleet,40000,20000,12.4,B_fleet_size,CTT_Traverse,FS-A,0,5,CIDv2_OpelAstra|CIDv2_Prototype|CIDv2_RenaultClio|CTT_Impala|CTT_Silverado
123099,23756,0.19298288369523717,0.8042433280676609,0.7486355241147686,99363,0.031993395843505856,False,0.485056406802492,1.0,0.0,0.997808460678666,0.0,0.9952380952380953,0.7382903265256207,0.04395604395604396,0.305525303129311,0.71875,0.75,1.0,0.5,1.0,True,0.5232783296851322,0.9993568614840421,8.05290760295139e-05,0.9945237043819894,9.0613911422315,0.9976190476190476,0.7826831356243121,0.11538461538461539,0.34204603209177376,0.8125,0.8125,1.0,0.7,1.0,True,0.5609951170230678,0.992922068246163,0.0009562827778504776,0.987507928162537,107.60401981399906,0.9976190476190476,0.8147242264889324,0.2326007326007326,0.3834313511943658,0.84375,0.8125,1.0,0.8,1.0,True,0.5628893753157097,0.9921353316515803,0.0010670102573910592,0.9869067349762561,120.06343263456736,0.9976190476190476,0.8159471688883454,0.23626373626373626,0.3858273433529369,0.84375,0.8125,1.0,0.8,1.0,True,0.607972722680586,0.9301861273909964,0.010911689801999134,0.9632505810519801,1227.8184997723683,0.9976190476190476,0.8586278586278586,0.3717948717948718,0.4328759166485152,0.875,0.875,1.0,0.8,1.0,HistGB,fleet,40000,20000,39.16,B_fleet_size,CTT_Traverse,FS-A,1,5,CIDv2_OpelAstra|CIDv2_Prototype|CIDv2_RenaultClio|CTT_Impala|CTT_Silverado
123099,23756,0.19298288369523717,0.8074281448039362,0.7485118939143941,99363,0.031993395843505856,False,0.43466913621821857,0.9995160197463944,5.033067251844619e-05,0.9992491602897645,5.663369463894687,0.7880952380952381,0.6621010150421915,0.02564102564102564,0.2835257387642489,0.78125,0.8125,1.0,0.6,1.0,True,0.45407476006061626,0.9989812928320059,0.00011072747954058163,0.9989495873451233,12.459412820568314,0.846031746031746,0.6888834535893359,0.040293040293040296,0.2952152762651565,0.78125,0.8125,1.0,0.6,1.0,True,0.5119548745580064,0.9930595247815792,0.0008556214328135853,0.9968464970588684,96.2772808862097,0.9404761904761905,0.7632383514736456,0.10256410256410256,0.33979525157917667,0.8125,0.8125,1.0,0.7,1.0,True,0.5171746085199529,0.9915261076587846,0.00105694412288737,0.9964949488639832,118.93075874178844,0.9468253968253968,0.7702091231502997,0.10256410256410256,0.34407899513540985,0.8125,0.8125,1.0,0.7,1.0,True,0.5925660885670988,0.9329312744383326,0.010186928117733508,0.9804435968399048,1146.2659794922847,0.9968253968253968,0.8481105539929069,0.2948717948717949,0.4156683366005954,0.875,0.875,1.0,0.8,1.0,XGBoost,fleet,40000,20000,12.54,B_fleet_size,CTT_Traverse,FS-A,1,5,CIDv2_OpelAstra|CIDv2_Prototype|CIDv2_RenaultClio|CTT_Impala|CTT_Silverado
123099,23756,0.19298288369523717,0.7683996925976422,0.6536996224801644,99363,0.031993395843505856,False,0.011365549755851153,1.0,0.0,0.9997402553466349,0.0,0.0,0.003668827198238963,0.0,0.017425397516880853,0.15625,0.1875,0.5,0.0,0.0,True,0.10031150025256777,0.9974884889074926,6.039680702213543e-05,0.9988028463949075,6.796043356673625,0.046825396825396826,0.12339488810077046,0.0,0.09547665722790968,0.375,0.5,0.5,0.0,1.0,True,0.24179154739855194,0.9918839578656536,0.0004731083216733942,0.9971048642487399,53.23567296061007,0.3761904761904762,0.33471933471933474,0.0,0.18391054962608,0.5625,0.8125,0.75,0.0,1.0,True,0.24894763428186564,0.9911178146472264,0.0005335051286955296,0.9969841777658192,60.03171631728368,0.403968253968254,0.34413599119481475,0.0018315018315018315,0.1880490815363392,0.59375,0.8125,0.75,0.1,1.0,True,0.4062131671998653,0.9380771847963449,0.006412127678850045,0.9917377618643266,721.5132697001833,0.8761904761904762,0.5698911581264522,0.01098901098901099,0.2817105931895738,0.6875,0.875,1.0,0.2,1.0,HistGB,fleet,40000,20000,36.45,B_fleet_size,CTT_Traverse,FS-A,0,5,CIDv2_OpelAstra|CIDv2_Prototype|CIDv2_RenaultClio|CTT_Silverado|ROAD_ORNL
123099,23756,0.19298288369523717,0.7698250413111093,0.6446571433552328,99363,0.031993395843505856,False,0.07627546725037886,1.0,0.0,0.9992219209671022,0.0,0.00873015873015873,0.05026293261587379,0.0,0.10092209395193495,0.46875,0.625,0.75,0.0,1.0,True,0.13899646405118707,0.9990922844175492,3.0198403511067714e-05,0.9983265995979309,3.3980216783368125,0.07936507936507936,0.128531246178305,0.0018315018315018315,0.15610251942205766,0.5625,0.6875,1.0,0.1,1.0,True,0.24284391311668632,0.9898764584763212,0.0005939019357176651,0.9958156943321228,66.82775967395732,0.2992063492063492,0.28421181362357834,0.003663003663003663,0.2226094532781529,0.65625,0.8125,1.0,0.2,1.0,True,0.24806364707863277,0.9884267024488427,0.0006945632807545574,0.9956574440002441,78.15449860174668,0.30873015873015874,0.29216093921976277,0.003663003663003663,0.22602192695854206,0.65625,0.8125,1.0,0.2,1.0,True,0.3781781444687658,0.918140010219724,0.00806297373745508,0.9887973666191101,907.271788115929,0.6912698412698413,0.49920508744038156,0.01098901098901099,0.2922384375226893,0.75,0.8125,1.0,0.5,1.0,XGBoost,fleet,40000,20000,14.08,B_fleet_size,CTT_Traverse,FS-A,0,5,CIDv2_OpelAstra|CIDv2_Prototype|CIDv2_RenaultClio|CTT_Silverado|ROAD_ORNL
123099,23756,0.19298288369523717,0.7635652035354007,0.6374837459940468,99363,0.031993395843505856,False,0.10578380198686647,0.9992047713717693,2.0132269007378476e-05,0.9983779010339794,2.265347785557875,0.02857142857142857,0.16534181240063592,0.0,0.081681550860379,0.46875,0.625,0.75,0.0,1.0,True,0.147415389796262,0.9980051296665716,7.046294152582466e-05,0.9977426989090089,7.9287172494525615,0.08253968253968254,0.2258774611715788,0.0,0.11261163145284252,0.5,0.6875,0.75,0.0,1.0,True,0.22108099006566762,0.9920664903664526,0.000422777649154948,0.996346259347203,47.57230349671537,0.1880952380952381,0.3284823284823285,0.0,0.16909896173673128,0.5625,0.8125,0.75,0.0,1.0,True,0.22752146826064995,0.991197505960022,0.0004831744561770834,0.9961943750905253,54.368346853389,0.20238095238095238,0.3366760425583955,0.0,0.17403615769984754,0.5625,0.8125,0.75,0.0,1.0,True,0.3699696918673177,0.9104941468973377,0.008697140211187502,0.9911359936259313,978.630243361002,0.5738095238095238,0.5162039867922221,0.016483516483516484,0.27851593697814564,0.8125,0.8125,1.0,0.7,1.0,HistGB,fleet,40000,20000,31.01,B_fleet_size,CTT_Traverse,FS-A,1,5,CIDv2_OpelAstra|CIDv2_Prototype|CIDv2_RenaultClio|CTT_Silverado|ROAD_ORNL
123099,23756,0.19298288369523717,0.7720494366967234,0.6688782948263274,99363,0.031993395843505856,False,0.03194982320255935,1.0,0.0,0.9994580149650575,0.0,0.0015873015873015873,0.017977253271370917,0.0,0.04428955202207217,0.40625,0.5,0.75,0.0,1.0,True,0.15402424650614582,0.9997267759562841,1.0066134503689238e-05,0.9970511198043823,1.1326738927789375,0.1873015873015873,0.18099547511312217,0.0018315018315018315,0.1410005082407609,0.5625,0.6875,1.0,0.1,1.0,True,0.28460178481225795,0.9898975109809663,0.0006945632807545574,0.9927800297737122,78.15449860174668,0.611904761904762,0.3776446129387306,0.003663003663003663,0.21055688666231032,0.65625,0.8125,1.0,0.2,1.0,True,0.2907055059774373,0.9889732206787913,0.0007750923567840714,0.9924766421318054,87.2158897439782,0.6301587301587301,0.3870612694142106,0.003663003663003663,0.21382414869672547,0.65625,0.8125,1.0,0.2,1.0,True,0.4321434584946961,0.9231184246021041,0.008606545000654298,0.9789056777954102,968.4361783259915,0.926984126984127,0.6040112510700746,0.023809523809523808,0.30102374210411675,0.78125,0.8125,1.0,0.6,1.0,XGBoost,fleet,40000,20000,13.9,B_fleet_size,CTT_Traverse,FS-A,1,5,CIDv2_OpelAstra|CIDv2_Prototype|CIDv2_RenaultClio|CTT_Silverado|ROAD_ORNL
123099,23756,0.19298288369523717,0.8047393267181784,0.7558280052173111,99363,0.031993395843505856,False,0.5604057922209126,1.0,0.0,0.9893009414167228,0.0,0.9976190476190476,0.7774244833068362,0.17032967032967034,0.40702824366514195,0.75,0.75,1.0,0.6,1.0,True,0.5851153392827075,0.999424791486914,8.05290760295139e-05,0.9779293944325387,9.0613911422315,0.9976190476190476,0.8136235783294606,0.24175824175824176,0.42532491105786685,0.78125,0.75,1.0,0.7,1.0,True,0.6080148173093113,0.9935341862704636,0.0009462166433467884,0.9458561027941174,106.47134592122013,0.9984126984126984,0.8483551424727895,0.3772893772893773,0.4387569883104625,0.8125,0.8125,1.0,0.7,1.0,True,0.6088146152550935,0.9928605752728771,0.0010468779883836808,0.9439924465868286,117.7980848490095,0.9984126984126984,0.8500672618319677,0.38278388278388276,0.43890219995643653,0.8125,0.8125,1.0,0.7,1.0,True,0.6286411853847449,0.9293092719352831,0.011435128796190975,0.8750551192837529,1286.7175421968732,0.9984126984126984,0.8824752354164119,0.47985347985347987,0.45001089087344803,0.9375,0.9375,1.0,0.9,1.0,HistGB,fleet,40000,20000,27.9,B_fleet_size,CTT_Traverse,FS-A,0,5,CIDv2_OpelAstra|CIDv2_Prototype|CTT_Forester|CTT_Impala|CTT_Silverado
123099,23756,0.19298288369523717,0.8121177526736244,0.758878801273424,99363,0.031993395843505856,False,0.4866139080653309,0.9999135022921892,1.0066134503689238e-05,0.9981581568717958,1.1326738927789375,0.765079365079365,0.7320533202886144,0.031135531135531136,0.33347854497930735,0.625,0.75,0.75,0.3,1.0,True,0.5303502273109951,0.9989692356485886,0.0001308597485479601,0.9960651993751526,14.724760606126187,0.9349206349206349,0.7640944111532347,0.08058608058608059,0.37239526610034124,0.75,0.8125,1.0,0.5,1.0,True,0.5666357972722681,0.9906535178098322,0.0012783990819685332,0.991591215133667,143.84958438292506,0.9896825396825397,0.7965023847376789,0.17032967032967034,0.40717345531111593,0.8125,0.8125,1.0,0.7,1.0,True,0.5699191783128473,0.9887533776382093,0.0015501847135681427,0.9907640218734741,174.4317794879564,0.9904761904761905,0.7990705637764461,0.18315018315018314,0.4107311406374791,0.8125,0.8125,1.0,0.7,1.0,True,0.6149604310489981,0.9351555498655741,0.010196994252237199,0.963616669178009,1147.3986533850639,0.9976190476190476,0.858383270147976,0.3534798534798535,0.44579975314020187,0.8125,0.8125,1.0,0.7,1.0,XGBoost,fleet,40000,20000,9.39,B_fleet_size,CTT_Traverse,FS-A,0,5,CIDv2_OpelAstra|CIDv2_Prototype|CTT_Forester|CTT_Impala|CTT_Silverado
123099,23756,0.19298288369523717,0.7971087738816477,0.7448523992620977,99363,0.031993395843505856,False,0.5433574675871359,1.0,0.0,0.9914699373498697,0.0,0.9976190476190476,0.7598141127552892,0.11172161172161173,0.39040151020111813,0.71875,0.75,1.0,0.5,1.0,True,0.5654992422966829,0.9997023366572406,4.026453801475695e-05,0.9856196278104922,4.53069557111575,0.9976190476190476,0.7859850801027272,0.17032967032967034,0.4107311406374791,0.78125,0.75,1.0,0.7,1.0,True,0.5871358814615255,0.9944388991872237,0.0007851584912877606,0.9716282810909409,88.34856363675713,0.9976190476190476,0.8117891647303412,0.2692307692307692,0.428809990561243,0.84375,0.875,1.0,0.7,1.0,True,0.5883566256945614,0.9937433345183079,0.000885819836324653,0.9702724469491566,99.67530256454651,0.9976190476190476,0.8135012840895194,0.27472527472527475,0.42968126043708704,0.84375,0.875,1.0,0.7,1.0,True,0.6134029297861593,0.9305830512804139,0.010941888205510201,0.9172169031251279,1231.216521450705,0.9984126984126984,0.8508010272716156,0.43223443223443225,0.4444202425034488,0.875,0.875,1.0,0.8,1.0,HistGB,fleet,40000,20000,29.71,B_fleet_size,CTT_Traverse,FS-A,1,5,CIDv2_OpelAstra|CIDv2_Prototype|CTT_Forester|CTT_Impala|CTT_Silverado
123099,23756,0.19298288369523717,0.8086071516128008,0.7564585604075528,99363,0.031993395843505856,False,0.47040747600606164,1.0,0.0,0.9981331229209901,0.0,0.8484126984126984,0.7141983612571848,0.038461538461538464,0.3082117185798301,0.65625,0.75,1.0,0.3,1.0,True,0.5014312173766627,0.9996643168848607,4.026453801475695e-05,0.997025191783905,4.53069557111575,0.9349206349206349,0.7411030940442705,0.06593406593406594,0.3367458070137225,0.71875,0.8125,1.0,0.4,1.0,True,0.5541757871695572,0.991713747645951,0.0011072747954058162,0.9919288158416748,124.59412820568313,0.9936507936507937,0.7907545554604378,0.163003663003663,0.38902199956436506,0.78125,0.8125,1.0,0.6,1.0,True,0.5553544367738676,0.9910606971153846,0.0011978700059390194,0.9916704893112183,134.78819324069357,0.9936507936507937,0.7918552036199095,0.1684981684981685,0.39018369273215714,0.78125,0.8125,1.0,0.6,1.0,True,0.6067098838188247,0.9371261378413525,0.009733952065067494,0.9665380716323853,1095.2956543172324,0.9976190476190476,0.8457869634340223,0.358974358974359,0.4388295941334495,0.84375,0.875,1.0,0.7,1.0,XGBoost,fleet,40000,20000,7.65,B_fleet_size,CTT_Traverse,FS-A,1,5,CIDv2_OpelAstra|CIDv2_Prototype|CTT_Forester|CTT_Impala|CTT_Silverado
123099,23756,0.19298288369523717,0.7954725338028517,0.7208921960750859,99363,0.031993395843505856,False,0.28721165179323116,1.0,0.0,0.9992487529631066,0.0,0.4650793650793651,0.3650483062247768,0.0,0.23611413635373557,0.5,0.6875,0.75,0.0,1.0,True,0.37569456137396867,0.9989926124916051,9.059521053320314e-05,0.9987834291935925,10.19406503501044,0.8,0.5219518160694632,0.0,0.26493864807957596,0.5,0.6875,0.75,0.0,1.0,True,0.4510439467923893,0.9906619822485208,0.0010166795848726132,0.9979967755371015,114.4000631706727,0.9658730158730159,0.645102115690351,0.01098901098901099,0.306178755536194,0.71875,0.8125,1.0,0.4,1.0,True,0.45874726384913284,0.9879430695313208,0.0013387958889906687,0.9978736275619138,150.6456277395987,0.9722222222222222,0.6567200684847744,0.01098901098901099,0.3119872213751543,0.71875,0.8125,1.0,0.4,1.0,True,0.5424313857551777,0.9239925426645633,0.010670102573910593,0.9952309481217375,1200.6343263456738,0.9912698412698413,0.7738779503485386,0.08058608058608059,0.38226965802657376,0.78125,0.875,1.0,0.5,1.0,HistGB,fleet,40000,20000,40.16,B_fleet_size,CTT_Traverse,FS-A,0,5,CIDv2_OpelAstra|CIDv2_RenaultClio|CTT_Forester|CTT_Impala|ROAD_ORNL
123099,23756,0.19298288369523717,0.8039370501626228,0.7311428666661807,99363,0.031993395843505856,False,0.19666610540495033,1.0,0.0,0.9994589686393739,0.0,0.0015873015873015873,0.15971627736333618,0.003663003663003663,0.24410077688230597,0.5625,0.75,0.75,0.2,0.5,True,0.3000084189257451,0.9988787666433077,8.05290760295139e-05,0.9989559650421143,9.0613911422315,0.013492063492063493,0.3975785740491623,0.009157509157509158,0.2798228417919117,0.6875,0.8125,1.0,0.3,1.0,True,0.39430038727058425,0.9921618472619426,0.0007448939532730037,0.9981196522712708,83.81786806564138,0.06666666666666667,0.6104928457869634,0.016483516483516484,0.3108981340303492,0.71875,0.8125,1.0,0.4,1.0,True,0.40170904192625023,0.9909657320872274,0.0008757537018209637,0.998024582862854,98.54262867176756,0.08015873015873017,0.6243120949003302,0.016483516483516484,0.3142380018877514,0.71875,0.8125,1.0,0.4,1.0,True,0.546851321771342,0.9205640589569161,0.011284136778635635,0.9942398071289062,1269.7274338051889,0.6079365079365079,0.8298887122416534,0.07875457875457875,0.3917810208378712,0.8125,0.875,1.0,0.6,1.0,XGBoost,fleet,40000,20000,11.67,B_fleet_size,CTT_Traverse,FS-A,0,5,CIDv2_OpelAstra|CIDv2_RenaultClio|CTT_Forester|CTT_Impala|ROAD_ORNL
123099,23756,0.19298288369523717,0.794063607600538,0.6928390805026063,99363,0.031993395843505856,False,0.1943929954537801,0.9987024221453287,6.039680702213543e-05,0.9992137073798142,6.796043356673625,0.4865079365079365,0.04720557661734132,0.005494505494505495,0.26254265592100484,0.59375,0.75,1.0,0.1,1.0,True,0.2172924734803839,0.9965250965250966,0.0001811904210664063,0.9990245289754339,20.38813007002088,0.5801587301587302,0.08340467163996576,0.009157509157509158,0.2718362012633413,0.625,0.75,1.0,0.2,1.0,True,0.3003030813268227,0.9835929960016545,0.0011978700059390194,0.9983196310205186,134.78819324069357,0.8007936507936508,0.2475235416411887,0.029304029304029304,0.29659478690190955,0.6875,0.8125,1.0,0.3,1.0,True,0.3052281528876915,0.9823872104050941,0.001308597485479601,0.9982739587008869,147.24760606126188,0.807936507936508,0.2586523174758469,0.031135531135531136,0.29775648006970157,0.6875,0.8125,1.0,0.3,1.0,True,0.4544536117191446,0.8986182786748793,0.012260551825493493,0.9963590492018759,1379.596801404746,0.9587301587301588,0.5773511067628715,0.08974358974358974,0.34981485515138316,0.84375,0.9375,1.0,0.6,1.0,HistGB,fleet,40000,20000,29.62,B_fleet_size,CTT_Traverse,FS-A,1,5,CIDv2_OpelAstra|CIDv2_RenaultClio|CTT_Forester|CTT_Impala|ROAD_ORNL
123099,23756,0.19298288369523717,0.8006727403706435,0.7151845893744008,99363,0.031993395843505856,False,0.2603131840377168,0.9993535875888817,4.026453801475695e-05,0.9992026686668397,4.53069557111575,0.09841269841269841,0.28531246178305003,0.014652014652014652,0.27002105568866624,0.6875,0.75,1.0,0.4,1.0,True,0.3144468765785486,0.9985296083411309,0.00011072747954058163,0.998855710029602,12.459412820568314,0.18571428571428572,0.3959887489299254,0.018315018315018316,0.2895520220721702,0.71875,0.75,1.0,0.5,1.0,True,0.38882808553628556,0.9887604367373154,0.00105694412288737,0.9981608986854553,118.93075874178844,0.3333333333333333,0.5457991928580164,0.018315018315018316,0.31539969505554344,0.75,0.8125,1.0,0.5,1.0,True,0.39223775046304094,0.9886472148541114,0.0010770763918947486,0.998120129108429,121.19610652734632,0.34285714285714286,0.55179161061514,0.018315018315018316,0.3168518115152835,0.75,0.8125,1.0,0.5,1.0,True,0.5127125778750632,0.9101778508444178,0.012099493673434464,0.9955097436904907,1361.474019120283,0.6849206349206349,0.7574905221964046,0.047619047619047616,0.37007187976475714,0.8125,0.875,1.0,0.6,1.0,XGBoost,fleet,40000,20000,10.75,B_fleet_size,CTT_Traverse,FS-A,1,5,CIDv2_OpelAstra|CIDv2_RenaultClio|CTT_Forester|CTT_Impala|ROAD_ORNL
123099,23756,0.19298288369523717,0.820890365800294,0.7677122623120296,99363,0.031993395843505856,False,0.5685300555649099,0.9999259643147997,1.0066134503689238e-05,0.9682912769457384,1.1326738927789375,0.9984126984126984,0.7714320655497126,0.315018315018315,0.41879038698903653,0.78125,0.75,1.0,0.7,1.0,True,0.5828843239602627,0.9994225911223386,8.05290760295139e-05,0.9582163355785069,9.0613911422315,0.9984126984126984,0.7996820349761526,0.3553113553113553,0.4251796994118928,0.8125,0.8125,1.0,0.7,1.0,True,0.6089408991412696,0.9919089413055403,0.0011878038714353302,0.9211679349080829,133.65551934791463,0.9992063492063492,0.848966613672496,0.4340659340659341,0.43766790096565744,0.8125,0.8125,1.0,0.7,1.0,True,0.6100774541168547,0.9916524119055765,0.001228068409450087,0.9190132970562467,138.1862149190304,0.9992063492063492,0.8506787330316742,0.4413919413919414,0.43832135337254047,0.8125,0.8125,1.0,0.7,1.0,True,0.6341134871190436,0.9285009861932939,0.011676716024279516,0.8446324275538692,1313.9017156235675,0.9992063492063492,0.8900574782927724,0.5164835164835165,0.4534233645538372,0.90625,0.9375,1.0,0.8,1.0,HistGB,fleet,40000,20000,43.89,B_fleet_size,CTT_Traverse,FS-A,0,5,CIDv2_OpelAstra|CIDv2_RenaultClio|CTT_Impala|CTT_Silverado|ROAD_ORNL
123099,23756,0.19298288369523717,0.814880320999758,0.7557287433290671,99363,0.031993395843505856,False,0.3642027277319414,1.0,0.0,0.9976217150688172,0.0,0.30714285714285716,0.4738901797725327,0.01098901098901099,0.3183039279750236,0.71875,0.8125,1.0,0.4,1.0,True,0.47406970870516923,0.9997336884154461,3.0198403511067714e-05,0.9941948056221008,3.3980216783368125,0.680952380952381,0.6552525376054787,0.054945054945054944,0.36419080810280985,0.8125,0.8125,1.0,0.7,1.0,True,0.5388954369422462,0.993944099378882,0.0007851584912877606,0.9872121214866638,88.34856363675713,0.9079365079365079,0.7402470343646814,0.1227106227106227,0.4020910477020257,0.8125,0.8125,1.0,0.7,1.0,True,0.5433574675871359,0.9932286857494613,0.000885819836324653,0.986221969127655,99.67530256454651,0.9222222222222223,0.7461171578818637,0.12637362637362637,0.40485006897553183,0.8125,0.8125,1.0,0.7,1.0,True,0.6051523825559858,0.9302445968681248,0.010851292994976999,0.9447577595710754,1221.0224564156945,0.9952380952380953,0.834658187599364,0.41025641025641024,0.4409351630000726,0.9375,0.9375,1.0,0.9,1.0,XGBoost,fleet,40000,20000,10.31,B_fleet_size,CTT_Traverse,FS-A,0,5,CIDv2_OpelAstra|CIDv2_RenaultClio|CTT_Impala|CTT_Silverado|ROAD_ORNL
123099,23756,0.19298288369523717,0.8173838615748573,0.7624657681100555,99363,0.031993395843505856,False,0.5533759892237751,0.9999239370198524,1.0066134503689238e-05,0.9594892850156937,1.1326738927789375,0.9968253968253968,0.7448942154824508,0.1978021978021978,0.41319973861903725,0.71875,0.75,1.0,0.5,1.0,True,0.575728237076949,0.9991963763880771,0.00011072747954058163,0.9360051838026702,12.459412820568314,0.9968253968253968,0.7864742570624924,0.2619047619047619,0.4245262470050098,0.78125,0.8125,1.0,0.6,1.0,True,0.6026267048324634,0.9927189515290202,0.00105694412288737,0.8813406702795906,118.93075874178844,0.9984126984126984,0.834658187599364,0.3901098901098901,0.43708705438176143,0.84375,0.8125,1.0,0.8,1.0,True,0.6040158275804007,0.9920492256637168,0.0011576054679242624,0.87708346302666,130.25749766957782,0.9984126984126984,0.8372263666381313,0.39377289377289376,0.43781311261163147,0.84375,0.8125,1.0,0.8,1.0,True,0.6291884155581747,0.9257401213922953,0.012069295269923397,0.7650690404676543,1358.0759974419461,0.9984126984126984,0.8785618197382903,0.48534798534798534,0.4530603354389022,0.90625,0.9375,1.0,0.8,1.0,HistGB,fleet,40000,20000,28.78,B_fleet_size,CTT_Traverse,FS-A,1,5,CIDv2_OpelAstra|CIDv2_RenaultClio|CTT_Impala|CTT_Silverado|ROAD_ORNL
123099,23756,0.19298288369523717,0.8135854591522675,0.7591117872849463,99363,0.031993395843505856,False,0.4666189594207779,0.9999097961392748,1.0066134503689238e-05,0.9958414435386659,1.1326738927789375,0.8579365079365079,0.6690717867188456,0.014652014652014652,0.3285413490161911,0.6875,0.75,1.0,0.4,1.0,True,0.5154066341134871,0.9995102040816326,6.039680702213543e-05,0.9921058416366577,6.796043356673625,0.9492063492063492,0.7352329705270881,0.03296703296703297,0.3643360197487839,0.8125,0.8125,1.0,0.7,1.0,True,0.5634366054891395,0.9938372438372438,0.0008354891638062068,0.9800490140914917,94.01193310065182,0.9904761904761905,0.7867188455423749,0.10073260073260074,0.4101502940535831,0.8125,0.8125,1.0,0.7,1.0,True,0.5649941067519785,0.9935598489895625,0.0008757537018209637,0.9794163703918457,98.54262867176756,0.9904761904761905,0.7886755533814357,0.1043956043956044,0.4115298046903362,0.8125,0.8125,1.0,0.7,1.0,True,0.6167705000841892,0.9417057651520021,0.009129983994846139,0.9265775680541992,1027.3352207504963,0.9976190476190476,0.8655986303045127,0.3608058608058608,0.4443476366804618,0.875,0.875,1.0,0.8,1.0,XGBoost,fleet,40000,20000,12.21,B_fleet_size,CTT_Traverse,FS-A,1,5,CIDv2_OpelAstra|CIDv2_RenaultClio|CTT_Impala|CTT_Silverado|ROAD_ORNL
123099,23756,0.19298288369523717,0.8080048356666084,0.7515062679724933,99363,0.031993395843505856,False,0.5398636134029298,0.9999220333697177,1.0066134503689238e-05,0.9783867525156147,1.1326738927789375,0.9976190476190476,0.7572459337165219,0.07509157509157509,0.387352065635664,0.78125,0.75,1.0,0.7,1.0,True,0.5620895773699276,0.9991768931457647,0.00011072747954058163,0.9662167962918422,12.459412820568314,0.9976190476190476,0.7825608413843708,0.13186813186813187,0.408407754301895,0.78125,0.75,1.0,0.7,1.0,True,0.5996800808216871,0.9923376985232656,0.0011072747954058162,0.8967880771113936,124.59412820568313,0.9984126984126984,0.828910358322123,0.32234432234432236,0.4381035359035795,0.84375,0.875,1.0,0.7,1.0,True,0.6011112981983499,0.9912536443148688,0.001268332947464844,0.8926735874443102,142.71691049014612,0.9984126984126984,0.8312339488810077,0.3333333333333333,0.4387569883104625,0.84375,0.875,1.0,0.7,1.0,True,0.6198013133524163,0.9222674600689007,0.012492072919078345,0.7872246221957866,1405.6483009386614,0.9992063492063492,0.8624189800660389,0.4340659340659341,0.448413562767734,0.84375,0.875,1.0,0.7,1.0,HistGB,fleet,40000,20000,37.53,B_fleet_size,CTT_Traverse,FS-A,0,6,CIDv2_OpelAstra|CIDv2_Prototype|CIDv2_RenaultClio|CTT_Forester|CTT_Impala|CTT_Silverado
123099,23756,0.19298288369523717,0.8049488358756125,0.7503362133349033,99363,0.031993395843505856,False,0.4022141774709547,1.0,0.0,0.9987301230430604,0.0,0.8650793650793651,0.5861562920386449,0.005494505494505495,0.26639076453931604,0.6875,0.8125,1.0,0.3,1.0,True,0.46409328169725544,0.9991843393148451,9.059521053320314e-05,0.9970424771308899,10.19406503501044,0.9595238095238096,0.6787330316742082,0.01282051282051282,0.30922820010164814,0.78125,0.8125,1.0,0.6,1.0,True,0.5263512375820846,0.9904942965779467,0.0012079361404427086,0.9914023280143738,135.9208671334725,0.9920634920634921,0.7560229913171089,0.06227106227106227,0.3657881362085239,0.8125,0.8125,1.0,0.7,1.0,True,0.531570971544031,0.9894225495573141,0.001358928157998047,0.9905011653900146,152.91097552515654,0.9928571428571429,0.7616485263544087,0.0695970695970696,0.3710883612865752,0.8125,0.8125,1.0,0.7,1.0,True,0.604941909412359,0.9270416720423171,0.011384798123672529,0.9420329928398132,1281.0541727329783,0.9976190476190476,0.8503118503118503,0.2967032967032967,0.43556233209903433,0.875,0.875,1.0,0.8,1.0,XGBoost,fleet,40000,20000,11.68,B_fleet_size,CTT_Traverse,FS-A,0,6,CIDv2_OpelAstra|CIDv2_Prototype|CIDv2_RenaultClio|CTT_Forester|CTT_Impala|CTT_Silverado
123099,23756,0.19298288369523717,0.8144871290402529,0.7578859484237745,99363,0.031993395843505856,False,0.5219733961946456,0.9995969367190649,5.033067251844619e-05,0.9927825067124063,5.663369463894687,0.9968253968253968,0.7381680322856794,0.10073260073260074,0.36687722355332897,0.6875,0.8125,1.0,0.3,1.0,True,0.5368748947634282,0.9991382687034861,0.00011072747954058163,0.9905648555066551,12.459412820568314,0.9968253968253968,0.7571236394765807,0.11538461538461539,0.38074493574384666,0.6875,0.8125,1.0,0.3,1.0,True,0.5737497895268564,0.9923552966872953,0.00105694412288737,0.978053164531198,118.93075874178844,0.9976190476190476,0.7971138559373854,0.21245421245421245,0.4166848181224134,0.78125,0.8125,1.0,0.6,1.0,True,0.575391480047146,0.9918728684420579,0.0011274070644131946,0.9766289882010245,126.85947599124098,0.9976190476190476,0.7989482695365049,0.21794871794871795,0.41820954040514047,0.78125,0.8125,1.0,0.6,1.0,True,0.61685468934164,0.9325442280768741,0.010670102573910593,0.8739384453268566,1200.6343263456738,0.9984126984126984,0.8553259141494436,0.46886446886446886,0.44623538807812385,0.90625,0.875,1.0,0.9,1.0,HistGB,fleet,40000,20000,48.02,B_fleet_size,CTT_Traverse,FS-A,1,6,CIDv2_OpelAstra|CIDv2_Prototype|CIDv2_RenaultClio|CTT_Forester|CTT_Impala|CTT_Silverado
123099,23756,0.19298288369523717,0.8130430249690459,0.7574271771008517,99363,0.031993395843505856,False,0.5201633271594545,1.0,0.0,0.9930313825607301,0.0,0.9920634920634921,0.7481961599608659,0.06593406593406594,0.3596166412546286,0.8125,0.8125,1.0,0.7,1.0,True,0.5588482909580738,0.9990217473098051,0.0001308597485479601,0.9827158451080322,14.724760606126187,0.9976190476190476,0.7925889690595573,0.14835164835164835,0.3962099760400784,0.8125,0.8125,1.0,0.7,1.0,True,0.5907560195319077,0.9927141543467497,0.0010368118538799916,0.9569122791290283,116.66541095623057,0.9976190476190476,0.8300110064815948,0.27472527472527475,0.4240180062441008,0.8125,0.8125,1.0,0.7,1.0,True,0.5927344670820003,0.9910613738738738,0.0012783990819685332,0.9547163844108582,143.84958438292506,0.9976190476190476,0.832579185520362,0.2838827838827839,0.42554272852682784,0.8125,0.8125,1.0,0.7,1.0,True,0.6236319245664254,0.9278511930857394,0.011596186948250002,0.8762367963790894,1304.8403244813362,0.9976190476190476,0.8755044637397579,0.4468864468864469,0.4468888404850069,0.84375,0.8125,1.0,0.8,1.0,XGBoost,fleet,40000,20000,16.9,B_fleet_size,CTT_Traverse,FS-A,1,6,CIDv2_OpelAstra|CIDv2_Prototype|CIDv2_RenaultClio|CTT_Forester|CTT_Impala|CTT_Silverado
123099,23756,0.19298288369523717,0.8002438768965683,0.734026692090422,99363,0.031993395843505856,False,0.42300892406128976,1.0,0.0,0.9968323380481081,0.0,0.5936507936507937,0.6090253149076679,0.003663003663003663,0.3135845494808684,0.5625,0.6875,1.0,0.1,1.0,True,0.49941067519784477,0.9991578238167425,0.00010066134503689239,0.9942967091628522,11.326738927789375,0.8507936507936508,0.7143206554971261,0.007326007326007326,0.3591810063167066,0.625,0.75,1.0,0.2,1.0,True,0.5448728742212494,0.9921054648578217,0.0010368118538799916,0.9900533975237324,116.66541095623057,0.9626984126984127,0.7792588969059557,0.01282051282051282,0.388586364626443,0.6875,0.8125,1.0,0.3,1.0,True,0.5463461862266374,0.9914445038576121,0.0011274070644131946,0.98974904091852,126.85947599124098,0.9642857142857143,0.7812156047450165,0.01282051282051282,0.3898206636172221,0.6875,0.8125,1.0,0.3,1.0,True,0.5847364876241792,0.9224384089248954,0.01175724510030903,0.9793198148690436,1322.9631067657988,0.9968253968253968,0.8424850189556072,0.054945054945054944,0.41501488419371235,0.84375,0.9375,1.0,0.6,1.0,HistGB,fleet,40000,20000,33.91,B_fleet_size,CTT_Traverse,FS-A,0,6,CIDv2_OpelAstra|CIDv2_Prototype|CIDv2_RenaultClio|CTT_Forester|CTT_Impala|ROAD_ORNL
123099,23756,0.19298288369523717,0.8048187335447874,0.7433857796059798,99363,0.031993395843505856,False,0.38651288095638997,0.9998911031253404,1.0066134503689238e-05,0.9977822899818422,1.1326738927789375,0.09841269841269841,0.6005870123517182,0.009157509157509158,0.30073331881216875,0.625,0.75,0.75,0.3,1.0,True,0.43328001347028117,0.9996115373409731,4.026453801475695e-05,0.9966629147529602,4.53069557111575,0.2,0.6786107374342668,0.014652014652014652,0.32556451027372396,0.71875,0.8125,1.0,0.4,1.0,True,0.5003788516585284,0.9939794297182039,0.0007247616842656252,0.9933608770370483,81.55252028008351,0.42936507936507934,0.7665402959520606,0.023809523809523808,0.36774849342917304,0.78125,0.8125,1.0,0.6,1.0,True,0.5046725037885166,0.9936184319575667,0.0007750923567840714,0.993057131767273,87.2158897439782,0.4492063492063492,0.7709428885899474,0.029304029304029304,0.3705075147026792,0.78125,0.8125,1.0,0.6,1.0,True,0.5844839198518269,0.9315040923118207,0.010277523328266713,0.981674313545227,1156.4600445272952,0.8698412698412699,0.8541029717500306,0.07142857142857142,0.4186451753430625,0.84375,0.875,1.0,0.7,1.0,XGBoost,fleet,40000,20000,11.3,B_fleet_size,CTT_Traverse,FS-A,0,6,CIDv2_OpelAstra|CIDv2_Prototype|CIDv2_RenaultClio|CTT_Forester|CTT_Impala|ROAD_ORNL
123099,23756,0.19298288369523717,0.8045846459174137,0.7328834770821817,99363,0.031993395843505856,False,0.3586041421114666,0.9997652857645816,2.0132269007378476e-05,0.9959295811374341,2.265347785557875,0.7746031746031746,0.4343891402714932,0.007326007326007326,0.28947941624918316,0.65625,0.75,1.0,0.3,1.0,True,0.40170904192625023,0.9997904662126768,2.0132269007378476e-05,0.9945421908672195,2.265347785557875,0.8539682539682539,0.5264767029472912,0.01098901098901099,0.3017498003339868,0.65625,0.75,1.0,0.3,1.0,True,0.5029466240107763,0.9894824016563147,0.0012783990819685332,0.9877791379533621,143.84958438292506,0.976984126984127,0.7121193591781827,0.06043956043956044,0.3529369055398243,0.71875,0.8125,1.0,0.4,1.0,True,0.5052197339619464,0.9887140621138479,0.0013790604270054257,0.9875753362893167,155.17632331071445,0.9777777777777777,0.7151767151767152,0.06227106227106227,0.3548972627604734,0.71875,0.8125,1.0,0.4,1.0,True,0.5686984340798115,0.9196106459737254,0.01188810484885699,0.9754139407371829,1337.6878673719252,0.9968253968253968,0.8139904610492846,0.1575091575091575,0.40020329630436363,0.78125,0.875,1.0,0.5,1.0,HistGB,fleet,40000,20000,29.48,B_fleet_size,CTT_Traverse,FS-A,1,6,CIDv2_OpelAstra|CIDv2_Prototype|CIDv2_RenaultClio|CTT_Forester|CTT_Impala|ROAD_ORNL
123099,23756,0.19298288369523717,0.8023086533297294,0.7346711802509348,99363,0.031993395843505856,False,0.37935679407307626,1.0,0.0,0.9984394907951356,0.0,0.01746031746031746,0.5884798825975297,0.016483516483516484,0.3026936760328178,0.6875,0.75,1.0,0.4,1.0,True,0.47150193635292137,0.9983955789286033,0.0001811904210664063,0.9959980249404907,20.38813007002088,0.18412698412698414,0.7287513758101993,0.02197802197802198,0.3628839032890438,0.75,0.8125,1.0,0.5,1.0,True,0.5124600101027109,0.9921760391198045,0.0009663489123541668,0.9935778379440308,108.736693706778,0.39444444444444443,0.774856304268069,0.023809523809523808,0.38684382487475494,0.75,0.8125,1.0,0.5,1.0,True,0.5165010944603469,0.9909546115328703,0.0011274070644131946,0.993286669254303,126.85947599124098,0.4246031746031746,0.7795034853858384,0.023809523809523808,0.388295941334495,0.75,0.8125,1.0,0.5,1.0,True,0.5781276309142953,0.9192155812863931,0.01214982434595291,0.9855723977088928,1367.1373885841776,0.8412698412698413,0.83991683991684,0.054945054945054944,0.41937123357293254,0.8125,0.9375,1.0,0.5,1.0,XGBoost,fleet,40000,20000,8.59,B_fleet_size,CTT_Traverse,FS-A,1,6,CIDv2_OpelAstra|CIDv2_Prototype|CIDv2_RenaultClio|CTT_Forester|CTT_Impala|ROAD_ORNL
123099,23756,0.19298288369523717,0.8190820260080272,0.7579302681952833,99363,0.031993395843505856,False,0.5508503115002525,0.9999235882937266,1.0066134503689238e-05,0.9670331603683371,1.1326738927789375,0.996031746031746,0.7458725694019812,0.17216117216117216,0.40935163000072605,0.78125,0.75,1.0,0.7,1.0,True,0.5726132345512712,0.9984586024662361,0.000211388824577474,0.9424296308771423,23.786151748357685,0.996031746031746,0.7812156047450165,0.27472527472527475,0.4218398315544907,0.8125,0.8125,1.0,0.7,1.0,True,0.5882724364371106,0.9926131117266851,0.0010468779883836808,0.9057065596235826,117.7980848490095,0.9968253968253968,0.8081203375321022,0.3534798534798535,0.42968126043708704,0.8125,0.8125,1.0,0.7,1.0,True,0.5890722343828927,0.9919897923016942,0.001137473198916884,0.9035210291527517,127.99214988401994,0.9968253968253968,0.8094655741714565,0.35714285714285715,0.4301168953750091,0.8125,0.8125,1.0,0.7,1.0,True,0.6151288095638996,0.9254005446140207,0.011857906445345923,0.79641314937595,1334.2898456935884,0.9984126984126984,0.8561819738290326,0.4523809523809524,0.4434037609816307,0.90625,0.9375,1.0,0.8,1.0,HistGB,fleet,40000,20000,39.78,B_fleet_size,CTT_Traverse,FS-A,0,6,CIDv2_OpelAstra|CIDv2_Prototype|CTT_Forester|CTT_Impala|CTT_Silverado|ROAD_ORNL
123099,23756,0.19298288369523717,0.819758774823939,0.7617723811174044,99363,0.031993395843505856,False,0.5097238592355615,0.9998348608702832,2.0132269007378476e-05,0.9931366443634034,2.265347785557875,0.8833333333333333,0.7119970649382414,0.031135531135531136,0.37442822914397733,0.78125,0.8125,1.0,0.6,1.0,True,0.5429786159286075,0.9992253466573708,0.00010066134503689239,0.9879347085952759,11.326738927789375,0.9793650793650793,0.746606334841629,0.07509157509157509,0.4007115370652726,0.8125,0.8125,1.0,0.7,1.0,True,0.5756440478194982,0.9938949051529907,0.000845555298309896,0.969658613204956,95.14460699343074,0.996031746031746,0.7883086706616118,0.21062271062271062,0.42539751688085387,0.8125,0.8125,1.0,0.7,1.0,True,0.5769068866812594,0.9931159420289855,0.0009562827778504776,0.9680761098861694,107.60401981399906,0.996031746031746,0.7901430842607313,0.21794871794871795,0.42619618093371087,0.8125,0.8125,1.0,0.7,1.0,True,0.6176544872874221,0.9294944887875333,0.011203607702606122,0.8776845335960388,1260.6660426629576,0.9968253968253968,0.8597285067873304,0.4597069597069597,0.4455093298482538,0.90625,0.9375,1.0,0.8,1.0,XGBoost,fleet,40000,20000,8.4,B_fleet_size,CTT_Traverse,FS-A,0,6,CIDv2_OpelAstra|CIDv2_Prototype|CTT_Forester|CTT_Impala|CTT_Silverado|ROAD_ORNL
123099,23756,0.19298288369523717,0.8078180782782449,0.7484114205582648,99363,0.031993395843505856,False,0.5380956389964641,0.9999217772215269,1.0066134503689238e-05,0.9778801035075587,1.1326738927789375,0.9452380952380952,0.7321756145285557,0.09706959706959707,0.40310752922384374,0.71875,0.75,1.0,0.5,1.0,True,0.5572066004377841,0.9989434759640782,0.00014092588305164932,0.9650875125462048,15.857434498905123,0.973015873015873,0.7552892258774612,0.15567765567765568,0.4174834821752705,0.75,0.8125,1.0,0.5,1.0,True,0.5799797945782118,0.9908665947500899,0.0012783990819685332,0.9311208699945784,143.84958438292506,0.9936507936507937,0.7918552036199095,0.26373626373626374,0.42888259638423004,0.8125,0.8125,1.0,0.7,1.0,True,0.5806954032665432,0.9900244007463758,0.001399192696012804,0.9288396234514944,157.44167109627233,0.9936507936507937,0.7928335575394398,0.2673992673992674,0.42939083714513904,0.8125,0.8125,1.0,0.7,1.0,True,0.607425492507156,0.9215147838303851,0.012371279305034073,0.8461131979801303,1392.056214225314,0.996031746031746,0.8373486608780727,0.40476190476190477,0.4434037609816307,0.875,0.875,1.0,0.8,1.0,HistGB,fleet,40000,20000,86.95,B_fleet_size,CTT_Traverse,FS-A,1,6,CIDv2_OpelAstra|CIDv2_Prototype|CTT_Forester|CTT_Impala|CTT_Silverado|ROAD_ORNL
123099,23756,0.19298288369523717,0.8096123491687244,0.7541313513309262,99363,0.031993395843505856,False,0.490781276309143,0.9999142367066896,1.0066134503689238e-05,0.9904572367668153,1.1326738927789375,0.8523809523809524,0.6776323835147364,0.018315018315018316,0.3654977129165759,0.59375,0.6875,0.75,0.3,1.0,True,0.5405371274625358,0.9994551681195517,7.046294152582466e-05,0.979124128818512,7.9287172494525615,0.9571428571428572,0.7419591537238596,0.07692307692307693,0.4012197778261817,0.78125,0.8125,1.0,0.6,1.0,True,0.575054723017343,0.9914362435590391,0.0011878038714353302,0.9540675282478333,133.65551934791463,0.9896825396825397,0.7923443805796747,0.18864468864468864,0.42343715966020473,0.8125,0.8125,1.0,0.7,1.0,True,0.5766543189089072,0.9902414341477519,0.001358928157998047,0.9520705342292786,152.91097552515654,0.9904761904761905,0.7951571480983246,0.19597069597069597,0.4241632178900748,0.8125,0.8125,1.0,0.7,1.0,True,0.6146236740191952,0.9254024591202941,0.011847840310842234,0.8632484078407288,1333.1571718008095,0.9968253968253968,0.8570380335086217,0.4084249084249084,0.44391200174253975,0.9375,1.0,1.0,0.8,1.0,XGBoost,fleet,40000,20000,10.19,B_fleet_size,CTT_Traverse,FS-A,1,6,CIDv2_OpelAstra|CIDv2_Prototype|CTT_Forester|CTT_Impala|CTT_Silverado|ROAD_ORNL
123099,23756,0.19298288369523717,0.8070009321826993,0.7516413710622571,99363,0.031993395843505856,False,0.5529971375652467,0.9998477814141107,2.0132269007378476e-05,0.9594552120919948,2.265347785557875,0.9857142857142858,0.7594472300354653,0.13553113553113552,0.407391272780077,0.65625,0.75,1.0,0.3,1.0,True,0.5732025593534265,0.9990462215700661,0.0001308597485479601,0.9287656435173635,14.724760606126187,0.9928571428571429,0.7913660266601443,0.19413919413919414,0.4203151092717636,0.71875,0.75,1.0,0.5,1.0,True,0.5911769658191615,0.9934215180024051,0.0009361505088430991,0.8814152884933032,105.3386720284412,0.9952380952380953,0.8216949981655864,0.2783882783882784,0.42975386626007406,0.84375,0.8125,1.0,0.8,1.0,True,0.5922714261660212,0.9926626217017074,0.0010468779883836808,0.8780844437409936,117.7980848490095,0.9952380952380953,0.8236517060046472,0.28205128205128205,0.43033471284397007,0.84375,0.8125,1.0,0.8,1.0,True,0.617191446371443,0.9369288772445523,0.009935274755141279,0.7705562271798975,1117.9491321728115,0.996031746031746,0.8652317475846888,0.4230769230769231,0.4429681260437087,0.875,0.875,1.0,0.8,1.0,HistGB,fleet,40000,20000,32.46,B_fleet_size,CTT_Traverse,FS-A,0,6,CIDv2_OpelAstra|CIDv2_RenaultClio|CTT_Forester|CTT_Impala|CTT_Silverado|ROAD_ORNL
123099,23756,0.19298288369523717,0.8042148667460827,0.7504950254004643,99363,0.031993395843505856,False,0.41543189089072236,1.0,0.0,0.9953031539916993,0.0,0.7476190476190476,0.5658554482083894,0.02564102564102564,0.3111885573222972,0.65625,0.75,1.0,0.3,1.0,True,0.46173598248863446,0.9997265767407948,3.0198403511067714e-05,0.9928981065750122,3.3980216783368125,0.8484126984126984,0.6360523419346948,0.05860805860805861,0.3388513758803456,0.6875,0.8125,1.0,0.3,1.0,True,0.5473564573160464,0.9926711962745248,0.0009663489123541668,0.9789601564407349,108.736693706778,0.9833333333333333,0.7473401002812767,0.17399267399267399,0.4035431641617658,0.71875,0.8125,1.0,0.4,1.0,True,0.5505135544704496,0.9912832562722655,0.0011576054679242624,0.9775047898292542,130.25749766957782,0.9873015873015873,0.7516203986792223,0.18681318681318682,0.40557612720540187,0.75,0.8125,1.0,0.5,1.0,True,0.607972722680586,0.9310255914394379,0.010770763918947485,0.9085975885391235,1211.9610652734632,0.996031746031746,0.8405283111165464,0.43772893772893773,0.4411529804690336,0.90625,0.875,1.0,0.9,1.0,XGBoost,fleet,40000,20000,10.32,B_fleet_size,CTT_Traverse,FS-A,0,6,CIDv2_OpelAstra|CIDv2_RenaultClio|CTT_Forester|CTT_Impala|CTT_Silverado|ROAD_ORNL
123099,23756,0.19298288369523717,0.8146437928983283,0.7581321775550995,99363,0.031993395843505856,False,0.548998147836336,1.0,0.0,0.9637402948164145,0.0,0.996031746031746,0.7444050385226856,0.2326007326007326,0.40463225150657084,0.75,0.75,1.0,0.6,1.0,True,0.5773699275972386,0.998980335032775,0.00014092588305164932,0.929015372294422,15.857434498905123,0.9968253968253968,0.787574905221964,0.36446886446886445,0.42263849560734773,0.8125,0.8125,1.0,0.7,1.0,True,0.595723185721502,0.9913140935836369,0.0012482006784574656,0.8834065193170042,140.45156270458827,0.9976190476190476,0.8192491133667604,0.44871794871794873,0.43207725259565816,0.84375,0.875,1.0,0.7,1.0,True,0.5968176460683616,0.9904988123515439,0.0013689942925017365,0.8804565918908496,154.0436494179355,0.9976190476190476,0.8212058212058212,0.4542124542124542,0.4325854933565672,0.84375,0.875,1.0,0.7,1.0,True,0.6232951675366223,0.9208906026494185,0.012804123088692712,0.7803093053305057,1440.7611916148087,0.9984126984126984,0.8647425706249235,0.5384615384615384,0.44899440935163,0.9375,1.0,1.0,0.8,1.0,HistGB,fleet,40000,20000,33.6,B_fleet_size,CTT_Traverse,FS-A,1,6,CIDv2_OpelAstra|CIDv2_RenaultClio|CTT_Forester|CTT_Impala|CTT_Silverado|ROAD_ORNL
123099,23756,0.19298288369523717,0.813347870877891,0.7550546155294859,99363,0.031993395843505856,False,0.4587051692204075,0.9997247706422019,3.0198403511067714e-05,0.9940419793128968,3.3980216783368125,0.8015873015873016,0.6477925889690596,0.09157509157509157,0.32963043636099615,0.75,0.75,1.0,0.6,1.0,True,0.48379356794073075,0.9991306615665478,0.00010066134503689239,0.9919048547744751,11.326738927789375,0.8626984126984127,0.6811789164730341,0.13003663003663005,0.34596674653307197,0.8125,0.8125,1.0,0.7,1.0,True,0.5471459841724196,0.9926683977394226,0.0009663489123541668,0.9795210957527161,108.736693706778,0.9801587301587301,0.7462394521218051,0.27472527472527475,0.4001306904813766,0.8125,0.8125,1.0,0.7,1.0,True,0.5495032833810406,0.991869918699187,0.0010770763918947486,0.9786902070045471,121.19610652734632,0.9801587301587301,0.7491745138803962,0.2765567765567766,0.4023814709939737,0.8125,0.8125,1.0,0.7,1.0,True,0.610456305775383,0.9312271238682335,0.010780830053451174,0.8875344395637512,1213.0937391662421,0.9976190476190476,0.8338021279197749,0.5421245421245421,0.4451463007333188,0.9375,0.9375,1.0,0.9,1.0,XGBoost,fleet,40000,20000,12.05,B_fleet_size,CTT_Traverse,FS-A,1,6,CIDv2_OpelAstra|CIDv2_RenaultClio|CTT_Forester|CTT_Impala|CTT_Silverado|ROAD_ORNL
123099,23756,0.19298288369523717,0.7962730389543287,0.7403576194469473,99363,0.031993395843505856,False,0.47785822529045296,0.9999119175548313,1.0066134503689238e-05,0.9860398789914399,1.1326738927789375,0.996031746031746,0.6584321878439525,0.054945054945054944,0.34001306904813766,0.75,0.75,1.0,0.6,1.0,True,0.5369590840208789,0.9985908877407234,0.0001811904210664063,0.9674843368624195,20.38813007002088,0.996031746031746,0.7341323223676165,0.13186813186813187,0.3939591955274813,0.78125,0.75,1.0,0.7,1.0,True,0.5637312678902172,0.9939879759519038,0.0008153568947988283,0.9440797664330035,91.74658531509394,0.996031746031746,0.7713097713097713,0.21794871794871795,0.41465185507877733,0.8125,0.8125,1.0,0.7,1.0,True,0.5655413369254083,0.9929785661492978,0.0009562827778504776,0.9409578232346889,107.60401981399906,0.996031746031746,0.7737556561085973,0.2216117216117216,0.4161765773615044,0.8125,0.8125,1.0,0.7,1.0,True,0.6002273109951171,0.9268720748829953,0.011324401316650393,0.8622365898960247,1274.2581293763049,0.9984126984126984,0.8305001834413599,0.3956043956043956,0.4351993029840993,0.875,0.875,1.0,0.8,1.0,HistGB,fleet,40000,20000,32.2,B_fleet_size,CTT_Traverse,FS-A,0,6,CIDv2_Prototype|CIDv2_RenaultClio|CTT_Forester|CTT_Impala|CTT_Silverado|ROAD_ORNL
123099,23756,0.19298288369523717,0.8051285237494088,0.7493197791962861,99363,0.031993395843505856,False,0.4406044788684964,0.9996179925508547,4.026453801475695e-05,0.9922050833702089,4.53069557111575,0.9515873015873015,0.6030328971505442,0.0347985347985348,0.3135119436578814,0.75,0.75,1.0,0.6,1.0,True,0.4936858056911938,0.9988076988587975,0.00014092588305164932,0.9854362607002258,15.857434498905123,0.9873015873015873,0.6860706860706861,0.07509157509157509,0.35090394249618817,0.8125,0.8125,1.0,0.7,1.0,True,0.5504714598417242,0.9918088737201365,0.0010871425263984378,0.9641941785812378,122.32878042012526,0.996031746031746,0.7658065305124129,0.16483516483516483,0.39715385173890944,0.8125,0.8125,1.0,0.7,1.0,True,0.5535022731099511,0.9906577262111053,0.0012482006784574656,0.9618539214134216,140.45156270458827,0.996031746031746,0.7692307692307693,0.17582417582417584,0.39991287301241557,0.8125,0.8125,1.0,0.7,1.0,True,0.6072571139922546,0.9310700916483801,0.010750631649940107,0.8688552379608154,1209.6957174879053,0.9976190476190476,0.853858383270148,0.3772893772893773,0.4342554272852683,0.90625,0.9375,1.0,0.8,1.0,XGBoost,fleet,40000,20000,10.18,B_fleet_size,CTT_Traverse,FS-A,0,6,CIDv2_Prototype|CIDv2_RenaultClio|CTT_Forester|CTT_Impala|CTT_Silverado|ROAD_ORNL
123099,23756,0.19298288369523717,0.8066896818038273,0.7458686734707942,99363,0.031993395843505856,False,0.48295167536622324,0.9998257080610021,2.0132269007378476e-05,0.9782226431541251,2.265347785557875,0.996031746031746,0.6513391219273572,0.08791208791208792,0.3517026065490452,0.65625,0.75,1.0,0.3,1.0,True,0.5198265701296515,0.999271726816637,9.059521053320314e-05,0.9651592821015963,10.19406503501044,0.9968253968253968,0.70527088174147,0.14285714285714285,0.38103535903579466,0.71875,0.75,1.0,0.5,1.0,True,0.5664253241286412,0.9924035695847776,0.0010368118538799916,0.9271834470812815,116.66541095623057,0.9968253968253968,0.7743671273083038,0.2673992673992674,0.41545051913163433,0.8125,0.8125,1.0,0.7,1.0,True,0.5669304596733457,0.9919717168741253,0.001097208660902127,0.9259404807029478,123.4614543129042,0.9968253968253968,0.774856304268069,0.2673992673992674,0.4160313657155304,0.8125,0.8125,1.0,0.7,1.0,True,0.6034685974069709,0.928677851914232,0.011082814088561852,0.8422872755748053,1247.0739559496103,0.9984126984126984,0.8378378378378378,0.40293040293040294,0.43614317868293034,0.90625,0.9375,1.0,0.8,1.0,HistGB,fleet,40000,20000,32.46,B_fleet_size,CTT_Traverse,FS-A,1,6,CIDv2_Prototype|CIDv2_RenaultClio|CTT_Forester|CTT_Impala|CTT_Silverado|ROAD_ORNL
123099,23756,0.19298288369523717,0.7978575131864369,0.7342599288792993,99363,0.031993395843505856,False,0.3708115844418252,0.9998864926220205,1.0066134503689238e-05,0.9930896162986756,1.1326738927789375,0.8960317460317461,0.39977987036810564,0.02197802197802198,0.31939301531982867,0.6875,0.75,1.0,0.4,1.0,True,0.4550429365212999,0.9992604917729709,8.05290760295139e-05,0.9863082766532898,9.0613911422315,0.9666666666666667,0.554237495413966,0.07326007326007326,0.36448123139475785,0.8125,0.8125,1.0,0.7,1.0,True,0.5249200202054218,0.9930715935334873,0.0008757537018209637,0.9727572202682495,98.54262867176756,0.9944444444444445,0.6783661489543843,0.15384615384615385,0.40557612720540187,0.8125,0.8125,1.0,0.7,1.0,True,0.5325391480047146,0.991069330199765,0.0011475393334205732,0.9699643850326538,129.12482377679888,0.9944444444444445,0.6920631038278097,0.17582417582417584,0.4097146591156611,0.8125,0.8125,1.0,0.7,1.0,True,0.5867991244317226,0.9250165892501659,0.01137473198916884,0.9161438345909119,1279.9214988401993,0.996031746031746,0.7911214381802617,0.33516483516483514,0.43803093008059246,0.90625,0.9375,1.0,0.8,1.0,XGBoost,fleet,40000,20000,15.02,B_fleet_size,CTT_Traverse,FS-A,1,6,CIDv2_Prototype|CIDv2_RenaultClio|CTT_Forester|CTT_Impala|CTT_Silverado|ROAD_ORNL
123099,23756,0.19298288369523717,0.8068978223127328,0.7517880825745195,99363,0.031993395843505856,False,0.5577959252399394,0.9998490907719007,2.0132269007378476e-05,0.9674410379422556,2.265347785557875,0.9984126984126984,0.7514981044392809,0.184981684981685,0.41726566470630944,0.75,0.75,1.0,0.6,1.0,True,0.5686142448223607,0.9996299859394657,5.033067251844619e-05,0.9543068285216217,5.663369463894687,0.9984126984126984,0.7682524153112389,0.23443223443223443,0.4240180062441008,0.78125,0.8125,1.0,0.6,1.0,True,0.5884408149520122,0.9941682668373515,0.0008254230293025176,0.9180712031560861,92.87925920787289,0.9984126984126984,0.8040846276140394,0.33516483516483514,0.43294852247150223,0.8125,0.8125,1.0,0.7,1.0,True,0.589324802155245,0.9931895573212258,0.0009663489123541668,0.9151434159345667,108.736693706778,0.9984126984126984,0.8060413354531002,0.336996336996337,0.43323894576345023,0.8125,0.8125,1.0,0.7,1.0,True,0.6155497558511533,0.929802250906085,0.011113012492072919,0.8241306252540576,1250.471977627947,0.9984126984126984,0.8544698544698545,0.4908424908424908,0.44362157845059175,0.90625,0.875,1.0,0.9,1.0,HistGB,fleet,40000,20000,42.85,B_fleet_size,CTT_Traverse,FS-A,0,7,CIDv2_OpelAstra|CIDv2_Prototype|CIDv2_RenaultClio|CTT_Forester|CTT_Impala|CTT_Silverado|ROAD_ORNL
123099,23756,0.19298288369523717,0.8060199323751355,0.7503001698658975,99363,0.031993395843505856,False,0.5298029971375653,0.9998411185255799,2.0132269007378476e-05,0.9916011691093446,2.265347785557875,0.9857142857142858,0.7248379601320778,0.04395604395604396,0.3915632033689102,0.71875,0.8125,1.0,0.4,1.0,True,0.5412948307795925,0.999455930359086,7.046294152582466e-05,0.9889563918113708,7.9287172494525615,0.9904761904761905,0.7376788553259142,0.06593406593406594,0.4024540768169607,0.8125,0.8125,1.0,0.7,1.0,True,0.5696245159117697,0.9937578027465668,0.0008556214328135853,0.9727421402931213,96.2772808862097,0.9952380952380953,0.7751008927479516,0.19230769230769232,0.4236549771291658,0.8125,0.8125,1.0,0.7,1.0,True,0.5714766795756862,0.9929783499122293,0.0009663489123541668,0.9711855053901672,108.736693706778,0.996031746031746,0.7781582487464841,0.21245421245421245,0.4241632178900748,0.8125,0.8125,1.0,0.7,1.0,True,0.6088988045125442,0.9349751147307866,0.010126531310711374,0.9007782936096191,1139.469936135611,0.9976190476190476,0.843218784395255,0.44505494505494503,0.4407173455311116,0.9375,0.9375,1.0,0.9,1.0,XGBoost,fleet,40000,20000,14.26,B_fleet_size,CTT_Traverse,FS-A,0,7,CIDv2_OpelAstra|CIDv2_Prototype|CIDv2_RenaultClio|CTT_Forester|CTT_Impala|CTT_Silverado|ROAD_ORNL
123099,23756,0.19298288369523717,0.8093288785414126,0.7450071650598201,99363,0.031993395843505856,False,0.5036622326991076,0.9999164298846732,1.0066134503689238e-05,0.9833630840823846,1.1326738927789375,0.9857142857142858,0.6868044515103339,0.08791208791208792,0.367312858491251,0.78125,0.8125,1.0,0.6,1.0,True,0.522141774709547,0.999838787683379,2.0132269007378476e-05,0.9780803461209087,2.265347785557875,0.9896825396825397,0.7099180628592393,0.11172161172161173,0.3841574094242358,0.8125,0.8125,1.0,0.7,1.0,True,0.5633103216029635,0.9941311938191814,0.0007952246257914498,0.9535386794768204,89.48123752953606,0.9936507936507937,0.7673963556316498,0.23076923076923078,0.4159587598925434,0.875,0.875,1.0,0.8,1.0,True,0.5652466745243307,0.9934156987497226,0.0008958859708283422,0.9512043913533507,100.80797645732545,0.9936507936507937,0.769964534670417,0.23443223443223443,0.41762869382124446,0.875,0.875,1.0,0.8,1.0,True,0.5986277151035528,0.9245822768350562,0.011676716024279516,0.8870442229834776,1313.9017156235675,0.9976190476190476,0.8192491133667604,0.43223443223443225,0.43774050678864446,0.90625,0.875,1.0,0.9,1.0,HistGB,fleet,40000,20000,35.11,B_fleet_size,CTT_Traverse,FS-A,1,7,CIDv2_OpelAstra|CIDv2_Prototype|CIDv2_RenaultClio|CTT_Forester|CTT_Impala|CTT_Silverado|ROAD_ORNL
123099,23756,0.19298288369523717,0.8089137460442943,0.7514123388894784,99363,0.031993395843505856,False,0.4380788011449739,1.0,0.0,0.9938893318176271,0.0,0.8825396825396825,0.6053564877094288,0.02564102564102564,0.3144558193567124,0.6875,0.75,1.0,0.4,1.0,True,0.504041084357636,0.9991655540720962,0.00010066134503689239,0.9858653545379639,11.326738927789375,0.9761904761904762,0.6991561697444051,0.08791208791208792,0.36150439265229073,0.78125,0.8125,1.0,0.6,1.0,True,0.5511028792726048,0.9920436462832461,0.00105694412288737,0.9690659642219543,118.93075874178844,0.9952380952380953,0.7539439892381069,0.18864468864468864,0.4044144340376098,0.8125,0.8125,1.0,0.7,1.0,True,0.5531655160801482,0.9911003846443925,0.0011878038714353302,0.9677454233169556,133.65551934791463,0.9952380952380953,0.7566344625168154,0.19963369963369965,0.4059391563203369,0.8125,0.8125,1.0,0.7,1.0,True,0.6081831958242129,0.9326103795507359,0.010509044421851564,0.8738858699798584,1182.5115440612108,0.9968253968253968,0.8396722514369573,0.4340659340659341,0.44209685616786465,0.875,0.875,1.0,0.8,1.0,XGBoost,fleet,40000,20000,8.73,B_fleet_size,CTT_Traverse,FS-A,1,7,CIDv2_OpelAstra|CIDv2_Prototype|CIDv2_RenaultClio|CTT_Forester|CTT_Impala|CTT_Silverado|ROAD_ORNL
