n_windows,n_pos,pos_rate,roc_auc,pr_auc,n_calib,win_seconds,resolvable@fa1,recall@fa1,precision@fa1,fpr@fa1,thr@fa1,fa_per_hour@fa1,recall[dos]@fa1,recall[fuzzing]@fa1,recall[spoofing]@fa1,recall[timing]@fa1,event_recall@fa1,event_recall[dos]@fa1,event_recall[timing]@fa1,event_recall[spoofing]@fa1,event_recall[fuzzing]@fa1,resolvable@fa10,recall@fa10,precision@fa10,fpr@fa10,thr@fa10,fa_per_hour@fa10,recall[dos]@fa10,recall[fuzzing]@fa10,recall[spoofing]@fa10,recall[timing]@fa10,event_recall@fa10,event_recall[dos]@fa10,event_recall[timing]@fa10,event_recall[spoofing]@fa10,event_recall[fuzzing]@fa10,resolvable@fa100,recall@fa100,precision@fa100,fpr@fa100,thr@fa100,fa_per_hour@fa100,recall[dos]@fa100,recall[fuzzing]@fa100,recall[spoofing]@fa100,recall[timing]@fa100,event_recall@fa100,event_recall[dos]@fa100,event_recall[timing]@fa100,event_recall[spoofing]@fa100,event_recall[fuzzing]@fa100,resolvable@fpr0.001,recall@fpr0.001,precision@fpr0.001,fpr@fpr0.001,thr@fpr0.001,fa_per_hour@fpr0.001,recall[dos]@fpr0.001,recall[fuzzing]@fpr0.001,recall[spoofing]@fpr0.001,recall[timing]@fpr0.001,event_recall@fpr0.001,event_recall[dos]@fpr0.001,event_recall[timing]@fpr0.001,event_recall[spoofing]@fpr0.001,event_recall[fuzzing]@fpr0.001,resolvable@fpr0.01,recall@fpr0.01,precision@fpr0.01,fpr@fpr0.01,thr@fpr0.01,fa_per_hour@fpr0.01,recall[dos]@fpr0.01,recall[fuzzing]@fpr0.01,recall[spoofing]@fpr0.01,recall[timing]@fpr0.01,event_recall@fpr0.01,event_recall[dos]@fpr0.01,event_recall[timing]@fpr0.01,event_recall[spoofing]@fpr0.01,event_recall[fuzzing]@fpr0.01,model,scope,n_train,n_train_pos,fit_s,control,test_domain,feature_set,seed,k,sources
118722,21816,0.18375701217971396,0.8924011328452447,0.832529374158969,96923,0.024890421752929687,False,0.7370737073707371,1.0,0.0,0.9956811422242846,0.0,0.999643461984134,0.9514588859416445,0.0,0.33773784355179703,0.4117647058823529,1.0,0.5,0.0,1.0,True,0.7370737073707371,1.0,0.0,0.9956811422242846,0.0,0.999643461984134,0.9514588859416445,0.0,0.33773784355179703,0.4117647058823529,1.0,0.5,0.0,1.0,True,0.7370737073707371,1.0,0.0,0.9956811422242846,0.0,0.999643461984134,0.9514588859416445,0.0,0.33773784355179703,0.4117647058823529,1.0,0.5,0.0,1.0,True,0.7370737073707371,1.0,0.0,0.9956811422242846,0.0,0.999643461984134,0.9514588859416445,0.0,0.33773784355179703,0.4117647058823529,1.0,0.5,0.0,1.0,True,0.7375320865419875,0.9763349514563107,0.004024518605659093,0.9956811422242845,582.0820203123884,0.999643461984134,0.9514588859416445,0.003286230693394676,0.33773784355179703,0.5,1.0,0.5,0.21428571428571427,1.0,HistGB,fleet,10934,1058,9.14,B_fleet_size,CTT_Silverado,FS-B,0,1,CIDv2_Prototype
118722,21816,0.18375701217971396,0.8903261788171195,0.8629828096126532,96923,0.024890421752929687,False,0.7617803447011368,0.9998796702966127,2.063855695209791e-05,0.43978008627891546,2.985036001601992,0.9997325964881005,0.9103448275862069,0.20966151823858034,0.3522727272727273,0.5882352941176471,1.0,0.6666666666666666,0.2857142857142857,1.0,True,0.768976897689769,0.9995233555767398,8.255422780839164e-05,0.3944748640060425,11.940144006407968,0.9997325964881005,0.9331564986737401,0.22609267170555372,0.35782241014799154,0.5882352941176471,1.0,0.6666666666666666,0.2857142857142857,1.0,True,0.7741565823248991,0.9951682281539096,0.0008461808350360143,0.3760996460914612,122.38647606568166,0.9997325964881005,0.9387267904509283,0.2385803483404535,0.37209302325581395,0.6176470588235294,1.0,0.75,0.2857142857142857,1.0,True,0.7741565823248991,0.9951682281539096,0.0008461808350360143,0.3760996460914612,122.38647606568166,0.9997325964881005,0.9387267904509283,0.2385803483404535,0.37209302325581395,0.6176470588235294,1.0,0.75,0.2857142857142857,1.0,True,0.7782361569490283,0.9417572664743732,0.010835242399851402,0.35408589243888855,1567.143900841046,0.9998217309920671,0.9511936339522546,0.23890897140979298,0.38266384778012685,0.6176470588235294,1.0,0.75,0.2857142857142857,1.0,XGBoost,fleet,10934,1058,3.56,B_fleet_size,CTT_Silverado,FS-B,0,1,CIDv2_Prototype
118722,21816,0.18375701217971396,0.4396790306399774,0.4263056395498346,96923,0.024890421752929687,False,0.30198019801980197,1.0,0.0,26.500000000000004,0.0,0.186558516801854,0.9976127320954907,0.0,0.19397463002114165,0.23529411764705882,0.5,0.16666666666666666,0.0,1.0,True,0.30198019801980197,0.9992416198998938,5.159639238024477e-05,26.5,7.46259000400498,0.186558516801854,0.9976127320954907,0.0,0.19397463002114165,0.23529411764705882,0.5,0.16666666666666666,0.0,1.0,True,0.302026035936927,0.9869682444577591,0.0008977772274162591,25.5,129.84906606968667,0.186558516801854,0.9976127320954907,0.0,0.19423890063424948,0.2647058823529412,0.5,0.25,0.0,1.0,True,0.302026035936927,0.9869682444577591,0.0008977772274162591,25.5,129.84906606968667,0.186558516801854,0.9976127320954907,0.0,0.19423890063424948,0.2647058823529412,0.5,0.25,0.0,1.0,True,0.30363036303630364,0.8745709004489042,0.009803314552246508,24.0,1417.892100760946,0.186558516801854,0.9976127320954907,0.00558659217877095,0.19899577167019028,0.5588235294117647,0.5,0.6666666666666666,0.35714285714285715,1.0,Rule:Combined,fleet,10934,1058,0.26,B_fleet_size,CTT_Silverado,FS-B,0,1,CIDv2_Prototype
118722,21816,0.18375701217971396,0.8924011328452447,0.832529374158969,96923,0.024890421752929687,False,0.7370737073707371,1.0,0.0,0.9956811422242846,0.0,0.999643461984134,0.9514588859416445,0.0,0.33773784355179703,0.4117647058823529,1.0,0.5,0.0,1.0,True,0.7370737073707371,1.0,0.0,0.9956811422242846,0.0,0.999643461984134,0.9514588859416445,0.0,0.33773784355179703,0.4117647058823529,1.0,0.5,0.0,1.0,True,0.7370737073707371,1.0,0.0,0.9956811422242846,0.0,0.999643461984134,0.9514588859416445,0.0,0.33773784355179703,0.4117647058823529,1.0,0.5,0.0,1.0,True,0.7370737073707371,1.0,0.0,0.9956811422242846,0.0,0.999643461984134,0.9514588859416445,0.0,0.33773784355179703,0.4117647058823529,1.0,0.5,0.0,1.0,True,0.7375320865419875,0.9763349514563107,0.004024518605659093,0.9956811422242845,582.0820203123884,0.999643461984134,0.9514588859416445,0.003286230693394676,0.33773784355179703,0.5,1.0,0.5,0.21428571428571427,1.0,HistGB,fleet,10934,1058,7.43,B_fleet_size,CTT_Silverado,FS-B,1,1,CIDv2_Prototype
118722,21816,0.18375701217971396,0.8903261788171195,0.8629828096126532,96923,0.024890421752929687,False,0.7617803447011368,0.9998796702966127,2.063855695209791e-05,0.43978008627891546,2.985036001601992,0.9997325964881005,0.9103448275862069,0.20966151823858034,0.3522727272727273,0.5882352941176471,1.0,0.6666666666666666,0.2857142857142857,1.0,True,0.768976897689769,0.9995233555767398,8.255422780839164e-05,0.3944748640060425,11.940144006407968,0.9997325964881005,0.9331564986737401,0.22609267170555372,0.35782241014799154,0.5882352941176471,1.0,0.6666666666666666,0.2857142857142857,1.0,True,0.7741565823248991,0.9951682281539096,0.0008461808350360143,0.3760996460914612,122.38647606568166,0.9997325964881005,0.9387267904509283,0.2385803483404535,0.37209302325581395,0.6176470588235294,1.0,0.75,0.2857142857142857,1.0,True,0.7741565823248991,0.9951682281539096,0.0008461808350360143,0.3760996460914612,122.38647606568166,0.9997325964881005,0.9387267904509283,0.2385803483404535,0.37209302325581395,0.6176470588235294,1.0,0.75,0.2857142857142857,1.0,True,0.7782361569490283,0.9417572664743732,0.010835242399851402,0.35408589243888855,1567.143900841046,0.9998217309920671,0.9511936339522546,0.23890897140979298,0.38266384778012685,0.6176470588235294,1.0,0.75,0.2857142857142857,1.0,XGBoost,fleet,10934,1058,2.9,B_fleet_size,CTT_Silverado,FS-B,1,1,CIDv2_Prototype
118722,21816,0.18375701217971396,0.4396790306399774,0.4263056395498346,96923,0.024890421752929687,False,0.30198019801980197,1.0,0.0,26.500000000000004,0.0,0.186558516801854,0.9976127320954907,0.0,0.19397463002114165,0.23529411764705882,0.5,0.16666666666666666,0.0,1.0,True,0.30198019801980197,0.9992416198998938,5.159639238024477e-05,26.5,7.46259000400498,0.186558516801854,0.9976127320954907,0.0,0.19397463002114165,0.23529411764705882,0.5,0.16666666666666666,0.0,1.0,True,0.302026035936927,0.9869682444577591,0.0008977772274162591,25.5,129.84906606968667,0.186558516801854,0.9976127320954907,0.0,0.19423890063424948,0.2647058823529412,0.5,0.25,0.0,1.0,True,0.302026035936927,0.9869682444577591,0.0008977772274162591,25.5,129.84906606968667,0.186558516801854,0.9976127320954907,0.0,0.19423890063424948,0.2647058823529412,0.5,0.25,0.0,1.0,True,0.30363036303630364,0.8745709004489042,0.009803314552246508,24.0,1417.892100760946,0.186558516801854,0.9976127320954907,0.00558659217877095,0.19899577167019028,0.5588235294117647,0.5,0.6666666666666666,0.35714285714285715,1.0,Rule:Combined,fleet,10934,1058,0.26,B_fleet_size,CTT_Silverado,FS-B,1,1,CIDv2_Prototype
118722,21816,0.18375701217971396,0.9072464193787617,0.8844584951730725,96923,0.024890421752929687,False,0.6083149981664833,1.0,0.0,0.67357849286434,0.0,0.9992869239682681,0.33978779840848805,0.012816299704239238,0.19556025369978858,0.47058823529411764,1.0,0.3333333333333333,0.2857142857142857,1.0,True,0.6199119911991199,1.0,0.0,0.570420190089196,0.0,0.9998217309920671,0.34350132625994695,0.0874137364442984,0.19714587737843553,0.5,1.0,0.4166666666666667,0.2857142857142857,1.0,True,0.7504125412541254,0.9999389201075006,1.0319278476048955e-05,0.2452955464477057,1.492518000800996,0.9999108654960335,0.9936339522546419,0.19914558001971738,0.21168076109936576,0.6176470588235294,1.0,0.75,0.2857142857142857,1.0,True,0.7515584891822515,0.9993904669023528,0.00010319278476048954,0.21414446133765713,14.92518000800996,0.9999108654960335,0.9936339522546419,0.20243181071311206,0.2156448202959831,0.6176470588235294,1.0,0.75,0.2857142857142857,1.0,True,0.7797029702970297,0.9629755434782609,0.006748808123336016,0.11490316127027819,976.1067725238513,1.0,0.9936339522546419,0.27407163982911603,0.3200317124735729,0.7352941176470589,1.0,1.0,0.35714285714285715,1.0,HistGB,fleet,17309,864,8.95,B_fleet_size,CTT_Silverado,FS-B,0,1,CIDv2_RenaultClio
118722,21816,0.18375701217971396,0.9424149924933398,0.9004676445641774,96923,0.024890421752929687,False,0.7488540520718738,1.0,0.0,0.03746947646141053,0.0,0.9953650057937428,0.9936339522546419,0.20571804140650674,0.21088794926004228,0.6470588235294118,1.0,0.75,0.35714285714285715,1.0,True,0.7538045471213788,0.999878397276099,2.063855695209791e-05,0.028347764164209366,2.985036001601992,0.9998217309920671,0.9936339522546419,0.21459086427867236,0.2190803382663848,0.6470588235294118,1.0,0.75,0.35714285714285715,1.0,True,0.7642555922258892,0.9959381160026283,0.0007017109363713289,0.014270942658185959,101.49122405446772,0.9999108654960335,0.9936339522546419,0.26026947091685837,0.24233615221987315,0.7352941176470589,1.0,0.8333333333333334,0.5,1.0,True,0.767005867253392,0.9938821572820147,0.0010628856830330424,0.013160835951566696,153.7293540825026,0.9999108654960335,0.9936339522546419,0.2701281629970424,0.2502642706131078,0.7647058823529411,1.0,0.8333333333333334,0.5714285714285714,1.0,True,0.7945544554455446,0.9378347670832657,0.011856850968980249,0.0068211983889341354,1714.9031829203443,0.9999108654960335,0.9936339522546419,0.3591850147880381,0.33747357293868924,0.8235294117647058,1.0,0.9166666666666666,0.6428571428571429,1.0,XGBoost,fleet,17309,864,3.14,B_fleet_size,CTT_Silverado,FS-B,0,1,CIDv2_RenaultClio
118722,21816,0.18375701217971396,0.9971374836619937,0.9912254018478434,96923,0.024890421752929687,False,0.8034470113678035,1.0,0.0,31250.000000000004,0.0,1.0,0.8480106100795756,0.6033519553072626,0.3372093023255814,0.7352941176470589,1.0,0.8333333333333334,0.6428571428571429,0.5,True,0.9197378071140447,0.9999501644572909,1.0319278476048955e-05,31250.0,1.492518000800996,1.0,0.8482758620689655,0.8879395333552416,0.7785412262156448,0.8529411764705882,1.0,0.9166666666666666,0.8571428571428571,0.5,True,0.9197378071140447,0.9999501644572909,1.0319278476048955e-05,31250.0,1.492518000800996,1.0,0.8482758620689655,0.8879395333552416,0.7785412262156448,0.8529411764705882,1.0,0.9166666666666666,0.8571428571428571,0.5,True,0.9197378071140447,0.9999501644572909,1.0319278476048955e-05,31250.0,1.492518000800996,1.0,0.8482758620689655,0.8879395333552416,0.7785412262156448,0.8529411764705882,1.0,0.9166666666666666,0.8571428571428571,0.5,True,0.9197378071140447,0.9999501644572909,1.0319278476048955e-05,31250.0,1.492518000800996,1.0,0.8482758620689655,0.8879395333552416,0.7785412262156448,0.8529411764705882,1.0,0.9166666666666666,0.8571428571428571,0.5,Rule:Combined,fleet,17309,864,0.29,B_fleet_size,CTT_Silverado,FS-B,0,1,CIDv2_RenaultClio
118722,21816,0.18375701217971396,0.9072464193787617,0.8844584951730725,96923,0.024890421752929687,False,0.6083149981664833,1.0,0.0,0.67357849286434,0.0,0.9992869239682681,0.33978779840848805,0.012816299704239238,0.19556025369978858,0.47058823529411764,1.0,0.3333333333333333,0.2857142857142857,1.0,True,0.6199119911991199,1.0,0.0,0.570420190089196,0.0,0.9998217309920671,0.34350132625994695,0.0874137364442984,0.19714587737843553,0.5,1.0,0.4166666666666667,0.2857142857142857,1.0,True,0.7504125412541254,0.9999389201075006,1.0319278476048955e-05,0.2452955464477057,1.492518000800996,0.9999108654960335,0.9936339522546419,0.19914558001971738,0.21168076109936576,0.6176470588235294,1.0,0.75,0.2857142857142857,1.0,True,0.7515584891822515,0.9993904669023528,0.00010319278476048954,0.21414446133765713,14.92518000800996,0.9999108654960335,0.9936339522546419,0.20243181071311206,0.2156448202959831,0.6176470588235294,1.0,0.75,0.2857142857142857,1.0,True,0.7797029702970297,0.9629755434782609,0.006748808123336016,0.11490316127027819,976.1067725238513,1.0,0.9936339522546419,0.27407163982911603,0.3200317124735729,0.7352941176470589,1.0,1.0,0.35714285714285715,1.0,HistGB,fleet,17309,864,8.22,B_fleet_size,CTT_Silverado,FS-B,1,1,CIDv2_RenaultClio
118722,21816,0.18375701217971396,0.9424149924933398,0.9004676445641774,96923,0.024890421752929687,False,0.7488540520718738,1.0,0.0,0.03746947646141053,0.0,0.9953650057937428,0.9936339522546419,0.20571804140650674,0.21088794926004228,0.6470588235294118,1.0,0.75,0.35714285714285715,1.0,True,0.7538045471213788,0.999878397276099,2.063855695209791e-05,0.028347764164209366,2.985036001601992,0.9998217309920671,0.9936339522546419,0.21459086427867236,0.2190803382663848,0.6470588235294118,1.0,0.75,0.35714285714285715,1.0,True,0.7642555922258892,0.9959381160026283,0.0007017109363713289,0.014270942658185959,101.49122405446772,0.9999108654960335,0.9936339522546419,0.26026947091685837,0.24233615221987315,0.7352941176470589,1.0,0.8333333333333334,0.5,1.0,True,0.767005867253392,0.9938821572820147,0.0010628856830330424,0.013160835951566696,153.7293540825026,0.9999108654960335,0.9936339522546419,0.2701281629970424,0.2502642706131078,0.7647058823529411,1.0,0.8333333333333334,0.5714285714285714,1.0,True,0.7945544554455446,0.9378347670832657,0.011856850968980249,0.0068211983889341354,1714.9031829203443,0.9999108654960335,0.9936339522546419,0.3591850147880381,0.33747357293868924,0.8235294117647058,1.0,0.9166666666666666,0.6428571428571429,1.0,XGBoost,fleet,17309,864,3.69,B_fleet_size,CTT_Silverado,FS-B,1,1,CIDv2_RenaultClio
118722,21816,0.18375701217971396,0.9971374836619937,0.9912254018478434,96923,0.024890421752929687,False,0.8034470113678035,1.0,0.0,31250.000000000004,0.0,1.0,0.8480106100795756,0.6033519553072626,0.3372093023255814,0.7352941176470589,1.0,0.8333333333333334,0.6428571428571429,0.5,True,0.9197378071140447,0.9999501644572909,1.0319278476048955e-05,31250.0,1.492518000800996,1.0,0.8482758620689655,0.8879395333552416,0.7785412262156448,0.8529411764705882,1.0,0.9166666666666666,0.8571428571428571,0.5,True,0.9197378071140447,0.9999501644572909,1.0319278476048955e-05,31250.0,1.492518000800996,1.0,0.8482758620689655,0.8879395333552416,0.7785412262156448,0.8529411764705882,1.0,0.9166666666666666,0.8571428571428571,0.5,True,0.9197378071140447,0.9999501644572909,1.0319278476048955e-05,31250.0,1.492518000800996,1.0,0.8482758620689655,0.8879395333552416,0.7785412262156448,0.8529411764705882,1.0,0.9166666666666666,0.8571428571428571,0.5,True,0.9197378071140447,0.9999501644572909,1.0319278476048955e-05,31250.0,1.492518000800996,1.0,0.8482758620689655,0.8879395333552416,0.7785412262156448,0.8529411764705882,1.0,0.9166666666666666,0.8571428571428571,0.5,Rule:Combined,fleet,17309,864,0.26,B_fleet_size,CTT_Silverado,FS-B,1,1,CIDv2_RenaultClio
118722,21816,0.18375701217971396,0.9935256025688562,0.9904147328960874,96923,0.024890421752929687,False,0.0,0.0,0.0,0.9999445129600505,0.0,0.0,0.0,0.0,0.0,0.0,0.0,0.0,0.0,0.0,True,0.6208745874587459,0.9996309963099631,5.159639238024477e-05,0.9999072031388789,7.46259000400498,0.7743114359568589,0.3159151193633952,0.5695037791652974,0.5110993657505285,0.7647058823529411,1.0,0.8333333333333334,0.6428571428571429,0.75,True,0.9251008434176751,0.9960517224360873,0.0008255422780839163,0.9995864873845323,119.40144006407968,0.9527587128977627,0.8578249336870026,0.8922116332566546,0.9365750528541226,0.9705882352941176,1.0,1.0,0.9285714285714286,1.0,True,0.9294554455445545,0.9943117736478203,0.0011970363032216787,0.9995538058419894,173.13208809291555,0.9557892860326233,0.86657824933687,0.898126848504765,0.9392177589852009,0.9705882352941176,1.0,1.0,0.9285714285714286,1.0,True,0.9843692702603594,0.9532158551200675,0.010876519513755598,0.9973166994652345,1573.11397284425,0.9999108654960335,0.9928381962864722,0.9227735787052251,0.9793868921775899,0.9705882352941176,1.0,1.0,0.9285714285714286,1.0,HistGB,fleet,40000,20000,11.63,B_fleet_size,CTT_Silverado,FS-B,0,1,CTT_Forester
118722,21816,0.18375701217971396,0.9936428110018055,0.9899605695147387,96923,0.024890421752929687,False,0.4868903557022369,0.9998117469879518,2.063855695209791e-05,0.999990224838257,2.985036001601992,0.7092432480613245,0.15517241379310345,0.34045349983568846,0.2758985200845666,0.7058823529411765,1.0,0.75,0.6428571428571429,0.5,True,0.6353135313531353,0.9992790194664743,0.00010319278476048954,0.9999841451644897,14.92518000800996,0.825742044745521,0.30238726790450926,0.5050936575747618,0.5071353065539113,0.7941176470588235,1.0,0.75,0.7142857142857143,1.0,True,0.8773835716905024,0.995630689206762,0.0008668193919881122,0.9999204874038696,125.37151206728366,0.9411712273821197,0.753580901856764,0.8324022346368715,0.8477801268498943,0.9411764705882353,1.0,1.0,0.8571428571428571,1.0,True,0.8915474880821416,0.9945288132126604,0.001104162796937238,0.9999076128005981,159.69942608570656,0.9519565023620643,0.7803713527851459,0.8429181728557344,0.8623150105708245,0.9411764705882353,1.0,1.0,0.8571428571428571,1.0,True,0.9734598459845984,0.9519476444484288,0.01106226652632448,0.9994872808456421,1599.9792968586676,0.9990195204563687,0.953315649867374,0.9175156095957936,0.962737843551797,0.9705882352941176,1.0,1.0,0.9285714285714286,1.0,XGBoost,fleet,40000,20000,4.95,B_fleet_size,CTT_Silverado,FS-B,0,1,CTT_Forester
118722,21816,0.18375701217971396,0.9984232004368442,0.9922673886966765,96923,0.024890421752929687,False,0.8034470113678035,1.0,0.0,31250.000000000004,0.0,1.0,0.8480106100795756,0.6033519553072626,0.3372093023255814,0.7352941176470589,1.0,0.8333333333333334,0.6428571428571429,0.5,True,0.9197378071140447,0.9999501644572909,1.0319278476048955e-05,31250.0,1.492518000800996,1.0,0.8482758620689655,0.8879395333552416,0.7785412262156448,0.8529411764705882,1.0,0.9166666666666666,0.8571428571428571,0.5,True,0.9197378071140447,0.9999501644572909,1.0319278476048955e-05,31250.0,1.492518000800996,1.0,0.8482758620689655,0.8879395333552416,0.7785412262156448,0.8529411764705882,1.0,0.9166666666666666,0.8571428571428571,0.5,True,0.9197378071140447,0.9999501644572909,1.0319278476048955e-05,31250.0,1.492518000800996,1.0,0.8482758620689655,0.8879395333552416,0.7785412262156448,0.8529411764705882,1.0,0.9166666666666666,0.8571428571428571,0.5,True,0.9197378071140447,0.9999501644572909,1.0319278476048955e-05,31250.0,1.492518000800996,1.0,0.8482758620689655,0.8879395333552416,0.7785412262156448,0.8529411764705882,1.0,0.9166666666666666,0.8571428571428571,0.5,Rule:Combined,fleet,40000,20000,0.27,B_fleet_size,CTT_Silverado,FS-B,0,1,CTT_Forester
118722,21816,0.18375701217971396,0.991184521037255,0.9643639678874778,96923,0.024890421752929687,False,0.005454712137880455,1.0,0.0,0.9999771435663677,0.0,8.913450396648542e-05,0.003183023872679045,0.014130791981597108,0.016649048625792813,0.38235294117647056,0.25,0.5,0.35714285714285715,0.25,True,0.024614961496149616,0.9871323529411765,7.223494933234268e-05,0.9999760503935198,10.44762600560697,0.0002674035118994563,0.06551724137931035,0.055865921787709494,0.03091966173361522,0.5882352941176471,0.25,0.6666666666666666,0.6428571428571429,0.5,True,0.17092959295929594,0.9849445324881141,0.0005881988731347904,0.9999727153815903,85.07352604565676,0.0024957661110615917,0.29787798408488064,0.3637857377587907,0.38874207188160675,0.7352941176470589,0.5,0.8333333333333334,0.7142857142857143,0.75,True,0.18656032269893655,0.9809592672933237,0.0008152229996078674,0.9999714322565413,117.90892206327867,0.0024957661110615917,0.32891246684350134,0.39730529083141636,0.4209830866807611,0.8235294117647058,0.5,1.0,0.7142857142857143,1.0,True,0.9201503483681701,0.9492150557972385,0.011082905083276577,0.9995933344115537,1602.9643328602697,0.9470541046439076,0.9557029177718833,0.7279000985869208,0.9595665961945031,0.9411764705882353,1.0,1.0,0.8571428571428571,1.0,HistGB,fleet,40000,20000,10.86,B_fleet_size,CTT_Silverado,FS-B,1,1,CTT_Forester
118722,21816,0.18375701217971396,0.9917881240918551,0.9772464718354874,96923,0.024890421752929687,False,0.07288228822882288,1.0,0.0,0.9999966621398927,0.0,0.010696140475978251,0.10848806366047746,0.16924088070982582,0.14429175475687103,0.5882352941176471,0.5,0.6666666666666666,0.5,0.75,True,0.2027869453612028,0.997744700045106,0.00010319278476048954,0.9999947547912598,14.92518000800996,0.08770835190302166,0.3427055702917772,0.2875451856720342,0.33641649048625794,0.7941176470588235,1.0,1.0,0.5,1.0,True,0.43197653098643196,0.9926269222666948,0.0007223494933234269,0.99998939037323,104.47626005606972,0.3462875479097959,0.5358090185676393,0.462372658560631,0.5581395348837209,0.8823529411764706,1.0,1.0,0.7142857142857143,1.0,True,0.4852860286028603,0.9897167430120595,0.001135120632365385,0.9999872446060181,164.17698008810956,0.4109991977894643,0.5681697612732095,0.5119947420308906,0.6014799154334038,0.8823529411764706,1.0,1.0,0.7142857142857143,1.0,True,0.9402273560689403,0.952717138875987,0.010505025488617837,0.9998824596405029,1519.383324815414,0.9715660932346911,0.9490716180371352,0.8100558659217877,0.9431818181818182,0.9411764705882353,1.0,1.0,0.8571428571428571,1.0,XGBoost,fleet,40000,20000,5.52,B_fleet_size,CTT_Silverado,FS-B,1,1,CTT_Forester
118722,21816,0.18375701217971396,0.9984174093236069,0.9922617185915079,96923,0.024890421752929687,False,0.8034470113678035,1.0,0.0,31250.000000000004,0.0,1.0,0.8480106100795756,0.6033519553072626,0.3372093023255814,0.7352941176470589,1.0,0.8333333333333334,0.6428571428571429,0.5,True,0.9197378071140447,0.9999501644572909,1.0319278476048955e-05,31250.0,1.492518000800996,1.0,0.8482758620689655,0.8879395333552416,0.7785412262156448,0.8529411764705882,1.0,0.9166666666666666,0.8571428571428571,0.5,True,0.9197378071140447,0.9999501644572909,1.0319278476048955e-05,31250.0,1.492518000800996,1.0,0.8482758620689655,0.8879395333552416,0.7785412262156448,0.8529411764705882,1.0,0.9166666666666666,0.8571428571428571,0.5,True,0.9197378071140447,0.9999501644572909,1.0319278476048955e-05,31250.0,1.492518000800996,1.0,0.8482758620689655,0.8879395333552416,0.7785412262156448,0.8529411764705882,1.0,0.9166666666666666,0.8571428571428571,0.5,True,0.9197378071140447,0.9999501644572909,1.0319278476048955e-05,31250.0,1.492518000800996,1.0,0.8482758620689655,0.8879395333552416,0.7785412262156448,0.8529411764705882,1.0,0.9166666666666666,0.8571428571428571,0.5,Rule:Combined,fleet,40000,20000,0.26,B_fleet_size,CTT_Silverado,FS-B,1,1,CTT_Forester
118722,21816,0.18375701217971396,0.9986761800367393,0.9972790434260657,96923,0.024890421752929687,False,0.43683535020168685,1.0,0.0,0.9999841046939241,0.0,0.7959711204207148,0.003183023872679045,0.07656917515609596,0.09381606765327695,0.7941176470588235,1.0,1.0,0.5,1.0,True,0.5903923725705904,0.9993017301574987,9.287350628444059e-05,0.9999810035586018,13.432662007208963,0.8721811213120599,0.193368700265252,0.2875451856720342,0.3940274841437632,0.8823529411764706,1.0,1.0,0.7142857142857143,1.0,True,0.986982031536487,0.9947793947793948,0.0011660784677935319,0.9983238085722621,168.65453409051253,1.0,0.9962864721485412,0.9181728557344726,0.9944503171247357,1.0,1.0,1.0,1.0,1.0,True,0.9873945727906124,0.9934969098791624,0.0014550182651229026,0.9972507729642113,210.44503811294044,1.0,0.9962864721485412,0.9208018402891883,0.9947145877378436,1.0,1.0,1.0,1.0,1.0,True,0.9931701503483682,0.9587592371343865,0.009617567539677626,0.9013683505155672,1391.0267767465284,1.0,0.9976127320954907,0.9572790009858692,0.9973572938689218,1.0,1.0,1.0,1.0,1.0,HistGB,fleet,40000,12610,18.48,B_fleet_size,CTT_Silverado,FS-B,0,1,CTT_Impala
118722,21816,0.18375701217971396,0.9987603110574887,0.9970559411758961,96923,0.024890421752929687,False,0.18055555555555555,0.999746192893401,1.0319278476048955e-05,0.9999672174453736,1.492518000800996,0.22863000267403513,0.3026525198938992,0.045021360499507064,0.02536997885835095,0.7941176470588235,1.0,0.8333333333333334,0.6428571428571429,1.0,True,0.3087183718371837,0.9997031319578448,2.063855695209791e-05,0.9999526739120483,2.985036001601992,0.39237008646046884,0.440053050397878,0.1219191587249425,0.0800739957716702,0.8823529411764706,1.0,1.0,0.7142857142857143,1.0,True,0.9824899156582325,0.9949865379259122,0.0011144820754132871,0.9992934465408325,161.19194408650756,0.9989303859524021,0.9830238726790451,0.9221163325665461,0.9817653276955602,1.0,1.0,1.0,1.0,1.0,True,0.9866153281994866,0.9934918070620817,0.0014550182651229026,0.9988998174667358,210.44503811294044,0.9999108654960335,0.9915119363395225,0.9303319093000328,0.9875792811839323,1.0,1.0,1.0,1.0,1.0,True,0.9934451778511184,0.9591520623119136,0.009524694033393186,0.9679811596870422,1377.5941147393194,1.0,0.9970822281167109,0.9615511008872822,0.9960359408033826,1.0,1.0,1.0,1.0,1.0,XGBoost,fleet,40000,12610,6.3,B_fleet_size,CTT_Silverado,FS-B,0,1,CTT_Impala
118722,21816,0.18375701217971396,0.998169857089005,0.9918574807906637,96923,0.024890421752929687,False,0.8034470113678035,1.0,0.0,31250.000000000004,0.0,1.0,0.8480106100795756,0.6033519553072626,0.3372093023255814,0.7352941176470589,1.0,0.8333333333333334,0.6428571428571429,0.5,True,0.9197378071140447,0.9999501644572909,1.0319278476048955e-05,31250.0,1.492518000800996,1.0,0.8482758620689655,0.8879395333552416,0.7785412262156448,0.8529411764705882,1.0,0.9166666666666666,0.8571428571428571,0.5,True,0.9197378071140447,0.9999501644572909,1.0319278476048955e-05,31250.0,1.492518000800996,1.0,0.8482758620689655,0.8879395333552416,0.7785412262156448,0.8529411764705882,1.0,0.9166666666666666,0.8571428571428571,0.5,True,0.9197378071140447,0.9999501644572909,1.0319278476048955e-05,31250.0,1.492518000800996,1.0,0.8482758620689655,0.8879395333552416,0.7785412262156448,0.8529411764705882,1.0,0.9166666666666666,0.8571428571428571,0.5,True,0.9197378071140447,0.9999501644572909,1.0319278476048955e-05,31250.0,1.492518000800996,1.0,0.8482758620689655,0.8879395333552416,0.7785412262156448,0.8529411764705882,1.0,0.9166666666666666,0.8571428571428571,0.5,Rule:Combined,fleet,40000,12610,0.3,B_fleet_size,CTT_Silverado,FS-B,0,1,CTT_Impala
118722,21816,0.18375701217971396,0.9989243701310327,0.9974546399578447,96923,0.024890421752929687,False,0.38499266593326,0.9996429421566294,3.095783542814686e-05,0.9999862437759803,4.477554002402988,0.6310722880827169,0.12944297082228118,0.11666118961551102,0.12579281183932348,0.7647058823529411,1.0,0.9166666666666666,0.6428571428571429,0.5,True,0.4735515218188486,0.999516253869969,5.159639238024477e-05,0.9999809007039685,7.46259000400498,0.7054104643907657,0.2554376657824934,0.15708182714426552,0.25792811839323465,0.8235294117647058,1.0,1.0,0.6428571428571429,0.75,True,0.9845526219288595,0.9940759938908686,0.0013208676449342662,0.9996745619420995,191.04230410252748,1.0,0.9962864721485412,0.9046993098915543,0.9912790697674418,1.0,1.0,1.0,1.0,1.0,True,0.9895489548954896,0.9923236037692484,0.0017233195055001754,0.998583491864336,249.25050613376632,1.0,0.9962864721485412,0.9365757476174827,0.9944503171247357,1.0,1.0,1.0,1.0,1.0,True,0.9941327466079941,0.9576544354660661,0.009896188058530948,0.9523761192146726,1431.324762768155,1.0,0.9978779840848806,0.9645087085113375,0.9968287526427061,1.0,1.0,1.0,1.0,1.0,HistGB,fleet,40000,12610,16.88,B_fleet_size,CTT_Silverado,FS-B,1,1,CTT_Impala
118722,21816,0.18375701217971396,0.9985523262268509,0.9954440056279329,96923,0.024890421752929687,False,0.11404473780711405,0.9983948635634029,4.127711390419582e-05,0.9999642372131349,5.970072003203984,0.09893929940279882,0.33262599469496024,0.034176799211304634,0.005285412262156448,0.5882352941176471,1.0,0.5833333333333334,0.5,0.5,True,0.32402823615694903,0.9981643603501835,0.0001341506201886364,0.9999452829360962,19.402734010412946,0.4364916659238791,0.429973474801061,0.11501807426881368,0.0531183932346723,0.7647058823529411,1.0,0.8333333333333334,0.6428571428571429,0.75,True,0.9634213421342134,0.994511214157282,0.0011970363032216787,0.9988973140716553,173.13208809291555,0.9967911578572065,0.9870026525198939,0.7831087742359514,0.9859936575052854,1.0,1.0,1.0,1.0,1.0,True,0.9834066740007334,0.993424708279311,0.0014653375435989516,0.9981708526611328,211.93755611374144,0.9992869239682681,0.993368700265252,0.9056851790995728,0.9889006342494715,1.0,1.0,1.0,1.0,1.0,True,0.9925284195086175,0.9599663060826388,0.009318308463872205,0.9754496216773987,1347.7437547232992,1.0,0.996551724137931,0.9572790009858692,0.9947145877378436,1.0,1.0,1.0,1.0,1.0,XGBoost,fleet,40000,12610,5.74,B_fleet_size,CTT_Silverado,FS-B,1,1,CTT_Impala
118722,21816,0.18375701217971396,0.9981696759245542,0.9918680310427633,96923,0.024890421752929687,False,0.8034470113678035,1.0,0.0,31250.000000000004,0.0,1.0,0.8480106100795756,0.6033519553072626,0.3372093023255814,0.7352941176470589,1.0,0.8333333333333334,0.6428571428571429,0.5,True,0.9197378071140447,0.9999501644572909,1.0319278476048955e-05,31250.0,1.492518000800996,1.0,0.8482758620689655,0.8879395333552416,0.7785412262156448,0.8529411764705882,1.0,0.9166666666666666,0.8571428571428571,0.5,True,0.9197378071140447,0.9999501644572909,1.0319278476048955e-05,31250.0,1.492518000800996,1.0,0.8482758620689655,0.8879395333552416,0.7785412262156448,0.8529411764705882,1.0,0.9166666666666666,0.8571428571428571,0.5,True,0.9197378071140447,0.9999501644572909,1.0319278476048955e-05,31250.0,1.492518000800996,1.0,0.8482758620689655,0.8879395333552416,0.7785412262156448,0.8529411764705882,1.0,0.9166666666666666,0.8571428571428571,0.5,True,0.9197378071140447,0.9999501644572909,1.0319278476048955e-05,31250.0,1.492518000800996,1.0,0.8482758620689655,0.8879395333552416,0.7785412262156448,0.8529411764705882,1.0,0.9166666666666666,0.8571428571428571,0.5,Rule:Combined,fleet,40000,12610,0.3,B_fleet_size,CTT_Silverado,FS-B,1,1,CTT_Impala
118722,21816,0.18375701217971396,0.9979974228254765,0.9903429295788245,96923,0.024890421752929687,False,0.03987898789878988,1.0,0.0,0.9999550008723851,0.0,0.0,0.23076923076923078,0.0,0.0,0.08823529411764706,0.0,0.0,0.0,0.75,True,0.03987898789878988,1.0,0.0,0.9999550008723851,0.0,0.0,0.23076923076923078,0.0,0.0,0.08823529411764706,0.0,0.0,0.0,0.75,True,0.8228822882288229,0.9937448104068641,0.0011660784677935319,0.9997519141082924,168.65453409051253,0.7441839736161868,0.9893899204244032,0.700624383831745,0.9886363636363636,0.8823529411764706,1.0,1.0,0.7142857142857143,1.0,True,0.9627337733773378,0.9931435596746737,0.0014962953790270985,0.9991639235355895,216.4151101161444,0.9980390409127373,0.9946949602122016,0.7581334209661518,0.9907505285412262,1.0,1.0,1.0,1.0,1.0,True,0.9913366336633663,0.9581339712918661,0.009751718159866262,0.9954079215185918,1410.429510756941,1.0,0.9960212201591512,0.9503779165297404,0.99392177589852,1.0,1.0,1.0,1.0,1.0,HistGB,fleet,40000,20000,11.99,B_fleet_size,CTT_Silverado,FS-B,0,1,CTT_Traverse
118722,21816,0.18375701217971396,0.9983020331112838,0.9940347554679382,96923,0.024890421752929687,False,0.3893014301430143,0.99882394449018,0.00010319278476048954,0.9999729394912721,14.92518000800996,0.45645779481237186,0.6795755968169761,0.10515938218862964,0.12949260042283298,0.8529411764705882,1.0,0.9166666666666666,0.7142857142857143,1.0,True,0.45704987165383204,0.9984978970558782,0.00015478917714073433,0.9999672174453735,22.38777001201494,0.5232195382832695,0.7153846153846154,0.19355898784094644,0.21538054968287526,0.8823529411764706,1.0,1.0,0.7142857142857143,1.0,True,0.8023469013568023,0.9936421435059037,0.0011557591893174828,0.9997838139533997,167.16201608971153,0.746412336215349,0.9297082228116711,0.7334866907656917,0.8966701902748414,0.9117647058823529,1.0,1.0,0.7857142857142857,1.0,True,0.851897689768977,0.9922584089695675,0.0014962953790270985,0.9996565580368042,216.4151101161444,0.8086282199839558,0.9663129973474801,0.7456457443312521,0.9516384778012685,0.9411764705882353,1.0,1.0,0.8571428571428571,1.0,True,0.9847359735973598,0.9558620689655173,0.010236724248240563,0.9973921775817871,1480.577856794588,1.0,0.996551724137931,0.9010844561288203,0.9949788583509513,1.0,1.0,1.0,1.0,1.0,XGBoost,fleet,40000,20000,5.75,B_fleet_size,CTT_Silverado,FS-B,0,1,CTT_Traverse
118722,21816,0.18375701217971396,0.9985027640321734,0.9922937302122832,96923,0.024890421752929687,False,0.8034470113678035,1.0,0.0,31250.000000000004,0.0,1.0,0.8480106100795756,0.6033519553072626,0.3372093023255814,0.7352941176470589,1.0,0.8333333333333334,0.6428571428571429,0.5,True,0.9197378071140447,0.9999501644572909,1.0319278476048955e-05,31250.0,1.492518000800996,1.0,0.8482758620689655,0.8879395333552416,0.7785412262156448,0.8529411764705882,1.0,0.9166666666666666,0.8571428571428571,0.5,True,0.9197378071140447,0.9999501644572909,1.0319278476048955e-05,31250.0,1.492518000800996,1.0,0.8482758620689655,0.8879395333552416,0.7785412262156448,0.8529411764705882,1.0,0.9166666666666666,0.8571428571428571,0.5,True,0.9197378071140447,0.9999501644572909,1.0319278476048955e-05,31250.0,1.492518000800996,1.0,0.8482758620689655,0.8879395333552416,0.7785412262156448,0.8529411764705882,1.0,0.9166666666666666,0.8571428571428571,0.5,True,0.9197378071140447,0.9999501644572909,1.0319278476048955e-05,31250.0,1.492518000800996,1.0,0.8482758620689655,0.8879395333552416,0.7785412262156448,0.8529411764705882,1.0,0.9166666666666666,0.8571428571428571,0.5,Rule:Combined,fleet,40000,20000,0.29,B_fleet_size,CTT_Silverado,FS-B,0,1,CTT_Traverse
118722,21816,0.18375701217971396,0.9983302992592271,0.994651021253485,96923,0.024890421752929687,False,0.0,0.0,0.0,0.999858123961275,0.0,0.0,0.0,0.0,0.0,0.0,0.0,0.0,0.0,0.0,True,0.3171983865053172,0.9975493729277786,0.00017542773409283223,0.999854252255191,25.37280601361693,0.40538372403957573,0.2,0.319750246467302,0.17045454545454544,0.7058823529411765,0.5,0.8333333333333334,0.7142857142857143,0.5,True,0.9665841584158416,0.9941539767101976,0.0012795905310300703,0.9992266396713179,185.0722320993235,0.996523754345307,0.9915119363395225,0.8353598422609267,0.9585095137420718,1.0,1.0,1.0,1.0,1.0,True,0.9884488448844885,0.9923151258570705,0.0017233195055001754,0.9921587202259634,249.25050613376632,1.0,0.9946949602122016,0.9355898784094644,0.9904862579281184,1.0,1.0,1.0,1.0,1.0,True,0.9932618261826183,0.9576612012197817,0.009885868780054898,0.9215659205381486,1429.832244767354,1.0,0.996551724137931,0.9612224778179428,0.9957716701902748,1.0,1.0,1.0,1.0,1.0,HistGB,fleet,40000,20000,9.65,B_fleet_size,CTT_Silverado,FS-B,1,1,CTT_Traverse
118722,21816,0.18375701217971396,0.9987465491814354,0.9968313082263024,96923,0.024890421752929687,False,0.2741107444077741,1.0,0.0,0.9999830722808839,0.0,0.35038773509225424,0.520159151193634,0.014788038120276044,0.011363636363636364,0.47058823529411764,0.75,0.5,0.35714285714285715,0.5,True,0.6408599193252659,0.9987141938709908,0.00018574701256888118,0.9999415874481201,26.865324014417926,0.8013191906587039,0.8241379310344827,0.30299046993098916,0.25422832980972515,0.9117647058823529,1.0,1.0,0.7857142857142857,1.0,True,0.9757059039237257,0.9948123568724587,0.001145439910841434,0.9992794394493103,165.66949808891056,0.9986629824405027,0.9883289124668435,0.8820243181071311,0.9704016913319239,1.0,1.0,1.0,1.0,1.0,True,0.9858819215254859,0.9932575967488686,0.0015066146575031473,0.9987003803253174,217.90762811694538,1.0,0.9941644562334218,0.9214590864278672,0.9875792811839323,1.0,1.0,1.0,1.0,1.0,True,0.9928492849284929,0.9581103198124474,0.00977235671681836,0.9799441695213318,1413.414546758543,1.0,0.9962864721485412,0.9582648701938876,0.9960359408033826,1.0,1.0,1.0,1.0,1.0,XGBoost,fleet,40000,20000,5.5,B_fleet_size,CTT_Silverado,FS-B,1,1,CTT_Traverse
118722,21816,0.18375701217971396,0.9984951099523851,0.9922885192035409,96923,0.024890421752929687,False,0.8034470113678035,1.0,0.0,31250.000000000004,0.0,1.0,0.8480106100795756,0.6033519553072626,0.3372093023255814,0.7352941176470589,1.0,0.8333333333333334,0.6428571428571429,0.5,True,0.9197378071140447,0.9999501644572909,1.0319278476048955e-05,31250.0,1.492518000800996,1.0,0.8482758620689655,0.8879395333552416,0.7785412262156448,0.8529411764705882,1.0,0.9166666666666666,0.8571428571428571,0.5,True,0.9197378071140447,0.9999501644572909,1.0319278476048955e-05,31250.0,1.492518000800996,1.0,0.8482758620689655,0.8879395333552416,0.7785412262156448,0.8529411764705882,1.0,0.9166666666666666,0.8571428571428571,0.5,True,0.9197378071140447,0.9999501644572909,1.0319278476048955e-05,31250.0,1.492518000800996,1.0,0.8482758620689655,0.8879395333552416,0.7785412262156448,0.8529411764705882,1.0,0.9166666666666666,0.8571428571428571,0.5,True,0.9197378071140447,0.9999501644572909,1.0319278476048955e-05,31250.0,1.492518000800996,1.0,0.8482758620689655,0.8879395333552416,0.7785412262156448,0.8529411764705882,1.0,0.9166666666666666,0.8571428571428571,0.5,Rule:Combined,fleet,40000,20000,0.26,B_fleet_size,CTT_Silverado,FS-B,1,1,CTT_Traverse
118722,21816,0.18375701217971396,0.997559363163079,0.9935451452643272,96923,0.024890421752929687,False,0.33525852585258525,1.0,0.0,0.9999681958520529,0.0,0.21971655227738657,0.8129973474801061,0.13144922773578704,0.3657505285412262,0.7058823529411765,0.5,0.9166666666666666,0.5,1.0,True,0.6078107810781078,0.9993217273343884,9.287350628444059e-05,0.99994377739436,13.432662007208963,0.5267849184419289,0.980106100795756,0.2671705553729872,0.7510570824524313,0.7941176470588235,0.5,1.0,0.6428571428571429,1.0,True,0.8217363403006968,0.9950047177665539,0.0009287350628444059,0.9973462357215989,134.32662007208964,0.7432034940725555,0.9944297082228116,0.7200131449227736,0.9643234672304439,0.8823529411764706,1.0,1.0,0.7142857142857143,1.0,True,0.8246241290795746,0.9927160357576427,0.001362144758838462,0.9958939087151025,197.01237610573145,0.7435600320884215,0.9944297082228116,0.7311863292803155,0.9709302325581395,0.8823529411764706,1.0,1.0,0.7142857142857143,1.0,True,0.9806105610561056,0.9554285203876558,0.010298639919096856,0.9208454133573473,1489.532964799394,1.0,0.996551724137931,0.8731514952349655,0.9936575052854123,0.9705882352941176,1.0,1.0,0.9285714285714286,1.0,HistGB,fleet,40000,20000,22.68,B_fleet_size,CTT_Silverado,FS-B,0,2,CIDv2_OpelAstra|CTT_Traverse
118722,21816,0.18375701217971396,0.9968338565362669,0.9914634231677312,96923,0.024890421752929687,False,0.2958379171250458,0.9998450813323005,1.0319278476048955e-05,0.9999670982360841,1.492518000800996,0.27301898564934485,0.8140583554376658,0.055208675649030564,0.040697674418604654,0.47058823529411764,0.25,0.6666666666666666,0.21428571428571427,1.0,True,0.5647689768976898,0.9991890357635228,0.00010319278476048954,0.9998992681503296,14.92518000800996,0.5702825563775737,0.8541114058355438,0.2507394019060138,0.5126849894291755,0.8235294117647058,0.5,1.0,0.7142857142857143,1.0,True,0.8211862852951962,0.9949461290680884,0.0009390543413204549,0.9982459545135498,135.81913807289064,0.7436491665923879,0.9944297082228116,0.7186986526454157,0.9608879492600423,0.8823529411764706,1.0,1.0,0.7142857142857143,1.0,True,0.8258159149248259,0.9928906034720308,0.001331186923410315,0.9974379539489746,192.53482210332848,0.7447187806399858,0.9944297082228116,0.736444298389747,0.970137420718816,0.8823529411764706,1.0,1.0,0.7142857142857143,1.0,True,0.9598001466813348,0.9562497145727725,0.009885868780054898,0.9631673693656921,1429.832244767354,0.9893929940279882,0.9960212201591512,0.7624055208675649,0.9947145877378436,0.9411764705882353,1.0,1.0,0.8571428571428571,1.0,XGBoost,fleet,40000,20000,9.34,B_fleet_size,CTT_Silverado,FS-B,0,2,CIDv2_OpelAstra|CTT_Traverse
118722,21816,0.18375701217971396,0.998332368223476,0.991998376521393,96923,0.024890421752929687,False,0.8034470113678035,1.0,0.0,31250.000000000004,0.0,1.0,0.8480106100795756,0.6033519553072626,0.3372093023255814,0.7352941176470589,1.0,0.8333333333333334,0.6428571428571429,0.5,True,0.9197378071140447,0.9999501644572909,1.0319278476048955e-05,31250.0,1.492518000800996,1.0,0.8482758620689655,0.8879395333552416,0.7785412262156448,0.8529411764705882,1.0,0.9166666666666666,0.8571428571428571,0.5,True,0.9197378071140447,0.9999501644572909,1.0319278476048955e-05,31250.0,1.492518000800996,1.0,0.8482758620689655,0.8879395333552416,0.7785412262156448,0.8529411764705882,1.0,0.9166666666666666,0.8571428571428571,0.5,True,0.9197378071140447,0.9999501644572909,1.0319278476048955e-05,31250.0,1.492518000800996,1.0,0.8482758620689655,0.8879395333552416,0.7785412262156448,0.8529411764705882,1.0,0.9166666666666666,0.8571428571428571,0.5,True,0.9197378071140447,0.9999501644572909,1.0319278476048955e-05,31250.0,1.492518000800996,1.0,0.8482758620689655,0.8879395333552416,0.7785412262156448,0.8529411764705882,1.0,0.9166666666666666,0.8571428571428571,0.5,Rule:Combined,fleet,40000,20000,0.31,B_fleet_size,CTT_Silverado,FS-B,0,2,CIDv2_OpelAstra|CTT_Traverse
118722,21816,0.18375701217971396,0.9988419462186451,0.997364751171332,96923,0.024890421752929687,False,0.6358177484415108,0.9998558350753262,2.063855695209791e-05,0.9998756617577076,2.985036001601992,0.6341919957215438,0.9620689655172414,0.26979953992770295,0.6099365750528541,0.7941176470588235,0.75,1.0,0.5714285714285714,1.0,True,0.6801888522185552,0.9993938577586207,9.287350628444059e-05,0.9998326310137665,13.432662007208963,0.6529993760584722,0.9710875331564987,0.36049950706539596,0.7280655391120507,0.8529411764705882,0.75,1.0,0.7142857142857143,1.0,True,0.9847818115144847,0.9955053055928826,0.0010009700121767487,0.9941305290048607,144.7742460776966,1.0,0.9946949602122016,0.9145580019717384,0.9862579281183932,1.0,1.0,1.0,1.0,1.0,True,0.9858360836083608,0.9943134535367545,0.0012692712525540215,0.9923169289313152,183.57971409852252,1.0,0.9946949602122016,0.9208018402891883,0.9873150105708245,1.0,1.0,1.0,1.0,1.0,True,0.9928492849284929,0.9586191635317548,0.009648525375105773,0.8770166202412621,1395.5043307489311,1.0,0.996816976127321,0.9582648701938876,0.995507399577167,1.0,1.0,1.0,1.0,1.0,HistGB,fleet,40000,20000,26.29,B_fleet_size,CTT_Silverado,FS-B,1,2,CIDv2_OpelAstra|CTT_Traverse
118722,21816,0.18375701217971396,0.9979289365139296,0.9961771575271202,96923,0.024890421752929687,False,0.34007150715071505,0.9997304945425145,2.063855695209791e-05,0.9999514818191529,2.985036001601992,0.3478919689811926,0.8246684350132626,0.03647716069668091,0.07822410147991543,0.6764705882352942,0.5,0.75,0.5714285714285714,1.0,True,0.5453337000366704,0.9989084802686817,0.0001341506201886364,0.9998867511749268,19.402734010412946,0.5658258311792494,0.8607427055702918,0.2346368715083799,0.4201902748414376,0.7941176470588235,0.75,1.0,0.5714285714285714,1.0,True,0.9734140080674735,0.9953597375205062,0.0010216085691288465,0.9971551895141602,147.7592820792986,0.993938853730279,0.9944297082228116,0.8557344725599737,0.9862579281183932,0.9411764705882353,1.0,1.0,0.8571428571428571,1.0,True,0.9839108910891089,0.9936579946301268,0.0014137411512187069,0.9951099753379822,204.47496610973647,1.0,0.9946949602122016,0.9063424252382517,0.9878435517970402,0.9705882352941176,1.0,1.0,0.9285714285714286,1.0,True,0.9914283094976164,0.9580952380952381,0.009762037438342312,0.9145949482917786,1411.922028757742,1.0,0.996816976127321,0.949392047321722,0.9944503171247357,1.0,1.0,1.0,1.0,1.0,XGBoost,fleet,40000,20000,11.87,B_fleet_size,CTT_Silverado,FS-B,1,2,CIDv2_OpelAstra|CTT_Traverse
118722,21816,0.18375701217971396,0.9983663597356784,0.9920365723663704,96923,0.024890421752929687,False,0.8034470113678035,1.0,0.0,31250.000000000004,0.0,1.0,0.8480106100795756,0.6033519553072626,0.3372093023255814,0.7352941176470589,1.0,0.8333333333333334,0.6428571428571429,0.5,True,0.9197378071140447,0.9999501644572909,1.0319278476048955e-05,31250.0,1.492518000800996,1.0,0.8482758620689655,0.8879395333552416,0.7785412262156448,0.8529411764705882,1.0,0.9166666666666666,0.8571428571428571,0.5,True,0.9197378071140447,0.9999501644572909,1.0319278476048955e-05,31250.0,1.492518000800996,1.0,0.8482758620689655,0.8879395333552416,0.7785412262156448,0.8529411764705882,1.0,0.9166666666666666,0.8571428571428571,0.5,True,0.9197378071140447,0.9999501644572909,1.0319278476048955e-05,31250.0,1.492518000800996,1.0,0.8482758620689655,0.8879395333552416,0.7785412262156448,0.8529411764705882,1.0,0.9166666666666666,0.8571428571428571,0.5,True,0.9197378071140447,0.9999501644572909,1.0319278476048955e-05,31250.0,1.492518000800996,1.0,0.8482758620689655,0.8879395333552416,0.7785412262156448,0.8529411764705882,1.0,0.9166666666666666,0.8571428571428571,0.5,Rule:Combined,fleet,40000,20000,0.34,B_fleet_size,CTT_Silverado,FS-B,1,2,CIDv2_OpelAstra|CTT_Traverse
118722,21816,0.18375701217971396,0.998896094995819,0.997611965178485,96923,0.024890421752929687,False,0.5681151448478181,0.999838657631494,2.063855695209791e-05,0.9999933032954805,2.985036001601992,0.8394687583563597,0.596816976127321,0.08347025961222478,0.12473572938689217,0.8235294117647058,1.0,1.0,0.5714285714285714,1.0,True,0.8100476714338101,0.9995475113122172,8.255422780839164e-05,0.9999841184951748,11.940144006407968,0.9723683037703895,0.8915119363395225,0.36674334538284586,0.604122621564482,0.9117647058823529,1.0,1.0,0.7857142857142857,1.0,True,0.9782728272827282,0.9961725168035848,0.0008461808350360143,0.9998363369081211,122.38647606568166,1.0,0.9941644562334218,0.8800525796910943,0.9770084566596194,1.0,1.0,1.0,1.0,1.0,True,0.9801063439677301,0.9951133243356448,0.0010835242399851403,0.999813365287882,156.7143900841046,1.0,0.9941644562334218,0.8912257640486362,0.9785940803382663,1.0,1.0,1.0,1.0,1.0,True,0.9908782544921159,0.9574788501572397,0.009906507337006997,0.9977082201380825,1432.8172807689562,1.0,0.9957559681697613,0.9477489319750246,0.9936575052854123,1.0,1.0,1.0,1.0,1.0,HistGB,fleet,40000,20000,23.6,B_fleet_size,CTT_Silverado,FS-B,0,2,CIDv2_Prototype|CTT_Traverse
118722,21816,0.18375701217971396,0.9988797875936782,0.9974068700659882,96923,0.024890421752929687,False,0.5981848184818482,0.9998467667790377,2.063855695209791e-05,0.9999849796295167,2.985036001601992,0.8131740796862466,0.5671087533156499,0.22609267170555372,0.29096194503171247,0.7941176470588235,1.0,0.8333333333333334,0.6428571428571429,1.0,True,0.7443160982764944,0.9993230352637086,0.0001135120632365385,0.9999610185623169,16.417698008810955,0.8621980568678135,0.7628647214854112,0.44692737430167595,0.6154862579281184,0.9411764705882353,1.0,1.0,0.8571428571428571,1.0,True,0.962000366703337,0.9957771873220725,0.000918415784368357,0.9996801614761353,132.83410207128864,0.9999108654960335,0.9663129973474801,0.8590207032533684,0.9281183932346723,1.0,1.0,1.0,1.0,1.0,True,0.9747433076640998,0.994621141253508,0.0011867170247456297,0.9995554089546204,171.6395700921145,0.9999108654960335,0.9809018567639257,0.888268156424581,0.9635306553911205,1.0,1.0,1.0,1.0,1.0,True,0.9916574990832416,0.9574260931138254,0.009927145893959094,0.9944471120834351,1435.8023167705583,1.0,0.9962864721485412,0.9507065395990798,0.9952431289640592,1.0,1.0,1.0,1.0,1.0,XGBoost,fleet,40000,20000,7.92,B_fleet_size,CTT_Silverado,FS-B,0,2,CIDv2_Prototype|CTT_Traverse
118722,21816,0.18375701217971396,0.9983944879999733,0.9921584324396147,96923,0.024890421752929687,False,0.8034470113678035,1.0,0.0,31250.000000000004,0.0,1.0,0.8480106100795756,0.6033519553072626,0.3372093023255814,0.7352941176470589,1.0,0.8333333333333334,0.6428571428571429,0.5,True,0.9197378071140447,0.9999501644572909,1.0319278476048955e-05,31250.0,1.492518000800996,1.0,0.8482758620689655,0.8879395333552416,0.7785412262156448,0.8529411764705882,1.0,0.9166666666666666,0.8571428571428571,0.5,True,0.9197378071140447,0.9999501644572909,1.0319278476048955e-05,31250.0,1.492518000800996,1.0,0.8482758620689655,0.8879395333552416,0.7785412262156448,0.8529411764705882,1.0,0.9166666666666666,0.8571428571428571,0.5,True,0.9197378071140447,0.9999501644572909,1.0319278476048955e-05,31250.0,1.492518000800996,1.0,0.8482758620689655,0.8879395333552416,0.7785412262156448,0.8529411764705882,1.0,0.9166666666666666,0.8571428571428571,0.5,True,0.9197378071140447,0.9999501644572909,1.0319278476048955e-05,31250.0,1.492518000800996,1.0,0.8482758620689655,0.8879395333552416,0.7785412262156448,0.8529411764705882,1.0,0.9166666666666666,0.8571428571428571,0.5,Rule:Combined,fleet,40000,20000,0.26,B_fleet_size,CTT_Silverado,FS-B,0,2,CIDv2_Prototype|CTT_Traverse
118722,21816,0.18375701217971396,0.9990452739876661,0.9979020585374324,96923,0.024890421752929687,False,0.5474422442244224,1.0,0.0,0.9997228381542642,0.0,0.8690614136732329,0.5604774535809018,0.007229707525468288,0.0153276955602537,0.5294117647058824,1.0,0.5833333333333334,0.2857142857142857,0.75,True,0.7173175650898423,0.99987221263817,2.063855695209791e-05,0.9996527850097252,2.985036001601992,0.997415099384972,0.7965517241379311,0.20999014130791982,0.2159090909090909,0.7647058823529411,1.0,0.9166666666666666,0.5714285714285714,0.75,True,0.9797396406307297,0.9948799106311674,0.001135120632365385,0.9975381166486414,164.17698008810956,1.0,0.9946949602122016,0.9198159710811699,0.9529598308668076,1.0,1.0,1.0,1.0,1.0,True,0.9817565089842317,0.9933676545614767,0.0014756568220750006,0.9968586472496942,213.43007411454244,1.0,0.9949602122015915,0.9267170555372988,0.9587737843551797,1.0,1.0,1.0,1.0,1.0,True,0.9924367436743674,0.9566542948038176,0.010123212185004024,0.9678827951406528,1464.160158785777,1.0,0.9962864721485412,0.9589221163325665,0.9931289640591966,1.0,1.0,1.0,1.0,1.0,HistGB,fleet,40000,20000,16.87,B_fleet_size,CTT_Silverado,FS-B,1,2,CIDv2_Prototype|CTT_Traverse
118722,21816,0.18375701217971396,0.9987472688725887,0.9975075518398018,96923,0.024890421752929687,False,0.6661624495782912,1.0,0.0,0.9999680519104005,0.0,0.8671895890899367,0.7376657824933687,0.345054222806441,0.2571353065539112,0.8823529411764706,1.0,0.9166666666666666,0.7857142857142857,1.0,True,0.8155940594059405,0.9992699090194317,0.0001341506201886364,0.9999165534973145,19.402734010412946,0.9718334967465906,0.8554376657824934,0.62964180085442,0.4622093023255814,0.9117647058823529,1.0,1.0,0.7857142857142857,1.0,True,0.9774477447744775,0.9950072325136484,0.001104162796937238,0.9995436072349548,159.69942608570656,1.0,0.9883289124668435,0.9106145251396648,0.9534883720930233,1.0,1.0,1.0,1.0,1.0,True,0.9815273193986065,0.9936426914153133,0.0014137411512187069,0.9993665814399719,204.47496610973647,1.0,0.9928381962864722,0.918501478803812,0.9661733615221987,1.0,1.0,1.0,1.0,1.0,True,0.9917950128346168,0.9573893805309734,0.009937465172435144,0.9907902479171753,1437.294834771359,1.0,0.9962864721485412,0.9539927702924745,0.9933932346723044,1.0,1.0,1.0,1.0,1.0,XGBoost,fleet,40000,20000,7.98,B_fleet_size,CTT_Silverado,FS-B,1,2,CIDv2_Prototype|CTT_Traverse
118722,21816,0.18375701217971396,0.9983808211997803,0.9921456126215038,96923,0.024890421752929687,False,0.8034470113678035,1.0,0.0,31250.000000000004,0.0,1.0,0.8480106100795756,0.6033519553072626,0.3372093023255814,0.7352941176470589,1.0,0.8333333333333334,0.6428571428571429,0.5,True,0.9197378071140447,0.9999501644572909,1.0319278476048955e-05,31250.0,1.492518000800996,1.0,0.8482758620689655,0.8879395333552416,0.7785412262156448,0.8529411764705882,1.0,0.9166666666666666,0.8571428571428571,0.5,True,0.9197378071140447,0.9999501644572909,1.0319278476048955e-05,31250.0,1.492518000800996,1.0,0.8482758620689655,0.8879395333552416,0.7785412262156448,0.8529411764705882,1.0,0.9166666666666666,0.8571428571428571,0.5,True,0.9197378071140447,0.9999501644572909,1.0319278476048955e-05,31250.0,1.492518000800996,1.0,0.8482758620689655,0.8879395333552416,0.7785412262156448,0.8529411764705882,1.0,0.9166666666666666,0.8571428571428571,0.5,True,0.9197378071140447,0.9999501644572909,1.0319278476048955e-05,31250.0,1.492518000800996,1.0,0.8482758620689655,0.8879395333552416,0.7785412262156448,0.8529411764705882,1.0,0.9166666666666666,0.8571428571428571,0.5,Rule:Combined,fleet,40000,20000,0.28,B_fleet_size,CTT_Silverado,FS-B,1,2,CIDv2_Prototype|CTT_Traverse
118722,21816,0.18375701217971396,0.9742576989555944,0.9251420342351073,96923,0.024890421752929687,False,0.2994132746607994,1.0,0.0,0.999834707521206,0.0,0.5554862287191372,0.001856763925729443,0.07196845218534341,0.019556025369978858,0.5294117647058824,1.0,0.5833333333333334,0.42857142857142855,0.25,True,0.5717363403006968,0.999278961704855,9.287350628444059e-05,0.9996212515592465,13.432662007208963,0.8497192263125055,0.4435013262599469,0.09891554387117976,0.25554968287526425,0.8235294117647058,1.0,0.75,0.7857142857142857,1.0,True,0.5974514118078474,0.9954177485871392,0.0006191567085629373,0.9995800193864484,89.55108004805976,0.8728050628398253,0.45225464190981435,0.1390075583305948,0.29439746300211417,0.8235294117647058,1.0,0.75,0.7857142857142857,1.0,True,0.6089108910891089,0.9932705248990579,0.0009287350628444059,0.999563686500942,134.32662007208964,0.8860861039308316,0.4559681697612732,0.14985211961879724,0.3086680761099366,0.8235294117647058,1.0,0.75,0.7857142857142857,1.0,True,0.7608177484415108,0.9446246656422514,0.010040657957195633,0.9992855031933863,1452.2200147793692,0.9522239058739638,0.5294429708222812,0.49523496549457774,0.6374207188160677,0.9117647058823529,1.0,1.0,0.7857142857142857,1.0,HistGB,fleet,40000,20000,12.83,B_fleet_size,CTT_Silverado,FS-B,0,2,CIDv2_RenaultClio|CTT_Forester
118722,21816,0.18375701217971396,0.9922566439787094,0.9818174321106949,96923,0.024890421752929687,False,0.46644664466446645,1.0,0.0,0.9999725818634034,0.0,0.7461449327034495,0.054641909814323604,0.2734143936904371,0.20269556025369978,0.7941176470588235,1.0,0.9166666666666666,0.6428571428571429,0.75,True,0.5502841950861753,0.9994172494172494,7.223494933234268e-05,0.9999603033065796,10.44762600560697,0.8076477404403245,0.13395225464190982,0.37200131449227736,0.3454016913319239,0.8823529411764706,1.0,1.0,0.7142857142857143,1.0,True,0.6417308397506417,0.9955201592832255,0.0006501145439910842,0.9999396800994873,94.02863405046276,0.8673678580978696,0.2535809018567639,0.4834045349983569,0.4867864693446089,0.9117647058823529,1.0,1.0,0.7857142857142857,1.0,True,0.6641914191419142,0.9934864586904354,0.0009803314552246506,0.9999325275421143,141.78921007609458,0.8810945717087084,0.286737400530504,0.51232336510023,0.5192917547568711,0.9117647058823529,1.0,1.0,0.7857142857142857,1.0,True,0.9530619728639531,0.9484968751425573,0.01165046539945927,0.9993236064910889,1685.0528229043246,0.993938853730279,0.9578249336870026,0.8402891883010187,0.9178118393234672,0.9411764705882353,1.0,1.0,0.8571428571428571,1.0,XGBoost,fleet,40000,20000,5.44,B_fleet_size,CTT_Silverado,FS-B,0,2,CIDv2_RenaultClio|CTT_Forester
118722,21816,0.18375701217971396,0.9983702632856246,0.9921218448087759,96923,0.024890421752929687,False,0.8034470113678035,1.0,0.0,31250.000000000004,0.0,1.0,0.8480106100795756,0.6033519553072626,0.3372093023255814,0.7352941176470589,1.0,0.8333333333333334,0.6428571428571429,0.5,True,0.9197378071140447,0.9999501644572909,1.0319278476048955e-05,31250.0,1.492518000800996,1.0,0.8482758620689655,0.8879395333552416,0.7785412262156448,0.8529411764705882,1.0,0.9166666666666666,0.8571428571428571,0.5,True,0.9197378071140447,0.9999501644572909,1.0319278476048955e-05,31250.0,1.492518000800996,1.0,0.8482758620689655,0.8879395333552416,0.7785412262156448,0.8529411764705882,1.0,0.9166666666666666,0.8571428571428571,0.5,True,0.9197378071140447,0.9999501644572909,1.0319278476048955e-05,31250.0,1.492518000800996,1.0,0.8482758620689655,0.8879395333552416,0.7785412262156448,0.8529411764705882,1.0,0.9166666666666666,0.8571428571428571,0.5,True,0.9197378071140447,0.9999501644572909,1.0319278476048955e-05,31250.0,1.492518000800996,1.0,0.8482758620689655,0.8879395333552416,0.7785412262156448,0.8529411764705882,1.0,0.9166666666666666,0.8571428571428571,0.5,Rule:Combined,fleet,40000,20000,0.28,B_fleet_size,CTT_Silverado,FS-B,0,2,CIDv2_RenaultClio|CTT_Forester
118722,21816,0.18375701217971396,0.9850500278488075,0.9632091971431357,96923,0.024890421752929687,False,0.5626604327099377,0.9999185402411209,1.0319278476048955e-05,0.9997774057066391,1.492518000800996,0.8206613780194313,0.4323607427055703,0.1866579033848176,0.2299154334038055,0.7941176470588235,1.0,0.8333333333333334,0.6428571428571429,1.0,True,0.6337092042537588,0.9997830488863176,3.095783542814686e-05,0.9996581049783202,4.477554002402988,0.8794901506373117,0.47400530503978777,0.3105488005257969,0.3239957716701903,0.8529411764705882,1.0,1.0,0.6428571428571429,1.0,True,0.7562797946461313,0.9952346483291109,0.0008152229996078674,0.9993974487989579,117.90892206327867,0.9905517425795526,0.5363395225464191,0.4886625041077884,0.49603594080338265,0.8823529411764706,1.0,1.0,0.7142857142857143,1.0,True,0.7729189585625229,0.9938115164731538,0.0010835242399851403,0.9992985836202093,156.7143900841046,0.9953650057937428,0.5557029177718833,0.5162668419323037,0.5362050739957717,0.8823529411764706,1.0,1.0,0.7142857142857143,1.0,True,0.8551063439677301,0.9449875892811914,0.011206736424989166,0.9983309895586001,1620.8745488698817,0.9998217309920671,0.6615384615384615,0.7042392375944792,0.7402219873150105,0.9117647058823529,1.0,1.0,0.7857142857142857,1.0,HistGB,fleet,40000,20000,11.5,B_fleet_size,CTT_Silverado,FS-B,1,2,CIDv2_RenaultClio|CTT_Forester
118722,21816,0.18375701217971396,0.9839247106728986,0.9599284450568808,96923,0.024890421752929687,False,0.28790795746241293,0.9998408150270615,1.0319278476048955e-05,0.999983310699463,1.492518000800996,0.473928157589803,0.0779840848806366,0.1432796582320079,0.06183932346723044,0.7352941176470589,1.0,0.75,0.5714285714285714,1.0,True,0.4188668866886689,0.9995624589805294,4.127711390419582e-05,0.9999731779098511,5.970072003203984,0.6588822533202603,0.17586206896551723,0.20177456457443313,0.12394291754756871,0.7941176470588235,1.0,0.75,0.7142857142857143,1.0,True,0.6414558122478915,0.9955890722822994,0.0006397952655150352,0.9999215602874756,92.53611604966174,0.9112220340493805,0.4517241379310345,0.2865593164640158,0.31606765327695563,0.8823529411764706,1.0,0.9166666666666666,0.7857142857142857,1.0,True,0.6816098276494316,0.993452699091395,0.0010112892906527975,0.9999003410339355,146.26676407849757,0.9345752740885998,0.5106100795755968,0.3338810384488991,0.38160676532769555,0.9117647058823529,1.0,1.0,0.7857142857142857,1.0,True,0.8585900256692336,0.9491259184190525,0.010360555589953151,0.99959796667099,1498.4880728041999,0.9994651929762011,0.756763925729443,0.6365428853105488,0.7209302325581395,0.9117647058823529,1.0,1.0,0.7857142857142857,1.0,XGBoost,fleet,40000,20000,4.71,B_fleet_size,CTT_Silverado,FS-B,1,2,CIDv2_RenaultClio|CTT_Forester
118722,21816,0.18375701217971396,0.9983254016698733,0.9920537763189293,96923,0.024890421752929687,False,0.8034470113678035,1.0,0.0,31250.000000000004,0.0,1.0,0.8480106100795756,0.6033519553072626,0.3372093023255814,0.7352941176470589,1.0,0.8333333333333334,0.6428571428571429,0.5,True,0.9197378071140447,0.9999501644572909,1.0319278476048955e-05,31250.0,1.492518000800996,1.0,0.8482758620689655,0.8879395333552416,0.7785412262156448,0.8529411764705882,1.0,0.9166666666666666,0.8571428571428571,0.5,True,0.9197378071140447,0.9999501644572909,1.0319278476048955e-05,31250.0,1.492518000800996,1.0,0.8482758620689655,0.8879395333552416,0.7785412262156448,0.8529411764705882,1.0,0.9166666666666666,0.8571428571428571,0.5,True,0.9197378071140447,0.9999501644572909,1.0319278476048955e-05,31250.0,1.492518000800996,1.0,0.8482758620689655,0.8879395333552416,0.7785412262156448,0.8529411764705882,1.0,0.9166666666666666,0.8571428571428571,0.5,True,0.9197378071140447,0.9999501644572909,1.0319278476048955e-05,31250.0,1.492518000800996,1.0,0.8482758620689655,0.8879395333552416,0.7785412262156448,0.8529411764705882,1.0,0.9166666666666666,0.8571428571428571,0.5,Rule:Combined,fleet,40000,20000,0.31,B_fleet_size,CTT_Silverado,FS-B,1,2,CIDv2_RenaultClio|CTT_Forester
118722,21816,0.18375701217971396,0.998396303192087,0.9971283594031827,96923,0.024890421752929687,False,0.6184910157682435,1.0,0.0,0.9998127846687982,0.0,0.8712006417684286,0.30689655172413793,0.3601708839960565,0.38742071881606766,0.8235294117647058,1.0,1.0,0.5714285714285714,1.0,True,0.7111752841950861,0.9998066761180564,3.095783542814686e-05,0.9997863412294342,4.477554002402988,0.8879579285141278,0.5098143236074271,0.4814327965823201,0.5724101479915433,0.8529411764705882,1.0,1.0,0.6428571428571429,1.0,True,0.981023102310231,0.996044119700284,0.0008771386704641611,0.9988110644147951,126.86403006808465,1.0,0.9915119363395225,0.8902398948406178,0.9873150105708245,0.9705882352941176,1.0,1.0,0.9285714285714286,1.0,True,0.9824440777411074,0.9947092402654661,0.0011763977462695809,0.9985805518517523,170.14705209131353,1.0,0.993368700265252,0.8968123562274072,0.9883720930232558,0.9705882352941176,1.0,1.0,0.9285714285714286,1.0,True,0.9899614961496149,0.9552813163481954,0.010432790539285494,0.9898399373706377,1508.935698809807,1.0,0.9960212201591512,0.9395333552415379,0.9947145877378436,1.0,1.0,1.0,1.0,1.0,HistGB,fleet,40000,20000,11.15,B_fleet_size,CTT_Silverado,FS-B,0,2,CTT_Forester|CTT_Impala
118722,21816,0.18375701217971396,0.9984498264079396,0.9971555641600458,96923,0.024890421752929687,False,0.6834891822515585,0.9999329399141631,1.0319278476048955e-05,0.9999368190765382,1.492518000800996,0.8795792851412781,0.5984084880636604,0.35162668419323034,0.4537526427061311,0.9117647058823529,1.0,1.0,0.7857142857142857,1.0,True,0.813898056472314,0.9995496509795091,8.255422780839164e-05,0.999890923500061,11.940144006407968,0.9278901862911133,0.8082228116710876,0.5264541570818272,0.712737843551797,0.9117647058823529,1.0,1.0,0.7857142857142857,1.0,True,0.976897689768977,0.9967728356952434,0.0007120302148473778,0.9992309808731079,102.9837420552687,1.0,0.9864721485411141,0.8734801183043049,0.9820295983086681,0.9411764705882353,1.0,1.0,0.8571428571428571,1.0,True,0.9798313164649798,0.9951119594059867,0.0010835242399851403,0.9989956021308899,156.7143900841046,1.0,0.9901856763925729,0.8859677949392047,0.985200845665962,0.9705882352941176,1.0,1.0,0.9285714285714286,1.0,True,0.9897323065639897,0.9561174334676527,0.010226404969764515,0.9792045950889587,1479.0853387937873,1.0,0.9962864721485412,0.9372329937561616,0.9949788583509513,1.0,1.0,1.0,1.0,1.0,XGBoost,fleet,40000,20000,5.29,B_fleet_size,CTT_Silverado,FS-B,0,2,CTT_Forester|CTT_Impala
118722,21816,0.18375701217971396,0.9983602543044843,0.9920981238099149,96923,0.024890421752929687,False,0.8034470113678035,1.0,0.0,31250.000000000004,0.0,1.0,0.8480106100795756,0.6033519553072626,0.3372093023255814,0.7352941176470589,1.0,0.8333333333333334,0.6428571428571429,0.5,True,0.9197378071140447,0.9999501644572909,1.0319278476048955e-05,31250.0,1.492518000800996,1.0,0.8482758620689655,0.8879395333552416,0.7785412262156448,0.8529411764705882,1.0,0.9166666666666666,0.8571428571428571,0.5,True,0.9197378071140447,0.9999501644572909,1.0319278476048955e-05,31250.0,1.492518000800996,1.0,0.8482758620689655,0.8879395333552416,0.7785412262156448,0.8529411764705882,1.0,0.9166666666666666,0.8571428571428571,0.5,True,0.9197378071140447,0.9999501644572909,1.0319278476048955e-05,31250.0,1.492518000800996,1.0,0.8482758620689655,0.8879395333552416,0.7785412262156448,0.8529411764705882,1.0,0.9166666666666666,0.8571428571428571,0.5,True,0.9197378071140447,0.9999501644572909,1.0319278476048955e-05,31250.0,1.492518000800996,1.0,0.8482758620689655,0.8879395333552416,0.7785412262156448,0.8529411764705882,1.0,0.9166666666666666,0.8571428571428571,0.5,Rule:Combined,fleet,40000,20000,0.29,B_fleet_size,CTT_Silverado,FS-B,0,2,CTT_Forester|CTT_Impala
118722,21816,0.18375701217971396,0.9980246677356939,0.9951789259111621,96923,0.024890421752929687,False,0.2104877154382105,0.9997822773786197,1.0319278476048955e-05,0.9998482807782847,1.492518000800996,0.4071664141189054,0.0,0.003943476832073612,0.003171247357293869,0.20588235294117646,0.75,0.08333333333333333,0.21428571428571427,0.0,True,0.3392005867253392,0.9991898460707535,6.191567085629373e-05,0.9998482807782846,8.955108004805975,0.43025225064622513,0.1962864721485411,0.18632928031547816,0.3345665961945032,0.6764705882352942,0.75,0.6666666666666666,0.6428571428571429,0.75,True,0.9816648331499817,0.9953060370869545,0.0010422471260809443,0.9993146581468645,150.74431808090057,0.9998217309920671,0.9883289124668435,0.9040420637528754,0.983615221987315,1.0,1.0,1.0,1.0,1.0,True,0.9841859185918592,0.9939357466901213,0.0013518254803624131,0.9991572139413246,195.51985810493048,0.9998217309920671,0.993368700265252,0.9135721327637201,0.9854651162790697,1.0,1.0,1.0,1.0,1.0,True,0.9918408507517419,0.9562911565828435,0.010205766412812416,0.9967093592538645,1476.100302792185,1.0,0.996551724137931,0.9516924088070983,0.9952431289640592,1.0,1.0,1.0,1.0,1.0,HistGB,fleet,40000,20000,12.07,B_fleet_size,CTT_Silverado,FS-B,1,2,CTT_Forester|CTT_Impala
118722,21816,0.18375701217971396,0.9978086688614376,0.9960461316424534,96923,0.024890421752929687,False,0.509946828016135,0.9998202570324436,2.063855695209791e-05,0.9999769926071168,2.985036001601992,0.6398966039753988,0.4480106100795756,0.2711140322050608,0.3784355179704017,0.8235294117647058,1.0,0.9166666666666666,0.6428571428571429,1.0,True,0.617940960762743,0.9994810201660735,7.223494933234268e-05,0.9999698400497437,10.44762600560697,0.7611195293698191,0.48249336870026527,0.39237594479132437,0.5097780126849895,0.8235294117647058,1.0,0.9166666666666666,0.6428571428571429,1.0,True,0.9251925192519251,0.9948738170347003,0.0010732049615090912,0.9998102784156799,155.22187208330357,0.9351992156163651,0.9310344827586207,0.8616496878080842,0.9408033826638478,0.9411764705882353,1.0,1.0,0.8571428571428571,1.0,True,0.9514118078474514,0.993490331227264,0.0014034218727426578,0.9997441172599792,202.98244810893544,0.9708530172029592,0.9453580901856764,0.8823529411764706,0.955338266384778,0.9411764705882353,1.0,1.0,0.8571428571428571,1.0,True,0.9904657132379905,0.9576740681646944,0.009854910944626752,0.9947892427444458,1425.354690764951,1.0,0.9962864721485412,0.9421623397962537,0.9952431289640592,1.0,1.0,1.0,1.0,1.0,XGBoost,fleet,40000,20000,5.69,B_fleet_size,CTT_Silverado,FS-B,1,2,CTT_Forester|CTT_Impala
118722,21816,0.18375701217971396,0.9983284701131936,0.9920644021645096,96923,0.024890421752929687,False,0.8034470113678035,1.0,0.0,31250.000000000004,0.0,1.0,0.8480106100795756,0.6033519553072626,0.3372093023255814,0.7352941176470589,1.0,0.8333333333333334,0.6428571428571429,0.5,True,0.9197378071140447,0.9999501644572909,1.0319278476048955e-05,31250.0,1.492518000800996,1.0,0.8482758620689655,0.8879395333552416,0.7785412262156448,0.8529411764705882,1.0,0.9166666666666666,0.8571428571428571,0.5,True,0.9197378071140447,0.9999501644572909,1.0319278476048955e-05,31250.0,1.492518000800996,1.0,0.8482758620689655,0.8879395333552416,0.7785412262156448,0.8529411764705882,1.0,0.9166666666666666,0.8571428571428571,0.5,True,0.9197378071140447,0.9999501644572909,1.0319278476048955e-05,31250.0,1.492518000800996,1.0,0.8482758620689655,0.8879395333552416,0.7785412262156448,0.8529411764705882,1.0,0.9166666666666666,0.8571428571428571,0.5,True,0.9197378071140447,0.9999501644572909,1.0319278476048955e-05,31250.0,1.492518000800996,1.0,0.8482758620689655,0.8879395333552416,0.7785412262156448,0.8529411764705882,1.0,0.9166666666666666,0.8571428571428571,0.5,Rule:Combined,fleet,40000,20000,0.29,B_fleet_size,CTT_Silverado,FS-B,1,2,CTT_Forester|CTT_Impala
118722,21816,0.18375701217971396,0.9958756995152044,0.9887657286075117,96923,0.024890421752929687,False,0.5128346167950129,0.9999106265081776,1.0319278476048955e-05,0.9995176905001816,1.492518000800996,0.556734111774668,0.8456233421750663,0.26979953992770295,0.2465644820295983,0.6470588235294118,0.25,0.9166666666666666,0.42857142857142855,1.0,True,0.5674275760909424,0.9997577128089161,3.095783542814686e-05,0.9984526523884187,4.477554002402988,0.5577145913182994,0.9342175066312998,0.3250082155767335,0.4257399577167019,0.7941176470588235,0.75,1.0,0.5714285714285714,1.0,True,0.7301063439677301,0.9947539345490882,0.0008668193919881122,0.9881921539625825,125.37151206728366,0.6369551653445048,0.9941644562334218,0.6293131777850806,0.8242600422832981,0.8823529411764706,1.0,1.0,0.7142857142857143,1.0,True,0.756967363403007,0.9923682471005348,0.0013105483664582172,0.9841026937337276,189.54978610172645,0.6674391657010429,0.9946949602122016,0.6638186000657246,0.8604651162790697,0.8823529411764706,1.0,1.0,0.7142857142857143,1.0,True,0.9492115878254492,0.9520919540229885,0.010752688172043012,0.8741501090164501,1555.2037568346377,0.9725465727783225,0.9954907161803713,0.8005257969109432,0.9534883720930233,0.9117647058823529,1.0,1.0,0.7857142857142857,1.0,HistGB,fleet,40000,20000,21.84,B_fleet_size,CTT_Silverado,FS-B,0,2,CTT_Traverse|ROAD_ORNL
118722,21816,0.18375701217971396,0.9951019671954263,0.985221307651952,96923,0.024890421752929687,False,0.4796021268793546,1.0,0.0,0.9996607303619386,0.0,0.5564667082627686,0.6405835543766578,0.28294446270128165,0.24947145877378435,0.6764705882352942,0.25,0.9166666666666666,0.5,1.0,True,0.5701320132013201,0.9991163948911559,0.0001135120632365385,0.998777449131012,16.417698008810955,0.5578928603262323,0.8896551724137931,0.36214262241209333,0.45533826638477803,0.7647058823529411,0.75,1.0,0.5,1.0,True,0.6407224055738907,0.9938144329896907,0.0008977772274162591,0.996331512928009,129.84906606968667,0.5616365094928246,0.9559681697612732,0.5008215576733487,0.6736257928118393,0.8823529411764706,1.0,1.0,0.7142857142857143,1.0,True,0.6541070773744041,0.9908346063046799,0.001362144758838462,0.9955143332481384,197.01237610573145,0.5699260183617079,0.9636604774535809,0.5241537955964509,0.6997885835095138,0.8823529411764706,1.0,1.0,0.7142857142857143,1.0,True,0.930968096809681,0.9528948109223985,0.010360555589953151,0.9386091232299805,1498.4880728041999,0.9593546661912826,0.9954907161803713,0.7528754518567203,0.9257399577167019,0.9117647058823529,1.0,1.0,0.7857142857142857,1.0,XGBoost,fleet,40000,20000,8.45,B_fleet_size,CTT_Silverado,FS-B,0,2,CTT_Traverse|ROAD_ORNL
118722,21816,0.18375701217971396,0.9682816610410895,0.9264586144573115,96923,0.024890421752929687,False,0.7880454712137881,0.9997092516136535,5.159639238024477e-05,8.482618693358583,7.46259000400498,0.9998217309920671,0.9976127320954907,0.2201774564574433,0.4080338266384778,0.5588235294117647,1.0,0.5833333333333334,0.2857142857142857,1.0,True,0.8096809680968097,0.9992080552098653,0.00014446989866468535,7.983194295152592,20.89525201121394,0.9998217309920671,0.9976127320954907,0.3697009530069011,0.41252642706131076,0.5882352941176471,1.0,0.6666666666666666,0.2857142857142857,1.0,True,0.8185276861019435,0.9957064793130367,0.0007945844426557695,6.797668565952494,114.9238860616767,0.9999108654960335,0.9976127320954907,0.41767992113046337,0.4246828752642706,0.6470588235294118,1.0,0.8333333333333334,0.2857142857142857,1.0,True,0.8186193619361937,0.9952075787127334,0.0008874579489402101,6.619151172106671,128.35654806888564,0.9999108654960335,0.9976127320954907,0.41767992113046337,0.42521141649048627,0.6764705882352942,1.0,0.9166666666666666,0.2857142857142857,1.0,True,0.8321873854052072,0.9497279765641348,0.009916826615483045,4.18060583456124,1434.3097987697572,1.0,0.9976127320954907,0.43378245152809725,0.49022198731501054,0.8235294117647058,1.0,1.0,0.5714285714285714,1.0,Rule:Combined,fleet,40000,20000,0.28,B_fleet_size,CTT_Silverado,FS-B,0,2,CTT_Traverse|ROAD_ORNL
118722,21816,0.18375701217971396,0.9959293847384311,0.9927993790810151,96923,0.024890421752929687,False,0.5830124679134581,0.9999213836477987,1.0319278476048955e-05,0.9989515185677006,1.492518000800996,0.5862376325875747,0.9496021220159151,0.30923430824843906,0.4283826638477801,0.7941176470588235,0.5,1.0,0.6428571428571429,1.0,True,0.6780803080308031,0.9994594959800014,8.255422780839164e-05,0.9974539980328236,11.940144006407968,0.6631607095106515,0.9917771883289125,0.41307919815971084,0.6228858350951374,0.8823529411764706,1.0,1.0,0.7142857142857143,1.0,True,0.9211129446277961,0.9955905667855728,0.000918415784368357,0.9736985091004441,132.83410207128864,0.962741777342009,0.9941644562334218,0.6996385146237266,0.9030126849894292,0.9117647058823529,1.0,1.0,0.7857142857142857,1.0,True,0.9295012834616795,0.9934839057371025,0.001372464037314511,0.9648017336134167,198.50489410653245,0.969515999643462,0.9944297082228116,0.7177127834373973,0.9164904862579282,0.9117647058823529,1.0,1.0,0.7857142857142857,1.0,True,0.9784561789512285,0.9572626575182743,0.009834272387674654,0.7305327019739319,1422.3696547633492,0.999643461984134,0.9957559681697613,0.898784094643444,0.9624735729386892,0.9117647058823529,1.0,1.0,0.7857142857142857,1.0,HistGB,fleet,40000,20000,27.69,B_fleet_size,CTT_Silverado,FS-B,1,2,CTT_Traverse|ROAD_ORNL
118722,21816,0.18375701217971396,0.9963000370347439,0.9915348305388024,96923,0.024890421752929687,False,0.5364411441144115,0.9999145591250854,1.0319278476048955e-05,0.9994563460350038,1.492518000800996,0.5570015152865674,0.8350132625994695,0.3164640157739073,0.3549154334038055,0.7058823529411765,0.25,1.0,0.5,1.0,True,0.6191327466079941,0.9994820186473287,7.223494933234268e-05,0.9985026121139526,10.44762600560697,0.5664497727070149,0.9326259946949602,0.4370686822214919,0.6094080338266384,0.8823529411764706,1.0,1.0,0.7142857142857143,1.0,True,0.8608819215254859,0.9954417766470557,0.0008874579489402101,0.9926976561546326,128.35654806888564,0.8948212853195472,0.9840848806366048,0.6464015773907328,0.8099894291754757,0.8823529411764706,1.0,1.0,0.7142857142857143,1.0,True,0.8857260726072608,0.9948514647582762,0.0010319278476048955,0.9910119771957397,149.2518000800996,0.9302076833942419,0.9872679045092838,0.664804469273743,0.830338266384778,0.8823529411764706,1.0,1.0,0.7142857142857143,1.0,True,0.9633755042170884,0.9556222434410949,0.01007161579262378,0.8990300297737122,1456.6975687817721,0.9986629824405027,0.9954907161803713,0.806112389089714,0.9532241014799154,0.9117647058823529,1.0,1.0,0.7857142857142857,1.0,XGBoost,fleet,40000,20000,10.59,B_fleet_size,CTT_Silverado,FS-B,1,2,CTT_Traverse|ROAD_ORNL
118722,21816,0.18375701217971396,0.9683573936941573,0.9265348232714765,96923,0.024890421752929687,False,0.7880454712137881,0.9997092516136535,5.159639238024477e-05,8.378166593407984,7.46259000400498,0.9998217309920671,0.9976127320954907,0.2201774564574433,0.4080338266384778,0.5588235294117647,1.0,0.5833333333333334,0.2857142857142857,1.0,True,0.8096809680968097,0.9992080552098653,0.00014446989866468535,7.884864756038044,20.89525201121394,0.9998217309920671,0.9976127320954907,0.3697009530069011,0.41252642706131076,0.5882352941176471,1.0,0.6666666666666666,0.2857142857142857,1.0,True,0.8185276861019435,0.9957064793130367,0.0007945844426557695,6.713872664813591,114.9238860616767,0.9999108654960335,0.9976127320954907,0.41767992113046337,0.4246828752642706,0.6470588235294118,1.0,0.8333333333333334,0.2857142857142857,1.0,True,0.8186193619361937,0.9952075787127334,0.0008874579489402101,6.537543757569625,128.35654806888564,0.9999108654960335,0.9976127320954907,0.41767992113046337,0.42521141649048627,0.6764705882352942,1.0,0.9166666666666666,0.2857142857142857,1.0,True,0.8321873854052072,0.950324539363484,0.009792995273770458,4.170681137101254,1416.3995827601452,1.0,0.9976127320954907,0.43378245152809725,0.49022198731501054,0.8235294117647058,1.0,1.0,0.5714285714285714,1.0,Rule:Combined,fleet,40000,20000,0.28,B_fleet_size,CTT_Silverado,FS-B,1,2,CTT_Traverse|ROAD_ORNL
118722,21816,0.18375701217971396,0.9947250008686433,0.9869263545900153,96923,0.024890421752929687,False,0.6741840850751741,0.9999320144129444,1.0319278476048955e-05,0.9974471756740367,1.492518000800996,0.7057670024066316,0.9771883289124669,0.3026618468616497,0.577431289640592,0.8235294117647058,1.0,1.0,0.5714285714285714,1.0,True,0.6814264759809314,0.9996637751328088,5.159639238024477e-05,0.9968947451951892,7.46259000400498,0.7057670024066316,0.9777188328912467,0.3332237923102202,0.5940803382663847,0.8529411764705882,1.0,1.0,0.6428571428571429,1.0,True,0.7235515218188485,0.9969683572285732,0.0004953253668503498,0.9835162912525811,71.6408640384478,0.7123629557001515,0.9883289124668435,0.4719027275714755,0.6952959830866807,0.8529411764705882,1.0,1.0,0.6428571428571429,1.0,True,0.7374404107077375,0.9948058372495672,0.0008668193919881122,0.973063223428289,125.37151206728366,0.7178892949460737,0.9899204244031831,0.5008215576733487,0.7341437632135307,0.8823529411764706,1.0,1.0,0.7142857142857143,1.0,True,0.9524202420242024,0.9562776141384389,0.009803314552246508,0.4878188805334468,1417.892100760946,0.9997325964881005,0.9957559681697613,0.8172855734472559,0.8776427061310782,0.9705882352941176,1.0,1.0,0.9285714285714286,1.0,HistGB,fleet,40000,20000,13.39,B_fleet_size,CTT_Silverado,FS-B,0,3,CIDv2_OpelAstra|CIDv2_Prototype|CTT_Forester
118722,21816,0.18375701217971396,0.9954032074913405,0.9915269763806571,96923,0.024890421752929687,False,0.556930693069307,0.9999177022467287,1.0319278476048955e-05,0.9987309575080873,1.492518000800996,0.6985471075853463,0.8517241379310345,0.1005586592178771,0.21035940803382663,0.8235294117647058,1.0,1.0,0.5714285714285714,1.0,True,0.6155115511551155,0.9995533720410897,6.191567085629373e-05,0.9972319006919861,8.955108004805975,0.7079953650057937,0.9,0.18139993427538614,0.4069767441860465,0.8235294117647058,1.0,1.0,0.5714285714285714,1.0,True,0.8416758342500916,0.9977721023746129,0.00042309041751800714,0.9826541543006897,61.19323803284083,0.9389428647829575,0.983289124668435,0.43805455142951033,0.7367864693446089,0.8823529411764706,1.0,1.0,0.7142857142857143,1.0,True,0.8822423909057573,0.9965310137723931,0.00069139165789528,0.9685736298561096,99.99870605366672,0.9791425260718424,0.9870026525198939,0.5192244495563588,0.7825052854122622,0.9117647058823529,1.0,1.0,0.7857142857142857,1.0,True,0.9722680601393473,0.953217688297681,0.010742368893566962,0.4983746409416199,1553.711238833837,1.0,0.9962864721485412,0.8573775879066711,0.9585095137420718,0.9705882352941176,1.0,1.0,0.9285714285714286,1.0,XGBoost,fleet,40000,20000,6.39,B_fleet_size,CTT_Silverado,FS-B,0,3,CIDv2_OpelAstra|CIDv2_Prototype|CTT_Forester
118722,21816,0.18375701217971396,0.997632340981262,0.9913524427481242,96923,0.024890421752929687,False,0.8034470113678035,1.0,0.0,31250.000000000004,0.0,1.0,0.8480106100795756,0.6033519553072626,0.3372093023255814,0.7352941176470589,1.0,0.8333333333333334,0.6428571428571429,0.5,True,0.9197378071140447,0.9999501644572909,1.0319278476048955e-05,31250.0,1.492518000800996,1.0,0.8482758620689655,0.8879395333552416,0.7785412262156448,0.8529411764705882,1.0,0.9166666666666666,0.8571428571428571,0.5,True,0.9197378071140447,0.9999501644572909,1.0319278476048955e-05,31250.0,1.492518000800996,1.0,0.8482758620689655,0.8879395333552416,0.7785412262156448,0.8529411764705882,1.0,0.9166666666666666,0.8571428571428571,0.5,True,0.9197378071140447,0.9999501644572909,1.0319278476048955e-05,31250.0,1.492518000800996,1.0,0.8482758620689655,0.8879395333552416,0.7785412262156448,0.8529411764705882,1.0,0.9166666666666666,0.8571428571428571,0.5,True,0.9197378071140447,0.9999501644572909,1.0319278476048955e-05,31250.0,1.492518000800996,1.0,0.8482758620689655,0.8879395333552416,0.7785412262156448,0.8529411764705882,1.0,0.9166666666666666,0.8571428571428571,0.5,Rule:Combined,fleet,40000,20000,0.24,B_fleet_size,CTT_Silverado,FS-B,0,3,CIDv2_OpelAstra|CIDv2_Prototype|CTT_Forester
118722,21816,0.18375701217971396,0.9951422313493534,0.9888567869659263,96923,0.024890421752929687,False,0.5612852951961863,0.999836694700743,2.063855695209791e-05,0.9995873296182455,2.985036001601992,0.6968535520099831,0.7527851458885941,0.16759776536312848,0.28514799154334036,0.8529411764705882,1.0,1.0,0.6428571428571429,1.0,True,0.6476897689768977,0.9992927864214993,0.00010319278476048954,0.9991822724686262,14.92518000800996,0.7053213298867992,0.9114058355437665,0.294446270128163,0.49815010570824525,0.8529411764705882,1.0,1.0,0.6428571428571429,1.0,True,0.8496974697469747,0.9956493715758943,0.0008358615565599653,0.9936114779227958,120.89395806488068,0.9635439878777075,0.9769230769230769,0.4801183043049622,0.6826109936575053,0.8823529411764706,1.0,1.0,0.7142857142857143,1.0,True,0.8673909057572424,0.9950570542146501,0.0009700121767486018,0.9886692486188885,140.29669207529363,0.9674659060522328,0.9811671087533157,0.533355241537956,0.7259513742071881,0.9117647058823529,1.0,1.0,0.7857142857142857,1.0,True,0.9565914924825816,0.9570301751811428,0.00966916393205787,0.47211893093620844,1398.489366750533,0.9981281754167038,0.9952254641909815,0.8409464344396976,0.8879492600422833,0.9705882352941176,1.0,1.0,0.9285714285714286,1.0,HistGB,fleet,40000,20000,13.2,B_fleet_size,CTT_Silverado,FS-B,1,3,CIDv2_OpelAstra|CIDv2_Prototype|CTT_Forester
118722,21816,0.18375701217971396,0.99621448531575,0.9930020109147787,96923,0.024890421752929687,False,0.6617620095342868,0.999792243767313,3.095783542814686e-05,0.9993498921394349,4.477554002402988,0.840449237899991,0.7058355437665782,0.2750575090371344,0.39904862579281186,0.8235294117647058,1.0,1.0,0.5714285714285714,1.0,True,0.8213696369636964,0.9996095057458441,7.223494933234268e-05,0.9970006346702576,10.44762600560697,0.9671093680363668,0.9193633952254642,0.43936904370686825,0.5988372093023255,0.8823529411764706,1.0,1.0,0.7142857142857143,1.0,True,0.9262926292629263,0.9970396684428656,0.0006191567085629373,0.9705646634101868,89.55108004805976,0.9861841518851947,0.9830238726790451,0.7397305290831416,0.84223044397463,0.9117647058823529,1.0,1.0,0.7857142857142857,1.0,True,0.9361477814448111,0.9960009753718605,0.0008461808350360143,0.9552441239356995,122.38647606568166,0.9920670291469827,0.9851458885941644,0.7574761748274729,0.8652219873150105,0.9411764705882353,1.0,1.0,0.8571428571428571,1.0,True,0.9772185551888523,0.9575547969816744,0.009751718159866262,0.3510998785495758,1410.429510756941,1.0,0.9954907161803713,0.888268156424581,0.9630021141649049,0.9705882352941176,1.0,1.0,0.9285714285714286,1.0,XGBoost,fleet,40000,20000,7.05,B_fleet_size,CTT_Silverado,FS-B,1,3,CIDv2_OpelAstra|CIDv2_Prototype|CTT_Forester
118722,21816,0.18375701217971396,0.9976420846014182,0.9913602714077331,96923,0.024890421752929687,False,0.8034470113678035,1.0,0.0,31250.000000000004,0.0,1.0,0.8480106100795756,0.6033519553072626,0.3372093023255814,0.7352941176470589,1.0,0.8333333333333334,0.6428571428571429,0.5,True,0.9197378071140447,0.9999501644572909,1.0319278476048955e-05,31250.0,1.492518000800996,1.0,0.8482758620689655,0.8879395333552416,0.7785412262156448,0.8529411764705882,1.0,0.9166666666666666,0.8571428571428571,0.5,True,0.9197378071140447,0.9999501644572909,1.0319278476048955e-05,31250.0,1.492518000800996,1.0,0.8482758620689655,0.8879395333552416,0.7785412262156448,0.8529411764705882,1.0,0.9166666666666666,0.8571428571428571,0.5,True,0.9197378071140447,0.9999501644572909,1.0319278476048955e-05,31250.0,1.492518000800996,1.0,0.8482758620689655,0.8879395333552416,0.7785412262156448,0.8529411764705882,1.0,0.9166666666666666,0.8571428571428571,0.5,True,0.9197378071140447,0.9999501644572909,1.0319278476048955e-05,31250.0,1.492518000800996,1.0,0.8482758620689655,0.8879395333552416,0.7785412262156448,0.8529411764705882,1.0,0.9166666666666666,0.8571428571428571,0.5,Rule:Combined,fleet,40000,20000,0.28,B_fleet_size,CTT_Silverado,FS-B,1,3,CIDv2_OpelAstra|CIDv2_Prototype|CTT_Forester
118722,21816,0.18375701217971396,0.9981278569728478,0.9957881274387138,96923,0.024890421752929687,False,0.5417583425009168,1.0,0.0,0.9998828831541577,0.0,0.6422141010785275,0.8641909814323607,0.12520538941833717,0.25766384778012685,0.7352941176470589,0.5,1.0,0.5,1.0,True,0.7005867253392006,0.999738356881214,4.127711390419582e-05,0.9997129001657734,5.970072003203984,0.6629824405027186,0.9875331564986738,0.4101215905356556,0.7597780126849895,0.7941176470588235,0.5,1.0,0.6428571428571429,1.0,True,0.8652823615694902,0.9959900807260065,0.0007842651641797205,0.992777843209754,113.43136806087568,0.8510562438720028,0.9941644562334218,0.6674334538284588,0.9381606765327696,0.9411764705882353,1.0,1.0,0.8571428571428571,1.0,True,0.9304180418041804,0.9950487769008285,0.0010422471260809443,0.990358065344083,150.74431808090057,0.9676441750601658,0.9949602122015915,0.6927374301675978,0.9468816067653277,0.9411764705882353,1.0,1.0,0.8571428571428571,1.0,True,0.9862944627796113,0.9608377243904618,0.009050007223494933,0.8892714758331067,1308.9382867024735,1.0,0.996551724137931,0.9211304633585278,0.9878435517970402,0.9705882352941176,1.0,1.0,0.9285714285714286,1.0,HistGB,fleet,40000,20000,11.44,B_fleet_size,CTT_Silverado,FS-B,0,3,CIDv2_OpelAstra|CIDv2_Prototype|CTT_Traverse
118722,21816,0.18375701217971396,0.9978872540268289,0.9954527108015161,96923,0.024890421752929687,False,0.5533094976164283,0.9999171636845593,1.0319278476048955e-05,0.9998786449432374,1.492518000800996,0.6318744986184152,0.8809018567639257,0.14229378902398948,0.32452431289640593,0.8235294117647058,0.75,1.0,0.6428571428571429,1.0,True,0.7148881554822148,0.9995513683266039,7.223494933234268e-05,0.9995879530906677,10.44762600560697,0.7143239147874142,0.9803713527851459,0.35162668419323034,0.7441860465116279,0.8235294117647058,0.75,1.0,0.6428571428571429,1.0,True,0.9256967363403007,0.9958577839143942,0.0008668193919881122,0.9941826462745667,125.37151206728366,0.9890364560121223,0.9941644562334218,0.613539270456786,0.9207188160676533,0.9117647058823529,1.0,1.0,0.7857142857142857,1.0,True,0.9345892922625596,0.994779469164715,0.001104162796937238,0.9927136301994324,159.69942608570656,0.9953650057937428,0.9946949602122016,0.634571146894512,0.9357822410147991,0.9117647058823529,1.0,1.0,0.7857142857142857,1.0,True,0.983956729006234,0.9572352285395763,0.009896188058530948,0.917777955532074,1431.324762768155,1.0,0.996551724137931,0.8991127177127834,0.9920718816067653,0.9411764705882353,1.0,1.0,0.8571428571428571,1.0,XGBoost,fleet,40000,20000,8.67,B_fleet_size,CTT_Silverado,FS-B,0,3,CIDv2_OpelAstra|CIDv2_Prototype|CTT_Traverse
118722,21816,0.18375701217971396,0.9982091752144691,0.9918436923735646,96923,0.024890421752929687,False,0.8034470113678035,1.0,0.0,31250.000000000004,0.0,1.0,0.8480106100795756,0.6033519553072626,0.3372093023255814,0.7352941176470589,1.0,0.8333333333333334,0.6428571428571429,0.5,True,0.9197378071140447,0.9999501644572909,1.0319278476048955e-05,31250.0,1.492518000800996,1.0,0.8482758620689655,0.8879395333552416,0.7785412262156448,0.8529411764705882,1.0,0.9166666666666666,0.8571428571428571,0.5,True,0.9197378071140447,0.9999501644572909,1.0319278476048955e-05,31250.0,1.492518000800996,1.0,0.8482758620689655,0.8879395333552416,0.7785412262156448,0.8529411764705882,1.0,0.9166666666666666,0.8571428571428571,0.5,True,0.9197378071140447,0.9999501644572909,1.0319278476048955e-05,31250.0,1.492518000800996,1.0,0.8482758620689655,0.8879395333552416,0.7785412262156448,0.8529411764705882,1.0,0.9166666666666666,0.8571428571428571,0.5,True,0.9197378071140447,0.9999501644572909,1.0319278476048955e-05,31250.0,1.492518000800996,1.0,0.8482758620689655,0.8879395333552416,0.7785412262156448,0.8529411764705882,1.0,0.9166666666666666,0.8571428571428571,0.5,Rule:Combined,fleet,40000,20000,0.32,B_fleet_size,CTT_Silverado,FS-B,0,3,CIDv2_OpelAstra|CIDv2_Prototype|CTT_Traverse
118722,21816,0.18375701217971396,0.9977999587773773,0.9936271533784118,96923,0.024890421752929687,False,0.48436927026035936,1.0,0.0,0.999954617685384,0.0,0.48230680096265266,0.8602122015915119,0.20046007229707524,0.3443446088794926,0.7647058823529411,0.5,1.0,0.5714285714285714,1.0,True,0.6547488082141547,0.9994402462916316,8.255422780839164e-05,0.9998935114159818,11.940144006407968,0.6064711649879668,0.9851458885941644,0.3259940847847519,0.7330866807610994,0.7647058823529411,0.5,1.0,0.5714285714285714,1.0,True,0.7303355335533553,0.9956258201587203,0.0007223494933234269,0.9995539352856849,104.47626005606972,0.6404314109991978,0.9909814323607427,0.5435425566874794,0.8874207188160677,0.9117647058823529,1.0,1.0,0.7857142857142857,1.0,True,0.7611844517785112,0.9935383510829245,0.0011144820754132871,0.9993600630355549,161.19194408650756,0.6756395400659595,0.9946949602122016,0.6204403549129149,0.8953488372093024,0.9117647058823529,1.0,1.0,0.7857142857142857,1.0,True,0.9892739273927392,0.9573278921220724,0.009927145893959094,0.8202978589836665,1435.8023167705583,1.0,0.9957559681697613,0.9428195859349326,0.9883720930232558,1.0,1.0,1.0,1.0,1.0,HistGB,fleet,40000,20000,15.52,B_fleet_size,CTT_Silverado,FS-B,1,3,CIDv2_OpelAstra|CIDv2_Prototype|CTT_Traverse
118722,21816,0.18375701217971396,0.9980500257921415,0.9953955776241342,96923,0.024890421752929687,False,0.47515584891822515,0.9996142719382836,4.127711390419582e-05,0.9999029636383058,5.970072003203984,0.47366075407790353,0.8604774535809019,0.17121261912586264,0.34011627906976744,0.7647058823529411,0.5,1.0,0.5714285714285714,1.0,True,0.6043270993766043,0.9993178200560904,9.287350628444059e-05,0.9997751116752625,13.432662007208963,0.5934575274088599,0.910079575596817,0.25731186329280314,0.6109936575052854,0.7941176470588235,0.5,1.0,0.6428571428571429,1.0,True,0.8071598826549322,0.9960405000282821,0.0007223494933234269,0.9985717535018921,104.47626005606972,0.8000713076031732,0.9899204244031831,0.5152809727242852,0.8808139534883721,0.8823529411764706,1.0,1.0,0.7142857142857143,1.0,True,0.8692244224422442,0.9942848154362416,0.0011248013538893362,0.9979244470596313,162.68446208730856,0.9017737766289331,0.9920424403183024,0.5540584949063424,0.9038054968287527,0.9117647058823529,1.0,1.0,0.7857142857142857,1.0,True,0.9884488448844885,0.9590393595730486,0.009504055476441087,0.8774160146713257,1374.6090787377173,1.0,0.996551724137931,0.9329608938547486,0.9907505285412262,1.0,1.0,1.0,1.0,1.0,XGBoost,fleet,40000,20000,5.69,B_fleet_size,CTT_Silverado,FS-B,1,3,CIDv2_OpelAstra|CIDv2_Prototype|CTT_Traverse
118722,21816,0.18375701217971396,0.9981852118404833,0.9918200511706596,96923,0.024890421752929687,False,0.8034470113678035,1.0,0.0,31250.000000000004,0.0,1.0,0.8480106100795756,0.6033519553072626,0.3372093023255814,0.7352941176470589,1.0,0.8333333333333334,0.6428571428571429,0.5,True,0.9197378071140447,0.9999501644572909,1.0319278476048955e-05,31250.0,1.492518000800996,1.0,0.8482758620689655,0.8879395333552416,0.7785412262156448,0.8529411764705882,1.0,0.9166666666666666,0.8571428571428571,0.5,True,0.9197378071140447,0.9999501644572909,1.0319278476048955e-05,31250.0,1.492518000800996,1.0,0.8482758620689655,0.8879395333552416,0.7785412262156448,0.8529411764705882,1.0,0.9166666666666666,0.8571428571428571,0.5,True,0.9197378071140447,0.9999501644572909,1.0319278476048955e-05,31250.0,1.492518000800996,1.0,0.8482758620689655,0.8879395333552416,0.7785412262156448,0.8529411764705882,1.0,0.9166666666666666,0.8571428571428571,0.5,True,0.9197378071140447,0.9999501644572909,1.0319278476048955e-05,31250.0,1.492518000800996,1.0,0.8482758620689655,0.8879395333552416,0.7785412262156448,0.8529411764705882,1.0,0.9166666666666666,0.8571428571428571,0.5,Rule:Combined,fleet,40000,20000,0.26,B_fleet_size,CTT_Silverado,FS-B,1,3,CIDv2_OpelAstra|CIDv2_Prototype|CTT_Traverse
118722,21816,0.18375701217971396,0.9919470984989169,0.9789717848129218,96923,0.024890421752929687,False,0.7323065639897323,1.0,0.0,0.9996053570686393,0.0,0.9647918709332383,0.5145888594164456,0.48274728885967794,0.4606236786469345,0.9411764705882353,1.0,1.0,0.8571428571428571,1.0,True,0.7736523652365237,0.9992303593629743,0.0001341506201886364,0.9993653655385807,19.402734010412946,0.9987521169444692,0.613262599469496,0.5037791652974039,0.48308668076109934,0.9411764705882353,1.0,1.0,0.8571428571428571,1.0,True,0.7951961862852952,0.9951241897550622,0.0008771386704641611,0.9988222471034501,126.86403006808465,0.9991086549603352,0.6787798408488064,0.5251396648044693,0.523784355179704,0.9705882352941176,1.0,1.0,0.9285714285714286,1.0,True,0.807068206820682,0.9940156946875176,0.0010938435184611893,0.9986707043461908,158.2069080849056,0.999643461984134,0.7352785145888594,0.5307262569832403,0.529862579281184,0.9705882352941176,1.0,1.0,0.9285714285714286,1.0,True,0.9112119545287862,0.948425572519084,0.01115514003260892,0.9907473272328203,1613.4119588658766,1.0,0.9870026525198939,0.7029247453171212,0.7399577167019028,1.0,1.0,1.0,1.0,1.0,HistGB,fleet,40000,20000,11.54,B_fleet_size,CTT_Silverado,FS-B,0,3,CIDv2_Prototype|CIDv2_RenaultClio|CTT_Forester
118722,21816,0.18375701217971396,0.9913729474389387,0.9810259230211563,96923,0.024890421752929687,False,0.48436927026035936,1.0,0.0,0.9999871253967286,0.0,0.8014083251626705,0.06816976127320955,0.2435096943805455,0.15274841437632136,0.7647058823529411,1.0,0.8333333333333334,0.6428571428571429,0.75,True,0.6189035570223689,0.9993338761009548,9.287350628444059e-05,0.9999713897705078,13.432662007208963,0.9599786077190481,0.22519893899204244,0.3250082155767335,0.23625792811839325,0.8823529411764706,1.0,1.0,0.7142857142857143,1.0,True,0.753942060872754,0.9961843619405245,0.0006501145439910842,0.9999099969863892,94.02863405046276,0.9983955789286033,0.5347480106100796,0.47847518895826485,0.4690803382663848,0.9117647058823529,1.0,1.0,0.7857142857142857,1.0,True,0.7786028602860287,0.9946129523363392,0.0009493736197965038,0.9998828172683716,137.3116560736916,0.9994651929762011,0.5941644562334217,0.5093657574761749,0.5240486257928119,0.9117647058823529,1.0,1.0,0.7857142857142857,1.0,True,0.9278969563623028,0.9545433111708398,0.009947784450911192,0.9991752505302429,1438.78735277216,1.0,0.9705570291777188,0.7272428524482418,0.8329809725158562,1.0,1.0,1.0,1.0,1.0,XGBoost,fleet,40000,20000,7.22,B_fleet_size,CTT_Silverado,FS-B,0,3,CIDv2_Prototype|CIDv2_RenaultClio|CTT_Forester
118722,21816,0.18375701217971396,0.9983656632222224,0.99212759940625,96923,0.024890421752929687,False,0.8034470113678035,1.0,0.0,31250.000000000004,0.0,1.0,0.8480106100795756,0.6033519553072626,0.3372093023255814,0.7352941176470589,1.0,0.8333333333333334,0.6428571428571429,0.5,True,0.9197378071140447,0.9999501644572909,1.0319278476048955e-05,31250.0,1.492518000800996,1.0,0.8482758620689655,0.8879395333552416,0.7785412262156448,0.8529411764705882,1.0,0.9166666666666666,0.8571428571428571,0.5,True,0.9197378071140447,0.9999501644572909,1.0319278476048955e-05,31250.0,1.492518000800996,1.0,0.8482758620689655,0.8879395333552416,0.7785412262156448,0.8529411764705882,1.0,0.9166666666666666,0.8571428571428571,0.5,True,0.9197378071140447,0.9999501644572909,1.0319278476048955e-05,31250.0,1.492518000800996,1.0,0.8482758620689655,0.8879395333552416,0.7785412262156448,0.8529411764705882,1.0,0.9166666666666666,0.8571428571428571,0.5,True,0.9197378071140447,0.9999501644572909,1.0319278476048955e-05,31250.0,1.492518000800996,1.0,0.8482758620689655,0.8879395333552416,0.7785412262156448,0.8529411764705882,1.0,0.9166666666666666,0.8571428571428571,0.5,Rule:Combined,fleet,40000,20000,0.31,B_fleet_size,CTT_Silverado,FS-B,0,3,CIDv2_Prototype|CIDv2_RenaultClio|CTT_Forester
118722,21816,0.18375701217971396,0.9901035912803301,0.9756003982206135,96923,0.024890421752929687,False,0.5346076274294096,1.0,0.0,0.9999768117702166,0.0,0.8825207237721722,0.34535809018567637,0.012816299704239238,0.11125792811839323,0.7352941176470589,1.0,0.8333333333333334,0.5,1.0,True,0.6057480748074807,0.99984867973065,2.063855695209791e-05,0.9999686767543876,2.985036001601992,0.9756662804171495,0.413262599469496,0.025303976339139007,0.16754756871035942,0.8235294117647058,1.0,0.9166666666666666,0.6428571428571429,1.0,True,0.7214888155482215,0.9967071935157041,0.0005366024807545456,0.9999200066881428,77.61093604165178,0.9997325964881005,0.570026525198939,0.2435096943805455,0.4318181818181818,0.8823529411764706,1.0,0.9166666666666666,0.7857142857142857,1.0,True,0.7444994499449945,0.9937591776798825,0.0010525664045569934,0.9999018826491978,152.2368360817016,0.9997325964881005,0.5755968169761273,0.32829444627012816,0.4907505285412262,0.9117647058823529,1.0,1.0,0.7857142857142857,1.0,True,0.8945269526952695,0.9460900761138313,0.011475037665366438,0.9996039796530126,1659.6800168907075,1.0,0.8143236074270557,0.6924088070982582,0.8242600422832981,0.9117647058823529,1.0,1.0,0.7857142857142857,1.0,HistGB,fleet,40000,20000,26.87,B_fleet_size,CTT_Silverado,FS-B,1,3,CIDv2_Prototype|CIDv2_RenaultClio|CTT_Forester
118722,21816,0.18375701217971396,0.9890683565902322,0.9732501462019998,96923,0.024890421752929687,False,0.42734690135680237,0.9998927498927499,1.0319278476048955e-05,0.9999899864196778,1.492518000800996,0.7481058917907122,0.08673740053050398,0.14229378902398948,0.04492600422832981,0.7058823529411765,1.0,0.75,0.5,1.0,True,0.5177392739273927,0.9992922233035477,8.255422780839164e-05,0.9999856948852539,11.940144006407968,0.8561369105980925,0.16419098143236074,0.21130463358527768,0.113107822410148,0.7647058823529411,1.0,0.8333333333333334,0.5714285714285714,1.0,True,0.6666666666666666,0.9954144137978236,0.00069139165789528,0.9999715089797974,99.99870605366672,0.9643461984134059,0.3493368700265252,0.3677292145908643,0.3406448202959831,0.8823529411764706,1.0,1.0,0.7142857142857143,1.0,True,0.7056288962229557,0.9929050567595459,0.001135120632365385,0.9999649524688721,164.17698008810956,0.9803012746234068,0.3970822281167109,0.42195202103187646,0.42679704016913317,0.8823529411764706,1.0,1.0,0.7142857142857143,1.0,True,0.8864594792812615,0.9419414543860504,0.012300579943450353,0.9998010993003845,1779.0814569547872,1.0,0.770026525198939,0.7009530069010844,0.8150105708245243,0.9117647058823529,1.0,1.0,0.7857142857142857,1.0,XGBoost,fleet,40000,20000,8.79,B_fleet_size,CTT_Silverado,FS-B,1,3,CIDv2_Prototype|CIDv2_RenaultClio|CTT_Forester
118722,21816,0.18375701217971396,0.9983694960565408,0.9921318485269449,96923,0.024890421752929687,False,0.8034470113678035,1.0,0.0,31250.000000000004,0.0,1.0,0.8480106100795756,0.6033519553072626,0.3372093023255814,0.7352941176470589,1.0,0.8333333333333334,0.6428571428571429,0.5,True,0.9197378071140447,0.9999501644572909,1.0319278476048955e-05,31250.0,1.492518000800996,1.0,0.8482758620689655,0.8879395333552416,0.7785412262156448,0.8529411764705882,1.0,0.9166666666666666,0.8571428571428571,0.5,True,0.9197378071140447,0.9999501644572909,1.0319278476048955e-05,31250.0,1.492518000800996,1.0,0.8482758620689655,0.8879395333552416,0.7785412262156448,0.8529411764705882,1.0,0.9166666666666666,0.8571428571428571,0.5,True,0.9197378071140447,0.9999501644572909,1.0319278476048955e-05,31250.0,1.492518000800996,1.0,0.8482758620689655,0.8879395333552416,0.7785412262156448,0.8529411764705882,1.0,0.9166666666666666,0.8571428571428571,0.5,True,0.9197378071140447,0.9999501644572909,1.0319278476048955e-05,31250.0,1.492518000800996,1.0,0.8482758620689655,0.8879395333552416,0.7785412262156448,0.8529411764705882,1.0,0.9166666666666666,0.8571428571428571,0.5,Rule:Combined,fleet,40000,20000,0.29,B_fleet_size,CTT_Silverado,FS-B,1,3,CIDv2_Prototype|CIDv2_RenaultClio|CTT_Forester
118722,21816,0.18375701217971396,0.9975690251882803,0.9964868095310615,96923,0.024890421752929687,False,0.6988448844884488,1.0,0.0,0.9988312552870366,0.0,0.8023888047063018,0.9005305039787799,0.3522839303319093,0.46960887949260044,0.8235294117647058,1.0,1.0,0.5714285714285714,1.0,True,0.8325999266593326,0.9992848104747758,0.0001341506201886364,0.996658649902713,19.402734010412946,0.919957215438096,0.9705570291777188,0.5267827801511666,0.6820824524312896,0.8823529411764706,1.0,1.0,0.7142857142857143,1.0,True,0.9452695269526953,0.9954624444873528,0.0009700121767486018,0.9769405088313936,140.29669207529363,0.9984847134325697,0.9952254641909815,0.7620768977982254,0.8850422832980972,0.9117647058823529,1.0,1.0,0.7857142857142857,1.0,True,0.9607169050238357,0.9935058778915434,0.0014137411512187069,0.9640869495393974,204.47496610973647,1.0,0.9952254641909815,0.8169569503779165,0.9254756871035941,0.9117647058823529,1.0,1.0,0.7857142857142857,1.0,True,0.9894572790612395,0.9572081060706842,0.009958103729387241,0.6843225703717553,1440.2798707729612,1.0,0.996551724137931,0.9359185014788038,0.9941860465116279,0.9705882352941176,1.0,1.0,0.9285714285714286,1.0,HistGB,fleet,40000,20000,32.42,B_fleet_size,CTT_Silverado,FS-B,0,3,CIDv2_Prototype|CTT_Impala|ROAD_ORNL
118722,21816,0.18375701217971396,0.9964168708404216,0.9926931125331783,96923,0.024890421752929687,False,0.6336633663366337,0.9999276672694394,1.0319278476048955e-05,0.9984363913536073,1.492518000800996,0.917015776807202,0.3246684350132626,0.31087742359513637,0.3609936575052854,0.7941176470588235,1.0,1.0,0.5,1.0,True,0.7135588558855885,0.9995505329395146,7.223494933234268e-05,0.997251570224762,10.44762600560697,0.9577502451198859,0.5297082228116711,0.355570161025304,0.4606236786469345,0.7941176470588235,1.0,1.0,0.5,1.0,True,0.8697744774477447,0.9951227186910007,0.0009596928982725527,0.9847267866134644,138.8041740744926,0.9991977894643016,0.9228116710875331,0.5540584949063424,0.6871035940803383,0.9117647058823529,1.0,1.0,0.7857142857142857,1.0,True,0.8821965529886322,0.9933932073913492,0.0013208676449342662,0.9799301624298096,191.04230410252748,0.9998217309920671,0.9490716180371352,0.5829773250082155,0.7074524312896406,0.9117647058823529,1.0,1.0,0.7857142857142857,1.0,True,0.959066740007334,0.9535159276306795,0.010525664045569934,0.7687699794769287,1522.3683608170159,1.0,0.9949602122015915,0.8514623726585606,0.888477801268499,0.9705882352941176,1.0,1.0,0.9285714285714286,1.0,XGBoost,fleet,40000,20000,6.96,B_fleet_size,CTT_Silverado,FS-B,0,3,CIDv2_Prototype|CTT_Impala|ROAD_ORNL
118722,21816,0.18375701217971396,0.927382623628078,0.8898351675304721,96923,0.024890421752929687,False,0.725980931426476,0.9996844032064635,5.159639238024477e-05,8.409059088535178,7.46259000400498,0.999643461984134,0.9976127320954907,0.0,0.22780126849894292,0.38235294117647056,1.0,0.4166666666666667,0.0,1.0,True,0.7283186651998533,0.9991196629566749,0.00014446989866468535,7.913792510446546,20.89525201121394,0.999643461984134,0.9976127320954907,0.0,0.24127906976744187,0.38235294117647056,1.0,0.4166666666666667,0.0,1.0,True,0.7388155482214888,0.9952454461253474,0.0007945844426557695,6.738136548811314,114.9238860616767,0.9997325964881005,0.9976127320954907,0.0,0.30153276955602537,0.47058823529411764,1.0,0.6666666666666666,0.0,1.0,True,0.7389072240557389,0.9946933234604467,0.0008874579489402101,6.561105352304061,128.35654806888564,0.9997325964881005,0.9976127320954907,0.0,0.302061310782241,0.5,1.0,0.75,0.0,1.0,True,0.7939127246057939,0.9461378782912706,0.01017480857738427,4.066216580178733,1471.622748789782,0.9998217309920671,0.9976127320954907,0.2507394019060138,0.41728329809725156,0.8235294117647058,1.0,1.0,0.5714285714285714,1.0,Rule:Combined,fleet,40000,20000,0.26,B_fleet_size,CTT_Silverado,FS-B,0,3,CIDv2_Prototype|CTT_Impala|ROAD_ORNL
118722,21816,0.18375701217971396,0.9977819161225282,0.9961187739353153,96923,0.024890421752929687,False,0.7823615694902823,0.9998242633706286,3.095783542814686e-05,0.9947597429943897,4.477554002402988,0.9256618236919512,0.9559681697612732,0.4203089056851791,0.47568710359408034,0.8823529411764706,1.0,1.0,0.7142857142857143,1.0,True,0.8526769343601027,0.9992479587451655,0.00014446989866468535,0.989711233678849,20.89525201121394,0.9719226312505571,0.9891246684350132,0.5399277029247453,0.614693446088795,0.9117647058823529,1.0,1.0,0.7857142857142857,1.0,True,0.9266134946828016,0.9959599940877962,0.0008461808350360143,0.9651749684918964,122.38647606568166,0.9998217309920671,0.9952254641909815,0.7374301675977654,0.7933403805496829,0.9117647058823529,1.0,1.0,0.7857142857142857,1.0,True,0.9374770810414375,0.9943118284797511,0.0012073555816977278,0.9516136462524691,174.62460609371655,0.9999108654960335,0.9952254641909815,0.7811370358199146,0.8205602536997886,0.9117647058823529,1.0,1.0,0.7857142857142857,1.0,True,0.9860652731939861,0.9593720733175757,0.009400862691680598,0.6384561801808508,1359.6838987297074,1.0,0.9960212201591512,0.9270456786066382,0.982293868921776,0.9705882352941176,1.0,1.0,0.9285714285714286,1.0,HistGB,fleet,40000,20000,26.98,B_fleet_size,CTT_Silverado,FS-B,1,3,CIDv2_Prototype|CTT_Impala|ROAD_ORNL
118722,21816,0.18375701217971396,0.9966751139061788,0.9931298295511765,96923,0.024890421752929687,False,0.6574532453245324,0.9997211960688646,4.127711390419582e-05,0.9964581131935121,5.970072003203984,0.9505303502986006,0.34244031830238725,0.3427538613210647,0.35544397463002114,0.8235294117647058,1.0,1.0,0.5714285714285714,1.0,True,0.7812156215621562,0.9989449621944786,0.00018574701256888118,0.9909335374832153,26.865324014417926,0.9877885729565915,0.6904509283819629,0.45514295103516267,0.5214059196617337,0.9117647058823529,1.0,1.0,0.7857142857142857,1.0,True,0.8825174184085075,0.99437041627931,0.0011248013538893362,0.9711548089981079,162.68446208730856,0.999643461984134,0.9106100795755968,0.6155110088728228,0.7219873150105708,0.9117647058823529,1.0,1.0,0.7857142857142857,1.0,True,0.8961771177117712,0.9921847246891652,0.001589168885311539,0.9624940156936646,229.8477721233534,0.9998217309920671,0.9411140583554377,0.6447584620440355,0.7463002114164905,0.9117647058823529,1.0,1.0,0.7857142857142857,1.0,True,0.9617253392005867,0.9545930206105828,0.010298639919096856,0.7463774681091309,1489.532964799394,0.9999108654960335,0.9952254641909815,0.8508051265198817,0.9043340380549683,0.9117647058823529,1.0,1.0,0.7857142857142857,1.0,XGBoost,fleet,40000,20000,8.64,B_fleet_size,CTT_Silverado,FS-B,1,3,CIDv2_Prototype|CTT_Impala|ROAD_ORNL
118722,21816,0.18375701217971396,0.9272575139654047,0.8898435073126031,96923,0.024890421752929687,False,0.725980931426476,0.9996844032064635,5.159639238024477e-05,8.353201430755353,7.46259000400498,0.999643461984134,0.9976127320954907,0.0,0.22780126849894292,0.38235294117647056,1.0,0.4166666666666667,0.0,1.0,True,0.7283186651998533,0.9991196629566749,0.00014446989866468535,7.861151123008371,20.89525201121394,0.999643461984134,0.9976127320954907,0.0,0.24127906976744187,0.38235294117647056,1.0,0.4166666666666667,0.0,1.0,True,0.7388155482214888,0.9952454461253474,0.0007945844426557695,6.693129892987742,114.9238860616767,0.9997325964881005,0.9976127320954907,0.0,0.30153276955602537,0.47058823529411764,1.0,0.6666666666666666,0.0,1.0,True,0.7389072240557389,0.9946933234604467,0.0008874579489402101,6.517248340353231,128.35654806888564,0.9997325964881005,0.9976127320954907,0.0,0.302061310782241,0.5,1.0,0.75,0.0,1.0,True,0.7954253758709204,0.946286399825499,0.01016448929890822,4.038561422175867,1470.130230788981,0.9998217309920671,0.9976127320954907,0.26158396319421623,0.41728329809725156,0.8235294117647058,1.0,1.0,0.5714285714285714,1.0,Rule:Combined,fleet,40000,20000,0.26,B_fleet_size,CTT_Silverado,FS-B,1,3,CIDv2_Prototype|CTT_Impala|ROAD_ORNL
118722,21816,0.18375701217971396,0.9966645278476758,0.9932143958305785,96923,0.024890421752929687,False,0.6316464979831317,0.9994197853205686,8.255422780839164e-05,0.9994717430078341,11.940144006407968,0.7049647918709332,0.8453580901856764,0.31712126191258627,0.45428118393234673,0.8529411764705882,1.0,1.0,0.6428571428571429,1.0,True,0.6926109277594427,0.9992064541727285,0.00012383134171258745,0.9993457440412098,17.91021600961195,0.773598359925127,0.910079575596817,0.34768320736115677,0.5132135306553911,0.8529411764705882,1.0,1.0,0.6428571428571429,1.0,True,0.9146039603960396,0.9954599880263421,0.0009390543413204549,0.9967091011483593,135.81913807289064,0.9855602103574294,0.993103448275862,0.6470588235294118,0.8411733615221987,0.9117647058823529,1.0,1.0,0.7857142857142857,1.0,True,0.9244591125779245,0.9943302272839324,0.0011867170247456297,0.9958371495113202,171.6395700921145,0.9885016489883234,0.9944297082228116,0.6717055537298718,0.8681289640591966,0.9117647058823529,1.0,1.0,0.7857142857142857,1.0,True,0.9722680601393473,0.9560102762879163,0.01007161579262378,0.9643146158390646,1456.6975687817721,1.0,0.9954907161803713,0.8603351955307262,0.9569238900634249,0.9117647058823529,1.0,1.0,0.7857142857142857,1.0,HistGB,fleet,40000,20000,29.04,B_fleet_size,CTT_Silverado,FS-B,0,3,CTT_Forester|CTT_Traverse|ROAD_ORNL
118722,21816,0.18375701217971396,0.9967844438140869,0.9930534348827713,96923,0.024890421752929687,False,0.5759075907590759,0.9999204138479905,1.0319278476048955e-05,0.9997045397758485,1.492518000800996,0.6963187449861842,0.7206896551724138,0.2885310548800526,0.3057610993657505,0.8235294117647058,1.0,1.0,0.5714285714285714,1.0,True,0.71502566923359,0.9992953235105702,0.0001135120632365385,0.9991809725761414,16.417698008810955,0.8287726178803815,0.8912466843501327,0.3581991455800197,0.4891649048625793,0.8823529411764706,1.0,1.0,0.7142857142857143,1.0,True,0.8994316098276495,0.9947277704552367,0.0010732049615090912,0.9950464963912964,155.22187208330357,0.9836883857741332,0.9795755968169761,0.5724613867893527,0.8327167019027484,0.9117647058823529,1.0,1.0,0.7857142857142857,1.0,True,0.9146956362302897,0.9929836783439491,0.0014550182651229026,0.9934223294258118,210.44503811294044,0.9903734735716195,0.9872679045092838,0.6089385474860335,0.8639006342494715,0.9117647058823529,1.0,1.0,0.7857142857142857,1.0,True,0.9665383204987166,0.956888727536758,0.009803314552246508,0.9329490661621094,1417.892100760946,1.0,0.9960212201591512,0.8169569503779165,0.9582452431289641,0.9117647058823529,1.0,1.0,0.7857142857142857,1.0,XGBoost,fleet,40000,20000,9.8,B_fleet_size,CTT_Silverado,FS-B,0,3,CTT_Forester|CTT_Traverse|ROAD_ORNL
118722,21816,0.18375701217971396,0.96454156234527,0.9213205967331792,96923,0.024890421752929687,False,0.8208654198753209,0.9997208731089153,5.159639238024477e-05,9.054961742094576,7.46259000400498,1.0,0.9976127320954907,0.4396976667762077,0.4201902748414376,0.6470588235294118,1.0,0.6666666666666666,0.42857142857142855,1.0,True,0.820957095709571,0.9992189243472439,0.00014446989866468535,8.524618327531186,20.89525201121394,1.0,0.9976127320954907,0.4396976667762077,0.42071881606765327,0.6764705882352942,1.0,0.75,0.42857142857142855,1.0,True,0.8217821782178217,0.9957234101638434,0.0007945844426557695,7.265697526834929,114.9238860616767,1.0,0.9976127320954907,0.4396976667762077,0.42547568710359407,0.7352941176470589,1.0,0.9166666666666666,0.42857142857142855,1.0,True,0.8218738540520719,0.9952264653641207,0.0008874579489402101,7.076128245575863,128.35654806888564,1.0,0.9976127320954907,0.4396976667762077,0.4260042283298097,0.7352941176470589,1.0,0.9166666666666666,0.42857142857142855,1.0,True,0.8335166850018335,0.9530897845799046,0.009235754236063815,4.774693120829707,1335.8036107168916,1.0,0.9976127320954907,0.4429838974696024,0.4904862579281184,0.8823529411764706,1.0,1.0,0.7142857142857143,1.0,Rule:Combined,fleet,40000,20000,0.28,B_fleet_size,CTT_Silverado,FS-B,0,3,CTT_Forester|CTT_Traverse|ROAD_ORNL
118722,21816,0.18375701217971396,0.9964521752036237,0.9935626636871758,96923,0.024890421752929687,False,0.7827282728272827,0.9999414417052176,1.0319278476048955e-05,0.9989446632218436,1.492518000800996,0.9541848649612265,0.963395225464191,0.2964180085441998,0.48546511627906974,0.8529411764705882,1.0,1.0,0.6428571428571429,1.0,True,0.8319123579024569,0.9994493088826477,0.00010319278476048954,0.9980411510539245,14.92518000800996,0.9833318477582672,0.983554376657825,0.3572132763720013,0.6136363636363636,0.8823529411764706,1.0,1.0,0.7142857142857143,1.0,True,0.9225797579757976,0.9957945774787255,0.0008771386704641611,0.9918920091510789,126.86403006808465,0.9985738479365363,0.9938992042440318,0.609924416694052,0.8776427061310782,0.9117647058823529,1.0,1.0,0.7857142857142857,1.0,True,0.9347726439310597,0.9945379175810778,0.0011557591893174828,0.9896469094470282,167.16201608971153,0.9991977894643016,0.9938992042440318,0.6661189615511008,0.9008985200845666,0.9117647058823529,1.0,1.0,0.7857142857142857,1.0,True,0.979006233956729,0.9564711150918047,0.010030338678719584,0.9365371844096372,1450.727496778568,1.0,0.9962864721485412,0.9020703253368386,0.9614164904862579,0.9117647058823529,1.0,1.0,0.7857142857142857,1.0,HistGB,fleet,40000,20000,22.1,B_fleet_size,CTT_Silverado,FS-B,1,3,CTT_Forester|CTT_Traverse|ROAD_ORNL
118722,21816,0.18375701217971396,0.9967914233755808,0.9932067923524163,96923,0.024890421752929687,False,0.758067473414008,0.9997581912707049,4.127711390419582e-05,0.9988076686859132,5.970072003203984,0.8919689811926197,0.9015915119363396,0.39139007558330596,0.5129492600422833,0.8235294117647058,1.0,1.0,0.5714285714285714,1.0,True,0.7837367070040338,0.9996492048643593,6.191567085629373e-05,0.9985119700431824,8.955108004805975,0.9119351100811124,0.9161803713527852,0.4150509365757476,0.5681818181818182,0.8529411764705882,1.0,1.0,0.6428571428571429,1.0,True,0.8936560322698937,0.9960660092985235,0.0007945844426557695,0.9947249293327332,114.9238860616767,0.9811034851591051,0.9851458885941644,0.5704896483733158,0.8031183932346723,0.8823529411764706,1.0,1.0,0.7142857142857143,1.0,True,0.9073157315731574,0.994573409707567,0.0011144820754132871,0.9931885004043579,161.19194408650756,0.9877885729565915,0.9893899204244032,0.6017088399605652,0.8327167019027484,0.9117647058823529,1.0,1.0,0.7857142857142857,1.0,True,0.9631004767143381,0.9553928701345944,0.010123212185004024,0.8995171189308167,1464.160158785777,0.9999108654960335,0.9960212201591512,0.7988826815642458,0.9532241014799154,0.9117647058823529,1.0,1.0,0.7857142857142857,1.0,XGBoost,fleet,40000,20000,8.2,B_fleet_size,CTT_Silverado,FS-B,1,3,CTT_Forester|CTT_Traverse|ROAD_ORNL
118722,21816,0.18375701217971396,0.9648603424819053,0.9217535003178402,96923,0.024890421752929687,False,0.820957095709571,0.9997209042701647,5.159639238024477e-05,8.838102807224557,7.46259000400498,1.0,0.9976127320954907,0.4396976667762077,0.42071881606765327,0.6764705882352942,1.0,0.75,0.42857142857142855,1.0,True,0.820957095709571,0.9992189243472439,0.00014446989866468535,8.320079608686557,20.89525201121394,1.0,0.9976127320954907,0.4396976667762077,0.42071881606765327,0.6764705882352942,1.0,0.75,0.42857142857142855,1.0,True,0.8217821782178217,0.9957234101638434,0.0007945844426557695,7.090404341728478,114.9238860616767,1.0,0.9976127320954907,0.4396976667762077,0.42547568710359407,0.7352941176470589,1.0,0.9166666666666666,0.42857142857142855,1.0,True,0.8235698569856986,0.9952362488229103,0.0008874579489402101,6.9052388758704435,128.35654806888564,1.0,0.9976127320954907,0.4396976667762077,0.4357822410147992,0.7352941176470589,1.0,0.9166666666666666,0.42857142857142855,1.0,True,0.8335166850018335,0.9539397754695205,0.009060326501970983,4.728868083960847,1310.4308047032746,1.0,0.9976127320954907,0.4429838974696024,0.4904862579281184,0.8823529411764706,1.0,1.0,0.7142857142857143,1.0,Rule:Combined,fleet,40000,20000,0.3,B_fleet_size,CTT_Silverado,FS-B,1,3,CTT_Forester|CTT_Traverse|ROAD_ORNL
118722,21816,0.18375701217971396,0.9921747850818214,0.990318512239179,96923,0.024890421752929687,False,0.852997799779978,0.9998925366718607,2.063855695209791e-05,0.9338162317792279,2.985036001601992,0.9999108654960335,0.993103448275862,0.49687808084127505,0.5642177589852009,0.8529411764705882,1.0,1.0,0.6428571428571429,1.0,True,0.8738998899889989,0.9996329697986577,7.223494933234268e-05,0.9019073569336166,10.44762600560697,1.0,0.9936339522546419,0.5718041406506736,0.6236786469344608,0.8823529411764706,1.0,1.0,0.7142857142857143,1.0,True,0.9227172717271728,0.9966826756448978,0.00069139165789528,0.689700906617769,99.99870605366672,1.0,0.9941644562334218,0.761091028590207,0.7523784355179705,0.9117647058823529,1.0,1.0,0.7857142857142857,1.0,True,0.928951228456179,0.9957743710691824,0.0008874579489402101,0.6413404364997073,128.35654806888564,1.0,0.9944297082228116,0.7821229050279329,0.7711416490486258,0.9117647058823529,1.0,1.0,0.7857142857142857,1.0,True,0.9745599559955995,0.9558942541138387,0.010123212185004024,0.13223618876345447,1464.160158785777,1.0,0.9954907161803713,0.9076569175156096,0.9320824524312896,0.9117647058823529,1.0,1.0,0.7857142857142857,1.0,HistGB,fleet,40000,20000,22.93,B_fleet_size,CTT_Silverado,FS-B,0,4,CIDv2_OpelAstra|CIDv2_RenaultClio|CTT_Forester|ROAD_ORNL
118722,21816,0.18375701217971396,0.992275503056122,0.990231993671168,96923,0.024890421752929687,False,0.8628987898789879,1.0,0.0,0.9300725460052491,0.0,0.9984847134325697,0.9872679045092838,0.4308248439040421,0.6844608879492601,0.8529411764705882,1.0,1.0,0.6428571428571429,1.0,True,0.9085991932526586,0.9996973976195279,6.191567085629373e-05,0.8371134996414185,8.955108004805975,0.9998217309920671,0.9925729442970822,0.5990798554058495,0.8033826638477801,0.8823529411764706,1.0,1.0,0.7142857142857143,1.0,True,0.9408232489915658,0.9975213841368584,0.0005262832022784967,0.665409505367279,76.1184180408508,0.9999108654960335,0.9941644562334218,0.7265856063095629,0.8847780126849895,0.9117647058823529,1.0,1.0,0.7857142857142857,1.0,True,0.9456362302896957,0.9967146584211035,0.0007017109363713289,0.6196393370628357,101.49122405446772,0.9999108654960335,0.9941644562334218,0.7476174827472889,0.8956131078224101,0.9117647058823529,1.0,1.0,0.7857142857142857,1.0,True,0.9763934726806014,0.9575634974151495,0.009741398881390213,0.20159821212291718,1408.9369927561402,1.0,0.9949602122015915,0.8823529411764706,0.9635306553911205,0.9117647058823529,1.0,1.0,0.7857142857142857,1.0,XGBoost,fleet,40000,20000,7.79,B_fleet_size,CTT_Silverado,FS-B,0,4,CIDv2_OpelAstra|CIDv2_RenaultClio|CTT_Forester|ROAD_ORNL
118722,21816,0.18375701217971396,0.9626413104474062,0.9193190602882062,96923,0.024890421752929687,False,0.7562797946461313,0.9996970431410567,5.159639238024477e-05,10.985691869979314,7.46259000400498,0.9997325964881005,0.9976127320954907,0.011501807426881366,0.3929704016913319,0.5,1.0,0.5,0.21428571428571427,1.0,True,0.7562797946461313,0.9991521831284442,0.00014446989866468535,10.342532750311536,20.89525201121394,0.9997325964881005,0.9976127320954907,0.011501807426881366,0.3929704016913319,0.5,1.0,0.5,0.21428571428571427,1.0,True,0.7882288228822882,0.9955421756498581,0.0007945844426557695,8.815811815021252,114.9238860616767,0.9998217309920671,0.9976127320954907,0.2201774564574433,0.4090909090909091,0.6176470588235294,1.0,0.75,0.2857142857142857,1.0,True,0.7883204987165383,0.9950242999305716,0.0008874579489402101,8.585916979519224,128.35654806888564,0.9998217309920671,0.9976127320954907,0.2201774564574433,0.4096194503171247,0.6470588235294118,1.0,0.8333333333333334,0.2857142857142857,1.0,True,0.8259075907590759,0.9482658807431188,0.010143850741956123,5.336723261284766,1467.1451947873788,0.9999108654960335,0.9976127320954907,0.431482090042721,0.4561310782241015,0.8235294117647058,1.0,1.0,0.5714285714285714,1.0,Rule:Combined,fleet,40000,20000,0.28,B_fleet_size,CTT_Silverado,FS-B,0,4,CIDv2_OpelAstra|CIDv2_RenaultClio|CTT_Forester|ROAD_ORNL
118722,21816,0.18375701217971396,0.9919970069400119,0.9902005072679468,96923,0.024890421752929687,False,0.8182984965163183,1.0,0.0,0.9541215148816645,0.0,0.9920670291469827,0.9896551724137931,0.34998356884653303,0.508985200845666,0.8529411764705882,1.0,1.0,0.6428571428571429,1.0,True,0.8355335533553355,0.9997257719519552,5.159639238024477e-05,0.9332988143485305,7.46259000400498,0.9952758712897762,0.9928381962864722,0.39664804469273746,0.5581395348837209,0.8823529411764706,1.0,1.0,0.7142857142857143,1.0,True,0.9236340300696736,0.9974259974259975,0.0005366024807545456,0.6814895448244386,77.61093604165178,0.9997325964881005,0.9941644562334218,0.7279000985869208,0.7851479915433404,0.9117647058823529,1.0,1.0,0.7857142857142857,1.0,True,0.9346351301796846,0.9960918417195896,0.0008255422780839163,0.6038881993053352,119.40144006407968,0.9999108654960335,0.9941644562334218,0.7699638514623727,0.8142177589852009,0.9117647058823529,1.0,1.0,0.7857142857142857,1.0,True,0.9768060139347268,0.9582265389630829,0.00958660970424948,0.10307080536313126,1386.5492227441252,1.0,0.9957559681697613,0.909300032862307,0.943446088794926,0.9117647058823529,1.0,1.0,0.7857142857142857,1.0,HistGB,fleet,40000,20000,25.84,B_fleet_size,CTT_Silverado,FS-B,1,4,CIDv2_OpelAstra|CIDv2_RenaultClio|CTT_Forester|ROAD_ORNL
118722,21816,0.18375701217971396,0.9914144892043054,0.9884612486665953,96923,0.024890421752929687,False,0.7661807847451412,1.0,0.0,0.9871199131011964,0.0,0.9791425260718424,0.8737400530503979,0.29083141636542886,0.40988372093023256,0.8529411764705882,1.0,1.0,0.6428571428571429,1.0,True,0.8721580491382471,0.9995797215655372,8.255422780839164e-05,0.9356029033660889,11.940144006407968,0.9991086549603352,0.9838196286472148,0.5146237265856063,0.6720401691331924,0.8823529411764706,1.0,1.0,0.7142857142857143,1.0,True,0.9289053905390539,0.9970970281440661,0.0006088374300868883,0.8110866546630859,88.05856204725876,0.9999108654960335,0.9938992042440318,0.7170555372987184,0.8239957716701902,0.8823529411764706,1.0,1.0,0.7142857142857143,1.0,True,0.9394939493949395,0.9957248348231637,0.000908096505892308,0.7573449611663818,131.34158407048764,0.9999108654960335,0.9941644562334218,0.7601051593821886,0.8501585623678647,0.9117647058823529,1.0,1.0,0.7857142857142857,1.0,True,0.9733681701503484,0.9630822259512903,0.00839989267950385,0.2767556607723236,1214.9096526520107,1.0,0.9952254641909815,0.88268156424581,0.9455602536997886,0.9117647058823529,1.0,1.0,0.7857142857142857,1.0,XGBoost,fleet,40000,20000,8.12,B_fleet_size,CTT_Silverado,FS-B,1,4,CIDv2_OpelAstra|CIDv2_RenaultClio|CTT_Forester|ROAD_ORNL
118722,21816,0.18375701217971396,0.962453372905931,0.919132010229111,96923,0.024890421752929687,False,0.7505500550055005,0.9996947310580622,5.159639238024477e-05,11.140624340731325,7.46259000400498,0.999643461984134,0.9976127320954907,0.0,0.36945031712473575,0.4117647058823529,1.0,0.5,0.0,1.0,True,0.7562797946461313,0.9991521831284442,0.00014446989866468535,10.487861436151757,20.89525201121394,0.9997325964881005,0.9976127320954907,0.011501807426881366,0.3929704016913319,0.5,1.0,0.5,0.21428571428571427,1.0,True,0.7882288228822882,0.9955421756498581,0.0007945844426557695,8.93834318829219,114.9238860616767,0.9998217309920671,0.9976127320954907,0.2201774564574433,0.4090909090909091,0.6176470588235294,1.0,0.75,0.2857142857142857,1.0,True,0.7883204987165383,0.9950242999305716,0.0008874579489402101,8.705015515588642,128.35654806888564,0.9998217309920671,0.9976127320954907,0.2201774564574433,0.4096194503171247,0.6470588235294118,1.0,0.8333333333333334,0.2857142857142857,1.0,True,0.8259075907590759,0.948215977265551,0.010154170020432172,5.407304165165786,1468.6377127881801,0.9999108654960335,0.9976127320954907,0.431482090042721,0.4561310782241015,0.8235294117647058,1.0,1.0,0.5714285714285714,1.0,Rule:Combined,fleet,40000,20000,0.3,B_fleet_size,CTT_Silverado,FS-B,1,4,CIDv2_OpelAstra|CIDv2_RenaultClio|CTT_Forester|ROAD_ORNL
118722,21816,0.18375701217971396,0.9985480894383785,0.9974468228051877,96923,0.024890421752929687,False,0.782040704070407,1.0,0.0,0.9999096271082444,0.0,0.9879668419645244,0.8737400530503979,0.3036477160696681,0.46485200845665964,0.8529411764705882,1.0,1.0,0.6428571428571429,1.0,True,0.9391272460579392,0.9996096799375488,8.255422780839164e-05,0.9998142996079183,11.940144006407968,0.9993760584722347,0.9625994694960213,0.7952678278015116,0.8528012684989429,0.8823529411764706,1.0,1.0,0.7142857142857143,1.0,True,0.9815731573157316,0.9959536765731827,0.0008977772274162591,0.996863741073671,129.84906606968667,0.9997325964881005,0.9944297082228116,0.9010844561288203,0.9796511627906976,1.0,1.0,1.0,1.0,1.0,True,0.9824899156582325,0.994847992573683,0.001145439910841434,0.9961711527871385,165.66949808891056,0.9997325964881005,0.9946949602122016,0.9056851790995728,0.9809725158562368,1.0,1.0,1.0,1.0,1.0,True,0.9906032269893656,0.9568316656335784,0.01006129651414773,0.9176378646679811,1455.2050507809709,1.0,0.996551724137931,0.9470916858363457,0.9918076109936576,1.0,1.0,1.0,1.0,1.0,HistGB,fleet,40000,20000,14.71,B_fleet_size,CTT_Silverado,FS-B,0,4,CIDv2_OpelAstra|CTT_Forester|CTT_Impala|CTT_Traverse
118722,21816,0.18375701217971396,0.9982676095005809,0.9968832507999558,96923,0.024890421752929687,False,0.4553997066373304,0.9997987320116736,2.063855695209791e-05,0.9999642372131349,2.985036001601992,0.5620821820126571,0.696551724137931,0.0801840289188301,0.2005813953488372,0.8235294117647058,1.0,1.0,0.5714285714285714,1.0,True,0.7230473047304731,0.9994297662041437,9.287350628444059e-05,0.9999128580093384,13.432662007208963,0.8248506997058561,0.83342175066313,0.3601708839960565,0.6030655391120507,0.8529411764705882,1.0,1.0,0.6428571428571429,1.0,True,0.9787770443711038,0.9959886188721488,0.0008874579489402101,0.9986034035682678,128.35654806888564,0.9997325964881005,0.9904509283819629,0.893197502464673,0.9738372093023255,1.0,1.0,1.0,1.0,1.0,True,0.9814356435643564,0.9948424867577362,0.001145439910841434,0.9978576302528381,165.66949808891056,0.9997325964881005,0.9941644562334218,0.9000985869208018,0.9799154334038055,1.0,1.0,1.0,1.0,1.0,True,0.9917033370003667,0.9560740642538336,0.010257362805192662,0.9001490473747253,1483.56289279619,1.0,0.996816976127321,0.9533355241537956,0.9928646934460887,1.0,1.0,1.0,1.0,1.0,XGBoost,fleet,40000,20000,8.88,B_fleet_size,CTT_Silverado,FS-B,0,4,CIDv2_OpelAstra|CTT_Forester|CTT_Impala|CTT_Traverse
118722,21816,0.18375701217971396,0.9984299330849091,0.992121938730753,96923,0.024890421752929687,False,0.8034470113678035,1.0,0.0,31250.000000000004,0.0,1.0,0.8480106100795756,0.6033519553072626,0.3372093023255814,0.7352941176470589,1.0,0.8333333333333334,0.6428571428571429,0.5,True,0.9197378071140447,0.9999501644572909,1.0319278476048955e-05,31250.0,1.492518000800996,1.0,0.8482758620689655,0.8879395333552416,0.7785412262156448,0.8529411764705882,1.0,0.9166666666666666,0.8571428571428571,0.5,True,0.9197378071140447,0.9999501644572909,1.0319278476048955e-05,31250.0,1.492518000800996,1.0,0.8482758620689655,0.8879395333552416,0.7785412262156448,0.8529411764705882,1.0,0.9166666666666666,0.8571428571428571,0.5,True,0.9197378071140447,0.9999501644572909,1.0319278476048955e-05,31250.0,1.492518000800996,1.0,0.8482758620689655,0.8879395333552416,0.7785412262156448,0.8529411764705882,1.0,0.9166666666666666,0.8571428571428571,0.5,True,0.9197378071140447,0.9999501644572909,1.0319278476048955e-05,31250.0,1.492518000800996,1.0,0.8482758620689655,0.8879395333552416,0.7785412262156448,0.8529411764705882,1.0,0.9166666666666666,0.8571428571428571,0.5,Rule:Combined,fleet,40000,20000,0.31,B_fleet_size,CTT_Silverado,FS-B,0,4,CIDv2_OpelAstra|CTT_Forester|CTT_Impala|CTT_Traverse
118722,21816,0.18375701217971396,0.9978667909581567,0.9971143919711715,96923,0.024890421752929687,False,0.723001466813348,1.0,0.0,0.9999098885984835,0.0,0.8129958106783136,0.6161803713527851,0.5514295103516267,0.7005813953488372,0.7058823529411765,0.75,0.8333333333333334,0.6428571428571429,0.5,True,0.8973230656398973,0.9997957099080694,4.127711390419582e-05,0.999858894070907,5.970072003203984,0.9391211337908905,0.8753315649867374,0.7505750903713441,0.9133192389006343,0.8823529411764706,1.0,1.0,0.7142857142857143,1.0,True,0.9848276494316098,0.9957362005839552,0.0009493736197965038,0.9916749365436297,137.3116560736916,1.0,0.9944297082228116,0.9132435096943805,0.9878435517970402,1.0,1.0,1.0,1.0,1.0,True,0.9862486248624862,0.9933976637887253,0.0014756568220750006,0.9820387234592708,213.43007411454244,1.0,0.9944297082228116,0.9221163325665461,0.9889006342494715,1.0,1.0,1.0,1.0,1.0,True,0.9911074440777411,0.9554573574900574,0.010401832703857347,0.7785438225740283,1504.458144807404,1.0,0.9970822281167109,0.9464344396976668,0.9947145877378436,1.0,1.0,1.0,1.0,1.0,HistGB,fleet,40000,20000,14.96,B_fleet_size,CTT_Silverado,FS-B,1,4,CIDv2_OpelAstra|CTT_Forester|CTT_Impala|CTT_Traverse
118722,21816,0.18375701217971396,0.9983305963121647,0.9971490439897651,96923,0.024890421752929687,False,0.6756508984231756,0.9999321619971508,1.0319278476048955e-05,0.9999386072158815,1.492518000800996,0.8162937873250735,0.8381962864721485,0.28458757804797896,0.41120507399577166,0.8235294117647058,1.0,1.0,0.6428571428571429,0.75,True,0.8204070407040704,0.9995532223835586,8.255422780839164e-05,0.9998389482498169,11.940144006407968,0.9007041625813352,0.8620689655172413,0.604337824515281,0.7145877378435518,0.8823529411764706,1.0,1.0,0.7142857142857143,1.0,True,0.9828107810781078,0.9954963320642585,0.0010009700121767487,0.9953200221061707,144.7742460776966,1.0,0.9941644562334218,0.9040420637528754,0.9838794926004228,1.0,1.0,1.0,1.0,1.0,True,0.9837275394206088,0.9935648148148148,0.0014343797081708047,0.9932063817977905,207.46000211133844,1.0,0.9944297082228116,0.9079855405849491,0.9857293868921776,1.0,1.0,1.0,1.0,1.0,True,0.9902365236523653,0.9551242373330975,0.010474067653189688,0.7774630784988403,1514.9057708130108,1.0,0.996551724137931,0.9421623397962537,0.9936575052854123,1.0,1.0,1.0,1.0,1.0,XGBoost,fleet,40000,20000,6.65,B_fleet_size,CTT_Silverado,FS-B,1,4,CIDv2_OpelAstra|CTT_Forester|CTT_Impala|CTT_Traverse
118722,21816,0.18375701217971396,0.9984303412961911,0.9921272888354181,96923,0.024890421752929687,False,0.8034470113678035,1.0,0.0,31250.000000000004,0.0,1.0,0.8480106100795756,0.6033519553072626,0.3372093023255814,0.7352941176470589,1.0,0.8333333333333334,0.6428571428571429,0.5,True,0.9197378071140447,0.9999501644572909,1.0319278476048955e-05,31250.0,1.492518000800996,1.0,0.8482758620689655,0.8879395333552416,0.7785412262156448,0.8529411764705882,1.0,0.9166666666666666,0.8571428571428571,0.5,True,0.9197378071140447,0.9999501644572909,1.0319278476048955e-05,31250.0,1.492518000800996,1.0,0.8482758620689655,0.8879395333552416,0.7785412262156448,0.8529411764705882,1.0,0.9166666666666666,0.8571428571428571,0.5,True,0.9197378071140447,0.9999501644572909,1.0319278476048955e-05,31250.0,1.492518000800996,1.0,0.8482758620689655,0.8879395333552416,0.7785412262156448,0.8529411764705882,1.0,0.9166666666666666,0.8571428571428571,0.5,True,0.9197378071140447,0.9999501644572909,1.0319278476048955e-05,31250.0,1.492518000800996,1.0,0.8482758620689655,0.8879395333552416,0.7785412262156448,0.8529411764705882,1.0,0.9166666666666666,0.8571428571428571,0.5,Rule:Combined,fleet,40000,20000,0.28,B_fleet_size,CTT_Silverado,FS-B,1,4,CIDv2_OpelAstra|CTT_Forester|CTT_Impala|CTT_Traverse
118722,21816,0.18375701217971396,0.9959954440139561,0.9939832413946345,96923,0.024890421752929687,False,0.8250825082508251,0.9998889012331963,2.063855695209791e-05,0.9945958723965836,2.985036001601992,0.9694268651394955,0.9936339522546419,0.4002628984554716,0.5708245243128964,0.8823529411764706,1.0,1.0,0.7142857142857143,1.0,True,0.879033736707004,0.9996351125938282,7.223494933234268e-05,0.9880934269451784,10.44762600560697,0.994117122738212,0.9936339522546419,0.5418994413407822,0.6947674418604651,0.8823529411764706,1.0,1.0,0.7142857142857143,1.0,True,0.9531994866153282,0.995690687096002,0.0009287350628444059,0.9338996401214411,134.32662007208964,1.0,0.9941644562334218,0.8324022346368715,0.8707716701902748,0.9117647058823529,1.0,1.0,0.7857142857142857,1.0,True,0.9586541987532087,0.9948152023973743,0.0011248013538893362,0.9169982593043822,162.68446208730856,1.0,0.9941644562334218,0.8550772264212948,0.883985200845666,0.9117647058823529,1.0,1.0,0.7857142857142857,1.0,True,0.9824899156582325,0.9593590546951929,0.009369904856252451,0.4374442194185558,1355.2063447273042,1.0,0.9954907161803713,0.9201445941505094,0.9677589852008457,0.9411764705882353,1.0,1.0,0.8571428571428571,1.0,HistGB,fleet,40000,20000,24.92,B_fleet_size,CTT_Silverado,FS-B,0,4,CIDv2_OpelAstra|CTT_Forester|CTT_Traverse|ROAD_ORNL
118722,21816,0.18375701217971396,0.9965795761472348,0.9942157523498675,96923,0.024890421752929687,False,0.693023469013568,1.0,0.0,0.9983447790145875,0.0,0.8358142436937338,0.9013262599469496,0.2928031547814657,0.38398520084566595,0.8529411764705882,1.0,1.0,0.6428571428571429,1.0,True,0.8864136413641364,0.999483150713252,0.00010319278476048954,0.9881452322006226,14.92518000800996,0.9958106783135752,0.9862068965517241,0.5251396648044693,0.7531712473572939,0.9117647058823529,1.0,1.0,0.7857142857142857,1.0,True,0.9554455445544554,0.9959386497204835,0.0008771386704641611,0.9248925447463989,126.86403006808465,1.0,0.9944297082228116,0.8054551429510352,0.9051268498942917,0.9117647058823529,1.0,1.0,0.7857142857142857,1.0,True,0.9614503116978365,0.9943585853797289,0.0012279941386498256,0.9003224968910217,177.60964209531852,1.0,0.9946949602122016,0.8356884653302662,0.915169133192389,0.9117647058823529,1.0,1.0,0.7857142857142857,1.0,True,0.9838192152548588,0.957272200169484,0.009885868780054898,0.4296971559524536,1429.832244767354,1.0,0.9954907161803713,0.9240880709825829,0.9722515856236786,0.9117647058823529,1.0,1.0,0.7857142857142857,1.0,XGBoost,fleet,40000,20000,10.45,B_fleet_size,CTT_Silverado,FS-B,0,4,CIDv2_OpelAstra|CTT_Forester|CTT_Traverse|ROAD_ORNL
118722,21816,0.18375701217971396,0.9632565016411587,0.9198783137506499,96923,0.024890421752929687,False,0.7675559222588926,0.9997014925373134,5.159639238024477e-05,9.376486424265774,7.46259000400498,0.9998217309920671,0.9976127320954907,0.07788366743345383,0.4043340380549683,0.5294117647058824,1.0,0.5,0.2857142857142857,1.0,True,0.7880454712137881,0.9991863303498779,0.00014446989866468535,8.82679486757845,20.89525201121394,0.9998217309920671,0.9976127320954907,0.2201774564574433,0.4080338266384778,0.5588235294117647,1.0,0.5833333333333334,0.2857142857142857,1.0,True,0.8098643197653098,0.9956607495069033,0.0007945844426557695,7.521945753442679,114.9238860616767,0.9998217309920671,0.9976127320954907,0.3697009530069011,0.41358350951374206,0.6470588235294118,1.0,0.8333333333333334,0.2857142857142857,1.0,True,0.80995599559956,0.9951565667943231,0.0008874579489402101,7.325460550734579,128.35654806888564,0.9998217309920671,0.9976127320954907,0.3697009530069011,0.4141120507399577,0.6764705882352942,1.0,0.9166666666666666,0.2857142857142857,1.0,True,0.8323248991565824,0.947802484601733,0.010319278476048955,4.5623628684053505,1492.5180008009959,1.0,0.9976127320954907,0.43411107459743675,0.4907505285412262,0.8235294117647058,1.0,1.0,0.5714285714285714,1.0,Rule:Combined,fleet,40000,20000,0.32,B_fleet_size,CTT_Silverado,FS-B,0,4,CIDv2_OpelAstra|CTT_Forester|CTT_Traverse|ROAD_ORNL
118722,21816,0.18375701217971396,0.9961386031901851,0.9940527657612508,96923,0.024890421752929687,False,0.7686560322698937,1.0,0.0,0.9971959314441873,0.0,0.9356448881361975,0.9846153846153847,0.2803154781465659,0.45110993657505283,0.8235294117647058,1.0,1.0,0.5714285714285714,1.0,True,0.8661532819948662,0.9997354637320777,5.159639238024477e-05,0.98694360543081,7.46259000400498,0.9723683037703895,0.9936339522546419,0.527768649359185,0.696353065539112,0.8529411764705882,1.0,1.0,0.6428571428571429,1.0,True,0.9514576457645765,0.9968783017961771,0.000670753100943182,0.931943699338884,97.01367005206474,0.9995543274801676,0.9941644562334218,0.786395004929346,0.8990486257928119,0.9117647058823529,1.0,1.0,0.7857142857142857,1.0,True,0.9578291162449578,0.9951897890174787,0.0010422471260809443,0.9097332463927694,150.74431808090057,0.9999108654960335,0.9949602122015915,0.8113703581991456,0.9138477801268499,0.9117647058823529,1.0,1.0,0.7857142857142857,1.0,True,0.9828107810781078,0.9584711667411712,0.00958660970424948,0.40544798070470933,1386.5492227441252,1.0,0.9957559681697613,0.9217877094972067,0.9680232558139535,0.9117647058823529,1.0,1.0,0.7857142857142857,1.0,HistGB,fleet,40000,20000,28.79,B_fleet_size,CTT_Silverado,FS-B,1,4,CIDv2_OpelAstra|CTT_Forester|CTT_Traverse|ROAD_ORNL
118722,21816,0.18375701217971396,0.9964650286558456,0.9939242251730457,96923,0.024890421752929687,False,0.7988632196552988,0.999827892834605,3.095783542814686e-05,0.9942007064819337,4.477554002402988,0.93279258400927,0.96684350132626,0.35589878409464343,0.5906448202959831,0.8529411764705882,1.0,1.0,0.6428571428571429,1.0,True,0.8671617161716172,0.9992077325305023,0.00015478917714073433,0.9836517572402954,22.38777001201494,0.9690703271236295,0.9907161803713528,0.5054222806441012,0.7328224101479915,0.8529411764705882,1.0,1.0,0.6428571428571429,1.0,True,0.9432984965163183,0.9959829638950731,0.0008565001135120632,0.918668270111084,123.87899406648266,0.9975042338889384,0.9944297082228116,0.7591192901741702,0.8797568710359408,0.9117647058823529,1.0,1.0,0.7857142857142857,1.0,True,0.9508159149248259,0.994677280138103,0.001145439910841434,0.8955018520355225,165.66949808891056,0.9991086549603352,0.9949602122015915,0.7860663818600065,0.8961416490486258,0.9117647058823529,1.0,1.0,0.7857142857142857,1.0,True,0.9822607260726073,0.957677869145513,0.00977235671681836,0.3521919548511505,1413.414546758543,1.0,0.9962864721485412,0.9201445941505094,0.9656448202959831,0.9117647058823529,1.0,1.0,0.7857142857142857,1.0,XGBoost,fleet,40000,20000,19.8,B_fleet_size,CTT_Silverado,FS-B,1,4,CIDv2_OpelAstra|CTT_Forester|CTT_Traverse|ROAD_ORNL
118722,21816,0.18375701217971396,0.9636146155127281,0.920404446539238,96923,0.024890421752929687,False,0.7675559222588926,0.9997014925373134,5.159639238024477e-05,9.220172125100724,7.46259000400498,0.9998217309920671,0.9976127320954907,0.07788366743345383,0.4043340380549683,0.5294117647058824,1.0,0.5,0.2857142857142857,1.0,True,0.7880454712137881,0.9991863303498779,0.00014446989866468535,8.680307704908294,20.89525201121394,0.9998217309920671,0.9976127320954907,0.2201774564574433,0.4080338266384778,0.5588235294117647,1.0,0.5833333333333334,0.2857142857142857,1.0,True,0.8098643197653098,0.9956607495069033,0.0007945844426557695,7.398786091793517,114.9238860616767,0.9998217309920671,0.9976127320954907,0.3697009530069011,0.41358350951374206,0.6470588235294118,1.0,0.8333333333333334,0.2857142857142857,1.0,True,0.80995599559956,0.9951565667943231,0.0008874579489402101,7.205813562479705,128.35654806888564,0.9998217309920671,0.9976127320954907,0.3697009530069011,0.4141120507399577,0.6764705882352942,1.0,0.9166666666666666,0.2857142857142857,1.0,True,0.8323248991565824,0.947802484601733,0.010319278476048955,4.492113288101612,1492.5180008009959,1.0,0.9976127320954907,0.43411107459743675,0.4907505285412262,0.8235294117647058,1.0,1.0,0.5714285714285714,1.0,Rule:Combined,fleet,40000,20000,0.29,B_fleet_size,CTT_Silverado,FS-B,1,4,CIDv2_OpelAstra|CTT_Forester|CTT_Traverse|ROAD_ORNL
118722,21816,0.18375701217971396,0.9984684719194269,0.9967979708570942,96923,0.024890421752929687,False,0.0037587092042537587,1.0,0.0,0.999722382054803,0.0,0.0,0.0,0.0026289845547157412,0.019556025369978858,0.2647058823529412,0.0,0.5,0.21428571428571427,0.0,True,0.541024935826916,0.999407281964437,7.223494933234268e-05,0.9997036860049303,10.44762600560697,0.7989125590516089,0.10026525198938992,0.27768649359185016,0.4273255813953488,0.8529411764705882,0.75,1.0,0.8571428571428571,0.5,True,0.9677301063439677,0.9948166996513053,0.001135120632365385,0.9957931384791532,164.17698008810956,0.9991086549603352,0.9941644562334218,0.8317449884981926,0.9577167019027484,1.0,1.0,1.0,1.0,1.0,True,0.9712137880454712,0.993342709798406,0.0014653375435989516,0.9949642389657305,211.93755611374144,0.9991977894643016,0.9946949602122016,0.8498192573118633,0.9624735729386892,1.0,1.0,1.0,1.0,1.0,True,0.9902823615694902,0.9575392252459888,0.009885868780054898,0.9494678800769438,1429.832244767354,1.0,0.9962864721485412,0.9454485704896484,0.9915433403805497,1.0,1.0,1.0,1.0,1.0,HistGB,fleet,40000,20000,12.29,B_fleet_size,CTT_Silverado,FS-B,0,4,CIDv2_Prototype|CIDv2_RenaultClio|CTT_Forester|CTT_Traverse
118722,21816,0.18375701217971396,0.998685485645717,0.9973012066744231,96923,0.024890421752929687,False,0.575999266593326,1.0,0.0,0.9999886751174928,0.0,0.788840360103396,0.3885941644562334,0.28261583963194215,0.367600422832981,0.7352941176470589,1.0,0.8333333333333334,0.6428571428571429,0.5,True,0.666941694169417,0.9994504739662041,8.255422780839164e-05,0.9999786615371704,11.940144006407968,0.8105891790712185,0.49045092838196286,0.41899441340782123,0.6162790697674418,0.8529411764705882,1.0,0.9166666666666666,0.7857142857142857,0.75,True,0.974009900990099,0.9949431099873578,0.0011144820754132871,0.9991979002952576,161.19194408650756,1.0,0.9761273209549072,0.9060138021689123,0.9495243128964059,1.0,1.0,1.0,1.0,1.0,True,0.9802896956362303,0.992758332559651,0.001609807442263637,0.998931348323822,232.83280812495536,1.0,0.9854111405835544,0.9145580019717384,0.9696088794926004,1.0,1.0,1.0,1.0,1.0,True,0.9917950128346168,0.9569659442724459,0.010040657957195633,0.9820318222045898,1452.2200147793692,1.0,0.996551724137931,0.9520210318764377,0.9947145877378436,1.0,1.0,1.0,1.0,1.0,XGBoost,fleet,40000,20000,5.74,B_fleet_size,CTT_Silverado,FS-B,0,4,CIDv2_Prototype|CIDv2_RenaultClio|CTT_Forester|CTT_Traverse
118722,21816,0.18375701217971396,0.9981550867466097,0.991784666597159,96923,0.024890421752929687,False,0.8034470113678035,1.0,0.0,31250.000000000004,0.0,1.0,0.8480106100795756,0.6033519553072626,0.3372093023255814,0.7352941176470589,1.0,0.8333333333333334,0.6428571428571429,0.5,True,0.9197378071140447,0.9999501644572909,1.0319278476048955e-05,31250.0,1.492518000800996,1.0,0.8482758620689655,0.8879395333552416,0.7785412262156448,0.8529411764705882,1.0,0.9166666666666666,0.8571428571428571,0.5,True,0.9197378071140447,0.9999501644572909,1.0319278476048955e-05,31250.0,1.492518000800996,1.0,0.8482758620689655,0.8879395333552416,0.7785412262156448,0.8529411764705882,1.0,0.9166666666666666,0.8571428571428571,0.5,True,0.9197378071140447,0.9999501644572909,1.0319278476048955e-05,31250.0,1.492518000800996,1.0,0.8482758620689655,0.8879395333552416,0.7785412262156448,0.8529411764705882,1.0,0.9166666666666666,0.8571428571428571,0.5,True,0.9197378071140447,0.9999501644572909,1.0319278476048955e-05,31250.0,1.492518000800996,1.0,0.8482758620689655,0.8879395333552416,0.7785412262156448,0.8529411764705882,1.0,0.9166666666666666,0.8571428571428571,0.5,Rule:Combined,fleet,40000,20000,0.29,B_fleet_size,CTT_Silverado,FS-B,0,4,CIDv2_Prototype|CIDv2_RenaultClio|CTT_Forester|CTT_Traverse
118722,21816,0.18375701217971396,0.9986897191230897,0.997154471603644,96923,0.024890421752929687,False,0.32466996699669964,1.0,0.0,0.9998782998663652,0.0,0.556912380782601,0.022281167108753316,0.11863292803154782,0.10306553911205074,0.6470588235294118,0.75,0.75,0.5714285714285714,0.5,True,0.3895764576457646,0.999529577796072,4.127711390419582e-05,0.9998612841167129,5.970072003203984,0.5644888136197522,0.08328912466843501,0.25928360170883996,0.2809196617336152,0.7941176470588235,0.75,0.8333333333333334,0.8571428571428571,0.5,True,0.9766226622662266,0.994770753571762,0.0011557591893174828,0.9960357261940377,167.16201608971153,1.0,0.9925729442970822,0.8948406178113704,0.9571881606765328,1.0,1.0,1.0,1.0,1.0,True,0.9776769343601027,0.9935715283924162,0.0014240604296947557,0.9955841400445272,205.9674841105374,1.0,0.993103448275862,0.8984554715741045,0.959830866807611,1.0,1.0,1.0,1.0,1.0,True,0.9889072240557389,0.9557435874717582,0.010308959197572905,0.9754740778703063,1491.025482800195,1.0,0.9957559681697613,0.9365757476174827,0.9912790697674418,1.0,1.0,1.0,1.0,1.0,HistGB,fleet,40000,20000,12.08,B_fleet_size,CTT_Silverado,FS-B,1,4,CIDv2_Prototype|CIDv2_RenaultClio|CTT_Forester|CTT_Traverse
118722,21816,0.18375701217971396,0.9986804844662467,0.99737662322528,96923,0.024890421752929687,False,0.6698753208654199,0.9998631636562672,2.063855695209791e-05,0.9999731779098512,2.985036001601992,0.8065781263927266,0.649867374005305,0.3769306605323694,0.5200845665961945,0.8235294117647058,1.0,1.0,0.5714285714285714,1.0,True,0.7348276494316098,0.9996258651867557,6.191567085629373e-05,0.9999557733535767,8.955108004805975,0.8293074249041804,0.7750663129973475,0.4686164968780808,0.6286997885835095,0.8823529411764706,1.0,1.0,0.7142857142857143,1.0,True,0.9715346534653465,0.9956313416009019,0.0009596928982725527,0.9992896318435669,138.8041740744926,1.0,0.9790450928381963,0.8734801183043049,0.9585095137420718,1.0,1.0,1.0,1.0,1.0,True,0.9771727172717272,0.9943097014925373,0.0012589519740779725,0.9990967512130737,182.08719609772152,1.0,0.9864721485411141,0.8859677949392047,0.9735729386892178,1.0,1.0,1.0,1.0,1.0,True,0.9903281994866153,0.9558888593929741,0.010288320640620808,0.9877753257751465,1488.040446798593,1.0,0.996816976127321,0.9424909628655932,0.9936575052854123,1.0,1.0,1.0,1.0,1.0,XGBoost,fleet,40000,20000,9.45,B_fleet_size,CTT_Silverado,FS-B,1,4,CIDv2_Prototype|CIDv2_RenaultClio|CTT_Forester|CTT_Traverse
118722,21816,0.18375701217971396,0.9981568527452434,0.9917929989340687,96923,0.024890421752929687,False,0.8034470113678035,1.0,0.0,31250.000000000004,0.0,1.0,0.8480106100795756,0.6033519553072626,0.3372093023255814,0.7352941176470589,1.0,0.8333333333333334,0.6428571428571429,0.5,True,0.9197378071140447,0.9999501644572909,1.0319278476048955e-05,31250.0,1.492518000800996,1.0,0.8482758620689655,0.8879395333552416,0.7785412262156448,0.8529411764705882,1.0,0.9166666666666666,0.8571428571428571,0.5,True,0.9197378071140447,0.9999501644572909,1.0319278476048955e-05,31250.0,1.492518000800996,1.0,0.8482758620689655,0.8879395333552416,0.7785412262156448,0.8529411764705882,1.0,0.9166666666666666,0.8571428571428571,0.5,True,0.9197378071140447,0.9999501644572909,1.0319278476048955e-05,31250.0,1.492518000800996,1.0,0.8482758620689655,0.8879395333552416,0.7785412262156448,0.8529411764705882,1.0,0.9166666666666666,0.8571428571428571,0.5,True,0.9197378071140447,0.9999501644572909,1.0319278476048955e-05,31250.0,1.492518000800996,1.0,0.8482758620689655,0.8879395333552416,0.7785412262156448,0.8529411764705882,1.0,0.9166666666666666,0.8571428571428571,0.5,Rule:Combined,fleet,40000,20000,0.29,B_fleet_size,CTT_Silverado,FS-B,1,4,CIDv2_Prototype|CIDv2_RenaultClio|CTT_Forester|CTT_Traverse
118722,21816,0.18375701217971396,0.9968105733567459,0.9955765046504704,96923,0.024890421752929687,False,0.8393839383938394,0.9999453939824169,1.0319278476048955e-05,0.9983547786778487,1.492518000800996,0.9999108654960335,0.9923076923076923,0.3766020374630299,0.5832452431289641,0.8823529411764706,1.0,1.0,0.7142857142857143,1.0,True,0.8863678034470114,0.9996898102672801,6.191567085629373e-05,0.9966473305619409,8.955108004805975,1.0,0.9936339522546419,0.5369700953006901,0.7235729386892178,0.9117647058823529,1.0,1.0,0.7857142857142857,1.0,True,0.9632838283828383,0.9964910616909289,0.0007636266072276227,0.9861688466381759,110.44633205927371,1.0,0.9941644562334218,0.8586920801840289,0.90776955602537,0.9117647058823529,1.0,1.0,0.7857142857142857,1.0,True,0.969976164283095,0.994968967462855,0.001104162796937238,0.9820917884999882,159.69942608570656,1.0,0.9949602122015915,0.8813670719684522,0.9273255813953488,0.9117647058823529,1.0,1.0,0.7857142857142857,1.0,True,0.9862486248624862,0.9547390841320553,0.010525664045569934,0.8694798309523538,1522.3683608170159,1.0,0.9957559681697613,0.9300032862306934,0.9812367864693446,0.9411764705882353,1.0,1.0,0.8571428571428571,1.0,HistGB,fleet,40000,20000,30.04,B_fleet_size,CTT_Silverado,FS-B,0,4,CTT_Forester|CTT_Impala|CTT_Traverse|ROAD_ORNL
118722,21816,0.18375701217971396,0.997106442812568,0.9949573193263113,96923,0.024890421752929687,False,0.7425284195086175,1.0,0.0,0.9995427131652833,0.0,0.9286923968268117,0.8710875331564987,0.2980611238908971,0.4199260042283298,0.7941176470588235,1.0,1.0,0.5,1.0,True,0.8627154382104877,0.9992567029466419,0.00014446989866468535,0.998394787311554,20.89525201121394,0.9951867367858098,0.9729442970822281,0.4558001971738416,0.6873678646934461,0.8823529411764706,1.0,1.0,0.7142857142857143,1.0,True,0.9263384671800513,0.9954682035367716,0.0009493736197965038,0.9932025074958801,137.3116560736916,0.9998217309920671,0.9941644562334218,0.655603023332238,0.858615221987315,0.9117647058823529,1.0,1.0,0.7857142857142857,1.0,True,0.9343601026769344,0.9936144284669753,0.0013518254803624131,0.9912281036376953,195.51985810493048,0.9998217309920671,0.9944297082228116,0.6779493920473217,0.8866279069767442,0.9117647058823529,1.0,1.0,0.7857142857142857,1.0,True,0.9844151081774845,0.9569130686628348,0.00997874228633934,0.8845254778862,1443.264906774563,1.0,0.9957559681697613,0.9116003943476833,0.9854651162790697,0.9705882352941176,1.0,1.0,0.9285714285714286,1.0,XGBoost,fleet,40000,20000,8.24,B_fleet_size,CTT_Silverado,FS-B,0,4,CTT_Forester|CTT_Impala|CTT_Traverse|ROAD_ORNL
118722,21816,0.18375701217971396,0.9631398236936702,0.9192111530590532,96923,0.024890421752929687,False,0.7880454712137881,0.9997092516136535,5.159639238024477e-05,8.414315151228063,7.46259000400498,0.9998217309920671,0.9976127320954907,0.2201774564574433,0.4080338266384778,0.5588235294117647,1.0,0.5833333333333334,0.2857142857142857,1.0,True,0.8096809680968097,0.9992080552098653,0.00014446989866468535,7.921677732776475,20.89525201121394,0.9998217309920671,0.9976127320954907,0.3697009530069011,0.41252642706131076,0.5882352941176471,1.0,0.6666666666666666,0.2857142857142857,1.0,True,0.8185276861019435,0.9957064793130367,0.0007945844426557695,6.75226282866083,114.9238860616767,0.9999108654960335,0.9976127320954907,0.41767992113046337,0.4246828752642706,0.6470588235294118,1.0,0.8333333333333334,0.2857142857142857,1.0,True,0.8186193619361937,0.9952075787127334,0.0008874579489402101,6.576171415488343,128.35654806888564,0.9999108654960335,0.9976127320954907,0.41767992113046337,0.42521141649048627,0.6764705882352942,1.0,0.9166666666666666,0.2857142857142857,1.0,True,0.8325082508250825,0.9525857547466695,0.009328627742348255,4.42320751191723,1349.2362727241002,1.0,0.9976127320954907,0.43411107459743675,0.4918076109936575,0.8235294117647058,1.0,1.0,0.5714285714285714,1.0,Rule:Combined,fleet,40000,20000,0.28,B_fleet_size,CTT_Silverado,FS-B,0,4,CTT_Forester|CTT_Impala|CTT_Traverse|ROAD_ORNL
118722,21816,0.18375701217971396,0.9974460367579284,0.9946202452026417,96923,0.024890421752929687,False,0.6686835350201686,0.9997258771929824,4.127711390419582e-05,0.9997383896123652,5.970072003203984,0.7417773420090917,0.9305039787798408,0.33618139993427537,0.4585095137420719,0.8823529411764706,1.0,1.0,0.7142857142857143,1.0,True,0.697011367803447,0.9993427970557308,0.00010319278476048954,0.9996695390441763,14.92518000800996,0.7665567341117747,0.9464190981432361,0.36214262241209333,0.5116279069767442,0.9117647058823529,1.0,1.0,0.7857142857142857,1.0,True,0.8853593692702604,0.9957725421456927,0.0008461808350360143,0.9988411050202883,122.38647606568166,0.9788751225599429,0.9883289124668435,0.5954650016431153,0.7386363636363636,0.9117647058823529,1.0,1.0,0.7857142857142857,1.0,True,0.9083700036670334,0.9940807624780537,0.0012176748601737766,0.9985251153726539,176.11712409451752,0.9942953917461449,0.9938992042440318,0.6565888925402563,0.770877378435518,0.9117647058823529,1.0,1.0,0.7857142857142857,1.0,True,0.9812522918958563,0.9573792486583185,0.009834272387674654,0.9862000432171963,1422.3696547633492,1.0,0.9957559681697613,0.9109431482090042,0.9677589852008457,0.9117647058823529,1.0,1.0,0.7857142857142857,1.0,HistGB,fleet,40000,20000,18.02,B_fleet_size,CTT_Silverado,FS-B,1,4,CTT_Forester|CTT_Impala|CTT_Traverse|ROAD_ORNL
118722,21816,0.18375701217971396,0.9969443441465068,0.9928303896820784,96923,0.024890421752929687,False,0.4520993766043271,0.9998986212489862,1.0319278476048955e-05,0.9998470544815065,1.492518000800996,0.5979142526071842,0.32519893899204244,0.2842589549786395,0.28118393234672306,0.7941176470588235,1.0,0.9166666666666666,0.5714285714285714,1.0,True,0.6167491749174917,0.9991831278776176,0.0001135120632365385,0.9996763467788696,16.417698008810955,0.7629913539531152,0.6190981432360743,0.3299375616168255,0.4114693446088795,0.8235294117647058,1.0,1.0,0.5714285714285714,1.0,True,0.8314998166483315,0.9952814660375288,0.0008874579489402101,0.9989829659461975,128.35654806888564,0.9372493092075943,0.9257294429708223,0.4719027275714755,0.7132663847780126,0.8823529411764706,1.0,1.0,0.7142857142857143,1.0,True,0.85001833516685,0.9945829981228211,0.0010422471260809443,0.9988340735435486,150.74431808090057,0.9491041982351368,0.946949602122016,0.49490634242523823,0.7452431289640592,0.8823529411764706,1.0,1.0,0.7142857142857143,1.0,True,0.9673634030069673,0.9562735058226471,0.009958103729387241,0.9876948595046997,1440.2798707729612,1.0,0.9954907161803713,0.8192573118632928,0.9616807610993657,0.9411764705882353,1.0,1.0,0.8571428571428571,1.0,XGBoost,fleet,40000,20000,7.59,B_fleet_size,CTT_Silverado,FS-B,1,4,CTT_Forester|CTT_Impala|CTT_Traverse|ROAD_ORNL
118722,21816,0.18375701217971396,0.9672033581686996,0.9252223091954423,96923,0.024890421752929687,False,0.7880454712137881,0.9997092516136535,5.159639238024477e-05,8.246597347252276,7.46259000400498,0.9998217309920671,0.9976127320954907,0.2201774564574433,0.4080338266384778,0.5588235294117647,1.0,0.5833333333333334,0.2857142857142857,1.0,True,0.8096809680968097,0.9992080552098653,0.00014446989866468535,7.7634619514048335,20.89525201121394,0.9998217309920671,0.9976127320954907,0.3697009530069011,0.41252642706131076,0.5882352941176471,1.0,0.6666666666666666,0.2857142857142857,1.0,True,0.8185276861019435,0.9957064793130367,0.0007945844426557695,6.616602798103765,114.9238860616767,0.9999108654960335,0.9976127320954907,0.41767992113046337,0.4246828752642706,0.6470588235294118,1.0,0.8333333333333334,0.2857142857142857,1.0,True,0.8186193619361937,0.995096673538753,0.000908096505892308,6.445177648205348,131.34158407048764,0.9999108654960335,0.9976127320954907,0.41767992113046337,0.42521141649048627,0.6764705882352942,1.0,0.9166666666666666,0.2857142857142857,1.0,True,0.8326457645764577,0.9535933644810751,0.009122242172827276,4.415427148543962,1319.3859127080805,1.0,0.9976127320954907,0.4344396976667762,0.49233615221987315,0.8235294117647058,1.0,1.0,0.5714285714285714,1.0,Rule:Combined,fleet,40000,20000,0.31,B_fleet_size,CTT_Silverado,FS-B,1,4,CTT_Forester|CTT_Impala|CTT_Traverse|ROAD_ORNL
118722,21816,0.18375701217971396,0.9966783171585549,0.9949552972712945,96923,0.024890421752929687,False,0.8211404473780711,1.0,0.0,0.9950952340900362,0.0,0.996880292361173,0.9793103448275862,0.3940190601380217,0.4859936575052854,0.8529411764705882,1.0,1.0,0.6428571428571429,1.0,True,0.8986065273193986,0.9995920864776667,8.255422780839164e-05,0.9836985891925246,11.940144006407968,0.9998217309920671,0.9928381962864722,0.6677620768977982,0.6902748414376322,0.8823529411764706,1.0,1.0,0.7142857142857143,1.0,True,0.9650715071507151,0.996591877307583,0.0007429880502755247,0.9072586045891493,107.4612960576717,1.0,0.9938992042440318,0.8711797568189287,0.9082980972515856,0.9117647058823529,1.0,1.0,0.7857142857142857,1.0,True,0.9704803813714705,0.9950650937632185,0.0010835242399851403,0.8749971335851426,156.7143900841046,1.0,0.9938992042440318,0.8885967794939205,0.9254756871035941,0.9117647058823529,1.0,1.0,0.7857142857142857,1.0,True,0.9866153281994866,0.9588382038488952,0.009535013311869234,0.3630318904819229,1379.0866327401204,1.0,0.996551724137931,0.9329608938547486,0.9801797040169133,0.9705882352941176,1.0,1.0,0.9285714285714286,1.0,HistGB,fleet,40000,20000,17.32,B_fleet_size,CTT_Silverado,FS-B,0,5,CIDv2_OpelAstra|CIDv2_Prototype|CTT_Forester|CTT_Impala|ROAD_ORNL
118722,21816,0.18375701217971396,0.9957627072946083,0.9933654536362857,96923,0.024890421752929687,False,0.8307664099743308,0.9996139209089405,7.223494933234268e-05,0.9755393266677858,10.44762600560697,0.9999108654960335,0.993103448275862,0.3989484061781137,0.514799154334038,0.8529411764705882,1.0,1.0,0.6428571428571429,1.0,True,0.8426384305097177,0.9995650046218258,8.255422780839164e-05,0.9639236330986023,11.940144006407968,0.9999108654960335,0.993368700265252,0.4429838974696024,0.547568710359408,0.8529411764705882,1.0,1.0,0.6428571428571429,1.0,True,0.9247341400806748,0.996148528540391,0.0008049037211318185,0.8224384188652039,116.41640406247768,0.9999108654960335,0.9936339522546419,0.7341439369043707,0.7864693446088795,0.9117647058823529,1.0,1.0,0.7857142857142857,1.0,True,0.9343142647598093,0.9948264922641418,0.0010938435184611893,0.7783572673797607,158.2069080849056,0.9999108654960335,0.9938992042440318,0.7679921130463359,0.8142177589852009,0.9117647058823529,1.0,1.0,0.7857142857142857,1.0,True,0.981023102310231,0.955489084334122,0.010288320640620808,0.26536425948143005,1488.040446798593,1.0,0.9952254641909815,0.9158724942490963,0.9630021141649049,0.9117647058823529,1.0,1.0,0.7857142857142857,1.0,XGBoost,fleet,40000,20000,7.17,B_fleet_size,CTT_Silverado,FS-B,0,5,CIDv2_OpelAstra|CIDv2_Prototype|CTT_Forester|CTT_Impala|ROAD_ORNL
118722,21816,0.18375701217971396,0.9689228412922746,0.928872791741533,96923,0.024890421752929687,False,0.7675559222588926,0.9997014925373134,5.159639238024477e-05,9.44406388814935,7.46259000400498,0.9998217309920671,0.9976127320954907,0.07788366743345383,0.4043340380549683,0.5294117647058824,1.0,0.5,0.2857142857142857,1.0,True,0.7880454712137881,0.9991863303498779,0.00014446989866468535,8.890918960223413,20.89525201121394,0.9998217309920671,0.9976127320954907,0.2201774564574433,0.4080338266384778,0.5588235294117647,1.0,0.5833333333333334,0.2857142857142857,1.0,True,0.8098643197653098,0.9956607495069033,0.0007945844426557695,7.5778722881177885,114.9238860616767,0.9998217309920671,0.9976127320954907,0.3697009530069011,0.41358350951374206,0.6470588235294118,1.0,0.8333333333333334,0.2857142857142857,1.0,True,0.80995599559956,0.9951565667943231,0.0008874579489402101,7.380152690703077,128.35654806888564,0.9998217309920671,0.9976127320954907,0.3697009530069011,0.4141120507399577,0.6764705882352942,1.0,0.9166666666666666,0.2857142857142857,1.0,True,0.8323248991565824,0.948000417667328,0.010278001362144759,4.597994165285012,1486.5479287977919,1.0,0.9976127320954907,0.43411107459743675,0.4907505285412262,0.8235294117647058,1.0,1.0,0.5714285714285714,1.0,Rule:Combined,fleet,40000,20000,0.29,B_fleet_size,CTT_Silverado,FS-B,0,5,CIDv2_OpelAstra|CIDv2_Prototype|CTT_Forester|CTT_Impala|ROAD_ORNL
118722,21816,0.18375701217971396,0.9955282592097707,0.9939115571754894,96923,0.024890421752929687,False,0.8706453978731207,0.9998420803284729,3.095783542814686e-05,0.9845868228700071,4.477554002402988,1.0,0.9938992042440318,0.5392704567860663,0.6308139534883721,0.8823529411764706,1.0,1.0,0.7142857142857143,1.0,True,0.8827007700770076,0.999740421555394,5.159639238024477e-05,0.9818165852939644,7.46259000400498,1.0,0.9938992042440318,0.583963194216234,0.6643763213530656,0.8823529411764706,1.0,1.0,0.7142857142857143,1.0,True,0.9549871653832049,0.9968898033398728,0.000670753100943182,0.9179482308190875,97.01367005206474,1.0,0.9952254641909815,0.8199145580019718,0.8900634249471459,0.9117647058823529,1.0,1.0,0.7857142857142857,1.0,True,0.9603960396039604,0.9953917050691244,0.0010009700121767487,0.900489991999806,144.7742460776966,1.0,0.9954907161803713,0.8333881038448899,0.9101479915433404,0.9117647058823529,1.0,1.0,0.7857142857142857,1.0,True,0.984965163182985,0.9574477565387871,0.009854910944626752,0.5651894026376517,1425.354690764951,1.0,0.9970822281167109,0.9260598093986198,0.9756871035940803,0.9117647058823529,1.0,1.0,0.7857142857142857,1.0,HistGB,fleet,40000,20000,18.94,B_fleet_size,CTT_Silverado,FS-B,1,5,CIDv2_OpelAstra|CIDv2_Prototype|CTT_Forester|CTT_Impala|ROAD_ORNL
118722,21816,0.18375701217971396,0.9946633463016428,0.9925548385740433,96923,0.024890421752929687,False,0.8256784011734507,0.9999444876207394,1.0319278476048955e-05,0.9890053868293763,1.492518000800996,0.9990195204563687,0.9795755968169761,0.35162668419323034,0.5396405919661733,0.8529411764705882,1.0,1.0,0.6428571428571429,1.0,True,0.8744499449944995,0.9996855840276686,6.191567085629373e-05,0.9688692092895508,8.955108004805975,0.9999108654960335,0.9917771883289125,0.48570489648373316,0.6982029598308668,0.8529411764705882,1.0,1.0,0.6428571428571429,1.0,True,0.9405940594059405,0.9962132245849111,0.0008049037211318185,0.8316159248352051,116.41640406247768,1.0,0.9944297082228116,0.735787052251068,0.8755285412262156,0.9117647058823529,1.0,1.0,0.7857142857142857,1.0,True,0.9487073707370737,0.9945699183085055,0.0011660784677935319,0.7879564762115479,168.65453409051253,1.0,0.9944297082228116,0.767334866907657,0.8969344608879493,0.9117647058823529,1.0,1.0,0.7857142857142857,1.0,True,0.9836817015034837,0.958292399749933,0.009638206096629723,0.29474636912345886,1394.01181274813,1.0,0.9962864721485412,0.9201445941505094,0.9738372093023255,0.9117647058823529,1.0,1.0,0.7857142857142857,1.0,XGBoost,fleet,40000,20000,7.7,B_fleet_size,CTT_Silverado,FS-B,1,5,CIDv2_OpelAstra|CIDv2_Prototype|CTT_Forester|CTT_Impala|ROAD_ORNL
118722,21816,0.18375701217971396,0.9692367917170984,0.9294665058410853,96923,0.024890421752929687,False,0.7675559222588926,0.9997014925373134,5.159639238024477e-05,9.267062840975635,7.46259000400498,0.9998217309920671,0.9976127320954907,0.07788366743345383,0.4043340380549683,0.5294117647058824,1.0,0.5,0.2857142857142857,1.0,True,0.7880454712137881,0.9991863303498779,0.00014446989866468535,8.724409941849341,20.89525201121394,0.9998217309920671,0.9976127320954907,0.2201774564574433,0.4080338266384778,0.5588235294117647,1.0,0.5833333333333334,0.2857142857142857,1.0,True,0.8098643197653098,0.9956607495069033,0.0007945844426557695,7.436269081590649,114.9238860616767,0.9998217309920671,0.9976127320954907,0.3697009530069011,0.41358350951374206,0.6470588235294118,1.0,0.8333333333333334,0.2857142857142857,1.0,True,0.80995599559956,0.9951565667943231,0.0008874579489402101,7.24229982085191,128.35654806888564,0.9998217309920671,0.9976127320954907,0.3697009530069011,0.4141120507399577,0.6764705882352942,1.0,0.9166666666666666,0.2857142857142857,1.0,True,0.8323248991565824,0.947802484601733,0.010319278476048955,4.5145828864293875,1492.5180008009959,1.0,0.9976127320954907,0.43411107459743675,0.4907505285412262,0.8235294117647058,1.0,1.0,0.5714285714285714,1.0,Rule:Combined,fleet,40000,20000,0.25,B_fleet_size,CTT_Silverado,FS-B,1,5,CIDv2_OpelAstra|CIDv2_Prototype|CTT_Forester|CTT_Impala|ROAD_ORNL
118722,21816,0.18375701217971396,0.994449521873809,0.9925824571300865,96923,0.024890421752929687,False,0.8048221488815548,0.9999430491485848,1.0319278476048955e-05,0.9959779074992035,1.492518000800996,0.9783403155361441,0.9936339522546419,0.3279658232007887,0.4857293868921776,0.8529411764705882,1.0,1.0,0.6428571428571429,1.0,True,0.8681701503483682,0.9996833104613111,6.191567085629373e-05,0.9900834592335624,8.955108004805975,0.9922452981549158,0.9936339522546419,0.5504436411436083,0.6308139534883721,0.8823529411764706,1.0,1.0,0.7142857142857143,1.0,True,0.9403190319031903,0.9972291089397696,0.0005881988731347904,0.9647042216370744,85.07352604565676,1.0,0.9936339522546419,0.8051265198816957,0.8189746300211417,0.9117647058823529,1.0,1.0,0.7857142857142857,1.0,True,0.947011367803447,0.99561466917257,0.0009390543413204549,0.9558922558569379,135.81913807289064,1.0,0.9938992042440318,0.8287873808741374,0.8382663847780126,0.9117647058823529,1.0,1.0,0.7857142857142857,1.0,True,0.9791437477081042,0.9548095834078312,0.010432790539285494,0.7683726152288175,1508.935698809807,1.0,0.9960212201591512,0.9211304633585278,0.9471458773784355,0.9117647058823529,1.0,1.0,0.7857142857142857,1.0,HistGB,fleet,40000,20000,17.99,B_fleet_size,CTT_Silverado,FS-B,0,5,CIDv2_OpelAstra|CIDv2_Prototype|CTT_Forester|CTT_Traverse|ROAD_ORNL
118722,21816,0.18375701217971396,0.9956379034356357,0.9927615749922574,96923,0.024890421752929687,False,0.7717271727172718,0.9997031055162995,5.159639238024477e-05,0.9980773925781251,7.46259000400498,0.9365362331758624,0.9625994694960213,0.28984554715741045,0.48044397463002114,0.8235294117647058,1.0,1.0,0.5714285714285714,1.0,True,0.8458470847084708,0.9996749553063546,6.191567085629373e-05,0.9944748282432556,8.955108004805975,0.9927801051787147,0.9923076923076923,0.3601708839960565,0.654862579281184,0.8823529411764706,1.0,1.0,0.7142857142857143,1.0,True,0.9218463513017968,0.9956926428359244,0.0008977772274162591,0.9647635817527771,129.84906606968667,0.9999108654960335,0.9941644562334218,0.6072954321393362,0.8713002114164905,0.9117647058823529,1.0,1.0,0.7857142857142857,1.0,True,0.927988632196553,0.9946447872654024,0.0011248013538893362,0.9570977687835693,162.68446208730856,0.9999108654960335,0.9944297082228116,0.6335852776864936,0.885306553911205,0.9117647058823529,1.0,1.0,0.7857142857142857,1.0,True,0.979968830216355,0.954803269170649,0.010443109817761542,0.5880839228630066,1510.4282168106076,1.0,0.9962864721485412,0.9079855405849491,0.9622093023255814,0.9117647058823529,1.0,1.0,0.7857142857142857,1.0,XGBoost,fleet,40000,20000,8.19,B_fleet_size,CTT_Silverado,FS-B,0,5,CIDv2_OpelAstra|CIDv2_Prototype|CTT_Forester|CTT_Traverse|ROAD_ORNL
118722,21816,0.18375701217971396,0.9638090321666404,0.92058061211188,96923,0.024890421752929687,False,0.7675559222588926,0.9997014925373134,5.159639238024477e-05,9.422445514977753,7.46259000400498,0.9998217309920671,0.9976127320954907,0.07788366743345383,0.4043340380549683,0.5294117647058824,1.0,0.5,0.2857142857142857,1.0,True,0.7880454712137881,0.9991863303498779,0.00014446989866468535,8.87128927423377,20.89525201121394,0.9998217309920671,0.9976127320954907,0.2201774564574433,0.4080338266384778,0.5588235294117647,1.0,0.5833333333333334,0.2857142857142857,1.0,True,0.8098643197653098,0.9956607495069033,0.0007945844426557695,7.562963316274285,114.9238860616767,0.9998217309920671,0.9976127320954907,0.3697009530069011,0.41358350951374206,0.6470588235294118,1.0,0.8333333333333334,0.2857142857142857,1.0,True,0.80995599559956,0.9951565667943231,0.0008874579489402101,7.365954567697099,128.35654806888564,0.9998217309920671,0.9976127320954907,0.3697009530069011,0.4141120507399577,0.6764705882352942,1.0,0.9166666666666666,0.2857142857142857,1.0,True,0.8323248991565824,0.9478519601190165,0.010308959197572905,4.593798561905149,1491.025482800195,1.0,0.9976127320954907,0.43411107459743675,0.4907505285412262,0.8235294117647058,1.0,1.0,0.5714285714285714,1.0,Rule:Combined,fleet,40000,20000,0.28,B_fleet_size,CTT_Silverado,FS-B,0,5,CIDv2_OpelAstra|CIDv2_Prototype|CTT_Forester|CTT_Traverse|ROAD_ORNL
118722,21816,0.18375701217971396,0.9951620525377135,0.9933863267330362,96923,0.024890421752929687,False,0.7846534653465347,0.9999415853729774,1.0319278476048955e-05,0.9985377842054053,1.492518000800996,0.9590872626793832,0.9610079575596817,0.3006901084456129,0.4809725158562368,0.8529411764705882,1.0,1.0,0.6428571428571429,1.0,True,0.8725247524752475,0.9996848904994485,6.191567085629373e-05,0.9957006353997232,8.955108004805975,0.9942062572421785,0.993103448275862,0.4702596122247782,0.7151162790697675,0.8529411764705882,1.0,1.0,0.6428571428571429,1.0,True,0.9590209020902091,0.996617920259134,0.0007326687717994758,0.9661799445696156,105.96877805687072,0.9999108654960335,0.9941644562334218,0.7988826815642458,0.931553911205074,0.9117647058823529,1.0,1.0,0.7857142857142857,1.0,True,0.962000366703337,0.9954937861682952,0.0009803314552246506,0.9592228749703512,141.78921007609458,1.0,0.9941644562334218,0.8146565888925402,0.9357822410147991,0.9117647058823529,1.0,1.0,0.7857142857142857,1.0,True,0.9814814814814815,0.9583743621878077,0.009596928982725527,0.6739277627030966,1388.041740744926,1.0,0.9960212201591512,0.9083141636542885,0.9709302325581395,0.9117647058823529,1.0,1.0,0.7857142857142857,1.0,HistGB,fleet,40000,20000,29.89,B_fleet_size,CTT_Silverado,FS-B,1,5,CIDv2_OpelAstra|CIDv2_Prototype|CTT_Forester|CTT_Traverse|ROAD_ORNL
118722,21816,0.18375701217971396,0.9959268500916714,0.9931455732071465,96923,0.024890421752929687,False,0.7623303997066373,0.9999398749398749,1.0319278476048955e-05,0.9971966743469239,1.492518000800996,0.9148765487120064,0.9326259946949602,0.304304962208347,0.5087209302325582,0.8235294117647058,1.0,1.0,0.5714285714285714,1.0,True,0.871057939127246,0.9995791909946873,8.255422780839164e-05,0.9908772110939026,11.940144006407968,0.9895712630359212,0.9795755968169761,0.42063752875451854,0.773784355179704,0.8823529411764706,1.0,1.0,0.7142857142857143,1.0,True,0.9391272460579392,0.9960136120563928,0.0008461808350360143,0.9517555832862854,122.38647606568166,0.9999108654960335,0.9941644562334218,0.6786066381860006,0.9135835095137421,0.9117647058823529,1.0,1.0,0.7857142857142857,1.0,True,0.9444902823615695,0.9950260768785011,0.0010628856830330424,0.9416818022727966,153.7293540825026,0.9999108654960335,0.9941644562334218,0.7078540913572132,0.9209830866807611,0.9117647058823529,1.0,1.0,0.7857142857142857,1.0,True,0.9802438577191053,0.9577660336796847,0.009731079602914165,0.5060517191886902,1407.4444747553393,1.0,0.9957559681697613,0.9053565560302334,0.9664376321353065,0.9117647058823529,1.0,1.0,0.7857142857142857,1.0,XGBoost,fleet,40000,20000,10.46,B_fleet_size,CTT_Silverado,FS-B,1,5,CIDv2_OpelAstra|CIDv2_Prototype|CTT_Forester|CTT_Traverse|ROAD_ORNL
118722,21816,0.18375701217971396,0.966615874493083,0.9256849175185146,96923,0.024890421752929687,False,0.7675559222588926,0.9997014925373134,5.159639238024477e-05,9.296702715074115,7.46259000400498,0.9998217309920671,0.9976127320954907,0.07788366743345383,0.4043340380549683,0.5294117647058824,1.0,0.5,0.2857142857142857,1.0,True,0.7880454712137881,0.9991863303498779,0.00014446989866468535,8.752307104862217,20.89525201121394,0.9998217309920671,0.9976127320954907,0.2201774564574433,0.4080338266384778,0.5588235294117647,1.0,0.5833333333333334,0.2857142857142857,1.0,True,0.8098643197653098,0.9956607495069033,0.0007945844426557695,7.460029424620422,114.9238860616767,0.9998217309920671,0.9976127320954907,0.3697009530069011,0.41358350951374206,0.6470588235294118,1.0,0.8333333333333334,0.2857142857142857,1.0,True,0.80995599559956,0.9951565667943231,0.0008874579489402101,7.265437238285043,128.35654806888564,0.9998217309920671,0.9976127320954907,0.3697009530069011,0.4141120507399577,0.6764705882352942,1.0,0.9166666666666666,0.2857142857142857,1.0,True,0.8323248991565824,0.947802484601733,0.010319278476048955,4.528960334925349,1492.5180008009959,1.0,0.9976127320954907,0.43411107459743675,0.4907505285412262,0.8235294117647058,1.0,1.0,0.5714285714285714,1.0,Rule:Combined,fleet,40000,20000,0.31,B_fleet_size,CTT_Silverado,FS-B,1,5,CIDv2_OpelAstra|CIDv2_Prototype|CTT_Forester|CTT_Traverse|ROAD_ORNL
118722,21816,0.18375701217971396,0.9967526631704028,0.9943914875747157,96923,0.024890421752929687,False,0.8351668500183351,0.9999451182701279,1.0319278476048955e-05,0.9774793177559559,1.492518000800996,0.9989303859524021,0.9920424403183024,0.3854748603351955,0.554968287526427,0.8529411764705882,1.0,1.0,0.6428571428571429,1.0,True,0.8865969930326366,0.9995865633074935,8.255422780839164e-05,0.9471988529791538,11.940144006407968,0.9999108654960335,0.9936339522546419,0.5455142951035162,0.7182875264270613,0.8823529411764706,1.0,1.0,0.7142857142857143,1.0,True,0.9383480014668133,0.997077589985875,0.0006191567085629373,0.8031860132928316,89.55108004805976,1.0,0.9941644562334218,0.7384160368057837,0.8607293868921776,0.9117647058823529,1.0,1.0,0.7857142857142857,1.0,True,0.9432984965163183,0.9960311698368908,0.0008461808350360143,0.7663613335160606,122.38647606568166,1.0,0.9944297082228116,0.7522182057180414,0.877906976744186,0.9117647058823529,1.0,1.0,0.7857142857142857,1.0,True,0.9846901356802347,0.9572657189964796,0.009896188058530948,0.16887189797625976,1431.324762768155,1.0,0.9960212201591512,0.9254025632599409,0.9756871035940803,0.9411764705882353,1.0,1.0,0.8571428571428571,1.0,HistGB,fleet,40000,20000,24.43,B_fleet_size,CTT_Silverado,FS-B,0,5,CIDv2_OpelAstra|CIDv2_RenaultClio|CTT_Forester|CTT_Impala|ROAD_ORNL
118722,21816,0.18375701217971396,0.9961363100171904,0.993626447758005,96923,0.024890421752929687,False,0.8193527686101943,0.9998321959950778,3.095783542814686e-05,0.9785199761390687,4.477554002402988,0.9997325964881005,0.9899204244031831,0.3434111074597437,0.4973572938689218,0.8529411764705882,1.0,1.0,0.6428571428571429,1.0,True,0.8564356435643564,0.9993581514762516,0.00012383134171258745,0.9435514211654663,17.91021600961195,0.9999108654960335,0.9938992042440318,0.46960236608609923,0.6051797040169133,0.8823529411764706,1.0,1.0,0.7142857142857143,1.0,True,0.9322973964063073,0.996472490323845,0.0007429880502755247,0.7626948356628418,107.4612960576717,1.0,0.9941644562334218,0.746302990469931,0.8195031712473573,0.9117647058823529,1.0,1.0,0.7857142857142857,1.0,True,0.9423817381738174,0.9953522149600581,0.0009906507337006996,0.7070167660713196,143.2817280768956,1.0,0.9941644562334218,0.7840946434439697,0.8472515856236786,0.9117647058823529,1.0,1.0,0.7857142857142857,1.0,True,0.982948294829483,0.957065071855753,0.009927145893959094,0.18677248060703278,1435.8023167705583,1.0,0.9949602122015915,0.9162011173184358,0.9741014799154334,0.9411764705882353,1.0,1.0,0.8571428571428571,1.0,XGBoost,fleet,40000,20000,9.31,B_fleet_size,CTT_Silverado,FS-B,0,5,CIDv2_OpelAstra|CIDv2_RenaultClio|CTT_Forester|CTT_Impala|ROAD_ORNL
118722,21816,0.18375701217971396,0.968370406788682,0.9277449051671155,96923,0.024890421752929687,False,0.7675559222588926,0.9997014925373134,5.159639238024477e-05,9.795189641944049,7.46259000400498,0.9998217309920671,0.9976127320954907,0.07788366743345383,0.4043340380549683,0.5294117647058824,1.0,0.5,0.2857142857142857,1.0,True,0.7675559222588926,0.9991646279610955,0.00014446989866468535,9.221603959279623,20.89525201121394,0.9998217309920671,0.9976127320954907,0.07788366743345383,0.4043340380549683,0.5294117647058824,1.0,0.5,0.2857142857142857,1.0,True,0.8098643197653098,0.9956607495069033,0.0007945844426557695,7.860035347209115,114.9238860616767,0.9998217309920671,0.9976127320954907,0.3697009530069011,0.41358350951374206,0.6470588235294118,1.0,0.8333333333333334,0.2857142857142857,1.0,True,0.80995599559956,0.9951565667943231,0.0008874579489402101,7.655009278029577,128.35654806888564,0.9998217309920671,0.9976127320954907,0.3697009530069011,0.4141120507399577,0.6764705882352942,1.0,0.9166666666666666,0.2857142857142857,1.0,True,0.8323248991565824,0.948000417667328,0.010278001362144759,4.770005368265462,1486.5479287977919,1.0,0.9976127320954907,0.43411107459743675,0.4907505285412262,0.8235294117647058,1.0,1.0,0.5714285714285714,1.0,Rule:Combined,fleet,40000,20000,0.29,B_fleet_size,CTT_Silverado,FS-B,0,5,CIDv2_OpelAstra|CIDv2_RenaultClio|CTT_Forester|CTT_Impala|ROAD_ORNL
118722,21816,0.18375701217971396,0.9966661100802807,0.9947221702210985,96923,0.024890421752929687,False,0.8765126512651266,0.9997908606085957,4.127711390419582e-05,0.967241610314703,5.970072003203984,0.9999108654960335,0.9949602122015915,0.5619454485704897,0.6456131078224101,0.8529411764705882,1.0,1.0,0.6428571428571429,1.0,True,0.9042904290429042,0.9996959562176954,6.191567085629373e-05,0.9442210866213419,8.955108004805975,1.0,0.9949602122015915,0.6529740387775221,0.732293868921776,0.8529411764705882,1.0,1.0,0.6428571428571429,1.0,True,0.957966629996333,0.9974704085528828,0.0005469217592305946,0.7663094453546805,79.1034540424528,1.0,0.996551724137931,0.8310877423595137,0.8969344608879493,0.9117647058823529,1.0,1.0,0.7857142857142857,1.0,True,0.9631921525485881,0.9968216318785579,0.00069139165789528,0.7153327677890309,99.99870605366672,1.0,0.996816976127321,0.8501478803812028,0.9114693446088795,0.9117647058823529,1.0,1.0,0.7857142857142857,1.0,True,0.9852401906857352,0.9585693261383401,0.00958660970424948,0.15871661390995237,1386.5492227441252,1.0,0.9984084880636604,0.9181728557344726,0.982293868921776,0.9117647058823529,1.0,1.0,0.7857142857142857,1.0,HistGB,fleet,40000,20000,20.51,B_fleet_size,CTT_Silverado,FS-B,1,5,CIDv2_OpelAstra|CIDv2_RenaultClio|CTT_Forester|CTT_Impala|ROAD_ORNL
118722,21816,0.18375701217971396,0.9947949563623938,0.9926808290892607,96923,0.024890421752929687,False,0.8237073707370737,1.0,0.0,0.9536155462265016,0.0,1.0,0.993103448275862,0.38843246795925074,0.4822938689217759,0.8529411764705882,1.0,1.0,0.6428571428571429,1.0,True,0.8478181151448478,0.9996216829703292,7.223494933234268e-05,0.9048950672149658,10.44762600560697,1.0,0.9936339522546419,0.47880381202760436,0.5480972515856237,0.8823529411764706,1.0,1.0,0.7142857142857143,1.0,True,0.9126329299596626,0.9967958345849605,0.0006604338224671331,0.7188605666160583,95.52115205126374,1.0,0.9941644562334218,0.6848504765034505,0.7555496828752643,0.9117647058823529,1.0,1.0,0.7857142857142857,1.0,True,0.926980198019802,0.9954713266059562,0.0009493736197965038,0.6582133769989014,137.3116560736916,1.0,0.9941644562334218,0.7325008215576734,0.7999471458773785,0.9117647058823529,1.0,1.0,0.7857142857142857,1.0,True,0.9821232123212321,0.9607640912963544,0.009029368666542836,0.1740674376487732,1305.9532507008714,1.0,0.9952254641909815,0.9125862635557016,0.9719873150105708,0.9705882352941176,1.0,1.0,0.9285714285714286,1.0,XGBoost,fleet,40000,20000,8.69,B_fleet_size,CTT_Silverado,FS-B,1,5,CIDv2_OpelAstra|CIDv2_RenaultClio|CTT_Forester|CTT_Impala|ROAD_ORNL
118722,21816,0.18375701217971396,0.968476134929724,0.9280750325610128,96923,0.024890421752929687,False,0.7675559222588926,0.9997014925373134,5.159639238024477e-05,9.639239355005815,7.46259000400498,0.9998217309920671,0.9976127320954907,0.07788366743345383,0.4043340380549683,0.5294117647058824,1.0,0.5,0.2857142857142857,1.0,True,0.7675559222588926,0.9991646279610955,0.00014446989866468535,9.075451309203274,20.89525201121394,0.9998217309920671,0.9976127320954907,0.07788366743345383,0.4043340380549683,0.5294117647058824,1.0,0.5,0.2857142857142857,1.0,True,0.8098643197653098,0.9956607495069033,0.0007945844426557695,7.737140172391984,114.9238860616767,0.9998217309920671,0.9976127320954907,0.3697009530069011,0.41358350951374206,0.6470588235294118,1.0,0.8333333333333334,0.2857142857142857,1.0,True,0.80995599559956,0.9951565667943231,0.0008874579489402101,7.535616232072619,128.35654806888564,0.9998217309920671,0.9976127320954907,0.3697009530069011,0.4141120507399577,0.6764705882352942,1.0,0.9166666666666666,0.2857142857142857,1.0,True,0.8323248991565824,0.948000417667328,0.010278001362144759,4.6999259112018645,1486.5479287977919,1.0,0.9976127320954907,0.43411107459743675,0.4907505285412262,0.8235294117647058,1.0,1.0,0.5714285714285714,1.0,Rule:Combined,fleet,40000,20000,0.34,B_fleet_size,CTT_Silverado,FS-B,1,5,CIDv2_OpelAstra|CIDv2_RenaultClio|CTT_Forester|CTT_Impala|ROAD_ORNL
118722,21816,0.18375701217971396,0.9962722850532703,0.9942537399563213,96923,0.024890421752929687,False,0.7874037403740374,1.0,0.0,0.9983350406053476,0.0,0.9671985025403333,0.9904509283819629,0.28393033190930006,0.45692389006342493,0.7941176470588235,1.0,1.0,0.5,1.0,True,0.854052071873854,0.9993027621346205,0.0001341506201886364,0.9920838335768419,19.402734010412946,0.9879668419645244,0.9936339522546419,0.42195202103187646,0.6654334038054969,0.8823529411764706,1.0,1.0,0.7142857142857143,1.0,True,0.9160707737440411,0.9952689243027888,0.0009803314552246506,0.9658445483011713,141.78921007609458,0.9997325964881005,0.9944297082228116,0.6273414393690437,0.8221458773784355,0.9117647058823529,1.0,1.0,0.7857142857142857,1.0,True,0.9263384671800513,0.9942438256420348,0.0012073555816977278,0.9561573651783247,174.62460609371655,1.0,0.9944297082228116,0.6671048307591193,0.8485729386892178,0.9117647058823529,1.0,1.0,0.7857142857142857,1.0,True,0.9863861386138614,0.9576342841885096,0.009823953109198605,0.5399356661641145,1420.8771367625482,1.0,0.9954907161803713,0.9263884324679592,0.985200845665962,0.9705882352941176,1.0,1.0,0.9285714285714286,1.0,HistGB,fleet,40000,20000,24.56,B_fleet_size,CTT_Silverado,FS-B,0,5,CIDv2_OpelAstra|CIDv2_RenaultClio|CTT_Impala|CTT_Traverse|ROAD_ORNL
118722,21816,0.18375701217971396,0.9972484601324421,0.9952084779631221,96923,0.024890421752929687,False,0.6654748808214155,0.9999311247331083,1.0319278476048955e-05,0.999490261077881,1.492518000800996,0.8022105356983689,0.8689655172413793,0.29083141636542886,0.358615221987315,0.8235294117647058,1.0,1.0,0.5714285714285714,1.0,True,0.7896497983131646,0.9995938261575954,7.223494933234268e-05,0.998389720916748,10.44762600560697,0.9281575898030128,0.9488063660477454,0.3687150837988827,0.5589323467230444,0.8529411764705882,1.0,1.0,0.6428571428571429,1.0,True,0.9196919691969196,0.9956331877729258,0.000908096505892308,0.9871774911880493,131.34158407048764,0.9994651929762011,0.9938992042440318,0.62964180085442,0.8424947145877378,0.9117647058823529,1.0,1.0,0.7857142857142857,1.0,True,0.931059772643931,0.9942241801272639,0.0012176748601737766,0.9827541708946228,176.11712409451752,0.9998217309920671,0.9941644562334218,0.669733815313835,0.8744714587737844,0.9117647058823529,1.0,1.0,0.7857142857142857,1.0,True,0.9862944627796113,0.9586972019247906,0.00956597114729738,0.7572430372238159,1383.5641867425231,1.0,0.9960212201591512,0.923430824843904,0.986522198731501,0.9411764705882353,1.0,1.0,0.8571428571428571,1.0,XGBoost,fleet,40000,20000,8.95,B_fleet_size,CTT_Silverado,FS-B,0,5,CIDv2_OpelAstra|CIDv2_RenaultClio|CTT_Impala|CTT_Traverse|ROAD_ORNL
118722,21816,0.18375701217971396,0.9709205433456203,0.9319160582541969,96923,0.024890421752929687,False,0.7880454712137881,0.9997092516136535,5.159639238024477e-05,8.745209210254881,7.46259000400498,0.9998217309920671,0.9976127320954907,0.2201774564574433,0.4080338266384778,0.5588235294117647,1.0,0.5833333333333334,0.2857142857142857,1.0,True,0.7880454712137881,0.9991863303498779,0.00014446989866468535,8.231683952719756,20.89525201121394,0.9998217309920671,0.9976127320954907,0.2201774564574433,0.4080338266384778,0.5588235294117647,1.0,0.5833333333333334,0.2857142857142857,1.0,True,0.8098643197653098,0.9956607495069033,0.0007945844426557695,7.012685826899527,114.9238860616767,0.9998217309920671,0.9976127320954907,0.3697009530069011,0.41358350951374206,0.6470588235294118,1.0,0.8333333333333334,0.2857142857142857,1.0,True,0.8186193619361937,0.9952075787127334,0.0008874579489402101,6.829128133325725,128.35654806888564,0.9999108654960335,0.9976127320954907,0.41767992113046337,0.42521141649048627,0.6764705882352942,1.0,0.9166666666666666,0.2857142857142857,1.0,True,0.8323248991565824,0.948000417667328,0.010278001362144759,4.246245056686257,1486.5479287977919,1.0,0.9976127320954907,0.43411107459743675,0.4907505285412262,0.8235294117647058,1.0,1.0,0.5714285714285714,1.0,Rule:Combined,fleet,40000,20000,0.31,B_fleet_size,CTT_Silverado,FS-B,0,5,CIDv2_OpelAstra|CIDv2_RenaultClio|CTT_Impala|CTT_Traverse|ROAD_ORNL
118722,21816,0.18375701217971396,0.995799855467285,0.993306653713178,96923,0.024890421752929687,False,0.7913916391639164,1.0,0.0,0.9981020670718711,0.0,0.9655049469649701,0.9925729442970822,0.2990469930989155,0.4706659619450317,0.7941176470588235,1.0,1.0,0.5,1.0,True,0.8323707370737073,0.9997247302356309,5.159639238024477e-05,0.9957069960132782,7.46259000400498,0.9804795436313397,0.9938992042440318,0.3769306605323694,0.5985729386892178,0.8529411764705882,1.0,1.0,0.6428571428571429,1.0,True,0.9110744407774111,0.9953427813110322,0.0009596928982725527,0.9771254331244789,138.8041740744926,0.9912648186112845,0.9952254641909815,0.6513309234308249,0.7983615221987315,0.9117647058823529,1.0,1.0,0.7857142857142857,1.0,True,0.9174000733406674,0.9935957901007795,0.001331186923410315,0.972395136064384,192.53482210332848,0.9928692396826811,0.9952254641909815,0.6743345382845876,0.8115750528541226,0.9117647058823529,1.0,1.0,0.7857142857142857,1.0,True,0.9793270993766043,0.9557146052337284,0.010216085691288465,0.7907595735493504,1477.592820792986,1.0,0.9960212201591512,0.9014130791981597,0.9640591966173362,0.9411764705882353,1.0,1.0,0.8571428571428571,1.0,HistGB,fleet,40000,20000,21.26,B_fleet_size,CTT_Silverado,FS-B,1,5,CIDv2_OpelAstra|CIDv2_RenaultClio|CTT_Impala|CTT_Traverse|ROAD_ORNL
118722,21816,0.18375701217971396,0.9971433152179479,0.9948339406659351,96923,0.024890421752929687,False,0.6963237990465714,0.9999341758820431,1.0319278476048955e-05,0.999063789844513,1.492518000800996,0.8364381852214993,0.8978779840848806,0.3056194544857049,0.39429175475687106,0.8235294117647058,1.0,1.0,0.5714285714285714,1.0,True,0.7801155115511551,0.9993540810334703,0.0001135120632365385,0.9979602098464966,16.417698008810955,0.9067653088510562,0.9660477453580902,0.37923102201774567,0.5417547568710359,0.8235294117647058,1.0,1.0,0.5714285714285714,1.0,True,0.9278969563623028,0.9955736979294743,0.0009287350628444059,0.9834669232368469,134.32662007208964,0.9986629824405027,0.9941644562334218,0.6953664147223135,0.8390591966173362,0.9117647058823529,1.0,1.0,0.7857142857142857,1.0,True,0.9355977264393106,0.9937195715676729,0.001331186923410315,0.9783387184143066,192.53482210332848,0.9993760584722347,0.9941644562334218,0.720341767992113,0.8612579281183932,0.9117647058823529,1.0,1.0,0.7857142857142857,1.0,True,0.981985698569857,0.9566828919751708,0.010009700121767487,0.7935305237770081,1447.7424607769663,1.0,0.9957559681697613,0.9116003943476833,0.9714587737843552,0.9705882352941176,1.0,1.0,0.9285714285714286,1.0,XGBoost,fleet,40000,20000,8.81,B_fleet_size,CTT_Silverado,FS-B,1,5,CIDv2_OpelAstra|CIDv2_RenaultClio|CTT_Impala|CTT_Traverse|ROAD_ORNL
118722,21816,0.18375701217971396,0.9709142714134167,0.9318430001352657,96923,0.024890421752929687,False,0.7880454712137881,0.9997092516136535,5.159639238024477e-05,8.613922512497965,7.46259000400498,0.9998217309920671,0.9976127320954907,0.2201774564574433,0.4080338266384778,0.5588235294117647,1.0,0.5833333333333334,0.2857142857142857,1.0,True,0.7880454712137881,0.9991863303498779,0.00014446989866468535,8.10787621009174,20.89525201121394,0.9998217309920671,0.9976127320954907,0.2201774564574433,0.4080338266384778,0.5588235294117647,1.0,0.5833333333333334,0.2857142857142857,1.0,True,0.8185276861019435,0.9957064793130367,0.0007945844426557695,6.9066315095440824,114.9238860616767,0.9999108654960335,0.9976127320954907,0.41767992113046337,0.4246828752642706,0.6470588235294118,1.0,0.8333333333333334,0.2857142857142857,1.0,True,0.8186193619361937,0.9952075787127334,0.0008874579489402101,6.725747140667869,128.35654806888564,0.9999108654960335,0.9976127320954907,0.41767992113046337,0.42521141649048627,0.6764705882352942,1.0,0.9166666666666666,0.2857142857142857,1.0,True,0.8323248991565824,0.948000417667328,0.010278001362144759,4.1804810387534825,1486.5479287977919,1.0,0.9976127320954907,0.43411107459743675,0.4907505285412262,0.8235294117647058,1.0,1.0,0.5714285714285714,1.0,Rule:Combined,fleet,40000,20000,0.33,B_fleet_size,CTT_Silverado,FS-B,1,5,CIDv2_OpelAstra|CIDv2_RenaultClio|CTT_Impala|CTT_Traverse|ROAD_ORNL
118722,21816,0.18375701217971396,0.9964930497824169,0.9950872528358861,96923,0.024890421752929687,False,0.7990924092409241,0.9999426408167947,1.0319278476048955e-05,0.9986875099174519,1.492518000800996,0.9668419645244675,0.9909814323607427,0.32730857706210975,0.48995771670190275,0.8529411764705882,1.0,1.0,0.6428571428571429,1.0,True,0.8597359735973598,0.9997867803837953,4.127711390419582e-05,0.9967574097234566,5.970072003203984,0.9975933683929049,0.9936339522546419,0.4538284587578048,0.6440274841437632,0.8529411764705882,1.0,1.0,0.6428571428571429,1.0,True,0.9615878254492116,0.9954918616238789,0.0009803314552246506,0.974614760616073,141.78921007609458,1.0,0.9944297082228116,0.8333881038448899,0.9180761099365751,0.9117647058823529,1.0,1.0,0.7857142857142857,1.0,True,0.9668591859185919,0.9941556299194042,0.0012795905310300703,0.9681464819029072,185.0722320993235,1.0,0.9949602122015915,0.8527768649359185,0.9323467230443975,0.9117647058823529,1.0,1.0,0.7857142857142857,1.0,True,0.9882654932159882,0.9571162212554382,0.00996842300786329,0.6364970462828043,1441.7723887737623,1.0,0.996551724137931,0.9332895169240881,0.9894291754756871,0.9705882352941176,1.0,1.0,0.9285714285714286,1.0,HistGB,fleet,40000,20000,22.82,B_fleet_size,CTT_Silverado,FS-B,0,5,CIDv2_OpelAstra|CTT_Forester|CTT_Impala|CTT_Traverse|ROAD_ORNL
118722,21816,0.18375701217971396,0.997519246353085,0.9960027836913726,96923,0.024890421752929687,False,0.8122937293729373,1.0,0.0,0.9983026981353761,0.0,0.9717443622426242,0.9381962864721486,0.39369043706868223,0.5507399577167019,0.8235294117647058,1.0,1.0,0.5714285714285714,1.0,True,0.858085808580858,0.999786370433668,4.127711390419582e-05,0.99685138463974,5.970072003203984,0.9931366431945806,0.9602122015915119,0.4719027275714755,0.6664904862579282,0.8529411764705882,1.0,1.0,0.6428571428571429,1.0,True,0.9548954895489549,0.9961744452945677,0.0008255422780839163,0.968349039554596,119.40144006407968,1.0,0.9941644562334218,0.8001971738416037,0.9064482029598309,0.9117647058823529,1.0,1.0,0.7857142857142857,1.0,True,0.9620920425375871,0.9949751125859209,0.0010938435184611893,0.9593876004219055,158.2069080849056,1.0,0.9941644562334218,0.8347025961222477,0.9201902748414377,0.9117647058823529,1.0,1.0,0.7857142857142857,1.0,True,0.9894114411441144,0.9575459142933191,0.00987554950157885,0.5015624761581421,1428.3397267665532,1.0,0.9960212201591512,0.9411764705882353,0.9902219873150105,1.0,1.0,1.0,1.0,1.0,XGBoost,fleet,40000,20000,7.16,B_fleet_size,CTT_Silverado,FS-B,0,5,CIDv2_OpelAstra|CTT_Forester|CTT_Impala|CTT_Traverse|ROAD_ORNL
118722,21816,0.18375701217971396,0.9983427620016935,0.9921164259071721,96923,0.024890421752929687,False,0.8034470113678035,1.0,0.0,31250.000000000004,0.0,1.0,0.8480106100795756,0.6033519553072626,0.3372093023255814,0.7352941176470589,1.0,0.8333333333333334,0.6428571428571429,0.5,True,0.9197378071140447,0.9999501644572909,1.0319278476048955e-05,31250.0,1.492518000800996,1.0,0.8482758620689655,0.8879395333552416,0.7785412262156448,0.8529411764705882,1.0,0.9166666666666666,0.8571428571428571,0.5,True,0.9197378071140447,0.9999501644572909,1.0319278476048955e-05,31250.0,1.492518000800996,1.0,0.8482758620689655,0.8879395333552416,0.7785412262156448,0.8529411764705882,1.0,0.9166666666666666,0.8571428571428571,0.5,True,0.9197378071140447,0.9999501644572909,1.0319278476048955e-05,31250.0,1.492518000800996,1.0,0.8482758620689655,0.8879395333552416,0.7785412262156448,0.8529411764705882,1.0,0.9166666666666666,0.8571428571428571,0.5,True,0.9197378071140447,0.9999501644572909,1.0319278476048955e-05,31250.0,1.492518000800996,1.0,0.8482758620689655,0.8879395333552416,0.7785412262156448,0.8529411764705882,1.0,0.9166666666666666,0.8571428571428571,0.5,Rule:Combined,fleet,40000,20000,0.32,B_fleet_size,CTT_Silverado,FS-B,0,5,CIDv2_OpelAstra|CTT_Forester|CTT_Impala|CTT_Traverse|ROAD_ORNL
118722,21816,0.18375701217971396,0.9968384367330713,0.9952154556930763,96923,0.024890421752929687,False,0.7984506784011735,0.9998278039260705,3.095783542814686e-05,0.9983486693819561,4.477554002402988,0.9481237186915055,0.9923076923076923,0.3075911929017417,0.5562896405919662,0.8529411764705882,1.0,1.0,0.6428571428571429,1.0,True,0.8205445544554455,0.9998324396782842,3.095783542814686e-05,0.9975182969646968,4.477554002402988,0.9531152509136287,0.993368700265252,0.35064081498521193,0.6331923890063424,0.8529411764705882,1.0,1.0,0.6428571428571429,1.0,True,0.9570957095709571,0.9967538667175864,0.0007017109363713289,0.9725689262183881,101.49122405446772,0.9999108654960335,0.9941644562334218,0.7955964508708512,0.9230972515856237,0.9117647058823529,1.0,1.0,0.7857142857142857,1.0,True,0.9668591859185919,0.995422369042001,0.0010009700121767487,0.9592642636891787,144.7742460776966,1.0,0.9944297082228116,0.8412750575090371,0.9421247357293869,0.9117647058823529,1.0,1.0,0.7857142857142857,1.0,True,0.9882654932159882,0.9590747330960854,0.009493736197965038,0.4905802798654977,1373.116560736916,1.0,0.9962864721485412,0.9326322707854091,0.9902219873150105,1.0,1.0,1.0,1.0,1.0,HistGB,fleet,40000,20000,20.44,B_fleet_size,CTT_Silverado,FS-B,1,5,CIDv2_OpelAstra|CTT_Forester|CTT_Impala|CTT_Traverse|ROAD_ORNL
118722,21816,0.18375701217971396,0.9975402046676575,0.9958565809777726,96923,0.024890421752929687,False,0.7959295929592959,1.0,0.0,0.997097134590149,0.0,0.9855602103574294,0.9413793103448276,0.3128491620111732,0.4772727272727273,0.8235294117647058,1.0,1.0,0.5714285714285714,1.0,True,0.8639530619728639,0.9998408572489523,3.095783542814686e-05,0.9918296933174133,4.477554002402988,0.9999108654960335,0.9779840848806366,0.4334538284587578,0.693446088794926,0.8529411764705882,1.0,1.0,0.6428571428571429,1.0,True,0.9437110377704437,0.996997578692494,0.0006397952655150352,0.9525405168533325,92.53611604966174,1.0,0.9938992042440318,0.7315149523496549,0.8974630021141649,0.9117647058823529,1.0,1.0,0.7857142857142857,1.0,True,0.952007700770077,0.995351289178568,0.0010009700121767487,0.9373657703399658,144.7742460776966,1.0,0.9941644562334218,0.7742359513637858,0.9106765327695561,0.9117647058823529,1.0,1.0,0.7857142857142857,1.0,True,0.9875320865419875,0.9597719071590859,0.009318308463872205,0.4578098952770233,1347.7437547232992,1.0,0.9960212201591512,0.9329608938547486,0.9859936575052854,0.9705882352941176,1.0,1.0,0.9285714285714286,1.0,XGBoost,fleet,40000,20000,7.27,B_fleet_size,CTT_Silverado,FS-B,1,5,CIDv2_OpelAstra|CTT_Forester|CTT_Impala|CTT_Traverse|ROAD_ORNL
118722,21816,0.18375701217971396,0.9983457060422708,0.9921232034204523,96923,0.024890421752929687,False,0.8034470113678035,1.0,0.0,31250.000000000004,0.0,1.0,0.8480106100795756,0.6033519553072626,0.3372093023255814,0.7352941176470589,1.0,0.8333333333333334,0.6428571428571429,0.5,True,0.9197378071140447,0.9999501644572909,1.0319278476048955e-05,31250.0,1.492518000800996,1.0,0.8482758620689655,0.8879395333552416,0.7785412262156448,0.8529411764705882,1.0,0.9166666666666666,0.8571428571428571,0.5,True,0.9197378071140447,0.9999501644572909,1.0319278476048955e-05,31250.0,1.492518000800996,1.0,0.8482758620689655,0.8879395333552416,0.7785412262156448,0.8529411764705882,1.0,0.9166666666666666,0.8571428571428571,0.5,True,0.9197378071140447,0.9999501644572909,1.0319278476048955e-05,31250.0,1.492518000800996,1.0,0.8482758620689655,0.8879395333552416,0.7785412262156448,0.8529411764705882,1.0,0.9166666666666666,0.8571428571428571,0.5,True,0.9197378071140447,0.9999501644572909,1.0319278476048955e-05,31250.0,1.492518000800996,1.0,0.8482758620689655,0.8879395333552416,0.7785412262156448,0.8529411764705882,1.0,0.9166666666666666,0.8571428571428571,0.5,Rule:Combined,fleet,40000,20000,0.32,B_fleet_size,CTT_Silverado,FS-B,1,5,CIDv2_OpelAstra|CTT_Forester|CTT_Impala|CTT_Traverse|ROAD_ORNL
118722,21816,0.18375701217971396,0.9968992767695649,0.99518743435187,96923,0.024890421752929687,False,0.8874679134580125,0.9999483524429295,1.0319278476048955e-05,0.985843999857613,1.492518000800996,0.9995543274801676,0.9907161803713528,0.6158396319421623,0.6707188160676533,0.9117647058823529,1.0,1.0,0.7857142857142857,1.0,True,0.9291345801246791,0.9997040836456895,6.191567085629373e-05,0.9675803281614374,8.955108004805975,1.0,0.9949602122015915,0.7380874137364443,0.8070824524312896,0.9117647058823529,1.0,1.0,0.7857142857142857,1.0,True,0.9614503116978365,0.9972898440471663,0.0005881988731347904,0.9043498832112637,85.07352604565676,1.0,0.9954907161803713,0.8567203417679922,0.8974630021141649,0.9117647058823529,1.0,1.0,0.7857142857142857,1.0,True,0.9665383204987166,0.9957028852056476,0.0009390543413204549,0.8811679363013484,135.81913807289064,1.0,0.9954907161803713,0.8744659875123234,0.9125264270613108,0.9117647058823529,1.0,1.0,0.7857142857142857,1.0,True,0.9867986798679867,0.95603517186251,0.010216085691288465,0.3820373806765311,1477.592820792986,1.0,0.9976127320954907,0.9303319093000328,0.982293868921776,0.9705882352941176,1.0,1.0,0.9285714285714286,1.0,HistGB,fleet,40000,20000,18.14,B_fleet_size,CTT_Silverado,FS-B,0,6,CIDv2_OpelAstra|CIDv2_Prototype|CIDv2_RenaultClio|CTT_Forester|CTT_Impala|ROAD_ORNL
118722,21816,0.18375701217971396,0.9963735318574819,0.994424677491969,96923,0.024890421752929687,False,0.8086725339200587,0.9998866470188166,2.063855695209791e-05,0.98705393075943,2.985036001601992,0.9999108654960335,0.9352785145888595,0.3637857377587907,0.47330866807610994,0.8529411764705882,1.0,1.0,0.6428571428571429,1.0,True,0.8614778144481114,0.9996276793787564,7.223494933234268e-05,0.9583417773246765,10.44762600560697,0.9999108654960335,0.9872679045092838,0.5113374958922117,0.607293868921776,0.8823529411764706,1.0,1.0,0.7142857142857143,1.0,True,0.942015034836817,0.9957844752398488,0.0008977772274162591,0.7598498463630676,129.84906606968667,1.0,0.9941644562334218,0.7877094972067039,0.84223044397463,0.9117647058823529,1.0,1.0,0.7857142857142857,1.0,True,0.949990832416575,0.994338626877129,0.0012176748601737766,0.6914964318275452,176.11712409451752,1.0,0.9944297082228116,0.8182714426552744,0.8633720930232558,0.9117647058823529,1.0,1.0,0.7857142857142857,1.0,True,0.9866153281994866,0.9574307192740537,0.00987554950157885,0.13472671806812286,1428.3397267665532,1.0,0.996816976127321,0.9323036477160697,0.9804439746300211,0.9411764705882353,1.0,1.0,0.8571428571428571,1.0,XGBoost,fleet,40000,20000,7.53,B_fleet_size,CTT_Silverado,FS-B,0,6,CIDv2_OpelAstra|CIDv2_Prototype|CIDv2_RenaultClio|CTT_Forester|CTT_Impala|ROAD_ORNL
118722,21816,0.18375701217971396,0.9689777750365657,0.9290201485483139,96923,0.024890421752929687,False,0.7675559222588926,0.9997014925373134,5.159639238024477e-05,9.45532411060523,7.46259000400498,0.9998217309920671,0.9976127320954907,0.07788366743345383,0.4043340380549683,0.5294117647058824,1.0,0.5,0.2857142857142857,1.0,True,0.7880454712137881,0.9991863303498779,0.00014446989866468535,8.901057949932211,20.89525201121394,0.9998217309920671,0.9976127320954907,0.2201774564574433,0.4080338266384778,0.5588235294117647,1.0,0.5833333333333334,0.2857142857142857,1.0,True,0.8098643197653098,0.9956607495069033,0.0007945844426557695,7.585349713283755,114.9238860616767,0.9998217309920671,0.9976127320954907,0.3697009530069011,0.41358350951374206,0.6470588235294118,1.0,0.8333333333333334,0.2857142857142857,1.0,True,0.80995599559956,0.9951565667943231,0.0008874579489402101,7.387229335393312,128.35654806888564,0.9998217309920671,0.9976127320954907,0.3697009530069011,0.4141120507399577,0.6764705882352942,1.0,0.9166666666666666,0.2857142857142857,1.0,True,0.8323248991565824,0.947950926651005,0.010288320640620808,4.599431334516301,1488.040446798593,1.0,0.9976127320954907,0.43411107459743675,0.4907505285412262,0.8235294117647058,1.0,1.0,0.5714285714285714,1.0,Rule:Combined,fleet,40000,20000,0.32,B_fleet_size,CTT_Silverado,FS-B,0,6,CIDv2_OpelAstra|CIDv2_Prototype|CIDv2_RenaultClio|CTT_Forester|CTT_Impala|ROAD_ORNL
118722,21816,0.18375701217971396,0.9955445365755076,0.9932139549772319,96923,0.024890421752929687,False,0.7991382471580492,0.9997706158963184,4.127711390419582e-05,0.9978409932023189,5.970072003203984,0.9896603975398877,0.970026525198939,0.2799868550772264,0.48150105708245244,0.8235294117647058,1.0,1.0,0.5714285714285714,1.0,True,0.8223322332233224,0.9994985793080394,9.287350628444059e-05,0.9958887890188028,13.432662007208963,0.9969694268651395,0.9891246684350132,0.30923430824843906,0.5510042283298098,0.8529411764705882,1.0,1.0,0.6428571428571429,1.0,True,0.9157040704070407,0.9956142536755545,0.000908096505892308,0.9621768145789525,131.34158407048764,0.9999108654960335,0.9946949602122016,0.5987512323365101,0.84223044397463,0.9117647058823529,1.0,1.0,0.7857142857142857,1.0,True,0.9317931793179318,0.9937426671881111,0.0013208676449342662,0.9429610038950286,191.04230410252748,1.0,0.9949602122015915,0.6763062767006244,0.872093023255814,0.9117647058823529,1.0,1.0,0.7857142857142857,1.0,True,0.9834525119178584,0.9569580731489741,0.009958103729387241,0.3680100208316865,1440.2798707729612,1.0,0.9976127320954907,0.919158724942491,0.9719873150105708,0.9117647058823529,1.0,1.0,0.7857142857142857,1.0,HistGB,fleet,40000,20000,22.34,B_fleet_size,CTT_Silverado,FS-B,1,6,CIDv2_OpelAstra|CIDv2_Prototype|CIDv2_RenaultClio|CTT_Forester|CTT_Impala|ROAD_ORNL
118722,21816,0.18375701217971396,0.9947636028505609,0.991695920690985,96923,0.024890421752929687,False,0.7774110744407774,0.9998820893762528,2.063855695209791e-05,0.9969797134399415,2.985036001601992,0.9672876370442999,0.9095490716180371,0.3036477160696681,0.46379492600422834,0.8235294117647058,1.0,1.0,0.5714285714285714,1.0,True,0.8423634030069673,0.9995104971173719,9.287350628444059e-05,0.9912772178649902,13.432662007208963,0.9981281754167038,0.9819628647214854,0.3805455142951035,0.6128435517970402,0.8529411764705882,1.0,1.0,0.6428571428571429,1.0,True,0.9217088375504217,0.9950514647664291,0.0010319278476048955,0.9283197522163391,149.2518000800996,0.9999108654960335,0.9938992042440318,0.6138678935261256,0.8654862579281184,0.9117647058823529,1.0,1.0,0.7857142857142857,1.0,True,0.9294554455445545,0.9936783299029697,0.001331186923410315,0.9071655869483948,192.53482210332848,0.9999108654960335,0.9944297082228116,0.6460729543213933,0.8837209302325582,0.9117647058823529,1.0,1.0,0.7857142857142857,1.0,True,0.9785020168683535,0.9556789183865335,0.010216085691288465,0.3632983863353729,1477.592820792986,1.0,0.9957559681697613,0.8951692408807098,0.9645877378435518,0.9117647058823529,1.0,1.0,0.7857142857142857,1.0,XGBoost,fleet,40000,20000,7.82,B_fleet_size,CTT_Silverado,FS-B,1,6,CIDv2_OpelAstra|CIDv2_Prototype|CIDv2_RenaultClio|CTT_Forester|CTT_Impala|ROAD_ORNL
118722,21816,0.18375701217971396,0.9687491350934776,0.9286064212632495,96923,0.024890421752929687,False,0.7675559222588926,0.9997014925373134,5.159639238024477e-05,9.590165571523295,7.46259000400498,0.9998217309920671,0.9976127320954907,0.07788366743345383,0.4043340380549683,0.5294117647058824,1.0,0.5,0.2857142857142857,1.0,True,0.7675559222588926,0.9991646279610955,0.00014446989866468535,9.028783612644625,20.89525201121394,0.9998217309920671,0.9976127320954907,0.07788366743345383,0.4043340380549683,0.5294117647058824,1.0,0.5,0.2857142857142857,1.0,True,0.8098643197653098,0.9956607495069033,0.0007945844426557695,7.696184006878246,114.9238860616767,0.9998217309920671,0.9976127320954907,0.3697009530069011,0.41358350951374206,0.6470588235294118,1.0,0.8333333333333334,0.2857142857142857,1.0,True,0.80995599559956,0.9951565667943231,0.0008874579489402101,7.495520113381901,128.35654806888564,0.9998217309920671,0.9976127320954907,0.3697009530069011,0.4141120507399577,0.6764705882352942,1.0,0.9166666666666666,0.2857142857142857,1.0,True,0.8323248991565824,0.947950926651005,0.010288320640620808,4.671931711755425,1488.040446798593,1.0,0.9976127320954907,0.43411107459743675,0.4907505285412262,0.8235294117647058,1.0,1.0,0.5714285714285714,1.0,Rule:Combined,fleet,40000,20000,0.31,B_fleet_size,CTT_Silverado,FS-B,1,6,CIDv2_OpelAstra|CIDv2_Prototype|CIDv2_RenaultClio|CTT_Forester|CTT_Impala|ROAD_ORNL
118722,21816,0.18375701217971396,0.9969809918701265,0.9949603621569556,96923,0.024890421752929687,False,0.7525669233590025,1.0,0.0,0.9990766456723063,0.0,0.9181745253587664,0.9729442970822281,0.279658232007887,0.4223044397463002,0.7941176470588235,1.0,1.0,0.5,1.0,True,0.827007700770077,0.999833748960931,3.095783542814686e-05,0.9956844735300429,4.477554002402988,0.972457438274356,0.9949602122015915,0.40354912914886626,0.5689746300211417,0.9117647058823529,1.0,1.0,0.7857142857142857,1.0,True,0.9161166116611661,0.9958146487294469,0.0008668193919881122,0.9809550359881557,125.37151206728366,0.9979499064087708,0.9954907161803713,0.6809069996713769,0.7835623678646935,0.9117647058823529,1.0,1.0,0.7857142857142857,1.0,True,0.9297763109644298,0.9940213662648241,0.0012589519740779725,0.9757689386681442,182.08719609772152,0.9991086549603352,0.9957559681697613,0.7298718370029577,0.8192389006342494,0.9117647058823529,1.0,1.0,0.7857142857142857,1.0,True,0.9867986798679867,0.9581627203133345,0.009700121767486018,0.7023410457793833,1402.9669207529364,1.0,0.9973474801061007,0.9300032862306934,0.9828224101479915,0.9411764705882353,1.0,1.0,0.8571428571428571,1.0,HistGB,fleet,40000,20000,20.71,B_fleet_size,CTT_Silverado,FS-B,0,6,CIDv2_OpelAstra|CIDv2_Prototype|CIDv2_RenaultClio|CTT_Impala|CTT_Traverse|ROAD_ORNL
118722,21816,0.18375701217971396,0.9968864833901505,0.9948752588327915,96923,0.024890421752929687,False,0.8073432343234324,0.9999432269785398,1.0319278476048955e-05,0.998404085636139,1.492518000800996,0.975755414921116,0.9660477453580902,0.33453828458757806,0.5301268498942917,0.8235294117647058,1.0,1.0,0.5714285714285714,1.0,True,0.8759167583425009,0.9992678972964493,0.00014446989866468535,0.9955276846885681,20.89525201121394,0.9977716374008379,0.9923076923076923,0.4850476503450542,0.7130021141649049,0.9117647058823529,1.0,1.0,0.7857142857142857,1.0,True,0.9354143747708105,0.995220677883443,0.0010112892906527975,0.9853847622871399,146.26676407849757,0.9999108654960335,0.9941644562334218,0.6858363457114689,0.8863636363636364,0.9117647058823529,1.0,1.0,0.7857142857142857,1.0,True,0.9437110377704437,0.9940131324835844,0.0012795905310300703,0.9813423752784729,185.0722320993235,0.9999108654960335,0.9944297082228116,0.7213276372001315,0.9053911205073996,0.9117647058823529,1.0,1.0,0.7857142857142857,1.0,True,0.9865694902823615,0.9561103460530407,0.010195447134336367,0.7653916478157043,1474.607784791384,1.0,0.9957559681697613,0.9260598093986198,0.9862579281183932,0.9411764705882353,1.0,1.0,0.8571428571428571,1.0,XGBoost,fleet,40000,20000,7.8,B_fleet_size,CTT_Silverado,FS-B,0,6,CIDv2_OpelAstra|CIDv2_Prototype|CIDv2_RenaultClio|CTT_Impala|CTT_Traverse|ROAD_ORNL
118722,21816,0.18375701217971396,0.9716012675865651,0.933110278322426,96923,0.024890421752929687,False,0.7880454712137881,0.9997092516136535,5.159639238024477e-05,8.383795349541773,7.46259000400498,0.9998217309920671,0.9976127320954907,0.2201774564574433,0.4080338266384778,0.5588235294117647,1.0,0.5833333333333334,0.2857142857142857,1.0,True,0.8096809680968097,0.9992080552098653,0.00014446989866468535,7.8914914118845045,20.89525201121394,0.9998217309920671,0.9976127320954907,0.3697009530069011,0.41252642706131076,0.5882352941176471,1.0,0.6666666666666666,0.2857142857142857,1.0,True,0.8185276861019435,0.9957064793130367,0.0007945844426557695,6.722868119198498,114.9238860616767,0.9999108654960335,0.9976127320954907,0.41767992113046337,0.4246828752642706,0.6470588235294118,1.0,0.8333333333333334,0.2857142857142857,1.0,True,0.8186193619361937,0.9952075787127334,0.0008874579489402101,6.546895907495771,128.35654806888564,0.9999108654960335,0.9976127320954907,0.41767992113046337,0.42521141649048627,0.6764705882352942,1.0,0.9166666666666666,0.2857142857142857,1.0,True,0.8323248991565824,0.9478519601190165,0.010308959197572905,4.070749913740143,1491.025482800195,1.0,0.9976127320954907,0.43411107459743675,0.4907505285412262,0.8235294117647058,1.0,1.0,0.5714285714285714,1.0,Rule:Combined,fleet,40000,20000,0.31,B_fleet_size,CTT_Silverado,FS-B,0,6,CIDv2_OpelAstra|CIDv2_Prototype|CIDv2_RenaultClio|CTT_Impala|CTT_Traverse|ROAD_ORNL
118722,21816,0.18375701217971396,0.9963393537411653,0.9942814325654673,96923,0.024890421752929687,False,0.6373303997066373,1.0,0.0,0.9993199193800736,0.0,0.7286745699260183,0.9488063660477454,0.2612553401248768,0.358615221987315,0.7647058823529411,1.0,1.0,0.42857142857142855,1.0,True,0.8047763109644298,0.9994307508396425,0.00010319278476048954,0.9966495646790854,14.92518000800996,0.9464301631161423,0.9936339522546419,0.3460400920144594,0.5655391120507399,0.8823529411764706,1.0,1.0,0.7142857142857143,1.0,True,0.9149706637330399,0.9955114458131764,0.0009287350628444059,0.9764571021839205,134.32662007208964,0.9897495320438542,0.9957559681697613,0.6283273085770621,0.8432875264270613,0.9117647058823529,1.0,1.0,0.7857142857142857,1.0,True,0.9249174917491749,0.9943330212388508,0.0011867170247456297,0.9714809387406504,171.6395700921145,0.9924235671628487,0.9960212201591512,0.6644758462044036,0.8633720930232558,0.9117647058823529,1.0,1.0,0.7857142857142857,1.0,True,0.9863403006967364,0.9560156388839524,0.010216085691288465,0.6782838825046208,1477.592820792986,1.0,0.9970822281167109,0.9240880709825829,0.985200845665962,0.9411764705882353,1.0,1.0,0.8571428571428571,1.0,HistGB,fleet,40000,20000,21.64,B_fleet_size,CTT_Silverado,FS-B,1,6,CIDv2_OpelAstra|CIDv2_Prototype|CIDv2_RenaultClio|CTT_Impala|CTT_Traverse|ROAD_ORNL
118722,21816,0.18375701217971396,0.9974531201460463,0.9950978534866814,96923,0.024890421752929687,False,0.7418408507517419,0.9998764364265414,2.063855695209791e-05,0.9991588592529298,2.985036001601992,0.935377484624298,0.8970822281167109,0.2924745317121262,0.3747357293868922,0.8235294117647058,1.0,1.0,0.5714285714285714,1.0,True,0.7944169416941694,0.999538612376723,8.255422780839164e-05,0.9984945058822632,11.940144006407968,0.9704964791870934,0.9421750663129973,0.3381531383503122,0.49207188160676535,0.8235294117647058,1.0,1.0,0.5714285714285714,1.0,True,0.9124954162082874,0.9957981091491171,0.0008668193919881122,0.9883912801742554,125.37151206728366,0.9989303859524021,0.9941644562334218,0.6046664475846204,0.8224101479915433,0.9117647058823529,1.0,1.0,0.7857142857142857,1.0,True,0.9207004033736707,0.9943072125142319,0.0011867170247456297,0.9851983189582825,171.6395700921145,0.9991977894643016,0.9944297082228116,0.6372001314492277,0.8424947145877378,0.9117647058823529,1.0,1.0,0.7857142857142857,1.0,True,0.9853777044371104,0.957038554002315,0.009958103729387241,0.7364036440849304,1440.2798707729612,1.0,0.996551724137931,0.9270456786066382,0.9778012684989429,0.9705882352941176,1.0,1.0,0.9285714285714286,1.0,XGBoost,fleet,40000,20000,8.54,B_fleet_size,CTT_Silverado,FS-B,1,6,CIDv2_OpelAstra|CIDv2_Prototype|CIDv2_RenaultClio|CTT_Impala|CTT_Traverse|ROAD_ORNL
118722,21816,0.18375701217971396,0.9712443923027613,0.9323785387730488,96923,0.024890421752929687,False,0.7880454712137881,0.9997092516136535,5.159639238024477e-05,8.508816166609835,7.46259000400498,0.9998217309920671,0.9976127320954907,0.2201774564574433,0.4080338266384778,0.5588235294117647,1.0,0.5833333333333334,0.2857142857142857,1.0,True,0.7880454712137881,0.9991863303498779,0.00014446989866468535,8.009328203888495,20.89525201121394,0.9998217309920671,0.9976127320954907,0.2201774564574433,0.4080338266384778,0.5588235294117647,1.0,0.5833333333333334,0.2857142857142857,1.0,True,0.8185276861019435,0.9957064793130367,0.0007945844426557695,6.823651586248264,114.9238860616767,0.9999108654960335,0.9976127320954907,0.41767992113046337,0.4246828752642706,0.6470588235294118,1.0,0.8333333333333334,0.2857142857142857,1.0,True,0.8186193619361937,0.9952075787127334,0.0008874579489402101,6.645111471502817,128.35654806888564,0.9999108654960335,0.9976127320954907,0.41767992113046337,0.42521141649048627,0.6764705882352942,1.0,0.9166666666666666,0.2857142857142857,1.0,True,0.8323248991565824,0.948000417667328,0.010278001362144759,4.132831915691821,1486.5479287977919,1.0,0.9976127320954907,0.43411107459743675,0.4907505285412262,0.8235294117647058,1.0,1.0,0.5714285714285714,1.0,Rule:Combined,fleet,40000,20000,0.29,B_fleet_size,CTT_Silverado,FS-B,1,6,CIDv2_OpelAstra|CIDv2_Prototype|CIDv2_RenaultClio|CTT_Impala|CTT_Traverse|ROAD_ORNL
118722,21816,0.18375701217971396,0.9966705469537727,0.9952257442583327,96923,0.024890421752929687,False,0.8374129079574624,0.9998905369164249,2.063855695209791e-05,0.9986619968707876,2.985036001601992,0.9762902219449149,0.9936339522546419,0.4426552744002629,0.5874735729386892,0.8529411764705882,1.0,1.0,0.6428571428571429,1.0,True,0.8723414008067474,0.9997373397772641,5.159639238024477e-05,0.9978353810306944,7.46259000400498,0.9874320349407255,0.9938992042440318,0.5550443641143609,0.665169133192389,0.8823529411764706,1.0,1.0,0.7142857142857143,1.0,True,0.9587458745874587,0.9953838100223671,0.0010009700121767487,0.9871044869520215,144.7742460776966,1.0,0.9946949602122016,0.8455471574104502,0.8916490486257929,0.9117647058823529,1.0,1.0,0.7857142857142857,1.0,True,0.9642922625595893,0.9941401635083408,0.0012795905310300703,0.9839044320432121,185.0722320993235,1.0,0.9949602122015915,0.8626355570161025,0.9096194503171248,0.9117647058823529,1.0,1.0,0.7857142857142857,1.0,True,0.9884488448844885,0.9578040330461046,0.009803314552246508,0.7406004064327198,1417.892100760946,1.0,0.996551724137931,0.9346040092014459,0.9894291754756871,1.0,1.0,1.0,1.0,1.0,HistGB,fleet,40000,20000,23.19,B_fleet_size,CTT_Silverado,FS-B,0,6,CIDv2_OpelAstra|CIDv2_Prototype|CTT_Forester|CTT_Impala|CTT_Traverse|ROAD_ORNL
118722,21816,0.18375701217971396,0.9972532437253661,0.9954066557465931,96923,0.024890421752929687,False,0.8197194719471947,0.9999440840975173,1.0319278476048955e-05,0.998158633708954,1.492518000800996,0.9667528300205009,0.9702917771883289,0.4081498521196188,0.5647463002114165,0.8823529411764706,1.0,1.0,0.7142857142857143,1.0,True,0.8486890355702237,0.999784005615854,4.127711390419582e-05,0.9971262812614441,5.970072003203984,0.9828861752384348,0.9870026525198939,0.46565888925402565,0.6210359408033826,0.9117647058823529,1.0,1.0,0.7857142857142857,1.0,True,0.9243215988265493,0.9958516469949134,0.0008668193919881122,0.9867554903030396,125.37151206728366,0.9999108654960335,0.9946949602122016,0.7068682221491949,0.804968287526427,0.9117647058823529,1.0,1.0,0.7857142857142857,1.0,True,0.9355060506050605,0.9945906432748538,0.001145439910841434,0.982697069644928,165.66949808891056,0.9999108654960335,0.9949602122015915,0.751232336510023,0.8335095137420718,0.9117647058823529,1.0,1.0,0.7857142857142857,1.0,True,0.985973597359736,0.9580011579744355,0.009731079602914165,0.7624350786209106,1407.4444747553393,1.0,0.9970822281167109,0.9323036477160697,0.9764799154334038,0.9705882352941176,1.0,1.0,0.9285714285714286,1.0,XGBoost,fleet,40000,20000,8.91,B_fleet_size,CTT_Silverado,FS-B,0,6,CIDv2_OpelAstra|CIDv2_Prototype|CTT_Forester|CTT_Impala|CTT_Traverse|ROAD_ORNL
118722,21816,0.18375701217971396,0.9983351242408964,0.9921068986895886,96923,0.024890421752929687,False,0.8034470113678035,1.0,0.0,31250.000000000004,0.0,1.0,0.8480106100795756,0.6033519553072626,0.3372093023255814,0.7352941176470589,1.0,0.8333333333333334,0.6428571428571429,0.5,True,0.9197378071140447,0.9999501644572909,1.0319278476048955e-05,31250.0,1.492518000800996,1.0,0.8482758620689655,0.8879395333552416,0.7785412262156448,0.8529411764705882,1.0,0.9166666666666666,0.8571428571428571,0.5,True,0.9197378071140447,0.9999501644572909,1.0319278476048955e-05,31250.0,1.492518000800996,1.0,0.8482758620689655,0.8879395333552416,0.7785412262156448,0.8529411764705882,1.0,0.9166666666666666,0.8571428571428571,0.5,True,0.9197378071140447,0.9999501644572909,1.0319278476048955e-05,31250.0,1.492518000800996,1.0,0.8482758620689655,0.8879395333552416,0.7785412262156448,0.8529411764705882,1.0,0.9166666666666666,0.8571428571428571,0.5,True,0.9197378071140447,0.9999501644572909,1.0319278476048955e-05,31250.0,1.492518000800996,1.0,0.8482758620689655,0.8879395333552416,0.7785412262156448,0.8529411764705882,1.0,0.9166666666666666,0.8571428571428571,0.5,Rule:Combined,fleet,40000,20000,0.36,B_fleet_size,CTT_Silverado,FS-B,0,6,CIDv2_OpelAstra|CIDv2_Prototype|CTT_Forester|CTT_Impala|CTT_Traverse|ROAD_ORNL
118722,21816,0.18375701217971396,0.9969447996592118,0.9952113967279157,96923,0.024890421752929687,False,0.8396589658965896,1.0,0.0,0.9977067260037731,0.0,0.9848471343256975,0.9949602122015915,0.4840617811370358,0.5404334038054969,0.8823529411764706,1.0,1.0,0.7142857142857143,1.0,True,0.9085533553355336,0.9991934264253668,0.00016510845561678328,0.9946723371385536,23.880288012815935,0.9998217309920671,0.9954907161803713,0.7081827144265528,0.7124735729386892,0.9117647058823529,1.0,1.0,0.7857142857142857,1.0,True,0.9468280161349468,0.9953259769671855,0.0010009700121767487,0.9865060540372486,144.7742460776966,1.0,0.9962864721485412,0.8360170883996056,0.8290169133192389,0.9117647058823529,1.0,1.0,0.7857142857142857,1.0,True,0.9534286762009534,0.9934091126182061,0.0014240604296947557,0.9833343559353057,205.9674841105374,1.0,0.9962864721485412,0.8550772264212948,0.8517441860465116,0.9117647058823529,1.0,1.0,0.7857142857142857,1.0,True,0.9850568390172351,0.9560033809333155,0.010205766412812416,0.8818026743241432,1476.100302792185,1.0,0.996816976127321,0.928360170883996,0.9746300211416491,0.9411764705882353,1.0,1.0,0.8571428571428571,1.0,HistGB,fleet,40000,20000,18.7,B_fleet_size,CTT_Silverado,FS-B,1,6,CIDv2_OpelAstra|CIDv2_Prototype|CTT_Forester|CTT_Impala|CTT_Traverse|ROAD_ORNL
118722,21816,0.18375701217971396,0.9973198786592105,0.9953417527520405,96923,0.024890421752929687,False,0.8171067106710671,0.999831734814067,3.095783542814686e-05,0.9983193278312684,4.477554002402988,0.939210268294857,0.9687002652519894,0.4170226749917844,0.6257928118393234,0.9117647058823529,1.0,1.0,0.7857142857142857,1.0,True,0.8667491749174917,0.9992601595941447,0.00014446989866468535,0.9969202280044556,20.89525201121394,0.9703182101791603,0.9851458885941644,0.5136378573775879,0.7256871035940803,0.9117647058823529,1.0,1.0,0.7857142857142857,1.0,True,0.935093509350935,0.9949763449251329,0.0010628856830330424,0.9887828230857849,153.7293540825026,0.9975042338889384,0.9941644562334218,0.7213276372001315,0.8631078224101479,0.9117647058823529,1.0,1.0,0.7857142857142857,1.0,True,0.9459112577924459,0.9929269114179858,0.0015169339359791963,0.9852778315544128,219.4001461177464,0.9993760584722347,0.9944297082228116,0.761091028590207,0.8876849894291755,0.9117647058823529,1.0,1.0,0.7857142857142857,1.0,True,0.9843692702603594,0.9583630846126383,0.009627886818153675,0.8350498676300049,1392.5192947473295,1.0,0.9957559681697613,0.9267170555372988,0.9730443974630021,0.9411764705882353,1.0,1.0,0.8571428571428571,1.0,XGBoost,fleet,40000,20000,8.01,B_fleet_size,CTT_Silverado,FS-B,1,6,CIDv2_OpelAstra|CIDv2_Prototype|CTT_Forester|CTT_Impala|CTT_Traverse|ROAD_ORNL
118722,21816,0.18375701217971396,0.9983426125291964,0.9921129341907282,96923,0.024890421752929687,False,0.8034470113678035,1.0,0.0,31250.000000000004,0.0,1.0,0.8480106100795756,0.6033519553072626,0.3372093023255814,0.7352941176470589,1.0,0.8333333333333334,0.6428571428571429,0.5,True,0.9197378071140447,0.9999501644572909,1.0319278476048955e-05,31250.0,1.492518000800996,1.0,0.8482758620689655,0.8879395333552416,0.7785412262156448,0.8529411764705882,1.0,0.9166666666666666,0.8571428571428571,0.5,True,0.9197378071140447,0.9999501644572909,1.0319278476048955e-05,31250.0,1.492518000800996,1.0,0.8482758620689655,0.8879395333552416,0.7785412262156448,0.8529411764705882,1.0,0.9166666666666666,0.8571428571428571,0.5,True,0.9197378071140447,0.9999501644572909,1.0319278476048955e-05,31250.0,1.492518000800996,1.0,0.8482758620689655,0.8879395333552416,0.7785412262156448,0.8529411764705882,1.0,0.9166666666666666,0.8571428571428571,0.5,True,0.9197378071140447,0.9999501644572909,1.0319278476048955e-05,31250.0,1.492518000800996,1.0,0.8482758620689655,0.8879395333552416,0.7785412262156448,0.8529411764705882,1.0,0.9166666666666666,0.8571428571428571,0.5,Rule:Combined,fleet,40000,20000,0.31,B_fleet_size,CTT_Silverado,FS-B,1,6,CIDv2_OpelAstra|CIDv2_Prototype|CTT_Forester|CTT_Impala|CTT_Traverse|ROAD_ORNL
118722,21816,0.18375701217971396,0.9975447013774501,0.9958282540614297,96923,0.024890421752929687,False,0.8163733039970664,0.9998877161464181,2.063855695209791e-05,0.9972019298207926,2.985036001601992,0.9741509938497193,0.9928381962864722,0.406178113703582,0.5026427061310782,0.8529411764705882,1.0,1.0,0.6428571428571429,1.0,True,0.9078199486615328,0.9996971379536621,6.191567085629373e-05,0.9927322101012976,8.955108004805975,0.9994651929762011,0.9938992042440318,0.7022674991784423,0.7156448202959831,0.8529411764705882,1.0,1.0,0.6428571428571429,1.0,True,0.9598459845984598,0.9960519431099272,0.0008565001135120632,0.973934551568934,123.87899406648266,1.0,0.9949602122015915,0.8432467959250739,0.8995771670190275,0.9117647058823529,1.0,1.0,0.7857142857142857,1.0,True,0.9632379904657132,0.995122413221575,0.0010628856830330424,0.9690161111007964,153.7293540825026,1.0,0.9949602122015915,0.8554058494906343,0.9093551797040169,0.9117647058823529,1.0,1.0,0.7857142857142857,1.0,True,0.9883571690502384,0.9565680315868861,0.010102573628051927,0.5451300372006935,1461.1751227841748,1.0,0.996551724137931,0.9385474860335196,0.9857293868921776,1.0,1.0,1.0,1.0,1.0,HistGB,fleet,40000,20000,17.05,B_fleet_size,CTT_Silverado,FS-B,0,6,CIDv2_OpelAstra|CIDv2_RenaultClio|CTT_Forester|CTT_Impala|CTT_Traverse|ROAD_ORNL
118722,21816,0.18375701217971396,0.9974655547441659,0.995735175233752,96923,0.024890421752929687,False,0.7386321965529886,0.9999379460130313,1.0319278476048955e-05,0.9989002943038942,1.492518000800996,0.8994562795258044,0.9212201591511936,0.3056194544857049,0.4281183932346723,0.8529411764705882,1.0,1.0,0.6428571428571429,1.0,True,0.8678492849284929,0.9993665874901029,0.00012383134171258745,0.9958678483963013,17.91021600961195,0.9857384793653623,0.9793103448275862,0.48471902727571475,0.7153805496828752,0.8529411764705882,1.0,1.0,0.6428571428571429,1.0,True,0.9428401173450678,0.9967532467532467,0.00069139165789528,0.9833223819732666,99.99870605366672,1.0,0.9938992042440318,0.7400591521524811,0.8855708245243129,0.9117647058823529,1.0,1.0,0.7857142857142857,1.0,True,0.9554455445544554,0.9945605496707701,0.0011763977462695809,0.974274218082428,170.14705209131353,1.0,0.9941644562334218,0.7982254354255669,0.9112050739957717,0.9117647058823529,1.0,1.0,0.7857142857142857,1.0,True,0.9874404107077375,0.9575498955416277,0.009854910944626752,0.646633505821228,1425.354690764951,1.0,0.9957559681697613,0.9313177785080513,0.9870507399577167,1.0,1.0,1.0,1.0,1.0,XGBoost,fleet,40000,20000,9.26,B_fleet_size,CTT_Silverado,FS-B,0,6,CIDv2_OpelAstra|CIDv2_RenaultClio|CTT_Forester|CTT_Impala|CTT_Traverse|ROAD_ORNL
118722,21816,0.18375701217971396,0.9983344194496911,0.99210562345972,96923,0.024890421752929687,False,0.8034470113678035,1.0,0.0,31250.000000000004,0.0,1.0,0.8480106100795756,0.6033519553072626,0.3372093023255814,0.7352941176470589,1.0,0.8333333333333334,0.6428571428571429,0.5,True,0.9197378071140447,0.9999501644572909,1.0319278476048955e-05,31250.0,1.492518000800996,1.0,0.8482758620689655,0.8879395333552416,0.7785412262156448,0.8529411764705882,1.0,0.9166666666666666,0.8571428571428571,0.5,True,0.9197378071140447,0.9999501644572909,1.0319278476048955e-05,31250.0,1.492518000800996,1.0,0.8482758620689655,0.8879395333552416,0.7785412262156448,0.8529411764705882,1.0,0.9166666666666666,0.8571428571428571,0.5,True,0.9197378071140447,0.9999501644572909,1.0319278476048955e-05,31250.0,1.492518000800996,1.0,0.8482758620689655,0.8879395333552416,0.7785412262156448,0.8529411764705882,1.0,0.9166666666666666,0.8571428571428571,0.5,True,0.9197378071140447,0.9999501644572909,1.0319278476048955e-05,31250.0,1.492518000800996,1.0,0.8482758620689655,0.8879395333552416,0.7785412262156448,0.8529411764705882,1.0,0.9166666666666666,0.8571428571428571,0.5,Rule:Combined,fleet,40000,20000,0.31,B_fleet_size,CTT_Silverado,FS-B,0,6,CIDv2_OpelAstra|CIDv2_RenaultClio|CTT_Forester|CTT_Impala|CTT_Traverse|ROAD_ORNL
118722,21816,0.18375701217971396,0.9960923707791909,0.9938380419104123,96923,0.024890421752929687,False,0.7873120645397873,1.0,0.0,0.9986893880941478,0.0,0.9737944558338533,0.9864721485411141,0.2780151166611896,0.4455602536997886,0.8529411764705882,1.0,1.0,0.6428571428571429,1.0,True,0.8535936927026035,0.9994096495465035,0.0001135120632365385,0.9952121200357416,16.417698008810955,0.9994651929762011,0.9941644562334218,0.46040092014459416,0.5972515856236786,0.9117647058823529,1.0,1.0,0.7857142857142857,1.0,True,0.9224880821415475,0.9950556242274413,0.0010319278476048955,0.9836280934336982,149.2518000800996,1.0,0.9949602122015915,0.735787052251068,0.7706131078224101,0.9117647058823529,1.0,1.0,0.7857142857142857,1.0,True,0.9327099376604328,0.9934576701493995,0.00138278331579056,0.9786860863537353,199.99741210733345,1.0,0.9949602122015915,0.7804797896812357,0.7936046511627907,0.9117647058823529,1.0,1.0,0.7857142857142857,1.0,True,0.9835900256692336,0.9564519723646089,0.01008193507109983,0.759923782796907,1458.1900867825732,1.0,0.996551724137931,0.9273743016759777,0.96723044397463,0.9411764705882353,1.0,1.0,0.8571428571428571,1.0,HistGB,fleet,40000,20000,24.54,B_fleet_size,CTT_Silverado,FS-B,1,6,CIDv2_OpelAstra|CIDv2_RenaultClio|CTT_Forester|CTT_Impala|CTT_Traverse|ROAD_ORNL
118722,21816,0.18375701217971396,0.9967167746346248,0.9937993775268975,96923,0.024890421752929687,False,0.7370737073707371,0.9999378148125116,1.0319278476048955e-05,0.9992897510528566,1.492518000800996,0.9347535430965327,0.9042440318302387,0.28097272428524483,0.351215644820296,0.7647058823529411,1.0,1.0,0.42857142857142855,1.0,True,0.842959295929593,0.9997281870073389,5.159639238024477e-05,0.997097373008728,7.46259000400498,0.9934040467064801,0.9806366047745358,0.406178113703582,0.6109936575052854,0.8823529411764706,1.0,1.0,0.7142857142857143,1.0,True,0.9077282728272827,0.9960265566844382,0.0008152229996078674,0.9887987971305847,117.90892206327867,0.9999108654960335,0.9941644562334218,0.5987512323365101,0.7967758985200846,0.9117647058823529,1.0,1.0,0.7857142857142857,1.0,True,0.9206087275394206,0.9936179686340474,0.001331186923410315,0.9844883680343628,192.53482210332848,0.9999108654960335,0.9941644562334218,0.6483733158067696,0.8311310782241015,0.9117647058823529,1.0,1.0,0.7857142857142857,1.0,True,0.9802896956362303,0.9576821458958399,0.009751718159866262,0.7667745351791382,1410.429510756941,1.0,0.9954907161803713,0.9155438711797568,0.9587737843551797,0.9117647058823529,1.0,1.0,0.7857142857142857,1.0,XGBoost,fleet,40000,20000,11.22,B_fleet_size,CTT_Silverado,FS-B,1,6,CIDv2_OpelAstra|CIDv2_RenaultClio|CTT_Forester|CTT_Impala|CTT_Traverse|ROAD_ORNL
118722,21816,0.18375701217971396,0.9983373954187291,0.9921113934398306,96923,0.024890421752929687,False,0.8034470113678035,1.0,0.0,31250.000000000004,0.0,1.0,0.8480106100795756,0.6033519553072626,0.3372093023255814,0.7352941176470589,1.0,0.8333333333333334,0.6428571428571429,0.5,True,0.9197378071140447,0.9999501644572909,1.0319278476048955e-05,31250.0,1.492518000800996,1.0,0.8482758620689655,0.8879395333552416,0.7785412262156448,0.8529411764705882,1.0,0.9166666666666666,0.8571428571428571,0.5,True,0.9197378071140447,0.9999501644572909,1.0319278476048955e-05,31250.0,1.492518000800996,1.0,0.8482758620689655,0.8879395333552416,0.7785412262156448,0.8529411764705882,1.0,0.9166666666666666,0.8571428571428571,0.5,True,0.9197378071140447,0.9999501644572909,1.0319278476048955e-05,31250.0,1.492518000800996,1.0,0.8482758620689655,0.8879395333552416,0.7785412262156448,0.8529411764705882,1.0,0.9166666666666666,0.8571428571428571,0.5,True,0.9197378071140447,0.9999501644572909,1.0319278476048955e-05,31250.0,1.492518000800996,1.0,0.8482758620689655,0.8879395333552416,0.7785412262156448,0.8529411764705882,1.0,0.9166666666666666,0.8571428571428571,0.5,Rule:Combined,fleet,40000,20000,0.32,B_fleet_size,CTT_Silverado,FS-B,1,6,CIDv2_OpelAstra|CIDv2_RenaultClio|CTT_Forester|CTT_Impala|CTT_Traverse|ROAD_ORNL
118722,21816,0.18375701217971396,0.9974138514505694,0.9955558129762726,96923,0.024890421752929687,False,0.7658599193252659,1.0,0.0,0.9994571716055516,0.0,0.9279793207950797,0.946684350132626,0.3328951692408807,0.45322410147991543,0.8235294117647058,1.0,1.0,0.5714285714285714,1.0,True,0.8483223322332233,0.999837925445705,3.095783542814686e-05,0.9989445759205009,4.477554002402988,0.9885907834922899,0.9824933687002653,0.4883338810384489,0.5882663847780126,0.9117647058823529,1.0,1.0,0.7857142857142857,1.0,True,0.9278052805280528,0.9960631858668373,0.0008255422780839163,0.9967274341712675,119.40144006407968,1.0,0.9949602122015915,0.7492605980939862,0.7904334038054969,0.9117647058823529,1.0,1.0,0.7857142857142857,1.0,True,0.9398606527319399,0.9943743937924345,0.0011970363032216787,0.9958883791054771,173.13208809291555,1.0,0.9949602122015915,0.7873808741373645,0.8292811839323467,0.9117647058823529,1.0,1.0,0.7857142857142857,1.0,True,0.9860652731939861,0.9572375739776621,0.009916826615483045,0.951328741969872,1434.3097987697572,1.0,0.9957559681697613,0.9280315478146566,0.9817653276955602,0.9411764705882353,1.0,1.0,0.8571428571428571,1.0,HistGB,fleet,40000,20000,27.77,B_fleet_size,CTT_Silverado,FS-B,0,6,CIDv2_Prototype|CIDv2_RenaultClio|CTT_Forester|CTT_Impala|CTT_Traverse|ROAD_ORNL
118722,21816,0.18375701217971396,0.9973413166102142,0.9943519854461759,96923,0.024890421752929687,False,0.7594426109277594,0.9998189608351941,3.095783542814686e-05,0.9995096921920777,4.477554002402988,0.9418843034138515,0.8970822281167109,0.3309234308248439,0.4260042283298097,0.8235294117647058,1.0,1.0,0.5714285714285714,1.0,True,0.8215988265493216,0.999442399910784,0.00010319278476048954,0.9991857409477234,14.92518000800996,0.988055976468491,0.9334217506631299,0.39566217548471905,0.5591966173361522,0.8823529411764706,1.0,1.0,0.7142857142857143,1.0,True,0.8876512651265126,0.9960395021088365,0.0007945844426557695,0.9979238510131836,114.9238860616767,0.9998217309920671,0.9809018567639257,0.5461715412421952,0.7367864693446089,0.9117647058823529,1.0,1.0,0.7857142857142857,1.0,True,0.897093876054272,0.9942087884175769,0.0011763977462695809,0.9974952936172485,170.14705209131353,0.9999108654960335,0.9864721485411141,0.5787052251068024,0.7592494714587738,0.9117647058823529,1.0,1.0,0.7857142857142857,1.0,True,0.9777686101943528,0.9563755380200861,0.010040657957195633,0.9649109840393066,1452.2200147793692,1.0,0.9957559681697613,0.8951692408807098,0.9603594080338267,0.9411764705882353,1.0,1.0,0.8571428571428571,1.0,XGBoost,fleet,40000,20000,12.46,B_fleet_size,CTT_Silverado,FS-B,0,6,CIDv2_Prototype|CIDv2_RenaultClio|CTT_Forester|CTT_Impala|CTT_Traverse|ROAD_ORNL
118722,21816,0.18375701217971396,0.9677040307249308,0.9260465300571578,96923,0.024890421752929687,False,0.7880454712137881,0.9997092516136535,5.159639238024477e-05,8.333173908091306,7.46259000400498,0.9998217309920671,0.9976127320954907,0.2201774564574433,0.4080338266384778,0.5588235294117647,1.0,0.5833333333333334,0.2857142857142857,1.0,True,0.8096809680968097,0.9992080552098653,0.00014446989866468535,7.845262815769494,20.89525201121394,0.9998217309920671,0.9976127320954907,0.3697009530069011,0.41252642706131076,0.5882352941176471,1.0,0.6666666666666666,0.2857142857142857,1.0,True,0.8185276861019435,0.9957064793130367,0.0007945844426557695,6.687067189789973,114.9238860616767,0.9999108654960335,0.9976127320954907,0.41767992113046337,0.4246828752642706,0.6470588235294118,1.0,0.8333333333333334,0.2857142857142857,1.0,True,0.8186193619361937,0.9952075787127334,0.0008874579489402101,6.512665184315996,128.35654806888564,0.9999108654960335,0.9976127320954907,0.41767992113046337,0.42521141649048627,0.6764705882352942,1.0,0.9166666666666666,0.2857142857142857,1.0,True,0.8325082508250825,0.9517870244209202,0.009493736197965038,4.309568770961651,1373.116560736916,1.0,0.9976127320954907,0.43378245152809725,0.49207188160676535,0.8235294117647058,1.0,1.0,0.5714285714285714,1.0,Rule:Combined,fleet,40000,20000,0.31,B_fleet_size,CTT_Silverado,FS-B,0,6,CIDv2_Prototype|CIDv2_RenaultClio|CTT_Forester|CTT_Impala|CTT_Traverse|ROAD_ORNL
118722,21816,0.18375701217971396,0.9966913134610748,0.9947903477913442,96923,0.024890421752929687,False,0.8034928492849285,0.9998859163767041,2.063855695209791e-05,0.9993239343954098,2.985036001601992,0.9694268651394955,0.9893899204244032,0.34308248439040423,0.4965644820295983,0.8529411764705882,1.0,1.0,0.6428571428571429,1.0,True,0.8858177484415108,0.9993277484745061,0.0001341506201886364,0.9982604754591811,19.402734010412946,1.0,0.9936339522546419,0.5599737101544529,0.7019027484143763,0.9117647058823529,1.0,1.0,0.7857142857142857,1.0,True,0.9432068206820682,0.9958379712529642,0.0008874579489402101,0.9943090513484089,128.35654806888564,1.0,0.9941644562334218,0.7597765363128491,0.8715644820295984,0.9117647058823529,1.0,1.0,0.7857142857142857,1.0,True,0.9485698569856986,0.9945213379469435,0.0011763977462695809,0.9934272193490257,170.14705209131353,1.0,0.9944297082228116,0.7778508051265198,0.8876849894291755,0.9117647058823529,1.0,1.0,0.7857142857142857,1.0,True,0.9822607260726073,0.9530777441736346,0.010886838792231648,0.9578555117024006,1574.6064908450508,1.0,0.9949602122015915,0.9063424252382517,0.9780655391120507,0.9117647058823529,1.0,1.0,0.7857142857142857,1.0,HistGB,fleet,40000,20000,15.24,B_fleet_size,CTT_Silverado,FS-B,1,6,CIDv2_Prototype|CIDv2_RenaultClio|CTT_Forester|CTT_Impala|CTT_Traverse|ROAD_ORNL
118722,21816,0.18375701217971396,0.9971483492719073,0.9943574172994526,96923,0.024890421752929687,False,0.6704712137880454,1.0,0.0,0.9994972944259645,0.0,0.8149567697655763,0.863395225464191,0.2822872165626027,0.3620507399577167,0.7941176470588235,1.0,1.0,0.5,1.0,True,0.8105518885221855,0.9994912955007913,9.287350628444059e-05,0.9984742999076843,13.432662007208963,0.9550762100008914,0.956498673740053,0.40946434439697665,0.5591966173361522,0.9117647058823529,1.0,1.0,0.7857142857142857,1.0,True,0.9105702236890356,0.9953402144503457,0.0009596928982725527,0.9938513040542603,138.8041740744926,0.9999108654960335,0.9925729442970822,0.6434439697666776,0.7788054968287527,0.9117647058823529,1.0,1.0,0.7857142857142857,1.0,True,0.9181334800146681,0.9932559754041456,0.0014034218727426578,0.9924349188804626,202.98244810893544,0.9999108654960335,0.9941644562334218,0.6657903384817614,0.8028541226215645,0.9117647058823529,1.0,1.0,0.7857142857142857,1.0,True,0.9764851485148515,0.9568791268023178,0.009906507337006997,0.9258203506469727,1432.8172807689562,1.0,0.9954907161803713,0.8747946105816629,0.9696088794926004,0.9411764705882353,1.0,1.0,0.8571428571428571,1.0,XGBoost,fleet,40000,20000,11.69,B_fleet_size,CTT_Silverado,FS-B,1,6,CIDv2_Prototype|CIDv2_RenaultClio|CTT_Forester|CTT_Impala|CTT_Traverse|ROAD_ORNL
118722,21816,0.18375701217971396,0.9675494745072992,0.925868710150844,96923,0.024890421752929687,False,0.7880454712137881,0.9997092516136535,5.159639238024477e-05,8.48730289576569,7.46259000400498,0.9998217309920671,0.9976127320954907,0.2201774564574433,0.4080338266384778,0.5588235294117647,1.0,0.5833333333333334,0.2857142857142857,1.0,True,0.8096809680968097,0.9992080552098653,0.00014446989866468535,7.991121595653039,20.89525201121394,0.9998217309920671,0.9976127320954907,0.3697009530069011,0.41252642706131076,0.5882352941176471,1.0,0.6666666666666666,0.2857142857142857,1.0,True,0.8185276861019435,0.9957064793130367,0.0007945844426557695,6.813294281359751,114.9238860616767,0.9999108654960335,0.9976127320954907,0.41767992113046337,0.4246828752642706,0.6470588235294118,1.0,0.8333333333333334,0.2857142857142857,1.0,True,0.8186193619361937,0.9952075787127334,0.0008874579489402101,6.635936120866742,128.35654806888564,0.9999108654960335,0.9976127320954907,0.41767992113046337,0.42521141649048627,0.6764705882352942,1.0,0.9166666666666666,0.2857142857142857,1.0,True,0.8325082508250825,0.9511390416339356,0.009627886818153675,4.3293040684219966,1392.5192947473295,1.0,0.9976127320954907,0.43378245152809725,0.49207188160676535,0.8235294117647058,1.0,1.0,0.5714285714285714,1.0,Rule:Combined,fleet,40000,20000,0.28,B_fleet_size,CTT_Silverado,FS-B,1,6,CIDv2_Prototype|CIDv2_RenaultClio|CTT_Forester|CTT_Impala|CTT_Traverse|ROAD_ORNL
118722,21816,0.18375701217971396,0.9972849030408995,0.9959237057099802,96923,0.024890421752929687,False,0.7905665566556656,0.9998260869565218,3.095783542814686e-05,0.9980602089214203,4.477554002402988,0.953917461449327,0.9941644562334218,0.2849162011173184,0.5100422832980972,0.8529411764705882,1.0,1.0,0.6428571428571429,1.0,True,0.8774752475247525,0.9996866677111076,6.191567085629373e-05,0.9951265583353095,8.955108004805975,0.996523754345307,0.9954907161803713,0.4581005586592179,0.7441860465116279,0.9117647058823529,1.0,1.0,0.7857142857142857,1.0,True,0.9613127979464613,0.9966259563750416,0.0007326687717994758,0.9723137766637794,105.96877805687072,1.0,0.9962864721485412,0.8028261583963194,0.9392177589852009,0.9117647058823529,1.0,1.0,0.7857142857142857,1.0,True,0.9647964796479648,0.9954126270986049,0.0010009700121767487,0.9679865123258308,144.7742460776966,1.0,0.9962864721485412,0.8199145580019718,0.9455602536997886,0.9117647058823529,1.0,1.0,0.7857142857142857,1.0,True,0.9891364136413642,0.9574496406069749,0.009896188058530948,0.6189215351107523,1431.324762768155,1.0,0.9976127320954907,0.9342753861321065,0.992600422832981,1.0,1.0,1.0,1.0,1.0,HistGB,fleet,40000,20000,19.19,B_fleet_size,CTT_Silverado,FS-B,0,7,CIDv2_OpelAstra|CIDv2_Prototype|CIDv2_RenaultClio|CTT_Forester|CTT_Impala|CTT_Traverse|ROAD_ORNL
118722,21816,0.18375701217971396,0.9974977199484201,0.9957673399367564,96923,0.024890421752929687,False,0.7731939860652732,0.9998221800723134,3.095783542814686e-05,0.9984330534934999,4.477554002402988,0.9172831803191015,0.9498673740053051,0.34998356884653303,0.510306553911205,0.8235294117647058,1.0,1.0,0.5714285714285714,1.0,True,0.8558855885588559,0.9996787664632187,6.191567085629373e-05,0.996402382850647,8.955108004805975,0.9761119529369819,0.9864721485411141,0.4893197502464673,0.6641120507399577,0.8529411764705882,1.0,1.0,0.6428571428571429,1.0,True,0.9455903923725706,0.9965700483091787,0.0007326687717994758,0.9708197712898254,105.96877805687072,0.9998217309920671,0.9944297082228116,0.7229707525468287,0.915169133192389,0.9117647058823529,1.0,1.0,0.7857142857142857,1.0,True,0.9502658599193252,0.9958687611087093,0.0008874579489402101,0.9647285342216492,128.35654806888564,0.9999108654960335,0.9944297082228116,0.7426881367071968,0.9260042283298098,0.9117647058823529,1.0,1.0,0.7857142857142857,1.0,True,0.9858819215254859,0.9554440051530363,0.010350236311477102,0.646716833114624,1496.995554803399,1.0,0.9954907161803713,0.9204732172198489,0.9870507399577167,1.0,1.0,1.0,1.0,1.0,XGBoost,fleet,40000,20000,13.52,B_fleet_size,CTT_Silverado,FS-B,0,7,CIDv2_OpelAstra|CIDv2_Prototype|CIDv2_RenaultClio|CTT_Forester|CTT_Impala|CTT_Traverse|ROAD_ORNL
118722,21816,0.18375701217971396,0.9672105082518241,0.9259804055656428,96923,0.024890421752929687,False,0.7880454712137881,0.9997092516136535,5.159639238024477e-05,8.88088276149658,7.46259000400498,0.9998217309920671,0.9976127320954907,0.2201774564574433,0.4080338266384778,0.5588235294117647,1.0,0.5833333333333334,0.2857142857142857,1.0,True,0.7880454712137881,0.9991863303498779,0.00014446989866468535,8.361855023536869,20.89525201121394,0.9998217309920671,0.9976127320954907,0.2201774564574433,0.4080338266384778,0.5588235294117647,1.0,0.5833333333333334,0.2857142857142857,1.0,True,0.8098643197653098,0.9956607495069033,0.0007945844426557695,7.129795196804154,114.9238860616767,0.9998217309920671,0.9976127320954907,0.3697009530069011,0.41358350951374206,0.6470588235294118,1.0,0.8333333333333334,0.2857142857142857,1.0,True,0.8186193619361937,0.9952075787127334,0.0008874579489402101,6.944270662065577,128.35654806888564,0.9999108654960335,0.9976127320954907,0.41767992113046337,0.42521141649048627,0.6764705882352942,1.0,0.9166666666666666,0.2857142857142857,1.0,True,0.8322790612394573,0.9489886583389955,0.01007161579262378,4.375547946118076,1456.6975687817721,1.0,0.9976127320954907,0.4334538284587578,0.49101479915433405,0.8235294117647058,1.0,1.0,0.5714285714285714,1.0,Rule:Combined,fleet,40000,20000,0.3,B_fleet_size,CTT_Silverado,FS-B,0,7,CIDv2_OpelAstra|CIDv2_Prototype|CIDv2_RenaultClio|CTT_Forester|CTT_Impala|CTT_Traverse|ROAD_ORNL
118722,21816,0.18375701217971396,0.9957525261362878,0.9943512320288704,96923,0.024890421752929687,False,0.7453703703703703,1.0,0.0,0.9991188355312481,0.0,0.9020411801408326,0.9689655172413794,0.2770292474531712,0.4347251585623679,0.8235294117647058,1.0,1.0,0.5714285714285714,1.0,True,0.8941602493582692,0.9991804538236951,0.00016510845561678328,0.9947984420377299,23.880288012815935,0.9976825028968713,0.9938992042440318,0.604337824515281,0.7209302325581395,0.9117647058823529,1.0,1.0,0.7857142857142857,1.0,True,0.965988265493216,0.995042258841305,0.0010835242399851403,0.975216619378651,156.7143900841046,1.0,0.9944297082228116,0.8540913572132763,0.9267970401691332,0.9117647058823529,1.0,1.0,0.7857142857142857,1.0,True,0.9706178951228456,0.9934784648587782,0.0014343797081708047,0.9671109942034284,207.46000211133844,1.0,0.9946949602122016,0.8721656260269471,0.9386892177589852,0.9117647058823529,1.0,1.0,0.7857142857142857,1.0,True,0.9865694902823615,0.9544144383841071,0.010608218273378326,0.7483554245172477,1534.308504823424,1.0,0.9957559681697613,0.929017417022675,0.9838794926004228,0.9117647058823529,1.0,1.0,0.7857142857142857,1.0,HistGB,fleet,40000,20000,37.21,B_fleet_size,CTT_Silverado,FS-B,1,7,CIDv2_OpelAstra|CIDv2_Prototype|CIDv2_RenaultClio|CTT_Forester|CTT_Impala|CTT_Traverse|ROAD_ORNL
118722,21816,0.18375701217971396,0.9967297910402492,0.9941671213948038,96923,0.024890421752929687,False,0.5801705170517052,1.0,0.0,0.9997435212135316,0.0,0.7251983242713255,0.7220159151193634,0.2612553401248768,0.2653276955602537,0.7352941176470589,1.0,0.9166666666666666,0.42857142857142855,1.0,True,0.7698019801980198,0.9996428571428572,6.191567085629373e-05,0.9986735582351685,8.955108004805975,0.9264640342276496,0.9474801061007958,0.3207361156753204,0.4894291754756871,0.8529411764705882,1.0,1.0,0.6428571428571429,1.0,True,0.9298221488815548,0.9953874086068992,0.0009700121767486018,0.9859108924865723,140.29669207529363,0.9999108654960335,0.9941644562334218,0.6940519224449556,0.8475158562367865,0.9117647058823529,1.0,1.0,0.7857142857142857,1.0,True,0.9410982764943161,0.9935636856368564,0.001372464037314511,0.9811474084854126,198.50489410653245,0.9999108654960335,0.9941644562334218,0.7407163982911601,0.875,0.9117647058823529,1.0,1.0,0.7857142857142857,1.0,True,0.9845984598459846,0.9561965811965812,0.010154170020432172,0.7845252156257629,1468.6377127881801,1.0,0.9952254641909815,0.9211304633585278,0.9793868921775899,0.9705882352941176,1.0,1.0,0.9285714285714286,1.0,XGBoost,fleet,40000,20000,9.66,B_fleet_size,CTT_Silverado,FS-B,1,7,CIDv2_OpelAstra|CIDv2_Prototype|CIDv2_RenaultClio|CTT_Forester|CTT_Impala|CTT_Traverse|ROAD_ORNL
118722,21816,0.18375701217971396,0.9672595049579875,0.9260370354409374,96923,0.024890421752929687,False,0.7880454712137881,0.9997092516136535,5.159639238024477e-05,8.78720717222608,7.46259000400498,0.9998217309920671,0.9976127320954907,0.2201774564574433,0.4080338266384778,0.5588235294117647,1.0,0.5833333333333334,0.2857142857142857,1.0,True,0.7880454712137881,0.9991863303498779,0.00014446989866468535,8.273156629099876,20.89525201121394,0.9998217309920671,0.9976127320954907,0.2201774564574433,0.4080338266384778,0.5588235294117647,1.0,0.5833333333333334,0.2857142857142857,1.0,True,0.8098643197653098,0.9956607495069033,0.0007945844426557695,7.052911588660269,114.9238860616767,0.9998217309920671,0.9976127320954907,0.3697009530069011,0.41358350951374206,0.6470588235294118,1.0,0.8333333333333334,0.2857142857142857,1.0,True,0.8186193619361937,0.9952075787127334,0.0008874579489402101,6.869166133705404,128.35654806888564,0.9999108654960335,0.9976127320954907,0.41767992113046337,0.42521141649048627,0.6764705882352942,1.0,0.9166666666666666,0.2857142857142857,1.0,True,0.8322790612394573,0.9487407252586477,0.010123212185004024,4.319047408517623,1464.160158785777,1.0,0.9976127320954907,0.4334538284587578,0.49101479915433405,0.8235294117647058,1.0,1.0,0.5714285714285714,1.0,Rule:Combined,fleet,40000,20000,0.25,B_fleet_size,CTT_Silverado,FS-B,1,7,CIDv2_OpelAstra|CIDv2_Prototype|CIDv2_RenaultClio|CTT_Forester|CTT_Impala|CTT_Traverse|ROAD_ORNL
118722,21816,0.18375701217971396,0.7134366150542297,0.4253071361803113,96923,0.024890421752929687,False,0.0,0.0,0.0,0.9817008124005813,0.0,0.0,0.0,0.0,0.0,0.0,0.0,0.0,0.0,0.0,True,0.0,0.0,0.0,0.9817008124005813,0.0,0.0,0.0,0.0,0.0,0.0,0.0,0.0,0.0,0.0,True,0.0,0.0,0.0,0.9817008124005813,0.0,0.0,0.0,0.0,0.0,0.0,0.0,0.0,0.0,0.0,True,0.0,0.0,0.0,0.9817008124005813,0.0,0.0,0.0,0.0,0.0,0.0,0.0,0.0,0.0,0.0,True,0.0,0.0,0.0,0.9817008124005813,0.0,0.0,0.0,0.0,0.0,0.0,0.0,0.0,0.0,0.0,HistGB,fleet,10934,1058,8.24,B_fleet_size,CTT_Silverado,FS-A,0,1,CIDv2_Prototype
118722,21816,0.18375701217971396,0.8088274233762165,0.6976412093694451,96923,0.024890421752929687,False,0.0012376237623762376,1.0,0.0,0.998271942138672,0.0,0.0019609590872626793,0.0,0.001643115346697338,0.0,0.058823529411764705,0.25,0.0,0.07142857142857142,0.0,True,0.0028877887788778876,0.8873239436619719,8.255422780839164e-05,0.9980123043060303,11.940144006407968,0.0050806667260896695,0.0,0.001643115346697338,0.0002642706131078224,0.11764705882352941,0.5,0.08333333333333333,0.07142857142857142,0.0,True,0.08832966629996333,0.9596613545816733,0.0008358615565599653,0.997627317905426,120.89395806488068,0.018985649344861397,0.4488063660477454,0.004272099901413079,0.0023784355179704017,0.47058823529411764,1.0,0.4166666666666667,0.35714285714285715,0.5,True,0.12275394206087276,0.9567702750982494,0.0012486326956019235,0.9975175857543945,180.5946780969205,0.023174971031286212,0.6336870026525199,0.00558659217877095,0.003171247357293869,0.47058823529411764,1.0,0.4166666666666667,0.35714285714285715,0.5,True,0.5148514851485149,0.9123548046462513,0.011134501475656823,0.9970310926437378,1610.4269228642747,0.67867011320082,0.8297082228116711,0.05027932960893855,0.08905919661733615,0.8529411764705882,1.0,1.0,0.7142857142857143,0.75,XGBoost,fleet,10934,1058,6.84,B_fleet_size,CTT_Silverado,FS-A,0,1,CIDv2_Prototype
118722,21816,0.18375701217971396,0.7134366150542297,0.4253071361803113,96923,0.024890421752929687,False,0.0,0.0,0.0,0.9817008124005813,0.0,0.0,0.0,0.0,0.0,0.0,0.0,0.0,0.0,0.0,True,0.0,0.0,0.0,0.9817008124005813,0.0,0.0,0.0,0.0,0.0,0.0,0.0,0.0,0.0,0.0,True,0.0,0.0,0.0,0.9817008124005813,0.0,0.0,0.0,0.0,0.0,0.0,0.0,0.0,0.0,0.0,True,0.0,0.0,0.0,0.9817008124005813,0.0,0.0,0.0,0.0,0.0,0.0,0.0,0.0,0.0,0.0,True,0.0,0.0,0.0,0.9817008124005813,0.0,0.0,0.0,0.0,0.0,0.0,0.0,0.0,0.0,0.0,HistGB,fleet,10934,1058,8.4,B_fleet_size,CTT_Silverado,FS-A,1,1,CIDv2_Prototype
118722,21816,0.18375701217971396,0.8088274233762165,0.6976412093694451,96923,0.024890421752929687,False,0.0012376237623762376,1.0,0.0,0.998271942138672,0.0,0.0019609590872626793,0.0,0.001643115346697338,0.0,0.058823529411764705,0.25,0.0,0.07142857142857142,0.0,True,0.0028877887788778876,0.8873239436619719,8.255422780839164e-05,0.9980123043060303,11.940144006407968,0.0050806667260896695,0.0,0.001643115346697338,0.0002642706131078224,0.11764705882352941,0.5,0.08333333333333333,0.07142857142857142,0.0,True,0.08832966629996333,0.9596613545816733,0.0008358615565599653,0.997627317905426,120.89395806488068,0.018985649344861397,0.4488063660477454,0.004272099901413079,0.0023784355179704017,0.47058823529411764,1.0,0.4166666666666667,0.35714285714285715,0.5,True,0.12275394206087276,0.9567702750982494,0.0012486326956019235,0.9975175857543945,180.5946780969205,0.023174971031286212,0.6336870026525199,0.00558659217877095,0.003171247357293869,0.47058823529411764,1.0,0.4166666666666667,0.35714285714285715,0.5,True,0.5148514851485149,0.9123548046462513,0.011134501475656823,0.9970310926437378,1610.4269228642747,0.67867011320082,0.8297082228116711,0.05027932960893855,0.08905919661733615,0.8529411764705882,1.0,1.0,0.7142857142857143,0.75,XGBoost,fleet,10934,1058,16.75,B_fleet_size,CTT_Silverado,FS-A,1,1,CIDv2_Prototype
118722,21816,0.18375701217971396,0.49951870187018704,0.1836126808568248,96923,0.024890421752929687,False,0.0,0.0,0.0,0.9964539601686093,0.0,0.0,0.0,0.0,0.0,0.0,0.0,0.0,0.0,0.0,True,0.0,0.0,0.0,0.9964539601686093,0.0,0.0,0.0,0.0,0.0,0.0,0.0,0.0,0.0,0.0,True,0.0,0.0,0.0,0.9964539601686093,0.0,0.0,0.0,0.0,0.0,0.0,0.0,0.0,0.0,0.0,True,0.0,0.0,0.0,0.9964539601686093,0.0,0.0,0.0,0.0,0.0,0.0,0.0,0.0,0.0,0.0,True,0.0,0.0,0.0,0.9964539601686093,0.0,0.0,0.0,0.0,0.0,0.0,0.0,0.0,0.0,0.0,HistGB,fleet,17309,864,8.86,B_fleet_size,CTT_Silverado,FS-A,0,1,CIDv2_RenaultClio
118722,21816,0.18375701217971396,0.6332489036986996,0.36930161055033145,96923,0.024890421752929687,False,0.0,0.0,1.0319278476048955e-05,0.9999775886535646,1.492518000800996,0.0,0.0,0.0,0.0,0.0,0.0,0.0,0.0,0.0,True,0.0,0.0,0.000227024126473077,0.999972939491272,32.83539601762191,0.0,0.0,0.0,0.0,0.0,0.0,0.0,0.0,0.0,True,0.0007334066740007334,0.0599250936329588,0.0025901388974882878,0.9999643564224243,374.62201820104997,0.0010696140475978252,0.0002652519893899204,0.0,0.0007928118393234672,0.14705882352941177,0.25,0.25,0.0,0.25,True,0.003942060872753942,0.19457013574660634,0.003673663137473428,0.9999622106552124,531.3364082851546,0.006774222301452892,0.001326259946949602,0.0,0.001321353065539112,0.20588235294117646,0.75,0.25,0.0,0.25,True,0.15882838283828382,0.754737529949902,0.011619507564031123,0.9999421834945679,1680.5752689019214,0.2743560032088421,0.008222811671087533,0.04896483733158068,0.05470401691331924,0.7352941176470589,1.0,0.75,0.6428571428571429,0.75,XGBoost,fleet,17309,864,9.13,B_fleet_size,CTT_Silverado,FS-A,0,1,CIDv2_RenaultClio
118722,21816,0.18375701217971396,0.49951870187018704,0.1836126808568248,96923,0.024890421752929687,False,0.0,0.0,0.0,0.9964539601686093,0.0,0.0,0.0,0.0,0.0,0.0,0.0,0.0,0.0,0.0,True,0.0,0.0,0.0,0.9964539601686093,0.0,0.0,0.0,0.0,0.0,0.0,0.0,0.0,0.0,0.0,True,0.0,0.0,0.0,0.9964539601686093,0.0,0.0,0.0,0.0,0.0,0.0,0.0,0.0,0.0,0.0,True,0.0,0.0,0.0,0.9964539601686093,0.0,0.0,0.0,0.0,0.0,0.0,0.0,0.0,0.0,0.0,True,0.0,0.0,0.0,0.9964539601686093,0.0,0.0,0.0,0.0,0.0,0.0,0.0,0.0,0.0,0.0,HistGB,fleet,17309,864,8.26,B_fleet_size,CTT_Silverado,FS-A,1,1,CIDv2_RenaultClio
118722,21816,0.18375701217971396,0.6332489036986996,0.36930161055033145,96923,0.024890421752929687,False,0.0,0.0,1.0319278476048955e-05,0.9999775886535646,1.492518000800996,0.0,0.0,0.0,0.0,0.0,0.0,0.0,0.0,0.0,True,0.0,0.0,0.000227024126473077,0.999972939491272,32.83539601762191,0.0,0.0,0.0,0.0,0.0,0.0,0.0,0.0,0.0,True,0.0007334066740007334,0.0599250936329588,0.0025901388974882878,0.9999643564224243,374.62201820104997,0.0010696140475978252,0.0002652519893899204,0.0,0.0007928118393234672,0.14705882352941177,0.25,0.25,0.0,0.25,True,0.003942060872753942,0.19457013574660634,0.003673663137473428,0.9999622106552124,531.3364082851546,0.006774222301452892,0.001326259946949602,0.0,0.001321353065539112,0.20588235294117646,0.75,0.25,0.0,0.25,True,0.15882838283828382,0.754737529949902,0.011619507564031123,0.9999421834945679,1680.5752689019214,0.2743560032088421,0.008222811671087533,0.04896483733158068,0.05470401691331924,0.7352941176470589,1.0,0.75,0.6428571428571429,0.75,XGBoost,fleet,17309,864,12.42,B_fleet_size,CTT_Silverado,FS-A,1,1,CIDv2_RenaultClio
118722,21816,0.18375701217971396,0.742636780210365,0.5027389385408774,96923,0.024890421752929687,False,0.0008709204253758709,1.0,0.0,0.999967993736678,0.0,0.0,0.005039787798408488,0.0,0.0,0.058823529411764705,0.0,0.0,0.0,0.5,True,0.006463146314631463,0.986013986013986,2.063855695209791e-05,0.9999577909170758,2.985036001601992,0.0,0.03687002652519894,0.0,0.0005285412262156448,0.11764705882352941,0.0,0.16666666666666666,0.0,0.5,True,0.02580674734140081,0.9398998330550918,0.00037149402513776236,0.9999392607637301,53.73064802883585,8.913450396648542e-05,0.13793103448275862,0.001971738416036806,0.009513742071881607,0.35294117647058826,0.25,0.25,0.2857142857142857,1.0,True,0.0302988632196553,0.9193324061196105,0.0005985181516108394,0.9999353104025206,86.56604404645778,0.0003565380158659417,0.15994694960212202,0.0023003614853762734,0.012420718816067653,0.38235294117647056,0.25,0.3333333333333333,0.2857142857142857,1.0,True,0.12623762376237624,0.7735955056179775,0.008317338451695458,0.9999037480025329,1202.9695086456027,0.11052678491844192,0.32281167108753317,0.016102530397633912,0.06553911205073996,0.7352941176470589,1.0,0.8333333333333334,0.5,1.0,HistGB,fleet,40000,20000,29.74,B_fleet_size,CTT_Silverado,FS-A,0,1,CTT_Forester
118722,21816,0.18375701217971396,0.7042518150937267,0.4642146304419751,96923,0.024890421752929687,False,0.0013751375137513752,1.0,0.0,0.9999990463256837,0.0,0.0,0.007957559681697613,0.0,0.0,0.058823529411764705,0.0,0.0,0.0,0.5,True,0.008388338833883388,0.9631578947368421,7.223494933234268e-05,0.9999985694885254,10.44762600560697,0.0025849006150280773,0.04084880636604774,0.0,0.0,0.11764705882352941,0.25,0.0,0.0,0.75,True,0.030573890722405572,0.9238227146814404,0.0005675603161826925,0.9999978542327881,82.08849004405478,0.022283625991621356,0.10848806366047746,0.0013144922773578706,0.0010570824524312897,0.29411764705882354,0.25,0.25,0.14285714285714285,1.0,True,0.0407040704070407,0.9183040330920372,0.0008152229996078674,0.999997615814209,117.90892206327867,0.032979766467599606,0.13421750663129972,0.001971738416036806,0.0015856236786469344,0.3235294117647059,0.25,0.25,0.21428571428571427,1.0,True,0.1546112944627796,0.7840539284053928,0.00958660970424948,0.9999955892562866,1386.5492227441252,0.1811213120598984,0.310079575596817,0.014788038120276044,0.033562367864693445,0.7352941176470589,0.75,0.9166666666666666,0.5,1.0,XGBoost,fleet,40000,20000,11.73,B_fleet_size,CTT_Silverado,FS-A,0,1,CTT_Forester
118722,21816,0.18375701217971396,0.8072705897437755,0.6192489726211398,96923,0.024890421752929687,False,0.0013292995966263292,0.9666666666666667,1.0319278476048955e-05,0.9999639729562994,1.492518000800996,0.0025849006150280773,0.0,0.0,0.0,0.029411764705882353,0.25,0.0,0.0,0.0,True,0.008388338833883388,0.973404255319149,5.159639238024477e-05,0.9999582914171634,7.46259000400498,0.015063731170336037,0.0034482758620689655,0.0,0.0002642706131078224,0.14705882352941177,0.75,0.08333333333333333,0.0,0.25,True,0.06298129812981298,0.9462809917355371,0.0008049037211318185,0.9999477011125271,116.41640406247768,0.10535698368838578,0.04668435013262599,0.0013144922773578706,0.003171247357293869,0.4117647058823529,1.0,0.4166666666666667,0.21428571428571427,0.5,True,0.07916208287495416,0.9401197604790419,0.001135120632365385,0.9999451970942196,164.17698008810956,0.13093858632676708,0.06180371352785146,0.001643115346697338,0.005285412262156448,0.4117647058823529,1.0,0.4166666666666667,0.21428571428571427,0.5,True,0.28845801246791347,0.8648982957669049,0.010143850741956123,0.9999127509679998,1467.1451947873788,0.4118905428291292,0.34509283819628644,0.02497535326979954,0.0779598308668076,0.7941176470588235,1.0,1.0,0.5714285714285714,0.75,HistGB,fleet,40000,20000,21.19,B_fleet_size,CTT_Silverado,FS-A,1,1,CTT_Forester
118722,21816,0.18375701217971396,0.7748658052002821,0.5600626878333308,96923,0.024890421752929687,False,0.003667033370003667,1.0,0.0,0.9999979734420777,0.0,0.006863356805419378,0.0007957559681697613,0.0,0.0,0.11764705882352941,0.5,0.0,0.0,0.5,True,0.014988998899889989,0.9790419161676647,7.223494933234268e-05,0.9999973773956299,10.44762600560697,0.028166503253409393,0.0029177718832891246,0.0,0.0,0.14705882352941177,0.75,0.0,0.0,0.5,True,0.05353868720205354,0.9389067524115756,0.0007842651641797205,0.9999963045120239,113.43136806087568,0.09546305374810589,0.0246684350132626,0.0006572461386789353,0.0005285412262156448,0.2647058823529412,0.75,0.16666666666666666,0.14285714285714285,0.5,True,0.06421892189218922,0.9253632760898283,0.0011660784677935319,0.9999960660934448,168.65453409051253,0.11311168553347001,0.03368700265251989,0.000985869208018403,0.0005285412262156448,0.3235294117647059,0.75,0.16666666666666666,0.21428571428571427,0.75,True,0.21456729006233957,0.8207960722426793,0.010546302602522031,0.9999938011169434,1525.3533968186177,0.3527943666993493,0.15490716180371353,0.015445284258954979,0.024312896405919663,0.7647058823529411,1.0,0.75,0.6428571428571429,1.0,XGBoost,fleet,40000,20000,8.22,B_fleet_size,CTT_Silverado,FS-A,1,1,CTT_Forester
118722,21816,0.18375701217971396,0.4638649708296664,0.17249395747013954,96923,0.024890421752929687,False,9.167583425009168e-05,1.0,0.0,0.9999955540542136,0.0,0.0,0.0,0.00032862306933946765,0.0002642706131078224,0.058823529411764705,0.0,0.08333333333333333,0.07142857142857142,0.0,True,0.0005958929226255959,0.9285714285714286,1.0319278476048955e-05,0.9999953950079014,1.492518000800996,0.0,0.0,0.0006572461386789353,0.0029069767441860465,0.11764705882352941,0.0,0.25,0.07142857142857142,0.0,True,0.0027044371103777044,0.4796747967479675,0.0006604338224671331,0.9999948894534407,95.52115205126374,8.913450396648542e-05,0.0,0.003614853762734144,0.012420718816067653,0.20588235294117646,0.25,0.25,0.21428571428571427,0.0,True,0.003437843784378438,0.436046511627907,0.0010009700121767487,0.9999947595597048,144.7742460776966,8.913450396648542e-05,0.0,0.0052579691094314825,0.0153276955602537,0.2647058823529412,0.25,0.3333333333333333,0.2857142857142857,0.0,True,0.015447378071140447,0.24367317425885757,0.010793965285947206,0.9999939934456388,1561.1738288378415,0.0008913450396648543,0.0007957559681697613,0.02924745317121262,0.06210359408033827,0.6470588235294118,1.0,0.8333333333333334,0.5,0.25,HistGB,fleet,40000,12610,45.61,B_fleet_size,CTT_Silverado,FS-A,0,1,CTT_Impala
118722,21816,0.18375701217971396,0.47573001322260194,0.19553553100060667,96923,0.024890421752929687,False,0.0,0.0,0.0,1.0000000000000002,0.0,0.0,0.0,0.0,0.0,0.0,0.0,0.0,0.0,0.0,True,0.0031169783645031168,0.9066666666666666,7.223494933234268e-05,1.0,10.44762600560697,0.0,0.0,0.005915215248110417,0.013213530655391121,0.17647058823529413,0.0,0.16666666666666666,0.2857142857142857,0.0,True,0.0031169783645031168,0.9066666666666666,7.223494933234268e-05,1.0,10.44762600560697,0.0,0.0,0.005915215248110417,0.013213530655391121,0.17647058823529413,0.0,0.16666666666666666,0.2857142857142857,0.0,True,0.0031169783645031168,0.9066666666666666,7.223494933234268e-05,1.0,10.44762600560697,0.0,0.0,0.005915215248110417,0.013213530655391121,0.17647058823529413,0.0,0.16666666666666666,0.2857142857142857,0.0,True,0.03813714704803814,0.4798154555940023,0.009307989185396158,0.9999998807907104,1346.2512367224983,0.0,0.0005305039787798408,0.0801840289188301,0.15486257928118394,0.47058823529411764,0.0,0.5,0.6428571428571429,0.25,XGBoost,fleet,40000,12610,16.43,B_fleet_size,CTT_Silverado,FS-A,0,1,CTT_Impala
118722,21816,0.18375701217971396,0.5055285806418616,0.18192680613288836,96923,0.024890421752929687,False,0.0,0.0,0.0,0.9999939082112915,0.0,0.0,0.0,0.0,0.0,0.0,0.0,0.0,0.0,0.0,True,4.583791712504584e-05,0.09090909090909091,0.00010319278476048954,0.999993494111971,14.92518000800996,0.0,0.0,0.0,0.0002642706131078224,0.029411764705882353,0.0,0.08333333333333333,0.0,0.0,True,0.0001375137513751375,0.0375,0.0007945844426557695,0.9999929261799754,114.9238860616767,0.0,0.0,0.0,0.0007928118393234672,0.058823529411764705,0.0,0.16666666666666666,0.0,0.0,True,0.000275027502750275,0.04838709677419355,0.0012176748601737766,0.9999927678650946,176.11712409451752,0.0,0.0,0.0,0.0015856236786469344,0.058823529411764705,0.0,0.16666666666666666,0.0,0.0,True,0.0121012101210121,0.17825793382849425,0.012558561905351578,0.999990198566551,1816.3944069748122,0.005526339245922097,0.0010610079575596816,0.014130791981597108,0.04096194503171247,0.5588235294117647,0.25,0.5833333333333334,0.5714285714285714,0.75,HistGB,fleet,40000,12610,26.61,B_fleet_size,CTT_Silverado,FS-A,1,1,CTT_Impala
118722,21816,0.18375701217971396,0.4898790414913023,0.2072555400531781,96923,0.024890421752929687,False,0.0,0.0,0.0,1.0000000000000002,0.0,0.0,0.0,0.0,0.0,0.0,0.0,0.0,0.0,0.0,True,0.006142280894756142,0.9305555555555556,0.00010319278476048954,1.0,14.92518000800996,0.0,0.0,0.01248767663489977,0.02536997885835095,0.17647058823529413,0.0,0.16666666666666666,0.2857142857142857,0.0,True,0.006142280894756142,0.9305555555555556,0.00010319278476048954,1.0,14.92518000800996,0.0,0.0,0.01248767663489977,0.02536997885835095,0.17647058823529413,0.0,0.16666666666666666,0.2857142857142857,0.0,True,0.006142280894756142,0.9305555555555556,0.00010319278476048954,1.0,14.92518000800996,0.0,0.0,0.01248767663489977,0.02536997885835095,0.17647058823529413,0.0,0.16666666666666666,0.2857142857142857,0.0,True,0.05088008800880088,0.5333974050937049,0.010020019400243534,0.9999998807907104,1449.2349787777669,0.00044567251983242714,0.0010610079575596816,0.11994742030890569,0.1945031712473573,0.47058823529411764,0.25,0.4166666666666667,0.5714285714285714,0.5,XGBoost,fleet,40000,12610,8.69,B_fleet_size,CTT_Silverado,FS-A,1,1,CTT_Impala
118722,21816,0.18375701217971396,0.8163021465741536,0.5300499036138167,96923,0.024890421752929687,False,0.004262926292629263,1.0,0.0,0.9999995659660794,0.0,0.0,0.010875331564986738,0.017088399605652317,0.0,0.17647058823529413,0.0,0.0,0.2857142857142857,0.5,True,0.022002200220022004,0.9836065573770492,8.255422780839164e-05,0.9999994157878578,11.940144006407968,0.0,0.10159151193633953,0.03187643772592836,0.0,0.23529411764705882,0.0,0.0,0.42857142857142855,0.5,True,0.07962046204620463,0.9628603104212861,0.00069139165789528,0.9999990734646065,99.99870605366672,8.913450396648542e-05,0.3978779840848806,0.07591192901741703,0.001321353065539112,0.4117647058823529,0.25,0.16666666666666666,0.5714285714285714,0.75,True,0.08745874587458746,0.956390977443609,0.0008977772274162591,0.9999989984034396,129.84906606968667,8.913450396648542e-05,0.43342175066313,0.08675649030561945,0.0023784355179704017,0.4411764705882353,0.25,0.16666666666666666,0.6428571428571429,0.75,True,0.17276310964429775,0.7611066235864298,0.012207706437165913,0.9999979054522286,1765.6487949475782,0.010072198948212853,0.7172413793103448,0.22905027932960895,0.06738900634249471,0.6470588235294118,1.0,0.3333333333333333,0.7142857142857143,1.0,HistGB,fleet,40000,20000,30.68,B_fleet_size,CTT_Silverado,FS-A,0,1,CTT_Traverse
118722,21816,0.18375701217971396,0.7110066056645565,0.43560965303935795,96923,0.024890421752929687,False,0.027777777777777776,0.9983525535420099,1.0319278476048955e-05,0.999999761581421,1.492518000800996,0.0,0.15437665782493368,0.007886953664147224,0.0,0.14705882352941177,0.0,0.0,0.21428571428571427,0.5,True,0.0583975064173084,0.9953125,6.191567085629373e-05,0.9999997615814209,8.955108004805975,0.0,0.32360742705570295,0.017745645744331254,0.0,0.2647058823529412,0.0,0.0,0.35714285714285715,1.0,True,0.09176751008434177,0.9799314733235438,0.00042309041751800714,0.9999995231628418,61.19323803284083,0.0,0.4960212201591512,0.04206375287545186,0.0010570824524312897,0.38235294117647056,0.0,0.08333333333333333,0.5714285714285714,1.0,True,0.10304363769710305,0.9639794168096055,0.0008668193919881122,0.9999994039535522,125.37151206728366,0.0,0.5482758620689655,0.05718041406506737,0.0018498942917547568,0.4117647058823529,0.0,0.08333333333333333,0.6428571428571429,1.0,True,0.16157865786578657,0.7634827810266407,0.011268652095845459,0.9999983310699463,1629.8296568746878,0.001871824583296194,0.7198938992042441,0.1837002957607624,0.061046511627906974,0.6470588235294118,0.5,0.5,0.7142857142857143,1.0,XGBoost,fleet,40000,20000,18.44,B_fleet_size,CTT_Silverado,FS-A,0,1,CTT_Traverse
118722,21816,0.18375701217971396,0.8173395566567024,0.6021959448568907,96923,0.024890421752929687,False,0.006142280894756142,1.0,0.0,0.9999995127709612,0.0,0.0,0.023607427055702918,0.014130791981597108,0.0005285412262156448,0.23529411764705882,0.0,0.16666666666666666,0.2857142857142857,0.5,True,0.05986431976530986,0.9931558935361217,9.287350628444059e-05,0.9999990986433347,13.432662007208963,0.0002674035118994563,0.2936339522546419,0.04929346040092014,0.012156448202959831,0.35294117647058826,0.25,0.16666666666666666,0.42857142857142855,0.75,True,0.12092042537587092,0.9709238130290762,0.0008152229996078674,0.9999985986556414,117.90892206327867,0.0025849006150280773,0.5684350132625995,0.09792967466316135,0.04439746300211417,0.4411764705882353,0.25,0.25,0.5714285714285714,0.75,True,0.13265493215988267,0.9637029637029637,0.0011248013538893362,0.9999984750605424,162.68446208730856,0.0036545146626259027,0.6090185676392573,0.11107459743674006,0.05787526427061311,0.5,0.25,0.25,0.6428571428571429,1.0,True,0.23863219655298865,0.8153484729835552,0.012166429323261717,0.9999966057873863,1759.6787229443742,0.03690168464212497,0.7970822281167109,0.3069339467630628,0.22542283298097252,0.7058823529411765,1.0,0.5833333333333334,0.6428571428571429,1.0,HistGB,fleet,40000,20000,32.67,B_fleet_size,CTT_Silverado,FS-A,1,1,CTT_Traverse
118722,21816,0.18375701217971396,0.8111149060096882,0.6002625003146471,96923,0.024890421752929687,False,0.03185735240190686,1.0,0.0,0.9999996423721315,0.0,0.0,0.1469496021220159,0.0446927374301676,0.001321353065539112,0.35294117647058826,0.0,0.16666666666666666,0.5,0.75,True,0.056151448478181154,0.9991843393148451,1.0319278476048955e-05,0.9999996423721313,1.492518000800996,0.0,0.2610079575596817,0.07426881367071969,0.003964059196617336,0.35294117647058826,0.0,0.16666666666666666,0.5,0.75,True,0.13815548221488816,0.9808005206638464,0.0006088374300868883,0.9999990463256836,88.05856204725876,0.001693555575363223,0.5554376657824933,0.22872165626026947,0.0541754756871036,0.5588235294117647,0.5,0.25,0.7142857142857143,1.0,True,0.1491107444077741,0.9751199040767387,0.0008565001135120632,0.999998927116394,123.87899406648266,0.002941438630894019,0.583289124668435,0.2507394019060138,0.06818181818181818,0.5588235294117647,0.5,0.25,0.7142857142857143,1.0,True,0.2637972130546388,0.8275812482024734,0.012372814892782696,0.9999974966049194,1789.5290829603941,0.0629289598003387,0.7647214854111406,0.45218534341110744,0.2087737843551797,0.7941176470588235,1.0,0.6666666666666666,0.7857142857142857,1.0,XGBoost,fleet,40000,20000,7.91,B_fleet_size,CTT_Silverado,FS-A,1,1,CTT_Traverse
118722,21816,0.18375701217971396,0.8814392661911504,0.8318501684361989,96923,0.024890421752929687,False,0.1757884121745508,1.0,0.0,0.999978721313538,0.0,0.12380782600944826,0.6435013262599469,0.006243838317449885,0.0002642706131078224,0.3235294117647059,1.0,0.08333333333333333,0.21428571428571427,0.75,True,0.3421800513384672,0.999330655957162,5.159639238024477e-05,0.9999530394318088,7.46259000400498,0.39638113913896067,0.7716180371352785,0.028918830101873152,0.005549682875264271,0.4411764705882353,1.0,0.3333333333333333,0.2857142857142857,0.75,True,0.5282361569490283,0.9946487139651303,0.0006397952655150352,0.9999055021208867,92.53611604966174,0.7232373651840628,0.8254641909814323,0.07854091357213276,0.015591966173361522,0.6176470588235294,1.0,0.5833333333333334,0.42857142857142855,1.0,True,0.5605977264393106,0.992533679597468,0.0009493736197965038,0.9998935111799521,137.3116560736916,0.7789464301631162,0.8310344827586207,0.09234308248439041,0.020348837209302327,0.6764705882352942,1.0,0.5833333333333334,0.5714285714285714,1.0,True,0.7133755042170884,0.9415003024803388,0.00997874228633934,0.9997215056980989,1443.264906774563,0.9928692396826811,0.8580901856763926,0.2885310548800526,0.08218816067653277,0.8529411764705882,1.0,1.0,0.6428571428571429,1.0,HistGB,fleet,40000,20000,23.33,B_fleet_size,CTT_Silverado,FS-A,0,2,CIDv2_OpelAstra|CTT_Traverse
118722,21816,0.18375701217971396,0.8938631675669717,0.8224144556719151,96923,0.024890421752929687,False,0.12784195086175285,1.0,0.0,0.9999974966049195,0.0,0.05143060878866209,0.5681697612732095,0.023003614853762733,0.0,0.29411764705882354,1.0,0.0,0.2857142857142857,0.5,True,0.24582874954162082,0.9986964618249534,7.223494933234268e-05,0.9999934434890747,10.44762600560697,0.22399500846777787,0.6917771883289124,0.07854091357213276,0.0007928118393234672,0.38235294117647056,1.0,0.16666666666666666,0.2857142857142857,0.75,True,0.3728914558122479,0.9911062378167641,0.0007533073287515736,0.9999867677688599,108.95381405847269,0.4234780283447723,0.7588859416445624,0.16365428853105488,0.0066067653276955605,0.5882352941176471,1.0,0.5,0.42857142857142855,1.0,True,0.40222772277227725,0.9880644071613557,0.0010938435184611893,0.9999847412109375,158.2069080849056,0.46947143239147876,0.770026525198939,0.18468616496878082,0.011363636363636364,0.6176470588235294,1.0,0.5,0.5,1.0,True,0.6176659332599926,0.927327781983346,0.010897158070707695,0.9999524354934692,1576.0990088458516,0.8175416703806043,0.8368700265251989,0.3023332237923102,0.06025369978858351,0.8529411764705882,1.0,0.9166666666666666,0.7142857142857143,1.0,XGBoost,fleet,40000,20000,8.34,B_fleet_size,CTT_Silverado,FS-A,0,2,CIDv2_OpelAstra|CTT_Traverse
118722,21816,0.18375701217971396,0.8529177123213874,0.7896200001597279,96923,0.024890421752929687,False,0.15827832783278328,0.9997104806022004,1.0319278476048955e-05,0.9999910268123386,1.492518000800996,0.15322221231838845,0.4488063660477454,0.011830430496220835,0.0015856236786469344,0.35294117647058826,1.0,0.25,0.21428571428571427,0.5,True,0.19774477447744773,0.9997682502896872,1.0319278476048955e-05,0.9999877628767647,1.492518000800996,0.20456368660308405,0.5180371352785146,0.017417022674991785,0.003435517970401691,0.4411764705882353,1.0,0.3333333333333333,0.35714285714285715,0.5,True,0.35648148148148145,0.9914584395716471,0.00069139165789528,0.999961519172595,99.99870605366672,0.4380069524913094,0.7071618037135279,0.03614853762734144,0.02299154334038055,0.6176470588235294,1.0,0.6666666666666666,0.42857142857142855,0.75,True,0.38008800880088006,0.9886729462263026,0.0009803314552246506,0.9999538401527904,141.78921007609458,0.4721454675104733,0.7320954907161804,0.04107788366743345,0.029069767441860465,0.6764705882352942,1.0,0.75,0.5,0.75,True,0.5595892922625596,0.923309635456058,0.01046374837471364,0.9997600494415285,1513.41325281221,0.7452535876637847,0.8421750663129973,0.10680249753532697,0.09170190274841437,0.8823529411764706,1.0,1.0,0.7857142857142857,0.75,HistGB,fleet,40000,20000,35.74,B_fleet_size,CTT_Silverado,FS-A,1,2,CIDv2_OpelAstra|CTT_Traverse
118722,21816,0.18375701217971396,0.8697791662013152,0.7919394959903158,96923,0.024890421752929687,False,0.10148514851485149,0.999548532731377,1.0319278476048955e-05,0.9999960660934449,1.492518000800996,0.03904091273732062,0.45384615384615384,0.021360499507065395,0.0,0.29411764705882354,1.0,0.0,0.2857142857142857,0.5,True,0.17652181884855153,0.9987033195020747,5.159639238024477e-05,0.9999929666519165,7.46259000400498,0.1351279080131919,0.5859416445623342,0.04107788366743345,0.0002642706131078224,0.35294117647058826,1.0,0.08333333333333333,0.35714285714285715,0.5,True,0.3318206820682068,0.9917796958487464,0.0006191567085629373,0.9999814033508301,89.55108004805976,0.37543453070683663,0.7307692307692307,0.08084127505750904,0.006871035940803382,0.5882352941176471,1.0,0.5,0.42857142857142855,1.0,True,0.36221122112211224,0.9879969992498124,0.0009906507337006996,0.9999775886535645,143.2817280768956,0.4232997593368393,0.7509283819628647,0.09168583634571147,0.011363636363636364,0.6176470588235294,1.0,0.5,0.5,1.0,True,0.560964429776311,0.924529727279595,0.010308959197572905,0.9999170303344727,1491.025482800195,0.712986897227917,0.8392572944297082,0.2628984554715741,0.07267441860465117,0.9411764705882353,1.0,1.0,0.8571428571428571,1.0,XGBoost,fleet,40000,20000,13.36,B_fleet_size,CTT_Silverado,FS-A,1,2,CIDv2_OpelAstra|CTT_Traverse
118722,21816,0.18375701217971396,0.8084873956768058,0.4936937041531354,96923,0.024890421752929687,False,0.005821415474880821,1.0,0.0,0.9999998135379036,0.0,0.0,0.006631299734748011,0.0335195530726257,0.0,0.29411764705882354,0.0,0.0,0.5,0.75,True,0.009488448844884489,0.9951923076923077,1.0319278476048955e-05,0.999999782127821,1.492518000800996,0.0,0.020954907161803715,0.04206375287545186,0.0,0.29411764705882354,0.0,0.0,0.5,0.75,True,0.04583791712504584,0.9302325581395349,0.0007739458857036716,0.9999995770981426,111.9388500600747,0.0003565380158659417,0.1830238726790451,0.10023003614853762,0.0002642706131078224,0.47058823529411764,0.5,0.08333333333333333,0.7142857142857143,0.75,True,0.050605060506050605,0.9101401483924155,0.0011248013538893362,0.999999539716266,162.68446208730856,0.0006239415277653979,0.20053050397877983,0.11173184357541899,0.0002642706131078224,0.47058823529411764,0.5,0.08333333333333333,0.7142857142857143,0.75,True,0.09905573890722405,0.6564398541919806,0.011671103956411367,0.9999991006472214,1688.0378589059262,0.013548444602905784,0.3583554376657825,0.20078869536641472,0.012420718816067653,0.6764705882352942,1.0,0.4166666666666667,0.7142857142857143,1.0,HistGB,fleet,40000,20000,48.25,B_fleet_size,CTT_Silverado,FS-A,0,2,CIDv2_Prototype|CTT_Traverse
118722,21816,0.18375701217971396,0.8339852379996839,0.5721720506586125,96923,0.024890421752929687,False,0.003987898789878988,1.0,0.0,0.9999998807907106,0.0,0.0,0.00636604774535809,0.02070325336838646,0.0,0.2647058823529412,0.0,0.0,0.42857142857142855,0.75,True,0.003987898789878988,1.0,0.0,0.9999998807907106,0.0,0.0,0.00636604774535809,0.02070325336838646,0.0,0.2647058823529412,0.0,0.0,0.42857142857142855,0.75,True,0.0374037403740374,0.9455388180764774,0.0004850060883743009,0.9999998807907104,70.14834603764682,0.0022283625991621355,0.1519893899204244,0.0690108445612882,0.0021141649048625794,0.5588235294117647,0.75,0.25,0.6428571428571429,1.0,True,0.0374037403740374,0.9455388180764774,0.0004850060883743009,0.9999998807907104,70.14834603764682,0.0022283625991621355,0.1519893899204244,0.0690108445612882,0.0021141649048625794,0.5588235294117647,0.75,0.25,0.6428571428571429,1.0,True,0.131004767143381,0.8071166337192883,0.007048067199141436,0.9999996423721313,1019.3897945470802,0.053748105891790715,0.4517241379310345,0.16365428853105488,0.01427061310782241,0.6470588235294118,1.0,0.3333333333333333,0.7142857142857143,1.0,XGBoost,fleet,40000,20000,14.37,B_fleet_size,CTT_Silverado,FS-A,0,2,CIDv2_Prototype|CTT_Traverse
118722,21816,0.18375701217971396,0.856669374559619,0.647246522022171,96923,0.024890421752929687,False,0.0011459479281261458,1.0,0.0,0.9999995067609422,0.0,0.0,0.0007957559681697613,0.007229707525468288,0.0,0.08823529411764706,0.0,0.0,0.14285714285714285,0.25,True,0.03786211954528786,0.9856801909307876,0.00012383134171258745,0.9999988693407212,17.91021600961195,0.0,0.1896551724137931,0.0335195530726257,0.0023784355179704017,0.35294117647058826,0.0,0.16666666666666666,0.5,0.75,True,0.0837917125045838,0.951092611862643,0.0009700121767486018,0.9999980465431054,140.29669207529363,8.913450396648542e-05,0.4023872679045093,0.0874137364442984,0.011627906976744186,0.4411764705882353,0.25,0.16666666666666666,0.6428571428571429,0.75,True,0.09181334800146682,0.9439208294062206,0.0012279941386498256,0.9999978399030716,177.60964209531852,0.0008022105356983688,0.43289124668435014,0.10088728228721656,0.014534883720930232,0.4411764705882353,0.25,0.16666666666666666,0.6428571428571429,0.75,True,0.24954162082874953,0.8272299042698678,0.011733019627267662,0.9999955103493342,1696.9929669107325,0.15509403690168463,0.6389920424403183,0.2622412093328952,0.13134249471458773,0.7058823529411765,1.0,0.4166666666666667,0.7857142857142857,1.0,HistGB,fleet,40000,20000,33.9,B_fleet_size,CTT_Silverado,FS-A,1,2,CIDv2_Prototype|CTT_Traverse
118722,21816,0.18375701217971396,0.8206808603649804,0.5384620037926016,96923,0.024890421752929687,False,0.018426842684268425,0.9975186104218362,1.0319278476048955e-05,0.9999998807907106,1.492518000800996,0.0,0.10185676392572944,0.005915215248110417,0.0,0.14705882352941177,0.0,0.0,0.14285714285714285,0.75,True,0.018426842684268425,0.9975186104218362,1.0319278476048955e-05,0.9999998807907106,1.492518000800996,0.0,0.10185676392572944,0.005915215248110417,0.0,0.14705882352941177,0.0,0.0,0.14285714285714285,0.75,True,0.0732031536486982,0.9743746186699207,0.0004334096959940561,0.9999998807907104,62.68575603364183,0.0,0.3822281167108753,0.04929346040092014,0.0015856236786469344,0.38235294117647056,0.0,0.16666666666666666,0.5714285714285714,0.75,True,0.0732031536486982,0.9743746186699207,0.0004334096959940561,0.9999998807907104,62.68575603364183,0.0,0.3822281167108753,0.04929346040092014,0.0015856236786469344,0.38235294117647056,0.0,0.16666666666666666,0.5714285714285714,0.75,True,0.13398423175650898,0.7621903520208605,0.009411181970156647,0.9999995231628418,1361.1764167305082,0.0049915322221231835,0.5726790450928382,0.19125862635557017,0.033298097251585626,0.6764705882352942,1.0,0.4166666666666667,0.7142857142857143,1.0,XGBoost,fleet,40000,20000,8.92,B_fleet_size,CTT_Silverado,FS-A,1,2,CIDv2_Prototype|CTT_Traverse
118722,21816,0.18375701217971396,0.7642958355671903,0.5705562716036152,96923,0.024890421752929687,False,0.013201320132013201,1.0,0.0,0.9999921913971842,0.0,0.018985649344861397,0.019628647214854113,0.00032862306933946765,0.0,0.11764705882352941,0.25,0.0,0.07142857142857142,0.5,True,0.05285111844517785,0.9956822107081175,5.159639238024477e-05,0.9999894441002546,7.46259000400498,0.08958017648631786,0.03740053050397878,0.0023003614853762734,0.0,0.14705882352941177,0.25,0.0,0.14285714285714285,0.5,True,0.14837733773377337,0.9785368802902056,0.0007326687717994758,0.9999814765731203,105.96877805687072,0.2538550672965505,0.09681697612732096,0.007558330594807755,0.0002642706131078224,0.35294117647058826,0.75,0.08333333333333333,0.35714285714285715,0.75,True,0.15992849284928493,0.9726791190409814,0.0010112892906527975,0.9999802089237704,146.26676407849757,0.27177110259381404,0.10689655172413794,0.0111731843575419,0.0007928118393234672,0.4117647058823529,0.75,0.25,0.35714285714285715,0.75,True,0.28373670700403375,0.8489919078315732,0.011361525602129899,0.9999616269390244,1643.2623188818964,0.44914876548712007,0.25676392572944295,0.042392375944791325,0.01427061310782241,0.7352941176470589,0.75,0.9166666666666666,0.5,1.0,HistGB,fleet,40000,20000,23.14,B_fleet_size,CTT_Silverado,FS-A,0,2,CIDv2_RenaultClio|CTT_Forester
118722,21816,0.18375701217971396,0.685376189750938,0.4889350588688461,96923,0.024890421752929687,False,0.004812981298129813,0.9722222222222222,3.095783542814686e-05,0.9999996423721315,4.477554002402988,0.0024066316070951066,0.020689655172413793,0.0,0.0,0.08823529411764706,0.25,0.0,0.0,0.5,True,0.01585991932526586,0.9801699716713881,7.223494933234268e-05,0.9999995231628418,10.44762600560697,0.013013637579106872,0.05278514588859416,0.00032862306933946765,0.0,0.11764705882352941,0.25,0.0,0.07142857142857142,0.5,True,0.045196186285295196,0.928436911487759,0.0007842651641797205,0.9999990463256836,113.43136806087568,0.042962830911845974,0.1312997347480106,0.001643115346697338,0.0010570824524312897,0.20588235294117646,0.25,0.25,0.07142857142857142,0.5,True,0.053584525119178585,0.9219242902208202,0.0010216085691288465,0.999998927116394,147.7592820792986,0.05303502986005883,0.1496021220159151,0.001643115346697338,0.001321353065539112,0.20588235294117646,0.25,0.25,0.07142857142857142,0.5,True,0.21933443344334433,0.8394736842105263,0.009442139805584794,0.9999971389770508,1365.6539707329114,0.30528567608521257,0.33607427055702915,0.014788038120276044,0.012684989429175475,0.6764705882352942,0.75,0.8333333333333334,0.42857142857142855,1.0,XGBoost,fleet,40000,20000,7.01,B_fleet_size,CTT_Silverado,FS-A,0,2,CIDv2_RenaultClio|CTT_Forester
118722,21816,0.18375701217971396,0.7300198769661981,0.5222218252604238,96923,0.024890421752929687,False,0.04336266960029336,0.9947423764458465,5.159639238024477e-05,0.9999895455028048,7.46259000400498,0.08084499509760228,0.009283819628647215,0.000985869208018403,0.0002642706131078224,0.14705882352941177,0.25,0.08333333333333333,0.07142857142857142,0.5,True,0.05853502016868353,0.9906904577191621,0.00012383134171258745,0.9999885386650041,17.91021600961195,0.10910063285497816,0.01246684350132626,0.001643115346697338,0.0002642706131078224,0.17647058823529413,0.5,0.08333333333333333,0.07142857142857142,0.5,True,0.11784928492849285,0.9654524971836275,0.0009493736197965038,0.9999850173940029,137.3116560736916,0.21677511364649255,0.03156498673740053,0.004600722970752547,0.0015856236786469344,0.2647058823529412,0.75,0.16666666666666666,0.14285714285714285,0.5,True,0.13137147048038136,0.9553333333333334,0.00138278331579056,0.9999841558585398,199.99741210733345,0.2403957571976112,0.03872679045092838,0.0052579691094314825,0.0018498942917547568,0.29411764705882354,0.75,0.25,0.14285714285714285,0.5,True,0.23592775944261093,0.7953948385102766,0.013662724702288817,0.9999706798424323,1976.0938330605186,0.3945093145556645,0.1570291777188329,0.01807426881367072,0.019556025369978858,0.7058823529411765,1.0,0.8333333333333334,0.5,0.75,HistGB,fleet,40000,20000,27.38,B_fleet_size,CTT_Silverado,FS-A,1,2,CIDv2_RenaultClio|CTT_Forester
118722,21816,0.18375701217971396,0.7013788285857046,0.4708129932333434,96923,0.024890421752929687,False,0.0035295196186285295,0.9625,3.095783542814686e-05,0.9999992847442628,4.477554002402988,0.002941438630894019,0.011140583554376658,0.0006572461386789353,0.0,0.11764705882352941,0.25,0.0,0.07142857142857142,0.5,True,0.007792445911257793,0.96045197740113,7.223494933234268e-05,0.9999991655349731,10.44762600560697,0.00820037436491666,0.020159151193633953,0.0006572461386789353,0.0,0.11764705882352941,0.25,0.0,0.07142857142857142,0.5,True,0.03094059405940594,0.8916776750330251,0.0008461808350360143,0.9999983310699463,122.38647606568166,0.03351457349139852,0.07771883289124669,0.001971738416036806,0.0,0.20588235294117646,0.75,0.0,0.07142857142857142,0.75,True,0.034974330766409975,0.8810623556581986,0.0010628856830330424,0.9999982118606567,153.7293540825026,0.03806043319368928,0.08753315649867374,0.001971738416036806,0.0,0.20588235294117646,0.75,0.0,0.07142857142857142,0.75,True,0.16396222955628897,0.7671027235685182,0.011206736424989166,0.9999957084655762,1620.8745488698817,0.22889740618593457,0.24880636604774536,0.013144922773578704,0.008192389006342496,0.7941176470588235,1.0,0.8333333333333334,0.6428571428571429,1.0,XGBoost,fleet,40000,20000,8.92,B_fleet_size,CTT_Silverado,FS-A,1,2,CIDv2_RenaultClio|CTT_Forester
118722,21816,0.18375701217971396,0.5685061994304742,0.26676708138886385,96923,0.024890421752929687,False,0.010955262192885956,0.991701244813278,2.063855695209791e-05,0.9999996250405573,2.985036001601992,0.012567965059274445,0.0,0.032205060795267824,0.0,0.14705882352941177,0.25,0.0,0.2857142857142857,0.0,True,0.01585991932526586,0.9746478873239437,9.287350628444059e-05,0.9999995604691552,13.432662007208963,0.018361707817095996,0.0,0.045678606638186,0.0002642706131078224,0.23529411764705882,0.25,0.08333333333333333,0.42857142857142855,0.0,True,0.028006967363403006,0.9078751857355126,0.0006397952655150352,0.9999993742109959,92.53611604966174,0.03431678402709689,0.0,0.07295432139336182,0.0010570824524312897,0.2647058823529412,0.25,0.16666666666666666,0.42857142857142855,0.0,True,0.03171983865053172,0.8871794871794871,0.000908096505892308,0.9999993284735991,131.34158407048764,0.03930831624922007,0.0,0.08116989812684851,0.0010570824524312897,0.29411764705882354,0.5,0.16666666666666666,0.42857142857142855,0.0,True,0.06623579024569123,0.5791583166332666,0.010835242399851402,0.9999988365654464,1567.143900841046,0.08654960335145735,0.001326259946949602,0.14196516595465003,0.009778012684989429,0.5882352941176471,0.75,0.5,0.6428571428571429,0.5,HistGB,fleet,40000,20000,29.13,B_fleet_size,CTT_Silverado,FS-A,0,2,CTT_Forester|CTT_Impala
118722,21816,0.18375701217971396,0.7362314466411451,0.47051521470785773,96923,0.024890421752929687,False,0.007654932159882655,1.0,0.0,0.9999998807907106,0.0,0.0,0.0,0.05488005257969109,0.0,0.11764705882352941,0.0,0.0,0.2857142857142857,0.0,True,0.02498166483314998,0.9697508896797153,0.00017542773409283223,0.9999997615814209,25.37280601361693,0.011854889027542562,0.005305039787798408,0.12849162011173185,0.0002642706131078224,0.3235294117647059,0.5,0.08333333333333333,0.42857142857142855,0.5,True,0.03593692702603594,0.9549330085261876,0.00038181330361381134,0.9999996423721313,55.22316602963686,0.02558160263838132,0.011936339522546418,0.14788038120276042,0.0005285412262156448,0.38235294117647056,0.75,0.16666666666666666,0.42857142857142855,0.5,True,0.048038137147048035,0.9274336283185841,0.0008461808350360143,0.9999995231628418,122.38647606568166,0.04242802388804706,0.019628647214854113,0.16201117318435754,0.001321353065539112,0.4117647058823529,0.75,0.25,0.42857142857142855,0.5,True,0.15053171983865052,0.7549425287356322,0.011000350855468185,0.9999985694885254,1591.0241888538617,0.1976111952936982,0.08143236074270557,0.22905027932960895,0.016649048625792813,0.8235294117647058,1.0,1.0,0.5714285714285714,1.0,XGBoost,fleet,40000,20000,8.05,B_fleet_size,CTT_Silverado,FS-A,0,2,CTT_Forester|CTT_Impala
118722,21816,0.18375701217971396,0.6859866780006931,0.3455380700613405,96923,0.024890421752929687,False,0.002566923359002567,0.9824561403508771,1.0319278476048955e-05,0.9999996155228792,1.492518000800996,0.00017826900793297085,0.0,0.017745645744331254,0.0,0.11764705882352941,0.25,0.0,0.21428571428571427,0.0,True,0.007425742574257425,0.9050279329608939,0.00017542773409283223,0.9999993263804957,25.37280601361693,0.0040110526784918445,0.0,0.03844889911271771,0.0,0.17647058823529413,0.25,0.0,0.35714285714285715,0.0,True,0.019389438943894388,0.8277886497064579,0.000908096505892308,0.9999988665695582,131.34158407048764,0.017470362777431143,0.0007957559681697613,0.0690108445612882,0.0036997885835095136,0.4411764705882353,0.5,0.3333333333333333,0.5,0.5,True,0.021727172717271728,0.797979797979798,0.0012383134171258746,0.9999987714136105,179.10216009611952,0.020590070416258134,0.0007957559681697613,0.07361156753204075,0.004228329809725159,0.5,0.75,0.4166666666666667,0.5,0.5,True,0.06421892189218922,0.551792044111855,0.01174333890574371,0.9999976519812069,1698.4854849115331,0.07567519386754613,0.013527851458885942,0.13966480446927373,0.0200845665961945,0.7352941176470589,0.75,0.9166666666666666,0.5714285714285714,0.75,HistGB,fleet,40000,20000,37.41,B_fleet_size,CTT_Silverado,FS-A,1,2,CTT_Forester|CTT_Impala
118722,21816,0.18375701217971396,0.7354597830491089,0.4820308647566389,96923,0.024890421752929687,False,0.01485148514851485,0.9969230769230769,1.0319278476048955e-05,0.999999761581421,1.492518000800996,0.003743649166592388,0.0005305039787798408,0.09201445941505093,0.0,0.23529411764705882,0.25,0.0,0.42857142857142855,0.25,True,0.026173450678401173,0.9947735191637631,3.095783542814686e-05,0.9999997615814209,4.477554002402988,0.015865941706034406,0.0034482758620689655,0.1248767663489977,0.0,0.2647058823529412,0.25,0.0,0.42857142857142855,0.5,True,0.06623579024569123,0.9500328731097962,0.0007842651641797205,0.9999994039535522,113.43136806087568,0.07291202424458508,0.021220159151193633,0.17417022674991783,0.004492600422832981,0.4411764705882353,0.75,0.25,0.5,0.5,True,0.06623579024569123,0.9500328731097962,0.0007842651641797205,0.9999994039535522,113.43136806087568,0.07291202424458508,0.021220159151193633,0.17417022674991783,0.004492600422832981,0.4411764705882353,0.75,0.25,0.5,0.5,True,0.1634121745507884,0.7607767819035425,0.011567911171650878,0.9999984502792358,1673.1126788979166,0.20509849362688296,0.10928381962864721,0.24712454814327967,0.026427061310782242,0.7058823529411765,0.75,0.8333333333333334,0.5714285714285714,0.75,XGBoost,fleet,40000,20000,9.85,B_fleet_size,CTT_Silverado,FS-A,1,2,CTT_Forester|CTT_Impala
118722,21816,0.18375701217971396,0.7840262645579497,0.6292746922010012,96923,0.024890421752929687,False,0.022139713971397138,1.0,0.0,0.9999404393884938,0.0,0.0,0.12811671087533155,0.0,0.0,0.058823529411764705,0.0,0.0,0.0,0.5,True,0.05844334433443344,0.99609375,5.159639238024477e-05,0.9998529299028599,7.46259000400498,0.004278456190391301,0.3145888594164456,0.013473545842918173,0.0,0.2647058823529412,1.0,0.0,0.21428571428571427,0.5,True,0.12092042537587092,0.9723553262071507,0.0007739458857036716,0.9996562553007942,111.9388500600747,0.04438898297530974,0.5090185676392573,0.0690108445612882,0.0029069767441860465,0.4411764705882353,1.0,0.3333333333333333,0.2857142857142857,0.75,True,0.13215071507150716,0.9658291457286432,0.0010525664045569934,0.9996158015537645,152.2368360817016,0.05481771993938854,0.5326259946949602,0.08084127505750904,0.0036997885835095136,0.4411764705882353,1.0,0.3333333333333333,0.2857142857142857,0.75,True,0.31765676567656764,0.838475499092559,0.013776236765525354,0.9986906879746682,1992.5115310693293,0.3169622961048222,0.7435013262599469,0.1442655274400263,0.03488372093023256,0.7647058823529411,1.0,0.75,0.6428571428571429,1.0,HistGB,fleet,40000,20000,37.38,B_fleet_size,CTT_Silverado,FS-A,0,2,CTT_Traverse|ROAD_ORNL
118722,21816,0.18375701217971396,0.7352126397353099,0.5066157550113545,96923,0.024890421752929687,False,0.08067473414008068,0.9994321408290744,1.0319278476048955e-05,0.9998966455459596,1.492518000800996,8.913450396648542e-05,0.4013262599469496,0.08084127505750904,0.0,0.20588235294117646,0.25,0.0,0.2857142857142857,0.5,True,0.09039237257059039,0.9984810126582279,3.095783542814686e-05,0.999869704246521,4.477554002402988,8.913450396648542e-05,0.44217506631299736,0.09990141307919816,0.0,0.20588235294117646,0.25,0.0,0.2857142857142857,0.5,True,0.12151631829849652,0.9732011747430249,0.0007533073287515736,0.9996957778930664,108.95381405847269,0.0036545146626259027,0.583554376657825,0.13046335852776864,0.003435517970401691,0.4411764705882353,0.75,0.4166666666666667,0.2857142857142857,0.75,True,0.12646681334800147,0.964348130024467,0.0010525664045569934,0.9996515512466431,152.2368360817016,0.0062394152776539796,0.6010610079575597,0.13309234308248438,0.0047568710359408035,0.5294117647058824,1.0,0.4166666666666667,0.35714285714285715,1.0,True,0.2048038137147048,0.7746185852981969,0.013415062018863642,0.9990345239639282,1940.2734010412948,0.09359122916480969,0.7421750663129973,0.14952349654945776,0.0436046511627907,0.7647058823529411,1.0,0.6666666666666666,0.7142857142857143,1.0,XGBoost,fleet,40000,20000,11.48,B_fleet_size,CTT_Silverado,FS-A,0,2,CTT_Traverse|ROAD_ORNL
118722,21816,0.18375701217971396,0.8058553609627984,0.6881224431725141,96923,0.024890421752929687,False,0.04918408507517418,1.0,0.0,0.9998920598452681,0.0,0.0,0.2843501326259947,0.00032862306933946765,0.0,0.08823529411764706,0.0,0.0,0.07142857142857142,0.5,True,0.08003300330033003,0.9982847341337907,3.095783542814686e-05,0.999799069083833,4.477554002402988,0.0003565380158659417,0.46153846153846156,0.0006572461386789353,0.0,0.20588235294117646,0.75,0.0,0.14285714285714285,0.5,True,0.11285295196186285,0.9836196564123052,0.00042309041751800714,0.9996077700986373,61.19323803284083,0.008913450396648542,0.6140583554376657,0.014130791981597108,0.0010570824524312897,0.38235294117647056,1.0,0.16666666666666666,0.35714285714285715,0.5,True,0.12224972497249725,0.9744245524296675,0.0007223494933234269,0.9995467483908772,104.47626005606972,0.016489883233799803,0.6384615384615384,0.0223463687150838,0.0018498942917547568,0.4411764705882353,1.0,0.3333333333333333,0.35714285714285715,0.5,True,0.32233223322332233,0.8825301204819277,0.009658844653581822,0.9987843272909473,1396.9968487497324,0.33300650681878957,0.7625994694960212,0.10745974367400592,0.024841437632135307,0.7352941176470589,1.0,0.5833333333333334,0.7142857142857143,1.0,HistGB,fleet,40000,20000,33.91,B_fleet_size,CTT_Silverado,FS-A,1,2,CTT_Traverse|ROAD_ORNL
118722,21816,0.18375701217971396,0.7904469590278327,0.6080991179280999,96923,0.024890421752929687,False,0.031123945727906124,1.0,0.0,0.9999659061431886,0.0,8.913450396648542e-05,0.16657824933687002,0.01643115346697338,0.0,0.14705882352941177,0.25,0.0,0.14285714285714285,0.5,True,0.049000733406674,1.0,0.0,0.9999474287033081,0.0,8.913450396648542e-05,0.2557029177718833,0.034176799211304634,0.0,0.20588235294117646,0.25,0.0,0.2857142857142857,0.5,True,0.10501466813348001,0.9841065292096219,0.00038181330361381134,0.9998446702957153,55.22316602963686,0.01381584811480524,0.48753315649867374,0.09760105159382189,0.0002642706131078224,0.35294117647058826,1.0,0.08333333333333333,0.2857142857142857,0.75,True,0.11482398239823982,0.9747081712062257,0.000670753100943182,0.9998169541358948,97.01367005206474,0.020768339424191106,0.5172413793103449,0.10515938218862964,0.0005285412262156448,0.38235294117647056,1.0,0.16666666666666666,0.2857142857142857,0.75,True,0.2455995599559956,0.8448438978240302,0.010154170020432172,0.9993801116943359,1468.6377127881801,0.19743292628576523,0.6994694960212201,0.14097929674663162,0.020348837209302327,0.7352941176470589,1.0,0.6666666666666666,0.6428571428571429,1.0,XGBoost,fleet,40000,20000,9.43,B_fleet_size,CTT_Silverado,FS-A,1,2,CTT_Traverse|ROAD_ORNL
118722,21816,0.18375701217971396,0.8661634229469768,0.8058706374208341,96923,0.024890421752929687,False,0.09561789512284562,1.0,0.0,0.9999107015421856,0.0,0.18575630626615564,0.0005305039787798408,0.0,0.0,0.14705882352941177,1.0,0.0,0.0,0.25,True,0.17565089842317566,0.9986968986187126,5.159639238024477e-05,0.9998478599194319,7.46259000400498,0.3383545770567787,0.005305039787798408,0.00032862306933946765,0.003964059196617336,0.29411764705882354,1.0,0.25,0.07142857142857142,0.5,True,0.36014851485148514,0.9915446744068652,0.00069139165789528,0.9996528551418942,99.99870605366672,0.6630715750066851,0.0830238726790451,0.006572461386789352,0.022463002114164906,0.47058823529411764,1.0,0.4166666666666667,0.35714285714285715,0.5,True,0.3952145214521452,0.9881948424068768,0.0010628856830330424,0.9995993426423575,153.7293540825026,0.7187806399857385,0.11538461538461539,0.0069010844561288205,0.026955602536997886,0.47058823529411764,1.0,0.4166666666666667,0.35714285714285715,0.5,True,0.6388888888888888,0.9342449225819425,0.010123212185004024,0.9982435209350586,1464.160158785777,0.9934040467064801,0.6047745358090185,0.04206375287545186,0.10174418604651163,0.8823529411764706,1.0,0.9166666666666666,0.8571428571428571,0.75,HistGB,fleet,40000,20000,24.75,B_fleet_size,CTT_Silverado,FS-A,0,3,CIDv2_OpelAstra|CIDv2_Prototype|CTT_Forester
118722,21816,0.18375701217971396,0.8230011172085294,0.65012458121212,96923,0.024890421752929687,False,0.08301246791345801,0.9988968560397132,2.063855695209791e-05,0.9999570846557618,2.985036001601992,0.1607986451555397,0.0010610079575596816,0.00032862306933946765,0.0005285412262156448,0.23529411764705882,1.0,0.16666666666666666,0.07142857142857142,0.25,True,0.09548038137147048,0.99856184084372,3.095783542814686e-05,0.999945878982544,4.477554002402988,0.1846866922185578,0.001326259946949602,0.0006572461386789353,0.0010570824524312897,0.2647058823529412,1.0,0.25,0.07142857142857142,0.25,True,0.12632929959662634,0.9786931818181818,0.0006191567085629373,0.9999052286148071,89.55108004805976,0.24110883322934307,0.005305039787798408,0.00558659217877095,0.0036997885835095136,0.38235294117647056,1.0,0.4166666666666667,0.21428571428571427,0.25,True,0.1316006600660066,0.9647177419354839,0.0010835242399851403,0.9998939037322998,156.7143900841046,0.25055709064979054,0.00636604774535809,0.005915215248110417,0.0047568710359408035,0.4117647058823529,1.0,0.4166666666666667,0.2857142857142857,0.25,True,0.19490282361569491,0.8181643255724457,0.009751718159866262,0.9993730187416077,1410.429510756941,0.3276584365808004,0.07718832891246684,0.026947091685836345,0.053646934460887946,0.8235294117647058,1.0,1.0,0.6428571428571429,0.75,XGBoost,fleet,40000,20000,11.55,B_fleet_size,CTT_Silverado,FS-A,0,3,CIDv2_OpelAstra|CIDv2_Prototype|CTT_Forester
118722,21816,0.18375701217971396,0.8479565458343109,0.7226139430163148,96923,0.024890421752929687,False,0.012742940960762743,0.9928571428571429,2.063855695209791e-05,0.9999774197172704,2.985036001601992,0.024511988590783493,0.0002652519893899204,0.00032862306933946765,0.0002642706131078224,0.17647058823529413,0.75,0.08333333333333333,0.07142857142857142,0.25,True,0.02122295562889622,0.9830148619957537,8.255422780839164e-05,0.9999673926768603,11.940144006407968,0.040377930296817896,0.0005305039787798408,0.000985869208018403,0.001321353065539112,0.2647058823529412,0.75,0.16666666666666666,0.21428571428571427,0.25,True,0.05376787678767877,0.9421686746987952,0.0007429880502755247,0.9999302853847496,107.4612960576717,0.10027631696229611,0.0034482758620689655,0.0023003614853762734,0.007399577167019027,0.35294117647058826,1.0,0.25,0.2857142857142857,0.25,True,0.058626696002933625,0.9356254572055597,0.000908096505892308,0.9999230865087588,131.34158407048764,0.10901149835101168,0.004509283819628647,0.0026289845547157412,0.008192389006342496,0.35294117647058826,1.0,0.25,0.2857142857142857,0.25,True,0.2967088375504217,0.8704948897256589,0.009937465172435144,0.9995047890535321,1437.294834771359,0.520188965148409,0.10795755968169761,0.018402891883010187,0.0459830866807611,0.8529411764705882,1.0,1.0,0.7142857142857143,0.75,HistGB,fleet,40000,20000,27.72,B_fleet_size,CTT_Silverado,FS-A,1,3,CIDv2_OpelAstra|CIDv2_Prototype|CTT_Forester
118722,21816,0.18375701217971396,0.8330362801593969,0.6602601512248488,96923,0.024890421752929687,False,0.04244591125779244,1.0,0.0,0.9999835491180421,0.0,0.08227114716106605,0.0002652519893899204,0.0,0.0005285412262156448,0.20588235294117646,1.0,0.16666666666666666,0.0,0.25,True,0.06692335900256692,0.9979494190020506,3.095783542814686e-05,0.9999728202819824,4.477554002402988,0.1290667617434709,0.001856763925729443,0.0006572461386789353,0.0007928118393234672,0.2647058823529412,1.0,0.16666666666666666,0.14285714285714285,0.25,True,0.10428126145947929,0.9734702610183996,0.0006397952655150352,0.9999350309371948,92.53611604966174,0.19618504323023442,0.007427055702917772,0.004929346040092014,0.008192389006342496,0.5,1.0,0.4166666666666667,0.42857142857142855,0.5,True,0.10964429776310965,0.9660743134087237,0.0008668193919881122,0.9999253749847412,125.37151206728366,0.20474195561101702,0.009814323607427056,0.006243838317449885,0.010306553911205074,0.5588235294117647,1.0,0.5,0.42857142857142855,0.75,True,0.19063989732306563,0.8096165076893128,0.010092254349575877,0.9996485710144043,1459.682604783374,0.3167840270968892,0.07957559681697612,0.02497535326979954,0.06051797040169133,0.8235294117647058,1.0,0.9166666666666666,0.7142857142857143,0.75,XGBoost,fleet,40000,20000,8.24,B_fleet_size,CTT_Silverado,FS-A,1,3,CIDv2_OpelAstra|CIDv2_Prototype|CTT_Forester
118722,21816,0.18375701217971396,0.8506366494370665,0.7608980686233046,96923,0.024890421752929687,False,0.18142647598093142,1.0,0.0,0.9999830618618669,0.0,0.2158837686068277,0.3904509283819629,0.020374630299046993,0.0005285412262156448,0.35294117647058826,1.0,0.16666666666666666,0.2857142857142857,0.5,True,0.2734231756508984,0.9994973190348525,3.095783542814686e-05,0.9999688712855841,4.477554002402988,0.3773063552901328,0.42811671087533154,0.034176799211304634,0.0036997885835095136,0.47058823529411764,1.0,0.4166666666666667,0.2857142857142857,0.75,True,0.4218463513017969,0.9913820963050738,0.0008255422780839163,0.9999190986697704,119.40144006407968,0.6263481593724931,0.5114058355437666,0.061452513966480445,0.016120507399577166,0.5882352941176471,1.0,0.6666666666666666,0.35714285714285715,0.75,True,0.43596442977631095,0.9891835673426937,0.0010732049615090912,0.9999035582904136,155.22187208330357,0.6423923700864604,0.5376657824933687,0.06539599079855406,0.02061310782241015,0.5882352941176471,1.0,0.6666666666666666,0.35714285714285715,0.75,True,0.4907865786578658,0.9135665529010238,0.010453429096237591,0.9996132519732834,1511.920734811409,0.6593279258400927,0.7047745358090186,0.09858692080184028,0.09328752642706131,0.9411764705882353,1.0,1.0,0.8571428571428571,1.0,HistGB,fleet,40000,20000,38.51,B_fleet_size,CTT_Silverado,FS-A,0,3,CIDv2_OpelAstra|CIDv2_Prototype|CTT_Traverse
118722,21816,0.18375701217971396,0.8786188464642046,0.7905187897488843,96923,0.024890421752929687,False,0.11684085075174185,0.9984332158245202,4.127711390419582e-05,0.999996304512024,5.970072003203984,0.10731794277564845,0.33262599469496024,0.028918830101873152,0.0007928118393234672,0.35294117647058826,1.0,0.16666666666666666,0.2857142857142857,0.5,True,0.1662999633296663,0.9975254330492164,9.287350628444059e-05,0.9999948740005493,13.432662007208963,0.18602370977805507,0.3793103448275862,0.03319093000328623,0.002642706131078224,0.38235294117647056,1.0,0.25,0.2857142857142857,0.5,True,0.302026035936927,0.9899338942307693,0.00069139165789528,0.9999895095825195,99.99870605366672,0.4114448703092967,0.4763925729442971,0.04633585277686494,0.009513742071881607,0.6176470588235294,1.0,0.5833333333333334,0.5,0.75,True,0.33007884121745507,0.9877914951989026,0.000918415784368357,0.9999879598617554,132.83410207128864,0.4563686603084054,0.4970822281167109,0.05126519881695695,0.013477801268498943,0.6470588235294118,1.0,0.5833333333333334,0.5714285714285714,0.75,True,0.49926659332599926,0.9142185663924794,0.010546302602522031,0.9999436140060425,1525.3533968186177,0.6808093412960157,0.6992042440318302,0.10483075911929017,0.07901691331923891,0.8823529411764706,1.0,1.0,0.7857142857142857,0.75,XGBoost,fleet,40000,20000,9.41,B_fleet_size,CTT_Silverado,FS-A,0,3,CIDv2_OpelAstra|CIDv2_Prototype|CTT_Traverse
118722,21816,0.18375701217971396,0.870175060902096,0.8212552146525569,96923,0.024890421752929687,False,0.3548771543821049,1.0,0.0,0.9999875031621727,0.0,0.5438096086995275,0.4095490716180371,0.02924745317121262,0.0021141649048625794,0.38235294117647056,1.0,0.25,0.2857142857142857,0.5,True,0.43413091309130913,0.9995778364116095,4.127711390419582e-05,0.9999780928541085,5.970072003203984,0.6510384169712096,0.5230769230769231,0.05225106802497535,0.009513742071881607,0.47058823529411764,1.0,0.4166666666666667,0.2857142857142857,0.75,True,0.5785203520352035,0.9952685119470074,0.0006191567085629373,0.9999430163320523,89.55108004805976,0.8514127818878688,0.7119363395225464,0.08248439040420638,0.0354122621564482,0.5882352941176471,1.0,0.5833333333333334,0.42857142857142855,0.75,True,0.6085441877521085,0.9937125748502994,0.0008668193919881122,0.9999322883429503,125.37151206728366,0.896425706390944,0.7400530503978779,0.08642786723627999,0.04386892177589852,0.6176470588235294,1.0,0.6666666666666666,0.42857142857142855,0.75,True,0.7004492115878255,0.940948275862069,0.009896188058530948,0.9997516952793413,1431.324762768155,0.9991086549603352,0.8421750663129973,0.1472231350640815,0.11865750528541226,0.8823529411764706,1.0,1.0,0.7142857142857143,1.0,HistGB,fleet,40000,20000,28.81,B_fleet_size,CTT_Silverado,FS-A,1,3,CIDv2_OpelAstra|CIDv2_Prototype|CTT_Traverse
118722,21816,0.18375701217971396,0.876360822211047,0.8014401050266491,96923,0.024890421752929687,False,0.08787128712871287,1.0,0.0,0.999996304512024,0.0,0.028879579285141278,0.4039787798408488,0.023003614853762733,0.0,0.3235294117647059,1.0,0.0,0.35714285714285715,0.5,True,0.2268976897689769,0.9991925716592652,4.127711390419582e-05,0.99998939037323,5.970072003203984,0.23085836527319725,0.5883289124668435,0.045349983568846536,0.0010570824524312897,0.4411764705882353,1.0,0.25,0.42857142857142855,0.5,True,0.41758342500916756,0.9915106660861994,0.0008049037211318185,0.9999659061431885,116.41640406247768,0.5307959711204208,0.7482758620689656,0.09069996713769307,0.0153276955602537,0.7352941176470589,1.0,0.75,0.5714285714285714,1.0,True,0.4409149248258159,0.9884903915322166,0.0011557591893174828,0.9999599456787109,167.16201608971153,0.5671628487387468,0.7657824933687003,0.09825829773250082,0.01849894291754757,0.7647058823529411,1.0,0.8333333333333334,0.5714285714285714,1.0,True,0.5556930693069307,0.9293928242870285,0.009504055476441087,0.9998658895492554,1374.6090787377173,0.7186023709778055,0.8379310344827586,0.1998028261583963,0.0776955602536998,0.8823529411764706,1.0,1.0,0.7142857142857143,1.0,XGBoost,fleet,40000,20000,9.0,B_fleet_size,CTT_Silverado,FS-A,1,3,CIDv2_OpelAstra|CIDv2_Prototype|CTT_Traverse
118722,21816,0.18375701217971396,0.8480172806251381,0.7226267784268429,96923,0.024890421752929687,False,0.034515951595159515,0.9947159841479525,4.127711390419582e-05,0.9999149909950106,5.970072003203984,0.048043497637935646,0.055437665782493366,0.0,0.001321353065539112,0.2647058823529412,0.75,0.3333333333333333,0.0,0.5,True,0.0567015034836817,0.9943729903536977,7.223494933234268e-05,0.9999039862173208,10.44762600560697,0.07674480791514396,0.09761273209549072,0.000985869208018403,0.001321353065539112,0.3235294117647059,0.75,0.3333333333333333,0.14285714285714285,0.5,True,0.191006600660066,0.9770222743259086,0.0010112892906527975,0.9998634541759323,146.26676407849757,0.26633389785185846,0.30159151193633954,0.005915215248110417,0.006342494714587738,0.5882352941176471,1.0,0.5833333333333334,0.42857142857142855,0.75,True,0.21901356802346902,0.9707436001625356,0.0014859761005510494,0.9998568010800535,214.9225921153434,0.3081379802121401,0.33527851458885943,0.00821557673348669,0.008456659619450317,0.5882352941176471,1.0,0.5833333333333334,0.42857142857142855,0.75,True,0.4292262559589292,0.8995196926032661,0.010793965285947206,0.9997966371437154,1561.1738288378415,0.623584989749532,0.5742705570291777,0.028590207032533684,0.0306553911205074,0.8235294117647058,1.0,0.9166666666666666,0.6428571428571429,1.0,HistGB,fleet,40000,20000,20.21,B_fleet_size,CTT_Silverado,FS-A,0,3,CIDv2_Prototype|CIDv2_RenaultClio|CTT_Forester
118722,21816,0.18375701217971396,0.7523563686420445,0.49098201406527286,96923,0.024890421752929687,False,0.0006417308397506417,1.0,0.0,0.999999761581421,0.0,0.0002674035118994563,0.002652519893899204,0.00032862306933946765,0.0,0.11764705882352941,0.25,0.0,0.07142857142857142,0.5,True,0.0024752475247524753,0.9310344827586207,4.127711390419582e-05,0.9999997615814209,5.970072003203984,0.0017826900793297086,0.008488063660477453,0.00032862306933946765,0.0002642706131078224,0.14705882352941177,0.25,0.08333333333333333,0.07142857142857142,0.5,True,0.015034836817015035,0.8497409326424871,0.0005985181516108394,0.9999994039535522,86.56604404645778,0.014350655138604153,0.04217506631299735,0.001971738416036806,0.0005285412262156448,0.2647058823529412,0.5,0.16666666666666666,0.14285714285714285,0.75,True,0.020764576457645765,0.8357933579335793,0.000918415784368357,0.9999992847442627,132.83410207128864,0.02130314644799002,0.053315649867374006,0.0026289845547157412,0.001321353065539112,0.3235294117647059,0.5,0.3333333333333333,0.14285714285714285,0.75,True,0.15456545654565457,0.7223650385604113,0.013373784904959446,0.9999971389770508,1934.3033290380909,0.21053569836883856,0.21697612732095492,0.019060138021689123,0.0354122621564482,0.6764705882352942,0.75,0.75,0.5,1.0,XGBoost,fleet,40000,20000,8.77,B_fleet_size,CTT_Silverado,FS-A,0,3,CIDv2_Prototype|CIDv2_RenaultClio|CTT_Forester
118722,21816,0.18375701217971396,0.8413801731570387,0.7367203255748987,96923,0.024890421752929687,False,0.08342500916758343,0.9978070175438597,4.127711390419582e-05,0.9999936471767511,5.970072003203984,0.1473393350566004,0.0350132625994695,0.007558330594807755,0.003171247357293869,0.2647058823529412,0.75,0.16666666666666666,0.14285714285714285,0.5,True,0.15818665199853318,0.9968226458694396,0.0001135120632365385,0.9999916812988967,16.417698008810955,0.2801497459666637,0.060477453580901855,0.01511666118961551,0.008985200845665961,0.29411764705882354,0.75,0.25,0.14285714285714285,0.5,True,0.3212779611294463,0.9876003945329013,0.000908096505892308,0.9999862429725281,131.34158407048764,0.5599429539174614,0.12970822281167108,0.04140650673677292,0.02959830866807611,0.5588235294117647,1.0,0.75,0.2857142857142857,0.5,True,0.33855885588558854,0.9828343313373253,0.001331186923410315,0.9999853237937264,192.53482210332848,0.5869507086193065,0.14111405835543767,0.047650345054222804,0.03276955602536998,0.6176470588235294,1.0,0.8333333333333334,0.35714285714285715,0.5,True,0.49165749908324163,0.8999077103783875,0.012310899221926403,0.9999726968088423,1780.573974955588,0.7961493894286479,0.3021220159151194,0.10318764377259283,0.09011627906976744,0.7941176470588235,1.0,0.9166666666666666,0.5714285714285714,1.0,HistGB,fleet,40000,20000,32.58,B_fleet_size,CTT_Silverado,FS-A,1,3,CIDv2_Prototype|CIDv2_RenaultClio|CTT_Forester
118722,21816,0.18375701217971396,0.7339117583607025,0.5263258962273142,96923,0.024890421752929687,False,0.001971030436376971,1.0,0.0,0.9999995231628419,0.0,0.0030305731348605047,0.002122015915119363,0.00032862306933946765,0.0,0.08823529411764706,0.25,0.0,0.07142857142857142,0.25,True,0.00792995966263293,0.9664804469273743,6.191567085629373e-05,0.9999994039535522,8.955108004805975,0.012746234067207415,0.007427055702917772,0.0006572461386789353,0.0,0.11764705882352941,0.25,0.0,0.07142857142857142,0.5,True,0.04863403006967364,0.9372791519434629,0.0007326687717994758,0.9999986886978149,105.96877805687072,0.08405383724039575,0.027586206896551724,0.003614853762734144,0.0007928118393234672,0.23529411764705882,0.75,0.16666666666666666,0.07142857142857142,0.5,True,0.06784011734506784,0.9296482412060302,0.0011557591893174828,0.9999984502792358,167.16201608971153,0.11801408325162671,0.03580901856763926,0.004929346040092014,0.0015856236786469344,0.29411764705882354,0.75,0.25,0.14285714285714285,0.5,True,0.2437202053538687,0.8128726494419813,0.01263079685468392,0.9999955892562866,1826.842032980419,0.40921650771013457,0.13262599469496023,0.039763391390075585,0.02774841437632135,0.7352941176470589,1.0,0.75,0.5714285714285714,1.0,XGBoost,fleet,40000,20000,9.96,B_fleet_size,CTT_Silverado,FS-A,1,3,CIDv2_Prototype|CIDv2_RenaultClio|CTT_Forester
118722,21816,0.18375701217971396,0.6334207209151628,0.45302073649193436,96923,0.024890421752929687,False,0.026494316098276495,0.998272884283247,1.0319278476048955e-05,0.9998521348099929,1.492518000800996,0.018807380336928425,0.0,0.11764705882352941,0.0023784355179704017,0.35294117647058826,1.0,0.16666666666666666,0.42857142857142855,0.0,True,0.04588375504217088,0.9910891089108911,9.287350628444059e-05,0.999780577317666,13.432662007208963,0.0495587842053659,0.0,0.14130791981597107,0.003964059196617336,0.4117647058823529,1.0,0.3333333333333333,0.42857142857142855,0.0,True,0.0881921525485882,0.961038961038961,0.0008049037211318185,0.999644285042905,116.41640406247768,0.12229253944201801,0.0002652519893899204,0.16891225764048637,0.009778012684989429,0.47058823529411764,1.0,0.4166666666666667,0.42857142857142855,0.25,True,0.09763476347634764,0.9521680822530174,0.001104162796937238,0.9996152781631662,159.69942608570656,0.13869328817185134,0.0002652519893899204,0.1748274728885968,0.010835095137420718,0.47058823529411764,1.0,0.4166666666666667,0.42857142857142855,0.25,True,0.196002933626696,0.8039105094942658,0.01076300745051906,0.999250112701773,1556.6962748354388,0.3100989392994028,0.0010610079575596816,0.22412093328951693,0.029334038054968287,0.7058823529411765,1.0,0.75,0.5714285714285714,0.75,HistGB,fleet,40000,20000,27.92,B_fleet_size,CTT_Silverado,FS-A,0,3,CIDv2_Prototype|CTT_Impala|ROAD_ORNL
118722,21816,0.18375701217971396,0.6524588155306632,0.5302790100126484,96923,0.024890421752929687,False,0.021956362302896958,0.9979166666666667,1.0319278476048955e-05,0.9999732971191407,1.492518000800996,0.010517871468045281,0.0,0.11666118961551102,0.0015856236786469344,0.2647058823529412,1.0,0.08333333333333333,0.2857142857142857,0.0,True,0.10148514851485149,0.9959514170040485,9.287350628444059e-05,0.9998998641967773,13.432662007208963,0.13352348694179517,0.0,0.21656260269470917,0.015063424947145878,0.35294117647058826,1.0,0.16666666666666666,0.42857142857142855,0.0,True,0.1850935093509351,0.9848780487804878,0.0006397952655150352,0.9997844099998474,92.53611604966174,0.284249933149122,0.0,0.24909628655931645,0.02404862579281184,0.4411764705882353,1.0,0.3333333333333333,0.5,0.0,True,0.20246607994132745,0.9815555555555555,0.0008565001135120632,0.9997490048408508,123.87899406648266,0.3163383545770568,0.0,0.25336838646072957,0.025634249471458773,0.4411764705882353,1.0,0.3333333333333333,0.5,0.0,True,0.3172900623395673,0.8767574414186193,0.010040657957195633,0.9993206262588501,1452.2200147793692,0.5187628130849452,0.0015915119363395225,0.2862306933946763,0.05946088794926004,0.8235294117647058,1.0,0.9166666666666666,0.7142857142857143,0.75,XGBoost,fleet,40000,20000,11.62,B_fleet_size,CTT_Silverado,FS-A,0,3,CIDv2_Prototype|CTT_Impala|ROAD_ORNL
118722,21816,0.18375701217971396,0.713635165852526,0.4755448064609873,96923,0.024890421752929687,False,0.02058122478914558,0.9955654101995566,2.063855695209791e-05,0.9999703400485793,2.985036001601992,0.017559497281397628,0.0002652519893899204,0.08116989812684851,0.0010570824524312897,0.35294117647058826,1.0,0.25,0.2857142857142857,0.25,True,0.027365236523652366,0.9916943521594684,5.159639238024477e-05,0.9999635362628359,7.46259000400498,0.02825563775737588,0.0002652519893899204,0.0893854748603352,0.0018498942917547568,0.38235294117647056,1.0,0.3333333333333333,0.2857142857142857,0.25,True,0.05853502016868353,0.923355025307303,0.0010938435184611893,0.9999358828163798,158.2069080849056,0.07843836349050717,0.0005305039787798408,0.1219191587249425,0.006342494714587738,0.5882352941176471,1.0,0.5833333333333334,0.5714285714285714,0.25,True,0.06605243857719105,0.9062893081761006,0.0015375724929312942,0.9999295265747014,222.3851821193484,0.0905606560299492,0.0005305039787798408,0.12947748931975026,0.00766384778012685,0.5882352941176471,1.0,0.5833333333333334,0.5714285714285714,0.25,True,0.16377887788778878,0.7531618887015177,0.012083875095453327,0.9998412724078911,1747.7385789379664,0.25305285676085215,0.003183023872679045,0.19651659546500164,0.03276955602536998,0.6764705882352942,1.0,0.75,0.5714285714285714,0.5,HistGB,fleet,40000,20000,55.35,B_fleet_size,CTT_Silverado,FS-A,1,3,CIDv2_Prototype|CTT_Impala|ROAD_ORNL
118722,21816,0.18375701217971396,0.6052174583218268,0.38286070969726593,96923,0.024890421752929687,False,0.012742940960762743,0.996415770609319,1.0319278476048955e-05,0.9999942779541017,1.492518000800996,0.0,0.0,0.09037134406835359,0.0007928118393234672,0.20588235294117646,0.0,0.08333333333333333,0.42857142857142855,0.0,True,0.020122845617895124,0.9799107142857143,9.287350628444059e-05,0.9999866485595703,13.432662007208963,0.0015152865674302523,0.0,0.13473545842918172,0.003171247357293869,0.29411764705882354,0.75,0.08333333333333333,0.42857142857142855,0.0,True,0.040429042904290426,0.9402985074626866,0.0005778795946587414,0.9999675750732422,83.58100804485576,0.02183795347178893,0.0,0.19553072625698323,0.011099365750528542,0.4411764705882353,1.0,0.4166666666666667,0.42857142857142855,0.0,True,0.04492115878254492,0.9333333333333333,0.0007223494933234269,0.9999634027481079,104.47626005606972,0.027899099741509937,0.0,0.203089056851791,0.012949260042283297,0.4411764705882353,1.0,0.4166666666666667,0.42857142857142855,0.0,True,0.13833883388338833,0.7603930461073318,0.009813633830722555,0.9998860359191895,1419.384618761747,0.1810321775559319,0.0002652519893899204,0.28162997042392374,0.03409090909090909,0.5294117647058824,1.0,0.5,0.5,0.25,XGBoost,fleet,40000,20000,10.92,B_fleet_size,CTT_Silverado,FS-A,1,3,CIDv2_Prototype|CTT_Impala|ROAD_ORNL
118722,21816,0.18375701217971396,0.8401588927458847,0.756960898043536,96923,0.024890421752929687,False,0.07260726072607261,0.9993690851735015,1.0319278476048955e-05,0.9997983684556906,1.492518000800996,0.004189321686424815,0.3140583554376658,0.11041735129806113,0.004492600422832981,0.3235294117647059,1.0,0.08333333333333333,0.2857142857142857,0.5,True,0.09878071140447378,0.9976851851851852,5.159639238024477e-05,0.9997147258364174,7.46259000400498,0.011854889027542562,0.43023872679045094,0.12159053565560303,0.007928118393234672,0.35294117647058826,1.0,0.16666666666666666,0.2857142857142857,0.5,True,0.23414008067473413,0.9815526518063028,0.0009906507337006996,0.999251351446707,143.2817280768956,0.17844727694090382,0.6923076923076923,0.14065067367729214,0.017970401691331923,0.4117647058823529,1.0,0.3333333333333333,0.2857142857142857,0.5,True,0.2896039603960396,0.9754515979620194,0.0016407652776917838,0.9990842888242434,237.31036212735833,0.2741777342009092,0.7249336870026525,0.14130791981597107,0.02087737843551797,0.4411764705882353,1.0,0.3333333333333333,0.35714285714285715,0.5,True,0.5834250091675834,0.9028230954745354,0.014137411512187068,0.9976533963157809,2044.7496610973644,0.8047954363133969,0.8122015915119364,0.15050936575747617,0.04730443974630021,0.6764705882352942,1.0,0.5833333333333334,0.5714285714285714,1.0,HistGB,fleet,40000,20000,38.06,B_fleet_size,CTT_Silverado,FS-A,0,3,CTT_Forester|CTT_Traverse|ROAD_ORNL
118722,21816,0.18375701217971396,0.8523638590116073,0.7778457652979883,96923,0.024890421752929687,False,0.08278327832783278,0.9994465965688988,1.0319278476048955e-05,0.9998657703399659,1.492518000800996,0.008824315892682058,0.35437665782493366,0.12159053565560303,0.0002642706131078224,0.3235294117647059,1.0,0.08333333333333333,0.2857142857142857,0.5,True,0.12834616795012835,0.99644128113879,0.00010319278476048954,0.9997579455375671,14.92518000800996,0.05980925216151172,0.4535809018567639,0.13572132763720013,0.0015856236786469344,0.35294117647058826,1.0,0.16666666666666666,0.2857142857142857,0.5,True,0.2598093142647598,0.9881450488145049,0.0007017109363713289,0.9994980096817017,101.49122405446772,0.26570995632409306,0.5856763925729443,0.14262241209332896,0.011892177589852008,0.4411764705882353,1.0,0.3333333333333333,0.35714285714285715,0.5,True,0.29895489548954896,0.9834137515078407,0.001135120632365385,0.999413013458252,164.17698008810956,0.330332471699795,0.6145888594164456,0.1429510351626684,0.016913319238900635,0.5,1.0,0.4166666666666667,0.35714285714285715,0.75,True,0.6082691602493583,0.9176405504460272,0.012290260664974306,0.9979935884475708,1777.5889389539864,0.8455299046260808,0.7994694960212202,0.15675320407492607,0.07743128964059197,0.7647058823529411,1.0,0.8333333333333334,0.5714285714285714,1.0,XGBoost,fleet,40000,20000,13.29,B_fleet_size,CTT_Silverado,FS-A,0,3,CTT_Forester|CTT_Traverse|ROAD_ORNL
118722,21816,0.18375701217971396,0.8463920434586404,0.7772944193894744,96923,0.024890421752929687,False,0.1459020902090209,0.9987449011609665,4.127711390419582e-05,0.9996639428063243,5.970072003203984,0.05954184864961227,0.5976127320954907,0.08051265198816956,0.004492600422832981,0.35294117647058826,1.0,0.16666666666666666,0.2857142857142857,0.5,True,0.20888338833883388,0.9967191601049868,0.00015478917714073433,0.9994225039910316,22.38777001201494,0.14823068009626528,0.6713527851458886,0.11041735129806113,0.007135306553911205,0.38235294117647056,1.0,0.16666666666666666,0.35714285714285715,0.5,True,0.3914099743307664,0.9877385772122614,0.0010938435184611893,0.9985774584958884,158.2069080849056,0.4595775024511989,0.7697612732095491,0.1337495892211633,0.019556025369978858,0.47058823529411764,1.0,0.4166666666666667,0.35714285714285715,0.5,True,0.4144664466446645,0.9855040871934605,0.001372464037314511,0.9984181975706407,198.50489410653245,0.5009359122916481,0.7777188328912467,0.1350640814985212,0.02087737843551797,0.47058823529411764,1.0,0.4166666666666667,0.35714285714285715,0.5,True,0.6003850385038504,0.9313139931740614,0.00996842300786329,0.9957648984521922,1441.7723887737623,0.8335858810945717,0.823076923076923,0.14952349654945776,0.049682875264270614,0.7647058823529411,1.0,0.6666666666666666,0.7142857142857143,1.0,HistGB,fleet,40000,20000,30.57,B_fleet_size,CTT_Silverado,FS-A,1,3,CTT_Forester|CTT_Traverse|ROAD_ORNL
118722,21816,0.18375701217971396,0.8363271475426975,0.7404555430720625,96923,0.024890421752929687,False,0.07984965163182985,1.0,0.0,0.9998129010200502,0.0,0.005793742757821553,0.3769230769230769,0.08347025961222478,0.0005285412262156448,0.3235294117647059,1.0,0.08333333333333333,0.2857142857142857,0.5,True,0.10826916024935827,0.9978876214617659,5.159639238024477e-05,0.9996907711029053,7.46259000400498,0.02344237454318567,0.470026525198939,0.10647387446598751,0.0007928118393234672,0.35294117647058826,1.0,0.16666666666666666,0.2857142857142857,0.5,True,0.21892189218921893,0.9764874258842773,0.0011867170247456297,0.9991851449012756,171.6395700921145,0.1730992067029147,0.6387267904509284,0.1360499507065396,0.003171247357293869,0.47058823529411764,1.0,0.3333333333333333,0.42857142857142855,0.5,True,0.2428951228456179,0.9735440014697777,0.0014859761005510494,0.9990758895874023,214.9225921153434,0.2122292539442018,0.6583554376657825,0.13867893526125535,0.0036997885835095136,0.47058823529411764,1.0,0.3333333333333333,0.42857142857142855,0.5,True,0.48986982031536486,0.9134968800752201,0.010443109817761542,0.9970830082893372,1510.4282168106076,0.6431945806221588,0.7694960212201591,0.15511008872822873,0.025898520084566595,0.6764705882352942,1.0,0.6666666666666666,0.5,1.0,XGBoost,fleet,40000,20000,16.04,B_fleet_size,CTT_Silverado,FS-A,1,3,CTT_Forester|CTT_Traverse|ROAD_ORNL
118722,21816,0.18375701217971396,0.8289506322690415,0.7768452758521742,96923,0.024890421752929687,False,0.21291712504583793,1.0,0.0,0.9749385352374869,0.0,0.39183527943666996,0.05782493368700265,0.00032862306933946765,0.007928118393234672,0.29411764705882354,1.0,0.25,0.07142857142857142,0.5,True,0.27103960396039606,0.9994929006085193,3.095783542814686e-05,0.9668429999471243,4.477554002402988,0.4912202513593012,0.09575596816976127,0.00032862306933946765,0.010570824524312896,0.29411764705882354,1.0,0.25,0.07142857142857142,0.5,True,0.48436927026035936,0.9951968355622528,0.0005262832022784967,0.9157180779102672,76.1184180408508,0.8233354131384258,0.32652519893899207,0.00032862306933946765,0.025898520084566595,0.4117647058823529,1.0,0.5833333333333334,0.07142857142857142,0.5,True,0.5084341767510084,0.9930170098478066,0.0008049037211318185,0.9058057862802559,116.41640406247768,0.8549781620465282,0.36816976127320955,0.0006572461386789353,0.029069767441860465,0.4411764705882353,1.0,0.5833333333333334,0.14285714285714285,0.5,True,0.6413641364136413,0.9431113507684011,0.008709471033785318,0.7759868715783564,1259.6851926760407,0.9919778946430163,0.6803713527851459,0.013802168912257641,0.06765327695560254,0.7941176470588235,1.0,0.9166666666666666,0.5714285714285714,1.0,HistGB,fleet,40000,20000,31.66,B_fleet_size,CTT_Silverado,FS-A,0,4,CIDv2_OpelAstra|CIDv2_RenaultClio|CTT_Forester|ROAD_ORNL
118722,21816,0.18375701217971396,0.8596044877028446,0.7763792890089982,96923,0.024890421752929687,False,0.13746791345801246,1.0,0.0,0.9271330237388612,0.0,0.23816739459844907,0.07904509283819629,0.00032862306933946765,0.007399577167019027,0.3235294117647059,1.0,0.3333333333333333,0.07142857142857142,0.5,True,0.22524752475247525,0.999796541200407,1.0319278476048955e-05,0.8470501899719238,1.492518000800996,0.36295570015152867,0.20371352785145888,0.0006572461386789353,0.019027484143763214,0.38235294117647056,1.0,0.4166666666666667,0.14285714285714285,0.5,True,0.35047671433810046,0.992987012987013,0.0005572410377066436,0.7074357867240906,80.59597204325378,0.5337374097513148,0.3904509283819629,0.003943476832073612,0.0459830866807611,0.47058823529411764,1.0,0.5,0.2857142857142857,0.5,True,0.3845801246791346,0.989503479183866,0.000918415784368357,0.6672798991203308,132.83410207128864,0.5786611997504234,0.4435013262599469,0.007886953664147224,0.05338266384778013,0.5588235294117647,1.0,0.6666666666666666,0.35714285714285715,0.5,True,0.5483131646497983,0.9387851200753414,0.008049037211318185,0.4570218026638031,1164.1640406247768,0.8025670737142347,0.660212201591512,0.03023332237923102,0.09963002114164905,0.7352941176470589,1.0,0.9166666666666666,0.5,0.75,XGBoost,fleet,40000,20000,12.06,B_fleet_size,CTT_Silverado,FS-A,0,4,CIDv2_OpelAstra|CIDv2_RenaultClio|CTT_Forester|ROAD_ORNL
118722,21816,0.18375701217971396,0.817892111778924,0.6833440216110661,96923,0.024890421752929687,False,0.08557939127246057,1.0,0.0,0.9892663763337148,0.0,0.16053124164364024,0.008753315649867375,0.0,0.00872093023255814,0.14705882352941177,0.25,0.16666666666666666,0.0,0.5,True,0.10075174184085076,0.9995452478399273,1.0319278476048955e-05,0.9805469711557664,1.492518000800996,0.18557803725822267,0.01803713527851459,0.0,0.012684989429175475,0.20588235294117646,0.75,0.16666666666666666,0.0,0.5,True,0.14814814814814814,0.9793939393939394,0.0007017109363713289,0.9490755377747534,101.49122405446772,0.2624119796773331,0.04429708222811671,0.006243838317449885,0.026955602536997886,0.35294117647058826,1.0,0.25,0.21428571428571427,0.5,True,0.160982764943161,0.9758266185051403,0.0008977772274162591,0.9431560104445385,129.84906606968667,0.284249933149122,0.050397877984084884,0.007886953664147224,0.028805496828752643,0.35294117647058826,1.0,0.25,0.21428571428571427,0.5,True,0.35583975064173085,0.888723526044648,0.010030338678719584,0.8586947907176515,1450.727496778568,0.5968446385595865,0.17771883289124668,0.0437068682221492,0.06976744186046512,0.7647058823529411,1.0,0.8333333333333334,0.6428571428571429,0.75,HistGB,fleet,40000,20000,28.5,B_fleet_size,CTT_Silverado,FS-A,1,4,CIDv2_OpelAstra|CIDv2_RenaultClio|CTT_Forester|ROAD_ORNL
118722,21816,0.18375701217971396,0.8545762373914179,0.7882981964702656,96923,0.024890421752929687,False,0.14631463146314633,1.0,0.0,0.9489169716835023,0.0,0.272305909617613,0.033156498673740056,0.0,0.003171247357293869,0.20588235294117646,1.0,0.08333333333333333,0.0,0.5,True,0.2968921892189219,0.9986123959296948,9.287350628444059e-05,0.8532426953315735,13.432662007208963,0.5242891523308673,0.13740053050397877,0.001971738416036806,0.018763213530655392,0.35294117647058826,1.0,0.25,0.21428571428571427,0.5,True,0.4705262192885955,0.9932268988872762,0.0007223494933234269,0.7097660899162292,104.47626005606972,0.7841162313931723,0.3421750663129973,0.006572461386789352,0.04175475687103594,0.5,1.0,0.5833333333333334,0.2857142857142857,0.5,True,0.4941785845251192,0.9911740369587202,0.0009906507337006996,0.682647168636322,143.2817280768956,0.813976290221945,0.38275862068965516,0.009530069010844562,0.04677589852008457,0.5,1.0,0.5833333333333334,0.2857142857142857,0.5,True,0.621974697469747,0.938706329989623,0.009142880729779373,0.47745248675346375,1322.3709487096821,0.951332560834299,0.6440318302387268,0.04436411436082813,0.08800211416490486,0.7941176470588235,1.0,0.8333333333333334,0.6428571428571429,1.0,XGBoost,fleet,40000,20000,8.81,B_fleet_size,CTT_Silverado,FS-A,1,4,CIDv2_OpelAstra|CIDv2_RenaultClio|CTT_Forester|ROAD_ORNL
118722,21816,0.18375701217971396,0.88762598866502,0.8445479308158231,96923,0.024890421752929687,False,0.541941694169417,0.9997463216641299,3.095783542814686e-05,0.9999634876676032,4.477554002402988,0.7822444068098761,0.6286472148541115,0.19815971081169897,0.019556025369978858,0.47058823529411764,1.0,0.3333333333333333,0.42857142857142855,0.5,True,0.6039603960396039,0.9996965098634294,4.127711390419582e-05,0.9999538883523075,5.970072003203984,0.8784205365897139,0.6819628647214854,0.21459086427867236,0.025634249471458773,0.5,1.0,0.4166666666666667,0.42857142857142855,0.5,True,0.7006784011734507,0.9946642373763664,0.0008461808350360143,0.9998939994236977,122.38647606568166,0.9933149122025136,0.8124668435013263,0.2806441012159054,0.05946088794926004,0.7058823529411765,1.0,0.9166666666666666,0.5,0.5,True,0.7062247891455812,0.9917605407145156,0.0013208676449342662,0.9998787559753938,191.04230410252748,0.9957215438096086,0.8238726790450929,0.29148866250410777,0.06421775898520085,0.7058823529411765,1.0,0.9166666666666666,0.5,0.5,True,0.734002566923359,0.9358307521477413,0.011330567766701752,0.9996905255305902,1638.7847648794934,0.9994651929762011,0.849867374005305,0.35064081498521193,0.13979915433403806,0.8529411764705882,1.0,0.9166666666666666,0.7142857142857143,1.0,HistGB,fleet,40000,20000,32.27,B_fleet_size,CTT_Silverado,FS-A,0,4,CIDv2_OpelAstra|CTT_Forester|CTT_Impala|CTT_Traverse
118722,21816,0.18375701217971396,0.9001271027554396,0.8522871011594345,96923,0.024890421752929687,False,0.4839108910891089,0.9998105881238754,2.063855695209791e-05,0.9999778270721437,2.985036001601992,0.6212674926464035,0.7602122015915119,0.2132763720013145,0.019027484143763214,0.4411764705882353,1.0,0.25,0.42857142857142855,0.5,True,0.5267693436010268,0.999478170116542,6.191567085629373e-05,0.9999735355377197,8.955108004805975,0.6936447098671896,0.7790450928381963,0.22609267170555372,0.022463002114164906,0.5,1.0,0.4166666666666667,0.42857142857142855,0.5,True,0.654015401540154,0.9952566964285714,0.0007017109363713289,0.9999452829360962,101.49122405446772,0.9023085836527319,0.8286472148541114,0.28162997042392374,0.04334038054968287,0.6176470588235294,1.0,0.6666666666666666,0.42857142857142855,0.75,True,0.6758800880088008,0.9921275736778361,0.0012073555816977278,0.9999339580535889,174.62460609371655,0.9361796951599964,0.83342175066313,0.29477489319750244,0.053646934460887946,0.7058823529411765,1.0,0.75,0.5714285714285714,0.75,True,0.7375320865419875,0.932051207785437,0.012104513652405424,0.9997482895851135,1750.7236149395683,0.9986629824405027,0.8541114058355438,0.3756161682550115,0.13821353065539113,0.8823529411764706,1.0,1.0,0.7142857142857143,1.0,XGBoost,fleet,40000,20000,8.99,B_fleet_size,CTT_Silverado,FS-A,0,4,CIDv2_OpelAstra|CTT_Forester|CTT_Impala|CTT_Traverse
118722,21816,0.18375701217971396,0.8781754358283125,0.8340607588195689,96923,0.024890421752929687,False,0.2901081774844151,1.0,0.0,0.9999724386673823,0.0,0.38613067118281486,0.3803713527851459,0.17219848833388104,0.010306553911205074,0.5,1.0,0.4166666666666667,0.42857142857142855,0.5,True,0.4674092409240924,0.999509900019604,5.159639238024477e-05,0.9999556325888171,7.46259000400498,0.6789375167127195,0.4986737400530504,0.20243181071311206,0.022198731501057084,0.6470588235294118,1.0,0.5833333333333334,0.5714285714285714,0.75,True,0.6487898789878987,0.9947290744254691,0.0007739458857036716,0.999913005742836,111.9388500600747,0.950976022818433,0.6596816976127321,0.2589549786395005,0.0554968287526427,0.7352941176470589,1.0,0.75,0.5714285714285714,1.0,True,0.6703795379537953,0.992400081427699,0.0011557591893174828,0.9998987310394682,167.16201608971153,0.9731705143060879,0.6994694960212201,0.27242852448241867,0.0636892177589852,0.7352941176470589,1.0,0.75,0.5714285714285714,1.0,True,0.7258892555922258,0.932022835618857,0.011918766639836542,0.9997642577448788,1723.8582909251502,0.9992869239682681,0.8204244031830239,0.35359842260926716,0.12050739957716702,0.8529411764705882,1.0,0.9166666666666666,0.7142857142857143,1.0,HistGB,fleet,40000,20000,32.52,B_fleet_size,CTT_Silverado,FS-A,1,4,CIDv2_OpelAstra|CTT_Forester|CTT_Impala|CTT_Traverse
118722,21816,0.18375701217971396,0.8791155797579152,0.8362726032140883,96923,0.024890421752929687,False,0.2681976530986432,1.0,0.0,0.99999737739563,0.0,0.3817630804884571,0.2976127320954907,0.1380216891225764,0.006871035940803382,0.47058823529411764,1.0,0.3333333333333333,0.42857142857142855,0.5,True,0.335991932526586,0.9998635929613968,1.0319278476048955e-05,0.999996542930603,1.492518000800996,0.48221766645868613,0.37851458885941647,0.14755175813342097,0.011627906976744186,0.47058823529411764,1.0,0.3333333333333333,0.42857142857142855,0.5,True,0.5994682801613495,0.994903004944846,0.00069139165789528,0.9999881982803345,99.99870605366672,0.8811837062126749,0.6384615384615384,0.20670391061452514,0.0412262156448203,0.5588235294117647,1.0,0.5,0.5,0.5,True,0.6371470480381372,0.9920776532724288,0.001145439910841434,0.9999849796295166,165.66949808891056,0.9309207594259737,0.6883289124668435,0.21853434111074596,0.05179704016913319,0.5882352941176471,1.0,0.5833333333333334,0.5,0.5,True,0.7324899156582325,0.9343936381709742,0.011578230450126927,0.9999192953109741,1674.6051968987174,0.9986629824405027,0.8424403183023873,0.34735458429181726,0.14349894291754756,0.8235294117647058,1.0,1.0,0.5714285714285714,1.0,XGBoost,fleet,40000,20000,9.15,B_fleet_size,CTT_Silverado,FS-A,1,4,CIDv2_OpelAstra|CTT_Forester|CTT_Impala|CTT_Traverse
118722,21816,0.18375701217971396,0.847199079054914,0.7980071248821586,96923,0.024890421752929687,False,0.11817015034836817,1.0,0.0,0.9994663608644109,0.0,0.011587485515643106,0.6047745358090185,0.05192244495563589,0.002642706131078224,0.35294117647058826,1.0,0.08333333333333333,0.35714285714285715,0.5,True,0.14457279061239459,1.0,0.0,0.9992547230374365,0.0,0.032088421427934756,0.6708222811671087,0.08084127505750904,0.005021141649048625,0.4411764705882353,1.0,0.25,0.42857142857142855,0.5,True,0.32169050238357166,0.9898448519040902,0.0007429880502755247,0.9978561939834276,107.4612960576717,0.2838042606292896,0.8,0.24745317121261912,0.017177589852008457,0.5294117647058824,1.0,0.4166666666666667,0.5,0.5,True,0.36033186651998533,0.9865712851405622,0.001104162796937238,0.9975085100839299,159.69942608570656,0.34833764150102503,0.8082228116710876,0.27242852448241867,0.020348837209302327,0.5588235294117647,1.0,0.4166666666666667,0.5,0.75,True,0.6728547854785478,0.9250110277900309,0.012279941386498256,0.9919885374336599,1776.096420953185,0.902486852660665,0.8469496021220159,0.3723299375616168,0.06025369978858351,0.7647058823529411,1.0,0.6666666666666666,0.7142857142857143,1.0,HistGB,fleet,40000,20000,42.66,B_fleet_size,CTT_Silverado,FS-A,0,4,CIDv2_OpelAstra|CTT_Forester|CTT_Traverse|ROAD_ORNL
118722,21816,0.18375701217971396,0.8587099972148166,0.8191958349911643,96923,0.024890421752929687,False,0.1746883021635497,1.0,0.0,0.9991883635520936,0.0,0.09278901862911133,0.6339522546419099,0.12257640486362142,0.0018498942917547568,0.38235294117647056,1.0,0.08333333333333333,0.42857142857142855,0.5,True,0.31252291895856255,0.9991207502930832,6.191567085629373e-05,0.9983932375907898,8.955108004805975,0.2955700151528657,0.7387267904509284,0.22576404863621427,0.007928118393234672,0.4117647058823529,1.0,0.16666666666666666,0.42857142857142855,0.5,True,0.5621562156215621,0.9937606352807714,0.0007945844426557695,0.995547890663147,114.9238860616767,0.7136108387556823,0.8212201591511936,0.3427538613210647,0.03144820295983087,0.6176470588235294,1.0,0.5,0.5714285714285714,0.75,True,0.5942427576090943,0.991813939254839,0.001104162796937238,0.9947346448898315,159.69942608570656,0.7693199037347357,0.8283819628647214,0.3512980611238909,0.03726215644820296,0.6176470588235294,1.0,0.5,0.5714285714285714,0.75,True,0.7227722772277227,0.9375111481063083,0.010845561678327452,0.9822409749031067,1568.6364188418468,0.9834209822622337,0.8485411140583554,0.37725928360170885,0.10253699788583509,0.7647058823529411,1.0,0.8333333333333334,0.5714285714285714,1.0,XGBoost,fleet,40000,20000,22.91,B_fleet_size,CTT_Silverado,FS-A,0,4,CIDv2_OpelAstra|CTT_Forester|CTT_Traverse|ROAD_ORNL
118722,21816,0.18375701217971396,0.8267560434814661,0.8020278820395749,96923,0.024890421752929687,False,0.4422900623395673,0.9994820799668531,5.159639238024477e-05,0.9991613855640289,7.46259000400498,0.6020144397896425,0.6763925729442971,0.10877423595136379,0.0036997885835095136,0.4411764705882353,1.0,0.16666666666666666,0.5,0.5,True,0.5831041437477081,0.9990575669520144,0.00012383134171258745,0.9985992576951012,17.91021600961195,0.8264551207772529,0.7424403183023872,0.20046007229707524,0.010570824524312896,0.5,1.0,0.3333333333333333,0.5,0.5,True,0.6874312431243125,0.9933761674504868,0.0010319278476048955,0.9969174750429404,149.2518000800996,0.9710312862108922,0.8079575596816976,0.3158067696352284,0.02536997885835095,0.5588235294117647,1.0,0.5,0.5,0.5,True,0.6962321232123212,0.9912549761795993,0.00138278331579056,0.9963863121437765,199.99741210733345,0.9808360816472056,0.8164456233421751,0.3286230693394676,0.028276955602537,0.5882352941176471,1.0,0.5833333333333334,0.5,0.5,True,0.7213971397139713,0.9306368635799184,0.012104513652405424,0.9904174693260637,1750.7236149395683,0.9991086549603352,0.8450928381962864,0.37200131449227736,0.05576109936575053,0.7352941176470589,1.0,0.75,0.5714285714285714,1.0,HistGB,fleet,40000,20000,76.11,B_fleet_size,CTT_Silverado,FS-A,1,4,CIDv2_OpelAstra|CTT_Forester|CTT_Traverse|ROAD_ORNL
118722,21816,0.18375701217971396,0.8480614275163851,0.8126252946589138,96923,0.024890421752929687,False,0.10886505317198386,1.0,0.0,0.9996581077575685,0.0,0.01809430430519654,0.5241379310344828,0.06309562931317779,0.0010570824524312897,0.38235294117647056,1.0,0.16666666666666666,0.35714285714285715,0.5,True,0.409011734506784,0.9974290185557791,0.00023734340494912596,0.9986571073532104,34.3279140184229,0.4733933505660041,0.7328912466843501,0.26355570161025305,0.012420718816067653,0.4411764705882353,1.0,0.16666666666666666,0.5,0.5,True,0.6098734873487349,0.9910614525139665,0.0012383134171258746,0.9973310232162476,179.10216009611952,0.813976290221945,0.8002652519893899,0.33782451528097274,0.03382663847780127,0.6470588235294118,1.0,0.5833333333333334,0.5714285714285714,0.75,True,0.633067473414008,0.9895392992763488,0.0015066146575031473,0.9969973564147949,217.90762811694538,0.8526606649433995,0.8087533156498674,0.3434111074597437,0.039904862579281185,0.6764705882352942,1.0,0.6666666666666666,0.5714285714285714,0.75,True,0.7217180051338468,0.9387669926067255,0.010597898994902277,0.991300642490387,1532.8159868226228,0.9869863624208931,0.8472148541114058,0.37791652974038775,0.08668076109936575,0.7941176470588235,1.0,0.8333333333333334,0.6428571428571429,1.0,XGBoost,fleet,40000,20000,10.33,B_fleet_size,CTT_Silverado,FS-A,1,4,CIDv2_OpelAstra|CTT_Forester|CTT_Traverse|ROAD_ORNL
118722,21816,0.18375701217971396,0.8724682963346521,0.8141366370677976,96923,0.024890421752929687,False,0.26966446644664466,0.9996601529311809,2.063855695209791e-05,0.9999723349885269,2.985036001601992,0.32801497459666634,0.4689655172413793,0.14130791981597107,0.001321353065539112,0.3235294117647059,1.0,0.08333333333333333,0.2857142857142857,0.5,True,0.4374312431243124,0.9986395981582252,0.0001341506201886364,0.9999593181326818,19.402734010412946,0.6146715393528835,0.5822281167108754,0.1432796582320079,0.004228329809725159,0.35294117647058826,1.0,0.16666666666666666,0.2857142857142857,0.5,True,0.6426017601760176,0.9927064155218808,0.0010628856830330424,0.999921203709693,153.7293540825026,0.9590872626793832,0.729973474801061,0.1521524811041735,0.011627906976744186,0.4117647058823529,1.0,0.16666666666666666,0.35714285714285715,0.75,True,0.6531903190319032,0.9909596662030598,0.001341506201886364,0.9999130654404107,194.02734010412948,0.9732596488100543,0.7445623342175066,0.15511008872822873,0.013742071881606765,0.4411764705882353,1.0,0.16666666666666666,0.35714285714285715,1.0,True,0.6913274660799413,0.9385773850270708,0.010185127855860319,0.9997788925715997,1473.1152667905828,0.9995543274801676,0.8360742705570292,0.19257311863292803,0.034355179704016914,0.7647058823529411,1.0,0.8333333333333334,0.5714285714285714,1.0,HistGB,fleet,40000,20000,28.45,B_fleet_size,CTT_Silverado,FS-A,0,4,CIDv2_Prototype|CIDv2_RenaultClio|CTT_Forester|CTT_Traverse
118722,21816,0.18375701217971396,0.8877890106548612,0.8098268694661767,96923,0.024890421752929687,False,0.10153098643197653,0.9981973862100045,4.127711390419582e-05,0.9999927282333375,5.970072003203984,0.04242802388804706,0.35013262599469497,0.13769306605323695,0.0,0.29411764705882354,1.0,0.0,0.2857142857142857,0.5,True,0.14205170517051705,0.9967835316822129,0.00010319278476048954,0.9999891519546509,14.92518000800996,0.08851056243872003,0.44562334217506633,0.13966480446927373,0.0002642706131078224,0.35294117647058826,1.0,0.08333333333333333,0.2857142857142857,0.75,True,0.3035386872020535,0.9832219747587231,0.0011660784677935319,0.9999752044677734,168.65453409051253,0.3431678402709689,0.6175066312997347,0.1432796582320079,0.0021141649048625794,0.5,1.0,0.3333333333333333,0.35714285714285715,1.0,True,0.34043821048771544,0.979298523206751,0.001620126720739686,0.9999717473983765,234.32532612575636,0.4077903556466708,0.6371352785145888,0.14360828130134737,0.003435517970401691,0.5294117647058824,1.0,0.4166666666666667,0.35714285714285715,1.0,True,0.6469105243857719,0.9283646888567294,0.011237694260417312,0.9999111890792847,1625.3521028722846,0.9390319992869239,0.7883289124668436,0.16694051922444955,0.025898520084566595,0.7058823529411765,1.0,0.5833333333333334,0.6428571428571429,1.0,XGBoost,fleet,40000,20000,8.31,B_fleet_size,CTT_Silverado,FS-A,0,4,CIDv2_Prototype|CIDv2_RenaultClio|CTT_Forester|CTT_Traverse
118722,21816,0.18375701217971396,0.8653136732195637,0.8011675148141373,96923,0.024890421752929687,False,0.061147781444811145,0.9985029940119761,2.063855695209791e-05,0.999975948248027,2.985036001601992,0.05169801230056155,0.1546419098143236,0.056194544857048966,0.0,0.29411764705882354,1.0,0.0,0.2857142857142857,0.5,True,0.10634396773010635,0.9961356805495921,9.287350628444059e-05,0.9999688646854453,13.432662007208963,0.10571352170425172,0.23607427055702918,0.0791981597108117,0.0007928118393234672,0.3235294117647059,1.0,0.08333333333333333,0.2857142857142857,0.5,True,0.3496057939127246,0.9921946142838559,0.0006191567085629373,0.9999407359067313,89.55108004805976,0.48221766645868613,0.4816976127320955,0.12520538941833717,0.005285412262156448,0.4411764705882353,1.0,0.25,0.42857142857142855,0.5,True,0.4125870920425376,0.9910812596344417,0.0008358615565599653,0.9999337772973659,120.89395806488068,0.5887333986986363,0.5244031830238727,0.1298061123890897,0.006342494714587738,0.47058823529411764,1.0,0.25,0.42857142857142855,0.75,True,0.6681334800146681,0.9353182751540041,0.010401832703857347,0.9998176378114785,1504.458144807404,0.987521169444692,0.7846153846153846,0.15083798882681565,0.021141649048625793,0.7352941176470589,1.0,0.6666666666666666,0.6428571428571429,1.0,HistGB,fleet,40000,20000,27.34,B_fleet_size,CTT_Silverado,FS-A,1,4,CIDv2_Prototype|CIDv2_RenaultClio|CTT_Forester|CTT_Traverse
118722,21816,0.18375701217971396,0.8905011586067351,0.8209615408929898,96923,0.024890421752929687,False,0.09502200220022002,0.9990361445783132,2.063855695209791e-05,0.9999883174896241,2.985036001601992,0.07362510027631697,0.2246684350132626,0.13144922773578704,0.0,0.29411764705882354,1.0,0.0,0.2857142857142857,0.5,True,0.22987715438210488,0.9970178926441352,0.00015478917714073433,0.9999786615371704,22.38777001201494,0.28006061146269723,0.3830238726790451,0.14065067367729214,0.0002642706131078224,0.3235294117647059,1.0,0.08333333333333333,0.2857142857142857,0.5,True,0.48368170150348366,0.9904261310305988,0.0010525664045569934,0.9999562501907349,152.2368360817016,0.7008646046884749,0.5944297082228117,0.14558001971738416,0.001321353065539112,0.47058823529411764,1.0,0.25,0.35714285714285715,1.0,True,0.5203061972863953,0.9892801115565627,0.0012692712525540215,0.999950647354126,183.57971409852252,0.761476067385685,0.6246684350132626,0.1472231350640815,0.001321353065539112,0.5,1.0,0.25,0.42857142857142855,1.0,True,0.6767051705170517,0.9345445337722352,0.01067013394423462,0.9998317956924438,1543.2636128282297,0.9950976022818433,0.8098143236074271,0.16201117318435754,0.014006342494714588,0.7941176470588235,1.0,0.8333333333333334,0.6428571428571429,1.0,XGBoost,fleet,40000,20000,8.78,B_fleet_size,CTT_Silverado,FS-A,1,4,CIDv2_Prototype|CIDv2_RenaultClio|CTT_Forester|CTT_Traverse
118722,21816,0.18375701217971396,0.8272835229367363,0.7664954108359479,96923,0.024890421752929687,False,0.012376237623762377,1.0,0.0,0.99992943933171,0.0,0.0,0.04907161803713528,0.0233322379231022,0.0036997885835095136,0.14705882352941177,0.0,0.08333333333333333,0.14285714285714285,0.5,True,0.0407040704070407,0.9988751406074241,1.0319278476048955e-05,0.999844730987856,1.492518000800996,0.0025849006150280773,0.16259946949602122,0.06933946763062768,0.009249471458773785,0.29411764705882354,1.0,0.08333333333333333,0.21428571428571427,0.5,True,0.17083791712504584,0.980531439094975,0.0007636266072276227,0.9995084894241156,110.44633205927371,0.12550138158481147,0.4588859416445623,0.16398291160039435,0.023784355179704016,0.47058823529411764,1.0,0.25,0.42857142857142855,0.75,True,0.1976989365603227,0.9780045351473923,0.0010009700121767487,0.9994497053917286,144.7742460776966,0.16436402531419914,0.4880636604774536,0.17548471902727572,0.02510570824524313,0.47058823529411764,1.0,0.25,0.42857142857142855,0.75,True,0.6033645031169783,0.9095494748479823,0.013507935525148082,0.9980977382711494,1953.7060630485037,0.8187895534361351,0.7490716180371353,0.30890568517909955,0.05628964059196617,0.7058823529411765,1.0,0.5833333333333334,0.6428571428571429,1.0,HistGB,fleet,40000,20000,32.06,B_fleet_size,CTT_Silverado,FS-A,0,4,CTT_Forester|CTT_Impala|CTT_Traverse|ROAD_ORNL
118722,21816,0.18375701217971396,0.8440895348185814,0.802904758067899,96923,0.024890421752929687,False,0.04528786211954529,1.0,0.0,0.9999755620956422,0.0,0.0019609590872626793,0.1469496021220159,0.12356227407163983,0.009513742071881607,0.38235294117647056,1.0,0.08333333333333333,0.42857142857142855,0.5,True,0.08947561422808947,0.9994879672299027,1.0319278476048955e-05,0.9999525547027588,1.492518000800996,0.031553614404135844,0.2793103448275862,0.15872494249096286,0.01638477801268499,0.38235294117647056,1.0,0.08333333333333333,0.42857142857142855,0.5,True,0.4398148148148148,0.9965724968840881,0.0003405361897096155,0.9998053908348083,49.25309402643286,0.5897138782422676,0.5472148541114058,0.25205389418337165,0.03937632135306554,0.4411764705882353,1.0,0.16666666666666666,0.42857142857142855,0.75,True,0.5095342867620095,0.9937421777221527,0.0007223494933234269,0.999748170375824,104.47626005606972,0.7028255637757376,0.5875331564986738,0.27932960893854747,0.04386892177589852,0.47058823529411764,1.0,0.25,0.42857142857142855,0.75,True,0.6927484415108177,0.9281459190566849,0.012073555816977277,0.9991807341575623,1746.2460609371653,0.9664854265086015,0.763129973474801,0.3664147223135064,0.07346723044397463,0.7941176470588235,1.0,0.6666666666666666,0.7857142857142857,1.0,XGBoost,fleet,40000,20000,8.6,B_fleet_size,CTT_Silverado,FS-A,0,4,CTT_Forester|CTT_Impala|CTT_Traverse|ROAD_ORNL
118722,21816,0.18375701217971396,0.820675038269311,0.7314829328524236,96923,0.024890421752929687,False,0.06334800146681335,0.9985549132947977,2.063855695209791e-05,0.9998667139559817,2.985036001601992,0.02477939210268295,0.16525198938992042,0.12914886625041078,0.023255813953488372,0.4411764705882353,1.0,0.25,0.42857142857142855,0.5,True,0.09447194719471948,0.9961333977767037,8.255422780839164e-05,0.9998251816577093,11.940144006407968,0.054193778411623136,0.2427055702917772,0.14459415050936575,0.025898520084566595,0.4411764705882353,1.0,0.25,0.42857142857142855,0.5,True,0.19856985698569857,0.9796472184531886,0.0009287350628444059,0.9997003823422272,134.32662007208964,0.17826900793297085,0.4360742705570292,0.1837002957607624,0.03409090909090909,0.5294117647058824,1.0,0.3333333333333333,0.5,0.75,True,0.223001466813348,0.974169002803364,0.001331186923410315,0.9996733613070883,192.53482210332848,0.2115161779124699,0.4742705570291777,0.18764377259283602,0.03514799154334038,0.5294117647058824,1.0,0.3333333333333333,0.5,0.75,True,0.47566006600660066,0.8879096431932917,0.013518254803624131,0.9992454671182732,1955.198581049305,0.5891790712184687,0.7259946949602122,0.26519881695695036,0.0589323467230444,0.7058823529411765,1.0,0.6666666666666666,0.5714285714285714,1.0,HistGB,fleet,40000,20000,30.16,B_fleet_size,CTT_Silverado,FS-A,1,4,CTT_Forester|CTT_Impala|CTT_Traverse|ROAD_ORNL
118722,21816,0.18375701217971396,0.8474911170954602,0.8043023168673167,96923,0.024890421752929687,False,0.026723505683901725,1.0,0.0,0.9999859333038331,0.0,0.0034762456546929316,0.06339522546419098,0.09530069010844561,0.003964059196617336,0.35294117647058826,0.75,0.08333333333333333,0.42857142857142855,0.5,True,0.21181701503483683,0.9993512110726643,3.095783542814686e-05,0.9999436140060425,4.477554002402988,0.2512701666815224,0.32254641909814324,0.17121261912586264,0.017177589852008457,0.38235294117647056,1.0,0.08333333333333333,0.42857142857142855,0.5,True,0.5164099743307664,0.9947902869757175,0.0006088374300868883,0.9998345375061035,88.05856204725876,0.7470362777431143,0.5251989389920424,0.2527111403220506,0.035940803382663845,0.5294117647058824,1.0,0.5,0.42857142857142855,0.5,True,0.5545929592959296,0.9920465726467694,0.0010009700121767487,0.9998025298118591,144.7742460776966,0.8077368749442909,0.5506631299734748,0.26618468616496876,0.039904862579281185,0.5882352941176471,1.0,0.5,0.5714285714285714,0.5,True,0.688027136046938,0.9310836796724768,0.011464718386890388,0.9994105100631714,1658.1874988899065,0.9729922452981549,0.7302387267904509,0.3493263227078541,0.07346723044397463,0.7647058823529411,1.0,0.5833333333333334,0.7857142857142857,1.0,XGBoost,fleet,40000,20000,9.56,B_fleet_size,CTT_Silverado,FS-A,1,4,CTT_Forester|CTT_Impala|CTT_Traverse|ROAD_ORNL
118722,21816,0.18375701217971396,0.8096748028293154,0.7150722903316684,96923,0.024890421752929687,False,0.07590759075907591,0.9993964996982498,1.0319278476048955e-05,0.9998195462204277,1.492518000800996,0.09439343970050806,0.03395225464190981,0.13966480446927373,0.011627906976744186,0.4117647058823529,1.0,0.16666666666666666,0.42857142857142855,0.5,True,0.10574807480748075,0.9969749351771824,7.223494933234268e-05,0.9997785087063711,10.44762600560697,0.14457616543363935,0.047480106100795755,0.14952349654945776,0.013477801268498943,0.4411764705882353,1.0,0.25,0.42857142857142855,0.5,True,0.2247891455812248,0.9865218265942466,0.00069139165789528,0.9996384225391342,99.99870605366672,0.34209822622337105,0.11856763925729442,0.1774564574433125,0.02087737843551797,0.5294117647058824,1.0,0.4166666666666667,0.42857142857142855,0.75,True,0.2511001100110011,0.9822485207100592,0.0010216085691288465,0.9996046389126346,147.7592820792986,0.3847045191193511,0.13580901856763924,0.18534341110745975,0.022727272727272728,0.5294117647058824,1.0,0.4166666666666667,0.42857142857142855,0.75,True,0.467042537587092,0.9060915962650067,0.010897158070707695,0.9991943391497735,1576.0990088458516,0.7119172831803191,0.3429708222811671,0.243838317449885,0.04413319238900634,0.7647058823529411,1.0,0.8333333333333334,0.5714285714285714,1.0,HistGB,fleet,40000,20000,29.82,B_fleet_size,CTT_Silverado,FS-A,0,5,CIDv2_OpelAstra|CIDv2_Prototype|CTT_Forester|CTT_Impala|ROAD_ORNL
118722,21816,0.18375701217971396,0.8511117011774445,0.7971450814393737,96923,0.024890421752929687,False,0.12197469746974697,0.9992489673300788,2.063855695209791e-05,0.9998706579208375,2.985036001601992,0.1657010428736964,0.0506631299734748,0.17614196516595465,0.01982029598308668,0.47058823529411764,1.0,0.3333333333333333,0.42857142857142855,0.5,True,0.24637880454712138,0.9981429897864438,0.00010319278476048954,0.9997673630714417,14.92518000800996,0.3590337819770033,0.1570291777188329,0.20834702596122248,0.03197674418604651,0.47058823529411764,1.0,0.3333333333333333,0.42857142857142855,0.5,True,0.43853135313531355,0.9887350144687888,0.0011248013538893362,0.9995179176330566,162.68446208730856,0.6384704519119351,0.38514588859416443,0.2467959250739402,0.0531183932346723,0.7058823529411765,1.0,0.8333333333333334,0.5714285714285714,0.5,True,0.46085441877521083,0.9870410367170627,0.001362144758838462,0.999473512172699,197.01237610573145,0.6682413762367413,0.416710875331565,0.25303976339139006,0.05708245243128964,0.7058823529411765,1.0,0.8333333333333334,0.5714285714285714,0.5,True,0.6395764576457645,0.9285286484328209,0.011082905083276577,0.9987603425979614,1602.9643328602697,0.8962474373830109,0.7007957559681698,0.2842589549786395,0.10332980972515857,0.7647058823529411,1.0,1.0,0.5714285714285714,0.5,XGBoost,fleet,40000,20000,8.27,B_fleet_size,CTT_Silverado,FS-A,0,5,CIDv2_OpelAstra|CIDv2_Prototype|CTT_Forester|CTT_Impala|ROAD_ORNL
118722,21816,0.18375701217971396,0.6689938228957975,0.38104246675067377,96923,0.024890421752929687,False,0.016226622662266228,1.0,0.0,0.9999380887964647,0.0,0.00017826900793297085,0.001326259946949602,0.10976010515938218,0.003435517970401691,0.2647058823529412,0.25,0.16666666666666666,0.35714285714285715,0.25,True,0.02158965896589659,0.991578947368421,4.127711390419582e-05,0.9999165846984663,5.970072003203984,0.0013370175594972814,0.004774535809018567,0.13867893526125535,0.004228329809725159,0.35294117647058826,0.75,0.16666666666666666,0.35714285714285715,0.5,True,0.042995966263292995,0.9305555555555556,0.0007223494933234269,0.9998284334725963,104.47626005606972,0.016311614225866834,0.035543766578249335,0.19224449556358855,0.009513742071881607,0.4117647058823529,0.75,0.25,0.42857142857142855,0.5,True,0.0473964063072974,0.9102112676056338,0.0010525664045569934,0.9998130314464947,152.2368360817016,0.020144397896425706,0.04376657824933687,0.19783108774235952,0.010835095137420718,0.4117647058823529,0.75,0.25,0.42857142857142855,0.5,True,0.10593142647598093,0.6823147328018896,0.011103543640228676,0.9996722451961972,1605.9493688618716,0.08530172029592656,0.13793103448275862,0.23923759447913243,0.028012684989429177,0.7647058823529411,1.0,0.9166666666666666,0.6428571428571429,0.5,HistGB,fleet,40000,20000,29.29,B_fleet_size,CTT_Silverado,FS-A,1,5,CIDv2_OpelAstra|CIDv2_Prototype|CTT_Forester|CTT_Impala|ROAD_ORNL
118722,21816,0.18375701217971396,0.8177301569091892,0.7317096985128047,96923,0.024890421752929687,False,0.04065823248991566,0.9988738738738738,1.0319278476048955e-05,0.9999365806579591,1.492518000800996,0.033247169979499065,0.005305039787798408,0.14360828130134737,0.015063424947145878,0.4117647058823529,1.0,0.16666666666666666,0.42857142857142855,0.5,True,0.12211221122112212,0.9944008958566629,0.00015478917714073433,0.9998576641082764,22.38777001201494,0.16677065692129422,0.027320954907161802,0.19060138021689121,0.029069767441860465,0.4411764705882353,1.0,0.25,0.42857142857142855,0.5,True,0.27924459112577926,0.98560103543116,0.000918415784368357,0.9996931552886963,132.83410207128864,0.4299848471343257,0.11061007957559682,0.22707854091357213,0.042283298097251586,0.5,1.0,0.4166666666666667,0.42857142857142855,0.5,True,0.3076182618261826,0.982001755926251,0.0012692712525540215,0.9996540546417236,183.57971409852252,0.4753543096532668,0.1312997347480106,0.2346368715083799,0.04466173361522199,0.5294117647058824,1.0,0.4166666666666667,0.5,0.5,True,0.49491199119911994,0.9199113913265741,0.009700121767486018,0.9991868138313293,1402.9669207529364,0.737053213298868,0.3713527851458886,0.26947091685836344,0.08139534883720931,0.7352941176470589,1.0,0.8333333333333334,0.5714285714285714,0.75,XGBoost,fleet,40000,20000,8.29,B_fleet_size,CTT_Silverado,FS-A,1,5,CIDv2_OpelAstra|CIDv2_Prototype|CTT_Forester|CTT_Impala|ROAD_ORNL
118722,21816,0.18375701217971396,0.8261191645851959,0.7913063378963064,96923,0.024890421752929687,False,0.21942610927759443,0.9995823762789726,2.063855695209791e-05,0.9992406798858205,2.985036001601992,0.16195739370710402,0.676657824933687,0.1340782122905028,0.0029069767441860465,0.47058823529411764,1.0,0.3333333333333333,0.42857142857142855,0.5,True,0.34405940594059403,0.9988023952095808,9.287350628444059e-05,0.9988165595920078,13.432662007208963,0.36001426152063465,0.7435013262599469,0.21163325665461716,0.005285412262156448,0.5294117647058824,1.0,0.4166666666666667,0.5,0.5,True,0.5460212687935461,0.9929976658886296,0.0008668193919881122,0.9978399357260137,125.37151206728366,0.7060344059185311,0.8026525198938992,0.30003286230693393,0.013742071881606765,0.5882352941176471,1.0,0.5,0.5,0.75,True,0.5694902823615695,0.9910657306955967,0.0011557591893174828,0.997646835296359,167.16201608971153,0.7477493537748462,0.8061007957559682,0.30824843904042065,0.0153276955602537,0.6176470588235294,1.0,0.5833333333333334,0.5,0.75,True,0.6882104877154382,0.92776370265093,0.012063236538501228,0.9951405693753141,1744.7535429363643,0.9462518941082093,0.8392572944297082,0.3595136378573776,0.03699788583509514,0.7647058823529411,1.0,0.75,0.6428571428571429,1.0,HistGB,fleet,40000,20000,32.48,B_fleet_size,CTT_Silverado,FS-A,0,5,CIDv2_OpelAstra|CIDv2_Prototype|CTT_Forester|CTT_Traverse|ROAD_ORNL
118722,21816,0.18375701217971396,0.8494850818633621,0.8189406690629024,96923,0.024890421752929687,False,0.5088008800880088,1.0,0.0,0.9996783733367921,0.0,0.8063107228808272,0.4679045092838196,0.07163982911600394,0.019027484143763214,0.47058823529411764,1.0,0.3333333333333333,0.42857142857142855,0.5,True,0.6025394206087276,0.9996197718631179,5.159639238024477e-05,0.9993880987167358,7.46259000400498,0.9320795079775381,0.5610079575596817,0.14755175813342097,0.03276955602536998,0.5,1.0,0.4166666666666667,0.42857142857142855,0.5,True,0.6707920792079208,0.9959844824065882,0.0006088374300868883,0.9985437393188477,88.05856204725876,0.9733487833140209,0.7145888594164457,0.26651330923430827,0.055232558139534885,0.5294117647058824,1.0,0.4166666666666667,0.42857142857142855,0.75,True,0.6795929592959296,0.9944328928834932,0.0008565001135120632,0.9983240962028503,123.87899406648266,0.9783403155361441,0.7326259946949603,0.2832730857706211,0.05972515856236787,0.5294117647058824,1.0,0.4166666666666667,0.42857142857142855,0.75,True,0.7305188852218555,0.9307907954678192,0.01222834499411801,0.9939321875572205,1768.63383094918,0.9962563508334076,0.8363395225464191,0.3706868222149195,0.12658562367864692,0.7352941176470589,1.0,0.8333333333333334,0.5714285714285714,0.75,XGBoost,fleet,40000,20000,8.29,B_fleet_size,CTT_Silverado,FS-A,0,5,CIDv2_OpelAstra|CIDv2_Prototype|CTT_Forester|CTT_Traverse|ROAD_ORNL
118722,21816,0.18375701217971396,0.8242934391541095,0.7826357381877657,96923,0.024890421752929687,False,0.10368536853685369,0.9982347749338041,4.127711390419582e-05,0.9998495960724111,5.970072003203984,0.1235404224975488,0.2206896551724138,0.009530069010844562,0.003964059196617336,0.35294117647058826,1.0,0.16666666666666666,0.2857142857142857,0.5,True,0.21658415841584158,0.9957850368809273,0.00020638556952097908,0.9997593439447273,29.85036001601992,0.28068455299046263,0.386737400530504,0.02957607624055209,0.007399577167019027,0.4117647058823529,1.0,0.16666666666666666,0.42857142857142855,0.5,True,0.5176017601760176,0.9872355306871831,0.0015066146575031473,0.999314227011338,217.90762811694538,0.7362510027631696,0.6755968169761273,0.13079198159710811,0.02299154334038055,0.5,1.0,0.4166666666666667,0.42857142857142855,0.5,True,0.5522552255225522,0.9827079934747145,0.0021876870369223786,0.9991994589487935,316.4138161698112,0.7884838220875301,0.7002652519893899,0.1521524811041735,0.02616279069767442,0.5294117647058824,1.0,0.4166666666666667,0.5,0.5,True,0.6745966263292996,0.9065541456203031,0.015654345448166265,0.9979619904982884,2264.149807215111,0.9438452625011142,0.8108753315649867,0.2859020703253368,0.0531183932346723,0.6470588235294118,1.0,0.6666666666666666,0.5,0.75,HistGB,fleet,40000,20000,31.1,B_fleet_size,CTT_Silverado,FS-A,1,5,CIDv2_OpelAstra|CIDv2_Prototype|CTT_Forester|CTT_Traverse|ROAD_ORNL
118722,21816,0.18375701217971396,0.8413035921529467,0.8071809764347845,96923,0.024890421752929687,False,0.2754400440044004,0.9998336106489185,1.0319278476048955e-05,0.999725639820099,1.492518000800996,0.36259916213566273,0.4342175066312997,0.08577062109760106,0.011363636363636364,0.4117647058823529,1.0,0.16666666666666666,0.42857142857142855,0.5,True,0.3630821415474881,0.9996214033316507,3.095783542814686e-05,0.9996137022972107,4.477554002402988,0.5039664854265086,0.49496021220159153,0.10877423595136379,0.01849894291754757,0.4117647058823529,1.0,0.16666666666666666,0.42857142857142855,0.5,True,0.6167033370003667,0.994824016563147,0.0007223494933234269,0.9988208413124084,104.47626005606972,0.9001693555575363,0.6816976127320955,0.1988169569503779,0.04756871035940803,0.5294117647058824,1.0,0.5,0.42857142857142855,0.5,True,0.6389347268060139,0.9916761525327262,0.0012073555816977278,0.9985929131507874,174.62460609371655,0.9281575898030128,0.7090185676392573,0.2142622412093329,0.0531183932346723,0.5294117647058824,1.0,0.5,0.42857142857142855,0.5,True,0.7097543087642098,0.9235357270666825,0.01322931500629476,0.9961583018302917,1913.4080770268768,0.9883233799803904,0.8116710875331565,0.3187643772592836,0.096723044397463,0.7647058823529411,1.0,0.8333333333333334,0.6428571428571429,0.75,XGBoost,fleet,40000,20000,10.89,B_fleet_size,CTT_Silverado,FS-A,1,5,CIDv2_OpelAstra|CIDv2_Prototype|CTT_Forester|CTT_Traverse|ROAD_ORNL
118722,21816,0.18375701217971396,0.8430723385262047,0.7714620056369796,96923,0.024890421752929687,False,0.12330399706637331,0.9996283909327388,1.0319278476048955e-05,0.9997066811493945,1.492518000800996,0.19520456368660308,0.009283819628647215,0.14656588892540257,0.005021141649048625,0.35294117647058826,1.0,0.08333333333333333,0.35714285714285715,0.5,True,0.19834066740007333,0.999076425767721,4.127711390419582e-05,0.9995953029127386,5.970072003203984,0.32810410910063287,0.02493368700265252,0.17121261912586264,0.008192389006342496,0.4117647058823529,1.0,0.25,0.35714285714285715,0.5,True,0.3557022368903557,0.9924542780406702,0.0006088374300868883,0.9992908207180936,88.05856204725876,0.599518673678581,0.09761273209549072,0.20341767992113047,0.012420718816067653,0.5294117647058824,1.0,0.5,0.42857142857142855,0.5,True,0.39814814814814814,0.9888433515482696,0.0010112892906527975,0.9991779937863485,146.26676407849757,0.666904358677244,0.13342175066312997,0.2132763720013145,0.013742071881606765,0.5882352941176471,1.0,0.5,0.5714285714285714,0.5,True,0.5732031536486982,0.9269142391223779,0.01017480857738427,0.9982944890797116,1471.622748789782,0.9064087708351903,0.3803713527851459,0.2497535326979954,0.037526427061310784,0.7647058823529411,1.0,0.8333333333333334,0.5714285714285714,1.0,HistGB,fleet,40000,20000,32.7,B_fleet_size,CTT_Silverado,FS-A,0,5,CIDv2_OpelAstra|CIDv2_RenaultClio|CTT_Forester|CTT_Impala|ROAD_ORNL
118722,21816,0.18375701217971396,0.8420725049307192,0.782765381566725,96923,0.024890421752929687,False,0.31683168316831684,0.9998553450021698,1.0319278476048955e-05,0.9998188614845277,1.492518000800996,0.5670737142347803,0.005305039787798408,0.1643115346697338,0.007928118393234672,0.4411764705882353,1.0,0.3333333333333333,0.42857142857142855,0.25,True,0.3744041070773744,0.9995105237395986,4.127711390419582e-05,0.9997633099555969,5.970072003203984,0.6688653177645066,0.016445623342175066,0.18074268813670719,0.013742071881606765,0.5294117647058824,1.0,0.5,0.42857142857142855,0.5,True,0.49807480748074806,0.9938717643830605,0.00069139165789528,0.9995101690292358,99.99870605366672,0.8590783492289865,0.11671087533156499,0.2224778179428196,0.029334038054968287,0.5882352941176471,1.0,0.6666666666666666,0.42857142857142855,0.5,True,0.5143931059772644,0.9905552122870509,0.001104162796937238,0.9994495511054993,159.69942608570656,0.8786879401016133,0.14588859416445624,0.22839303319093002,0.03144820295983087,0.5882352941176471,1.0,0.6666666666666666,0.42857142857142855,0.5,True,0.614044737807114,0.9303423848878394,0.010350236311477102,0.9988743662834167,1496.995554803399,0.9611373562706124,0.4129973474801061,0.26158396319421623,0.06871035940803383,0.8235294117647058,1.0,0.9166666666666666,0.6428571428571429,1.0,XGBoost,fleet,40000,20000,8.26,B_fleet_size,CTT_Silverado,FS-A,0,5,CIDv2_OpelAstra|CIDv2_RenaultClio|CTT_Forester|CTT_Impala|ROAD_ORNL
118722,21816,0.18375701217971396,0.8146938719345074,0.7382423986567043,96923,0.024890421752929687,False,0.10203520352035203,1.0,0.0,0.999833462589062,0.0,0.15669845797308138,0.005835543766578249,0.1399934275386132,0.005285412262156448,0.35294117647058826,1.0,0.08333333333333333,0.42857142857142855,0.25,True,0.21736340300696735,0.9993677555321391,3.095783542814686e-05,0.9997194890247011,4.477554002402988,0.35921205098493625,0.03740053050397878,0.1735129806112389,0.011363636363636364,0.47058823529411764,1.0,0.3333333333333333,0.42857142857142855,0.5,True,0.36665749908324163,0.9932944244380976,0.0005572410377066436,0.9995322068958971,80.59597204325378,0.6126214457616543,0.11326259946949602,0.20571804140650674,0.019291754756871036,0.6176470588235294,1.0,0.5833333333333334,0.5,0.75,True,0.3883846718005134,0.9894896648370898,0.0009287350628444059,0.9994953054970633,134.32662007208964,0.6472947678046171,0.12917771883289125,0.2119618797239566,0.02087737843551797,0.6764705882352942,1.0,0.6666666666666666,0.5714285714285714,0.75,True,0.5434085075174184,0.9240062353858145,0.01006129651414773,0.9990417446719135,1455.2050507809709,0.8668330510740708,0.306631299734748,0.2517252711140322,0.05496828752642706,0.7647058823529411,1.0,0.9166666666666666,0.5714285714285714,0.75,HistGB,fleet,40000,20000,30.59,B_fleet_size,CTT_Silverado,FS-A,1,5,CIDv2_OpelAstra|CIDv2_RenaultClio|CTT_Forester|CTT_Impala|ROAD_ORNL
118722,21816,0.18375701217971396,0.825883486190342,0.7566971669203773,96923,0.024890421752929687,False,0.2268060139347268,0.9995959595959596,2.063855695209791e-05,0.9999195337295533,2.985036001601992,0.40467064800784386,0.008488063660477453,0.11698981268485048,0.005285412262156448,0.35294117647058826,1.0,0.08333333333333333,0.42857142857142855,0.25,True,0.32402823615694903,0.9992931863160871,5.159639238024477e-05,0.9998711347579956,7.46259000400498,0.5786611997504234,0.028381962864721486,0.14393690437068682,0.008456659619450317,0.47058823529411764,1.0,0.3333333333333333,0.42857142857142855,0.5,True,0.44233590025669234,0.9938208032955715,0.0006191567085629373,0.9997501969337463,89.55108004805976,0.7674480791514395,0.10530503978779841,0.1909300032862307,0.01638477801268499,0.5294117647058824,1.0,0.5,0.42857142857142855,0.5,True,0.46397139713971397,0.9917695473251029,0.0008668193919881122,0.9997135996818542,125.37151206728366,0.7961493894286479,0.13342175066312997,0.20144594150509365,0.019556025369978858,0.5294117647058824,1.0,0.5,0.42857142857142855,0.5,True,0.5701320132013201,0.9256530475552579,0.010308959197572905,0.9994010925292969,1491.025482800195,0.9065870398431233,0.35384615384615387,0.2527111403220506,0.04334038054968287,0.6176470588235294,1.0,0.75,0.42857142857142855,0.5,XGBoost,fleet,40000,20000,8.68,B_fleet_size,CTT_Silverado,FS-A,1,5,CIDv2_OpelAstra|CIDv2_RenaultClio|CTT_Forester|CTT_Impala|ROAD_ORNL
118722,21816,0.18375701217971396,0.8409246254489785,0.806852224491671,96923,0.024890421752929687,False,0.24367436743674367,0.9994359842075579,3.095783542814686e-05,0.99971357130706,4.477554002402988,0.31384258846599516,0.35543766578249336,0.11764705882352941,0.025634249471458773,0.4411764705882353,1.0,0.3333333333333333,0.35714285714285715,0.5,True,0.3997983131646498,0.998054697333791,0.00017542773409283223,0.9995481407541903,25.37280601361693,0.5604777609412603,0.483289124668435,0.16069668090699968,0.03250528541226216,0.47058823529411764,1.0,0.3333333333333333,0.42857142857142855,0.5,True,0.5816831683168316,0.9915611814345991,0.0011144820754132871,0.999158525955775,161.19194408650756,0.840449237899991,0.6419098143236074,0.2201774564574433,0.04519027484143763,0.5882352941176471,1.0,0.5833333333333334,0.5,0.5,True,0.599009900990099,0.9901500227307167,0.001341506201886364,0.9990847455041779,194.02734010412948,0.86558516801854,0.6591511936339522,0.22773578705225106,0.04730443974630021,0.5882352941176471,1.0,0.5833333333333334,0.5,0.5,True,0.7032453245324533,0.9272331681373142,0.012424411285162942,0.9971913757505385,1796.9916729643992,0.9949193332739104,0.7931034482758621,0.2997042392375945,0.07346723044397463,0.7352941176470589,1.0,0.8333333333333334,0.6428571428571429,0.5,HistGB,fleet,40000,20000,38.75,B_fleet_size,CTT_Silverado,FS-A,0,5,CIDv2_OpelAstra|CIDv2_RenaultClio|CTT_Impala|CTT_Traverse|ROAD_ORNL
118722,21816,0.18375701217971396,0.8516803707120001,0.819506668531496,96923,0.024890421752929687,False,0.339017235056839,1.0,0.0,0.9996016621589662,0.0,0.5133256083429896,0.24111405835543767,0.19717384160368057,0.03382663847780127,0.4411764705882353,1.0,0.16666666666666666,0.5,0.5,True,0.5276402640264026,0.9997394476289734,3.095783542814686e-05,0.9989056587219238,4.477554002402988,0.7909795881985917,0.41618037135278513,0.2934604009201446,0.046247357293868925,0.5,1.0,0.3333333333333333,0.5,0.5,True,0.6338925559222589,0.9946774077537223,0.0007636266072276227,0.9974740147590637,110.44633205927371,0.9366253676798288,0.5448275862068965,0.34373973052908313,0.058403805496828755,0.5882352941176471,1.0,0.5833333333333334,0.5,0.5,True,0.6494774477447744,0.9922963792982702,0.001135120632365385,0.997007429599762,164.17698008810956,0.9543631339691595,0.5729442970822282,0.3503121919158725,0.06236786469344609,0.6176470588235294,1.0,0.6666666666666666,0.5,0.5,True,0.716950861752842,0.9439917919005372,0.00957629042577343,0.9903866052627563,1385.0567047433244,0.9976825028968713,0.7594164456233422,0.3844889911271771,0.10967230443974631,0.7941176470588235,1.0,0.9166666666666666,0.7142857142857143,0.5,XGBoost,fleet,40000,20000,9.64,B_fleet_size,CTT_Silverado,FS-A,0,5,CIDv2_OpelAstra|CIDv2_RenaultClio|CTT_Impala|CTT_Traverse|ROAD_ORNL
118722,21816,0.18375701217971396,0.83480524340968,0.7823354788184803,96923,0.024890421752929687,False,0.18843967730106345,0.9997568093385214,1.0319278476048955e-05,0.9997230292624497,1.492518000800996,0.24503075140386843,0.24774535809018566,0.13079198159710811,0.007928118393234672,0.3235294117647059,1.0,0.08333333333333333,0.2857142857142857,0.5,True,0.3141272460579391,0.9982520029133285,0.00012383134171258745,0.9994914664256728,17.91021600961195,0.428380426062929,0.38912466843501325,0.17022674991784423,0.01638477801268499,0.4117647058823529,1.0,0.25,0.35714285714285715,0.5,True,0.45086175284195085,0.9925327951564077,0.0007636266072276227,0.9990525741493431,110.44633205927371,0.626882966396292,0.5358090185676393,0.22412093328951693,0.026691331923890064,0.5588235294117647,1.0,0.4166666666666667,0.5714285714285714,0.5,True,0.46782178217821785,0.9905852664272542,0.0010009700121767487,0.9989745656566875,144.7742460776966,0.6513949549870754,0.5535809018567639,0.23102201774564574,0.02854122621564482,0.6176470588235294,1.0,0.5,0.5714285714285714,0.75,True,0.606939860652732,0.9369515992074724,0.009194477122159619,0.997866811744085,1329.8335387136876,0.8545324895266958,0.6885941644562334,0.2875451856720342,0.0483615221987315,0.8529411764705882,1.0,0.8333333333333334,0.8571428571428571,0.75,HistGB,fleet,40000,20000,29.12,B_fleet_size,CTT_Silverado,FS-A,1,5,CIDv2_OpelAstra|CIDv2_RenaultClio|CTT_Impala|CTT_Traverse|ROAD_ORNL
118722,21816,0.18375701217971396,0.8497333095622869,0.8117009537913231,96923,0.024890421752929687,False,0.32233223322332233,1.0,0.0,0.9994046688079835,0.0,0.4789196898119262,0.1970822281167109,0.2500821557673349,0.04096194503171247,0.47058823529411764,1.0,0.25,0.5,0.5,True,0.4471030436376971,0.9996925284411192,3.095783542814686e-05,0.9989239573478699,4.477554002402988,0.6670826276851769,0.3222811671087533,0.2865593164640158,0.0483615221987315,0.5,1.0,0.3333333333333333,0.5,0.5,True,0.5834708470847084,0.9942201046629696,0.0007636266072276227,0.9976295232772827,110.44633205927371,0.8594348872448525,0.4870026525198939,0.3279658232007887,0.06686046511627906,0.6764705882352942,1.0,0.75,0.5714285714285714,0.5,True,0.601897689768977,0.9923669891172914,0.0010422471260809443,0.9972866773605347,150.74431808090057,0.88359033781977,0.5119363395225465,0.3338810384488991,0.07188160676532769,0.6764705882352942,1.0,0.75,0.5714285714285714,0.5,True,0.6889438943894389,0.9465927698702608,0.008750748147689514,0.993608832359314,1265.6552646792447,0.9737053213298869,0.6755968169761273,0.3749589221163326,0.11046511627906977,0.7941176470588235,1.0,0.8333333333333334,0.7142857142857143,0.75,XGBoost,fleet,40000,20000,20.79,B_fleet_size,CTT_Silverado,FS-A,1,5,CIDv2_OpelAstra|CIDv2_RenaultClio|CTT_Impala|CTT_Traverse|ROAD_ORNL
118722,21816,0.18375701217971396,0.8383045114031281,0.8082786902457519,96923,0.024890421752929687,False,0.5611477814448111,0.9997550020416497,3.095783542814686e-05,0.999626354596755,4.477554002402988,0.9016846421249666,0.413262599469496,0.15313835031219192,0.026955602536997886,0.5,1.0,0.4166666666666667,0.42857142857142855,0.5,True,0.6032269893656033,0.9993165768091731,9.287350628444059e-05,0.9994592767133627,13.432662007208963,0.9370710401996613,0.519893899204244,0.18139993427538614,0.03567653276955603,0.5,1.0,0.4166666666666667,0.42857142857142855,0.5,True,0.6702878621195453,0.9924664042351025,0.001145439910841434,0.9989013226738636,165.66949808891056,0.9864515553970942,0.6740053050397878,0.25041077883667434,0.06686046511627906,0.5882352941176471,1.0,0.5833333333333334,0.5,0.5,True,0.6792262559589293,0.989581942032857,0.001609807442263637,0.9987654383139467,232.83280812495536,0.9917996256350834,0.6962864721485411,0.26256983240223464,0.07056025369978858,0.5882352941176471,1.0,0.5833333333333334,0.5,0.5,True,0.7102126879354602,0.9320259865255053,0.01166078467793532,0.9977276314740269,1686.5453409051254,0.9988412514484357,0.7777188328912467,0.31712126191258627,0.10332980972515857,0.7941176470588235,1.0,0.9166666666666666,0.6428571428571429,0.75,HistGB,fleet,40000,20000,63.26,B_fleet_size,CTT_Silverado,FS-A,0,5,CIDv2_OpelAstra|CTT_Forester|CTT_Impala|CTT_Traverse|ROAD_ORNL
118722,21816,0.18375701217971396,0.8668017759920998,0.8340708157667521,96923,0.024890421752929687,False,0.6139530619728639,0.9999253452780889,1.0319278476048955e-05,0.9996391534805299,1.492518000800996,0.9300294143863089,0.5501326259946949,0.23890897140979298,0.04201902748414376,0.5588235294117647,1.0,0.5,0.5,0.5,True,0.6751466813348002,0.9995928062436376,6.191567085629373e-05,0.9992665648460388,8.955108004805975,0.9793207950797754,0.6668435013262599,0.3181071311206047,0.06871035940803383,0.5882352941176471,1.0,0.5,0.5714285714285714,0.5,True,0.7183718371837183,0.996186117467582,0.0006191567085629373,0.9983301758766174,89.55108004805976,0.9978607719048044,0.7923076923076923,0.36608609924416696,0.09936575052854123,0.6764705882352942,1.0,0.6666666666666666,0.6428571428571429,0.5,True,0.7244224422442245,0.9935248632677438,0.0010628856830330424,0.9979918003082275,153.7293540825026,0.9987521169444692,0.813262599469496,0.3716726914229379,0.1062367864693446,0.7352941176470589,1.0,0.75,0.6428571428571429,0.75,True,0.743995232856619,0.9385335954666358,0.010969393020040038,0.9941298961639404,1586.5466348514585,0.9998217309920671,0.8472148541114058,0.39467630627670064,0.16358350951374206,0.8529411764705882,1.0,0.9166666666666666,0.7857142857142857,0.75,XGBoost,fleet,40000,20000,8.85,B_fleet_size,CTT_Silverado,FS-A,0,5,CIDv2_OpelAstra|CTT_Forester|CTT_Impala|CTT_Traverse|ROAD_ORNL
118722,21816,0.18375701217971396,0.8370720969464842,0.8089443611172321,96923,0.024890421752929687,False,0.49394939493949397,1.0,0.0,0.9998236779780235,0.0,0.7974864069881451,0.3689655172413793,0.13144922773578704,0.01004228329809725,0.4117647058823529,1.0,0.25,0.35714285714285715,0.5,True,0.5542262559589293,0.9997519431122871,3.095783542814686e-05,0.999678247024115,4.477554002402988,0.8592566182369195,0.4981432360742706,0.16694051922444955,0.017177589852008457,0.5,1.0,0.4166666666666667,0.42857142857142855,0.5,True,0.621012101210121,0.9955908289241623,0.0006191567085629373,0.999325442073112,89.55108004805976,0.9214725020055263,0.6228116710875331,0.24022346368715083,0.03461945031712474,0.5588235294117647,1.0,0.5833333333333334,0.42857142857142855,0.5,True,0.632059039237257,0.9944468484061734,0.0007945844426557695,0.9992382304494802,114.9238860616767,0.9319012389696051,0.6384615384615384,0.2550115018074269,0.039904862579281185,0.5588235294117647,1.0,0.5833333333333334,0.42857142857142855,0.5,True,0.7098459845984598,0.9423147133990507,0.009782675995294409,0.9979291132531206,1414.9070647593442,0.9937605847223461,0.7809018567639258,0.3443969766677621,0.09117336152219874,0.8529411764705882,1.0,0.9166666666666666,0.7142857142857143,1.0,HistGB,fleet,40000,20000,77.72,B_fleet_size,CTT_Silverado,FS-A,1,5,CIDv2_OpelAstra|CTT_Forester|CTT_Impala|CTT_Traverse|ROAD_ORNL
118722,21816,0.18375701217971396,0.8479965879080563,0.81555853697082,96923,0.024890421752929687,False,0.44815731573157314,1.0,0.0,0.9998744726181031,0.0,0.6620019609590873,0.46206896551724136,0.16595465001643114,0.027219873150105708,0.5,1.0,0.4166666666666667,0.42857142857142855,0.5,True,0.5104968830216355,1.0,0.0,0.999815046787262,0.0,0.7567519386754613,0.496551724137931,0.20670391061452514,0.03858350951374207,0.5,1.0,0.4166666666666667,0.42857142857142855,0.5,True,0.6376971030436377,0.9962761386422229,0.0005366024807545456,0.9993828535079956,77.61093604165178,0.91148943756128,0.6456233421750663,0.3174498849819257,0.0755813953488372,0.5882352941176471,1.0,0.5,0.5714285714285714,0.5,True,0.6552071873854052,0.994157740993184,0.0008668193919881122,0.999232292175293,125.37151206728366,0.9279793207950797,0.6819628647214854,0.3312520538941834,0.080338266384778,0.6470588235294118,1.0,0.5833333333333334,0.6428571428571429,0.5,True,0.7200220022002201,0.9396984924623115,0.010401832703857347,0.9979117512702942,1504.458144807404,0.984936268829664,0.8190981432360742,0.36707196845218537,0.11971458773784355,0.7352941176470589,1.0,0.75,0.7142857142857143,0.5,XGBoost,fleet,40000,20000,10.92,B_fleet_size,CTT_Silverado,FS-A,1,5,CIDv2_OpelAstra|CTT_Forester|CTT_Impala|CTT_Traverse|ROAD_ORNL
118722,21816,0.18375701217971396,0.8327319305044313,0.770175905201321,96923,0.024890421752929687,False,0.18775210854418775,0.9997559189650964,1.0319278476048955e-05,0.9996005369074974,1.492518000800996,0.3212407522952135,0.013793103448275862,0.1258626355570161,0.015063424947145878,0.4117647058823529,1.0,0.16666666666666666,0.42857142857142855,0.5,True,0.24436193619361937,0.9998124531132783,1.0319278476048955e-05,0.9994907128950129,1.492518000800996,0.42374543185667174,0.023342175066312996,0.13867893526125535,0.0177061310782241,0.4117647058823529,1.0,0.16666666666666666,0.42857142857142855,0.5,True,0.43353502016868356,0.994322960470984,0.0005572410377066436,0.9988129028755576,80.59597204325378,0.7373206168107674,0.11644562334217506,0.20341767992113047,0.03382663847780127,0.5294117647058824,1.0,0.5,0.42857142857142855,0.5,True,0.4517785111844518,0.9922480620155039,0.0007945844426557695,0.9986934735980509,114.9238860616767,0.764595775024512,0.13183023872679045,0.21064738744659875,0.03699788583509514,0.5294117647058824,1.0,0.5,0.42857142857142855,0.5,True,0.5943802713604693,0.9276056942556692,0.010443109817761542,0.9969183083015353,1510.4282168106076,0.932436045993404,0.383289124668435,0.2668419323036477,0.06580338266384778,0.7352941176470589,1.0,0.8333333333333334,0.5714285714285714,0.75,HistGB,fleet,40000,20000,35.39,B_fleet_size,CTT_Silverado,FS-A,0,6,CIDv2_OpelAstra|CIDv2_Prototype|CIDv2_RenaultClio|CTT_Forester|CTT_Impala|ROAD_ORNL
118722,21816,0.18375701217971396,0.8471869147844276,0.7950073580669088,96923,0.024890421752929687,False,0.243995232856619,0.9998121712997746,1.0319278476048955e-05,0.9996836185455323,1.492518000800996,0.4275782155272306,0.005835543766578249,0.13243509694380545,0.026691331923890064,0.4411764705882353,1.0,0.3333333333333333,0.42857142857142855,0.25,True,0.34584708470847086,0.9994701284938402,4.127711390419582e-05,0.9994944334030151,5.970072003203984,0.6113735627061235,0.01856763925729443,0.1583963194216234,0.0354122621564482,0.47058823529411764,1.0,0.3333333333333333,0.42857142857142855,0.5,True,0.5176017601760176,0.9942766575680198,0.000670753100943182,0.9987558126449585,97.01367005206474,0.8720919868080934,0.16551724137931034,0.22412093328951693,0.05338266384778013,0.5294117647058824,1.0,0.5,0.42857142857142855,0.5,True,0.5346534653465347,0.9919210817246364,0.0009803314552246506,0.9986091256141663,141.78921007609458,0.8908993671450218,0.1984084880636605,0.23102201774564574,0.057610993657505286,0.5588235294117647,1.0,0.5833333333333334,0.42857142857142855,0.5,True,0.6411349468280161,0.9374664879356568,0.009627886818153675,0.9968422651290894,1392.5192947473295,0.9692485961315626,0.5090185676392573,0.27834373973052906,0.09170190274841437,0.7352941176470589,1.0,1.0,0.5,0.5,XGBoost,fleet,40000,20000,10.33,B_fleet_size,CTT_Silverado,FS-A,0,6,CIDv2_OpelAstra|CIDv2_Prototype|CIDv2_RenaultClio|CTT_Forester|CTT_Impala|ROAD_ORNL
118722,21816,0.18375701217971396,0.8036129575316242,0.696557286435272,96923,0.024890421752929687,False,0.09263843050971764,0.9995054401582592,1.0319278476048955e-05,0.9998716351278308,1.492518000800996,0.14448703092967288,0.0002652519893899204,0.12159053565560303,0.00766384778012685,0.38235294117647056,1.0,0.16666666666666666,0.42857142857142855,0.25,True,0.16625412541254125,0.9980737479361586,7.223494933234268e-05,0.9998145813289978,10.44762600560697,0.2829129155896247,0.0015915119363395225,0.1337495892211633,0.010570824524312896,0.4411764705882353,1.0,0.3333333333333333,0.42857142857142855,0.25,True,0.2916666666666667,0.9885039614727358,0.0007636266072276227,0.999705834079228,110.44633205927371,0.5177823335413139,0.005305039787798408,0.15478146565888926,0.016649048625792813,0.5294117647058824,1.0,0.5,0.42857142857142855,0.5,True,0.3124312431243124,0.9863965267727931,0.0009700121767486018,0.9996835370771856,140.29669207529363,0.556555842766735,0.006631299734748011,0.15806769635228393,0.01744186046511628,0.5294117647058824,1.0,0.5,0.42857142857142855,0.5,True,0.47946461312797944,0.9140160782943026,0.010154170020432172,0.9993284873729668,1468.6377127881801,0.8506105713521704,0.033421750663129975,0.21130463358527768,0.039112050739957716,0.7647058823529411,1.0,0.8333333333333334,0.6428571428571429,0.75,HistGB,fleet,40000,20000,34.4,B_fleet_size,CTT_Silverado,FS-A,1,6,CIDv2_OpelAstra|CIDv2_Prototype|CIDv2_RenaultClio|CTT_Forester|CTT_Impala|ROAD_ORNL
118722,21816,0.18375701217971396,0.8565075012848391,0.77669445425782,96923,0.024890421752929687,False,0.1317840117345068,1.0,0.0,0.9998959302902223,0.0,0.21998395578928603,0.0,0.12717712783437396,0.005285412262156448,0.35294117647058826,1.0,0.25,0.35714285714285715,0.0,True,0.22460579391272462,0.9993881297165002,3.095783542814686e-05,0.9998181462287903,4.477554002402988,0.3864872091986808,0.002652519893899204,0.16628327308577062,0.012684989429175475,0.4411764705882353,1.0,0.3333333333333333,0.42857142857142855,0.25,True,0.3997524752475248,0.9922630560928434,0.0007017109363713289,0.999535083770752,101.49122405446772,0.6851769319903734,0.05702917771883289,0.22773578705225106,0.033298097251585626,0.6176470588235294,1.0,0.5833333333333334,0.5714285714285714,0.5,True,0.41707920792079206,0.9906369080021775,0.0008874579489402101,0.999488115310669,128.35654806888564,0.7117390141723862,0.0713527851458886,0.2316792638843247,0.03699788583509514,0.6176470588235294,1.0,0.5833333333333334,0.5714285714285714,0.5,True,0.556930693069307,0.9219212383337128,0.010618537551854374,0.998769223690033,1535.8010228242247,0.8845708173634014,0.2864721485411141,0.2707854091357213,0.08509513742071882,0.7941176470588235,1.0,0.9166666666666666,0.6428571428571429,0.75,XGBoost,fleet,40000,20000,10.41,B_fleet_size,CTT_Silverado,FS-A,1,6,CIDv2_OpelAstra|CIDv2_Prototype|CIDv2_RenaultClio|CTT_Forester|CTT_Impala|ROAD_ORNL
118722,21816,0.18375701217971396,0.8512758316761373,0.8111877075374507,96923,0.024890421752929687,False,0.18513934726806014,0.9990106356665842,4.127711390419582e-05,0.9995374462393867,5.970072003203984,0.20206792049202246,0.3026525198938992,0.18008544199802826,0.02193446088794926,0.4411764705882353,1.0,0.16666666666666666,0.5,0.5,True,0.23734873487348734,0.9976878612716763,0.00012383134171258745,0.9994449057980848,17.91021600961195,0.28353685711739013,0.3493368700265252,0.19060138021689121,0.026427061310782242,0.4411764705882353,1.0,0.16666666666666666,0.5,0.5,True,0.4428859552621929,0.9935218508997429,0.0006501145439910842,0.998919545577931,94.02863405046276,0.6066494339958998,0.5289124668435013,0.23332237923102203,0.040169133192389,0.5294117647058824,1.0,0.4166666666666667,0.5,0.5,True,0.49252841950861753,0.9903225806451613,0.0010835242399851403,0.998706901386632,156.7143900841046,0.6831268383991443,0.5748010610079576,0.24515280972724285,0.04439746300211417,0.5588235294117647,1.0,0.5,0.5,0.5,True,0.6998533186651998,0.934108289996941,0.011113862918704724,0.9954147542012306,1607.4418868626726,0.9803904091273732,0.7798408488063661,0.32040749260598095,0.09355179704016914,0.7647058823529411,1.0,0.75,0.7142857142857143,0.75,HistGB,fleet,40000,20000,34.52,B_fleet_size,CTT_Silverado,FS-A,0,6,CIDv2_OpelAstra|CIDv2_Prototype|CIDv2_RenaultClio|CTT_Impala|CTT_Traverse|ROAD_ORNL
118722,21816,0.18375701217971396,0.8560994588690701,0.8160548954815868,96923,0.024890421752929687,False,0.2505958929226256,1.0,0.0,0.9998040795326234,0.0,0.42178447276940906,0.0493368700265252,0.15149523496549458,0.023255813953488372,0.4117647058823529,1.0,0.16666666666666666,0.42857142857142855,0.5,True,0.4861111111111111,0.9996229616363465,4.127711390419582e-05,0.9994805455207825,5.970072003203984,0.7984668865317764,0.21485411140583555,0.23332237923102203,0.033562367864693445,0.4411764705882353,1.0,0.16666666666666666,0.5,0.5,True,0.6299046571323799,0.9967360557046493,0.00046436753142220294,0.9983962178230286,67.16331003604482,0.97869685355201,0.43925729442970823,0.29773250082155767,0.052854122621564484,0.5,1.0,0.3333333333333333,0.5,0.5,True,0.6404015401540154,0.9953690510116843,0.000670753100943182,0.9980891346931458,97.01367005206474,0.9856493448613959,0.4660477453580902,0.30989155438711796,0.05628964059196617,0.5588235294117647,1.0,0.5,0.5,0.5,True,0.6962779611294463,0.949671772428884,0.008307019173219408,0.9938427209854126,1201.4769906448016,0.9994651929762011,0.660212201591512,0.3664147223135064,0.09857293868921777,0.8235294117647058,1.0,0.9166666666666666,0.7142857142857143,0.75,XGBoost,fleet,40000,20000,8.63,B_fleet_size,CTT_Silverado,FS-A,0,6,CIDv2_OpelAstra|CIDv2_Prototype|CIDv2_RenaultClio|CTT_Impala|CTT_Traverse|ROAD_ORNL
118722,21816,0.18375701217971396,0.8663187447381423,0.8248909204425798,96923,0.024890421752929687,False,0.5162724605793912,0.9998224589436308,2.063855695209791e-05,0.999321438053874,2.985036001601992,0.8214635885551297,0.43103448275862066,0.12159053565560303,0.013742071881606765,0.38235294117647056,1.0,0.25,0.2857142857142857,0.5,True,0.5831958195819582,0.9991361708811057,0.0001135120632365385,0.9988861242897024,16.417698008810955,0.9180853908547999,0.5090185676392573,0.14393690437068682,0.01744186046511628,0.4411764705882353,1.0,0.3333333333333333,0.35714285714285715,0.5,True,0.6722588925559223,0.990544373902472,0.0014446989866468537,0.9958854607981295,208.95252011213944,0.9982173099206703,0.73315649867374,0.1744988498192573,0.045454545454545456,0.6470588235294118,1.0,0.6666666666666666,0.5714285714285714,0.5,True,0.6776219288595526,0.9869809053278141,0.0020122593028295463,0.9950086305126449,291.0410101561942,0.9989303859524021,0.7554376657824934,0.17811370358199147,0.04915433403805497,0.6470588235294118,1.0,0.6666666666666666,0.5714285714285714,0.5,True,0.7031994866153282,0.9281824782187803,0.01224898355107011,0.9836294113313404,1771.6188669507821,0.9995543274801676,0.8259946949602122,0.22707854091357213,0.08509513742071882,0.7647058823529411,1.0,0.8333333333333334,0.7142857142857143,0.5,HistGB,fleet,40000,20000,45.64,B_fleet_size,CTT_Silverado,FS-A,1,6,CIDv2_OpelAstra|CIDv2_Prototype|CIDv2_RenaultClio|CTT_Impala|CTT_Traverse|ROAD_ORNL
118722,21816,0.18375701217971396,0.860788695860106,0.8254587393502981,96923,0.024890421752929687,False,0.32755775577557755,0.9995803608896349,3.095783542814686e-05,0.9994088411331178,4.477554002402988,0.5091362866565647,0.16896551724137931,0.21031876437725927,0.041490486257928116,0.47058823529411764,1.0,0.3333333333333333,0.42857142857142855,0.5,True,0.4868903557022369,0.9991534192456025,9.287350628444059e-05,0.9986853003501892,13.432662007208963,0.7424904180408236,0.33819628647214856,0.269142293789024,0.05232558139534884,0.5294117647058824,1.0,0.4166666666666667,0.5,0.5,True,0.6190869086908691,0.9950637294629043,0.00069139165789528,0.9969283938407898,99.99870605366672,0.9090828059541849,0.5474801061007958,0.3200788695366415,0.07108879492600423,0.7352941176470589,1.0,0.8333333333333334,0.6428571428571429,0.5,True,0.6362302896956362,0.9928469241773963,0.0010319278476048955,0.9964025020599365,149.2518000800996,0.9269988412514485,0.5816976127320955,0.3289516924088071,0.0755813953488372,0.7352941176470589,1.0,0.8333333333333334,0.6428571428571429,0.5,True,0.7189218921892189,0.9447054571738345,0.00947309764101294,0.986674964427948,1370.1315247353143,0.9928692396826811,0.7718832891246684,0.37824515280972726,0.12790697674418605,0.8529411764705882,1.0,0.9166666666666666,0.7142857142857143,1.0,XGBoost,fleet,40000,20000,17.01,B_fleet_size,CTT_Silverado,FS-A,1,6,CIDv2_OpelAstra|CIDv2_Prototype|CIDv2_RenaultClio|CTT_Impala|CTT_Traverse|ROAD_ORNL
118722,21816,0.18375701217971396,0.8644681886614765,0.8238056395875113,96923,0.024890421752929687,False,0.3402090209020902,0.9998652835780681,1.0319278476048955e-05,0.9997261631437687,1.492518000800996,0.45414029770924325,0.4750663129973475,0.15379559645087085,0.017970401691331923,0.38235294117647056,1.0,0.25,0.2857142857142857,0.5,True,0.5435918591859186,0.9988208540385749,0.00014446989866468535,0.9994430414149601,20.89525201121394,0.7760941260361887,0.6320954907161803,0.203089056851791,0.039904862579281185,0.4411764705882353,1.0,0.4166666666666667,0.2857142857142857,0.5,True,0.6750550055005501,0.9939258959303503,0.0009287350628444059,0.9988460163729224,134.32662007208964,0.9672876370442999,0.7551724137931034,0.253697009530069,0.06765327695560254,0.6176470588235294,1.0,0.6666666666666666,0.5,0.5,True,0.6837642097543087,0.9924156742731688,0.0011763977462695809,0.9987181026008278,170.14705209131353,0.9771815669845797,0.7684350132625994,0.2596122247781794,0.07056025369978858,0.6176470588235294,1.0,0.6666666666666666,0.5,0.5,True,0.7246974697469747,0.9347838940460002,0.011382164159081998,0.9961798821924793,1646.2473548834987,0.9995543274801676,0.830238726790451,0.32665133092343085,0.12473572938689217,0.7352941176470589,1.0,0.8333333333333334,0.6428571428571429,0.5,HistGB,fleet,40000,20000,75.39,B_fleet_size,CTT_Silverado,FS-A,0,6,CIDv2_OpelAstra|CIDv2_Prototype|CTT_Forester|CTT_Impala|CTT_Traverse|ROAD_ORNL
118722,21816,0.18375701217971396,0.8531020357976262,0.8231568282093513,96923,0.024890421752929687,False,0.6062522918958563,1.0,0.0,0.9996106028556825,0.0,0.945093145556645,0.523607427055703,0.17942819585934933,0.027219873150105708,0.5294117647058824,1.0,0.5,0.42857142857142855,0.5,True,0.6657040704070407,0.9993119108236428,0.00010319278476048954,0.9991387128829956,14.92518000800996,0.9930475086906141,0.6612732095490716,0.22477817942819586,0.0541754756871036,0.5588235294117647,1.0,0.5,0.5,0.5,True,0.7066831683168316,0.9947735191637631,0.0008358615565599653,0.9978461265563965,120.89395806488068,0.9992869239682681,0.7917771883289124,0.2882024318107131,0.09090909090909091,0.6470588235294118,1.0,0.6666666666666666,0.5714285714285714,0.5,True,0.7108085808580858,0.9931471756116306,0.001104162796937238,0.9975945353507996,159.69942608570656,0.9994651929762011,0.8037135278514589,0.29608938547486036,0.09593023255813954,0.6470588235294118,1.0,0.6666666666666666,0.5714285714285714,0.5,True,0.7365236523652365,0.9427917620137299,0.01006129651414773,0.9925622344017029,1455.2050507809709,0.9997325964881005,0.8456233421750663,0.3674005915215248,0.14429175475687103,0.7941176470588235,1.0,0.8333333333333334,0.7142857142857143,0.75,XGBoost,fleet,40000,20000,30.12,B_fleet_size,CTT_Silverado,FS-A,0,6,CIDv2_OpelAstra|CIDv2_Prototype|CTT_Forester|CTT_Impala|CTT_Traverse|ROAD_ORNL
118722,21816,0.18375701217971396,0.844290478122861,0.8130848499660603,96923,0.024890421752929687,False,0.6323799046571323,1.0,0.0,0.9992297309344693,0.0,0.9704073446831268,0.5946949602122016,0.20078869536641472,0.014799154334038054,0.47058823529411764,1.0,0.3333333333333333,0.42857142857142855,0.5,True,0.6646956362302897,0.9993108676176694,0.00010319278476048954,0.9988468317605338,14.92518000800996,0.9938497192263125,0.676657824933687,0.23595136378573775,0.021670190274841437,0.5294117647058824,1.0,0.4166666666666667,0.5,0.5,True,0.6947194719471947,0.9938360655737705,0.0009700121767486018,0.9978224719736173,140.29669207529363,0.9994651929762011,0.7758620689655172,0.2813013473545843,0.04281183932346723,0.5882352941176471,1.0,0.5833333333333334,0.5,0.5,True,0.699990832416575,0.9897595437163782,0.0016304459992157348,0.9974859406833685,235.81784412655733,0.9994651929762011,0.7917771883289124,0.2937890239894841,0.04730443974630021,0.6176470588235294,1.0,0.6666666666666666,0.5,0.5,True,0.7212137880454712,0.9333254241309764,0.011598869007079024,0.9947210439709406,1677.5902329003195,0.9997325964881005,0.8323607427055703,0.3463687150837989,0.08615221987315011,0.8235294117647058,1.0,0.8333333333333334,0.7142857142857143,1.0,HistGB,fleet,40000,20000,37.95,B_fleet_size,CTT_Silverado,FS-A,1,6,CIDv2_OpelAstra|CIDv2_Prototype|CTT_Forester|CTT_Impala|CTT_Traverse|ROAD_ORNL
118722,21816,0.18375701217971396,0.8537269519274729,0.8220389920479317,96923,0.024890421752929687,False,0.5146222955628896,1.0,0.0,0.9998441934585572,0.0,0.7867011320082004,0.4050397877984085,0.2448241866579034,0.03409090909090909,0.47058823529411764,1.0,0.3333333333333333,0.42857142857142855,0.5,True,0.6174367436743674,0.9996289424860854,5.159639238024477e-05,0.9996911287307739,7.46259000400498,0.9314555664497727,0.5005305039787799,0.30397633913900757,0.05496828752642706,0.5294117647058824,1.0,0.5,0.42857142857142855,0.5,True,0.6837183718371838,0.9953953953953953,0.0007120302148473778,0.9991750121116638,102.9837420552687,0.9934931812104466,0.6267904509283819,0.35294117647058826,0.08800211416490486,0.5882352941176471,1.0,0.5833333333333334,0.5,0.5,True,0.6892647598093142,0.993262434771121,0.0010525664045569934,0.9990556836128235,152.2368360817016,0.9954541402977093,0.6474801061007958,0.35688465330266184,0.09038054968287526,0.6176470588235294,1.0,0.6666666666666666,0.5,0.5,True,0.7334525119178584,0.9322962186098002,0.011991001589168885,0.9967100620269775,1734.3059169307573,0.999643461984134,0.8156498673740054,0.38251725271114034,0.14455602536997886,0.7941176470588235,1.0,0.8333333333333334,0.6428571428571429,1.0,XGBoost,fleet,40000,20000,11.67,B_fleet_size,CTT_Silverado,FS-A,1,6,CIDv2_OpelAstra|CIDv2_Prototype|CTT_Forester|CTT_Impala|CTT_Traverse|ROAD_ORNL
118722,21816,0.18375701217971396,0.8511245858486054,0.8186205868146215,96923,0.024890421752929687,False,0.4607169050238357,0.9999005173099881,1.0319278476048955e-05,0.9990405403202025,1.492518000800996,0.7168196808984758,0.4023872679045093,0.12356227407163983,0.0306553911205074,0.4411764705882353,1.0,0.25,0.42857142857142855,0.5,True,0.630958929226256,0.9995643017936243,6.191567085629373e-05,0.9979101546528415,8.955108004805975,0.9533826544255282,0.6270557029177719,0.17581334209661517,0.04492600422832981,0.5,1.0,0.4166666666666667,0.42857142857142855,0.5,True,0.693986065273194,0.9950052576235542,0.0007842651641797205,0.9954271238294521,113.43136806087568,0.9982173099206703,0.7787798408488064,0.2576404863621426,0.058403805496828755,0.6470588235294118,1.0,0.75,0.5,0.5,True,0.6991199119911992,0.9929041078054814,0.0011248013538893362,0.9948418016999122,162.68446208730856,0.9994651929762011,0.7928381962864721,0.2674991784423266,0.06236786469344609,0.6764705882352942,1.0,0.8333333333333334,0.5,0.5,True,0.7255225522552256,0.9392356990268217,0.01056694115947413,0.987373006244605,1528.3384328202199,0.9997325964881005,0.8352785145888594,0.3480118304304962,0.10676532769556026,0.8529411764705882,1.0,0.9166666666666666,0.7142857142857143,1.0,HistGB,fleet,40000,20000,37.0,B_fleet_size,CTT_Silverado,FS-A,0,6,CIDv2_OpelAstra|CIDv2_RenaultClio|CTT_Forester|CTT_Impala|CTT_Traverse|ROAD_ORNL
118722,21816,0.18375701217971396,0.846379386780339,0.8152569197131405,96923,0.024890421752929687,False,0.54505867253392,1.0,0.0,0.9996701478958131,0.0,0.8795792851412781,0.3885941644562334,0.14492277357870523,0.03091966173361522,0.4117647058823529,1.0,0.16666666666666666,0.42857142857142855,0.5,True,0.6530986431976531,0.9997894884569504,3.095783542814686e-05,0.9989833235740662,4.477554002402988,0.9827079062305019,0.596816976127321,0.2619125862635557,0.046511627906976744,0.5,1.0,0.3333333333333333,0.5,0.5,True,0.7064081408140814,0.9957356076759062,0.000681072379419231,0.9970892071723938,98.50618805286572,0.9976825028968713,0.7724137931034483,0.3480118304304962,0.06527484143763214,0.5588235294117647,1.0,0.5,0.5,0.5,True,0.7117711771177118,0.9939828447061836,0.0009700121767486018,0.9966345429420471,140.29669207529363,0.9985738479365363,0.7917771883289124,0.35261255340124875,0.07056025369978858,0.5588235294117647,1.0,0.5,0.5,0.5,True,0.731939860652732,0.9415094339622642,0.010236724248240563,0.9906283020973206,1480.577856794588,0.999643461984134,0.8437665782493369,0.38153138350312193,0.108615221987315,0.7941176470588235,1.0,0.9166666666666666,0.6428571428571429,0.75,XGBoost,fleet,40000,20000,7.47,B_fleet_size,CTT_Silverado,FS-A,0,6,CIDv2_OpelAstra|CIDv2_RenaultClio|CTT_Forester|CTT_Impala|CTT_Traverse|ROAD_ORNL
118722,21816,0.18375701217971396,0.8469030480647318,0.8169719161871094,96923,0.024890421752929687,False,0.5776494316098276,0.999761999206664,3.095783542814686e-05,0.9996120366554879,4.477554002402988,0.9484802567073715,0.39177718832891245,0.12520538941833717,0.027219873150105708,0.38235294117647056,1.0,0.16666666666666666,0.35714285714285715,0.5,True,0.6207829116244958,0.9988936421301077,0.00015478917714073433,0.9993554883473987,22.38777001201494,0.9782511810321776,0.5238726790450928,0.15018074268813672,0.035940803382663845,0.4117647058823529,1.0,0.16666666666666666,0.42857142857142855,0.5,True,0.6815181518151815,0.9935846030473136,0.0009906507337006996,0.9984712560500988,143.2817280768956,0.9988412514484357,0.709814323607427,0.2599408478475189,0.05153276955602537,0.5,1.0,0.3333333333333333,0.5,0.5,True,0.6909607627429409,0.9913192160989083,0.001362144758838462,0.9982211763084338,197.01237610573145,0.9993760584722347,0.7355437665782494,0.28984554715741045,0.05470401691331924,0.5,1.0,0.3333333333333333,0.5,0.5,True,0.725980931426476,0.9324698263173389,0.011836212412028152,0.9941725298204487,1711.9181469187424,0.9997325964881005,0.8339522546419098,0.3749589221163326,0.08905919661733615,0.8235294117647058,1.0,0.9166666666666666,0.7857142857142857,0.5,HistGB,fleet,40000,20000,32.14,B_fleet_size,CTT_Silverado,FS-A,1,6,CIDv2_OpelAstra|CIDv2_RenaultClio|CTT_Forester|CTT_Impala|CTT_Traverse|ROAD_ORNL
118722,21816,0.18375701217971396,0.8624365639194991,0.8302236730336208,96923,0.024890421752929687,False,0.5605060506050605,1.0,0.0,0.999698042869568,0.0,0.9468758356359747,0.2816976127320955,0.14163654288531055,0.02959830866807611,0.4411764705882353,1.0,0.25,0.42857142857142855,0.5,True,0.6260542720938761,0.9999267881982575,1.0319278476048955e-05,0.9993583559989929,1.492518000800996,0.9860058828772618,0.470026525198939,0.22379231022017745,0.0377906976744186,0.5,1.0,0.3333333333333333,0.5,0.5,True,0.6942152548588192,0.9973001448702753,0.00042309041751800714,0.9980728626251221,61.19323803284083,0.9993760584722347,0.7055702917771883,0.33355241537955965,0.06818181818181818,0.5882352941176471,1.0,0.4166666666666667,0.6428571428571429,0.5,True,0.7036578657865786,0.9952671161825726,0.0007533073287515736,0.997636079788208,108.95381405847269,0.9994651929762011,0.7437665782493369,0.3470259612224778,0.07346723044397463,0.6470588235294118,1.0,0.5,0.7142857142857143,0.5,True,0.734094242757609,0.9457304830518484,0.00948341691948899,0.9915004968643188,1371.6240427361154,0.999643461984134,0.8389920424403183,0.39106145251396646,0.11812896405919662,0.8235294117647058,1.0,0.8333333333333334,0.8571428571428571,0.5,XGBoost,fleet,40000,20000,11.07,B_fleet_size,CTT_Silverado,FS-A,1,6,CIDv2_OpelAstra|CIDv2_RenaultClio|CTT_Forester|CTT_Impala|CTT_Traverse|ROAD_ORNL
118722,21816,0.18375701217971396,0.8396843345958576,0.805121404622055,96923,0.024890421752929687,False,0.3166024935826916,0.9998552403011002,1.0319278476048955e-05,0.9997225871535123,1.492518000800996,0.4603797129868972,0.3636604774535809,0.09760105159382189,0.019556025369978858,0.3235294117647059,1.0,0.16666666666666666,0.21428571428571427,0.5,True,0.5142097543087643,0.999020393623653,0.0001135120632365385,0.9994639769592644,16.417698008810955,0.7563062661556288,0.5838196286472148,0.13670719684521854,0.0306553911205074,0.4411764705882353,1.0,0.3333333333333333,0.35714285714285715,0.5,True,0.6354052071873854,0.9919851152139688,0.0011557591893174828,0.9989709837310382,167.16201608971153,0.9204028879579285,0.7339522546419098,0.19454485704896485,0.04677589852008457,0.5588235294117647,1.0,0.5,0.5,0.5,True,0.6476439310597727,0.9906050620486574,0.00138278331579056,0.9988489933729117,199.99741210733345,0.9345752740885998,0.7503978779840849,0.20538941833716726,0.05021141649048626,0.5588235294117647,1.0,0.5,0.5,0.5,True,0.7083791712504584,0.931693494905649,0.011691742513363466,0.9967042435582598,1691.0228949075286,0.9916213566271503,0.8320954907161804,0.29181728557344727,0.080338266384778,0.7058823529411765,1.0,0.75,0.6428571428571429,0.5,HistGB,fleet,40000,20000,40.05,B_fleet_size,CTT_Silverado,FS-A,0,6,CIDv2_Prototype|CIDv2_RenaultClio|CTT_Forester|CTT_Impala|CTT_Traverse|ROAD_ORNL
118722,21816,0.18375701217971396,0.8649058464982844,0.8270195553582471,96923,0.024890421752929687,False,0.4325265859919325,1.0,0.0,0.9998987913131715,0.0,0.7314377395489794,0.17320954907161804,0.16496878080841276,0.01982029598308668,0.47058823529411764,1.0,0.25,0.5,0.5,True,0.5707737440410707,0.9998394090252127,2.063855695209791e-05,0.9997934699058533,2.985036001601992,0.9099741509938497,0.3779840848806366,0.2293789023989484,0.03171247357293869,0.5,1.0,0.3333333333333333,0.5,0.5,True,0.6578657865786579,0.9970128516846127,0.00044372897447010504,0.9995131492614746,64.17827403444282,0.9721900347624566,0.6137931034482759,0.3026618468616497,0.0554968287526427,0.5588235294117647,1.0,0.5,0.5,0.5,True,0.6727631096442978,0.9953882672092235,0.0007017109363713289,0.999407172203064,101.49122405446772,0.979053391567876,0.6596816976127321,0.3158067696352284,0.06474630021141649,0.5588235294117647,1.0,0.5,0.5,0.5,True,0.7302896956362303,0.9418859000886787,0.010143850741956123,0.9978770017623901,1467.1451947873788,0.9982173099206703,0.8275862068965517,0.385803483404535,0.11601479915433403,0.8823529411764706,1.0,0.9166666666666666,0.8571428571428571,0.75,XGBoost,fleet,40000,20000,16.04,B_fleet_size,CTT_Silverado,FS-A,0,6,CIDv2_Prototype|CIDv2_RenaultClio|CTT_Forester|CTT_Impala|CTT_Traverse|ROAD_ORNL
118722,21816,0.18375701217971396,0.8390660132304275,0.7977903286248008,96923,0.024890421752929687,False,0.258984231756509,1.0,0.0,0.9998089502327177,0.0,0.43702647294767805,0.05888594164456233,0.1298061123890897,0.034355179704016914,0.35294117647058826,1.0,0.16666666666666666,0.2857142857142857,0.5,True,0.37454162082874953,0.9991440449987772,7.223494933234268e-05,0.999744136814703,10.44762600560697,0.6353507442731081,0.12015915119363395,0.1482090042720999,0.036733615221987315,0.38235294117647056,1.0,0.16666666666666666,0.35714285714285715,0.5,True,0.5551888522185552,0.9931124959002952,0.0008668193919881122,0.9994630768625141,125.37151206728366,0.8857295659149657,0.3610079575596817,0.2122905027932961,0.04439746300211417,0.4411764705882353,1.0,0.16666666666666666,0.42857142857142855,0.75,True,0.5751741840850751,0.9906055103813057,0.0012279941386498256,0.9993842668560862,177.60964209531852,0.905428291291559,0.40212201591511937,0.23069339467630628,0.045454545454545456,0.4411764705882353,1.0,0.16666666666666666,0.42857142857142855,0.75,True,0.6761551155115512,0.9268032168886655,0.012021959424597032,0.998385094463146,1738.7834709331603,0.9767358944647473,0.6848806366047745,0.31514952349654946,0.06659619450317125,0.7941176470588235,1.0,0.6666666666666666,0.7857142857142857,1.0,HistGB,fleet,40000,20000,63.04,B_fleet_size,CTT_Silverado,FS-A,1,6,CIDv2_Prototype|CIDv2_RenaultClio|CTT_Forester|CTT_Impala|CTT_Traverse|ROAD_ORNL
118722,21816,0.18375701217971396,0.8458923363244558,0.8068012423731667,96923,0.024890421752929687,False,0.4063072973964063,0.9998871968415116,1.0319278476048955e-05,0.9999513626098634,1.492518000800996,0.731348605045013,0.07745358090185676,0.09661518238580348,0.019291754756871036,0.35294117647058826,1.0,0.08333333333333333,0.35714285714285715,0.5,True,0.5096718005133847,0.9994606741573033,6.191567085629373e-05,0.9999125003814697,8.955108004805975,0.884125144843569,0.1984084880636605,0.11797568189286887,0.024577167019027485,0.38235294117647056,1.0,0.08333333333333333,0.42857142857142855,0.5,True,0.5922717271727173,0.9952245243780328,0.0006397952655150352,0.9997941851615906,92.53611604966174,0.954273999465193,0.42546419098143234,0.15675320407492607,0.0354122621564482,0.5,1.0,0.3333333333333333,0.5,0.5,True,0.6079024569123579,0.9940038974666466,0.0008255422780839163,0.9997488856315613,119.40144006407968,0.960156876726981,0.48673740053050396,0.16891225764048637,0.03726215644820296,0.5,1.0,0.3333333333333333,0.5,0.5,True,0.7030619728639531,0.9356432623680839,0.010886838792231648,0.9989209175109863,1574.6064908450508,0.9978607719048044,0.7904509283819628,0.289516924088071,0.07452431289640592,0.7352941176470589,1.0,0.75,0.6428571428571429,0.75,XGBoost,fleet,40000,20000,20.86,B_fleet_size,CTT_Silverado,FS-A,1,6,CIDv2_Prototype|CIDv2_RenaultClio|CTT_Forester|CTT_Impala|CTT_Traverse|ROAD_ORNL
118722,21816,0.18375701217971396,0.8485196080216584,0.8099768794892603,96923,0.024890421752929687,False,0.516043270993766,0.9999111821653788,1.0319278476048955e-05,0.9994192399139905,1.492518000800996,0.8627328638916124,0.26684350132625995,0.152481104173513,0.028805496828752643,0.38235294117647056,1.0,0.16666666666666666,0.35714285714285715,0.5,True,0.5765493215988265,0.9992055926278995,0.00010319278476048954,0.9990168226189138,14.92518000800996,0.9129155896247437,0.4206896551724138,0.19651659546500164,0.040169133192389,0.5,1.0,0.3333333333333333,0.5,0.5,True,0.6424642464246425,0.9943246311010215,0.0008255422780839163,0.9980146739123593,119.40144006407968,0.9611373562706124,0.5973474801061008,0.25534012487676633,0.05391120507399577,0.5588235294117647,1.0,0.5,0.5,0.5,True,0.6492482581591492,0.992432735426009,0.0011144820754132871,0.9978178730392343,161.19194408650756,0.966218022996702,0.6156498673740053,0.2596122247781794,0.05628964059196617,0.5588235294117647,1.0,0.5,0.5,0.5,True,0.7005408874220755,0.9306418219461697,0.01175365818421976,0.9951827374304066,1699.9780029123344,0.9907300115874855,0.7657824933687003,0.31153466973381533,0.08800211416490486,0.9117647058823529,1.0,0.8333333333333334,0.9285714285714286,1.0,HistGB,fleet,40000,20000,54.78,B_fleet_size,CTT_Silverado,FS-A,0,7,CIDv2_OpelAstra|CIDv2_Prototype|CIDv2_RenaultClio|CTT_Forester|CTT_Impala|CTT_Traverse|ROAD_ORNL
118722,21816,0.18375701217971396,0.8489121457404375,0.8188299413396777,96923,0.024890421752929687,False,0.5661441144114412,1.0,0.0,0.9997859597206117,0.0,0.9430430519654158,0.3010610079575597,0.16792638843246796,0.0330338266384778,0.4411764705882353,1.0,0.25,0.42857142857142855,0.5,True,0.6123487348734874,0.9998503106054936,2.063855695209791e-05,0.9996047616004944,2.985036001601992,0.969337730635529,0.44111405835543765,0.2132763720013145,0.045454545454545456,0.47058823529411764,1.0,0.3333333333333333,0.42857142857142855,0.5,True,0.6781719838650532,0.9961621330460544,0.0005881988731347904,0.9989469647407532,85.07352604565676,0.9926018361707817,0.6729442970822281,0.2806441012159054,0.0708245243128964,0.5882352941176471,1.0,0.5,0.5714285714285714,0.5,True,0.6867436743674368,0.9944905409890474,0.0008565001135120632,0.9987633228302002,123.87899406648266,0.9946519297620109,0.7061007957559682,0.28787380874137364,0.0753171247357294,0.5882352941176471,1.0,0.5,0.5714285714285714,0.5,True,0.7307022368903557,0.9382025778353246,0.010835242399851402,0.9957905411720276,1567.143900841046,0.9998217309920671,0.83342175066313,0.36707196845218537,0.12288583509513742,0.8529411764705882,1.0,0.9166666666666666,0.7857142857142857,0.75,XGBoost,fleet,40000,20000,10.82,B_fleet_size,CTT_Silverado,FS-A,0,7,CIDv2_OpelAstra|CIDv2_Prototype|CIDv2_RenaultClio|CTT_Forester|CTT_Impala|CTT_Traverse|ROAD_ORNL
118722,21816,0.18375701217971396,0.8470323467414402,0.815244461599609,96923,0.024890421752929687,False,0.6511276127612762,0.9997888513513513,3.095783542814686e-05,0.9987283188300013,4.477554002402988,0.953917461449327,0.6970822281167108,0.24285244824186658,0.035940803382663845,0.5,1.0,0.3333333333333333,0.5,0.5,True,0.6816098276494316,0.9992608023654325,0.0001135120632365385,0.9981554770990463,16.417698008810955,0.9792316605758089,0.7681697612732096,0.2671705553729872,0.046247357293868925,0.5294117647058824,1.0,0.4166666666666667,0.5,0.5,True,0.7051246791345801,0.9923235711521095,0.0012279941386498256,0.9965087336328591,177.60964209531852,0.99670202335324,0.8209549071618037,0.28261583963194215,0.06501057082452431,0.5882352941176471,1.0,0.5833333333333334,0.5,0.5,True,0.7073248991565824,0.9893569276142848,0.0017130002270241264,0.9960917064157275,247.75798813296532,0.9973259648810054,0.826790450928382,0.2852448241866579,0.06791754756871037,0.6176470588235294,1.0,0.6666666666666666,0.5,0.5,True,0.7244224422442245,0.9212474497231128,0.013941345221142138,0.9908258040007532,2016.3918190821457,0.9995543274801676,0.8469496021220159,0.32533683864607293,0.10755813953488372,0.8235294117647058,1.0,0.9166666666666666,0.6428571428571429,1.0,HistGB,fleet,40000,20000,33.3,B_fleet_size,CTT_Silverado,FS-A,1,7,CIDv2_OpelAstra|CIDv2_Prototype|CIDv2_RenaultClio|CTT_Forester|CTT_Impala|CTT_Traverse|ROAD_ORNL
118722,21816,0.18375701217971396,0.858258722007803,0.8255587309711754,96923,0.024890421752929687,False,0.4432068206820682,1.0,0.0,0.9995273351669313,0.0,0.6980123005615474,0.3302387267904509,0.16069668090699968,0.02748414376321353,0.5,1.0,0.3333333333333333,0.5,0.5,True,0.5980473047304731,0.9997701149425288,3.095783542814686e-05,0.9988480806350708,4.477554002402988,0.9118459755771459,0.5018567639257294,0.24548143279658233,0.04704016913319239,0.5294117647058824,1.0,0.4166666666666667,0.5,0.5,True,0.6674000733406674,0.9947393591582975,0.0007945844426557695,0.9972833395004272,114.9238860616767,0.9708530172029592,0.6506631299734748,0.304962208347026,0.07584566596194503,0.6176470588235294,1.0,0.6666666666666666,0.5,0.5,True,0.6752383571690502,0.9932573663272874,0.0010319278476048955,0.996935248374939,149.2518000800996,0.9758445494250825,0.6705570291777189,0.3128491620111732,0.0800739957716702,0.6176470588235294,1.0,0.6666666666666666,0.5,0.5,True,0.7365236523652365,0.9360908826099621,0.011320248488225703,0.9870861768722534,1637.2922468786924,0.9986629824405027,0.8395225464190982,0.3844889911271771,0.13979915433403806,0.7941176470588235,1.0,0.9166666666666666,0.6428571428571429,0.75,XGBoost,fleet,40000,20000,12.28,B_fleet_size,CTT_Silverado,FS-A,1,7,CIDv2_OpelAstra|CIDv2_Prototype|CIDv2_RenaultClio|CTT_Forester|CTT_Impala|CTT_Traverse|ROAD_ORNL
