n_windows,n_pos,pos_rate,roc_auc,pr_auc,n_calib,win_seconds,resolvable@fa1,recall@fa1,precision@fa1,fpr@fa1,thr@fa1,fa_per_hour@fa1,recall[dos]@fa1,recall[fuzzing]@fa1,recall[spoofing]@fa1,recall[timing]@fa1,event_recall@fa1,event_recall[timing]@fa1,event_recall[spoofing]@fa1,event_recall[dos]@fa1,event_recall[fuzzing]@fa1,resolvable@fa10,recall@fa10,precision@fa10,fpr@fa10,thr@fa10,fa_per_hour@fa10,recall[dos]@fa10,recall[fuzzing]@fa10,recall[spoofing]@fa10,recall[timing]@fa10,event_recall@fa10,event_recall[timing]@fa10,event_recall[spoofing]@fa10,event_recall[dos]@fa10,event_recall[fuzzing]@fa10,resolvable@fa100,recall@fa100,precision@fa100,fpr@fa100,thr@fa100,fa_per_hour@fa100,recall[dos]@fa100,recall[fuzzing]@fa100,recall[spoofing]@fa100,recall[timing]@fa100,event_recall@fa100,event_recall[timing]@fa100,event_recall[spoofing]@fa100,event_recall[dos]@fa100,event_recall[fuzzing]@fa100,resolvable@fpr0.001,recall@fpr0.001,precision@fpr0.001,fpr@fpr0.001,thr@fpr0.001,fa_per_hour@fpr0.001,recall[dos]@fpr0.001,recall[fuzzing]@fpr0.001,recall[spoofing]@fpr0.001,recall[timing]@fpr0.001,event_recall@fpr0.001,event_recall[timing]@fpr0.001,event_recall[spoofing]@fpr0.001,event_recall[dos]@fpr0.001,event_recall[fuzzing]@fpr0.001,resolvable@fpr0.01,recall@fpr0.01,precision@fpr0.01,fpr@fpr0.01,thr@fpr0.01,fa_per_hour@fpr0.01,recall[dos]@fpr0.01,recall[fuzzing]@fpr0.01,recall[spoofing]@fpr0.01,recall[timing]@fpr0.01,event_recall@fpr0.01,event_recall[timing]@fpr0.01,event_recall[spoofing]@fpr0.01,event_recall[dos]@fpr0.01,event_recall[fuzzing]@fpr0.01,model,scope,n_train,n_train_pos,fit_s,control,test_domain,feature_set,seed,k,sources
125812,27607,0.2194305789590818,0.9731633015474878,0.9555699388262233,98229,0.039665574882341466,True,0.0,0.0,0.0,0.9934262019823987,0.0,0.0,0.0,0.0,0.0,0.0,0.0,0.0,0.0,0.0,True,0.0,0.0,0.0,0.9934262019823987,0.0,0.0,0.0,0.0,0.0,0.0,0.0,0.0,0.0,0.0,True,0.0,0.0,0.0,0.9934262019823987,0.0,0.0,0.0,0.0,0.0,0.0,0.0,0.0,0.0,0.0,True,0.0,0.0,0.0,0.9934262019823987,0.0,0.0,0.0,0.0,0.0,0.0,0.0,0.0,0.0,0.0,True,0.886985184916869,0.9855906621050513,0.003645435568453745,0.11651488426258284,330.8553597259447,0.9584,0.7416058394160584,0.8646616541353384,0.9042777368032874,0.9736842105263158,1.0,0.9545454545454546,1.0,1.0,HistGB,fleet,40000,952,9.65,B_fleet_size,CTT_Forester,FS-B,0,1,CIDv2_OpelAstra
125812,27607,0.2194305789590818,0.9880256368467374,0.9760522959054521,98229,0.039665574882341466,True,0.004853841417031912,1.0,0.0,0.9971068501472473,0.0,0.0008,0.06472019464720194,0.0,0.0,0.05263157894736842,0.0,0.0,0.5,0.5,True,0.004962509508458,1.0,0.0,0.9964805245399475,0.0,0.0024,0.06520681265206812,0.0,0.0,0.05263157894736842,0.0,0.0,0.5,0.5,True,0.0074618756112580144,0.9903846153846154,2.036556183493712e-05,0.9930349588394165,1.8483539649494114,0.052,0.06861313868613139,0.0,0.0,0.07894736842105263,0.0,0.0,0.5,1.0,True,0.006882312456985547,1.0,0.0,0.993937611579895,0.0,0.0392,0.06861313868613139,0.0,0.0,0.07894736842105263,0.0,0.0,0.5,1.0,True,0.9557720867895824,0.975452865064695,0.006761366529199124,0.001326751778833568,613.6535163632046,1.0,1.0,0.8703007518796992,0.9720261300179117,0.9736842105263158,1.0,0.9545454545454546,1.0,1.0,XGBoost,fleet,40000,952,6.49,B_fleet_size,CTT_Forester,FS-B,0,1,CIDv2_OpelAstra
125812,27607,0.2194305789590818,0.9992352182685471,0.9986216661263714,98229,0.039665574882341466,True,0.2433078567030101,1.0,0.0,319257.5678671902,0.0,0.9936,0.559610705596107,0.02481203007518797,0.2208934780318196,0.3157894736842105,0.5833333333333334,0.045454545454545456,1.0,1.0,True,0.2696417575252653,1.0,0.0,310422.3381528504,0.0,0.9936,0.6262773722627737,0.040225563909774435,0.247655673796228,0.3157894736842105,0.5833333333333334,0.045454545454545456,1.0,1.0,True,0.3409642481979208,1.0,0.0,205170.24144563076,0.0,0.9976,0.6627737226277373,0.24342105263157895,0.2902223158782004,0.7368421052631579,0.5833333333333334,0.7727272727272727,1.0,1.0,True,0.3409642481979208,1.0,0.0,216132.05943964855,0.0,0.9976,0.6627737226277373,0.24342105263157895,0.2902223158782004,0.7368421052631579,0.5833333333333334,0.7727272727272727,1.0,1.0,True,0.9978990835657623,0.9742202418841502,0.00742324728883458,5.533562528868404,673.7250202240605,1.0,1.0,0.9890977443609023,1.0,1.0,1.0,1.0,1.0,1.0,Rule:Combined,fleet,40000,952,0.39,B_fleet_size,CTT_Forester,FS-B,0,1,CIDv2_OpelAstra
125812,27607,0.2194305789590818,0.9760094998371047,0.9558099806358304,98229,0.039665574882341466,True,0.0,0.0,0.0,0.9934518294400259,0.0,0.0,0.0,0.0,0.0,0.0,0.0,0.0,0.0,0.0,True,0.0,0.0,0.0,0.9934518294400259,0.0,0.0,0.0,0.0,0.0,0.0,0.0,0.0,0.0,0.0,True,0.0,0.0,0.0,0.9934518294400259,0.0,0.0,0.0,0.0,0.0,0.0,0.0,0.0,0.0,0.0,True,0.0,0.0,0.0,0.9934518294400259,0.0,0.0,0.0,0.0,0.0,0.0,0.0,0.0,0.0,0.0,True,0.773064802405187,0.9834569835491452,0.003655618349371213,0.1345206444988625,331.7795367084194,0.7144,0.678345498783455,0.862406015037594,0.7621430829206617,0.9736842105263158,1.0,0.9545454545454546,1.0,1.0,HistGB,fleet,40000,952,8.44,B_fleet_size,CTT_Forester,FS-B,1,1,CIDv2_OpelAstra
125812,27607,0.2194305789590818,0.9906986432101899,0.9762896182091663,98229,0.039665574882341466,True,0.0046002825370377075,1.0,0.0,0.9988822340965271,0.0,0.0,0.061800486618004864,0.0,0.0,0.02631578947368421,0.0,0.0,0.0,0.5,True,0.0046002825370377075,1.0,0.0,0.998801589012146,0.0,0.0,0.061800486618004864,0.0,0.0,0.02631578947368421,0.0,0.0,0.0,0.5,True,0.005143622994168146,1.0,0.0,0.9968078136444092,0.0,0.0016,0.0681265206812652,0.0,0.0,0.05263157894736842,0.0,0.0,0.5,0.5,True,0.0048900641141739415,1.0,0.0,0.9978867173194885,0.0,0.0008,0.06520681265206812,0.0,0.0,0.05263157894736842,0.0,0.0,0.5,0.5,True,0.8757199261056978,0.9742887079874265,0.006496614225344942,0.005290808621793985,589.6249148188623,1.0,1.0,0.8832706766917293,0.8519650194921504,1.0,1.0,1.0,1.0,1.0,XGBoost,fleet,40000,952,7.09,B_fleet_size,CTT_Forester,FS-B,1,1,CIDv2_OpelAstra
125812,27607,0.2194305789590818,0.9992315358766433,0.9986193324145404,98229,0.039665574882341466,True,0.2433078567030101,1.0,0.0,317219.2707090356,0.0,0.9936,0.559610705596107,0.02481203007518797,0.2208934780318196,0.3157894736842105,0.5833333333333334,0.045454545454545456,1.0,1.0,True,0.2696417575252653,1.0,0.0,308440.4494417647,0.0,0.9936,0.6262773722627737,0.040225563909774435,0.247655673796228,0.3157894736842105,0.5833333333333334,0.045454545454545456,1.0,1.0,True,0.3409642481979208,1.0,0.0,203860.32030041167,0.0,0.9976,0.6627737226277373,0.24342105263157895,0.2902223158782004,0.7368421052631579,0.5833333333333334,0.7727272727272727,1.0,1.0,True,0.3409642481979208,1.0,0.0,214752.1526630326,0.0,0.9976,0.6627737226277373,0.24342105263157895,0.2902223158782004,0.7368421052631579,0.5833333333333334,0.7727272727272727,1.0,1.0,True,0.9978990835657623,0.974116898270924,0.007453795631586987,5.497583264665133,676.4975511714846,1.0,1.0,0.9890977443609023,1.0,1.0,1.0,1.0,1.0,1.0,Rule:Combined,fleet,40000,952,0.34,B_fleet_size,CTT_Forester,FS-B,1,1,CIDv2_OpelAstra
125812,27607,0.2194305789590818,0.821860274530053,0.7061383057605652,98229,0.039665574882341466,True,0.3257144927011265,0.9998888024018682,1.018278091746856e-05,0.9947471561383178,0.9241769824747057,0.9952,0.6462287104622871,0.2343984962406015,0.2725213360025287,0.7631578947368421,0.8333333333333334,0.6818181818181818,1.0,1.0,True,0.3257144927011265,0.9998888024018682,1.018278091746856e-05,0.9947471561383178,0.9241769824747057,0.9952,0.6462287104622871,0.2343984962406015,0.2725213360025287,0.7631578947368421,0.8333333333333334,0.6818181818181818,1.0,1.0,True,0.3487159053863151,0.9934984520123838,0.0006415151978005193,0.9936480162212833,58.22314989590647,0.9952,0.6462287104622871,0.2657894736842105,0.2971762722579286,0.8157894736842105,0.8333333333333334,0.7727272727272727,1.0,1.0,True,0.3487159053863151,0.9934984520123838,0.0006415151978005193,0.9936480162212833,58.22314989590647,0.9952,0.6462287104622871,0.2657894736842105,0.2971762722579286,0.8157894736842105,0.8333333333333334,0.7727272727272727,1.0,1.0,True,0.4736479878291738,0.982124079915878,0.0024235018583575172,0.9362519458499021,219.95412182897996,0.9984,0.6944038929440389,0.5550751879699248,0.3923717205773891,0.9736842105263158,1.0,0.9545454545454546,1.0,1.0,HistGB,fleet,10934,1058,12.56,B_fleet_size,CTT_Forester,FS-B,0,1,CIDv2_Prototype
125812,27607,0.2194305789590818,0.9033266383955532,0.8514378045523162,98229,0.039665574882341466,True,0.15228021878509074,1.0,0.0,0.941222906112671,0.0,0.0032,0.06082725060827251,0.0015037593984962407,0.21425561057844272,0.23684210526315788,0.5,0.045454545454545456,0.5,0.5,True,0.17039156735610533,1.0,0.0,0.8951694369316101,0.0,0.0104,0.06569343065693431,0.004511278195488722,0.23875250237066695,0.2631578947368421,0.5,0.09090909090909091,0.5,0.5,True,0.3918571376824718,0.9959491806297183,0.0004480423603686167,0.7026012539863586,40.66378722888705,0.2448,0.31532846715328466,0.10169172932330828,0.4911495100621642,0.5526315789473685,0.75,0.36363636363636365,1.0,1.0,True,0.3862426196254573,0.9960765997197571,0.00042767679853367954,0.7119367718696594,38.81543326393764,0.2032,0.3119221411192214,0.10056390977443609,0.48640817616689497,0.5263157894736842,0.75,0.3181818181818182,1.0,1.0,True,0.6971782518926359,0.9850555299657096,0.00297337202790082,0.13147127628326416,269.8596788826141,1.0,1.0,0.6426691729323308,0.659730270782847,0.9736842105263158,1.0,0.9545454545454546,1.0,1.0,XGBoost,fleet,10934,1058,4.19,B_fleet_size,CTT_Forester,FS-B,0,1,CIDv2_Prototype
125812,27607,0.2194305789590818,0.43868252755684434,0.3236544816753286,98229,0.039665574882341466,True,0.14735393197377478,1.0,0.0,4316.676603246211,0.0,0.3608,1.0,0.0,0.08228848382678326,0.18421052631578946,0.3333333333333333,0.0,0.5,1.0,True,0.14735393197377478,0.9992630803242447,3.054834275240568e-05,1053.2736660927126,2.772530947424117,0.3608,1.0,0.0,0.08228848382678326,0.18421052631578946,0.3333333333333333,0.0,0.5,1.0,True,0.14735393197377478,0.9990176817288802,4.073112366987424e-05,692.6976267744559,3.696707929898823,0.3608,1.0,0.0,0.08228848382678326,0.18421052631578946,0.3333333333333333,0.0,0.5,1.0,True,0.14735393197377478,0.9990176817288802,4.073112366987424e-05,729.5971093982022,3.696707929898823,0.3608,1.0,0.0,0.08228848382678326,0.18421052631578946,0.3333333333333333,0.0,0.5,1.0,True,0.14920128952801825,0.9395529197080292,0.0026984369431291687,15.5,244.90690035579703,0.3736,1.0,0.0009398496240601503,0.08386892845853967,0.3157894736842105,0.5,0.09090909090909091,1.0,1.0,Rule:Combined,fleet,10934,1058,0.31,B_fleet_size,CTT_Forester,FS-B,0,1,CIDv2_Prototype
125812,27607,0.2194305789590818,0.821860274530053,0.7061383057605652,98229,0.039665574882341466,True,0.3257144927011265,0.9998888024018682,1.018278091746856e-05,0.9947471561383178,0.9241769824747057,0.9952,0.6462287104622871,0.2343984962406015,0.2725213360025287,0.7631578947368421,0.8333333333333334,0.6818181818181818,1.0,1.0,True,0.3257144927011265,0.9998888024018682,1.018278091746856e-05,0.9947471561383178,0.9241769824747057,0.9952,0.6462287104622871,0.2343984962406015,0.2725213360025287,0.7631578947368421,0.8333333333333334,0.6818181818181818,1.0,1.0,True,0.3487159053863151,0.9934984520123838,0.0006415151978005193,0.9936480162212833,58.22314989590647,0.9952,0.6462287104622871,0.2657894736842105,0.2971762722579286,0.8157894736842105,0.8333333333333334,0.7727272727272727,1.0,1.0,True,0.3487159053863151,0.9934984520123838,0.0006415151978005193,0.9936480162212833,58.22314989590647,0.9952,0.6462287104622871,0.2657894736842105,0.2971762722579286,0.8157894736842105,0.8333333333333334,0.7727272727272727,1.0,1.0,True,0.4736479878291738,0.982124079915878,0.0024235018583575172,0.9362519458499021,219.95412182897996,0.9984,0.6944038929440389,0.5550751879699248,0.3923717205773891,0.9736842105263158,1.0,0.9545454545454546,1.0,1.0,HistGB,fleet,10934,1058,8.07,B_fleet_size,CTT_Forester,FS-B,1,1,CIDv2_Prototype
125812,27607,0.2194305789590818,0.9033266383955532,0.8514378045523162,98229,0.039665574882341466,True,0.15228021878509074,1.0,0.0,0.941222906112671,0.0,0.0032,0.06082725060827251,0.0015037593984962407,0.21425561057844272,0.23684210526315788,0.5,0.045454545454545456,0.5,0.5,True,0.17039156735610533,1.0,0.0,0.8951694369316101,0.0,0.0104,0.06569343065693431,0.004511278195488722,0.23875250237066695,0.2631578947368421,0.5,0.09090909090909091,0.5,0.5,True,0.3918571376824718,0.9959491806297183,0.0004480423603686167,0.7026012539863586,40.66378722888705,0.2448,0.31532846715328466,0.10169172932330828,0.4911495100621642,0.5526315789473685,0.75,0.36363636363636365,1.0,1.0,True,0.3862426196254573,0.9960765997197571,0.00042767679853367954,0.7119367718696594,38.81543326393764,0.2032,0.3119221411192214,0.10056390977443609,0.48640817616689497,0.5263157894736842,0.75,0.3181818181818182,1.0,1.0,True,0.6971782518926359,0.9850555299657096,0.00297337202790082,0.13147127628326416,269.8596788826141,1.0,1.0,0.6426691729323308,0.659730270782847,0.9736842105263158,1.0,0.9545454545454546,1.0,1.0,XGBoost,fleet,10934,1058,3.87,B_fleet_size,CTT_Forester,FS-B,1,1,CIDv2_Prototype
125812,27607,0.2194305789590818,0.43868252755684434,0.3236544816753286,98229,0.039665574882341466,True,0.14735393197377478,1.0,0.0,4316.676603246211,0.0,0.3608,1.0,0.0,0.08228848382678326,0.18421052631578946,0.3333333333333333,0.0,0.5,1.0,True,0.14735393197377478,0.9992630803242447,3.054834275240568e-05,1053.2736660927126,2.772530947424117,0.3608,1.0,0.0,0.08228848382678326,0.18421052631578946,0.3333333333333333,0.0,0.5,1.0,True,0.14735393197377478,0.9990176817288802,4.073112366987424e-05,692.6976267744559,3.696707929898823,0.3608,1.0,0.0,0.08228848382678326,0.18421052631578946,0.3333333333333333,0.0,0.5,1.0,True,0.14735393197377478,0.9990176817288802,4.073112366987424e-05,729.5971093982022,3.696707929898823,0.3608,1.0,0.0,0.08228848382678326,0.18421052631578946,0.3333333333333333,0.0,0.5,1.0,True,0.14920128952801825,0.9395529197080292,0.0026984369431291687,15.5,244.90690035579703,0.3736,1.0,0.0009398496240601503,0.08386892845853967,0.3157894736842105,0.5,0.09090909090909091,1.0,1.0,Rule:Combined,fleet,10934,1058,0.29,B_fleet_size,CTT_Forester,FS-B,1,1,CIDv2_Prototype
125812,27607,0.2194305789590818,0.9986034836231499,0.9978269723911368,98229,0.039665574882341466,True,0.0005433404571304379,1.0,0.0,0.9998867383494126,0.0,0.0,0.0024330900243309003,0.0007518796992481203,0.00031608892635128015,0.15789473684210525,0.3333333333333333,0.045454545454545456,0.0,0.5,True,0.9579092259209621,0.9995464338360358,0.00012219337100962272,0.9973574014201928,11.090123789696468,1.0,0.9863746958637469,0.8701127819548872,0.9766621009377304,1.0,1.0,1.0,1.0,1.0,True,0.9923932336001738,0.9964357155846517,0.000997912529911919,0.45303315642269615,90.56934428252117,1.0,1.0,0.9605263157894737,1.0,1.0,1.0,1.0,1.0,1.0,True,0.9919223385373275,0.9966153510208539,0.0009469986253245762,0.5204406412141984,85.94845937014765,1.0,1.0,0.9580827067669173,1.0,1.0,1.0,1.0,1.0,1.0,True,0.993878364182997,0.9642254709024459,0.010366070973982995,0.13116741862551634,940.8121681592504,1.0,1.0,0.9682330827067669,1.0,1.0,1.0,1.0,1.0,1.0,HistGB,fleet,40000,20000,11.1,B_fleet_size,CTT_Forester,FS-B,0,1,CTT_Silverado
125812,27607,0.2194305789590818,0.9996697052882374,0.9993480252645442,98229,0.039665574882341466,True,0.5939073423407107,1.0,0.0,0.9999819993972778,0.0,0.6376,0.20145985401459854,0.47537593984962406,0.6667369086503003,0.9473684210526315,1.0,0.9090909090909091,1.0,1.0,True,0.94055855398993,0.9996150292577765,0.0001018278091746856,0.9993435740470886,9.241769824747058,0.9992,0.8510948905109489,0.8708646616541353,0.965915077441787,1.0,1.0,1.0,1.0,1.0,True,0.9933350237258666,0.9964752906976744,0.0009877297489944504,0.40683141350746155,89.64516730004645,1.0,1.0,0.9654135338345865,1.0,1.0,1.0,1.0,1.0,1.0,True,0.992574347085884,0.9966538153779007,0.0009368158444071076,0.5594835877418518,85.02428238767294,1.0,1.0,0.9614661654135338,1.0,1.0,1.0,1.0,1.0,1.0,True,0.9976093019886261,0.9722869448563157,0.00799348302021282,0.027381617575883865,725.4789312426441,1.0,1.0,0.987593984962406,1.0,1.0,1.0,1.0,1.0,1.0,XGBoost,fleet,40000,20000,9.14,B_fleet_size,CTT_Forester,FS-B,0,1,CTT_Silverado
125812,27607,0.2194305789590818,0.9635712609788488,0.8803890404465365,98229,0.039665574882341466,True,0.2874633245191437,1.0,0.0,281250.00000000006,0.0,0.9936,0.654014598540146,0.05394736842105263,0.26672637235275526,0.3157894736842105,0.5833333333333334,0.045454545454545456,1.0,1.0,True,0.2874633245191437,1.0,0.0,281250.00000000006,0.0,0.9936,0.654014598540146,0.05394736842105263,0.26672637235275526,0.3157894736842105,0.5833333333333334,0.045454545454545456,1.0,1.0,True,0.30021371391313795,0.9951969260326609,0.0004073112366987424,281250.0,36.96707929898823,0.9944,0.6608272506082725,0.07142857142857142,0.2795806553577073,0.3684210526315789,0.5833333333333334,0.13636363636363635,1.0,1.0,True,0.30021371391313795,0.9951969260326609,0.0004073112366987424,281250.0,36.96707929898823,0.9944,0.6608272506082725,0.07142857142857142,0.2795806553577073,0.3684210526315789,0.5833333333333334,0.13636363636363635,1.0,1.0,True,0.700945412395407,0.9856866340668297,0.0028613614378086654,62500.0,259.6937320753923,1.0,0.867639902676399,0.7428571428571429,0.6514592772099884,0.8947368421052632,0.8333333333333334,0.9090909090909091,1.0,1.0,Rule:Combined,fleet,40000,20000,0.3,B_fleet_size,CTT_Forester,FS-B,0,1,CTT_Silverado
125812,27607,0.2194305789590818,0.9996337970338356,0.9994214473933093,98229,0.039665574882341466,True,0.6182852175172964,0.9998242736644799,3.054834275240568e-05,0.9999041185079188,2.772530947424117,0.6272,0.029197080291970802,0.43101503759398496,0.7339584869876725,0.9210526315789473,1.0,0.9090909090909091,0.5,1.0,True,0.9555909733038722,0.9997347279066242,7.127946642227993e-05,0.9981492638935562,6.46923887732294,1.0,0.9965936739659368,0.8610902255639098,0.9747128858918976,1.0,1.0,1.0,1.0,1.0,True,0.9929003513601623,0.9963650903275053,0.001018278091746856,0.3559975301205728,92.41769824747057,1.0,1.0,0.9631578947368421,1.0,1.0,1.0,1.0,1.0,1.0,True,0.9922121201144637,0.996435067297199,0.000997912529911919,0.452256623207057,90.56934428252117,1.0,1.0,0.9595864661654135,1.0,1.0,1.0,1.0,1.0,1.0,True,0.9994204368457276,0.9742584745762712,0.00742324728883458,0.00807823262888075,673.7250202240605,1.0,1.0,0.9969924812030075,1.0,1.0,1.0,1.0,1.0,1.0,HistGB,fleet,40000,20000,18.23,B_fleet_size,CTT_Forester,FS-B,1,1,CTT_Silverado
125812,27607,0.2194305789590818,0.9996422311073843,0.9993342747578988,98229,0.039665574882341466,True,0.4422429094070344,0.9999180999180999,1.018278091746856e-05,0.9999834299087524,0.9241769824747057,0.608,0.17761557177615572,0.2731203007518797,0.5073754082815298,0.9210526315789473,1.0,0.9090909090909091,0.5,1.0,True,0.9140797623791067,0.9998019017432647,5.09139045873428e-05,0.9995692372322083,4.620884912373529,0.9976,0.6851581508515815,0.8637218045112782,0.9474765567379623,1.0,1.0,1.0,1.0,1.0,True,0.9934799145144347,0.9964758029356198,0.0009877297489944504,0.5601276755332947,89.64516730004645,1.0,1.0,0.9661654135338346,1.0,1.0,1.0,1.0,1.0,1.0,True,0.992538124388742,0.996653693667479,0.0009368158444071076,0.6891329884529114,85.02428238767294,1.0,1.0,0.9612781954887218,1.0,1.0,1.0,1.0,1.0,1.0,True,0.9979353062629044,0.9697972402140242,0.008736826027188026,0.02755475416779518,792.9438509632977,1.0,1.0,0.9892857142857143,1.0,1.0,1.0,1.0,1.0,1.0,XGBoost,fleet,40000,20000,9.93,B_fleet_size,CTT_Forester,FS-B,1,1,CTT_Silverado
125812,27607,0.2194305789590818,0.9635712609788488,0.8803890404465365,98229,0.039665574882341466,True,0.2874633245191437,1.0,0.0,281250.00000000006,0.0,0.9936,0.654014598540146,0.05394736842105263,0.26672637235275526,0.3157894736842105,0.5833333333333334,0.045454545454545456,1.0,1.0,True,0.2874633245191437,1.0,0.0,281250.00000000006,0.0,0.9936,0.654014598540146,0.05394736842105263,0.26672637235275526,0.3157894736842105,0.5833333333333334,0.045454545454545456,1.0,1.0,True,0.30021371391313795,0.9951969260326609,0.0004073112366987424,281250.0,36.96707929898823,0.9944,0.6608272506082725,0.07142857142857142,0.2795806553577073,0.3684210526315789,0.5833333333333334,0.13636363636363635,1.0,1.0,True,0.30021371391313795,0.9951969260326609,0.0004073112366987424,281250.0,36.96707929898823,0.9944,0.6608272506082725,0.07142857142857142,0.2795806553577073,0.3684210526315789,0.5833333333333334,0.13636363636363635,1.0,1.0,True,0.700945412395407,0.9856866340668297,0.0028613614378086654,62500.0,259.6937320753923,1.0,0.867639902676399,0.7428571428571429,0.6514592772099884,0.8947368421052632,0.8333333333333334,0.9090909090909091,1.0,1.0,Rule:Combined,fleet,40000,20000,0.29,B_fleet_size,CTT_Forester,FS-B,1,1,CTT_Silverado
125812,27607,0.2194305789590818,0.9996941938306604,0.9991012262943555,98229,0.039665574882341466,True,0.32238200456405985,0.9997753313862053,2.036556183493712e-05,0.9995385093624114,1.8483539649494114,0.004,0.1781021897810219,0.48984962406015037,0.31203245179643874,0.8947368421052632,1.0,0.9090909090909091,0.5,0.5,True,0.5580106494729598,0.9996106677048862,6.109668550481136e-05,0.999489301593574,5.545061894848234,0.1272,0.5333333333333333,0.650375939849624,0.5631651037825308,1.0,1.0,1.0,1.0,1.0,True,0.997536856594342,0.9963458755426917,0.0010284608726643246,0.8880874405357944,93.34187522994529,1.0,1.0,0.987218045112782,1.0,1.0,1.0,1.0,1.0,1.0,True,0.9972108523200638,0.9965610859728506,0.0009673641871595132,0.9330394956396573,87.79681333509704,1.0,1.0,0.9855263157894737,1.0,1.0,1.0,1.0,1.0,1.0,True,0.9993842141485855,0.9721292413938902,0.008054579705717631,0.0027846597306012614,731.0239931374923,1.0,1.0,0.9968045112781955,1.0,1.0,1.0,1.0,1.0,1.0,HistGB,fleet,40000,20000,12.36,B_fleet_size,CTT_Forester,FS-B,0,1,CTT_Traverse
125812,27607,0.2194305789590818,0.9996883450112664,0.9993586479551024,98229,0.039665574882341466,True,0.4612960481037418,1.0,0.0,0.9999467134475708,0.0,0.6264,0.5012165450121655,0.512781954887218,0.43167211042039827,1.0,1.0,1.0,1.0,1.0,True,0.781540913536422,0.9993978414933531,0.0001323761519270913,0.9998539686203003,12.014300772171175,0.64,0.6097323600973236,0.7492481203007518,0.81851227478664,1.0,1.0,1.0,1.0,1.0,True,0.9975006338972,0.9960574384200818,0.0011099231200040732,0.9688277840614319,100.73529108974293,1.0,1.0,0.9870300751879699,1.0,1.0,1.0,1.0,1.0,1.0,True,0.9969935161372115,0.9962717631302711,0.0010488264344992618,0.9786784052848816,95.1902291948947,1.0,1.0,0.9843984962406015,1.0,1.0,1.0,1.0,1.0,1.0,True,0.9994204368457276,0.9735709244883557,0.007626902907183952,0.001151381409727037,692.2085598735546,1.0,1.0,0.9969924812030075,1.0,1.0,1.0,1.0,1.0,1.0,XGBoost,fleet,40000,20000,6.81,B_fleet_size,CTT_Forester,FS-B,0,1,CTT_Traverse
125812,27607,0.2194305789590818,0.9997113565027176,0.999261184462509,98229,0.039665574882341466,True,0.2874633245191437,1.0,0.0,295490.9905859189,0.0,0.9936,0.654014598540146,0.05394736842105263,0.26672637235275526,0.3157894736842105,0.5833333333333334,0.045454545454545456,1.0,1.0,True,0.40971492737349224,0.999734841788934,3.054834275240568e-05,170577.64322535717,2.772530947424117,0.9992,0.6627737226277373,0.5919172932330827,0.2924349383626594,0.7631578947368421,0.6666666666666666,0.7727272727272727,1.0,1.0,True,0.5775709059296555,0.9997492005768387,4.073112366987424e-05,113165.21328748793,3.696707929898823,1.0,0.6632603406326034,0.6372180451127819,0.5237593509640712,0.7894736842105263,0.75,0.7727272727272727,1.0,1.0,True,0.5775709059296555,0.9997492005768387,4.073112366987424e-05,119161.21174277924,3.696707929898823,1.0,0.6632603406326034,0.6372180451127819,0.5237593509640712,0.7894736842105263,0.75,0.7727272727272727,1.0,1.0,True,0.9993117687543015,0.973636844891477,0.007606537345349015,3.180270360301259,690.3602059086053,1.0,1.0,0.9964285714285714,1.0,1.0,1.0,1.0,1.0,1.0,Rule:Combined,fleet,40000,20000,0.32,B_fleet_size,CTT_Forester,FS-B,0,1,CTT_Traverse
125812,27607,0.2194305789590818,0.999337462138028,0.9982795156210814,98229,0.039665574882341466,True,0.0,0.0,0.0,0.9997566096657425,0.0,0.0,0.0,0.0,0.0,0.0,0.0,0.0,0.0,0.0,True,0.0,0.0,0.0,0.9997566096657425,0.0,0.0,0.0,0.0,0.0,0.0,0.0,0.0,0.0,0.0,True,0.9959068352229506,0.9963399166515673,0.0010284608726643246,0.8787113176790914,93.34187522994529,1.0,1.0,0.9787593984962406,1.0,1.0,1.0,1.0,1.0,1.0,True,0.9947839316115478,0.9967335680325191,0.0009164502825721705,0.914071348641195,83.17592842272352,1.0,1.0,0.9729323308270676,1.0,1.0,1.0,1.0,1.0,1.0,True,0.9992393233600174,0.9633328677189552,0.010691919963341989,0.011948159262660855,970.3858315984411,1.0,1.0,0.9960526315789474,1.0,1.0,1.0,1.0,1.0,1.0,HistGB,fleet,40000,20000,10.35,B_fleet_size,CTT_Forester,FS-B,1,1,CTT_Traverse
125812,27607,0.2194305789590818,0.9997580913618528,0.9993251869811928,98229,0.039665574882341466,True,0.027275690947947986,1.0,0.0,0.999991774559021,0.0,0.0,0.17761557177615572,0.006766917293233083,0.018543883679275102,0.42105263157894735,0.75,0.2727272727272727,0.0,0.5,True,0.6453797949795341,0.9997194478734149,5.09139045873428e-05,0.9999567270278931,4.620884912373529,0.0,0.478345498783455,0.47218045112781953,0.7545042672005058,0.9473684210526315,1.0,1.0,0.0,1.0,True,0.9975730792914841,0.9965623303781437,0.0009673641871595132,0.9196484088897705,87.79681333509704,1.0,1.0,0.987406015037594,1.0,1.0,1.0,1.0,1.0,1.0,True,0.9973919658057739,0.9967060015927025,0.0009266330634896391,0.9367165565490723,84.10010540519822,1.0,1.0,0.9864661654135338,1.0,1.0,1.0,1.0,1.0,1.0,True,0.9993842141485855,0.9684099684099684,0.009164502825721704,0.008236783556640148,831.7592842272352,1.0,1.0,0.9968045112781955,1.0,1.0,1.0,1.0,1.0,1.0,XGBoost,fleet,40000,20000,7.06,B_fleet_size,CTT_Forester,FS-B,1,1,CTT_Traverse
125812,27607,0.2194305789590818,0.9997158966501551,0.9992651977616618,98229,0.039665574882341466,True,0.2696417575252653,1.0,0.0,302911.8219975547,0.0,0.9936,0.6262773722627737,0.040225563909774435,0.247655673796228,0.3157894736842105,0.5833333333333334,0.045454545454545456,1.0,1.0,True,0.40971492737349224,0.999734841788934,3.054834275240568e-05,171235.9410245755,2.772530947424117,0.9992,0.6627737226277373,0.5919172932330827,0.2924349383626594,0.7631578947368421,0.6666666666666666,0.7727272727272727,1.0,1.0,True,0.5775709059296555,0.9997492005768387,4.073112366987424e-05,113197.98529788034,3.696707929898823,1.0,0.6632603406326034,0.6372180451127819,0.5237593509640712,0.7894736842105263,0.75,0.7727272727272727,1.0,1.0,True,0.5775709059296555,0.9997492005768387,4.073112366987424e-05,119195.72055447787,3.696707929898823,1.0,0.6632603406326034,0.6372180451127819,0.5237593509640712,0.7894736842105263,0.75,0.7727272727272727,1.0,1.0,True,0.9993117687543015,0.9737743108255974,0.007565806221679141,3.1812541623039974,686.6634979787065,1.0,1.0,0.9964285714285714,1.0,1.0,1.0,1.0,1.0,1.0,Rule:Combined,fleet,40000,20000,0.31,B_fleet_size,CTT_Forester,FS-B,1,1,CTT_Traverse
125812,27607,0.2194305789590818,0.9151427186347161,0.8655779498497272,98229,0.039665574882341466,True,0.5466367225703626,1.0,0.0,0.9671893482779583,0.0,0.0464,0.4705596107055961,0.675187969924812,0.5517859024338847,0.9210526315789473,1.0,0.9090909090909091,0.5,1.0,True,0.6598688738363458,0.9997256064098342,5.09139045873428e-05,0.6443637105549882,4.620884912373529,0.4848,0.6608272506082725,0.8110902255639098,0.6289116004635971,0.9210526315789473,1.0,0.9090909090909091,0.5,1.0,True,0.6714601369217952,0.9967736731730924,0.0006109668550481136,0.4634144944984307,55.450618948482344,0.5432,0.6827250608272506,0.8265037593984963,0.6352333789906227,0.9473684210526315,1.0,0.9545454545454546,0.5,1.0,True,0.6710254645560908,0.9968788677823818,0.0005906012932131766,0.46949269473262556,53.60226498353294,0.5408,0.6827250608272506,0.825563909774436,0.6350226530397218,0.9473684210526315,1.0,0.9545454545454546,0.5,1.0,True,0.6946788857898359,0.9633313240908178,0.007433430069752049,0.2756736282696512,674.6491972065352,0.6208,0.7177615571776156,0.8471804511278196,0.6543040775471499,0.9473684210526315,1.0,0.9545454545454546,0.5,1.0,HistGB,fleet,40000,20000,21.76,B_fleet_size,CTT_Forester,FS-B,0,1,ROAD_ORNL
125812,27607,0.2194305789590818,0.9143354133637616,0.855313763780635,98229,0.039665574882341466,True,0.5284167059079219,1.0,0.0,0.8925719261169434,0.0,0.344,0.10802919708029197,0.6823308270676691,0.5429354124960489,0.9210526315789473,1.0,0.9090909090909091,0.5,1.0,True,0.5846343318723513,0.9997522299306244,4.073112366987424e-05,0.7599461078643799,3.696707929898823,0.5552,0.23990267639902677,0.7471804511278195,0.5783373722473922,0.9210526315789473,1.0,0.9090909090909091,0.5,1.0,True,0.6174158727858876,0.9954447234713543,0.0007942569115625477,0.610226571559906,72.08580463302704,0.6096,0.35766423357664234,0.7855263157894737,0.5989358339479507,0.9210526315789473,1.0,0.9090909090909091,0.5,1.0,True,0.6163291918716267,0.9956697290654807,0.0007535257878926735,0.615617036819458,68.38909670312823,0.6096,0.3542579075425791,0.7847744360902256,0.5979348856811716,0.9210526315789473,1.0,0.9090909090909091,0.5,1.0,True,0.6734523852646068,0.9560835133189345,0.00869609490351815,0.3473401665687561,789.2471430333987,0.6384,0.594647201946472,0.8161654135338345,0.6442945948793594,0.9473684210526315,1.0,0.9545454545454546,0.5,1.0,XGBoost,fleet,40000,20000,7.57,B_fleet_size,CTT_Forester,FS-B,0,1,ROAD_ORNL
125812,27607,0.2194305789590818,0.8603670687994648,0.7709628063258273,98229,0.039665574882341466,True,0.09838084543775129,1.0,0.0,234423.6088344783,0.0,0.3592,0.6627737226277373,0.0,0.04767674639131809,0.15789473684210525,0.25,0.0,0.5,1.0,True,0.09867062701488753,1.0,0.0,227936.0967870464,0.0,0.36,0.6627737226277373,0.0,0.04804551680539459,0.15789473684210525,0.25,0.0,0.5,1.0,True,0.09892418589488174,1.0,0.0,150651.83056165214,0.0,0.3608,0.6627737226277373,0.0,0.04836160573174587,0.15789473684210525,0.25,0.0,0.5,1.0,True,0.09892418589488174,1.0,0.0,158700.84893437478,0.0,0.3608,0.6627737226277373,0.0,0.04836160573174587,0.15789473684210525,0.25,0.0,0.5,1.0,True,0.47238019342920273,0.9403663109316411,0.0084211598187465,3.8752697698513083,764.2943645065817,0.9992,1.0,0.6366541353383459,0.33452744705510484,0.868421052631579,0.8333333333333334,0.8636363636363636,1.0,1.0,Rule:Combined,fleet,40000,20000,0.35,B_fleet_size,CTT_Forester,FS-B,0,1,ROAD_ORNL
125812,27607,0.2194305789590818,0.9153989269483804,0.8689216735832778,98229,0.039665574882341466,True,0.5312782989821422,1.0,0.0,0.952855984201106,0.0,0.1008,0.5970802919708029,0.66203007518797,0.5158571278052893,0.9210526315789473,1.0,0.9090909090909091,0.5,1.0,True,0.6631651392762705,0.9997269699120843,5.09139045873428e-05,0.6258254203823302,4.620884912373529,0.5296,0.6754257907542579,0.775,0.6392898535454641,0.9473684210526315,1.0,0.9090909090909091,1.0,1.0,True,0.686021661172891,0.9951657821449215,0.0009368158444071076,0.4502417676821959,85.02428238767294,0.6072,0.6987834549878346,0.8037593984962406,0.6568327889579602,0.9473684210526315,1.0,0.9090909090909091,1.0,1.0,True,0.6851523164414822,0.9956835289782597,0.000834988035232422,0.4576792325640267,75.78251256292587,0.6056,0.6987834549878346,0.8015037593984963,0.656305974080708,0.9473684210526315,1.0,0.9090909090909091,1.0,1.0,True,0.708371065309523,0.9568919117287273,0.008971029988289803,0.24946582010768414,814.1999215602159,0.688,0.7450121654501216,0.8291353383458646,0.6718996944473712,0.9473684210526315,1.0,0.9090909090909091,1.0,1.0,HistGB,fleet,40000,20000,18.64,B_fleet_size,CTT_Forester,FS-B,1,1,ROAD_ORNL
125812,27607,0.2194305789590818,0.9432405399528114,0.8885989384932393,98229,0.039665574882341466,True,0.586916361792299,0.9998148833765272,3.054834275240568e-05,0.9332819581031799,2.772530947424117,0.0656,0.6038929440389295,0.6550751879699248,0.6003055526288062,0.8947368421052632,1.0,0.8636363636363636,0.5,1.0,True,0.6333538595283805,0.9993712848651121,0.00011201059009215417,0.8131067156791687,10.165946807221763,0.1432,0.6311435523114355,0.7069548872180451,0.6452428616584133,0.9210526315789473,1.0,0.9090909090909091,0.5,1.0,True,0.6639982613105372,0.9945203993055556,0.0010284608726643246,0.687680721282959,93.34187522994529,0.3008,0.648661800486618,0.7706766917293233,0.6596775892951217,0.9210526315789473,1.0,0.9090909090909091,0.5,1.0,True,0.6636722570362589,0.9946796959826276,0.000997912529911919,0.6895468831062317,90.56934428252117,0.2976,0.648661800486618,0.7703007518796993,0.6595195448319461,0.9210526315789473,1.0,0.9090909090909091,0.5,1.0,True,0.6979027058354765,0.9556095625433985,0.009113588921134362,0.4037158489227295,827.1383993148618,0.6064,0.6686131386861314,0.8218045112781955,0.6723738278368981,0.9736842105263158,1.0,0.9545454545454546,1.0,1.0,XGBoost,fleet,40000,20000,10.3,B_fleet_size,CTT_Forester,FS-B,1,1,ROAD_ORNL
125812,27607,0.2194305789590818,0.8621236215607149,0.7747099106842904,98229,0.039665574882341466,True,0.09867062701488753,1.0,0.0,224354.339316273,0.0,0.36,0.6627737226277373,0.0,0.04804551680539459,0.15789473684210525,0.25,0.0,0.5,1.0,True,0.09867062701488753,1.0,0.0,218890.43709183176,0.0,0.36,0.6627737226277373,0.0,0.04804551680539459,0.15789473684210525,0.25,0.0,0.5,1.0,True,0.09892418589488174,1.0,0.0,144180.83605355478,0.0,0.3608,0.6627737226277373,0.0,0.04836160573174587,0.15789473684210525,0.25,0.0,0.5,1.0,True,0.09892418589488174,1.0,0.0,151884.12245945507,0.0,0.3608,0.6627737226277373,0.0,0.04836160573174587,0.15789473684210525,0.25,0.0,0.5,1.0,True,0.47498822762342885,0.939865252293578,0.008543353189756122,3.726110943223243,775.384488296278,0.9992,1.0,0.6364661654135338,0.3383731956590454,0.8421052631578947,0.8333333333333334,0.8181818181818182,1.0,1.0,Rule:Combined,fleet,40000,20000,0.32,B_fleet_size,CTT_Forester,FS-B,1,1,ROAD_ORNL
125812,27607,0.2194305789590818,0.9773901812095152,0.9640290769820795,98229,0.039665574882341466,True,0.17861411960734597,1.0,0.0,0.995094708416313,0.0,0.6328,0.0,0.08928571428571429,0.19307765251290696,0.3157894736842105,0.3333333333333333,0.3181818181818182,0.5,0.0,True,0.44499583438982865,1.0,0.0,0.5432256675143841,0.0,0.9952,0.7328467153284671,0.6355263157894737,0.324201875460963,0.8157894736842105,0.8333333333333334,0.7727272727272727,1.0,1.0,True,0.4697721592349766,0.9981528515354422,0.00024438674201924545,0.3667393890327469,22.180247579392937,0.9992,1.0,0.6359022556390977,0.3309451058897903,0.8157894736842105,0.8333333333333334,0.7727272727272727,1.0,1.0,True,0.4697721592349766,0.9982296798029556,0.0002342039611017769,0.3825127256502405,21.256070596918235,0.9992,1.0,0.6359022556390977,0.3309451058897903,0.8157894736842105,0.8333333333333334,0.7727272727272727,1.0,1.0,True,0.9346542543557793,0.9863155078169795,0.003645435568453745,0.01124045490142093,330.8553597259447,1.0,1.0,0.8605263157894737,0.9440522600358234,0.9473684210526315,1.0,0.9090909090909091,1.0,1.0,HistGB,fleet,40000,2010,11.04,B_fleet_size,CTT_Forester,FS-B,0,2,CIDv2_OpelAstra|CIDv2_Prototype
125812,27607,0.2194305789590818,0.9905056472929494,0.980671219388593,98229,0.039665574882341466,True,0.20020284710399536,1.0,0.0,0.9910345673561096,0.0,0.7656,0.10559610705596106,0.09924812030075188,0.2015066905489411,0.5526315789473685,0.5833333333333334,0.45454545454545453,1.0,1.0,True,0.25464556090846524,0.9997155858930603,2.036556183493712e-05,0.984782874584198,1.8483539649494114,0.9832,0.2851581508515815,0.12725563909774437,0.23906859129701824,0.6052631578947368,0.6666666666666666,0.5,1.0,1.0,True,0.40786756981924877,0.9976962608541556,0.0002647523038541826,0.7715942859649658,24.02860154434235,0.9976,0.95669099756691,0.3656015037593985,0.3214624380992519,0.7894736842105263,0.75,0.7727272727272727,1.0,1.0,True,0.37591915093997896,0.9975009611687813,0.0002647523038541826,0.8598107695579529,24.02860154434235,0.996,0.8141119221411193,0.3105263157894737,0.3059740807080392,0.7894736842105263,0.75,0.7727272727272727,1.0,1.0,True,0.936646502698591,0.9777660137638963,0.005987475179471514,6.912559183547273e-05,543.416065695127,1.0,1.0,0.8663533834586467,0.9453166157412285,1.0,1.0,1.0,1.0,1.0,XGBoost,fleet,40000,2010,9.2,B_fleet_size,CTT_Forester,FS-B,0,2,CIDv2_OpelAstra|CIDv2_Prototype
125812,27607,0.2194305789590818,0.9992285068985981,0.9986362582147893,98229,0.039665574882341466,True,0.30021371391313795,1.0,0.0,277789.77365772816,0.0,0.9944,0.6608272506082725,0.07142857142857142,0.2795806553577073,0.3684210526315789,0.5833333333333334,0.13636363636363635,1.0,1.0,True,0.30021371391313795,1.0,0.0,270102.1361211875,0.0,0.9944,0.6608272506082725,0.07142857142857142,0.2795806553577073,0.3684210526315789,0.5833333333333334,0.13636363636363635,1.0,1.0,True,0.39287137320244864,1.0,0.0,178521.03407042567,0.0,0.9984,0.6627737226277373,0.5084586466165414,0.2913813086081551,0.7631578947368421,0.6666666666666666,0.7727272727272727,1.0,1.0,True,0.36458144673452386,1.0,0.0,188059.04114032278,0.0,0.9976,0.6627737226277373,0.3656015037593985,0.29032767885365085,0.7368421052631579,0.5833333333333334,0.7727272727272727,1.0,1.0,True,0.9978990835657623,0.9743580674824928,0.007382516165164706,4.805337779554852,670.0283122941617,1.0,1.0,0.9890977443609023,1.0,1.0,1.0,1.0,1.0,1.0,Rule:Combined,fleet,40000,2010,0.38,B_fleet_size,CTT_Forester,FS-B,0,2,CIDv2_OpelAstra|CIDv2_Prototype
125812,27607,0.2194305789590818,0.9697554819666101,0.9576083298929183,98229,0.039665574882341466,True,0.11841199695729344,1.0,0.0,0.9933754637116073,0.0,0.6296,0.07931873479318735,0.04379699248120301,0.10989358339479507,0.3684210526315789,0.4166666666666667,0.3181818181818182,0.5,0.5,True,0.3574817980946861,0.9991900374607674,8.146224733974848e-05,0.7791788117076164,7.393415859797646,0.644,0.3956204379562044,0.5093984962406015,0.29190812348540723,0.7894736842105263,0.75,0.7727272727272727,1.0,1.0,True,0.40826601948781105,0.9976101964949549,0.00027493508477165115,0.48746700672035526,24.952778526817056,0.7416,0.5708029197080292,0.6323308270676692,0.30592139922031397,0.8157894736842105,0.8333333333333334,0.7727272727272727,1.0,1.0,True,0.4065635527221357,0.9976002133143721,0.00027493508477165115,0.5113893368438581,24.952778526817056,0.7416,0.5605839416058395,0.6302631578947369,0.3051311769044358,0.8157894736842105,0.8333333333333334,0.7727272727272727,1.0,1.0,True,0.936646502698591,0.9866452991452992,0.0035639733211139963,0.012853595842248128,323.461943866147,1.0,1.0,0.8607142857142858,0.9468970603729849,0.9473684210526315,1.0,0.9090909090909091,1.0,1.0,HistGB,fleet,40000,2010,10.84,B_fleet_size,CTT_Forester,FS-B,1,2,CIDv2_OpelAstra|CIDv2_Prototype
125812,27607,0.2194305789590818,0.9882972130191163,0.9771984050954968,98229,0.039665574882341466,True,0.16604484369906183,1.0,0.0,0.987421989440918,0.0,0.7408,0.0705596107055961,0.06710526315789474,0.16626277526077338,0.47368421052631576,0.6666666666666666,0.2727272727272727,1.0,1.0,True,0.20306444017821568,1.0,0.0,0.9813939332962036,0.0,0.92,0.10510948905109489,0.0887218045112782,0.19850384574860394,0.5526315789473685,0.6666666666666666,0.4090909090909091,1.0,1.0,True,0.334987503169486,0.997196463230537,0.0002647523038541826,0.8981230854988098,24.02860154434235,0.9952,0.6939172749391728,0.20281954887218046,0.28969550100094826,0.7368421052631579,0.75,0.6818181818181818,1.0,1.0,True,0.32835874959249467,0.997140028599714,0.0002647523038541826,0.9161365628242493,24.02860154434235,0.9952,0.6749391727493917,0.1849624060150376,0.28711410810241283,0.7105263157894737,0.6666666666666666,0.6818181818181818,1.0,1.0,True,0.9375158474299996,0.9777122997884558,0.006007840741306451,5.970129859633744e-05,545.2644196600764,1.0,1.0,0.8659774436090225,0.946686334422084,1.0,1.0,1.0,1.0,1.0,XGBoost,fleet,40000,2010,9.87,B_fleet_size,CTT_Forester,FS-B,1,2,CIDv2_OpelAstra|CIDv2_Prototype
125812,27607,0.2194305789590818,0.999225725970691,0.9986361138543846,98229,0.039665574882341466,True,0.30021371391313795,1.0,0.0,272937.64791700116,0.0,0.9944,0.6608272506082725,0.07142857142857142,0.2795806553577073,0.3684210526315789,0.5833333333333334,0.13636363636363635,1.0,1.0,True,0.30908827471293515,1.0,0.0,265384.28956390655,0.0,0.9944,0.6618004866180048,0.09135338345864662,0.2867980191760615,0.47368421052631576,0.5833333333333334,0.3181818181818182,1.0,1.0,True,0.39287137320244864,1.0,0.0,175402.82531396655,0.0,0.9984,0.6627737226277373,0.5084586466165414,0.2913813086081551,0.7631578947368421,0.6666666666666666,0.7727272727272727,1.0,1.0,True,0.39287137320244864,1.0,0.0,184774.23298385803,0.0,0.9984,0.6627737226277373,0.5084586466165414,0.2913813086081551,0.7631578947368421,0.6666666666666666,0.7727272727272727,1.0,1.0,True,0.9978990835657623,0.9742891498090254,0.007402881726999644,4.718625722311339,671.8766662591111,1.0,1.0,0.9890977443609023,1.0,1.0,1.0,1.0,1.0,1.0,Rule:Combined,fleet,40000,2010,0.39,B_fleet_size,CTT_Forester,FS-B,1,2,CIDv2_OpelAstra|CIDv2_Prototype
125812,27607,0.2194305789590818,0.9996783715514694,0.9993981724393005,98229,0.039665574882341466,True,0.49882276234288403,1.0,0.0,0.9999140595204392,0.0,0.3488,0.0,0.6708646616541354,0.5144874091244337,0.8421052631578947,0.75,1.0,0.5,0.0,True,0.7944361937189843,0.99981765134938,4.073112366987424e-05,0.9995174716963918,3.696707929898823,0.9992,0.697323600973236,0.8246240601503759,0.7830049520598462,1.0,1.0,1.0,1.0,1.0,True,0.9974644112000579,0.9961293589929099,0.001089557558169136,0.22032465253035197,98.88693712479352,1.0,1.0,0.9868421052631579,1.0,1.0,1.0,1.0,1.0,1.0,True,0.9971021842286376,0.9967050474328336,0.0009266330634896391,0.3556322354468304,84.10010540519822,1.0,1.0,0.9849624060150376,1.0,1.0,1.0,1.0,1.0,1.0,True,0.998804650994313,0.974449588295579,0.007362150603329769,0.0020288813553108248,668.1799583292122,1.0,1.0,0.993796992481203,1.0,1.0,1.0,1.0,1.0,1.0,HistGB,fleet,40000,13562,16.54,B_fleet_size,CTT_Forester,FS-B,0,2,CIDv2_OpelAstra|CTT_Impala
125812,27607,0.2194305789590818,0.9997133226458581,0.9995046041459185,98229,0.039665574882341466,True,0.6573695077335459,1.0,0.0,0.9996871948242188,0.0,0.924,0.36155717761557177,0.7406015037593985,0.6485091138973764,0.9736842105263158,1.0,0.9545454545454546,1.0,1.0,True,0.8249719274097149,0.9998682939678637,3.054834275240568e-05,0.9990394711494446,2.772530947424117,0.9984,0.5012165450121655,0.8281954887218045,0.8476978189864082,1.0,1.0,1.0,1.0,1.0,True,0.9974281885029159,0.9962373371924746,0.0010590092154167303,0.13690151274204254,96.1144061773694,1.0,1.0,0.9866541353383459,1.0,1.0,1.0,1.0,1.0,1.0,True,0.9971021842286376,0.996957734236355,0.0008553535970673591,0.2665277421474457,77.63086652787528,1.0,1.0,0.9849624060150376,1.0,1.0,1.0,1.0,1.0,1.0,True,0.998768428297171,0.9766922886188941,0.006700269843694313,0.0006643323577009141,608.1084544683564,1.0,1.0,0.9936090225563909,1.0,1.0,1.0,1.0,1.0,1.0,XGBoost,fleet,40000,13562,14.74,B_fleet_size,CTT_Forester,FS-B,0,2,CIDv2_OpelAstra|CTT_Impala
125812,27607,0.2194305789590818,0.9996169681690278,0.9991515277963834,98229,0.039665574882341466,True,0.31568080559278444,1.0,0.0,234375.00000000003,0.0,0.9944,0.6627737226277373,0.11635338345864661,0.28927404909914656,0.5,0.5833333333333334,0.36363636363636365,1.0,1.0,True,0.36458144673452386,1.0,0.0,191884.50350376012,0.0,0.9976,0.6627737226277373,0.3656015037593985,0.29032767885365085,0.7368421052631579,0.5833333333333334,0.7727272727272727,1.0,1.0,True,0.42040062303039083,0.9998277050310131,2.036556183493712e-05,126648.6400972191,1.8483539649494114,0.9992,0.6627737226277373,0.6359022556390977,0.2956485091138974,0.7631578947368421,0.6666666666666666,0.7727272727272727,1.0,1.0,True,0.42040062303039083,0.999913845093478,1.018278091746856e-05,133394.61271659198,0.9241769824747057,0.9992,0.6627737226277373,0.6359022556390977,0.2956485091138974,0.7631578947368421,0.6666666666666666,0.7727272727272727,1.0,1.0,True,0.9978990835657623,0.9741857915767884,0.007433430069752049,3.3976262028352,674.6491972065352,1.0,1.0,0.9890977443609023,1.0,1.0,1.0,1.0,1.0,1.0,Rule:Combined,fleet,40000,13562,0.32,B_fleet_size,CTT_Forester,FS-B,0,2,CIDv2_OpelAstra|CTT_Impala
125812,27607,0.2194305789590818,0.9996486724807516,0.9993604731685534,98229,0.039665574882341466,True,0.703481001195349,1.0,0.0,0.9997965159096799,0.0,1.0,0.6121654501216545,0.8178571428571428,0.6617848488041302,1.0,1.0,1.0,1.0,1.0,True,0.8168218205527583,0.9995567375886525,0.0001018278091746856,0.9993604551497023,9.241769824747058,1.0,0.672992700729927,0.8513157894736842,0.8106627331155832,1.0,1.0,1.0,1.0,1.0,True,0.9975730792914841,0.9959856786373006,0.0011302886818390103,0.3258395170105613,102.58364505469234,1.0,1.0,0.987406015037594,1.0,1.0,1.0,1.0,1.0,1.0,True,0.9974281885029159,0.9963094290469643,0.0010386436535817932,0.43494338041869324,94.26605221241999,1.0,1.0,0.9866541353383459,1.0,1.0,1.0,1.0,1.0,1.0,True,0.9988770963885971,0.9742448330683625,0.00742324728883458,0.0033075981940674697,673.7250202240605,1.0,1.0,0.994172932330827,1.0,1.0,1.0,1.0,1.0,1.0,HistGB,fleet,40000,13562,22.83,B_fleet_size,CTT_Forester,FS-B,1,2,CIDv2_OpelAstra|CTT_Impala
125812,27607,0.2194305789590818,0.9997366364080723,0.9995069059887843,98229,0.039665574882341466,True,0.6834136269786648,0.9999470002119991,1.018278091746856e-05,0.9995342493057251,0.9241769824747057,0.9984,0.39902676399026765,0.7537593984962406,0.6737435465177537,0.9736842105263158,1.0,0.9545454545454546,1.0,1.0,True,0.8205527583583874,0.9997352045544816,6.109668550481136e-05,0.9989732503890991,5.545061894848234,0.9984,0.5299270072992701,0.825563909774436,0.8389000105362976,1.0,1.0,1.0,1.0,1.0,True,0.9975006338972,0.9964178456417122,0.0010080953108293875,0.20713594555854797,91.49352126499588,1.0,1.0,0.9870300751879699,1.0,1.0,1.0,1.0,1.0,1.0,True,0.9971384069257797,0.996885637719997,0.0008757191589022962,0.33260300755500793,79.4792204928247,1.0,1.0,0.9851503759398497,1.0,1.0,1.0,1.0,1.0,1.0,True,0.9988770963885971,0.9774564015312633,0.006476248663510004,0.0006454637623392045,587.7765608539129,1.0,1.0,0.994172932330827,1.0,1.0,1.0,1.0,1.0,1.0,XGBoost,fleet,40000,13562,11.96,B_fleet_size,CTT_Forester,FS-B,1,2,CIDv2_OpelAstra|CTT_Impala
125812,27607,0.2194305789590818,0.9996161314378179,0.9991493228750266,98229,0.039665574882341466,True,0.31568080559278444,1.0,0.0,234375.00000000003,0.0,0.9944,0.6627737226277373,0.11635338345864661,0.28927404909914656,0.5,0.5833333333333334,0.36363636363636365,1.0,1.0,True,0.36458144673452386,1.0,0.0,189511.6301737686,0.0,0.9976,0.6627737226277373,0.3656015037593985,0.29032767885365085,0.7368421052631579,0.5833333333333334,0.7727272727272727,1.0,1.0,True,0.42040062303039083,0.9998277050310131,2.036556183493712e-05,125082.49175900448,1.8483539649494114,0.9992,0.6627737226277373,0.6359022556390977,0.2956485091138974,0.7631578947368421,0.6666666666666666,0.7727272727272727,1.0,1.0,True,0.42040062303039083,0.999913845093478,1.018278091746856e-05,131745.04264175415,0.9241769824747057,0.9992,0.6627737226277373,0.6359022556390977,0.2956485091138974,0.7631578947368421,0.6666666666666666,0.7727272727272727,1.0,1.0,True,0.9978990835657623,0.9741513437057991,0.007443612850669518,3.3650117829280815,675.5733741890099,1.0,1.0,0.9890977443609023,1.0,1.0,1.0,1.0,1.0,1.0,Rule:Combined,fleet,40000,13562,0.39,B_fleet_size,CTT_Forester,FS-B,1,2,CIDv2_OpelAstra|CTT_Impala
125812,27607,0.2194305789590818,0.999770736939459,0.9995976661959246,98229,0.039665574882341466,True,0.5678632230955917,0.9999362163541268,1.018278091746856e-05,0.9997791574565503,0.9241769824747057,0.668,0.44379562043795623,0.6362781954887218,0.5555262880623749,0.9473684210526315,1.0,0.9090909090909091,1.0,1.0,True,0.9701162748578259,0.9993656479719393,0.00017310727559696553,0.9198872528766501,15.711008702069998,1.0,1.0,0.8725563909774436,0.9922558213043936,1.0,1.0,1.0,1.0,1.0,True,0.9944579273372696,0.9961538461538462,0.0010793747772516675,0.07661860140657342,97.96276014231881,1.0,1.0,0.9712406015037593,1.0,1.0,1.0,1.0,1.0,1.0,True,0.993805918788713,0.9964407641461466,0.000997912529911919,0.11970762799965902,90.56934428252117,1.0,1.0,0.9678571428571429,1.0,1.0,1.0,1.0,1.0,1.0,True,0.9993842141485855,0.977259846982148,0.006537345349014816,0.0014174782078743954,593.3216227487611,1.0,1.0,0.9968045112781955,1.0,1.0,1.0,1.0,1.0,1.0,HistGB,fleet,40000,20000,17.51,B_fleet_size,CTT_Forester,FS-B,0,2,CIDv2_Prototype|CTT_Silverado
125812,27607,0.2194305789590818,0.9997560359575473,0.9996283677381071,98229,0.039665574882341466,True,0.83630963161517,1.0,0.0,0.9997754693031311,0.0,0.992,0.5902676399026764,0.7411654135338346,0.8793593931092614,0.9473684210526315,1.0,0.9090909090909091,1.0,1.0,True,0.971456514652081,0.999254815753195,0.0002036556183493712,0.9713571071624756,18.483539649494116,1.0,0.9965936739659368,0.8706766917293233,0.9951006216415551,1.0,1.0,1.0,1.0,1.0,True,0.9942768138515594,0.9961893010089279,0.0010691919963341989,0.04351598396897316,97.03858315984411,1.0,1.0,0.9703007518796992,1.0,1.0,1.0,1.0,1.0,1.0,True,0.9939145868801391,0.9963687860851883,0.001018278091746856,0.05762689560651779,92.41769824747057,1.0,1.0,0.968421052631579,1.0,1.0,1.0,1.0,1.0,1.0,True,0.9993842141485855,0.9766717405925873,0.006710452624611781,0.00039727729745209217,609.032631450831,1.0,1.0,0.9968045112781955,1.0,1.0,1.0,1.0,1.0,1.0,XGBoost,fleet,40000,20000,13.13,B_fleet_size,CTT_Forester,FS-B,0,2,CIDv2_Prototype|CTT_Silverado
125812,27607,0.2194305789590818,0.9635712609788488,0.8803890404465363,98229,0.039665574882341466,True,0.2874633245191437,1.0,0.0,281250.00000000006,0.0,0.9936,0.654014598540146,0.05394736842105263,0.26672637235275526,0.3157894736842105,0.5833333333333334,0.045454545454545456,1.0,1.0,True,0.2874633245191437,1.0,0.0,281250.00000000006,0.0,0.9936,0.654014598540146,0.05394736842105263,0.26672637235275526,0.3157894736842105,0.5833333333333334,0.045454545454545456,1.0,1.0,True,0.30021371391313795,0.9951969260326609,0.0004073112366987424,281250.0,36.96707929898823,0.9944,0.6608272506082725,0.07142857142857142,0.2795806553577073,0.3684210526315789,0.5833333333333334,0.13636363636363635,1.0,1.0,True,0.30021371391313795,0.9951969260326609,0.0004073112366987424,281250.0,36.96707929898823,0.9944,0.6608272506082725,0.07142857142857142,0.2795806553577073,0.3684210526315789,0.5833333333333334,0.13636363636363635,1.0,1.0,True,0.700945412395407,0.9856866340668297,0.0028613614378086654,62500.0,259.6937320753923,1.0,0.867639902676399,0.7428571428571429,0.6514592772099884,0.8947368421052632,0.8333333333333334,0.9090909090909091,1.0,1.0,Rule:Combined,fleet,40000,20000,0.3,B_fleet_size,CTT_Forester,FS-B,0,2,CIDv2_Prototype|CTT_Silverado
125812,27607,0.2194305789590818,0.9996556186223187,0.9994312199889679,98229,0.039665574882341466,True,0.3753033650885645,1.0,0.0,0.9997958567722521,0.0,0.6656,0.2798053527980535,0.1843984962406015,0.42002950163312613,0.9473684210526315,1.0,0.9090909090909091,1.0,1.0,True,0.964067084435107,0.9994742573885613,0.00014255893284455986,0.9747649684837609,12.93847775464588,1.0,0.9995133819951338,0.8635338345864662,0.9860394057528185,1.0,1.0,1.0,1.0,1.0,True,0.9930090194515884,0.9962930658525948,0.0010386436535817932,0.1721544651631205,94.26605221241999,1.0,1.0,0.9637218045112782,1.0,1.0,1.0,1.0,1.0,1.0,True,0.991234107291629,0.9967945215459149,0.0008960847207372334,0.30746446492551066,81.3275744577741,1.0,1.0,0.9545112781954888,1.0,1.0,1.0,1.0,1.0,1.0,True,0.9986235375086029,0.9714235377026075,0.008258235324067003,0.009244364045386488,749.5075327869864,1.0,1.0,0.9928571428571429,1.0,1.0,1.0,1.0,1.0,1.0,HistGB,fleet,40000,20000,12.1,B_fleet_size,CTT_Forester,FS-B,1,2,CIDv2_Prototype|CTT_Silverado
125812,27607,0.2194305789590818,0.9996997023879688,0.9995044269588022,98229,0.039665574882341466,True,0.8008113884159814,0.9999547695508616,1.018278091746856e-05,0.9995823502540588,0.9241769824747057,0.9968,0.6150851581508516,0.631203007518797,0.855547360657465,0.9473684210526315,1.0,0.9090909090909091,1.0,1.0,True,0.9706958380120984,0.9993660264777177,0.00017310727559696553,0.9453782439231873,15.711008702069998,1.0,1.0,0.8682330827067669,0.994310399325677,1.0,1.0,1.0,1.0,1.0,True,0.9931901329372985,0.9964385652505724,0.000997912529911919,0.07068321853876114,90.56934428252117,1.0,1.0,0.9646616541353383,1.0,1.0,1.0,1.0,1.0,1.0,True,0.9924656789944579,0.9968710205566673,0.0008757191589022962,0.1385277509689331,79.4792204928247,1.0,1.0,0.9609022556390977,1.0,1.0,1.0,1.0,1.0,1.0,True,0.9985148694171768,0.9752697682646383,0.007117763861310524,0.001355328713543713,645.9997107498193,1.0,1.0,0.9922932330827068,1.0,1.0,1.0,1.0,1.0,1.0,XGBoost,fleet,40000,20000,7.43,B_fleet_size,CTT_Forester,FS-B,1,2,CIDv2_Prototype|CTT_Silverado
125812,27607,0.2194305789590818,0.9635712609788488,0.8803890404465363,98229,0.039665574882341466,True,0.2874633245191437,1.0,0.0,281250.00000000006,0.0,0.9936,0.654014598540146,0.05394736842105263,0.26672637235275526,0.3157894736842105,0.5833333333333334,0.045454545454545456,1.0,1.0,True,0.2874633245191437,1.0,0.0,281250.00000000006,0.0,0.9936,0.654014598540146,0.05394736842105263,0.26672637235275526,0.3157894736842105,0.5833333333333334,0.045454545454545456,1.0,1.0,True,0.30021371391313795,0.9951969260326609,0.0004073112366987424,281250.0,36.96707929898823,0.9944,0.6608272506082725,0.07142857142857142,0.2795806553577073,0.3684210526315789,0.5833333333333334,0.13636363636363635,1.0,1.0,True,0.30021371391313795,0.9951969260326609,0.0004073112366987424,281250.0,36.96707929898823,0.9944,0.6608272506082725,0.07142857142857142,0.2795806553577073,0.3684210526315789,0.5833333333333334,0.13636363636363635,1.0,1.0,True,0.700945412395407,0.9856866340668297,0.0028613614378086654,62500.0,259.6937320753923,1.0,0.867639902676399,0.7428571428571429,0.6514592772099884,0.8947368421052632,0.8333333333333334,0.9090909090909091,1.0,1.0,Rule:Combined,fleet,40000,20000,0.29,B_fleet_size,CTT_Forester,FS-B,1,2,CIDv2_Prototype|CTT_Silverado
125812,27607,0.2194305789590818,0.976494330707124,0.9549819305299823,98229,0.039665574882341466,True,0.6062955047632846,1.0,0.0,0.8859295191271042,0.0,0.6208,0.6574209245742092,0.6648496240601504,0.5833947950690127,0.9473684210526315,1.0,0.9090909090909091,1.0,1.0,True,0.6955120078241026,0.9996355685131195,7.127946642227993e-05,0.5239026229701145,6.46923887732294,0.9992,0.781021897810219,0.762593984962406,0.6474554841428722,0.9736842105263158,1.0,0.9545454545454546,1.0,1.0,True,0.7179338573550187,0.9986395928855747,0.00027493508477165115,0.42156165396733286,24.952778526817056,0.9992,0.8306569343065694,0.7853383458646617,0.6683173532820567,0.9736842105263158,1.0,0.9545454545454546,1.0,1.0,True,0.7179338573550187,0.9986395928855747,0.00027493508477165115,0.42156165396733286,24.952778526817056,0.9992,0.8306569343065694,0.7853383458646617,0.6683173532820567,0.9736842105263158,1.0,0.9545454545454546,1.0,1.0,True,0.8069330242329844,0.9650825282675562,0.00820732141947966,0.1592801508138698,744.8866478746128,1.0,0.9669099756690998,0.8377819548872181,0.7682541354967864,0.9736842105263158,1.0,0.9545454545454546,1.0,1.0,HistGB,fleet,40000,20000,26.22,B_fleet_size,CTT_Forester,FS-B,0,2,CIDv2_Prototype|ROAD_ORNL
125812,27607,0.2194305789590818,0.9644739958408024,0.9372391474322376,98229,0.039665574882341466,True,0.5494983156445828,1.0,0.0,0.8636519312858582,0.0,0.648,0.32749391727493915,0.6650375939849624,0.5346644189231904,0.9473684210526315,1.0,0.9090909090909091,1.0,1.0,True,0.6754446336074184,0.9996783359245162,6.109668550481136e-05,0.45052140951156616,5.545061894848234,0.9752,0.6661800486618005,0.7759398496240602,0.6285428300495206,0.9473684210526315,1.0,0.9090909090909091,1.0,1.0,True,0.7131524613322708,0.9972647148211934,0.0005498701695433023,0.2715669572353363,49.90555705363411,0.9992,0.6982968369829684,0.8086466165413534,0.6691602570856601,0.9473684210526315,1.0,0.9090909090909091,1.0,1.0,True,0.7116673307494477,0.9975121852152722,0.0004989562649559595,0.2754535675048828,45.284672141260586,0.9992,0.6953771289537712,0.8073308270676691,0.6676851754293541,0.9473684210526315,1.0,0.9090909090909091,1.0,1.0,True,0.8074039192958308,0.9604032918264467,0.009357975663153608,0.09846807271242142,849.3186468942546,1.0,0.7805352798053528,0.8426691729323308,0.7877462859551154,0.9736842105263158,1.0,0.9545454545454546,1.0,1.0,XGBoost,fleet,40000,20000,9.63,B_fleet_size,CTT_Forester,FS-B,0,2,CIDv2_Prototype|ROAD_ORNL
125812,27607,0.2194305789590818,0.8682820936531573,0.78203729255479,98229,0.039665574882341466,True,0.09867062701488753,1.0,0.0,218750.00000000003,0.0,0.36,0.6627737226277373,0.0,0.04804551680539459,0.15789473684210525,0.25,0.0,0.5,1.0,True,0.09877929510631361,1.0,0.0,209977.1258656482,0.0,0.36,0.6627737226277373,0.0,0.04820356126857023,0.15789473684210525,0.25,0.0,0.5,1.0,True,0.09892418589488174,1.0,0.0,137840.94272967154,0.0,0.3608,0.6627737226277373,0.0,0.04836160573174587,0.15789473684210525,0.25,0.0,0.5,1.0,True,0.09892418589488174,1.0,0.0,145205.50163617946,0.0,0.3608,0.6627737226277373,0.0,0.04836160573174587,0.15789473684210525,0.25,0.0,0.5,1.0,True,0.475169341109139,0.9384747460294749,0.008757191589022962,3.5736206005837214,794.792204928247,0.9992,1.0,0.6364661654135338,0.33863660309767146,0.8421052631578947,0.8333333333333334,0.8181818181818182,1.0,1.0,Rule:Combined,fleet,40000,20000,0.28,B_fleet_size,CTT_Forester,FS-B,0,2,CIDv2_Prototype|ROAD_ORNL
125812,27607,0.2194305789590818,0.9797123709079073,0.9613108945757104,98229,0.039665574882341466,True,0.6764226464302532,0.999946452476573,1.018278091746856e-05,0.6506411185114211,0.9241769824747057,0.94,0.8700729927007299,0.7342105263157894,0.6219049625961437,0.9473684210526315,1.0,0.9090909090909091,1.0,1.0,True,0.7348498569203463,0.9996550704641766,7.127946642227993e-05,0.41016857805438917,6.46923887732294,0.9992,0.9858880778588808,0.7768796992481203,0.6784848804130229,0.9473684210526315,1.0,0.9090909090909091,1.0,1.0,True,0.7784982069764915,0.9961067853170189,0.0008553535970673591,0.23090905747509344,77.63086652787528,1.0,1.0,0.812218045112782,0.7304815087978085,0.9736842105263158,1.0,0.9545454545454546,1.0,1.0,True,0.7776650849422247,0.9964262508122157,0.0007840741306450791,0.2326592627450987,71.16162765055233,1.0,1.0,0.8114661654135338,0.7294805605310294,0.9736842105263158,1.0,0.9545454545454546,1.0,1.0,True,0.8490600210091643,0.9684749824401934,0.007769461840028512,0.12642223756262252,705.1470376282005,1.0,1.0,0.8336466165413534,0.8270993572858497,0.9736842105263158,1.0,0.9545454545454546,1.0,1.0,HistGB,fleet,40000,20000,19.16,B_fleet_size,CTT_Forester,FS-B,1,2,CIDv2_Prototype|ROAD_ORNL
125812,27607,0.2194305789590818,0.9677841176012012,0.935805416598565,98229,0.039665574882341466,True,0.554605715941609,1.0,0.0,0.8785134553909302,0.0,0.5016,0.5659367396593674,0.6706766917293233,0.5243388473290486,0.9473684210526315,1.0,0.9090909090909091,1.0,1.0,True,0.6386423733111167,0.9997731783385313,4.073112366987424e-05,0.7065749764442444,3.696707929898823,0.952,0.6437956204379562,0.731203007518797,0.5915077441786956,0.9473684210526315,1.0,0.9090909090909091,1.0,1.0,True,0.6684536530590067,0.9963286902062413,0.0006924291023878621,0.54851895570755,62.84403480827999,0.9968,0.6637469586374696,0.768984962406015,0.6191655252344326,0.9473684210526315,1.0,0.9090909090909091,1.0,1.0,True,0.6673307494476038,0.9966998485176368,0.0006211496359655822,0.5548672080039978,56.37479593095705,0.9968,0.6637469586374696,0.7671052631578947,0.6180592139922031,0.9473684210526315,1.0,0.9090909090909091,1.0,1.0,True,0.7352483065889086,0.9656977020790714,0.007341785041494832,0.21691522002220154,666.3316043642628,1.0,0.7211678832116788,0.8244360902255639,0.694342008218312,0.9736842105263158,1.0,0.9545454545454546,1.0,1.0,XGBoost,fleet,40000,20000,9.09,B_fleet_size,CTT_Forester,FS-B,1,2,CIDv2_Prototype|ROAD_ORNL
125812,27607,0.2194305789590818,0.8711010630457012,0.7841626309000337,98229,0.039665574882341466,True,0.09867062701488753,1.0,0.0,218750.00000000003,0.0,0.36,0.6627737226277373,0.0,0.04804551680539459,0.15789473684210525,0.25,0.0,0.5,1.0,True,0.09885174050059767,1.0,0.0,203052.35458148833,0.0,0.36,0.6627737226277373,0.0,0.048308924244020654,0.15789473684210525,0.25,0.0,0.5,1.0,True,0.09892418589488174,1.0,0.0,133295.1285222388,0.0,0.3608,0.6627737226277373,0.0,0.04836160573174587,0.15789473684210525,0.25,0.0,0.5,1.0,True,0.09892418589488174,1.0,0.0,140416.8138975178,0.0,0.3608,0.6627737226277373,0.0,0.04836160573174587,0.15789473684210525,0.25,0.0,0.5,1.0,True,0.6276306733799398,0.9512489706286028,0.009042309454712082,3.4917653816710232,820.6691604375387,1.0,1.0,0.6379699248120301,0.5598988515435676,0.868421052631579,0.9166666666666666,0.8181818181818182,1.0,1.0,Rule:Combined,fleet,40000,20000,0.3,B_fleet_size,CTT_Forester,FS-B,1,2,CIDv2_Prototype|ROAD_ORNL
125812,27607,0.2194305789590818,0.9996756673439026,0.9993441239028228,98229,0.039665574882341466,True,0.6045930379976093,1.0,0.0,0.999700962212431,0.0,0.0,0.645742092457421,0.6695488721804511,0.6217469181329681,0.8947368421052632,1.0,0.9090909090909091,0.0,1.0,True,0.8273988481182308,0.9995624015403466,0.0001018278091746856,0.9980430234084959,9.241769824747058,0.0096,0.9742092457420924,0.825,0.8660309767147825,0.9473684210526315,1.0,0.9545454545454546,0.5,1.0,True,0.9880102872459884,0.9960197188241738,0.0011099231200040732,0.5670476730438498,100.73529108974293,0.7824,1.0,0.9900375939849624,0.9996839110736487,1.0,1.0,1.0,1.0,1.0,True,0.9807295251204404,0.9963201471941122,0.001018278091746856,0.665059617877102,92.41769824747057,0.628,1.0,0.9889097744360902,0.9995785480981982,1.0,1.0,1.0,1.0,1.0,True,0.9992755460571594,0.9652554233729881,0.01011150145104628,0.01669139479740209,917.7077435973828,1.0,1.0,0.9962406015037594,1.0,1.0,1.0,1.0,1.0,1.0,HistGB,fleet,40000,20000,23.87,B_fleet_size,CTT_Forester,FS-B,0,2,CTT_Traverse|ROAD_ORNL
125812,27607,0.2194305789590818,0.9996561654391662,0.9993450504873329,98229,0.039665574882341466,True,0.7067772666352736,0.999897509480373,2.036556183493712e-05,0.9990559220314026,1.8483539649494114,0.0,0.7586374695863747,0.7774436090225564,0.727900115899273,0.9210526315789473,1.0,0.9545454545454546,0.0,1.0,True,0.873546564277176,0.9994612292262423,0.0001323761519270913,0.9963328838348389,12.014300772171175,0.0008,0.9381995133819951,0.8701127819548872,0.9249815614792962,0.9736842105263158,1.0,1.0,0.5,1.0,True,0.9806208570290144,0.9962097516099356,0.0010488264344992618,0.8180209994316101,95.1902291948947,0.6216,1.0,0.9892857142857143,0.9997365925613739,1.0,1.0,1.0,1.0,1.0,True,0.9737747672691709,0.9965524911032029,0.0009469986253245762,0.8776344060897827,85.94845937014765,0.488,0.9995133819951338,0.9855263157894737,0.9996839110736487,1.0,1.0,1.0,1.0,1.0,True,0.9992031006628753,0.9593781518450248,0.01189348811160328,0.038564302027225494,1079.4387155304564,1.0,1.0,0.9958646616541353,1.0,1.0,1.0,1.0,1.0,1.0,XGBoost,fleet,40000,20000,8.62,B_fleet_size,CTT_Forester,FS-B,0,2,CTT_Traverse|ROAD_ORNL
125812,27607,0.2194305789590818,0.9728191875844536,0.9268373593256961,98229,0.039665574882341466,True,0.09877929510631361,1.0,0.0,203670.98169434525,0.0,0.36,0.6627737226277373,0.0,0.04820356126857023,0.15789473684210525,0.25,0.0,0.5,1.0,True,0.09885174050059767,1.0,0.0,198034.5279202187,0.0,0.36,0.6627737226277373,0.0,0.048308924244020654,0.15789473684210525,0.25,0.0,0.5,1.0,True,0.09892418589488174,1.0,0.0,129486.54435189097,0.0,0.3608,0.6627737226277373,0.0,0.04836160573174587,0.15789473684210525,0.25,0.0,0.5,1.0,True,0.09892418589488174,1.0,0.0,136476.68055198458,0.0,0.3608,0.6627737226277373,0.0,0.04836160573174587,0.15789473684210525,0.25,0.0,0.5,1.0,True,0.7072843843952621,0.9626781048168417,0.0077083651545237,3.343954511261654,699.6019757333523,1.0,1.0,0.6774436090225564,0.6646823306290169,0.9473684210526315,0.9166666666666666,0.9545454545454546,1.0,1.0,Rule:Combined,fleet,40000,20000,0.32,B_fleet_size,CTT_Forester,FS-B,0,2,CTT_Traverse|ROAD_ORNL
125812,27607,0.2194305789590818,0.9997432122264588,0.9993213754852851,98229,0.039665574882341466,True,0.5372912667077191,1.0,0.0,0.9998270304234949,0.0,0.0,0.5980535279805352,0.6580827067669173,0.5322410704878305,0.8421052631578947,1.0,0.8181818181818182,0.0,1.0,True,0.760531749194045,0.9994763650211834,0.00011201059009215417,0.9987970424920847,10.165946807221763,0.0168,0.8282238442822385,0.7776315789473685,0.7973869982088294,0.9473684210526315,1.0,0.9545454545454546,0.5,1.0,True,0.9897851994059478,0.9958090379008746,0.0011710198055088846,0.72352368825194,106.28035298459118,0.8136,1.0,0.9911654135338346,0.9998946370245496,1.0,1.0,1.0,1.0,1.0,True,0.9854022530517622,0.996264557240167,0.0010386436535817932,0.794091023377597,94.26605221241999,0.7264,1.0,0.9892857142857143,0.9997892740490991,1.0,1.0,1.0,1.0,1.0,True,0.9993479914514435,0.9689530432339409,0.009001578331042207,0.0157245007850207,816.9724525076399,1.0,1.0,0.9966165413533835,1.0,1.0,1.0,1.0,1.0,1.0,HistGB,fleet,40000,20000,21.65,B_fleet_size,CTT_Forester,FS-B,1,2,CTT_Traverse|ROAD_ORNL
125812,27607,0.2194305789590818,0.9997698055987911,0.9994759776670913,98229,0.039665574882341466,True,0.6617886767848734,0.9998905429071804,2.036556183493712e-05,0.999068558216095,1.8483539649494114,0.0,0.7148418491484185,0.7041353383458646,0.6877568222526604,0.8947368421052632,1.0,0.9090909090909091,0.0,1.0,True,0.8861520628826023,0.9992239513131561,0.00019347283743190267,0.9919368028640747,17.55936266701941,0.0432,0.9931873479318735,0.8776315789473684,0.9324623327362764,1.0,1.0,1.0,1.0,1.0,True,0.9975730792914841,0.9962378816379684,0.0010590092154167303,0.7226030826568604,96.1144061773694,0.9976,1.0,0.9881578947368421,0.9999473185122748,1.0,1.0,1.0,1.0,1.0,True,0.9948925997029738,0.9966977537467794,0.0009266330634896391,0.8299067616462708,84.10010540519822,0.964,1.0,0.9834586466165414,0.9995785480981982,1.0,1.0,1.0,1.0,1.0,True,0.9993842141485855,0.9558950906004227,0.012962680107937477,0.025342710316181183,1176.4772986903004,1.0,1.0,0.9968045112781955,1.0,1.0,1.0,1.0,1.0,1.0,XGBoost,fleet,40000,20000,8.39,B_fleet_size,CTT_Forester,FS-B,1,2,CTT_Traverse|ROAD_ORNL
125812,27607,0.2194305789590818,0.9734420643501922,0.927348457188968,98229,0.039665574882341466,True,0.09877929510631361,1.0,0.0,204345.97575694395,0.0,0.36,0.6627737226277373,0.0,0.04820356126857023,0.15789473684210525,0.25,0.0,0.5,1.0,True,0.09885174050059767,1.0,0.0,198690.8419882497,0.0,0.36,0.6627737226277373,0.0,0.048308924244020654,0.15789473684210525,0.25,0.0,0.5,1.0,True,0.09892418589488174,1.0,0.0,129915.68083415685,0.0,0.3608,0.6627737226277373,0.0,0.04836160573174587,0.15789473684210525,0.25,0.0,0.5,1.0,True,0.09892418589488174,1.0,0.0,136928.9833213306,0.0,0.3608,0.6627737226277373,0.0,0.04836160573174587,0.15789473684210525,0.25,0.0,0.5,1.0,True,0.7072843843952621,0.9630104557111856,0.0076370856881014205,3.34932871520313,693.1327368560294,1.0,1.0,0.6774436090225564,0.6646823306290169,0.9473684210526315,0.9166666666666666,0.9545454545454546,1.0,1.0,Rule:Combined,fleet,40000,20000,0.34,B_fleet_size,CTT_Forester,FS-B,1,2,CTT_Traverse|ROAD_ORNL
125812,27607,0.2194305789590818,0.9696029973397573,0.9560527411851739,98229,0.039665574882341466,True,0.466512116492194,0.9999223602484472,1.018278091746856e-05,0.991321123250035,0.9241769824747057,0.0216,0.11873479318734793,0.6268796992481203,0.4885154356759035,0.7894736842105263,0.8333333333333334,0.7727272727272727,0.5,1.0,True,0.4844423515774985,0.9996262799910307,5.09139045873428e-05,0.9850499361884896,4.620884912373529,0.0856,0.12798053527980535,0.631578947368421,0.5080602676219577,0.8157894736842105,0.8333333333333334,0.7727272727272727,1.0,1.0,True,0.5109211431883218,0.9980188211986132,0.0002851178656891197,0.968121131943693,25.87695550929176,0.3152,0.16496350364963502,0.6362781954887218,0.5261300179117058,0.8157894736842105,0.8333333333333334,0.7727272727272727,1.0,1.0,True,0.5106675843083276,0.998017839444995,0.0002851178656891197,0.9683080646288471,25.87695550929176,0.3136,0.16447688564476887,0.6362781954887218,0.525919291960805,0.8157894736842105,0.8333333333333334,0.7727272727272727,1.0,1.0,True,0.8987937841851704,0.8957115009746589,0.029418054070566673,0.008666654799149492,2669.947302369425,1.0,1.0,0.881203007518797,0.8861026235380887,1.0,1.0,1.0,1.0,1.0,HistGB,fleet,40000,20000,23.87,B_fleet_size,CTT_Forester,FS-B,0,3,CIDv2_OpelAstra|CIDv2_RenaultClio|ROAD_ORNL
125812,27607,0.2194305789590818,0.9883280051702574,0.9798741203924786,98229,0.039665574882341466,True,0.4077951244249647,1.0,0.0,0.9878173470497131,0.0,0.0088,0.06569343065693431,0.6144736842105263,0.4131809082288484,0.7368421052631579,0.75,0.7272727272727273,0.5,1.0,True,0.4221755351903503,0.9998284292699665,2.036556183493712e-05,0.9836233258247375,1.8483539649494114,0.0248,0.06958637469586375,0.6229323308270677,0.4302497102518175,0.7631578947368421,0.75,0.7727272727272727,0.5,1.0,True,0.5174412286738871,0.9981134712129681,0.00027493508477165115,0.9053123593330383,24.952778526817056,0.6616,0.1343065693430657,0.637781954887218,0.5156990833421136,0.8421052631578947,0.9166666666666666,0.7727272727272727,1.0,1.0,True,0.4295287427101822,0.9980641360154869,0.0002342039611017769,0.9804820418357849,21.256070596918235,0.0352,0.07201946472019465,0.6259398496240601,0.4391528816773786,0.7631578947368421,0.75,0.7727272727272727,0.5,1.0,True,0.9432390335784403,0.9605311693102176,0.01089557558169136,0.007961464114487171,988.8693712479352,1.0,1.0,0.8682330827067669,0.9543778316299653,1.0,1.0,1.0,1.0,1.0,XGBoost,fleet,40000,20000,10.32,B_fleet_size,CTT_Forester,FS-B,0,3,CIDv2_OpelAstra|CIDv2_RenaultClio|ROAD_ORNL
125812,27607,0.2194305789590818,0.8658837887094021,0.7826427852788554,98229,0.039665574882341466,True,0.09758394610062665,1.0,0.0,275386.15516106883,0.0,0.3592,0.6608272506082725,0.0,0.04672847961226425,0.15789473684210525,0.25,0.0,0.5,1.0,True,0.09758394610062665,1.0,0.0,267765.033483906,0.0,0.3592,0.6608272506082725,0.0,0.04672847961226425,0.15789473684210525,0.25,0.0,0.5,1.0,True,0.09888796319773971,1.0,0.0,175080.43457829373,0.0,0.36,0.6627737226277373,0.0,0.04836160573174587,0.15789473684210525,0.25,0.0,0.5,1.0,True,0.09888796319773971,1.0,0.0,184531.88768261895,0.0,0.36,0.6627737226277373,0.0,0.04836160573174587,0.15789473684210525,0.25,0.0,0.5,1.0,True,0.46937370956641433,0.9471529858928441,0.007362150603329769,4.510015640254086,668.1799583292122,0.9992,1.0,0.6304511278195488,0.33189337266884417,0.868421052631579,0.8333333333333334,0.8636363636363636,1.0,1.0,Rule:Combined,fleet,40000,20000,0.31,B_fleet_size,CTT_Forester,FS-B,0,3,CIDv2_OpelAstra|CIDv2_RenaultClio|ROAD_ORNL
125812,27607,0.2194305789590818,0.965894401382418,0.9399035949649212,98229,0.039665574882341466,True,0.39211069656246605,1.0,0.0,0.9879433942223974,0.0,0.168,0.07104622871046229,0.6189849624060151,0.37804235591613106,0.7894736842105263,0.75,0.7727272727272727,1.0,1.0,True,0.4063462165392835,1.0,0.0,0.9856638296701484,0.0,0.2584,0.07445255474452554,0.6242481203007518,0.39094932040880837,0.8157894736842105,0.8333333333333334,0.7727272727272727,1.0,1.0,True,0.44622740609265765,0.9979747245625405,0.000254569522936714,0.9775086348092339,23.104424561867642,0.4568,0.08175182481751825,0.6332706766917293,0.4325676957117269,0.8157894736842105,0.8333333333333334,0.7727272727272727,1.0,1.0,True,0.4250371282645706,0.99931868506217,8.146224733974848e-05,0.9822346521975257,7.393415859797646,0.3568,0.07737226277372262,0.6285714285714286,0.410125381940786,0.8157894736842105,0.8333333333333334,0.7727272727272727,1.0,1.0,True,0.8279421885753613,0.9081770502225047,0.023532406700269844,0.01065422161420702,2135.773006499045,1.0,1.0,0.86296992481203,0.7881677378569171,1.0,1.0,1.0,1.0,1.0,HistGB,fleet,40000,20000,32.58,B_fleet_size,CTT_Forester,FS-B,1,3,CIDv2_OpelAstra|CIDv2_RenaultClio|ROAD_ORNL
125812,27607,0.2194305789590818,0.9755233311561541,0.9573563419952252,98229,0.039665574882341466,True,0.40525953562502265,0.9999106265081776,1.018278091746856e-05,0.9904965162277222,0.9241769824747057,0.028,0.06618004866180048,0.5966165413533835,0.4131809082288484,0.7631578947368421,0.75,0.7727272727272727,0.5,1.0,True,0.4076502336363966,0.9999111505997335,1.018278091746856e-05,0.9901185631752014,0.9241769824747057,0.032,0.06666666666666667,0.5984962406015037,0.4158149826151091,0.7631578947368421,0.75,0.7727272727272727,0.5,1.0,True,0.46397652769225195,0.997896540978498,0.00027493508477165115,0.9643872976303101,24.952778526817056,0.172,0.07688564476885645,0.631578947368421,0.4781371825940365,0.8157894736842105,0.8333333333333334,0.7727272727272727,1.0,1.0,True,0.4227550983446227,0.9982039001026343,0.00021383839926683977,0.9867163896560669,19.40771663196882,0.0592,0.06909975669099756,0.612406015037594,0.4318301548835739,0.7631578947368421,0.75,0.7727272727272727,0.5,1.0,True,0.8584416995689499,0.9447855206506139,0.014103151570693957,0.014404692687094212,1279.9851207274676,1.0,1.0,0.8565789473684211,0.834316721104204,1.0,1.0,1.0,1.0,1.0,XGBoost,fleet,40000,20000,17.3,B_fleet_size,CTT_Forester,FS-B,1,3,CIDv2_OpelAstra|CIDv2_RenaultClio|ROAD_ORNL
125812,27607,0.2194305789590818,0.8674892863134066,0.7837182279786582,98229,0.039665574882341466,True,0.09758394610062665,1.0,0.0,274165.1170932788,0.0,0.3592,0.6608272506082725,0.0,0.04672847961226425,0.15789473684210525,0.25,0.0,0.5,1.0,True,0.09758394610062665,1.0,0.0,266577.78744858014,0.0,0.3592,0.6608272506082725,0.0,0.04672847961226425,0.15789473684210525,0.25,0.0,0.5,1.0,True,0.09888796319773971,1.0,0.0,174304.12841501102,0.0,0.36,0.6627737226277373,0.0,0.04836160573174587,0.15789473684210525,0.25,0.0,0.5,1.0,True,0.09888796319773971,1.0,0.0,183713.6738023801,0.0,0.36,0.6627737226277373,0.0,0.04836160573174587,0.15789473684210525,0.25,0.0,0.5,1.0,True,0.4713659579092259,0.9472956249545025,0.007372333384247238,4.493443557074111,669.104135311687,0.9992,1.0,0.63703007518797,0.33294700242334846,0.868421052631579,0.8333333333333334,0.8636363636363636,1.0,1.0,Rule:Combined,fleet,40000,20000,0.32,B_fleet_size,CTT_Forester,FS-B,1,3,CIDv2_OpelAstra|CIDv2_RenaultClio|ROAD_ORNL
125812,27607,0.2194305789590818,0.9997730619714983,0.99951947143099,98229,0.039665574882341466,True,0.6734161625674647,0.9999462134251291,1.018278091746856e-05,0.9899149676944747,0.9241769824747057,0.9968,0.9975669099756691,0.6768796992481203,0.616057317458645,0.9473684210526315,1.0,0.9090909090909091,1.0,1.0,True,0.946643967109791,0.9994263642969139,0.0001527417137620284,0.5927082842187998,13.862654737120586,1.0,1.0,0.8765037593984962,0.9570119060162259,1.0,1.0,1.0,1.0,1.0,True,0.9952910493715362,0.9964460562103354,0.000997912529911919,0.05256934053318165,90.56934428252117,1.0,1.0,0.9772556390977444,0.999525866610473,1.0,1.0,1.0,1.0,1.0,True,0.9946028181258376,0.9968415320384825,0.0008859019398197648,0.06370221731256942,80.4033974752994,1.0,1.0,0.975187969924812,0.9991044147086714,1.0,1.0,1.0,1.0,1.0,True,0.9982250878400406,0.9759535361405248,0.0069141082429611525,0.013577365650844567,627.5161711003252,1.0,1.0,0.9907894736842106,1.0,1.0,1.0,1.0,1.0,1.0,HistGB,fleet,40000,20000,33.79,B_fleet_size,CTT_Forester,FS-B,0,3,CIDv2_Prototype|CTT_Silverado|ROAD_ORNL
125812,27607,0.2194305789590818,0.9990289283392869,0.9979829179986797,98229,0.039665574882341466,True,0.720940341217807,1.0,0.0,0.981357216835022,0.0,0.9976,0.9664233576642336,0.6836466165413534,0.6865978295227058,0.9473684210526315,1.0,0.9090909090909091,1.0,1.0,True,0.9442894917955591,0.9993483094380127,0.00017310727559696553,0.6556864976882935,15.711008702069998,0.9992,1.0,0.856203007518797,0.9593298914761352,1.0,1.0,1.0,1.0,1.0,True,0.9756945702176985,0.9963749352667012,0.000997912529911919,0.21671608090400696,90.56934428252117,1.0,1.0,0.9110902255639097,0.9895690654304078,1.0,1.0,1.0,1.0,1.0,True,0.9745354439091535,0.9967767033455597,0.0008859019398197648,0.22915847599506378,80.4033974752994,1.0,1.0,0.9086466165413534,0.9885681171636287,1.0,1.0,1.0,1.0,1.0,True,0.9914514434744811,0.9606893404934892,0.011404714627564788,0.06332501024007797,1035.0782203716706,1.0,1.0,0.9565789473684211,0.9997365925613739,1.0,1.0,1.0,1.0,1.0,XGBoost,fleet,40000,20000,10.02,B_fleet_size,CTT_Forester,FS-B,0,3,CIDv2_Prototype|CTT_Silverado|ROAD_ORNL
125812,27607,0.2194305789590818,0.8806655457050389,0.8122510090979901,98229,0.039665574882341466,True,0.09877929510631361,1.0,0.0,211821.2255309436,0.0,0.36,0.6627737226277373,0.0,0.04820356126857023,0.15789473684210525,0.25,0.0,0.5,1.0,True,0.09877929510631361,1.0,0.0,205959.21888679167,0.0,0.36,0.6627737226277373,0.0,0.04820356126857023,0.15789473684210525,0.25,0.0,0.5,1.0,True,0.09892418589488174,1.0,0.0,134668.17307875204,0.0,0.3608,0.6627737226277373,0.0,0.04836160573174587,0.15789473684210525,0.25,0.0,0.5,1.0,True,0.09892418589488174,1.0,0.0,141938.03219417177,0.0,0.3608,0.6627737226277373,0.0,0.04836160573174587,0.15789473684210525,0.25,0.0,0.5,1.0,True,0.6770746549788097,0.9626615852088376,0.007382516165164706,3.4531307761076273,670.0283122941617,1.0,1.0,0.7328947368421053,0.605204930987251,0.8947368421052632,0.9166666666666666,0.8636363636363636,1.0,1.0,Rule:Combined,fleet,40000,20000,0.33,B_fleet_size,CTT_Forester,FS-B,0,3,CIDv2_Prototype|CTT_Silverado|ROAD_ORNL
125812,27607,0.2194305789590818,0.9998391583887863,0.9996193425042509,98229,0.039665574882341466,True,0.6446553410366936,1.0,0.0,0.9887945721367207,0.0,0.9968,0.9975669099756691,0.6507518796992481,0.5815509429986303,0.8947368421052632,1.0,0.8181818181818182,1.0,1.0,True,0.9541782881153331,0.9993929736702329,0.00016292449467949696,0.3609231274738231,14.786831719595291,1.0,1.0,0.8718045112781955,0.9692866926562006,1.0,1.0,1.0,1.0,1.0,True,0.9960517260115188,0.9968099760748206,0.0008960847207372334,0.02482908657859989,81.3275744577741,1.0,1.0,0.9821428571428571,0.999262459171847,1.0,1.0,1.0,1.0,1.0,True,0.9953272720686782,0.9971694004935404,0.0007942569115625477,0.027684551211236266,72.08580463302704,1.0,1.0,0.9791353383458646,0.9990517332209462,1.0,1.0,1.0,1.0,1.0,True,0.9990944325714493,0.9721213830049695,0.008054579705717631,0.0051782676869089024,731.0239931374923,1.0,1.0,0.9953007518796992,1.0,1.0,1.0,1.0,1.0,1.0,HistGB,fleet,40000,20000,33.13,B_fleet_size,CTT_Forester,FS-B,1,3,CIDv2_Prototype|CTT_Silverado|ROAD_ORNL
125812,27607,0.2194305789590818,0.9996003076832358,0.9991854647073745,98229,0.039665574882341466,True,0.6615713406020213,1.0,0.0,0.9695009589195251,0.0,0.9976,0.962043795620438,0.6593984962406015,0.6075229164471605,0.9473684210526315,1.0,0.9090909090909091,1.0,1.0,True,0.9531640525953563,0.9993543731723064,0.00017310727559696553,0.4140455722808838,15.711008702069998,1.0,1.0,0.8614661654135338,0.9707090928247813,1.0,1.0,1.0,1.0,1.0,True,0.9871409425145796,0.9965990126165661,0.0009469986253245762,0.06312234699726105,85.94845937014765,1.0,1.0,0.9364661654135338,0.9991044147086714,1.0,1.0,1.0,1.0,1.0,True,0.9869960517260116,0.996780801872988,0.0008960847207372334,0.06506766378879547,81.3275744577741,1.0,1.0,0.9360902255639098,0.9989990517332209,1.0,1.0,1.0,1.0,1.0,True,0.9972470750172058,0.9745141764893278,0.007331602260577364,0.010011070407927036,665.4074273817881,1.0,1.0,0.9857142857142858,1.0,1.0,1.0,1.0,1.0,1.0,XGBoost,fleet,40000,20000,14.98,B_fleet_size,CTT_Forester,FS-B,1,3,CIDv2_Prototype|CTT_Silverado|ROAD_ORNL
125812,27607,0.2194305789590818,0.8806337698368438,0.812266824270018,98229,0.039665574882341466,True,0.09877929510631361,1.0,0.0,208011.0395381914,0.0,0.36,0.6627737226277373,0.0,0.04820356126857023,0.15789473684210525,0.25,0.0,0.5,1.0,True,0.09885174050059767,1.0,0.0,202254.4776602478,0.0,0.36,0.6627737226277373,0.0,0.048308924244020654,0.15789473684210525,0.25,0.0,0.5,1.0,True,0.09892418589488174,1.0,0.0,132245.78516826485,0.0,0.3608,0.6627737226277373,0.0,0.04836160573174587,0.15789473684210525,0.25,0.0,0.5,1.0,True,0.09892418589488174,1.0,0.0,139384.8753096239,0.0,0.3608,0.6627737226277373,0.0,0.04836160573174587,0.15789473684210525,0.25,0.0,0.5,1.0,True,0.6770746549788097,0.9622651222651223,0.007463978412504455,3.3954777452505387,677.4217281539593,1.0,1.0,0.7328947368421053,0.605204930987251,0.8947368421052632,0.9166666666666666,0.8636363636363636,1.0,1.0,Rule:Combined,fleet,40000,20000,0.32,B_fleet_size,CTT_Forester,FS-B,1,3,CIDv2_Prototype|CTT_Silverado|ROAD_ORNL
125812,27607,0.2194305789590818,0.999669448570176,0.9991467726618358,98229,0.039665574882341466,True,0.4512985836925417,1.0,0.0,0.9995002233134106,0.0,0.012,0.727007299270073,0.47161654135338343,0.44468443788852596,0.9210526315789473,1.0,0.9090909090909091,0.5,1.0,True,0.7185134205092911,0.9994457600644934,0.00011201059009215417,0.997769953460081,10.165946807221763,0.3384,0.9965936739659368,0.7272556390977444,0.7109893583394795,0.9473684210526315,1.0,0.9545454545454546,0.5,1.0,True,0.9770348100119535,0.996122313317084,0.0010691919963341989,0.5737550646880768,97.03858315984411,0.5656,1.0,0.9862781954887218,0.9990517332209462,1.0,1.0,1.0,1.0,1.0,True,0.9730140906291882,0.9962910763296491,0.001018278091746856,0.6745460726222274,92.41769824747057,0.5144,1.0,0.9819548872180451,0.997787377515541,1.0,1.0,1.0,1.0,1.0,True,0.9993842141485855,0.9696352006747733,0.008797922712692837,0.006924170807270963,798.4889128581458,1.0,1.0,0.9968045112781955,1.0,1.0,1.0,1.0,1.0,1.0,HistGB,fleet,40000,20000,26.38,B_fleet_size,CTT_Forester,FS-B,0,3,CIDv2_Prototype|CTT_Traverse|ROAD_ORNL
125812,27607,0.2194305789590818,0.9996012646588249,0.9993604190488938,98229,0.039665574882341466,True,0.7698409823595465,0.9998588633797516,3.054834275240568e-05,0.9985398054122925,2.772530947424117,0.0008,0.7941605839416058,0.7090225563909774,0.8348962174691813,0.9736842105263158,1.0,1.0,0.5,1.0,True,0.8443872930778425,0.9997426770167689,6.109668550481136e-05,0.9970972537994385,5.545061894848234,0.008,0.9099756690997567,0.7659774436090225,0.9143399009588031,0.9736842105263158,1.0,1.0,0.5,1.0,True,0.9971746296229217,0.9962003329232105,0.0010691919963341989,0.7722943425178528,97.03858315984411,1.0,1.0,0.9857142857142858,0.9998946370245496,1.0,1.0,1.0,1.0,1.0,True,0.9969935161372115,0.9964521033958439,0.000997912529911919,0.8101947903633118,90.56934428252117,1.0,1.0,0.9849624060150376,0.9998419555368243,1.0,1.0,1.0,1.0,1.0,True,0.9992031006628753,0.9659289866237132,0.00990784583269691,0.028455233201384544,899.2242039478888,1.0,1.0,0.9958646616541353,1.0,1.0,1.0,1.0,1.0,1.0,XGBoost,fleet,40000,20000,12.21,B_fleet_size,CTT_Forester,FS-B,0,3,CIDv2_Prototype|CTT_Traverse|ROAD_ORNL
125812,27607,0.2194305789590818,0.9749296285907288,0.9302566762206311,98229,0.039665574882341466,True,0.09885174050059767,1.0,0.0,195218.01654390048,0.0,0.36,0.6627737226277373,0.0,0.048308924244020654,0.15789473684210525,0.25,0.0,0.5,1.0,True,0.09885174050059767,1.0,0.0,189815.4927431478,0.0,0.36,0.6627737226277373,0.0,0.048308924244020654,0.15789473684210525,0.25,0.0,0.5,1.0,True,0.09896040859202376,1.0,0.0,124112.45896303245,0.0,0.3608,0.6632603406326034,0.0,0.04836160573174587,0.15789473684210525,0.25,0.0,0.5,1.0,True,0.09892418589488174,1.0,0.0,130812.4832522161,0.0,0.3608,0.6627737226277373,0.0,0.04836160573174587,0.15789473684210525,0.25,0.0,0.5,1.0,True,0.707211939000978,0.962626959865891,0.007718547935441169,3.200936567995563,700.5261527158269,1.0,1.0,0.6772556390977443,0.6646296491412917,0.9473684210526315,0.9166666666666666,0.9545454545454546,1.0,1.0,Rule:Combined,fleet,40000,20000,0.34,B_fleet_size,CTT_Forester,FS-B,0,3,CIDv2_Prototype|CTT_Traverse|ROAD_ORNL
125812,27607,0.2194305789590818,0.9996239386545488,0.9993849482473587,98229,0.039665574882341466,True,0.7273517586119462,0.9999502016831832,1.018278091746856e-05,0.9989750001285662,0.9241769824747057,0.052,0.864720194647202,0.6909774436090226,0.767147824254557,0.9473684210526315,1.0,0.9545454545454546,0.5,1.0,True,0.8606875067917558,0.9994952256761873,0.00012219337100962272,0.9977869558281968,11.090123789696468,0.3088,0.9761557177615572,0.7635338345864662,0.9117585080602676,0.9736842105263158,1.0,0.9545454545454546,1.0,1.0,True,0.9973557431086318,0.9961289388951196,0.001089557558169136,0.7359903984413159,98.88693712479352,1.0,1.0,0.9862781954887218,1.0,1.0,1.0,1.0,1.0,1.0,True,0.9952548266743941,0.9965904969169387,0.0009571814062420447,0.8428966517875808,86.87263635262234,0.9712,1.0,0.9825187969924812,0.9998946370245496,1.0,1.0,1.0,1.0,1.0,True,0.9993479914514435,0.969463771171551,0.008848836617280179,0.006768702090848515,803.1097977705193,1.0,1.0,0.9966165413533835,1.0,1.0,1.0,1.0,1.0,1.0,HistGB,fleet,40000,20000,33.55,B_fleet_size,CTT_Forester,FS-B,1,3,CIDv2_Prototype|CTT_Traverse|ROAD_ORNL
125812,27607,0.2194305789590818,0.9997671781115643,0.9995625962272329,98229,0.039665574882341466,True,0.7192378744521317,1.0,0.0,0.9991853833198547,0.0,0.0,0.6885644768856448,0.6678571428571428,0.7843219892529765,0.9210526315789473,1.0,0.9545454545454546,0.0,1.0,True,0.8716629840257906,0.9997507270461155,6.109668550481136e-05,0.9968134760856628,5.545061894848234,0.0008,0.9289537712895377,0.7889097744360902,0.9460014750816563,0.9473684210526315,1.0,0.9545454545454546,0.5,1.0,True,0.9975730792914841,0.996309963099631,0.0010386436535817932,0.7477321028709412,94.26605221241999,1.0,1.0,0.987406015037594,1.0,1.0,1.0,1.0,1.0,1.0,True,0.9971746296229217,0.9964888148845291,0.0009877297489944504,0.8047952055931091,89.64516730004645,0.9984,1.0,0.9864661654135338,0.9997892740490991,1.0,1.0,1.0,1.0,1.0,True,0.9992393233600174,0.9615867261572784,0.011221424571050354,0.03156481310725212,1018.4430346871256,1.0,1.0,0.9960526315789474,1.0,1.0,1.0,1.0,1.0,1.0,XGBoost,fleet,40000,20000,12.61,B_fleet_size,CTT_Forester,FS-B,1,3,CIDv2_Prototype|CTT_Traverse|ROAD_ORNL
125812,27607,0.2194305789590818,0.974092844082339,0.9284033205499446,98229,0.039665574882341466,True,0.09885174050059767,1.0,0.0,200492.93050100768,0.0,0.36,0.6627737226277373,0.0,0.048308924244020654,0.15789473684210525,0.25,0.0,0.5,1.0,True,0.09885174050059767,1.0,0.0,194944.42709906495,0.0,0.36,0.6627737226277373,0.0,0.048308924244020654,0.15789473684210525,0.25,0.0,0.5,1.0,True,0.09892418589488174,1.0,0.0,127466.05589852724,0.0,0.3608,0.6627737226277373,0.0,0.04836160573174587,0.15789473684210525,0.25,0.0,0.5,1.0,True,0.09892418589488174,1.0,0.0,134347.11907060532,0.0,0.3608,0.6627737226277373,0.0,0.04836160573174587,0.15789473684210525,0.25,0.0,0.5,1.0,True,0.7072843843952621,0.9626306448432261,0.007718547935441169,3.291851097294832,700.5261527158269,1.0,1.0,0.6774436090225564,0.6646823306290169,0.9473684210526315,0.9166666666666666,0.9545454545454546,1.0,1.0,Rule:Combined,fleet,40000,20000,0.33,B_fleet_size,CTT_Forester,FS-B,1,3,CIDv2_Prototype|CTT_Traverse|ROAD_ORNL
125812,27607,0.2194305789590818,0.9997899430282685,0.9993865472295,98229,0.039665574882341466,True,0.5826783062266816,1.0,0.0,0.9979281940987236,0.0,0.8056,0.8656934306569343,0.6090225563909775,0.5299757665156464,0.8157894736842105,0.8333333333333334,0.7727272727272727,1.0,1.0,True,0.7628862245082769,0.9994779802581625,0.00011201059009215417,0.9689245597778786,10.165946807221763,0.9992,1.0,0.6578947368421053,0.7510799704983668,0.9210526315789473,1.0,0.8636363636363636,1.0,1.0,True,0.7780997573079291,0.9988375337115224,0.000254569522936714,0.9573513892801722,23.104424561867642,0.9992,1.0,0.6593984962406015,0.7727847434411548,0.9473684210526315,1.0,0.9090909090909091,1.0,1.0,True,0.7780997573079291,0.9988375337115224,0.000254569522936714,0.9573513892801722,23.104424561867642,0.9992,1.0,0.6593984962406015,0.7727847434411548,0.9473684210526315,1.0,0.9090909090909091,1.0,1.0,True,0.9986597602057449,0.9716641996193699,0.008186955857644724,0.003998972796680523,743.0382939096635,1.0,1.0,0.9930451127819548,1.0,1.0,1.0,1.0,1.0,1.0,HistGB,fleet,40000,20000,26.58,B_fleet_size,CTT_Forester,FS-B,0,3,CIDv2_RenaultClio|CTT_Silverado|ROAD_ORNL
125812,27607,0.2194305789590818,0.9994662650769969,0.9986411238707078,98229,0.039665574882341466,True,0.5803600536095918,1.0,0.0,0.9936065673828125,0.0,0.8648,0.7357664233576642,0.6229323308270677,0.5328732483405332,0.8157894736842105,0.8333333333333334,0.7727272727272727,1.0,1.0,True,0.7025754337667983,0.9998453528532398,3.054834275240568e-05,0.9079782962799072,2.772530947424117,0.9992,0.9995133819951338,0.6586466165413534,0.663207248972711,0.9473684210526315,1.0,0.9090909090909091,1.0,1.0,True,0.7223530264063462,0.99864790425159,0.00027493508477165115,0.8745999336242676,24.952778526817056,0.9992,1.0,0.6671052631578948,0.6895479928353176,0.9473684210526315,1.0,0.9090909090909091,1.0,1.0,True,0.7150722642807984,0.999089022723822,0.0001832900565144341,0.8851629495620728,16.6351856845447,0.9992,1.0,0.6642857142857143,0.679749236118428,0.9473684210526315,1.0,0.9090909090909091,1.0,1.0,True,0.9952548266743941,0.966273958150167,0.00976528689985235,0.006678683217614889,886.2857261932429,1.0,1.0,0.975375939849624,1.0,1.0,1.0,1.0,1.0,1.0,XGBoost,fleet,40000,20000,7.78,B_fleet_size,CTT_Forester,FS-B,0,3,CIDv2_RenaultClio|CTT_Silverado|ROAD_ORNL
125812,27607,0.2194305789590818,0.9520860589686514,0.8950539772673776,98229,0.039665574882341466,True,0.09867062701488753,1.0,0.0,219213.67127265298,0.0,0.36,0.6627737226277373,0.0,0.04804551680539459,0.15789473684210525,0.25,0.0,0.5,1.0,True,0.09877929510631361,1.0,0.0,213147.08429739522,0.0,0.36,0.6627737226277373,0.0,0.04820356126857023,0.15789473684210525,0.25,0.0,0.5,1.0,True,0.09892418589488174,1.0,0.0,139368.00730110882,0.0,0.3608,0.6627737226277373,0.0,0.04836160573174587,0.15789473684210525,0.25,0.0,0.5,1.0,True,0.09892418589488174,1.0,0.0,146891.5799100827,0.0,0.3608,0.6627737226277373,0.0,0.04836160573174587,0.15789473684210525,0.25,0.0,0.5,1.0,True,0.7065599304524215,0.9642115669797331,0.007372333384247238,3.5744428097400993,669.104135311687,1.0,1.0,0.6736842105263158,0.6646823306290169,0.9473684210526315,0.9166666666666666,0.9545454545454546,1.0,1.0,Rule:Combined,fleet,40000,20000,0.29,B_fleet_size,CTT_Forester,FS-B,0,3,CIDv2_RenaultClio|CTT_Silverado|ROAD_ORNL
125812,27607,0.2194305789590818,0.9996428380464216,0.9991568551038105,98229,0.039665574882341466,True,0.6446553410366936,0.9998876341367493,2.036556183493712e-05,0.9848820320387511,1.8483539649494114,0.9968,0.9980535279805353,0.643984962406015,0.5833947950690127,0.868421052631579,0.9166666666666666,0.8181818181818182,1.0,1.0,True,0.6954757851269605,0.9995835068721366,8.146224733974848e-05,0.9481966037308147,7.393415859797646,0.9976,1.0,0.6676691729323309,0.6504056474554841,0.9473684210526315,1.0,0.9090909090909091,1.0,1.0,True,0.7341616256746477,0.9984728311739495,0.00031566620844152536,0.8865412176426591,28.649486456715874,0.9992,1.0,0.7268796992481203,0.6899694447371194,0.9473684210526315,1.0,0.9090909090909091,1.0,1.0,True,0.7336907306118013,0.9984718525091196,0.00031566620844152536,0.8872195978694666,28.649486456715874,0.9992,1.0,0.7261278195488722,0.6894953113475925,0.9473684210526315,1.0,0.9090909090909091,1.0,1.0,True,0.998804650994313,0.975035360678925,0.0071890433277328036,0.0020843821930179147,652.4689496271423,1.0,1.0,0.993796992481203,1.0,1.0,1.0,1.0,1.0,1.0,HistGB,fleet,40000,20000,20.26,B_fleet_size,CTT_Forester,FS-B,1,3,CIDv2_RenaultClio|CTT_Silverado|ROAD_ORNL
125812,27607,0.2194305789590818,0.9992658171434465,0.9981641170645308,98229,0.039665574882341466,True,0.6279929003513601,0.9997693327951098,4.073112366987424e-05,0.9644668698310852,3.696707929898823,0.9984,0.9883211678832117,0.6417293233082707,0.560741755347171,0.8947368421052632,0.9166666666666666,0.8636363636363636,1.0,1.0,True,0.6361792299054587,0.9995447043423823,8.146224733974848e-05,0.9550455212593079,7.393415859797646,0.9984,0.9936739659367396,0.643796992481203,0.5714887788431146,0.8947368421052632,0.9166666666666666,0.8636363636363636,1.0,1.0,True,0.6532038975622125,0.9985602746552965,0.0002647523038541826,0.9221117496490479,24.02860154434235,0.9984,0.9980535279805353,0.6511278195488722,0.5937203666631545,0.9210526315789473,0.9166666666666666,0.9090909090909091,1.0,1.0,True,0.6507407541565545,0.9988879621907145,0.0002036556183493712,0.9305298328399658,18.483539649494116,0.9984,0.9980535279805353,0.649624060150376,0.5905594773996418,0.8947368421052632,0.9166666666666666,0.8636363636363636,1.0,1.0,True,0.9926467924801681,0.9696412143514259,0.008736826027188026,0.0041129011660814285,792.9438509632977,1.0,1.0,0.962218045112782,0.9998946370245496,1.0,1.0,1.0,1.0,1.0,XGBoost,fleet,40000,20000,7.6,B_fleet_size,CTT_Forester,FS-B,1,3,CIDv2_RenaultClio|CTT_Silverado|ROAD_ORNL
125812,27607,0.2194305789590818,0.9521622645817228,0.8949048288616921,98229,0.039665574882341466,True,0.09877929510631361,1.0,0.0,218372.50730790687,0.0,0.36,0.6627737226277373,0.0,0.04820356126857023,0.15789473684210525,0.25,0.0,0.5,1.0,True,0.09877929510631361,1.0,0.0,212329.1989645107,0.0,0.36,0.6627737226277373,0.0,0.04820356126857023,0.15789473684210525,0.25,0.0,0.5,1.0,True,0.09892418589488174,1.0,0.0,138833.23543455964,0.0,0.3608,0.6627737226277373,0.0,0.04836160573174587,0.15789473684210525,0.25,0.0,0.5,1.0,True,0.09892418589488174,1.0,0.0,146327.93868457392,0.0,0.3608,0.6627737226277373,0.0,0.04836160573174587,0.15789473684210525,0.25,0.0,0.5,1.0,True,0.7065599304524215,0.9642592317959365,0.007362150603329769,3.5685696202855413,668.1799583292122,1.0,1.0,0.6736842105263158,0.6646823306290169,0.9473684210526315,0.9166666666666666,0.9545454545454546,1.0,1.0,Rule:Combined,fleet,40000,20000,0.29,B_fleet_size,CTT_Forester,FS-B,1,3,CIDv2_RenaultClio|CTT_Silverado|ROAD_ORNL
125812,27607,0.2194305789590818,0.9996992935201944,0.9992748992078397,98229,0.039665574882341466,True,3.62226971420292e-05,1.0,0.0,0.999577817775919,0.0,0.0,0.0,0.0,5.268148772521336e-05,0.02631578947368421,0.08333333333333333,0.0,0.0,0.0,True,0.9318651066758431,0.9995337633071723,0.00012219337100962272,0.9993176094104594,11.090123789696468,0.9992,0.9128953771289537,0.7706766917293233,0.9746602044041723,1.0,1.0,1.0,1.0,1.0,True,0.993769696091571,0.9963682585799891,0.001018278091746856,0.5977455566223158,92.41769824747057,1.0,1.0,0.9676691729323308,1.0,1.0,1.0,1.0,1.0,1.0,True,0.9929003513601623,0.996509979278002,0.0009775469680769818,0.6803974465407261,88.72099031757175,1.0,1.0,0.9631578947368421,1.0,1.0,1.0,1.0,1.0,1.0,True,0.9994204368457276,0.9701476793248945,0.008645180998930808,0.004000843839035558,784.6262581210252,1.0,1.0,0.9969924812030075,1.0,1.0,1.0,1.0,1.0,1.0,HistGB,fleet,40000,20000,9.64,B_fleet_size,CTT_Forester,FS-B,0,3,CTT_Impala|CTT_Silverado|CTT_Traverse
125812,27607,0.2194305789590818,0.9998163982671038,0.9996526132881717,98229,0.039665574882341466,True,0.38504727061977034,1.0,0.0,0.9999879598617554,0.0,0.2736,0.29683698296836986,0.3385338345864662,0.41497207881150566,0.9210526315789473,1.0,0.8636363636363636,1.0,1.0,True,0.9021262723222371,0.9995986353602248,0.0001018278091746856,0.9998897314071655,9.241769824747058,0.9608,0.6287104622871046,0.8343984962406015,0.9468443788852597,1.0,1.0,1.0,1.0,1.0,True,0.9951823812801102,0.9962288780912322,0.0010590092154167303,0.45766547322273254,96.1144061773694,1.0,1.0,0.975,1.0,1.0,1.0,1.0,1.0,1.0,True,0.9940957003658493,0.9964779782869176,0.0009877297489944504,0.6050184965133667,89.64516730004645,1.0,1.0,0.9693609022556391,1.0,1.0,1.0,1.0,1.0,1.0,True,0.9994204368457276,0.9713772708069286,0.00827860088590194,0.0007838304154574871,751.3558867519357,1.0,1.0,0.9969924812030075,1.0,1.0,1.0,1.0,1.0,1.0,XGBoost,fleet,40000,20000,8.53,B_fleet_size,CTT_Forester,FS-B,0,3,CTT_Impala|CTT_Silverado|CTT_Traverse
125812,27607,0.2194305789590818,0.9996009065076217,0.999109487622266,98229,0.039665574882341466,True,0.31568080559278444,1.0,0.0,234375.00000000003,0.0,0.9944,0.6627737226277373,0.11635338345864661,0.28927404909914656,0.5,0.5833333333333334,0.36363636363636365,1.0,1.0,True,0.39287137320244864,1.0,0.0,173810.5481084673,0.0,0.9984,0.6627737226277373,0.5084586466165414,0.2913813086081551,0.7631578947368421,0.6666666666666666,0.7727272727272727,1.0,1.0,True,0.5775709059296555,0.9998118886380737,3.054834275240568e-05,114719.36830576547,2.772530947424117,1.0,0.6632603406326034,0.6372180451127819,0.5237593509640712,0.7894736842105263,0.75,0.7727272727272727,1.0,1.0,True,0.5775709059296555,0.9998118886380737,3.054834275240568e-05,120829.92638311815,2.772530947424117,1.0,0.6632603406326034,0.6372180451127819,0.5237593509640712,0.7894736842105263,0.75,0.7727272727272727,1.0,1.0,True,0.9978990835657623,0.9716774830699775,0.008176773076727255,3.2001748667819196,742.1141169271888,1.0,1.0,0.9890977443609023,1.0,1.0,1.0,1.0,1.0,1.0,Rule:Combined,fleet,40000,20000,0.33,B_fleet_size,CTT_Forester,FS-B,0,3,CTT_Impala|CTT_Silverado|CTT_Traverse
125812,27607,0.2194305789590818,0.999696371692432,0.9995530580738644,98229,0.039665574882341466,True,0.8528996269062195,0.9998726060554588,3.054834275240568e-05,0.9998001290222746,2.772530947424117,0.9992,0.7172749391727494,0.718796992481203,0.8955326098409019,0.9736842105263158,1.0,0.9545454545454546,1.0,1.0,True,0.939145868801391,0.9995373761517407,0.00012219337100962272,0.9997273293152444,11.090123789696468,1.0,0.9464720194647201,0.8033834586466165,0.9723949004319882,1.0,1.0,1.0,1.0,1.0,True,0.9969572934400696,0.9960192523432129,0.0011201059009215417,0.7268692540547348,101.65946807221763,1.0,1.0,0.9842105263157894,1.0,1.0,1.0,1.0,1.0,1.0,True,0.9965588437715073,0.9964144724928471,0.0010080953108293875,0.784129623989227,91.49352126499588,1.0,1.0,0.9821428571428571,1.0,1.0,1.0,1.0,1.0,1.0,True,0.9994204368457276,0.9721644762341003,0.008044396924800162,0.0037570774322961947,730.0998161550175,1.0,1.0,0.9969924812030075,1.0,1.0,1.0,1.0,1.0,1.0,HistGB,fleet,40000,20000,11.97,B_fleet_size,CTT_Forester,FS-B,1,3,CTT_Impala|CTT_Silverado|CTT_Traverse
125812,27607,0.2194305789590818,0.9997975864765809,0.9995932951466897,98229,0.039665574882341466,True,0.6184663310030065,0.9998828765518857,2.036556183493712e-05,0.9999841451644897,1.8483539649494114,0.6224,0.23065693430656933,0.3817669172932331,0.7265303972184175,1.0,1.0,1.0,1.0,1.0,True,0.8910421269967762,0.9996342652795839,9.164502825721705e-05,0.9999195337295532,8.31759284227235,0.6976,0.6072992700729927,0.8216165413533835,0.9539563797281635,1.0,1.0,1.0,1.0,1.0,True,0.9978628608686203,0.9960228505314918,0.0011201059009215417,0.6352320909500122,101.65946807221763,1.0,1.0,0.9889097744360902,1.0,1.0,1.0,1.0,1.0,1.0,True,0.9973195204114899,0.9963811384938298,0.001018278091746856,0.7615600824356079,92.41769824747057,1.0,1.0,0.9860902255639098,1.0,1.0,1.0,1.0,1.0,1.0,True,0.9994204368457276,0.9709670608108109,0.008400794256911563,0.0010662860004231334,762.4460105416323,1.0,1.0,0.9969924812030075,1.0,1.0,1.0,1.0,1.0,1.0,XGBoost,fleet,40000,20000,11.49,B_fleet_size,CTT_Forester,FS-B,1,3,CTT_Impala|CTT_Silverado|CTT_Traverse
125812,27607,0.2194305789590818,0.9996007473498004,0.9991128045650672,98229,0.039665574882341466,True,0.31568080559278444,1.0,0.0,234375.00000000003,0.0,0.9944,0.6627737226277373,0.11635338345864661,0.28927404909914656,0.5,0.5833333333333334,0.36363636363636365,1.0,1.0,True,0.40971492737349224,1.0,0.0,168368.33944549804,0.0,0.9992,0.6627737226277373,0.5919172932330827,0.2924349383626594,0.7631578947368421,0.6666666666666666,0.7727272727272727,1.0,1.0,True,0.5775709059296555,0.9998118886380737,3.054834275240568e-05,111127.37026655658,2.772530947424117,1.0,0.6632603406326034,0.6372180451127819,0.5237593509640712,0.7894736842105263,0.75,0.7727272727272727,1.0,1.0,True,0.5775709059296555,0.9998118886380737,3.054834275240568e-05,117046.59920940195,2.772530947424117,1.0,0.6632603406326034,0.6372180451127819,0.5237593509640712,0.7894736842105263,0.75,0.7727272727272727,1.0,1.0,True,0.9978990835657623,0.9716089440643295,0.00819713863856219,3.1662921685310996,743.9624708921381,1.0,1.0,0.9890977443609023,1.0,1.0,1.0,1.0,1.0,1.0,Rule:Combined,fleet,40000,20000,0.35,B_fleet_size,CTT_Forester,FS-B,1,3,CTT_Impala|CTT_Silverado|CTT_Traverse
125812,27607,0.2194305789590818,0.9997291082246939,0.9995213892332814,98229,0.039665574882341466,True,0.7040605643496215,0.9998971140490766,2.036556183493712e-05,0.9992269040033323,1.8483539649494114,1.0,0.7338199513381995,0.7458646616541353,0.669634390475187,0.9736842105263158,1.0,0.9545454545454546,1.0,1.0,True,0.8266381714782483,0.9996933590327668,7.127946642227993e-05,0.9978659021059615,6.46923887732294,1.0,0.7922141119221411,0.8176691729323309,0.8214624380992519,1.0,1.0,1.0,1.0,1.0,True,0.9970659615314956,0.9968493101075581,0.0008859019398197648,0.11907191322391736,80.4033974752994,1.0,1.0,0.9847744360902255,1.0,1.0,1.0,1.0,1.0,1.0,True,0.9968848480457855,0.9969209592117656,0.0008655363779848277,0.15495698752172057,78.55504351034999,1.0,1.0,0.9838345864661654,1.0,1.0,1.0,1.0,1.0,1.0,True,0.9990582098743073,0.9783618885459898,0.006211496359655822,0.0015605747536491328,563.7479593095705,1.0,1.0,0.9951127819548872,1.0,1.0,1.0,1.0,1.0,1.0,HistGB,fleet,40000,15484,13.01,B_fleet_size,CTT_Forester,FS-B,0,4,CIDv2_OpelAstra|CIDv2_Prototype|CIDv2_RenaultClio|CTT_Impala
125812,27607,0.2194305789590818,0.9996539093816631,0.9994661191066389,98229,0.039665574882341466,True,0.6654109464990763,1.0,0.0,0.9992632269859314,0.0,1.0,0.6788321167883211,0.7035714285714286,0.6312295859235065,0.9736842105263158,1.0,0.9545454545454546,1.0,1.0,True,0.8298982142210309,0.9998690756742603,3.054834275240568e-05,0.9972957968711853,2.772530947424117,1.0,0.9493917274939173,0.8088345864661655,0.8116636813823622,1.0,1.0,1.0,1.0,1.0,True,0.9950012677944,0.9971322782053144,0.0008044396924800163,0.5486006736755371,73.00998161550176,1.0,1.0,0.9740601503759398,1.0,1.0,1.0,1.0,1.0,1.0,True,0.9948563770058318,0.9973129017030393,0.0007535257878926735,0.5846103429794312,68.38909670312823,1.0,1.0,0.9733082706766917,1.0,1.0,1.0,1.0,1.0,1.0,True,0.998804650994313,0.9766239285967273,0.00672063540552925,0.0005056719528511167,609.9568084333058,1.0,1.0,0.993796992481203,1.0,1.0,1.0,1.0,1.0,1.0,XGBoost,fleet,40000,15484,7.61,B_fleet_size,CTT_Forester,FS-B,0,4,CIDv2_OpelAstra|CIDv2_Prototype|CIDv2_RenaultClio|CTT_Impala
125812,27607,0.2194305789590818,0.9996075230836888,0.9991378039851789,98229,0.039665574882341466,True,0.31568080559278444,1.0,0.0,234375.00000000003,0.0,0.9944,0.6627737226277373,0.11635338345864661,0.28927404909914656,0.5,0.5833333333333334,0.36363636363636365,1.0,1.0,True,0.36458144673452386,1.0,0.0,196149.9790016501,0.0,0.9976,0.6627737226277373,0.3656015037593985,0.29032767885365085,0.7368421052631579,0.5833333333333334,0.7727272727272727,1.0,1.0,True,0.42040062303039083,0.999913845093478,1.018278091746856e-05,129463.97067824294,0.9241769824747057,0.9992,0.6627737226277373,0.6359022556390977,0.2956485091138974,0.7631578947368421,0.6666666666666666,0.7727272727272727,1.0,1.0,True,0.42040062303039083,0.999913845093478,1.018278091746856e-05,136359.90215511576,0.9241769824747057,0.9992,0.6627737226277373,0.6359022556390977,0.2956485091138974,0.7631578947368421,0.6666666666666666,0.7727272727272727,1.0,1.0,True,0.9978990835657623,0.974668317707412,0.00729087113690749,3.4701421237413195,661.7107194518894,1.0,1.0,0.9890977443609023,1.0,1.0,1.0,1.0,1.0,1.0,Rule:Combined,fleet,40000,15484,0.34,B_fleet_size,CTT_Forester,FS-B,0,4,CIDv2_OpelAstra|CIDv2_Prototype|CIDv2_RenaultClio|CTT_Impala
125812,27607,0.2194305789590818,0.9996871744728073,0.999509020162603,98229,0.039665574882341466,True,0.8487340167348861,0.9998719808824784,3.054834275240568e-05,0.9976721659047292,2.772530947424117,1.0,0.9046228710462287,0.7595864661654136,0.8577073016541987,1.0,1.0,1.0,1.0,1.0,True,0.9658419965950664,0.999400299850075,0.00016292449467949696,0.9872219293189192,14.786831719595291,1.0,0.970316301703163,0.85,0.9955747550310821,1.0,1.0,1.0,1.0,1.0,True,0.9959792806172347,0.9970266154180869,0.000834988035232422,0.15794842883965426,75.78251256292587,1.0,1.0,0.9791353383458646,1.0,1.0,1.0,1.0,1.0,1.0,True,0.9958343898286667,0.9970623435969971,0.0008248052543149534,0.18554830740604206,74.85833558045117,1.0,1.0,0.9783834586466166,1.0,1.0,1.0,1.0,1.0,1.0,True,0.998804650994313,0.9795729866069842,0.005855099027544422,0.0032649363679381504,531.4017649229557,1.0,1.0,0.993796992481203,1.0,1.0,1.0,1.0,1.0,1.0,HistGB,fleet,40000,15484,13.8,B_fleet_size,CTT_Forester,FS-B,1,4,CIDv2_OpelAstra|CIDv2_Prototype|CIDv2_RenaultClio|CTT_Impala
125812,27607,0.2194305789590818,0.9998324171421663,0.9996914379259237,98229,0.039665574882341466,True,0.8757561488028398,1.0,0.0,0.9988433122634888,0.0,1.0,0.8905109489051095,0.7473684210526316,0.9019597513433779,1.0,1.0,1.0,1.0,1.0,True,0.9670011229036114,0.9996255523103422,0.0001018278091746856,0.9924116730690002,9.241769824747058,1.0,0.9980535279805353,0.849812030075188,0.994310399325677,1.0,1.0,1.0,1.0,1.0,True,0.9957257217372406,0.9976409958626696,0.0006618807596354564,0.330544114112854,60.07150386085587,1.0,1.0,0.9778195488721805,1.0,1.0,1.0,1.0,1.0,1.0,True,0.9956532763429565,0.9976408246225319,0.0006618807596354564,0.33861854672431946,60.07150386085587,1.0,1.0,0.9774436090225563,1.0,1.0,1.0,1.0,1.0,1.0,True,0.9988770963885971,0.9749337104472335,0.00721959167048521,0.0005112361977808177,655.2414805745665,1.0,1.0,0.994172932330827,1.0,1.0,1.0,1.0,1.0,1.0,XGBoost,fleet,40000,15484,10.99,B_fleet_size,CTT_Forester,FS-B,1,4,CIDv2_OpelAstra|CIDv2_Prototype|CIDv2_RenaultClio|CTT_Impala
125812,27607,0.2194305789590818,0.9996056342141602,0.9991366427737461,98229,0.039665574882341466,True,0.31568080559278444,1.0,0.0,234375.00000000003,0.0,0.9944,0.6627737226277373,0.11635338345864661,0.28927404909914656,0.5,0.5833333333333334,0.36363636363636365,1.0,1.0,True,0.36458144673452386,1.0,0.0,195360.02510651283,0.0,0.9976,0.6627737226277373,0.3656015037593985,0.29032767885365085,0.7368421052631579,0.5833333333333334,0.7727272727272727,1.0,1.0,True,0.42040062303039083,0.999913845093478,1.018278091746856e-05,128942.57252313026,0.9241769824747057,0.9992,0.6627737226277373,0.6359022556390977,0.2956485091138974,0.7631578947368421,0.6666666666666666,0.7727272727272727,1.0,1.0,True,0.42040062303039083,0.999913845093478,1.018278091746856e-05,135810.73204734482,0.9241769824747057,0.9992,0.6627737226277373,0.6359022556390977,0.2956485091138974,0.7631578947368421,0.6666666666666666,0.7727272727272727,1.0,1.0,True,0.9978990835657623,0.9747372890351342,0.007270505575072552,3.4547353248625168,659.8623654869399,1.0,1.0,0.9890977443609023,1.0,1.0,1.0,1.0,1.0,1.0,Rule:Combined,fleet,40000,15484,0.34,B_fleet_size,CTT_Forester,FS-B,1,4,CIDv2_OpelAstra|CIDv2_Prototype|CIDv2_RenaultClio|CTT_Impala
125812,27607,0.2194305789590818,0.999739586083843,0.9995458565314984,98229,0.039665574882341466,True,0.49472959756583473,1.0,0.0,0.9999044042944709,0.0,0.6336,0.5060827250608273,0.4755639097744361,0.48972710989358337,0.8947368421052632,0.9166666666666666,0.9090909090909091,0.5,1.0,True,0.9700438294635418,0.9995521051060018,0.00012219337100962272,0.9960005176412813,11.090123789696468,1.0,0.9922141119221412,0.8654135338345864,0.9949952586661047,1.0,1.0,1.0,1.0,1.0,True,0.9891694135545333,0.9970790127062947,0.0008146224733974848,0.21075513977328442,73.93415859797646,1.0,1.0,0.943796992481203,1.0,1.0,1.0,1.0,1.0,1.0,True,0.988770963885971,0.9971506849315068,0.0007942569115625477,0.22512174741973215,72.08580463302704,1.0,1.0,0.9417293233082706,1.0,1.0,1.0,1.0,1.0,1.0,True,0.9989857644800232,0.9794722449124552,0.005885647370296828,0.0007627152058800401,534.1742958703799,1.0,1.0,0.9947368421052631,1.0,1.0,1.0,1.0,1.0,1.0,HistGB,fleet,40000,20000,17.61,B_fleet_size,CTT_Forester,FS-B,0,4,CIDv2_OpelAstra|CIDv2_Prototype|CTT_Impala|CTT_Silverado
125812,27607,0.2194305789590818,0.9998594077635676,0.9997097454647114,98229,0.039665574882341466,True,0.8972362082080632,0.9998385404052635,4.073112366987424e-05,0.9996381998062134,3.696707929898823,0.9976,0.64330900243309,0.8573308270676692,0.9293014434727637,1.0,1.0,1.0,1.0,1.0,True,0.9428405839098779,0.9995775729646698,0.00011201059009215417,0.9979694485664368,10.165946807221763,0.9992,0.8097323600973236,0.8721804511278195,0.9733431672110421,1.0,1.0,1.0,1.0,1.0,True,0.9942768138515594,0.9964062726876725,0.0010080953108293875,0.05633729696273804,91.49352126499588,1.0,1.0,0.9703007518796992,1.0,1.0,1.0,1.0,1.0,1.0,True,0.9939508095772811,0.996694635138571,0.0009266330634896391,0.07244603335857391,84.10010540519822,1.0,1.0,0.968609022556391,1.0,1.0,1.0,1.0,1.0,1.0,True,0.9989857644800232,0.9772856130403968,0.006527162568097347,0.0003898022696375847,592.3974457662864,1.0,1.0,0.9947368421052631,1.0,1.0,1.0,1.0,1.0,1.0,XGBoost,fleet,40000,20000,9.76,B_fleet_size,CTT_Forester,FS-B,0,4,CIDv2_OpelAstra|CIDv2_Prototype|CTT_Impala|CTT_Silverado
125812,27607,0.2194305789590818,0.9995935717849088,0.9991083842993442,98229,0.039665574882341466,True,0.31568080559278444,1.0,0.0,234375.00000000003,0.0,0.9944,0.6627737226277373,0.11635338345864661,0.28927404909914656,0.5,0.5833333333333334,0.36363636363636365,1.0,1.0,True,0.36458144673452386,1.0,0.0,193877.10671182905,0.0,0.9976,0.6627737226277373,0.3656015037593985,0.29032767885365085,0.7368421052631579,0.5833333333333334,0.7727272727272727,1.0,1.0,True,0.42040062303039083,0.999913845093478,1.018278091746856e-05,127963.80302098545,0.9241769824747057,0.9992,0.6627737226277373,0.6359022556390977,0.2956485091138974,0.7631578947368421,0.6666666666666666,0.7727272727272727,1.0,1.0,True,0.42040062303039083,0.999913845093478,1.018278091746856e-05,134779.8290338527,0.9241769824747057,0.9992,0.6627737226277373,0.6359022556390977,0.2956485091138974,0.7631578947368421,0.6666666666666666,0.7727272727272727,1.0,1.0,True,0.9978990835657623,0.9745304043298313,0.007331602260577364,3.4074588020493173,665.4074273817881,1.0,1.0,0.9890977443609023,1.0,1.0,1.0,1.0,1.0,1.0,Rule:Combined,fleet,40000,20000,0.36,B_fleet_size,CTT_Forester,FS-B,0,4,CIDv2_OpelAstra|CIDv2_Prototype|CTT_Impala|CTT_Silverado
125812,27607,0.2194305789590818,0.9996515485713883,0.9994875597635351,98229,0.039665574882341466,True,0.9206360705618141,0.9998033122221786,5.09139045873428e-05,0.9993992021484924,4.620884912373529,0.9992,0.9693430656934306,0.7319548872180451,0.9630702771046254,1.0,1.0,1.0,1.0,1.0,True,0.960408592023762,0.9996229829588298,0.0001018278091746856,0.9983947811200883,9.241769824747058,1.0,0.9795620437956204,0.8409774436090226,0.9892002950163312,1.0,1.0,1.0,1.0,1.0,True,0.9903647625602202,0.9969007511120834,0.0008655363779848277,0.052081174783607916,78.55504351034999,1.0,1.0,0.95,1.0,1.0,1.0,1.0,1.0,1.0,True,0.9903647625602202,0.9969371011850502,0.0008553535970673591,0.05261088822823581,77.63086652787528,1.0,1.0,0.95,1.0,1.0,1.0,1.0,1.0,1.0,True,0.9985510921143188,0.9805435014583481,0.0055699811618553025,0.0010044091915145505,505.52480941366406,1.0,1.0,0.9924812030075187,1.0,1.0,1.0,1.0,1.0,1.0,HistGB,fleet,40000,20000,20.61,B_fleet_size,CTT_Forester,FS-B,1,4,CIDv2_OpelAstra|CIDv2_Prototype|CTT_Impala|CTT_Silverado
125812,27607,0.2194305789590818,0.9997489946532507,0.9995719684327398,98229,0.039665574882341466,True,0.8863693990654544,0.999836561248672,4.073112366987424e-05,0.9995880722999573,3.696707929898823,0.9984,0.6637469586374696,0.7770676691729324,0.9337266884416816,1.0,1.0,1.0,1.0,1.0,True,0.9588147933495128,0.9995846078320305,0.00011201059009215417,0.9973188042640686,10.165946807221763,0.9992,0.9172749391727494,0.8616541353383459,0.987883257823201,1.0,1.0,1.0,1.0,1.0,True,0.9919585612344696,0.9966517450958984,0.0009368158444071076,0.04280709847807884,85.02428238767294,1.0,1.0,0.9582706766917293,1.0,1.0,1.0,1.0,1.0,1.0,True,0.9919223385373275,0.9969418960244648,0.0008553535970673591,0.04583826661109924,77.63086652787528,1.0,1.0,0.9580827067669173,1.0,1.0,1.0,1.0,1.0,1.0,True,0.9991306552685914,0.9720881057268722,0.0080647624866351,0.0003466023481450975,731.948170119967,1.0,1.0,0.9954887218045113,1.0,1.0,1.0,1.0,1.0,1.0,XGBoost,fleet,40000,20000,9.87,B_fleet_size,CTT_Forester,FS-B,1,4,CIDv2_OpelAstra|CIDv2_Prototype|CTT_Impala|CTT_Silverado
125812,27607,0.2194305789590818,0.9995969661066892,0.9991110080568657,98229,0.039665574882341466,True,0.31568080559278444,1.0,0.0,234375.00000000003,0.0,0.9944,0.6627737226277373,0.11635338345864661,0.28927404909914656,0.5,0.5833333333333334,0.36363636363636365,1.0,1.0,True,0.36458144673452386,1.0,0.0,191924.27256797208,0.0,0.9976,0.6627737226277373,0.3656015037593985,0.29032767885365085,0.7368421052631579,0.5833333333333334,0.7727272727272727,1.0,1.0,True,0.42040062303039083,0.999913845093478,1.018278091746856e-05,126674.8773191026,0.9241769824747057,0.9992,0.6627737226277373,0.6359022556390977,0.2956485091138974,0.7631578947368421,0.6666666666666666,0.7727272727272727,1.0,1.0,True,0.42040062303039083,0.999913845093478,1.018278091746856e-05,133422.24925218223,0.9241769824747057,0.9992,0.6627737226277373,0.6359022556390977,0.2956485091138974,0.7631578947368421,0.6666666666666666,0.7727272727272727,1.0,1.0,True,0.9978990835657623,0.9745304043298313,0.007331602260577364,3.3570665335852086,665.4074273817881,1.0,1.0,0.9890977443609023,1.0,1.0,1.0,1.0,1.0,1.0,Rule:Combined,fleet,40000,20000,0.35,B_fleet_size,CTT_Forester,FS-B,1,4,CIDv2_OpelAstra|CIDv2_Prototype|CTT_Impala|CTT_Silverado
125812,27607,0.2194305789590818,0.9998318714318621,0.9996236863674272,98229,0.039665574882341466,True,0.6905132756185025,1.0,0.0,0.9976951031293122,0.0,0.9992,0.9975669099756691,0.6716165413533834,0.6422400168580761,0.9473684210526315,1.0,0.9090909090909091,1.0,1.0,True,0.9316115477958489,0.9995724834823163,0.00011201059009215417,0.9482026795000363,10.165946807221763,1.0,1.0,0.862218045112782,0.9391528816773785,1.0,1.0,1.0,1.0,1.0,True,0.9868511609374434,0.9981315259204983,0.0005193218267908966,0.4942737824946733,47.133026106209996,1.0,1.0,0.9518796992481203,0.9943630808134022,1.0,1.0,1.0,1.0,1.0,True,0.9868511609374434,0.9981315259204983,0.0005193218267908966,0.4942737824946733,47.133026106209996,1.0,1.0,0.9518796992481203,0.9943630808134022,1.0,1.0,1.0,1.0,1.0,True,0.9990944325714493,0.9740782596411922,0.0074741611934219234,0.0051155440833565505,678.345905136434,1.0,1.0,0.9953007518796992,1.0,1.0,1.0,1.0,1.0,1.0,HistGB,fleet,40000,20000,32.04,B_fleet_size,CTT_Forester,FS-B,0,4,CIDv2_OpelAstra|CTT_Impala|CTT_Silverado|ROAD_ORNL
125812,27607,0.2194305789590818,0.9997353725511224,0.9995474570190132,98229,0.039665574882341466,True,0.7954866519361031,0.9999544668063018,1.018278091746856e-05,0.991296648979187,0.9241769824747057,1.0,0.9912408759124087,0.8270676691729323,0.7519755557896955,0.9736842105263158,1.0,0.9545454545454546,1.0,1.0,True,0.9546129604810374,0.9994311502142668,0.0001527417137620284,0.8759186267852783,13.862654737120586,1.0,1.0,0.8731203007518797,0.9695501000948267,1.0,1.0,1.0,1.0,1.0,True,0.9968486253486435,0.9966681153121831,0.0009368158444071076,0.07841252535581589,85.02428238767294,1.0,1.0,0.9836466165413534,1.0,1.0,1.0,1.0,1.0,1.0,True,0.9963777302857971,0.9968110164884942,0.0008960847207372334,0.09419906139373779,81.3275744577741,1.0,1.0,0.981203007518797,1.0,1.0,1.0,1.0,1.0,1.0,True,0.9986597602057449,0.9727955964856568,0.00785092408736826,0.0055595808662474155,712.5404534879982,1.0,1.0,0.9930451127819548,1.0,1.0,1.0,1.0,1.0,1.0,XGBoost,fleet,40000,20000,15.62,B_fleet_size,CTT_Forester,FS-B,0,4,CIDv2_OpelAstra|CTT_Impala|CTT_Silverado|ROAD_ORNL
125812,27607,0.2194305789590818,0.9718759191168216,0.9258677447049486,98229,0.039665574882341466,True,0.09877929510631361,1.0,0.0,215946.0983829175,0.0,0.36,0.6627737226277373,0.0,0.04820356126857023,0.15789473684210525,0.25,0.0,0.5,1.0,True,0.09877929510631361,1.0,0.0,209969.93923097244,0.0,0.36,0.6627737226277373,0.0,0.04820356126857023,0.15789473684210525,0.25,0.0,0.5,1.0,True,0.09892418589488174,1.0,0.0,137290.6135830434,0.0,0.3608,0.6627737226277373,0.0,0.04836160573174587,0.15789473684210525,0.25,0.0,0.5,1.0,True,0.09892418589488174,1.0,0.0,144702.0407142817,0.0,0.3608,0.6627737226277373,0.0,0.04836160573174587,0.15789473684210525,0.25,0.0,0.5,1.0,True,0.7065599304524215,0.9640209548285065,0.0074130645079171125,3.5325142063817707,672.8008432415858,1.0,1.0,0.6736842105263158,0.6646823306290169,0.9473684210526315,0.9166666666666666,0.9545454545454546,1.0,1.0,Rule:Combined,fleet,40000,20000,0.33,B_fleet_size,CTT_Forester,FS-B,0,4,CIDv2_OpelAstra|CTT_Impala|CTT_Silverado|ROAD_ORNL
125812,27607,0.2194305789590818,0.9997408416417174,0.9994990108964855,98229,0.039665574882341466,True,0.6630926938819864,0.9998907581385187,2.036556183493712e-05,0.9984061024889086,1.8483539649494114,0.996,0.9182481751824818,0.6554511278195488,0.6156885470445685,0.8947368421052632,1.0,0.8181818181818182,1.0,1.0,True,0.91074727424204,0.9995626938061541,0.00011201059009215417,0.969930591379296,10.165946807221763,0.9992,1.0,0.8400375939849624,0.915077441786956,1.0,1.0,1.0,1.0,1.0,True,0.9818886514289854,0.9977914381418633,0.0006109668550481136,0.5999038264066849,55.450618948482344,1.0,1.0,0.9417293233082706,0.9899905173322094,1.0,1.0,1.0,1.0,1.0,True,0.9810193066975768,0.9982676004423148,0.0004785907031210223,0.6146171627628981,43.43631817631117,1.0,1.0,0.9415413533834587,0.9887788431145296,1.0,1.0,1.0,1.0,1.0,True,0.9993117687543015,0.9749787955894826,0.007209408889567741,0.0017120771389012442,654.3173035920918,1.0,1.0,0.9964285714285714,1.0,1.0,1.0,1.0,1.0,1.0,HistGB,fleet,40000,20000,26.51,B_fleet_size,CTT_Forester,FS-B,1,4,CIDv2_OpelAstra|CTT_Impala|CTT_Silverado|ROAD_ORNL
125812,27607,0.2194305789590818,0.9997017312352335,0.9994999328589962,98229,0.039665574882341466,True,0.7472380193429202,0.9999030585041927,2.036556183493712e-05,0.9964237809181213,1.8483539649494114,0.9832,0.945985401459854,0.7483082706766917,0.70988304709725,0.9473684210526315,1.0,0.9090909090909091,1.0,1.0,True,0.9431303654870141,0.9994625926068097,0.00014255893284455986,0.9140086770057678,12.93847775464588,1.0,1.0,0.8659774436090225,0.9548519650194921,1.0,1.0,1.0,1.0,1.0,True,0.9946752635201217,0.9968055757223755,0.0008960847207372334,0.20727236568927765,81.3275744577741,1.0,1.0,0.9734962406015037,0.9996839110736487,1.0,1.0,1.0,1.0,1.0,True,0.9946752635201217,0.9968055757223755,0.0008960847207372334,0.20727236568927765,81.3275744577741,1.0,1.0,0.9734962406015037,0.9996839110736487,1.0,1.0,1.0,1.0,1.0,True,0.9991668779657333,0.970994086172909,0.008390611475994094,0.003642449853941798,761.5218335591576,1.0,1.0,0.9956766917293233,1.0,1.0,1.0,1.0,1.0,1.0,XGBoost,fleet,40000,20000,8.46,B_fleet_size,CTT_Forester,FS-B,1,4,CIDv2_OpelAstra|CTT_Impala|CTT_Silverado|ROAD_ORNL
125812,27607,0.2194305789590818,0.9718314668722301,0.9256932278014937,98229,0.039665574882341466,True,0.09877929510631361,1.0,0.0,216768.51579006758,0.0,0.36,0.6627737226277373,0.0,0.04820356126857023,0.15789473684210525,0.25,0.0,0.5,1.0,True,0.09877929510631361,1.0,0.0,210769.59680429703,0.0,0.36,0.6627737226277373,0.0,0.04820356126857023,0.15789473684210525,0.25,0.0,0.5,1.0,True,0.09892418589488174,1.0,0.0,137813.48566785903,0.0,0.3608,0.6627737226277373,0.0,0.04836160573174587,0.15789473684210525,0.25,0.0,0.5,1.0,True,0.09892418589488174,1.0,0.0,145253.13876256783,0.0,0.3608,0.6627737226277373,0.0,0.04836160573174587,0.15789473684210525,0.25,0.0,0.5,1.0,True,0.7065599304524215,0.9640686008006721,0.007402881726999644,3.5495390379038354,671.8766662591111,1.0,1.0,0.6736842105263158,0.6646823306290169,0.9473684210526315,0.9166666666666666,0.9545454545454546,1.0,1.0,Rule:Combined,fleet,40000,20000,0.32,B_fleet_size,CTT_Forester,FS-B,1,4,CIDv2_OpelAstra|CTT_Impala|CTT_Silverado|ROAD_ORNL
125812,27607,0.2194305789590818,0.9997770783550753,0.9994916471846316,98229,0.039665574882341466,True,0.5097257941826349,1.0,0.0,0.9998005144474419,0.0,0.3128,0.6642335766423357,0.6148496240601504,0.47650405647455485,0.7631578947368421,0.8333333333333334,0.7272727272727273,0.5,1.0,True,0.8782917376027819,0.9993817492374907,0.0001527417137620284,0.9817986447426474,13.862654737120586,0.9816,1.0,0.8620300751879699,0.8628700874512696,1.0,1.0,1.0,1.0,1.0,True,0.9960517260115188,0.9961599768149544,0.0010793747772516675,0.7393642459546883,97.96276014231881,1.0,1.0,0.9817669172932331,0.9993678221472975,1.0,1.0,1.0,1.0,1.0,True,0.9950012677944,0.9963004606289217,0.0010386436535817932,0.7865740745926496,94.26605221241999,1.0,1.0,0.9787593984962406,0.9986829628068696,1.0,1.0,1.0,1.0,1.0,True,0.9994566595428696,0.9727824002256381,0.00786110686828573,0.010803931059258398,713.4646304704729,1.0,1.0,0.9971804511278195,1.0,1.0,1.0,1.0,1.0,1.0,HistGB,fleet,40000,20000,25.41,B_fleet_size,CTT_Forester,FS-B,0,4,CIDv2_OpelAstra|CTT_Silverado|CTT_Traverse|ROAD_ORNL
125812,27607,0.2194305789590818,0.9998101416864786,0.9996339979924858,98229,0.039665574882341466,True,0.7273155359148042,1.0,0.0,0.9974908828735352,0.0,0.744,0.9766423357664233,0.7229323308270676,0.7004530607944368,0.9210526315789473,1.0,0.8636363636363636,1.0,1.0,True,0.9221574238417792,0.9993326790971541,0.00017310727559696553,0.9824421405792236,15.711008702069998,0.9936,1.0,0.8573308270676692,0.9271941839637552,1.0,1.0,1.0,1.0,1.0,True,0.9965588437715073,0.9962701430382038,0.0010488264344992618,0.5860883593559265,95.1902291948947,1.0,1.0,0.9832706766917293,0.9996839110736487,1.0,1.0,1.0,1.0,1.0,True,0.9958706125258087,0.9965564738292011,0.0009673641871595132,0.6613469123840332,87.79681333509704,1.0,1.0,0.9796992481203007,0.9996839110736487,1.0,1.0,1.0,1.0,1.0,True,0.9994204368457276,0.9719589953147567,0.008105493610304975,0.014808828011155128,735.6448780498658,1.0,1.0,0.9969924812030075,1.0,1.0,1.0,1.0,1.0,1.0,XGBoost,fleet,40000,20000,9.57,B_fleet_size,CTT_Forester,FS-B,0,4,CIDv2_OpelAstra|CTT_Silverado|CTT_Traverse|ROAD_ORNL
125812,27607,0.2194305789590818,0.9736499952832667,0.929691828965042,98229,0.039665574882341466,True,0.09877929510631361,1.0,0.0,212409.67650273588,0.0,0.36,0.6627737226277373,0.0,0.04820356126857023,0.15789473684210525,0.25,0.0,0.5,1.0,True,0.09877929510631361,1.0,0.0,206531.3858856194,0.0,0.36,0.6627737226277373,0.0,0.04820356126857023,0.15789473684210525,0.25,0.0,0.5,1.0,True,0.09892418589488174,1.0,0.0,135042.283723962,0.0,0.3608,0.6627737226277373,0.0,0.04836160573174587,0.15789473684210525,0.25,0.0,0.5,1.0,True,0.09892418589488174,1.0,0.0,142332.33766284026,0.0,0.3608,0.6627737226277373,0.0,0.04836160573174587,0.15789473684210525,0.25,0.0,0.5,1.0,True,0.7072843843952621,0.9645803487625352,0.007301053917824958,3.4848378798408404,662.634896434364,1.0,1.0,0.6774436090225564,0.6646823306290169,0.9473684210526315,0.9166666666666666,0.9545454545454546,1.0,1.0,Rule:Combined,fleet,40000,20000,0.32,B_fleet_size,CTT_Forester,FS-B,0,4,CIDv2_OpelAstra|CTT_Silverado|CTT_Traverse|ROAD_ORNL
125812,27607,0.2194305789590818,0.9997877778917456,0.9995272644756423,98229,0.039665574882341466,True,0.5658709747527801,1.0,0.0,0.9992530823026623,0.0,0.3448,0.9099756690997567,0.5890977443609022,0.5366663154567485,0.8421052631578947,1.0,0.7272727272727273,1.0,1.0,True,0.8632593182888398,0.9994967287367891,0.00012219337100962272,0.9558945045964787,11.090123789696468,0.9968,1.0,0.8398496240601504,0.8462227373301022,1.0,1.0,1.0,1.0,1.0,True,0.9958706125258087,0.9959788436458484,0.0011302886818390103,0.4489116104001871,102.58364505469234,1.0,1.0,0.9795112781954888,0.9997365925613739,1.0,1.0,1.0,1.0,1.0,True,0.9946390408229797,0.9962991183193644,0.0010386436535817932,0.5399207585158625,94.26605221241999,1.0,1.0,0.9734962406015037,0.9996312295859235,1.0,1.0,1.0,1.0,1.0,True,0.9994566595428696,0.9741218005295675,0.007463978412504455,0.008919285082442224,677.4217281539593,1.0,1.0,0.9971804511278195,1.0,1.0,1.0,1.0,1.0,1.0,HistGB,fleet,40000,20000,19.57,B_fleet_size,CTT_Forester,FS-B,1,4,CIDv2_OpelAstra|CTT_Silverado|CTT_Traverse|ROAD_ORNL
125812,27607,0.2194305789590818,0.9998790632934083,0.9996738151901575,98229,0.039665574882341466,True,0.6835222950700909,1.0,0.0,0.9970445036888123,0.0,0.5808,0.9805352798053528,0.6710526315789473,0.6616268043409546,0.9210526315789473,1.0,0.8636363636363636,1.0,1.0,True,0.9116528416705908,0.9994440473353983,0.00014255893284455986,0.9657484889030457,12.93847775464588,0.9944,1.0,0.8490601503759398,0.9141818564956274,1.0,1.0,1.0,1.0,1.0,True,0.9973919658057739,0.9961290789378482,0.001089557558169136,0.4470512866973877,98.88693712479352,1.0,1.0,0.9866541353383459,0.9999473185122748,1.0,1.0,1.0,1.0,1.0,True,0.9968848480457855,0.9961631737068809,0.0010793747772516675,0.48856601119041443,97.96276014231881,1.0,1.0,0.9840225563909775,0.9999473185122748,1.0,1.0,1.0,1.0,1.0,True,0.9994204368457276,0.9666129484304933,0.009704190214347538,0.012109075672924519,880.7406642983944,1.0,1.0,0.9969924812030075,1.0,1.0,1.0,1.0,1.0,1.0,XGBoost,fleet,40000,20000,7.95,B_fleet_size,CTT_Forester,FS-B,1,4,CIDv2_OpelAstra|CTT_Silverado|CTT_Traverse|ROAD_ORNL
125812,27607,0.2194305789590818,0.9745072218894079,0.9302462103613636,98229,0.039665574882341466,True,0.09877929510631361,1.0,0.0,212406.50581995136,0.0,0.36,0.6627737226277373,0.0,0.04820356126857023,0.15789473684210525,0.25,0.0,0.5,1.0,True,0.09877929510631361,1.0,0.0,206528.302949284,0.0,0.36,0.6627737226277373,0.0,0.04820356126857023,0.15789473684210525,0.25,0.0,0.5,1.0,True,0.09892418589488174,1.0,0.0,135040.27697815874,0.0,0.3608,0.6627737226277373,0.0,0.04836160573174587,0.15789473684210525,0.25,0.0,0.5,1.0,True,0.09892418589488174,1.0,0.0,142330.2220969074,0.0,0.3608,0.6627737226277373,0.0,0.04836160573174587,0.15789473684210525,0.25,0.0,0.5,1.0,True,0.7072843843952621,0.9643897861411567,0.007341785041494832,3.4864687650999735,666.3316043642628,1.0,1.0,0.6774436090225564,0.6646823306290169,0.9473684210526315,0.9166666666666666,0.9545454545454546,1.0,1.0,Rule:Combined,fleet,40000,20000,0.31,B_fleet_size,CTT_Forester,FS-B,1,4,CIDv2_OpelAstra|CTT_Silverado|CTT_Traverse|ROAD_ORNL
125812,27607,0.2194305789590818,0.9996526545614842,0.9994876433355505,98229,0.039665574882341466,True,0.636505234179737,0.9998861955161034,2.036556183493712e-05,0.9996634464355914,1.8483539649494114,0.6344,0.19318734793187348,0.5851503759398496,0.6990306606258561,0.9210526315789473,1.0,0.9090909090909091,0.5,1.0,True,0.9383127467671243,0.9995755354042061,0.00011201059009215417,0.9995678749970884,10.165946807221763,0.9792,0.7970802919708029,0.869172932330827,0.9702876409229797,1.0,1.0,1.0,1.0,1.0,True,0.9952910493715362,0.9965544755549107,0.0009673641871595132,0.7198993059623338,87.79681333509704,1.0,1.0,0.9755639097744361,1.0,1.0,1.0,1.0,1.0,1.0,True,0.9943130365487014,0.9966596470844529,0.0009368158444071076,0.7840680202392493,85.02428238767294,1.0,0.9995133819951338,0.9706766917293234,1.0,1.0,1.0,1.0,1.0,1.0,True,0.9993842141485855,0.970112517580872,0.008655363779848277,0.0040879294375119855,785.5504351035,1.0,1.0,0.9968045112781955,1.0,1.0,1.0,1.0,1.0,1.0,HistGB,fleet,40000,20000,11.52,B_fleet_size,CTT_Forester,FS-B,0,4,CIDv2_Prototype|CTT_Impala|CTT_Silverado|CTT_Traverse
125812,27607,0.2194305789590818,0.9997416079229995,0.9995377010680353,98229,0.039665574882341466,True,0.5602564566957655,0.9999353504008275,1.018278091746856e-05,0.9999858140945435,0.9241769824747057,0.4456,0.21800486618004866,0.4413533834586466,0.6381835423032346,0.9736842105263158,1.0,0.9545454545454546,1.0,1.0,True,0.9011482594994024,0.9994777228717207,0.0001323761519270913,0.9999314546585083,12.014300772171175,0.8272,0.6024330900243309,0.8582706766917293,0.950374038562849,1.0,1.0,1.0,1.0,1.0,True,0.9965226210743652,0.9965226210743652,0.0009775469680769818,0.7069063186645508,88.72099031757175,1.0,1.0,0.9819548872180451,1.0,1.0,1.0,1.0,1.0,1.0,True,0.9957257217372406,0.9968089349820503,0.0008960847207372334,0.7790704965591431,81.3275744577741,1.0,1.0,0.9778195488721805,1.0,1.0,1.0,1.0,1.0,1.0,True,0.9993842141485855,0.9684779556304409,0.009144137263886767,0.0006345692090690136,829.9109302622858,1.0,1.0,0.9968045112781955,1.0,1.0,1.0,1.0,1.0,1.0,XGBoost,fleet,40000,20000,7.14,B_fleet_size,CTT_Forester,FS-B,0,4,CIDv2_Prototype|CTT_Impala|CTT_Silverado|CTT_Traverse
125812,27607,0.2194305789590818,0.9996018797125135,0.9991153743394812,98229,0.039665574882341466,True,0.31568080559278444,1.0,0.0,234375.00000000003,0.0,0.9944,0.6627737226277373,0.11635338345864661,0.28927404909914656,0.5,0.5833333333333334,0.36363636363636365,1.0,1.0,True,0.40971492737349224,1.0,0.0,169760.46617931046,0.0,0.9992,0.6627737226277373,0.5919172932330827,0.2924349383626594,0.7631578947368421,0.6666666666666666,0.7727272727272727,1.0,1.0,True,0.5775709059296555,0.9998118886380737,3.054834275240568e-05,112046.2165805071,2.772530947424117,1.0,0.6632603406326034,0.6372180451127819,0.5237593509640712,0.7894736842105263,0.75,0.7727272727272727,1.0,1.0,True,0.5775709059296555,0.9998118886380737,3.054834275240568e-05,118014.38772283029,2.772530947424117,1.0,0.6632603406326034,0.6372180451127819,0.5237593509640712,0.7894736842105263,0.75,0.7727272727272727,1.0,1.0,True,0.9978990835657623,0.9718488728966028,0.00812585917213991,3.1236669563602333,737.4932320148151,1.0,1.0,0.9890977443609023,1.0,1.0,1.0,1.0,1.0,1.0,Rule:Combined,fleet,40000,20000,0.31,B_fleet_size,CTT_Forester,FS-B,0,4,CIDv2_Prototype|CTT_Impala|CTT_Silverado|CTT_Traverse
125812,27607,0.2194305789590818,0.9997838625724628,0.9996669296994235,98229,0.039665574882341466,True,0.8172564929184627,1.0,0.0,0.9998536785545038,0.0,0.9992,0.613625304136253,0.5723684210526315,0.8959540617427036,0.9473684210526315,1.0,0.9090909090909091,1.0,1.0,True,0.9722171912920636,0.9994414447961274,0.0001527417137620284,0.999322810451192,13.862654737120586,1.0,0.9956204379562044,0.8727443609022556,0.9957327994942577,1.0,1.0,1.0,1.0,1.0,True,0.9948201543086899,0.9961552412042075,0.0010793747772516675,0.8157396746287225,97.96276014231881,1.0,1.0,0.9731203007518797,1.0,1.0,1.0,1.0,1.0,1.0,True,0.9933712464230087,0.9964392122665504,0.000997912529911919,0.8803662374674736,90.56934428252117,1.0,1.0,0.9656015037593985,1.0,1.0,1.0,1.0,1.0,1.0,True,0.9994566595428696,0.97326278659612,0.007718547935441169,0.001639364238138947,700.5261527158269,1.0,1.0,0.9971804511278195,1.0,1.0,1.0,1.0,1.0,1.0,HistGB,fleet,40000,20000,11.09,B_fleet_size,CTT_Forester,FS-B,1,4,CIDv2_Prototype|CTT_Impala|CTT_Silverado|CTT_Traverse
125812,27607,0.2194305789590818,0.9997913872517871,0.9996216281954659,98229,0.039665574882341466,True,0.8550367660375991,0.9998305730865348,4.073112366987424e-05,0.9999532699584961,3.696707929898823,0.9304,0.5951338199513382,0.8231203007518797,0.887156253292593,1.0,1.0,1.0,1.0,1.0,True,0.9248379034302894,0.9995302223614156,0.00012219337100962272,0.9998416900634766,11.090123789696468,0.9976,0.6549878345498783,0.8723684210526316,0.963965862395954,1.0,1.0,1.0,1.0,1.0,True,0.9967399572572174,0.9962708182476466,0.0010488264344992618,0.8833125233650208,95.1902291948947,1.0,1.0,0.9830827067669173,1.0,1.0,1.0,1.0,1.0,1.0,True,0.9954721628572464,0.9965189643919066,0.0009775469680769818,0.9361712336540222,88.72099031757175,1.0,1.0,0.9765037593984962,1.0,1.0,1.0,1.0,1.0,1.0,True,0.9994566595428696,0.9713782784721,0.00827860088590194,0.0005485772853717208,751.3558867519357,1.0,1.0,0.9971804511278195,1.0,1.0,1.0,1.0,1.0,1.0,XGBoost,fleet,40000,20000,5.73,B_fleet_size,CTT_Forester,FS-B,1,4,CIDv2_Prototype|CTT_Impala|CTT_Silverado|CTT_Traverse
125812,27607,0.2194305789590818,0.9996034283199566,0.9991213722978954,98229,0.039665574882341466,True,0.31568080559278444,1.0,0.0,234375.00000000003,0.0,0.9944,0.6627737226277373,0.11635338345864661,0.28927404909914656,0.5,0.5833333333333334,0.36363636363636365,1.0,1.0,True,0.40971492737349224,1.0,0.0,171418.7071067445,0.0,0.9992,0.6627737226277373,0.5919172932330827,0.2924349383626594,0.7631578947368421,0.6666666666666666,0.7727272727272727,1.0,1.0,True,0.5775709059296555,0.9998118886380737,3.054834275240568e-05,113140.69021528836,2.772530947424117,1.0,0.6632603406326034,0.6372180451127819,0.5237593509640712,0.7894736842105263,0.75,0.7727272727272727,1.0,1.0,True,0.5775709059296555,0.9998118886380737,3.054834275240568e-05,119167.1591808496,2.772530947424117,1.0,0.6632603406326034,0.6372180451127819,0.5237593509640712,0.7894736842105263,0.75,0.7727272727272727,1.0,1.0,True,0.9978990835657623,0.9720889202540579,0.008054579705717631,3.128196693444088,731.0239931374923,1.0,1.0,0.9890977443609023,1.0,1.0,1.0,1.0,1.0,1.0,Rule:Combined,fleet,40000,20000,0.3,B_fleet_size,CTT_Forester,FS-B,1,4,CIDv2_Prototype|CTT_Impala|CTT_Silverado|CTT_Traverse
125812,27607,0.2194305789590818,0.9995022472853803,0.9990976847268683,98229,0.039665574882341466,True,0.6857681022928968,1.0,0.0,0.9940393707948537,0.0,0.8936,0.994647201946472,0.6714285714285714,0.6426614687598777,0.9473684210526315,1.0,0.9090909090909091,1.0,1.0,True,0.8989748976708806,0.9993959650465107,0.0001527417137620284,0.8198129087222544,13.862654737120586,1.0,1.0,0.8406015037593985,0.8977452323253609,0.9736842105263158,1.0,0.9545454545454546,1.0,1.0,True,0.9194407215561271,0.9988588068628994,0.0002953006466065883,0.718458645843379,26.80113249176647,1.0,1.0,0.8545112781954888,0.9236118427984407,0.9736842105263158,1.0,0.9545454545454546,1.0,1.0,True,0.9194407215561271,0.9988588068628994,0.0002953006466065883,0.718458645843379,26.80113249176647,1.0,1.0,0.8545112781954888,0.9236118427984407,0.9736842105263158,1.0,0.9545454545454546,1.0,1.0,True,0.9980801970514724,0.9652152590464848,0.01011150145104628,0.008361855330263289,917.7077435973828,1.0,1.0,0.9900375939849624,1.0,1.0,1.0,1.0,1.0,1.0,HistGB,fleet,40000,20000,23.37,B_fleet_size,CTT_Forester,FS-B,0,5,CIDv2_OpelAstra|CIDv2_Prototype|CIDv2_RenaultClio|CTT_Impala|ROAD_ORNL
125812,27607,0.2194305789590818,0.9995977526745995,0.9993033083122115,98229,0.039665574882341466,True,0.6574781758249719,1.0,0.0,0.9923529028892517,0.0,0.9368,0.7192214111922142,0.7133458646616542,0.6167421767990728,0.9473684210526315,1.0,0.9090909090909091,1.0,1.0,True,0.9458470677726664,0.9994258812722471,0.0001527417137620284,0.6762772798538208,13.862654737120586,1.0,1.0,0.8765037593984962,0.9558529132862712,1.0,1.0,1.0,1.0,1.0,True,0.9927554605715941,0.9971258095030198,0.0008044396924800163,0.08656168729066849,73.00998161550176,1.0,1.0,0.962593984962406,0.9999473185122748,1.0,1.0,1.0,1.0,1.0,True,0.9926467924801681,0.9972706430365006,0.0007637085688101421,0.08884410560131073,69.31327368560294,1.0,1.0,0.9620300751879699,0.9999473185122748,1.0,1.0,1.0,1.0,1.0,True,0.9982613105371826,0.9629953176322594,0.010783564991599206,0.008206681348383427,978.7034244407133,1.0,1.0,0.9909774436090225,1.0,1.0,1.0,1.0,1.0,1.0,XGBoost,fleet,40000,20000,10.36,B_fleet_size,CTT_Forester,FS-B,0,5,CIDv2_OpelAstra|CIDv2_Prototype|CIDv2_RenaultClio|CTT_Impala|ROAD_ORNL
125812,27607,0.2194305789590818,0.9717658084616918,0.9192821344244024,98229,0.039665574882341466,True,0.09867062701488753,1.0,0.0,233181.97281904123,0.0,0.36,0.6627737226277373,0.0,0.04804551680539459,0.15789473684210525,0.25,0.0,0.5,1.0,True,0.09867062701488753,1.0,0.0,226728.8232946352,0.0,0.36,0.6627737226277373,0.0,0.04804551680539459,0.15789473684210525,0.25,0.0,0.5,1.0,True,0.09892418589488174,1.0,0.0,148248.54804737004,0.0,0.3608,0.6627737226277373,0.0,0.04836160573174587,0.15789473684210525,0.25,0.0,0.5,1.0,True,0.09892418589488174,1.0,0.0,156251.52224051117,0.0,0.3608,0.6627737226277373,0.0,0.04836160573174587,0.15789473684210525,0.25,0.0,0.5,1.0,True,0.7072843843952621,0.9638185497803445,0.007463978412504455,3.828849300568576,677.4217281539593,1.0,1.0,0.6774436090225564,0.6646823306290169,0.9473684210526315,0.9166666666666666,0.9545454545454546,1.0,1.0,Rule:Combined,fleet,40000,20000,0.31,B_fleet_size,CTT_Forester,FS-B,0,5,CIDv2_OpelAstra|CIDv2_Prototype|CIDv2_RenaultClio|CTT_Impala|ROAD_ORNL
125812,27607,0.2194305789590818,0.9991583878273207,0.9988181644639221,98229,0.039665574882341466,True,0.7451371029086826,0.99995139023916,1.018278091746856e-05,0.9811761711290338,0.9241769824747057,0.9984,0.9990267639902677,0.6988721804511279,0.7139395216520914,0.9473684210526315,1.0,0.9090909090909091,1.0,1.0,True,0.9126670771905676,0.9992068527918782,0.0002036556183493712,0.6117874559088935,18.483539649494116,1.0,1.0,0.850187969924812,0.9149720788115057,0.9736842105263158,1.0,0.9545454545454546,1.0,1.0,True,0.9587785706523708,0.998491078501641,0.0004073112366987424,0.26482285042045955,36.96707929898823,1.0,1.0,0.8906015037593985,0.9707090928247813,1.0,1.0,1.0,1.0,1.0,True,0.9587785706523708,0.998491078501641,0.0004073112366987424,0.26482285042045955,36.96707929898823,1.0,1.0,0.8906015037593985,0.9707090928247813,1.0,1.0,1.0,1.0,1.0,True,0.9979715289600464,0.9607015830950555,0.011475994093987068,0.003205652989645908,1041.5474592489934,1.0,1.0,0.9894736842105263,1.0,1.0,1.0,1.0,1.0,1.0,HistGB,fleet,40000,20000,23.6,B_fleet_size,CTT_Forester,FS-B,1,5,CIDv2_OpelAstra|CIDv2_Prototype|CIDv2_RenaultClio|CTT_Impala|ROAD_ORNL
125812,27607,0.2194305789590818,0.99922091859303,0.9989630542820671,98229,0.039665574882341466,True,0.6079979715289601,1.0,0.0,0.9971466660499573,0.0,0.808,0.4744525547445255,0.6588345864661654,0.5950374038562849,0.9473684210526315,1.0,0.9090909090909091,1.0,1.0,True,0.9405223312927881,0.9992687807881774,0.00019347283743190267,0.7318549752235413,17.55936266701941,1.0,1.0,0.8642857142857143,0.9515330312928038,1.0,1.0,1.0,1.0,1.0,True,0.9821784330061216,0.9970216208265922,0.0008248052543149534,0.20684975385665894,74.85833558045117,1.0,1.0,0.918233082706767,0.9969971551996628,1.0,1.0,1.0,1.0,1.0,True,0.9821422103089796,0.9972048547260022,0.0007738913497276107,0.2085956484079361,70.23745066807764,1.0,1.0,0.918233082706767,0.9969444737119376,1.0,1.0,1.0,1.0,1.0,True,0.9979353062629044,0.9678892636312535,0.009307061758566264,0.007202384993433952,844.697761981881,1.0,1.0,0.9892857142857143,1.0,1.0,1.0,1.0,1.0,1.0,XGBoost,fleet,40000,20000,10.68,B_fleet_size,CTT_Forester,FS-B,1,5,CIDv2_OpelAstra|CIDv2_Prototype|CIDv2_RenaultClio|CTT_Impala|ROAD_ORNL
125812,27607,0.2194305789590818,0.9723927783313476,0.9205240868485453,98229,0.039665574882341466,True,0.09867062701488753,1.0,0.0,224888.52455155016,0.0,0.36,0.6627737226277373,0.0,0.04804551680539459,0.15789473684210525,0.25,0.0,0.5,1.0,True,0.09877929510631361,1.0,0.0,218664.88993054844,0.0,0.36,0.6627737226277373,0.0,0.04820356126857023,0.15789473684210525,0.25,0.0,0.5,1.0,True,0.09892418589488174,1.0,0.0,142975.88993581658,0.0,0.3608,0.6627737226277373,0.0,0.04836160573174587,0.15789473684210525,0.25,0.0,0.5,1.0,True,0.09892418589488174,1.0,0.0,150694.22763604223,0.0,0.3608,0.6627737226277373,0.0,0.04836160573174587,0.15789473684210525,0.25,0.0,0.5,1.0,True,0.7072843843952621,0.9634381013470174,0.007545440659844203,3.6885151766141706,684.8151440137569,1.0,1.0,0.6774436090225564,0.6646823306290169,0.9473684210526315,0.9166666666666666,0.9545454545454546,1.0,1.0,Rule:Combined,fleet,40000,20000,0.31,B_fleet_size,CTT_Forester,FS-B,1,5,CIDv2_OpelAstra|CIDv2_Prototype|CIDv2_RenaultClio|CTT_Impala|ROAD_ORNL
125812,27607,0.2194305789590818,0.9997332525984537,0.9995574477608516,98229,0.039665574882341466,True,0.7391965805773898,0.9999509996079968,1.018278091746856e-05,0.9984740886608766,0.9241769824747057,0.9992,0.989294403892944,0.6986842105263158,0.7063533874196607,0.9736842105263158,1.0,0.9545454545454546,1.0,1.0,True,0.9477306480240518,0.9997325283710978,7.127946642227993e-05,0.9925214354578128,6.46923887732294,1.0,1.0,0.8263157894736842,0.9726583078706142,0.9736842105263158,1.0,0.9545454545454546,1.0,1.0,True,0.9908718803202087,0.9958136148525665,0.0011710198055088846,0.1732723673161765,106.28035298459118,1.0,1.0,0.9526315789473684,1.0,1.0,1.0,1.0,1.0,1.0,True,0.9898576448002319,0.996099730261719,0.001089557558169136,0.2657310049811751,98.88693712479352,1.0,1.0,0.9473684210526315,1.0,1.0,1.0,1.0,1.0,1.0,True,0.9990582098743073,0.9769064569829632,0.006639173158189501,0.003599243627430027,602.563392573508,1.0,1.0,0.9951127819548872,1.0,1.0,1.0,1.0,1.0,1.0,HistGB,fleet,40000,20000,14.11,B_fleet_size,CTT_Forester,FS-B,0,5,CIDv2_OpelAstra|CIDv2_Prototype|CIDv2_RenaultClio|CTT_Silverado|CTT_Traverse
125812,27607,0.2194305789590818,0.999845053314154,0.9996240838439485,98229,0.039665574882341466,True,0.6260730974028326,1.0,0.0,0.9983148574829102,0.0,0.9992,0.9172749391727494,0.61296992481203,0.5736487198398483,0.9736842105263158,1.0,0.9545454545454546,1.0,1.0,True,0.9291121816930489,0.9994544887780549,0.00014255893284455986,0.933696448802948,12.93847775464588,1.0,1.0,0.7849624060150376,0.9571699504794016,1.0,1.0,1.0,1.0,1.0,True,0.9921034520230376,0.9962896948092103,0.0010386436535817932,0.0921463817358017,94.26605221241999,1.0,1.0,0.9590225563909774,1.0,1.0,1.0,1.0,1.0,1.0,True,0.991306552685913,0.9964681036993883,0.0009877297489944504,0.1222999170422554,89.64516730004645,1.0,1.0,0.9548872180451128,1.0,1.0,1.0,1.0,1.0,1.0,True,0.9993842141485855,0.9778140062375957,0.006374420854335319,0.0006575891165994108,578.5347910291658,1.0,1.0,0.9968045112781955,1.0,1.0,1.0,1.0,1.0,1.0,XGBoost,fleet,40000,20000,9.08,B_fleet_size,CTT_Forester,FS-B,0,5,CIDv2_OpelAstra|CIDv2_Prototype|CIDv2_RenaultClio|CTT_Silverado|CTT_Traverse
125812,27607,0.2194305789590818,0.999707343069923,0.9990838980640779,98229,0.039665574882341466,True,0.31568080559278444,1.0,0.0,234375.00000000003,0.0,0.9944,0.6627737226277373,0.11635338345864661,0.28927404909914656,0.5,0.5833333333333334,0.36363636363636365,1.0,1.0,True,0.36458144673452386,1.0,0.0,193677.85125020662,0.0,0.9976,0.6627737226277373,0.3656015037593985,0.29032767885365085,0.7368421052631579,0.5833333333333334,0.7727272727272727,1.0,1.0,True,0.42040062303039083,0.999913845093478,1.018278091746856e-05,127832.2951040676,0.9241769824747057,0.9992,0.6627737226277373,0.6359022556390977,0.2956485091138974,0.7631578947368421,0.6666666666666666,0.7727272727272727,1.0,1.0,True,0.42040062303039083,0.999913845093478,1.018278091746856e-05,134641.31541397114,0.9241769824747057,0.9992,0.6627737226277373,0.6359022556390977,0.2956485091138974,0.7631578947368421,0.6666666666666666,0.7727272727272727,1.0,1.0,True,0.9978990835657623,0.9747372890351342,0.007270505575072552,3.4194676612637034,659.8623654869399,1.0,1.0,0.9890977443609023,1.0,1.0,1.0,1.0,1.0,1.0,Rule:Combined,fleet,40000,20000,0.36,B_fleet_size,CTT_Forester,FS-B,0,5,CIDv2_OpelAstra|CIDv2_Prototype|CIDv2_RenaultClio|CTT_Silverado|CTT_Traverse
125812,27607,0.2194305789590818,0.9997557445677938,0.9996117959548217,98229,0.039665574882341466,True,0.9026696127793675,1.0,0.0,0.9977286753752307,0.0,1.0,0.9956204379562044,0.8453007518796992,0.9022758402697292,0.9473684210526315,1.0,0.9090909090909091,1.0,1.0,True,0.9641033071322491,0.9995868854921696,0.00011201059009215417,0.990364131765828,10.165946807221763,1.0,0.9995133819951338,0.8686090225563909,0.9846696870719629,1.0,1.0,1.0,1.0,1.0,True,0.9916687796573332,0.9962880745296409,0.0010386436535817932,0.38687054500667095,94.26605221241999,1.0,1.0,0.9573308270676691,0.9998419555368243,1.0,1.0,1.0,1.0,1.0,True,0.9904734306516463,0.9963562162950007,0.001018278091746856,0.5217820148470521,92.41769824747057,1.0,1.0,0.9511278195488722,0.9998419555368243,1.0,1.0,1.0,1.0,1.0,True,0.9993479914514435,0.9754967824057704,0.007056667175805713,0.0019193256390206692,640.4546488549711,1.0,1.0,0.9966165413533835,1.0,1.0,1.0,1.0,1.0,1.0,HistGB,fleet,40000,20000,12.68,B_fleet_size,CTT_Forester,FS-B,1,5,CIDv2_OpelAstra|CIDv2_Prototype|CIDv2_RenaultClio|CTT_Silverado|CTT_Traverse
125812,27607,0.2194305789590818,0.9997999614874958,0.9996369994428957,98229,0.039665574882341466,True,0.706016589995291,0.9999486969012928,1.018278091746856e-05,0.9977254271507263,0.9241769824747057,1.0,0.9737226277372263,0.7077067669172933,0.6572015593720366,0.9736842105263158,1.0,0.9545454545454546,1.0,1.0,True,0.9445068279784112,0.9995783178716553,0.00011201059009215417,0.9822783470153809,10.165946807221763,1.0,1.0,0.8223684210526315,0.9690759667052997,1.0,1.0,1.0,1.0,1.0,True,0.9934436918172928,0.9963670711327473,0.001018278091746856,0.10696790367364883,92.41769824747057,1.0,1.0,0.9659774436090226,1.0,1.0,1.0,1.0,1.0,1.0,True,0.9922845655087478,0.9967979040826723,0.0008960847207372334,0.1704801619052887,81.3275744577741,1.0,1.0,0.9599624060150376,1.0,1.0,1.0,1.0,1.0,1.0,True,0.9993479914514435,0.9726080518931115,0.007912020772873072,0.00067316391505301,718.0855153828464,1.0,1.0,0.9966165413533835,1.0,1.0,1.0,1.0,1.0,1.0,XGBoost,fleet,40000,20000,7.96,B_fleet_size,CTT_Forester,FS-B,1,5,CIDv2_OpelAstra|CIDv2_Prototype|CIDv2_RenaultClio|CTT_Silverado|CTT_Traverse
125812,27607,0.2194305789590818,0.9997092586809162,0.9990935375062866,98229,0.039665574882341466,True,0.31568080559278444,1.0,0.0,234375.00000000003,0.0,0.9944,0.6627737226277373,0.11635338345864661,0.28927404909914656,0.5,0.5833333333333334,0.36363636363636365,1.0,1.0,True,0.36458144673452386,1.0,0.0,192896.76180062545,0.0,0.9976,0.6627737226277373,0.3656015037593985,0.29032767885365085,0.7368421052631579,0.5833333333333334,0.7727272727272727,1.0,1.0,True,0.42040062303039083,0.9998277050310131,2.036556183493712e-05,127316.75625242811,1.8483539649494114,0.9992,0.6627737226277373,0.6359022556390977,0.2956485091138974,0.7631578947368421,0.6666666666666666,0.7727272727272727,1.0,1.0,True,0.42040062303039083,0.999913845093478,1.018278091746856e-05,134098.31625186396,0.9241769824747057,0.9992,0.6627737226277373,0.6359022556390977,0.2956485091138974,0.7631578947368421,0.6666666666666666,0.7727272727272727,1.0,1.0,True,0.9978990835657623,0.9745304043298313,0.007331602260577364,3.411522843746033,665.4074273817881,1.0,1.0,0.9890977443609023,1.0,1.0,1.0,1.0,1.0,1.0,Rule:Combined,fleet,40000,20000,0.31,B_fleet_size,CTT_Forester,FS-B,1,5,CIDv2_OpelAstra|CIDv2_Prototype|CIDv2_RenaultClio|CTT_Silverado|CTT_Traverse
125812,27607,0.2194305789590818,0.9997928145083077,0.9996019249339289,98229,0.039665574882341466,True,0.7504980620857029,0.9999517374517375,1.018278091746856e-05,0.982431127248697,0.9241769824747057,0.3624,1.0,0.7212406015037593,0.7572437045622168,0.9736842105263158,1.0,0.9545454545454546,1.0,1.0,True,0.9245118991560112,0.9994909147869674,0.0001323761519270913,0.8758152755330345,12.014300772171175,0.4752,1.0,0.8520676691729323,0.9662311663681382,1.0,1.0,1.0,1.0,1.0,True,0.9964139529829391,0.9966305568638817,0.0009469986253245762,0.09027084628067171,85.94845937014765,1.0,1.0,0.9817669172932331,0.9998946370245496,1.0,1.0,1.0,1.0,1.0,True,0.9959430579200927,0.9967373572593801,0.0009164502825721705,0.09747668611429487,83.17592842272352,1.0,1.0,0.9798872180451128,0.9997365925613739,1.0,1.0,1.0,1.0,1.0,True,0.9993842141485855,0.9733982500705617,0.007677816811771295,0.004024686386365652,696.8294447859282,1.0,1.0,0.9968045112781955,1.0,1.0,1.0,1.0,1.0,1.0,HistGB,fleet,40000,20000,24.4,B_fleet_size,CTT_Forester,FS-B,0,5,CIDv2_OpelAstra|CIDv2_Prototype|CIDv2_RenaultClio|CTT_Traverse|ROAD_ORNL
125812,27607,0.2194305789590818,0.9996763058194256,0.999464241966381,98229,0.039665574882341466,True,0.7056181403267288,1.0,0.0,0.9806104898452759,0.0,0.4296,0.9995133819951338,0.6783834586466165,0.6996101569908334,1.0,1.0,1.0,1.0,1.0,True,0.9149491071105155,0.9991693037974684,0.00021383839926683977,0.7955523133277893,19.40771663196882,0.9032,1.0,0.7761278195488722,0.945421978716679,1.0,1.0,1.0,1.0,1.0,True,0.9896403086173796,0.9964621781311547,0.0009877297489944504,0.17993904650211334,89.64516730004645,1.0,1.0,0.9464285714285714,0.9999473185122748,1.0,1.0,1.0,1.0,1.0,True,0.9883362915202666,0.9966759205143191,0.0009266330634896391,0.2097821980714798,84.10010540519822,1.0,1.0,0.9398496240601504,0.9998946370245496,1.0,1.0,1.0,1.0,1.0,True,0.9993117687543015,0.9705199465278266,0.008533170408838654,0.004096426069736481,774.4603113138033,1.0,1.0,0.9964285714285714,1.0,1.0,1.0,1.0,1.0,1.0,XGBoost,fleet,40000,20000,10.02,B_fleet_size,CTT_Forester,FS-B,0,5,CIDv2_OpelAstra|CIDv2_Prototype|CIDv2_RenaultClio|CTT_Traverse|ROAD_ORNL
125812,27607,0.2194305789590818,0.9733805779769981,0.9267229401614987,98229,0.039665574882341466,True,0.09877929510631361,1.0,0.0,216864.52397513992,0.0,0.36,0.6627737226277373,0.0,0.04820356126857023,0.15789473684210525,0.25,0.0,0.5,1.0,True,0.09877929510631361,1.0,0.0,210862.94854101853,0.0,0.36,0.6627737226277373,0.0,0.04820356126857023,0.15789473684210525,0.25,0.0,0.5,1.0,True,0.09892418589488174,1.0,0.0,137874.52164560137,0.0,0.3608,0.6627737226277373,0.0,0.04836160573174587,0.15789473684210525,0.25,0.0,0.5,1.0,True,0.09892418589488174,1.0,0.0,145317.46917623124,0.0,0.3608,0.6627737226277373,0.0,0.04836160573174587,0.15789473684210525,0.25,0.0,0.5,1.0,True,0.7072843843952621,0.9643421572500988,0.007351967822412301,3.5627794267935315,667.2557813467375,1.0,1.0,0.6774436090225564,0.6646823306290169,0.9473684210526315,0.9166666666666666,0.9545454545454546,1.0,1.0,Rule:Combined,fleet,40000,20000,0.29,B_fleet_size,CTT_Forester,FS-B,0,5,CIDv2_OpelAstra|CIDv2_Prototype|CIDv2_RenaultClio|CTT_Traverse|ROAD_ORNL
125812,27607,0.2194305789590818,0.9995595581171764,0.999285922259432,98229,0.039665574882341466,True,0.5887637193465426,1.0,0.0,0.9948343939031616,0.0,0.3632,1.0,0.6398496240601503,0.5447792645664313,0.9210526315789473,1.0,0.8636363636363636,1.0,1.0,True,0.8483355670663237,0.9992746511925588,0.00017310727559696553,0.9418306928428896,15.711008702069998,0.4616,1.0,0.7676691729323308,0.879991570961964,1.0,1.0,1.0,1.0,1.0,True,0.9895316405259535,0.9967162872154116,0.0009164502825721705,0.2719487544172356,83.17592842272352,0.9656,1.0,0.956766917293233,0.9991570961963966,1.0,1.0,1.0,1.0,1.0,True,0.988843409280255,0.9967867966553474,0.0008960847207372334,0.29116154541388994,81.3275744577741,0.964,1.0,0.9543233082706767,0.9989463702454957,1.0,1.0,1.0,1.0,1.0,True,0.9993479914514435,0.9712384707456171,0.008319332009571814,0.004294011119351401,755.0525946818346,1.0,1.0,0.9966165413533835,1.0,1.0,1.0,1.0,1.0,1.0,HistGB,fleet,40000,20000,23.82,B_fleet_size,CTT_Forester,FS-B,1,5,CIDv2_OpelAstra|CIDv2_Prototype|CIDv2_RenaultClio|CTT_Traverse|ROAD_ORNL
125812,27607,0.2194305789590818,0.9996497915649442,0.9994484683108963,98229,0.039665574882341466,True,0.8272539573296628,0.9998248839856405,4.073112366987424e-05,0.9842378497123718,3.696707929898823,0.3016,0.9990267639902677,0.7757518796992481,0.8577073016541987,1.0,1.0,1.0,1.0,1.0,True,0.9078132357735357,0.999481555333998,0.0001323761519270913,0.9605727791786194,12.014300772171175,0.408,0.9995133819951338,0.8345864661654135,0.9513223053419029,1.0,1.0,1.0,1.0,1.0,True,0.9965226210743652,0.9963782550432798,0.001018278091746856,0.34885627031326294,92.41769824747057,0.9992,1.0,0.9821428571428571,1.0,1.0,1.0,1.0,1.0,1.0,True,0.9952186039772521,0.9966626763884354,0.0009368158444071076,0.42399153113365173,85.02428238767294,0.9976,1.0,0.9759398496240601,0.9999473185122748,1.0,1.0,1.0,1.0,1.0,True,0.9993479914514435,0.9666783461807988,0.009683824652512602,0.006708471570163965,878.8923103334453,1.0,1.0,0.9966165413533835,1.0,1.0,1.0,1.0,1.0,1.0,XGBoost,fleet,40000,20000,11.23,B_fleet_size,CTT_Forester,FS-B,1,5,CIDv2_OpelAstra|CIDv2_Prototype|CIDv2_RenaultClio|CTT_Traverse|ROAD_ORNL
125812,27607,0.2194305789590818,0.9737276473329436,0.9275586456009585,98229,0.039665574882341466,True,0.09877929510631361,1.0,0.0,216791.71329718785,0.0,0.36,0.6627737226277373,0.0,0.04820356126857023,0.15789473684210525,0.25,0.0,0.5,1.0,True,0.09877929510631361,1.0,0.0,210792.1528481278,0.0,0.36,0.6627737226277373,0.0,0.04820356126857023,0.15789473684210525,0.25,0.0,0.5,1.0,True,0.09892418589488174,1.0,0.0,137828.23128326217,0.0,0.3608,0.6627737226277373,0.0,0.04836160573174587,0.15789473684210525,0.25,0.0,0.5,1.0,True,0.09892418589488174,1.0,0.0,145268.67989869034,0.0,0.3608,0.6627737226277373,0.0,0.04836160573174587,0.15789473684210525,0.25,0.0,0.5,1.0,True,0.7072843843952621,0.964246913580247,0.007372333384247238,3.5622400639208935,669.104135311687,1.0,1.0,0.6774436090225564,0.6646823306290169,0.9473684210526315,0.9166666666666666,0.9545454545454546,1.0,1.0,Rule:Combined,fleet,40000,20000,0.34,B_fleet_size,CTT_Forester,FS-B,1,5,CIDv2_OpelAstra|CIDv2_Prototype|CIDv2_RenaultClio|CTT_Traverse|ROAD_ORNL
125812,27607,0.2194305789590818,0.999674413630267,0.999332772333454,98229,0.039665574882341466,True,0.5293222733364726,1.0,0.0,0.9993325102386285,0.0,0.46,0.9532846715328467,0.5669172932330827,0.4774523232536087,0.7894736842105263,0.8333333333333334,0.7272727272727273,1.0,1.0,True,0.7783533161879234,0.9993024229177324,0.0001527417137620284,0.9175092729839298,13.862654737120586,1.0,1.0,0.831390977443609,0.7248972710989359,1.0,1.0,1.0,1.0,1.0,True,0.9915963342630493,0.9962878043454526,0.0010386436535817932,0.37147591217356585,94.26605221241999,1.0,1.0,0.9778195488721805,0.9939943103993257,1.0,1.0,1.0,1.0,1.0,True,0.9900025355887999,0.9963544894462469,0.001018278091746856,0.40384526235955887,92.41769824747057,1.0,1.0,0.975187969924812,0.9924138657675693,1.0,1.0,1.0,1.0,1.0,True,0.9994204368457276,0.9752226777887743,0.007138129423145461,0.005590751401812728,647.8480647147688,1.0,1.0,0.9969924812030075,1.0,1.0,1.0,1.0,1.0,1.0,HistGB,fleet,40000,20000,21.4,B_fleet_size,CTT_Forester,FS-B,0,5,CIDv2_OpelAstra|CIDv2_Prototype|CTT_Silverado|CTT_Traverse|ROAD_ORNL
125812,27607,0.2194305789590818,0.9997177204180492,0.9995372622952489,98229,0.039665574882341466,True,0.6532763429564965,1.0,0.0,0.9976310729980469,0.0,0.896,0.9785888077858881,0.6462406015037594,0.6040459382572964,0.9473684210526315,1.0,0.9090909090909091,1.0,1.0,True,0.909443257144927,0.9994426973448509,0.00014255893284455986,0.9432919025421143,12.93847775464588,0.9976,1.0,0.8374060150375939,0.9140238120324518,1.0,1.0,1.0,1.0,1.0,True,0.9953634947658203,0.9964101820291537,0.0010080953108293875,0.3443359136581421,91.49352126499588,1.0,1.0,0.9770676691729323,0.9996839110736487,1.0,1.0,1.0,1.0,1.0,True,0.9946390408229797,0.9966607382672136,0.0009368158444071076,0.3871549069881439,85.02428238767294,1.0,1.0,0.974812030075188,0.999262459171847,1.0,1.0,1.0,1.0,1.0,True,0.9993842141485855,0.9715472920628213,0.008227686981314597,0.012295637279748917,746.7350018395623,1.0,1.0,0.9968045112781955,1.0,1.0,1.0,1.0,1.0,1.0,XGBoost,fleet,40000,20000,9.03,B_fleet_size,CTT_Forester,FS-B,0,5,CIDv2_OpelAstra|CIDv2_Prototype|CTT_Silverado|CTT_Traverse|ROAD_ORNL
125812,27607,0.2194305789590818,0.9747824968674172,0.9310315898322005,98229,0.039665574882341466,True,0.09877929510631361,1.0,0.0,210560.2974749779,0.0,0.36,0.6627737226277373,0.0,0.04820356126857023,0.15789473684210525,0.25,0.0,0.5,1.0,True,0.09877929510631361,1.0,0.0,204733.18714100745,0.0,0.36,0.6627737226277373,0.0,0.04820356126857023,0.15789473684210525,0.25,0.0,0.5,1.0,True,0.09892418589488174,1.0,0.0,133866.516350782,0.0,0.3608,0.6627737226277373,0.0,0.04836160573174587,0.15789473684210525,0.25,0.0,0.5,1.0,True,0.09892418589488174,1.0,0.0,141093.09826198354,0.0,0.3608,0.6627737226277373,0.0,0.04836160573174587,0.15789473684210525,0.25,0.0,0.5,1.0,True,0.7072843843952621,0.964485058039022,0.007321419479659895,3.4515590082961682,664.4832503993134,1.0,1.0,0.6774436090225564,0.6646823306290169,0.9473684210526315,0.9166666666666666,0.9545454545454546,1.0,1.0,Rule:Combined,fleet,40000,20000,0.32,B_fleet_size,CTT_Forester,FS-B,0,5,CIDv2_OpelAstra|CIDv2_Prototype|CTT_Silverado|CTT_Traverse|ROAD_ORNL
125812,27607,0.2194305789590818,0.9998097704411789,0.9995963010396743,98229,0.039665574882341466,True,0.6311804976998587,1.0,0.0,0.9988462391270899,0.0,0.6376,0.994647201946472,0.6360902255639098,0.5900326625223896,0.868421052631579,0.9166666666666666,0.8181818181818182,1.0,1.0,True,0.9098417068134893,0.9992838956078931,0.0001832900565144341,0.9577438977601468,16.6351856845447,0.9976,1.0,0.8558270676691729,0.9094405226003582,1.0,1.0,1.0,1.0,1.0,True,0.9972470750172058,0.9961645620002171,0.0010793747772516675,0.46417402317424683,97.96276014231881,1.0,1.0,0.9866541353383459,0.9997365925613739,1.0,1.0,1.0,1.0,1.0,True,0.9955083855543884,0.9963745785447559,0.001018278091746856,0.5661717828074803,92.41769824747057,1.0,1.0,0.9785714285714285,0.9994731851227479,1.0,1.0,1.0,1.0,1.0,True,0.9993842141485855,0.9747394453276806,0.007280688355990021,0.010916686826724519,660.7865424694147,1.0,1.0,0.9968045112781955,1.0,1.0,1.0,1.0,1.0,1.0,HistGB,fleet,40000,20000,27.03,B_fleet_size,CTT_Forester,FS-B,1,5,CIDv2_OpelAstra|CIDv2_Prototype|CTT_Silverado|CTT_Traverse|ROAD_ORNL
125812,27607,0.2194305789590818,0.9998523354760568,0.9996437985264778,98229,0.039665574882341466,True,0.6515014307965371,1.0,0.0,0.9967774748802185,0.0,0.5776,0.9386861313868613,0.6575187969924812,0.6235907702033505,0.9473684210526315,1.0,0.9090909090909091,1.0,1.0,True,0.9170500235447532,0.999368412742273,0.00016292449467949696,0.9421010613441467,14.786831719595291,0.9992,1.0,0.8734962406015038,0.9148667158360552,1.0,1.0,1.0,1.0,1.0,True,0.9976455246857681,0.9964183640244564,0.0010080953108293875,0.33087000250816345,91.49352126499588,1.0,1.0,0.9881578947368421,0.9998946370245496,1.0,1.0,1.0,1.0,1.0,True,0.9973195204114899,0.9967057631045467,0.0009266330634896391,0.37902626395225525,84.10010540519822,1.0,1.0,0.9866541353383459,0.9998419555368243,1.0,1.0,1.0,1.0,1.0,True,0.9993479914514435,0.9722310321739437,0.008024031362965226,0.010647210292518139,728.2514621900682,1.0,1.0,0.9966165413533835,1.0,1.0,1.0,1.0,1.0,1.0,XGBoost,fleet,40000,20000,8.2,B_fleet_size,CTT_Forester,FS-B,1,5,CIDv2_OpelAstra|CIDv2_Prototype|CTT_Silverado|CTT_Traverse|ROAD_ORNL
125812,27607,0.2194305789590818,0.9750031558155787,0.9314716064179528,98229,0.039665574882341466,True,0.09877929510631361,1.0,0.0,210029.3069669791,0.0,0.36,0.6627737226277373,0.0,0.04820356126857023,0.15789473684210525,0.25,0.0,0.5,1.0,True,0.09877929510631361,1.0,0.0,204216.89142739063,0.0,0.36,0.6627737226277373,0.0,0.04820356126857023,0.15789473684210525,0.25,0.0,0.5,1.0,True,0.09892418589488174,1.0,0.0,133528.93205605246,0.0,0.3608,0.6627737226277373,0.0,0.04836160573174587,0.15789473684210525,0.25,0.0,0.5,1.0,True,0.09892418589488174,1.0,0.0,140737.2899884406,0.0,0.3608,0.6627737226277373,0.0,0.04836160573174587,0.15789473684210525,0.25,0.0,0.5,1.0,True,0.7072843843952621,0.9645803487625352,0.007301053917824958,3.4460321317392015,662.634896434364,1.0,1.0,0.6774436090225564,0.6646823306290169,0.9473684210526315,0.9166666666666666,0.9545454545454546,1.0,1.0,Rule:Combined,fleet,40000,20000,0.29,B_fleet_size,CTT_Forester,FS-B,1,5,CIDv2_OpelAstra|CIDv2_Prototype|CTT_Silverado|CTT_Traverse|ROAD_ORNL
125812,27607,0.2194305789590818,0.9996219188440549,0.9995113078643567,98229,0.039665574882341466,True,0.7086970695838012,0.9999488909332516,1.018278091746856e-05,0.9995649672831916,0.9241769824747057,0.4064,0.918734793187348,0.6772556390977443,0.7146770624802444,0.9736842105263158,1.0,0.9545454545454546,1.0,1.0,True,0.9260694751331184,0.9996871822945179,8.146224733974848e-05,0.99751465389161,7.393415859797646,0.8136,1.0,0.8565789473684211,0.944947845327152,1.0,1.0,1.0,1.0,1.0,True,0.9975730792914841,0.99609375,0.0010997403390866046,0.6954632525137653,99.81111410726822,1.0,1.0,0.987406015037594,1.0,1.0,1.0,1.0,1.0,1.0,True,0.9974281885029159,0.9963815313359387,0.001018278091746856,0.7555932839998676,92.41769824747057,1.0,1.0,0.9866541353383459,1.0,1.0,1.0,1.0,1.0,1.0,True,0.9993117687543015,0.9739805825242719,0.007504709536174329,0.005679058919967758,681.1184360838581,1.0,1.0,0.9964285714285714,1.0,1.0,1.0,1.0,1.0,1.0,HistGB,fleet,40000,20000,39.75,B_fleet_size,CTT_Forester,FS-B,0,5,CIDv2_OpelAstra|CTT_Impala|CTT_Silverado|CTT_Traverse|ROAD_ORNL
125812,27607,0.2194305789590818,0.9997387168940275,0.9995460323059223,98229,0.039665574882341466,True,0.803926540370196,0.999864846600892,3.054834275240568e-05,0.9994200468063354,2.772530947424117,0.2728,0.6992700729927007,0.7169172932330827,0.8746180592139922,0.9736842105263158,1.0,0.9545454545454546,1.0,1.0,True,0.9215054152932227,0.9994107248084856,0.0001527417137620284,0.997437596321106,13.862654737120586,0.4536,0.95669099756691,0.8590225563909775,0.9660204404172373,1.0,1.0,1.0,1.0,1.0,True,0.997536856594342,0.9963458755426917,0.0010284608726643246,0.6511380076408386,93.34187522994529,0.9992,1.0,0.987406015037594,1.0,1.0,1.0,1.0,1.0,1.0,True,0.9973919658057739,0.9967060015927025,0.0009266330634896391,0.7171091437339783,84.10010540519822,0.9992,1.0,0.9868421052631579,0.9999473185122748,1.0,1.0,1.0,1.0,1.0,True,0.9993117687543015,0.9701786467857645,0.00863499821801334,0.007901648990809917,783.7020811385505,1.0,1.0,0.9964285714285714,1.0,1.0,1.0,1.0,1.0,1.0,XGBoost,fleet,40000,20000,17.41,B_fleet_size,CTT_Forester,FS-B,0,5,CIDv2_OpelAstra|CTT_Impala|CTT_Silverado|CTT_Traverse|ROAD_ORNL
125812,27607,0.2194305789590818,0.9771486196571377,0.9325071283137082,98229,0.039665574882341466,True,0.09885174050059767,1.0,0.0,200929.24929226917,0.0,0.36,0.6627737226277373,0.0,0.048308924244020654,0.15789473684210525,0.25,0.0,0.5,1.0,True,0.09885174050059767,1.0,0.0,195368.67154333697,0.0,0.36,0.6627737226277373,0.0,0.048308924244020654,0.15789473684210525,0.25,0.0,0.5,1.0,True,0.09892418589488174,1.0,0.0,127743.45763420998,0.0,0.3608,0.6627737226277373,0.0,0.04836160573174587,0.15789473684210525,0.25,0.0,0.5,1.0,True,0.09892418589488174,1.0,0.0,134639.49499633125,0.0,0.3608,0.6627737226277373,0.0,0.04836160573174587,0.15789473684210525,0.25,0.0,0.5,1.0,True,0.7065599304524215,0.9634019854793303,0.007545440659844203,3.304292616954056,684.8151440137569,1.0,1.0,0.6736842105263158,0.6646823306290169,0.9473684210526315,0.9166666666666666,0.9545454545454546,1.0,1.0,Rule:Combined,fleet,40000,20000,0.34,B_fleet_size,CTT_Forester,FS-B,0,5,CIDv2_OpelAstra|CTT_Impala|CTT_Silverado|CTT_Traverse|ROAD_ORNL
125812,27607,0.2194305789590818,0.9996595623428812,0.9994844319153576,98229,0.039665574882341466,True,0.6301300394827399,1.0,0.0,0.9996824331333699,0.0,0.4656,0.8384428223844282,0.6383458646616541,0.6161099989463702,0.8947368421052632,1.0,0.8181818181818182,1.0,1.0,True,0.9179918136704459,0.9992902488072237,0.0001832900565144341,0.9964294443327526,16.6351856845447,0.9928,1.0,0.8516917293233083,0.9227689389948373,1.0,1.0,1.0,1.0,1.0,True,0.9969210707429276,0.996127257591661,0.001089557558169136,0.7304376007971858,98.88693712479352,1.0,1.0,0.9849624060150376,0.9997365925613739,1.0,1.0,1.0,1.0,1.0,True,0.9966312891657912,0.9964508184847168,0.000997912529911919,0.795221111070926,90.56934428252117,1.0,1.0,0.9834586466165414,0.9997365925613739,1.0,1.0,1.0,1.0,1.0,True,0.9992755460571594,0.974495743403158,0.007351967822412301,0.0028983491592477957,667.2557813467375,1.0,1.0,0.9962406015037594,1.0,1.0,1.0,1.0,1.0,1.0,HistGB,fleet,40000,20000,26.14,B_fleet_size,CTT_Forester,FS-B,1,5,CIDv2_OpelAstra|CTT_Impala|CTT_Silverado|CTT_Traverse|ROAD_ORNL
125812,27607,0.2194305789590818,0.999659215810383,0.9995543188876821,98229,0.039665574882341466,True,0.7854891875249032,1.0,0.0,0.9996591806411743,0.0,0.0768,0.6851581508515815,0.7219924812030075,0.8608155094299863,1.0,1.0,1.0,1.0,1.0,True,0.9397254319556634,0.9995376613369293,0.00012219337100962272,0.9977395534515381,11.090123789696468,0.6312,0.9751824817518249,0.8672932330827068,0.9765040564745548,1.0,1.0,1.0,1.0,1.0,True,0.9974281885029159,0.996057153192259,0.0011099231200040732,0.5809844136238098,100.73529108974293,1.0,1.0,0.9866541353383459,1.0,1.0,1.0,1.0,1.0,1.0,True,0.9973195204114899,0.9964171974522293,0.0010080953108293875,0.6720301508903503,91.49352126499588,1.0,1.0,0.9860902255639098,1.0,1.0,1.0,1.0,1.0,1.0,True,0.9993479914514435,0.9721282593375616,0.008054579705717631,0.004441355355083942,731.0239931374923,1.0,1.0,0.9966165413533835,1.0,1.0,1.0,1.0,1.0,1.0,XGBoost,fleet,40000,20000,7.85,B_fleet_size,CTT_Forester,FS-B,1,5,CIDv2_OpelAstra|CTT_Impala|CTT_Silverado|CTT_Traverse|ROAD_ORNL
125812,27607,0.2194305789590818,0.9991558602978449,0.9986115257022747,98229,0.039665574882341466,True,0.3409642481979208,1.0,0.0,208838.72392085794,0.0,0.9976,0.6627737226277373,0.24342105263157895,0.2902223158782004,0.7368421052631579,0.5833333333333334,0.7727272727272727,1.0,1.0,True,0.36458144673452386,1.0,0.0,203059.25694210784,0.0,0.9976,0.6627737226277373,0.3656015037593985,0.29032767885365085,0.7368421052631579,0.5833333333333334,0.7727272727272727,1.0,1.0,True,0.42040062303039083,1.0,0.0,132772.01191729645,0.0,0.9992,0.6627737226277373,0.6359022556390977,0.2956485091138974,0.7631578947368421,0.6666666666666666,0.7727272727272727,1.0,1.0,True,0.42040062303039083,1.0,0.0,139939.50817724178,0.0,0.9992,0.6627737226277373,0.6359022556390977,0.2956485091138974,0.7631578947368421,0.6666666666666666,0.7727272727272727,1.0,1.0,True,0.9978990835657623,0.9744959320834807,0.007341785041494832,3.547697179779733,666.3316043642628,1.0,1.0,0.9890977443609023,1.0,1.0,1.0,1.0,1.0,1.0,Rule:Combined,fleet,40000,20000,0.33,B_fleet_size,CTT_Forester,FS-B,1,5,CIDv2_OpelAstra|CTT_Impala|CTT_Silverado|CTT_Traverse|ROAD_ORNL
125812,27607,0.2194305789590818,0.9997824893521434,0.9996090822243753,98229,0.039665574882341466,True,0.8928894845510197,0.9998377545225927,4.073112366987424e-05,0.99992859939011,3.696707929898823,0.9968,0.8272506082725061,0.7501879699248121,0.9331471920767043,0.9736842105263158,1.0,0.9545454545454546,1.0,1.0,True,0.9455572861955301,0.9996936274509803,8.146224733974848e-05,0.9998807886121853,7.393415859797646,1.0,0.9659367396593674,0.8302631578947368,0.9720788115056369,1.0,1.0,1.0,1.0,1.0,True,0.9959068352229506,0.9961233288648962,0.001089557558169136,0.1747009100416173,98.88693712479352,1.0,1.0,0.9787593984962406,1.0,1.0,1.0,1.0,1.0,1.0,True,0.9942043684572753,0.9965507225328589,0.0009673641871595132,0.37617240514136296,87.79681333509704,1.0,1.0,0.9699248120300752,1.0,1.0,1.0,1.0,1.0,1.0,True,0.9992755460571594,0.9752191742081447,0.007138129423145461,0.00036760943580043797,647.8480647147688,1.0,1.0,0.9962406015037594,1.0,1.0,1.0,1.0,1.0,1.0,HistGB,fleet,40000,20000,19.93,B_fleet_size,CTT_Forester,FS-B,0,6,CIDv2_OpelAstra|CIDv2_Prototype|CIDv2_RenaultClio|CTT_Impala|CTT_Silverado|CTT_Traverse
125812,27607,0.2194305789590818,0.9998156096705303,0.9996301309394511,98229,0.039665574882341466,True,0.7877712174448509,0.9999080459770114,2.036556183493712e-05,0.9999557733535767,1.8483539649494114,0.944,0.5138686131386861,0.6772556390977443,0.8381097882204194,0.9736842105263158,1.0,0.9545454545454546,1.0,1.0,True,0.8791610823341907,0.9997528524941303,6.109668550481136e-05,0.9998986721038818,5.545061894848234,0.996,0.6389294403892944,0.7665413533834586,0.9290380360341376,0.9736842105263158,1.0,0.9545454545454546,1.0,1.0,True,0.9955808309486724,0.996122064366483,0.001089557558169136,0.33912113308906555,98.88693712479352,1.0,1.0,0.9770676691729323,1.0,1.0,1.0,1.0,1.0,1.0,True,0.9941319230629913,0.9966590405636053,0.0009368158444071076,0.558648943901062,85.02428238767294,1.0,1.0,0.9695488721804512,1.0,1.0,1.0,1.0,1.0,1.0,True,0.9994204368457276,0.9752916224814422,0.007117763861310524,0.00038038555067032576,645.9997107498193,1.0,1.0,0.9969924812030075,1.0,1.0,1.0,1.0,1.0,1.0,XGBoost,fleet,40000,20000,7.83,B_fleet_size,CTT_Forester,FS-B,0,6,CIDv2_OpelAstra|CIDv2_Prototype|CIDv2_RenaultClio|CTT_Impala|CTT_Silverado|CTT_Traverse
125812,27607,0.2194305789590818,0.9996213242614187,0.9991505415493648,98229,0.039665574882341466,True,0.31568080559278444,1.0,0.0,234375.00000000003,0.0,0.9944,0.6627737226277373,0.11635338345864661,0.28927404909914656,0.5,0.5833333333333334,0.36363636363636365,1.0,1.0,True,0.39287137320244864,1.0,0.0,184456.58452394643,0.0,0.9984,0.6627737226277373,0.5084586466165414,0.2913813086081551,0.7631578947368421,0.6666666666666666,0.7727272727272727,1.0,1.0,True,0.5775709059296555,0.9998745845613595,2.036556183493712e-05,121746.01710167111,1.8483539649494114,1.0,0.6632603406326034,0.6372180451127819,0.5237593509640712,0.7894736842105263,0.75,0.7727272727272727,1.0,1.0,True,0.42040062303039083,0.9998277050310131,2.036556183493712e-05,128230.85066530066,1.8483539649494114,0.9992,0.6627737226277373,0.6359022556390977,0.2956485091138974,0.7631578947368421,0.6666666666666666,0.7727272727272727,1.0,1.0,True,0.9978990835657623,0.9737037429752943,0.0075759890025966095,3.268581472511213,687.5876749611812,1.0,1.0,0.9890977443609023,1.0,1.0,1.0,1.0,1.0,1.0,Rule:Combined,fleet,40000,20000,0.32,B_fleet_size,CTT_Forester,FS-B,0,6,CIDv2_OpelAstra|CIDv2_Prototype|CIDv2_RenaultClio|CTT_Impala|CTT_Silverado|CTT_Traverse
125812,27607,0.2194305789590818,0.999751552797093,0.999635581743335,98229,0.039665574882341466,True,0.8565943420147064,0.9999577149139498,1.018278091746856e-05,0.9997437035860393,0.9241769824747057,0.992,0.9537712895377128,0.7325187969924812,0.8719313033400063,0.9736842105263158,1.0,0.9545454545454546,1.0,1.0,True,0.9606259282066143,0.9994723750659531,0.00014255893284455986,0.9991742910769046,12.93847775464588,0.9928,0.9878345498783455,0.8522556390977444,0.9859340427773681,1.0,1.0,1.0,1.0,1.0,True,0.9953997174629623,0.9960852544584602,0.0010997403390866046,0.19576636575595807,99.81111410726822,1.0,1.0,0.9761278195488722,1.0,1.0,1.0,1.0,1.0,1.0,True,0.9943854819429855,0.9965513486042037,0.0009673641871595132,0.29700304671042965,87.79681333509704,1.0,1.0,0.9708646616541353,1.0,1.0,1.0,1.0,1.0,1.0,True,0.9993842141485855,0.9752562743018734,0.007127946642227993,0.0008642499683285453,646.923887732294,1.0,1.0,0.9968045112781955,1.0,1.0,1.0,1.0,1.0,1.0,HistGB,fleet,40000,20000,13.82,B_fleet_size,CTT_Forester,FS-B,1,6,CIDv2_OpelAstra|CIDv2_Prototype|CIDv2_RenaultClio|CTT_Impala|CTT_Silverado|CTT_Traverse
125812,27607,0.2194305789590818,0.9997655192186324,0.9996309032637305,98229,0.039665574882341466,True,0.8318542398667005,1.0,0.0,0.9998912811279297,0.0,0.9856,0.6355231143552311,0.7291353383458646,0.8717732588768307,1.0,1.0,1.0,1.0,1.0,True,0.9131741949505561,0.999603489294211,0.0001018278091746856,0.999670147895813,9.241769824747058,0.9968,0.6997566909975669,0.8338345864661654,0.9530081129491097,1.0,1.0,1.0,1.0,1.0,True,0.9960517260115188,0.996448760689955,0.000997912529911919,0.15125763416290283,90.56934428252117,1.0,1.0,0.9795112781954888,1.0,1.0,1.0,1.0,1.0,1.0,True,0.9955808309486724,0.9965554749818709,0.0009673641871595132,0.18309056758880615,87.79681333509704,1.0,1.0,0.9770676691729323,1.0,1.0,1.0,1.0,1.0,1.0,True,0.9994204368457276,0.9737083568605308,0.0075861717835140775,0.00030810770113021135,688.5118519436558,1.0,1.0,0.9969924812030075,1.0,1.0,1.0,1.0,1.0,1.0,XGBoost,fleet,40000,20000,8.21,B_fleet_size,CTT_Forester,FS-B,1,6,CIDv2_OpelAstra|CIDv2_Prototype|CIDv2_RenaultClio|CTT_Impala|CTT_Silverado|CTT_Traverse
125812,27607,0.2194305789590818,0.9996216658144715,0.9991494781266066,98229,0.039665574882341466,True,0.31568080559278444,1.0,0.0,234375.00000000003,0.0,0.9944,0.6627737226277373,0.11635338345864661,0.28927404909914656,0.5,0.5833333333333334,0.36363636363636365,1.0,1.0,True,0.39287137320244864,1.0,0.0,185901.5552091831,0.0,0.9984,0.6627737226277373,0.5084586466165414,0.2913813086081551,0.7631578947368421,0.6666666666666666,0.7727272727272727,1.0,1.0,True,0.5775709059296555,0.9998745845613595,2.036556183493712e-05,122699.74244553717,1.8483539649494114,1.0,0.6632603406326034,0.6372180451127819,0.5237593509640712,0.7894736842105263,0.75,0.7727272727272727,1.0,1.0,True,0.42040062303039083,0.9998277050310131,2.036556183493712e-05,129235.37600864773,1.8483539649494114,0.9992,0.6627737226277373,0.6359022556390977,0.2956485091138974,0.7631578947368421,0.6666666666666666,0.7727272727272727,1.0,1.0,True,0.9978990835657623,0.9739102768055997,0.007514892317091798,3.2957334982872357,682.0426130663328,1.0,1.0,0.9890977443609023,1.0,1.0,1.0,1.0,1.0,1.0,Rule:Combined,fleet,40000,20000,0.31,B_fleet_size,CTT_Forester,FS-B,1,6,CIDv2_OpelAstra|CIDv2_Prototype|CIDv2_RenaultClio|CTT_Impala|CTT_Silverado|CTT_Traverse
125812,27607,0.2194305789590818,0.9997063938401373,0.9994799517283892,98229,0.039665574882341466,True,0.7323142681204042,1.0,0.0,0.9274231262468948,0.0,0.9992,1.0,0.7447368421052631,0.6822779475292382,0.9473684210526315,1.0,0.9090909090909091,1.0,1.0,True,0.8578259137175354,0.9997467071935157,6.109668550481136e-05,0.725343710294927,5.545061894848234,1.0,1.0,0.8417293233082707,0.8375829733431672,1.0,1.0,1.0,1.0,1.0,True,0.9402687724127938,0.9986534836302081,0.00035639733211139963,0.4976896897177429,32.346194386614705,1.0,1.0,0.8667293233082707,0.9504794015382995,1.0,1.0,1.0,1.0,1.0,True,0.9402687724127938,0.9986534836302081,0.00035639733211139963,0.4976896897177429,32.346194386614705,1.0,1.0,0.8667293233082707,0.9504794015382995,1.0,1.0,1.0,1.0,1.0,True,0.9992755460571594,0.96742179828868,0.009459803472328292,0.001510894115895989,858.5604167190016,1.0,1.0,0.9962406015037594,1.0,1.0,1.0,1.0,1.0,1.0,HistGB,fleet,40000,20000,38.54,B_fleet_size,CTT_Forester,FS-B,0,6,CIDv2_OpelAstra|CIDv2_Prototype|CIDv2_RenaultClio|CTT_Impala|CTT_Silverado|ROAD_ORNL
125812,27607,0.2194305789590818,0.9997825295565526,0.999594832444984,98229,0.039665574882341466,True,0.7182598616292969,1.0,0.0,0.9909580945968628,0.0,0.9976,0.9965936739659368,0.6981203007518797,0.6753766726372352,0.9473684210526315,1.0,0.9090909090909091,1.0,1.0,True,0.9428405839098779,0.9996927449398932,8.146224733974848e-05,0.7298654913902283,7.393415859797646,1.0,1.0,0.8573308270676692,0.9568538615530503,1.0,1.0,1.0,1.0,1.0,True,0.9948563770058318,0.9965168172417547,0.0009775469680769818,0.07532140612602234,88.72099031757175,1.0,1.0,0.9733082706766917,1.0,1.0,1.0,1.0,1.0,1.0,True,0.9945303727315536,0.9967327379655848,0.0009164502825721705,0.08080748468637466,83.17592842272352,1.0,1.0,0.9716165413533835,1.0,1.0,1.0,1.0,1.0,1.0,True,0.9990219871771652,0.9642345208544558,0.010416984878570337,0.001956367865204811,945.4330530716239,1.0,1.0,0.9949248120300752,1.0,1.0,1.0,1.0,1.0,1.0,XGBoost,fleet,40000,20000,9.11,B_fleet_size,CTT_Forester,FS-B,0,6,CIDv2_OpelAstra|CIDv2_Prototype|CIDv2_RenaultClio|CTT_Impala|CTT_Silverado|ROAD_ORNL
125812,27607,0.2194305789590818,0.9755734171818783,0.9291343243326768,98229,0.039665574882341466,True,0.09867062701488753,1.0,0.0,219915.85188102332,0.0,0.36,0.6627737226277373,0.0,0.04804551680539459,0.15789473684210525,0.25,0.0,0.5,1.0,True,0.09877929510631361,1.0,0.0,213829.8325423172,0.0,0.36,0.6627737226277373,0.0,0.04820356126857023,0.15789473684210525,0.25,0.0,0.5,1.0,True,0.09892418589488174,1.0,0.0,139814.4467192459,0.0,0.3608,0.6627737226277373,0.0,0.04836160573174587,0.15789473684210525,0.25,0.0,0.5,1.0,True,0.09892418589488174,1.0,0.0,147362.11867732066,0.0,0.3608,0.6627737226277373,0.0,0.04836160573174587,0.15789473684210525,0.25,0.0,0.5,1.0,True,0.7065599304524215,0.9643069013248962,0.007351967822412301,3.602392538814074,667.2557813467375,1.0,1.0,0.6736842105263158,0.6646823306290169,0.9473684210526315,0.9166666666666666,0.9545454545454546,1.0,1.0,Rule:Combined,fleet,40000,20000,0.32,B_fleet_size,CTT_Forester,FS-B,0,6,CIDv2_OpelAstra|CIDv2_Prototype|CIDv2_RenaultClio|CTT_Impala|CTT_Silverado|ROAD_ORNL
125812,27607,0.2194305789590818,0.9998150593496288,0.9996210490663071,98229,0.039665574882341466,True,0.7178976346578766,1.0,0.0,0.9886946868365353,0.0,0.9992,1.0,0.6646616541353384,0.6837530291855441,0.9473684210526315,1.0,0.9090909090909091,1.0,1.0,True,0.9156735610533561,0.9998417909267097,4.073112366987424e-05,0.8934581019627816,3.696707929898823,1.0,1.0,0.8193609022556391,0.9279844062796333,1.0,1.0,1.0,1.0,1.0,True,0.9396529865613794,0.9990756787983824,0.00024438674201924545,0.8330984183812493,22.180247579392937,1.0,1.0,0.8468045112781954,0.9551680539458435,1.0,1.0,1.0,1.0,1.0,True,0.9396529865613794,0.9990756787983824,0.00024438674201924545,0.8330984183812493,22.180247579392937,1.0,1.0,0.8468045112781954,0.9551680539458435,1.0,1.0,1.0,1.0,1.0,True,0.9993117687543015,0.9688158449220396,0.009042309454712082,0.0021560228309800487,820.6691604375387,1.0,1.0,0.9964285714285714,1.0,1.0,1.0,1.0,1.0,1.0,HistGB,fleet,40000,20000,16.55,B_fleet_size,CTT_Forester,FS-B,1,6,CIDv2_OpelAstra|CIDv2_Prototype|CIDv2_RenaultClio|CTT_Impala|CTT_Silverado|ROAD_ORNL
125812,27607,0.2194305789590818,0.9998354024117486,0.9996428433444883,98229,0.039665574882341466,True,0.8925997029738835,1.0,0.0,0.9554131627082825,0.0,1.0,1.0,0.7859022556390978,0.9038036034137604,0.9736842105263158,1.0,0.9545454545454546,1.0,1.0,True,0.9608794870866084,0.9993972045360359,0.00016292449467949696,0.7053989768028259,14.786831719595291,1.0,1.0,0.8646616541353384,0.9810346644189232,1.0,1.0,1.0,1.0,1.0,True,0.9777230412576521,0.998298690731563,0.0004684079222035538,0.40552979707717896,42.51214119383647,1.0,1.0,0.8951127819548872,0.9969971551996628,1.0,1.0,1.0,1.0,1.0,True,0.9774694823776579,0.9982982501572268,0.0004684079222035538,0.41032639145851135,42.51214119383647,1.0,1.0,0.8941729323308271,0.9968917922242124,1.0,1.0,1.0,1.0,1.0,True,0.9992031006628753,0.9669786518035546,0.009592179624255385,0.002418515272438526,870.5747174911728,1.0,1.0,0.9958646616541353,1.0,1.0,1.0,1.0,1.0,1.0,XGBoost,fleet,40000,20000,7.62,B_fleet_size,CTT_Forester,FS-B,1,6,CIDv2_OpelAstra|CIDv2_Prototype|CIDv2_RenaultClio|CTT_Impala|CTT_Silverado|ROAD_ORNL
125812,27607,0.2194305789590818,0.9756736408720176,0.9293224175804241,98229,0.039665574882341466,True,0.09867062701488753,1.0,0.0,220158.20648029057,0.0,0.36,0.6627737226277373,0.0,0.04804551680539459,0.15789473684210525,0.25,0.0,0.5,1.0,True,0.09877929510631361,1.0,0.0,214065.48066505394,0.0,0.36,0.6627737226277373,0.0,0.04820356126857023,0.15789473684210525,0.25,0.0,0.5,1.0,True,0.09892418589488174,1.0,0.0,139968.51496210945,0.0,0.3608,0.6627737226277373,0.0,0.04836160573174587,0.15789473684210525,0.25,0.0,0.5,1.0,True,0.09892418589488174,1.0,0.0,147524.5040618214,0.0,0.3608,0.6627737226277373,0.0,0.04836160573174587,0.15789473684210525,0.25,0.0,0.5,1.0,True,0.7065599304524215,0.9643069013248962,0.007351967822412301,3.611445015920369,667.2557813467375,1.0,1.0,0.6736842105263158,0.6646823306290169,0.9473684210526315,0.9166666666666666,0.9545454545454546,1.0,1.0,Rule:Combined,fleet,40000,20000,0.29,B_fleet_size,CTT_Forester,FS-B,1,6,CIDv2_OpelAstra|CIDv2_Prototype|CIDv2_RenaultClio|CTT_Impala|CTT_Silverado|ROAD_ORNL
125812,27607,0.2194305789590818,0.9997777127732728,0.9996630785404037,98229,0.039665574882341466,True,0.6919259608070417,1.0,0.0,0.9990042496318151,0.0,0.9768,0.9985401459854014,0.6468045112781955,0.6526182699399431,0.868421052631579,1.0,0.7727272727272727,1.0,1.0,True,0.9550838555438838,0.9995072024260804,0.0001323761519270913,0.9858768042859393,12.014300772171175,1.0,1.0,0.8680451127819548,0.9716573596038353,1.0,1.0,1.0,1.0,1.0,True,0.9973195204114899,0.9964532590206652,0.000997912529911919,0.409345257668003,90.56934428252117,1.0,1.0,0.9860902255639098,1.0,1.0,1.0,1.0,1.0,1.0,True,0.9970659615314956,0.9966688391628648,0.0009368158444071076,0.4783669592612354,85.02428238767294,1.0,1.0,0.9847744360902255,1.0,1.0,1.0,1.0,1.0,1.0,True,0.9993842141485855,0.9726775956284153,0.007891655211038134,0.003332438289893678,716.2371614178969,1.0,1.0,0.9968045112781955,1.0,1.0,1.0,1.0,1.0,1.0,HistGB,fleet,40000,20000,16.93,B_fleet_size,CTT_Forester,FS-B,0,6,CIDv2_OpelAstra|CIDv2_Prototype|CTT_Impala|CTT_Silverado|CTT_Traverse|ROAD_ORNL
125812,27607,0.2194305789590818,0.9996877413918593,0.9995651893614741,98229,0.039665574882341466,True,0.8929981526424458,0.9997972260523967,5.09139045873428e-05,0.9970431923866272,4.620884912373529,0.9584,0.9951338199513382,0.7112781954887218,0.9285639026446106,0.9736842105263158,1.0,0.9545454545454546,1.0,1.0,True,0.961531495635165,0.9993976130416776,0.00016292449467949696,0.988336980342865,14.786831719595291,1.0,1.0,0.8697368421052631,0.9805605310293962,1.0,1.0,1.0,1.0,1.0,True,0.9971384069257797,0.9962362478286045,0.0010590092154167303,0.4872438311576843,96.1144061773694,1.0,1.0,0.9851503759398497,1.0,1.0,1.0,1.0,1.0,1.0,True,0.9968848480457855,0.9964877978130205,0.0009877297489944504,0.5753025412559509,89.64516730004645,1.0,1.0,0.9838345864661654,1.0,1.0,1.0,1.0,1.0,1.0,True,0.9993479914514435,0.9728824317652867,0.007830558525533323,0.0041093984618783,710.6920995230487,1.0,1.0,0.9966165413533835,1.0,1.0,1.0,1.0,1.0,1.0,XGBoost,fleet,40000,20000,12.91,B_fleet_size,CTT_Forester,FS-B,0,6,CIDv2_OpelAstra|CIDv2_Prototype|CTT_Impala|CTT_Silverado|CTT_Traverse|ROAD_ORNL
125812,27607,0.2194305789590818,0.9781838088667494,0.9346270969648047,98229,0.039665574882341466,True,0.09885174050059767,1.0,0.0,196798.9958050462,0.0,0.36,0.6627737226277373,0.0,0.048308924244020654,0.15789473684210525,0.25,0.0,0.5,1.0,True,0.09885174050059767,1.0,0.0,191352.71995949242,0.0,0.36,0.6627737226277373,0.0,0.048308924244020654,0.15789473684210525,0.25,0.0,0.5,1.0,True,0.09892418589488174,1.0,0.0,125117.59373822658,0.0,0.3608,0.6627737226277373,0.0,0.04836160573174587,0.15789473684210525,0.25,0.0,0.5,1.0,True,0.09892418589488174,1.0,0.0,131871.87780926036,0.0,0.3608,0.6627737226277373,0.0,0.04836160573174587,0.15789473684210525,0.25,0.0,0.5,1.0,True,0.7065599304524215,0.9635447540011856,0.007514892317091798,3.236521991684879,682.0426130663328,1.0,1.0,0.6736842105263158,0.6646823306290169,0.9473684210526315,0.9166666666666666,0.9545454545454546,1.0,1.0,Rule:Combined,fleet,40000,20000,0.3,B_fleet_size,CTT_Forester,FS-B,0,6,CIDv2_OpelAstra|CIDv2_Prototype|CTT_Impala|CTT_Silverado|CTT_Traverse|ROAD_ORNL
125812,27607,0.2194305789590818,0.9997548641281209,0.9995861702790672,98229,0.039665574882341466,True,0.8475386677291992,0.999957263130903,1.018278091746856e-05,0.9960054519598763,0.9241769824747057,0.9472,1.0,0.7116541353383459,0.8625539985249183,0.9736842105263158,1.0,0.9545454545454546,1.0,1.0,True,0.9390009780128228,0.9994216978949804,0.0001527417137620284,0.9862464598571502,13.862654737120586,0.9992,1.0,0.8404135338345865,0.9560636392371721,1.0,1.0,1.0,1.0,1.0,True,0.9970297388343536,0.9962358391545115,0.0010590092154167303,0.5108792951735647,96.1144061773694,1.0,1.0,0.9845864661654136,1.0,1.0,1.0,1.0,1.0,1.0,True,0.9961603941029449,0.9965213610175019,0.0009775469680769818,0.5743228138338305,88.72099031757175,1.0,1.0,0.9800751879699248,1.0,1.0,1.0,1.0,1.0,1.0,True,0.9993842141485855,0.9661717327356772,0.00983656636627463,0.0031246202841258004,892.754965070566,1.0,1.0,0.9968045112781955,1.0,1.0,1.0,1.0,1.0,1.0,HistGB,fleet,40000,20000,30.73,B_fleet_size,CTT_Forester,FS-B,1,6,CIDv2_OpelAstra|CIDv2_Prototype|CTT_Impala|CTT_Silverado|CTT_Traverse|ROAD_ORNL
125812,27607,0.2194305789590818,0.9997426218855721,0.9995836266759973,98229,0.039665574882341466,True,0.8853189408483355,0.9999181769831854,2.036556183493712e-05,0.997951328754425,1.8483539649494114,0.5296,0.962043795620438,0.7864661654135339,0.928142450742809,0.9736842105263158,1.0,0.9545454545454546,1.0,1.0,True,0.9567500996124172,0.999470238770954,0.00014255893284455986,0.988422691822052,12.93847775464588,0.9312,1.0,0.8669172932330828,0.9789274049099147,1.0,1.0,1.0,1.0,1.0,True,0.9973557431086318,0.99616497829233,0.0010793747772516675,0.44471070170402527,97.96276014231881,1.0,1.0,0.9862781954887218,1.0,1.0,1.0,1.0,1.0,1.0,True,0.9965950664686493,0.9964146023468058,0.0010080953108293875,0.5542001128196716,91.49352126499588,1.0,1.0,0.9823308270676692,1.0,1.0,1.0,1.0,1.0,1.0,True,0.9993842141485855,0.974877212819335,0.007239957232320147,0.0030529568903148174,657.0898345395158,1.0,1.0,0.9968045112781955,1.0,1.0,1.0,1.0,1.0,1.0,XGBoost,fleet,40000,20000,9.16,B_fleet_size,CTT_Forester,FS-B,1,6,CIDv2_OpelAstra|CIDv2_Prototype|CTT_Impala|CTT_Silverado|CTT_Traverse|ROAD_ORNL
125812,27607,0.2194305789590818,0.9782308718159932,0.9345000526174699,98229,0.039665574882341466,True,0.09885174050059767,1.0,0.0,194763.93880438502,0.0,0.36,0.6627737226277373,0.0,0.048308924244020654,0.15789473684210525,0.25,0.0,0.5,1.0,True,0.09885174050059767,1.0,0.0,189373.98175121984,0.0,0.36,0.6627737226277373,0.0,0.048308924244020654,0.15789473684210525,0.25,0.0,0.5,1.0,True,0.09896040859202376,1.0,0.0,123823.77903149357,0.0,0.3608,0.6632603406326034,0.0,0.04836160573174587,0.15789473684210525,0.25,0.0,0.5,1.0,True,0.09892418589488174,1.0,0.0,130508.21847234016,0.0,0.3608,0.6627737226277373,0.0,0.04836160573174587,0.15789473684210525,0.25,0.0,0.5,1.0,True,0.7065599304524215,0.9631641319375864,0.007596354564431546,3.2021311703947783,689.4360289261306,1.0,1.0,0.6736842105263158,0.6646823306290169,0.9473684210526315,0.9166666666666666,0.9545454545454546,1.0,1.0,Rule:Combined,fleet,40000,20000,0.35,B_fleet_size,CTT_Forester,FS-B,1,6,CIDv2_OpelAstra|CIDv2_Prototype|CTT_Impala|CTT_Silverado|CTT_Traverse|ROAD_ORNL
125812,27607,0.2194305789590818,0.9996465818514823,0.9994821630908065,98229,0.039665574882341466,True,0.7336545079146594,1.0,0.0,0.9990904688238389,0.0,0.8032,0.981021897810219,0.6443609022556391,0.7273206195342956,0.868421052631579,1.0,0.7727272727272727,1.0,1.0,True,0.9365378346071649,0.9994201778121377,0.0001527417137620284,0.9859863559044942,13.862654737120586,0.9992,1.0,0.7646616541353384,0.9737119376251185,1.0,1.0,1.0,1.0,1.0,True,0.9929003513601623,0.9963650903275053,0.001018278091746856,0.41107259526989864,92.41769824747057,1.0,1.0,0.9631578947368421,1.0,1.0,1.0,1.0,1.0,1.0,True,0.9914152207773391,0.9966862095335203,0.0009266330634896391,0.4998084640218875,84.10010540519822,1.0,1.0,0.9554511278195489,1.0,1.0,1.0,1.0,1.0,1.0,True,0.9991668779657333,0.9702427013717904,0.008614632656178402,0.007037580485866362,781.8537271736011,1.0,1.0,0.9956766917293233,1.0,1.0,1.0,1.0,1.0,1.0,HistGB,fleet,40000,20000,30.01,B_fleet_size,CTT_Forester,FS-B,0,6,CIDv2_OpelAstra|CIDv2_RenaultClio|CTT_Impala|CTT_Silverado|CTT_Traverse|ROAD_ORNL
125812,27607,0.2194305789590818,0.999732909201162,0.999571054570855,98229,0.039665574882341466,True,0.858477922266092,1.0,0.0,0.9979846477508545,0.0,0.7568,0.8958637469586375,0.7133458646616542,0.9018017068802023,0.9736842105263158,1.0,0.9545454545454546,1.0,1.0,True,0.9572209946752636,0.9995461078750284,0.00012219337100962272,0.9831728935241699,11.090123789696468,0.9992,1.0,0.8631578947368421,0.9761879675482036,1.0,1.0,1.0,1.0,1.0,True,0.9972108523200638,0.9962004704179482,0.0010691919963341989,0.21433129906654358,97.03858315984411,1.0,1.0,0.9855263157894737,1.0,1.0,1.0,1.0,1.0,1.0,True,0.9967761799543594,0.9964874162592794,0.0009877297489944504,0.2956639230251312,89.64516730004645,1.0,1.0,0.9832706766917293,1.0,1.0,1.0,1.0,1.0,1.0,True,0.9991306552685914,0.9702757844378781,0.008604449875260933,0.00589359924197197,780.9295501911263,1.0,1.0,0.9954887218045113,1.0,1.0,1.0,1.0,1.0,1.0,XGBoost,fleet,40000,20000,10.88,B_fleet_size,CTT_Forester,FS-B,0,6,CIDv2_OpelAstra|CIDv2_RenaultClio|CTT_Impala|CTT_Silverado|CTT_Traverse|ROAD_ORNL
125812,27607,0.2194305789590818,0.9774751914037396,0.9327823899263543,98229,0.039665574882341466,True,0.09885174050059767,1.0,0.0,200895.31315506008,0.0,0.36,0.6627737226277373,0.0,0.048308924244020654,0.15789473684210525,0.25,0.0,0.5,1.0,True,0.09885174050059767,1.0,0.0,195335.67456521056,0.0,0.36,0.6627737226277373,0.0,0.048308924244020654,0.15789473684210525,0.25,0.0,0.5,1.0,True,0.09892418589488174,1.0,0.0,127721.89084824463,0.0,0.3608,0.6627737226277373,0.0,0.04836160573174587,0.15789473684210525,0.25,0.0,0.5,1.0,True,0.09892418589488174,1.0,0.0,134616.76349755807,0.0,0.3608,0.6627737226277373,0.0,0.04836160573174587,0.15789473684210525,0.25,0.0,0.5,1.0,True,0.7065599304524215,0.9634495702854885,0.007535257878926735,3.311607282919024,683.8909670312823,1.0,1.0,0.6736842105263158,0.6646823306290169,0.9473684210526315,0.9166666666666666,0.9545454545454546,1.0,1.0,Rule:Combined,fleet,40000,20000,0.35,B_fleet_size,CTT_Forester,FS-B,0,6,CIDv2_OpelAstra|CIDv2_RenaultClio|CTT_Impala|CTT_Silverado|CTT_Traverse|ROAD_ORNL
125812,27607,0.2194305789590818,0.9996656804211612,0.999550067364975,98229,0.039665574882341466,True,0.7462962292172275,1.0,0.0,0.9989121370711007,0.0,0.9952,0.9995133819951338,0.6483082706766917,0.7299546939205563,0.8947368421052632,1.0,0.8181818181818182,1.0,1.0,True,0.9394718730756693,0.9992294652488827,0.0002036556183493712,0.9842338471650971,18.483539649494116,1.0,1.0,0.7631578947368421,0.9783479085449374,1.0,1.0,1.0,1.0,1.0,True,0.9956894990400985,0.9964113531735963,0.0010080953108293875,0.496939859245427,91.49352126499588,1.0,1.0,0.9778195488721805,0.9999473185122748,1.0,1.0,1.0,1.0,1.0,True,0.9952548266743941,0.9966627974463146,0.0009368158444071076,0.5546488027941741,85.02428238767294,1.0,1.0,0.9755639097744361,0.9999473185122748,1.0,1.0,1.0,1.0,1.0,True,0.9992393233600174,0.9688476802584906,0.009032126673794614,0.002467745990580735,819.7449834550641,1.0,1.0,0.9960526315789474,1.0,1.0,1.0,1.0,1.0,1.0,HistGB,fleet,40000,20000,22.54,B_fleet_size,CTT_Forester,FS-B,1,6,CIDv2_OpelAstra|CIDv2_RenaultClio|CTT_Impala|CTT_Silverado|CTT_Traverse|ROAD_ORNL
125812,27607,0.2194305789590818,0.9996662430984637,0.999567847111721,98229,0.039665574882341466,True,0.9346904770529214,0.9997675319643549,6.109668550481136e-05,0.9930562376976013,5.545061894848234,0.9904,0.9985401459854014,0.7857142857142857,0.9658623959540618,1.0,1.0,1.0,1.0,1.0,True,0.9656971058064984,0.9995126157537585,0.0001323761519270913,0.9832919239997864,12.014300772171175,0.9984,1.0,0.8582706766917293,0.9899378358444842,1.0,1.0,1.0,1.0,1.0,True,0.9970297388343536,0.9963800904977376,0.001018278091746856,0.24308903515338898,92.41769824747057,1.0,1.0,0.9845864661654136,1.0,1.0,1.0,1.0,1.0,1.0,True,0.9967037345600753,0.9965232507605389,0.0009775469680769818,0.35396984219551086,88.72099031757175,1.0,1.0,0.9828947368421053,1.0,1.0,1.0,1.0,1.0,1.0,True,0.9992755460571594,0.9704164907837344,0.00856371875159106,0.003660663729533553,777.2328422612276,1.0,1.0,0.9962406015037594,1.0,1.0,1.0,1.0,1.0,1.0,XGBoost,fleet,40000,20000,10.74,B_fleet_size,CTT_Forester,FS-B,1,6,CIDv2_OpelAstra|CIDv2_RenaultClio|CTT_Impala|CTT_Silverado|CTT_Traverse|ROAD_ORNL
125812,27607,0.2194305789590818,0.999160851361705,0.9986174714541074,98229,0.039665574882341466,True,0.3409642481979208,1.0,0.0,204665.27138338998,0.0,0.9976,0.6627737226277373,0.24342105263157895,0.2902223158782004,0.7368421052631579,0.5833333333333334,0.7727272727272727,1.0,1.0,True,0.36458144673452386,1.0,0.0,199001.30181180092,0.0,0.9976,0.6627737226277373,0.3656015037593985,0.29032767885365085,0.7368421052631579,0.5833333333333334,0.7727272727272727,1.0,1.0,True,0.42040062303039083,1.0,0.0,130118.69237526455,0.0,0.9992,0.6627737226277373,0.6359022556390977,0.2956485091138974,0.7631578947368421,0.6666666666666666,0.7727272727272727,1.0,1.0,True,0.42040062303039083,1.0,0.0,137142.95272143034,0.0,0.9992,0.6627737226277373,0.6359022556390977,0.2956485091138974,0.7631578947368421,0.6666666666666666,0.7727272727272727,1.0,1.0,True,0.9978990835657623,0.9744614622758303,0.007351967822412301,3.481979743159068,667.2557813467375,1.0,1.0,0.9890977443609023,1.0,1.0,1.0,1.0,1.0,1.0,Rule:Combined,fleet,40000,20000,0.34,B_fleet_size,CTT_Forester,FS-B,1,6,CIDv2_OpelAstra|CIDv2_RenaultClio|CTT_Impala|CTT_Silverado|CTT_Traverse|ROAD_ORNL
125812,27607,0.2194305789590818,0.9998009417004956,0.9996400700628848,98229,0.039665574882341466,True,0.7883507805991234,0.9999540546749368,1.018278091746856e-05,0.9977661185060482,0.9241769824747057,0.7944,1.0,0.6697368421052632,0.798282583500158,0.9473684210526315,1.0,0.9090909090909091,1.0,1.0,True,0.9423696888470315,0.9994621590472532,0.00014255893284455986,0.9920654189552924,12.93847775464588,0.9464,1.0,0.8071428571428572,0.9737646191128437,1.0,1.0,1.0,1.0,1.0,True,0.9968124026515014,0.9962710882629788,0.0010488264344992618,0.3584803236301641,95.1902291948947,1.0,1.0,0.9834586466165414,1.0,1.0,1.0,1.0,1.0,1.0,True,0.996232839497229,0.996521613101924,0.0009775469680769818,0.46410952520492965,88.72099031757175,1.0,1.0,0.9804511278195489,1.0,1.0,1.0,1.0,1.0,1.0,True,0.9994204368457276,0.9739833380401016,0.007504709536174329,0.0036217519013403802,681.1184360838581,1.0,1.0,0.9969924812030075,1.0,1.0,1.0,1.0,1.0,1.0,HistGB,fleet,40000,20000,22.32,B_fleet_size,CTT_Forester,FS-B,0,6,CIDv2_Prototype|CIDv2_RenaultClio|CTT_Impala|CTT_Silverado|CTT_Traverse|ROAD_ORNL
125812,27607,0.2194305789590818,0.9997636895491738,0.999626079027464,98229,0.039665574882341466,True,0.9088274712935125,0.9998007571229328,5.09139045873428e-05,0.9969959259033203,4.620884912373529,0.9968,0.9844282238442822,0.7169172932330827,0.948635549467917,1.0,1.0,1.0,1.0,1.0,True,0.9353424856014779,0.9996128832455868,0.0001018278091746856,0.9949026107788086,9.241769824747058,0.9992,0.9975669099756691,0.7706766917293233,0.9705510483616058,1.0,1.0,1.0,1.0,1.0,True,0.9969935161372115,0.9962357029100912,0.0010590092154167303,0.282646507024765,96.1144061773694,1.0,1.0,0.9843984962406015,1.0,1.0,1.0,1.0,1.0,1.0,True,0.9966675118629333,0.9964148620265083,0.0010080953108293875,0.315520316362381,91.49352126499588,1.0,1.0,0.9827067669172932,1.0,1.0,1.0,1.0,1.0,1.0,True,0.9993842141485855,0.9716157205240175,0.00820732141947966,0.0038295374251902103,744.8866478746128,1.0,1.0,0.9968045112781955,1.0,1.0,1.0,1.0,1.0,1.0,XGBoost,fleet,40000,20000,11.25,B_fleet_size,CTT_Forester,FS-B,0,6,CIDv2_Prototype|CIDv2_RenaultClio|CTT_Impala|CTT_Silverado|CTT_Traverse|ROAD_ORNL
125812,27607,0.2194305789590818,0.9783124364185943,0.9350167127560401,98229,0.039665574882341466,True,0.09885174050059767,1.0,0.0,193992.54155657068,0.0,0.36,0.6627737226277373,0.0,0.048308924244020654,0.15789473684210525,0.25,0.0,0.5,1.0,True,0.09885174050059767,1.0,0.0,188623.9323877324,0.0,0.36,0.6627737226277373,0.0,0.048308924244020654,0.15789473684210525,0.25,0.0,0.5,1.0,True,0.09896040859202376,1.0,0.0,123333.34464109258,0.0,0.3608,0.6632603406326034,0.0,0.04836160573174587,0.15789473684210525,0.25,0.0,0.5,1.0,True,0.09892418589488174,1.0,0.0,129991.30916969667,0.0,0.3608,0.6627737226277373,0.0,0.04836160573174587,0.15789473684210525,0.25,0.0,0.5,1.0,True,0.7065599304524215,0.9631641319375864,0.007596354564431546,3.1837024462387444,689.4360289261306,1.0,1.0,0.6736842105263158,0.6646823306290169,0.9473684210526315,0.9166666666666666,0.9545454545454546,1.0,1.0,Rule:Combined,fleet,40000,20000,0.34,B_fleet_size,CTT_Forester,FS-B,0,6,CIDv2_Prototype|CIDv2_RenaultClio|CTT_Impala|CTT_Silverado|CTT_Traverse|ROAD_ORNL
125812,27607,0.2194305789590818,0.9997586957189554,0.9995844710279844,98229,0.039665574882341466,True,0.759227732096932,0.9999045892567503,2.036556183493712e-05,0.9988741214756341,1.8483539649494114,0.9696,0.9985401459854014,0.6383458646616541,0.753345274470551,0.9210526315789473,1.0,0.8636363636363636,1.0,1.0,True,0.911906400550585,0.999444201834134,0.00014255893284455986,0.9947059409471701,12.93847775464588,0.9992,1.0,0.7167293233082707,0.9513223053419029,1.0,1.0,1.0,1.0,1.0,True,0.9949288224001159,0.9961917887712172,0.0010691919963341989,0.6238469374152901,97.03858315984411,1.0,1.0,0.9736842105263158,1.0,1.0,1.0,1.0,1.0,1.0,True,0.993878364182997,0.9965857910794712,0.0009571814062420447,0.7026549517152324,86.87263635262234,1.0,1.0,0.968421052631579,0.9999473185122748,1.0,1.0,1.0,1.0,1.0,True,0.9993842141485855,0.9729176951830172,0.007820375744615854,0.006906612763973449,709.767922540574,1.0,1.0,0.9968045112781955,1.0,1.0,1.0,1.0,1.0,1.0,HistGB,fleet,40000,20000,18.99,B_fleet_size,CTT_Forester,FS-B,1,6,CIDv2_Prototype|CIDv2_RenaultClio|CTT_Impala|CTT_Silverado|CTT_Traverse|ROAD_ORNL
125812,27607,0.2194305789590818,0.9998354988654454,0.9997237986748357,98229,0.039665574882341466,True,0.9091896982649328,0.9998804923714297,3.054834275240568e-05,0.9947814345359802,2.772530947424117,0.6072,0.9980535279805353,0.7757518796992481,0.9568538615530503,1.0,1.0,1.0,1.0,1.0,True,0.9546854058753215,0.9994690936670458,0.00014255893284455986,0.9872386455535889,12.93847775464588,0.9296,0.9995133819951338,0.844172932330827,0.9824570645875039,1.0,1.0,1.0,1.0,1.0,True,0.9971746296229217,0.9963806145716457,0.001018278091746856,0.2870689332485199,92.41769824747057,1.0,1.0,0.9853383458646616,1.0,1.0,1.0,1.0,1.0,1.0,True,0.9967037345600753,0.9965954364360738,0.0009571814062420447,0.3705272376537323,86.87263635262234,1.0,1.0,0.9828947368421053,1.0,1.0,1.0,1.0,1.0,1.0,True,0.9994566595428696,0.9699441065841741,0.00870627768443562,0.003784152213484049,790.1713200158734,1.0,1.0,0.9971804511278195,1.0,1.0,1.0,1.0,1.0,1.0,XGBoost,fleet,40000,20000,9.34,B_fleet_size,CTT_Forester,FS-B,1,6,CIDv2_Prototype|CIDv2_RenaultClio|CTT_Impala|CTT_Silverado|CTT_Traverse|ROAD_ORNL
125812,27607,0.2194305789590818,0.9781808158513636,0.934583033233214,98229,0.039665574882341466,True,0.09885174050059767,1.0,0.0,197653.91178488333,0.0,0.36,0.6627737226277373,0.0,0.048308924244020654,0.15789473684210525,0.25,0.0,0.5,1.0,True,0.09885174050059767,1.0,0.0,192183.97673196462,0.0,0.36,0.6627737226277373,0.0,0.048308924244020654,0.15789473684210525,0.25,0.0,0.5,1.0,True,0.09892418589488174,1.0,0.0,125661.11800677287,0.0,0.3608,0.6627737226277373,0.0,0.04836160573174587,0.15789473684210525,0.25,0.0,0.5,1.0,True,0.09892418589488174,1.0,0.0,132444.74341342202,0.0,0.3608,0.6627737226277373,0.0,0.04836160573174587,0.15789473684210525,0.25,0.0,0.5,1.0,True,0.7065599304524215,0.9634495702854885,0.007535257878926735,3.247499141493454,683.8909670312823,1.0,1.0,0.6736842105263158,0.6646823306290169,0.9473684210526315,0.9166666666666666,0.9545454545454546,1.0,1.0,Rule:Combined,fleet,40000,20000,0.31,B_fleet_size,CTT_Forester,FS-B,1,6,CIDv2_Prototype|CIDv2_RenaultClio|CTT_Impala|CTT_Silverado|CTT_Traverse|ROAD_ORNL
125812,27607,0.2194305789590818,0.9997269213261515,0.9995669955540498,98229,0.039665574882341466,True,0.7499547216285725,1.0,0.0,0.998010211419297,0.0,0.896,1.0,0.6575187969924812,0.7391739542724687,0.9473684210526315,1.0,0.9090909090909091,1.0,1.0,True,0.9429854746984461,0.999155632316254,0.00022402118018430834,0.9819746365223238,20.331893614443526,1.0,1.0,0.8026315789473685,0.9723949004319882,1.0,1.0,1.0,1.0,1.0,True,0.9965950664686493,0.9962342035702647,0.0010590092154167303,0.2867078058051695,96.1144061773694,1.0,1.0,0.9823308270676692,1.0,1.0,1.0,1.0,1.0,1.0,True,0.996232839497229,0.996521613101924,0.0009775469680769818,0.32168312000303395,88.72099031757175,1.0,1.0,0.9804511278195489,1.0,1.0,1.0,1.0,1.0,1.0,True,0.9994204368457276,0.9735022228494813,0.007647268469018889,0.003629538159563011,694.0569138385041,1.0,1.0,0.9969924812030075,1.0,1.0,1.0,1.0,1.0,1.0,HistGB,fleet,40000,20000,19.3,B_fleet_size,CTT_Forester,FS-B,0,7,CIDv2_OpelAstra|CIDv2_Prototype|CIDv2_RenaultClio|CTT_Impala|CTT_Silverado|CTT_Traverse|ROAD_ORNL
125812,27607,0.2194305789590818,0.9997612162403231,0.9996174128388631,98229,0.039665574882341466,True,0.8929981526424458,0.9999188805516123,2.036556183493712e-05,0.9921875,1.8483539649494114,0.9976,0.994647201946472,0.7046992481203007,0.9278790433041829,0.9736842105263158,1.0,0.9545454545454546,1.0,1.0,True,0.9497591190640055,0.9995425434583715,0.00012219337100962272,0.972915530204773,11.090123789696468,1.0,1.0,0.8218045112781955,0.9768728268886313,1.0,1.0,1.0,1.0,1.0,True,0.9957257217372406,0.996339253352664,0.0010284608726643246,0.24055474996566772,93.34187522994529,1.0,1.0,0.9778195488721805,1.0,1.0,1.0,1.0,1.0,1.0,True,0.9953272720686782,0.996482320942883,0.0009877297489944504,0.263590544462204,89.64516730004645,1.0,1.0,0.9757518796992481,1.0,1.0,1.0,1.0,1.0,1.0,True,0.9993479914514435,0.9673223239016865,0.009490351815080698,0.003032907610759139,861.3329476664259,1.0,1.0,0.9966165413533835,1.0,1.0,1.0,1.0,1.0,1.0,XGBoost,fleet,40000,20000,10.56,B_fleet_size,CTT_Forester,FS-B,0,7,CIDv2_OpelAstra|CIDv2_Prototype|CIDv2_RenaultClio|CTT_Impala|CTT_Silverado|CTT_Traverse|ROAD_ORNL
125812,27607,0.2194305789590818,0.9780809842464242,0.9340669835897057,98229,0.039665574882341466,True,0.09885174050059767,1.0,0.0,201650.439971269,0.0,0.36,0.6627737226277373,0.0,0.048308924244020654,0.15789473684210525,0.25,0.0,0.5,1.0,True,0.09885174050059767,1.0,0.0,196069.90377001336,0.0,0.36,0.6627737226277373,0.0,0.048308924244020654,0.15789473684210525,0.25,0.0,0.5,1.0,True,0.09892418589488174,1.0,0.0,128201.97285355242,0.0,0.3608,0.6627737226277373,0.0,0.04836160573174587,0.15789473684210525,0.25,0.0,0.5,1.0,True,0.09892418589488174,1.0,0.0,135122.76200211153,0.0,0.3608,0.6627737226277373,0.0,0.04836160573174587,0.15789473684210525,0.25,0.0,0.5,1.0,True,0.7065599304524215,0.9638780451647971,0.007443612850669518,3.3231459143208126,675.5733741890099,1.0,1.0,0.6736842105263158,0.6646823306290169,0.9473684210526315,0.9166666666666666,0.9545454545454546,1.0,1.0,Rule:Combined,fleet,40000,20000,0.31,B_fleet_size,CTT_Forester,FS-B,0,7,CIDv2_OpelAstra|CIDv2_Prototype|CIDv2_RenaultClio|CTT_Impala|CTT_Silverado|CTT_Traverse|ROAD_ORNL
125812,27607,0.2194305789590818,0.9998001007275362,0.9996314523586902,98229,0.039665574882341466,True,0.8686927228601442,0.9997915537582858,5.09139045873428e-05,0.992438362961572,4.620884912373529,0.9288,1.0,0.7030075187969925,0.8969550100094826,1.0,1.0,1.0,1.0,1.0,True,0.9475133118411997,0.9993887063498128,0.00016292449467949696,0.9786413193847286,14.786831719595291,1.0,1.0,0.7990601503759398,0.9799810346644189,1.0,1.0,1.0,1.0,1.0,True,0.9971021842286376,0.9962361116137671,0.0010590092154167303,0.3330195153546919,96.1144061773694,1.0,1.0,0.9849624060150376,1.0,1.0,1.0,1.0,1.0,1.0,True,0.9965588437715073,0.9965227470298464,0.0009775469680769818,0.4056043886594202,88.72099031757175,1.0,1.0,0.9821428571428571,1.0,1.0,1.0,1.0,1.0,1.0,True,0.9993842141485855,0.9744296107932472,0.007372333384247238,0.003707229874081338,669.104135311687,1.0,1.0,0.9968045112781955,1.0,1.0,1.0,1.0,1.0,1.0,HistGB,fleet,40000,20000,25.77,B_fleet_size,CTT_Forester,FS-B,1,7,CIDv2_OpelAstra|CIDv2_Prototype|CIDv2_RenaultClio|CTT_Impala|CTT_Silverado|CTT_Traverse|ROAD_ORNL
125812,27607,0.2194305789590818,0.999715428029039,0.9996063487399244,98229,0.039665574882341466,True,0.9332777918643822,0.9998835765290283,3.054834275240568e-05,0.9910229444503784,2.772530947424117,0.9232,1.0,0.8216165413533835,0.958012854283005,1.0,1.0,1.0,1.0,1.0,True,0.966457782446481,0.9994006817245383,0.00016292449467949696,0.970896303653717,14.786831719595291,0.9992,1.0,0.8738721804511278,0.9866189021177958,1.0,1.0,1.0,1.0,1.0,True,0.9971384069257797,0.9962723028482502,0.0010488264344992618,0.34118011593818665,95.1902291948947,1.0,1.0,0.9851503759398497,1.0,1.0,1.0,1.0,1.0,1.0,True,0.9967399572572174,0.9964872890562758,0.0009877297489944504,0.3953956365585327,89.64516730004645,1.0,1.0,0.9830827067669173,1.0,1.0,1.0,1.0,1.0,1.0,True,0.9992393233600174,0.9708594354895475,0.008431342599663967,0.00457736337557435,765.2185414890563,1.0,1.0,0.9960526315789474,1.0,1.0,1.0,1.0,1.0,1.0,XGBoost,fleet,40000,20000,18.47,B_fleet_size,CTT_Forester,FS-B,1,7,CIDv2_OpelAstra|CIDv2_Prototype|CIDv2_RenaultClio|CTT_Impala|CTT_Silverado|CTT_Traverse|ROAD_ORNL
125812,27607,0.2194305789590818,0.977928246405564,0.9336490572755884,98229,0.039665574882341466,True,0.09885174050059767,1.0,0.0,201925.944051982,0.0,0.36,0.6627737226277373,0.0,0.048308924244020654,0.15789473684210525,0.25,0.0,0.5,1.0,True,0.09885174050059767,1.0,0.0,196337.78346619126,0.0,0.36,0.6627737226277373,0.0,0.048308924244020654,0.15789473684210525,0.25,0.0,0.5,1.0,True,0.09892418589488174,1.0,0.0,128377.11965833079,0.0,0.3608,0.6627737226277373,0.0,0.04836160573174587,0.15789473684210525,0.25,0.0,0.5,1.0,True,0.09892418589488174,1.0,0.0,135307.36430647847,0.0,0.3608,0.6627737226277373,0.0,0.04836160573174587,0.15789473684210525,0.25,0.0,0.5,1.0,True,0.7065599304524215,0.9636875648436342,0.007484343974339392,3.318235164577573,679.2700821189087,1.0,1.0,0.6736842105263158,0.6646823306290169,0.9473684210526315,0.9166666666666666,0.9545454545454546,1.0,1.0,Rule:Combined,fleet,40000,20000,0.31,B_fleet_size,CTT_Forester,FS-B,1,7,CIDv2_OpelAstra|CIDv2_Prototype|CIDv2_RenaultClio|CTT_Impala|CTT_Silverado|CTT_Traverse|ROAD_ORNL
125812,27607,0.2194305789590818,0.4994928822400116,0.21925691248647797,98229,0.039665574882341466,True,0.0,0.0,0.0,0.9934795769747364,0.0,0.0,0.0,0.0,0.0,0.0,0.0,0.0,0.0,0.0,True,0.0,0.0,0.0,0.9934795769747364,0.0,0.0,0.0,0.0,0.0,0.0,0.0,0.0,0.0,0.0,True,0.0,0.0,0.0,0.9934795769747364,0.0,0.0,0.0,0.0,0.0,0.0,0.0,0.0,0.0,0.0,True,0.0,0.0,0.0,0.9934795769747364,0.0,0.0,0.0,0.0,0.0,0.0,0.0,0.0,0.0,0.0,True,0.0,0.0,0.0,0.9934795769747364,0.0,0.0,0.0,0.0,0.0,0.0,0.0,0.0,0.0,0.0,HistGB,fleet,40000,952,15.1,B_fleet_size,CTT_Forester,FS-A,0,1,CIDv2_OpelAstra
125812,27607,0.2194305789590818,0.5786841886997478,0.32962595006158635,98229,0.039665574882341466,True,0.03654870141630746,0.999009900990099,1.018278091746856e-05,0.9999110698699951,0.9241769824747057,0.7952,0.0,0.0,0.0007902223158782004,0.13157894736842105,0.25,0.0,1.0,0.0,True,0.04502481254754229,0.9959935897435898,5.09139045873428e-05,0.9998763799667358,4.620884912373529,0.9528,0.0,0.0,0.0027394373617110946,0.13157894736842105,0.25,0.0,1.0,0.0,True,0.05342847828449306,0.9436980166346769,0.0008960847207372334,0.9998108744621277,81.3275744577741,0.9928,0.0,0.0015037593984962407,0.011906016225898219,0.3157894736842105,0.4166666666666667,0.22727272727272727,1.0,0.0,True,0.05241424276451625,0.9488524590163935,0.0007942569115625477,0.9998167157173157,72.08580463302704,0.9928,0.0,0.0007518796992481203,0.010641660520493099,0.2631578947368421,0.4166666666666667,0.13636363636363635,1.0,0.0,True,0.07556054623827291,0.6705239472838316,0.010437350440405275,0.9996998310089111,947.2814070365735,0.9984,0.00048661800486618007,0.014849624060150377,0.039932567695711726,0.6578947368421053,0.6666666666666666,0.6363636363636364,1.0,0.5,XGBoost,fleet,40000,952,7.94,B_fleet_size,CTT_Forester,FS-A,0,1,CIDv2_OpelAstra
125812,27607,0.2194305789590818,0.4994928822400116,0.219256912936069,98229,0.039665574882341466,True,0.0,0.0,0.0,0.9929409405556421,0.0,0.0,0.0,0.0,0.0,0.0,0.0,0.0,0.0,0.0,True,0.0,0.0,0.0,0.9929409405556421,0.0,0.0,0.0,0.0,0.0,0.0,0.0,0.0,0.0,0.0,True,0.0,0.0,0.0,0.9929409405556421,0.0,0.0,0.0,0.0,0.0,0.0,0.0,0.0,0.0,0.0,True,0.0,0.0,0.0,0.9929409405556421,0.0,0.0,0.0,0.0,0.0,0.0,0.0,0.0,0.0,0.0,True,0.0,0.0,0.0,0.9929409405556421,0.0,0.0,0.0,0.0,0.0,0.0,0.0,0.0,0.0,0.0,HistGB,fleet,40000,952,8.27,B_fleet_size,CTT_Forester,FS-A,1,1,CIDv2_OpelAstra
125812,27607,0.2194305789590818,0.38906433140131413,0.1826368503989326,98229,0.039665574882341466,True,0.0,0.0,2.036556183493712e-05,0.9999927282333374,1.8483539649494114,0.0,0.0,0.0,0.0,0.0,0.0,0.0,0.0,0.0,True,0.0,0.0,0.0001018278091746856,0.9999916553497314,9.241769824747058,0.0,0.0,0.0,0.0,0.0,0.0,0.0,0.0,0.0,True,0.00010866809142608759,0.02857142857142857,0.0010386436535817932,0.9999867677688599,94.26605221241999,0.0,0.0,0.00018796992481203009,0.00010536297545042672,0.05263157894736842,0.08333333333333333,0.045454545454545456,0.0,0.0,True,0.00010866809142608759,0.030927835051546393,0.0009571814062420447,0.999987006187439,86.87263635262234,0.0,0.0,0.00018796992481203009,0.00010536297545042672,0.05263157894736842,0.08333333333333333,0.045454545454545456,0.0,0.0,True,0.0014489078856811679,0.042735042735042736,0.009123771702051831,0.9999731779098511,828.0625762973364,0.0008,0.0034063260340632603,0.0007518796992481203,0.001475081656305974,0.21052631578947367,0.25,0.13636363636363635,0.5,0.5,XGBoost,fleet,40000,952,10.18,B_fleet_size,CTT_Forester,FS-A,1,1,CIDv2_OpelAstra
125812,27607,0.2194305789590818,0.7520059219914184,0.5849156760088439,98229,0.039665574882341466,True,0.13083638207700946,0.9997232216994187,1.018278091746856e-05,0.9793822180311139,0.9241769824747057,0.6704,0.5888077858880778,0.0005639097744360903,0.08223580233905806,0.34210526315789475,0.5833333333333334,0.13636363636363635,1.0,0.5,True,0.13083638207700946,0.9997232216994187,1.018278091746856e-05,0.9793822180311139,0.9241769824747057,0.6704,0.5888077858880778,0.0005639097744360903,0.08223580233905806,0.34210526315789475,0.5833333333333334,0.13636363636363635,1.0,0.5,True,0.1681095374361575,0.9957090753057284,0.0002036556183493712,0.9772788688172734,18.483539649494116,0.6992,0.5922141119221411,0.0406015037593985,0.12295859235064799,0.7368421052631579,0.75,0.6818181818181818,1.0,1.0,True,0.1681095374361575,0.9957090753057284,0.0002036556183493712,0.9772788688172734,18.483539649494116,0.6992,0.5922141119221411,0.0406015037593985,0.12295859235064799,0.7368421052631579,0.75,0.6818181818181818,1.0,1.0,True,0.31828883978701056,0.9884139482564679,0.0010488264344992618,0.9687125316839953,95.1902291948947,0.9792,0.5956204379562043,0.2580827067669173,0.26161626804340954,0.8157894736842105,0.8333333333333334,0.7727272727272727,1.0,1.0,HistGB,fleet,10934,1058,6.53,B_fleet_size,CTT_Forester,FS-A,0,1,CIDv2_Prototype
125812,27607,0.2194305789590818,0.7800652584688803,0.6501266465824351,98229,0.039665574882341466,True,0.13724779947114862,0.9997361477572559,1.018278091746856e-05,0.9948303103446962,0.9241769824747057,0.8968,0.5912408759124088,0.004135338345864661,0.07538720893478032,0.5,0.75,0.3181818181818182,1.0,0.5,True,0.13742891295685877,0.9978958442924777,8.146224733974848e-05,0.994830310344696,7.393415859797646,0.8968,0.5912408759124088,0.004699248120300752,0.07549257191023075,0.5526315789473685,0.8333333333333334,0.36363636363636365,1.0,0.5,True,0.15376534936791394,0.9772099447513812,0.0010080953108293875,0.994583785533905,91.49352126499588,0.912,0.5961070559610706,0.02744360902255639,0.09134969971551997,0.7368421052631579,0.9166666666666666,0.5909090909090909,1.0,1.0,True,0.1496359618937226,0.9819348704540052,0.0007738913497276107,0.9946698546409607,70.23745066807764,0.9088,0.594647201946472,0.023496240601503758,0.08681909177115162,0.6842105263157895,0.9166666666666666,0.5,1.0,1.0,True,0.2214655703263665,0.8733038137408942,0.009032126673794614,0.9935857653617859,819.7449834550641,0.956,0.621897810218978,0.13402255639097743,0.15425139605942473,0.9473684210526315,1.0,0.9090909090909091,1.0,1.0,XGBoost,fleet,10934,1058,3.34,B_fleet_size,CTT_Forester,FS-A,0,1,CIDv2_Prototype
125812,27607,0.2194305789590818,0.7520059219914184,0.5849156760088439,98229,0.039665574882341466,True,0.13083638207700946,0.9997232216994187,1.018278091746856e-05,0.9793822180311139,0.9241769824747057,0.6704,0.5888077858880778,0.0005639097744360903,0.08223580233905806,0.34210526315789475,0.5833333333333334,0.13636363636363635,1.0,0.5,True,0.13083638207700946,0.9997232216994187,1.018278091746856e-05,0.9793822180311139,0.9241769824747057,0.6704,0.5888077858880778,0.0005639097744360903,0.08223580233905806,0.34210526315789475,0.5833333333333334,0.13636363636363635,1.0,0.5,True,0.1681095374361575,0.9957090753057284,0.0002036556183493712,0.9772788688172734,18.483539649494116,0.6992,0.5922141119221411,0.0406015037593985,0.12295859235064799,0.7368421052631579,0.75,0.6818181818181818,1.0,1.0,True,0.1681095374361575,0.9957090753057284,0.0002036556183493712,0.9772788688172734,18.483539649494116,0.6992,0.5922141119221411,0.0406015037593985,0.12295859235064799,0.7368421052631579,0.75,0.6818181818181818,1.0,1.0,True,0.31828883978701056,0.9884139482564679,0.0010488264344992618,0.9687125316839953,95.1902291948947,0.9792,0.5956204379562043,0.2580827067669173,0.26161626804340954,0.8157894736842105,0.8333333333333334,0.7727272727272727,1.0,1.0,HistGB,fleet,10934,1058,6.49,B_fleet_size,CTT_Forester,FS-A,1,1,CIDv2_Prototype
125812,27607,0.2194305789590818,0.7800652584688803,0.6501266465824351,98229,0.039665574882341466,True,0.13724779947114862,0.9997361477572559,1.018278091746856e-05,0.9948303103446962,0.9241769824747057,0.8968,0.5912408759124088,0.004135338345864661,0.07538720893478032,0.5,0.75,0.3181818181818182,1.0,0.5,True,0.13742891295685877,0.9978958442924777,8.146224733974848e-05,0.994830310344696,7.393415859797646,0.8968,0.5912408759124088,0.004699248120300752,0.07549257191023075,0.5526315789473685,0.8333333333333334,0.36363636363636365,1.0,0.5,True,0.15376534936791394,0.9772099447513812,0.0010080953108293875,0.994583785533905,91.49352126499588,0.912,0.5961070559610706,0.02744360902255639,0.09134969971551997,0.7368421052631579,0.9166666666666666,0.5909090909090909,1.0,1.0,True,0.1496359618937226,0.9819348704540052,0.0007738913497276107,0.9946698546409607,70.23745066807764,0.9088,0.594647201946472,0.023496240601503758,0.08681909177115162,0.6842105263157895,0.9166666666666666,0.5,1.0,1.0,True,0.2214655703263665,0.8733038137408942,0.009032126673794614,0.9935857653617859,819.7449834550641,0.956,0.621897810218978,0.13402255639097743,0.15425139605942473,0.9473684210526315,1.0,0.9090909090909091,1.0,1.0,XGBoost,fleet,10934,1058,3.62,B_fleet_size,CTT_Forester,FS-A,1,1,CIDv2_Prototype
125812,27607,0.2194305789590818,0.5764965449004029,0.3883519493128115,98229,0.039665574882341466,True,0.06299127032998877,1.0,0.0,0.9999818396863237,0.0,0.788,0.2029197080291971,0.002819548872180451,0.0169634390475187,0.39473684210526316,0.6666666666666666,0.13636363636363635,1.0,1.0,True,0.0796537110153222,0.9887589928057554,0.000254569522936714,0.9999770092219755,23.104424561867642,0.848,0.2710462287104623,0.006578947368421052,0.028816773785691707,0.5,0.75,0.2727272727272727,1.0,1.0,True,0.09729416452349042,0.9424561403508772,0.001669976070464844,0.9999729225955543,151.56502512585175,0.8928,0.32116788321167883,0.012218045112781954,0.044515857127805286,0.5789473684210527,0.75,0.4090909090909091,1.0,1.0,True,0.09671460136921795,0.9464728819567529,0.0015375999185377528,0.9999730399282709,139.55072435368058,0.892,0.31873479318734793,0.012030075187969926,0.04404172373827837,0.5789473684210527,0.75,0.4090909090909091,1.0,1.0,True,0.13416887021407614,0.7409481896379276,0.013186701288121785,0.9999654843148802,1196.8091923047439,0.9376,0.3970802919708029,0.031390977443609025,0.0816036244863555,0.7368421052631579,0.9166666666666666,0.5909090909090909,1.0,1.0,HistGB,fleet,40000,20000,41.19,B_fleet_size,CTT_Forester,FS-A,0,1,CTT_Silverado
125812,27607,0.2194305789590818,0.5088630710067384,0.3171733395855914,98229,0.039665574882341466,True,0.04864708226174521,0.9985130111524163,2.036556183493712e-05,0.9999947547912598,1.8483539649494114,0.8336,0.06715328467153285,0.0,0.008587082499209777,0.2631578947368421,0.5833333333333334,0.0,1.0,0.5,True,0.054152932227333646,0.987450462351387,0.00019347283743190267,0.9999938011169434,17.55936266701941,0.8728,0.08856447688564477,0.00037593984962406017,0.01158992729954694,0.3684210526315789,0.6666666666666666,0.09090909090909091,1.0,1.0,True,0.06668598543847575,0.9223446893787575,0.0015783310422076268,0.999991774559021,143.24743228357937,0.9288,0.12506082725060827,0.0015037593984962407,0.021862817405963544,0.47368421052631576,0.8333333333333334,0.18181818181818182,1.0,1.0,True,0.06588908610135111,0.9275879653238144,0.0014459548902805357,0.9999918937683105,131.23313151140823,0.9256,0.12311435523114356,0.0015037593984962407,0.021125276577810558,0.47368421052631576,0.8333333333333334,0.18181818181818182,1.0,1.0,True,0.09548302966638895,0.6741687979539642,0.012972862888854946,0.9999881982803345,1177.4014756727752,0.9688,0.1878345498783455,0.004887218045112782,0.05336634706564113,0.6052631578947368,0.9166666666666666,0.36363636363636365,1.0,1.0,XGBoost,fleet,40000,20000,13.27,B_fleet_size,CTT_Forester,FS-A,0,1,CTT_Silverado
125812,27607,0.2194305789590818,0.45926270532218794,0.22255907016155213,98229,0.039665574882341466,True,0.00315137465135654,0.9775280898876404,2.036556183493712e-05,0.9999949987602718,1.8483539649494114,0.0152,0.026277372262773723,0.0,0.000737540828152987,0.15789473684210525,0.16666666666666666,0.0,1.0,1.0,True,0.006592530879849313,0.91,0.0001832900565144341,0.9999939069083587,16.6351856845447,0.0336,0.05401459854014599,0.00018796992481203009,0.001475081656305974,0.23684210526315788,0.3333333333333333,0.045454545454545456,1.0,1.0,True,0.012279494331147897,0.7092050209205021,0.00141540654752813,0.9999920528109965,128.46060056398412,0.0728,0.09148418491484185,0.0007518796992481203,0.002950163312611948,0.3684210526315789,0.5833333333333334,0.13636363636363635,1.0,1.0,True,0.012098380845437752,0.7229437229437229,0.0013033959574359757,0.9999921398469626,118.29465375676233,0.0712,0.0905109489051095,0.0007518796992481203,0.002897481824886735,0.3684210526315789,0.5833333333333334,0.13636363636363635,1.0,1.0,True,0.02615278733654508,0.3830238726790451,0.011842574207015935,0.9999884052817266,1074.8178306180828,0.1416,0.13527980535279804,0.010338345864661654,0.011168475397745231,0.5789473684210527,0.75,0.4090909090909091,1.0,1.0,HistGB,fleet,40000,20000,43.1,B_fleet_size,CTT_Forester,FS-A,1,1,CTT_Silverado
125812,27607,0.2194305789590818,0.6261073172564791,0.44345607009697774,98229,0.039665574882341466,True,0.07863947549534539,0.9981609195402299,4.073112366987424e-05,0.9999814033508301,3.696707929898823,0.8784,0.24476885644768856,0.006203007518796992,0.028289958908439574,0.5,0.75,0.2727272727272727,1.0,1.0,True,0.0886007172094034,0.9951179820992677,0.00012219337100962272,0.9999783039093018,11.090123789696468,0.908,0.2807785888077859,0.010714285714285714,0.035665367189969446,0.5789473684210527,0.9166666666666666,0.3181818181818182,1.0,1.0,True,0.11305103778027312,0.9585380835380836,0.0013746754238582557,0.999971866607666,124.76389263408528,0.9432,0.35912408759124087,0.03007518796992481,0.05499947318512275,0.7105263157894737,0.9166666666666666,0.5454545454545454,1.0,1.0,True,0.11163835259173398,0.9643304130162703,0.001160837024591416,0.9999722242355347,105.35617600211647,0.9416,0.3557177615571776,0.02894736842105263,0.053735117479717626,0.7105263157894737,0.9166666666666666,0.5454545454545454,1.0,1.0,True,0.1672401927047488,0.7972716283888793,0.01195458479710809,0.9999606609344482,1084.9837774253047,0.9736,0.48175182481751827,0.0830827067669173,0.1036771678432199,0.868421052631579,0.9166666666666666,0.8181818181818182,1.0,1.0,XGBoost,fleet,40000,20000,13.9,B_fleet_size,CTT_Forester,FS-A,1,1,CTT_Silverado
125812,27607,0.2194305789590818,0.6438680468648484,0.4662000614786207,98229,0.039665574882341466,True,0.052740247038794506,1.0,0.0,0.9999943333600749,0.0,0.0,0.5158150851581509,0.0,0.020861869139184492,0.21052631578947367,0.5,0.0,0.0,1.0,True,0.06201325750715398,0.9959278650378127,7.127946642227993e-05,0.9999922741390506,6.46923887732294,0.0,0.5581508515815086,0.0015037593984962407,0.029343588662943842,0.23684210526315788,0.5,0.045454545454545456,0.0,1.0,True,0.07201072191835405,0.9599227426364075,0.0008451708161498905,0.9999908218267394,76.70668954540058,0.0,0.5781021897810219,0.008270676691729323,0.0398272047202613,0.42105263157894735,0.8333333333333334,0.18181818181818182,0.0,1.0,True,0.07110515448980331,0.9613124387855044,0.0008044396924800163,0.9999908931262709,73.00998161550176,0.0,0.5771289537712896,0.008082706766917294,0.03866821199030661,0.42105263157894735,0.8333333333333334,0.18181818181818182,0.0,1.0,True,0.12869924294562973,0.7771216097987752,0.010376253754900464,0.9999875832146976,941.7363451417252,0.0024,0.6501216545012165,0.06729323308270677,0.097776841217996,0.6578947368421053,1.0,0.45454545454545453,0.5,1.0,HistGB,fleet,40000,20000,37.83,B_fleet_size,CTT_Forester,FS-A,0,1,CTT_Traverse
125812,27607,0.2194305789590818,0.7006167057578009,0.5270503737695132,98229,0.039665574882341466,True,0.07700945412395407,1.0,0.0,0.9999957084655762,0.0,0.004,0.5357664233576642,0.00018796992481203009,0.05368243599199241,0.3157894736842105,0.6666666666666666,0.045454545454545456,0.5,1.0,True,0.10595138914043539,0.9979529170931423,6.109668550481136e-05,0.9999932050704956,5.545061894848234,0.0352,0.5819951338199514,0.012406015037593985,0.08529132862712042,0.5789473684210527,0.8333333333333334,0.36363636363636365,1.0,1.0,True,0.13728402216829066,0.98415995845235,0.0006211496359655822,0.9999910593032837,56.37479593095705,0.0984,0.6214111922141119,0.03684210526315789,0.1155831840691181,0.631578947368421,0.8333333333333334,0.45454545454545453,1.0,1.0,True,0.13377042054551383,0.9863782051282052,0.0005193218267908966,0.9999912977218628,47.133026106209996,0.0912,0.6165450121654501,0.03383458646616541,0.11231693183015488,0.631578947368421,0.8333333333333334,0.45454545454545453,1.0,1.0,True,0.2049842431267432,0.8952697358012973,0.0067410009673641875,0.9999874830245972,611.8051623982552,0.2128,0.6671532846715329,0.0887218045112782,0.18701928142450744,0.8157894736842105,1.0,0.6818181818181818,1.0,1.0,XGBoost,fleet,40000,20000,12.68,B_fleet_size,CTT_Forester,FS-A,0,1,CTT_Traverse
125812,27607,0.2194305789590818,0.4156620688627868,0.20590108189725553,98229,0.039665574882341466,True,0.005071177599884087,1.0,0.0,0.999998739565447,0.0,0.0,0.01800486618004866,0.0,0.005426193235696976,0.13157894736842105,0.3333333333333333,0.0,0.0,0.5,True,0.007498098308400043,0.915929203539823,0.00019347283743190267,0.9999985363073446,17.55936266701941,0.0,0.023844282238442822,0.0,0.00832367506058371,0.23684210526315788,0.5833333333333334,0.0,0.0,1.0,True,0.010758141051182672,0.7279411764705882,0.0011302886818390103,0.9999984124386815,102.58364505469234,0.0,0.030656934306569343,0.00018796992481203009,0.012274786639974713,0.2894736842105263,0.6666666666666666,0.045454545454545456,0.0,1.0,True,0.010721918354040643,0.7344913151364765,0.001089557558169136,0.9999984157842399,98.88693712479352,0.0,0.030656934306569343,0.00018796992481203009,0.0122221051522495,0.2894736842105263,0.6666666666666666,0.045454545454545456,0.0,1.0,True,0.022313181439489984,0.3571014492753623,0.011292704037472633,0.9999982202287659,1024.9122735644487,0.0,0.05060827250608273,0.005639097744360902,0.02539247708355284,0.4473684210526316,0.6666666666666666,0.3181818181818182,0.0,1.0,HistGB,fleet,40000,20000,44.27,B_fleet_size,CTT_Forester,FS-A,1,1,CTT_Traverse
125812,27607,0.2194305789590818,0.6456415459689274,0.47270898904857217,98229,0.039665574882341466,True,0.0464012750389394,0.999219968798752,1.018278091746856e-05,0.9999982118606567,0.9241769824747057,0.0,0.36155717761557177,0.0011278195488721805,0.028026551469813508,0.2894736842105263,0.5,0.13636363636363635,0.0,1.0,True,0.06284637954142065,0.990296803652968,0.00017310727559696553,0.9999974966049194,15.711008702069998,0.0,0.44136253041362533,0.006015037593984963,0.04193446422926984,0.5526315789473685,0.8333333333333334,0.4090909090909091,0.0,1.0,True,0.09841706813489333,0.9553445850914205,0.0012932131765185071,0.9999964237213135,117.37047677428764,0.0,0.5250608272506083,0.02913533834586466,0.07812664629649141,0.7105263157894737,0.9166666666666666,0.6363636363636364,0.0,1.0,True,0.09396167638642373,0.9610967024824009,0.0010691919963341989,0.999996542930603,97.03858315984411,0.0,0.5172749391727494,0.02593984962406015,0.07338531240122222,0.6578947368421053,0.8333333333333334,0.5909090909090909,0.0,1.0,True,0.18085992683015178,0.8456978319783198,0.00927651341581386,0.9999943971633911,841.9252310344569,0.0016,0.6155717761557178,0.09887218045112782,0.16858076072068276,0.8421052631578947,1.0,0.7727272727272727,0.5,1.0,XGBoost,fleet,40000,20000,10.33,B_fleet_size,CTT_Forester,FS-A,1,1,CTT_Traverse
125812,27607,0.2194305789590818,0.6328012209717551,0.42158432626868836,98229,0.039665574882341466,True,0.008802115405513095,0.9918367346938776,2.036556183493712e-05,0.6162474800403875,1.8483539649494114,0.0008,0.00048661800486618007,0.04530075187969925,0.0,0.13157894736842105,0.0,0.13636363636363635,0.5,0.5,True,0.01633643641105517,0.9804347826086957,9.164502825721705e-05,0.4971006473928835,8.31759284227235,0.0192,0.00048661800486618007,0.07951127819548873,0.00015804446317564007,0.23684210526315788,0.16666666666666666,0.18181818181818182,1.0,0.5,True,0.03415800340493353,0.9318181818181818,0.0007026118833053307,0.2712260006042037,63.768211790754705,0.1752,0.0170316301703163,0.12067669172932331,0.002476029923085028,0.47368421052631576,0.3333333333333333,0.45454545454545453,1.0,1.0,True,0.033179990582098744,0.9327902240325866,0.000672063540552925,0.27959315893304704,60.99568084333058,0.1624,0.01654501216545012,0.11954887218045113,0.0022653039721841745,0.4473684210526316,0.3333333333333333,0.4090909090909091,1.0,1.0,True,0.0887093853008295,0.7723115736360769,0.007351967822412301,0.1326788439602789,667.2557813467375,0.484,0.15766423357664233,0.20338345864661656,0.023074491623643452,0.8157894736842105,0.8333333333333334,0.7727272727272727,1.0,1.0,HistGB,fleet,40000,20000,30.5,B_fleet_size,CTT_Forester,FS-A,0,1,ROAD_ORNL
125812,27607,0.2194305789590818,0.6505498223115427,0.45218203096672965,98229,0.039665574882341466,True,0.026877241279385664,0.9973118279569892,2.036556183493712e-05,0.5962690711021423,1.8483539649494114,0.2712,0.0009732360097323601,0.07443609022556391,0.0002634074386260668,0.23684210526315788,0.16666666666666666,0.13636363636363635,1.0,1.0,True,0.03752671423914224,0.9885496183206107,0.00012219337100962272,0.4465102553367615,11.090123789696468,0.3984,0.00145985401459854,0.09699248120300752,0.001000948266779054,0.3684210526315789,0.25,0.3181818181818182,1.0,1.0,True,0.06168725323287572,0.9398454746136865,0.0011099231200040732,0.24579831957817078,100.73529108974293,0.652,0.017518248175182483,0.13796992481203008,0.0062164155515751765,0.5789473684210527,0.5,0.5454545454545454,1.0,1.0,True,0.06031079074147861,0.9460227272727273,0.0009673641871595132,0.25284329056739807,87.79681333509704,0.6424,0.015571776155717762,0.1362781954887218,0.0055315562111474025,0.5789473684210527,0.5,0.5454545454545454,1.0,1.0,True,0.1219618212772123,0.8016666666666666,0.008482256504251311,0.10025668889284134,769.8394264014299,0.8856,0.10510948905109489,0.2513157894736842,0.037245811821725844,0.8421052631578947,0.8333333333333334,0.8181818181818182,1.0,1.0,XGBoost,fleet,40000,20000,10.08,B_fleet_size,CTT_Forester,FS-A,0,1,ROAD_ORNL
125812,27607,0.2194305789590818,0.6396694882581981,0.47435111668264796,98229,0.039665574882341466,True,0.00402071938276524,1.0,0.0,0.8585182984922071,0.0,0.0,0.0,0.02086466165413534,0.0,0.02631578947368421,0.0,0.045454545454545456,0.0,0.0,True,0.016445104502481253,0.9869565217391304,6.109668550481136e-05,0.7027086658565024,5.545061894848234,0.0,0.0019464720194647203,0.08195488721804511,0.000737540828152987,0.2894736842105263,0.3333333333333333,0.22727272727272727,0.0,1.0,True,0.036729814902017606,0.9354243542435424,0.0007127946642227993,0.49496158127671963,64.69238877322941,0.0184,0.04330900243309002,0.11710526315789474,0.014698135075334528,0.5,0.5,0.4090909090909091,1.0,1.0,True,0.03502734813634223,0.9461839530332681,0.0005600529504607709,0.504834784680639,50.82973403610882,0.0168,0.03941605839416058,0.11522556390977444,0.013275734906753767,0.47368421052631576,0.5,0.36363636363636365,1.0,1.0,True,0.13329952548266744,0.8446178563231581,0.006893742681126216,0.2557602658830714,625.6678171353759,0.1728,0.3167883211678832,0.22913533834586466,0.0839742914339901,0.8157894736842105,0.8333333333333334,0.7727272727272727,1.0,1.0,HistGB,fleet,40000,20000,28.14,B_fleet_size,CTT_Forester,FS-A,1,1,ROAD_ORNL
125812,27607,0.2194305789590818,0.6712135891005788,0.5090890140951683,98229,0.039665574882341466,True,0.005759408845582642,0.99375,1.018278091746856e-05,0.6232009530067444,0.9241769824747057,0.0016,0.0019464720194647203,0.02593984962406015,0.0007902223158782004,0.2894736842105263,0.4166666666666667,0.13636363636363635,0.5,1.0,True,0.02068316006809867,0.9810996563573883,0.00011201059009215417,0.4475078582763672,10.165946807221763,0.092,0.010218978102189781,0.06635338345864662,0.004319881993467495,0.39473684210526316,0.5,0.22727272727272727,1.0,1.0,True,0.06346216539283515,0.9605263157894737,0.0007331602260577364,0.23602627217769623,66.5407427381788,0.356,0.09537712895377129,0.1274436090225564,0.022811084185017386,0.5526315789473685,0.6666666666666666,0.4090909090909091,1.0,1.0,True,0.06121635817002934,0.9613196814562003,0.0006924291023878621,0.24305173754692078,62.84403480827999,0.3456,0.08759124087591241,0.12593984962406016,0.02149404699188705,0.5526315789473685,0.6666666666666666,0.4090909090909091,1.0,1.0,True,0.16680552033904444,0.8601045946955548,0.007626902907183952,0.08925097435712814,692.2085598735546,0.668,0.4082725060827251,0.23477443609022555,0.08861026235380887,0.8421052631578947,0.8333333333333334,0.8181818181818182,1.0,1.0,XGBoost,fleet,40000,20000,9.69,B_fleet_size,CTT_Forester,FS-A,1,1,ROAD_ORNL
125812,27607,0.2194305789590818,0.6160555626924529,0.34627847958536034,98229,0.039665574882341466,True,0.13366175245408773,1.0,0.0,0.9955125869418169,0.0,0.9912,0.5863746958637469,0.018796992481203006,0.06037298493309451,0.3684210526315789,0.5833333333333334,0.18181818181818182,1.0,0.5,True,0.13366175245408773,1.0,0.0,0.9955125869418169,0.0,0.9912,0.5863746958637469,0.018796992481203006,0.06037298493309451,0.3684210526315789,0.5833333333333334,0.18181818181818182,1.0,0.5,True,0.13366175245408773,1.0,0.0,0.9955125869418169,0.0,0.9912,0.5863746958637469,0.018796992481203006,0.06037298493309451,0.3684210526315789,0.5833333333333334,0.18181818181818182,1.0,0.5,True,0.13366175245408773,1.0,0.0,0.9955125869418169,0.0,0.9912,0.5863746958637469,0.018796992481203006,0.06037298493309451,0.3684210526315789,0.5833333333333334,0.18181818181818182,1.0,0.5,True,0.13366175245408773,1.0,0.0,0.9955125869418169,0.0,0.9912,0.5863746958637469,0.018796992481203006,0.06037298493309451,0.3684210526315789,0.5833333333333334,0.18181818181818182,1.0,0.5,HistGB,fleet,40000,2010,9.39,B_fleet_size,CTT_Forester,FS-A,0,2,CIDv2_OpelAstra|CIDv2_Prototype
125812,27607,0.2194305789590818,0.6887614286173476,0.4756483143987439,98229,0.039665574882341466,True,0.040134748433368346,1.0,0.0,0.9999616146087646,0.0,0.8624,0.0,0.0015037593984962407,0.0011589927299546939,0.23684210526315788,0.25,0.18181818181818182,1.0,0.0,True,0.06469373709566414,0.9922222222222222,0.00014255893284455986,0.9998972415924072,12.93847775464588,0.992,0.00048661800486618007,0.05526315789473684,0.013223053419028553,0.47368421052631576,0.4166666666666667,0.45454545454545453,1.0,0.5,True,0.08352953960951932,0.9564496059726255,0.0010691919963341989,0.9998611211776733,97.03858315984411,0.9936,0.0019464720194647203,0.09981203007518796,0.027868507006637868,0.6052631578947368,0.5833333333333334,0.5454545454545454,1.0,1.0,True,0.08273264027239469,0.9572506286672254,0.0010386436535817932,0.9998624324798584,94.26605221241999,0.9936,0.0019464720194647203,0.09793233082706766,0.027236329153935306,0.6052631578947368,0.5833333333333334,0.5454545454545454,1.0,1.0,True,0.13779113992827907,0.8203579900797929,0.008482256504251311,0.9997692704200745,769.8394264014299,0.9952,0.02579075425790754,0.17086466165413533,0.08418501738489095,0.8421052631578947,0.8333333333333334,0.8181818181818182,1.0,1.0,XGBoost,fleet,40000,2010,8.23,B_fleet_size,CTT_Forester,FS-A,0,2,CIDv2_OpelAstra|CIDv2_Prototype
125812,27607,0.2194305789590818,0.6078019763259215,0.34298942997669524,98229,0.039665574882341466,True,0.13366175245408773,1.0,0.0,0.9964413194395112,0.0,0.9912,0.5863746958637469,0.018796992481203006,0.06037298493309451,0.3684210526315789,0.5833333333333334,0.18181818181818182,1.0,0.5,True,0.13366175245408773,1.0,0.0,0.9964413194395112,0.0,0.9912,0.5863746958637469,0.018796992481203006,0.06037298493309451,0.3684210526315789,0.5833333333333334,0.18181818181818182,1.0,0.5,True,0.13366175245408773,1.0,0.0,0.9964413194395112,0.0,0.9912,0.5863746958637469,0.018796992481203006,0.06037298493309451,0.3684210526315789,0.5833333333333334,0.18181818181818182,1.0,0.5,True,0.13366175245408773,1.0,0.0,0.9964413194395112,0.0,0.9912,0.5863746958637469,0.018796992481203006,0.06037298493309451,0.3684210526315789,0.5833333333333334,0.18181818181818182,1.0,0.5,True,0.13366175245408773,1.0,0.0,0.9964413194395112,0.0,0.9912,0.5863746958637469,0.018796992481203006,0.06037298493309451,0.3684210526315789,0.5833333333333334,0.18181818181818182,1.0,0.5,HistGB,fleet,40000,2010,12.22,B_fleet_size,CTT_Forester,FS-A,1,2,CIDv2_OpelAstra|CIDv2_Prototype
125812,27607,0.2194305789590818,0.6994993868707747,0.4831781925518955,98229,0.039665574882341466,True,0.052088238490237984,1.0,0.0,0.9998898506164551,0.0,0.9808,0.0,0.009210526315789473,0.008587082499209777,0.2894736842105263,0.3333333333333333,0.22727272727272727,1.0,0.0,True,0.06049190422718875,0.997610513739546,4.073112366987424e-05,0.9998505115509033,3.696707929898823,0.992,0.0,0.02593984962406015,0.015382994415762302,0.42105263157894735,0.5833333333333334,0.3181818181818182,1.0,0.0,True,0.08559423334661499,0.9566801619433198,0.001089557558169136,0.9997664093971252,98.88693712479352,0.9928,0.00291970802919708,0.07255639097744361,0.038457486039405755,0.6578947368421053,0.6666666666666666,0.5909090909090909,1.0,1.0,True,0.08331220342666715,0.964765100671141,0.0008553535970673591,0.9997733235359192,77.63086652787528,0.9928,0.0024330900243309003,0.06860902255639098,0.036297545042672005,0.631578947368421,0.6666666666666666,0.5909090909090909,1.0,0.5,True,0.14626725105951388,0.8077615523104621,0.009785652461687286,0.9996271133422852,888.1340801581921,0.9944,0.032116788321167884,0.1586466165413534,0.09930460436202718,0.9473684210526315,1.0,0.9090909090909091,1.0,1.0,XGBoost,fleet,40000,2010,12.01,B_fleet_size,CTT_Forester,FS-A,1,2,CIDv2_OpelAstra|CIDv2_Prototype
125812,27607,0.2194305789590818,0.661106871605359,0.3995854023895903,98229,0.039665574882341466,True,0.003549824319918861,1.0,0.0,0.9999939174078392,0.0,0.0032,0.017518248175182483,0.0,0.003055526288062375,0.21052631578947367,0.3333333333333333,0.0,1.0,1.0,True,0.014271742673959503,0.9704433497536946,0.00012219337100962272,0.9999910961268155,11.090123789696468,0.0856,0.06228710462287105,0.0005639097744360903,0.008218312085133284,0.2631578947368421,0.4166666666666667,0.045454545454545456,1.0,1.0,True,0.03245553663925816,0.8792934249263984,0.0012524820528486329,0.9999876952585275,113.6737688443888,0.2504,0.14452554744525548,0.0015037593984962407,0.014645453587609315,0.2894736842105263,0.5,0.045454545454545456,1.0,1.0,True,0.03057195638787264,0.8828451882845189,0.0011404714627564789,0.9999879628805711,103.50782203716705,0.2376,0.13333333333333333,0.0013157894736842105,0.014013275734906754,0.2894736842105263,0.5,0.045454545454545456,1.0,1.0,True,0.08041438765530481,0.7074569789674953,0.009347792882236139,0.9999792466832206,848.39446991178,0.6136,0.4097323600973236,0.012969924812030076,0.02855336634706564,0.47368421052631576,0.5833333333333334,0.3181818181818182,1.0,1.0,HistGB,fleet,40000,13562,34.53,B_fleet_size,CTT_Forester,FS-A,0,2,CIDv2_OpelAstra|CTT_Impala
125812,27607,0.2194305789590818,0.5392238874857704,0.26056030986711926,98229,0.039665574882341466,True,0.0002897815771362336,0.8888888888888888,1.018278091746856e-05,0.999998927116394,0.9241769824747057,0.0016,0.0,0.0,0.00031608892635128015,0.07894736842105263,0.16666666666666666,0.0,0.5,0.0,True,0.0008693447314087007,0.6486486486486487,0.0001323761519270913,0.9999986886978149,12.014300772171175,0.0056,0.0,0.0,0.0008955852913286271,0.13157894736842105,0.25,0.0,1.0,0.0,True,0.0050349549027420585,0.6017316017316018,0.0009368158444071076,0.9999982118606567,85.02428238767294,0.0368,0.0009732360097323601,0.0009398496240601503,0.004530607944368349,0.3684210526315789,0.8333333333333334,0.045454545454545456,1.0,0.5,True,0.003694715108486978,0.6335403726708074,0.0006007840741306451,0.9999983310699463,54.52644196600764,0.0248,0.0,0.0009398496240601503,0.003476978189864082,0.34210526315789475,0.8333333333333334,0.045454545454545456,1.0,0.0,True,0.027819031405078423,0.46743761412051127,0.00890993330278499,0.9999973773956299,808.6548596653674,0.1784,0.0034063260340632603,0.010902255639097745,0.025287114108102412,0.5789473684210527,0.9166666666666666,0.36363636363636365,1.0,0.5,XGBoost,fleet,40000,13562,13.58,B_fleet_size,CTT_Forester,FS-A,0,2,CIDv2_OpelAstra|CTT_Impala
125812,27607,0.2194305789590818,0.6911412009883564,0.4382409854198351,98229,0.039665574882341466,True,0.02296518998804651,0.9952904238618524,3.054834275240568e-05,0.9999690320995417,2.772530947424117,0.3824,0.03844282238442823,0.00037593984962406017,0.003951111579391002,0.2894736842105263,0.4166666666666667,0.09090909090909091,1.0,1.0,True,0.03792516390770457,0.9924170616113744,8.146224733974848e-05,0.9999613271234286,7.393415859797646,0.5488,0.08175182481751825,0.0015037593984962407,0.009746075229164472,0.2894736842105263,0.4166666666666667,0.09090909090909091,1.0,1.0,True,0.06364327887854529,0.9487041036717062,0.0009673641871595132,0.999949667137654,87.79681333509704,0.7752,0.2077858880778589,0.004135338345864661,0.01785902433884733,0.3157894736842105,0.4166666666666667,0.13636363636363635,1.0,1.0,True,0.06259282066142645,0.9520661157024793,0.0008859019398197648,0.9999502928768756,80.4033974752994,0.7696,0.20048661800486617,0.004135338345864661,0.017490253924770837,0.3157894736842105,0.4166666666666667,0.13636363636363635,1.0,1.0,True,0.1065671749918499,0.7814077025232403,0.008380428695076625,0.999921400962686,760.5976565766829,0.9992,0.49391727493917276,0.02180451127819549,0.02960699610156991,0.47368421052631576,0.6666666666666666,0.2727272727272727,1.0,1.0,HistGB,fleet,40000,13562,33.0,B_fleet_size,CTT_Forester,FS-A,1,2,CIDv2_OpelAstra|CTT_Impala
125812,27607,0.2194305789590818,0.4669214774160576,0.22567261891101995,98229,0.039665574882341466,True,0.005578295359872496,0.9808917197452229,3.054834275240568e-05,0.9999982118606568,2.772530947424117,0.1216,0.0,0.0,0.00010536297545042672,0.10526315789473684,0.16666666666666666,0.0,1.0,0.0,True,0.007860325279820335,0.9559471365638766,0.0001018278091746856,0.9999979734420776,9.241769824747058,0.168,0.0,0.0,0.0003687704140764935,0.13157894736842105,0.25,0.0,1.0,0.0,True,0.011808599268301518,0.800982800982801,0.0008248052543149534,0.9999973773956299,74.85833558045117,0.2384,0.0,0.0,0.001475081656305974,0.21052631578947367,0.5,0.0,1.0,0.0,True,0.011156590719744992,0.8627450980392157,0.0004989562649559595,0.9999974966049194,45.284672141260586,0.2272,0.0,0.0,0.0012643557054051206,0.21052631578947367,0.5,0.0,1.0,0.0,True,0.021878509073785635,0.3981542518127884,0.009296878977648797,0.9999959468841553,843.7735849994064,0.36,0.0009732360097323601,0.002443609022556391,0.007322726793804657,0.47368421052631576,0.9166666666666666,0.18181818181818182,1.0,0.5,XGBoost,fleet,40000,13562,10.03,B_fleet_size,CTT_Forester,FS-A,1,2,CIDv2_OpelAstra|CTT_Impala
125812,27607,0.2194305789590818,0.6488157600442412,0.45884765006642814,98229,0.039665574882341466,True,0.07106893179266129,0.9984732824427481,3.054834275240568e-05,0.9999894307648086,2.772530947424117,0.8,0.3367396593673966,0.0009398496240601503,0.01396059424718154,0.39473684210526316,0.6666666666666666,0.13636363636363635,1.0,1.0,True,0.08251530408954251,0.9925925925925926,0.00017310727559696553,0.9999877400975898,15.711008702069998,0.864,0.3805352798053528,0.002631578947368421,0.02117795806553577,0.39473684210526316,0.6666666666666666,0.13636363636363635,1.0,1.0,True,0.11084145325460934,0.9375,0.0020772873071635864,0.9999838173792477,188.53210442483999,0.928,0.454014598540146,0.009774436090225564,0.04820356126857023,0.5789473684210527,0.8333333333333334,0.36363636363636365,1.0,1.0,True,0.10921143188321802,0.9433667083854819,0.0018430833460618096,0.9999840418540575,167.27603382792174,0.9264,0.4520681265206813,0.008834586466165414,0.04641239068591297,0.5789473684210527,0.8333333333333334,0.36363636363636365,1.0,1.0,True,0.17586119462455174,0.7866169799092677,0.013410722468306095,0.9999772294743213,1217.1410859191876,0.9704,0.5250608272506083,0.03665413533834586,0.12474976293330524,0.7631578947368421,1.0,0.5909090909090909,1.0,1.0,HistGB,fleet,40000,20000,33.63,B_fleet_size,CTT_Forester,FS-A,0,2,CIDv2_Prototype|CTT_Silverado
125812,27607,0.2194305789590818,0.7086683350500523,0.5551580182153076,98229,0.039665574882341466,True,0.09193320534647009,1.0,0.0,0.9999979734420776,0.0,0.9624,0.18880778588807787,0.0050751879699248124,0.048466968707196294,0.5526315789473685,0.8333333333333334,0.36363636363636365,1.0,0.5,True,0.12612743144854566,0.9942889777270132,0.0002036556183493712,0.9999972581863403,18.483539649494116,0.98,0.2681265206812652,0.019548872180451128,0.0843957433357918,0.6052631578947368,0.9166666666666666,0.4090909090909091,1.0,0.5,True,0.17796211105878942,0.9627669998040368,0.0019347283743190264,0.9999961853027344,175.59362667019408,0.9904,0.34793187347931875,0.04887218045112782,0.14224001685807608,0.7631578947368421,1.0,0.5909090909090909,1.0,1.0,True,0.1723475930017749,0.967860048820179,0.0016088793849600325,0.9999963045120239,146.01996323100352,0.9904,0.3396593673965937,0.04586466165413534,0.13581287535560005,0.7631578947368421,1.0,0.5909090909090909,1.0,1.0,True,0.25479045169703335,0.8507498790517658,0.012565551652156203,0.9999946355819702,1140.4343963737867,0.9912,0.42141119221411194,0.10150375939849623,0.23121904962596143,0.8157894736842105,1.0,0.6818181818181818,1.0,1.0,XGBoost,fleet,40000,20000,11.46,B_fleet_size,CTT_Forester,FS-A,0,2,CIDv2_Prototype|CTT_Silverado
125812,27607,0.2194305789590818,0.6613775601455331,0.47564630955849685,98229,0.039665574882341466,True,0.0886007172094034,0.9995913363302003,1.018278091746856e-05,0.9999915074796454,0.9241769824747057,0.8688,0.4856447688564477,0.0,0.019070698556527238,0.2631578947368421,0.5,0.0,1.0,1.0,True,0.10207556054623827,0.9975221238938053,7.127946642227993e-05,0.9999883581036211,6.46923887732294,0.9112,0.5464720194647202,0.002443609022556391,0.028606047834790854,0.42105263157894735,0.75,0.13636363636363635,1.0,1.0,True,0.12018690911725287,0.9735915492957746,0.0009164502825721705,0.9999840829559171,83.17592842272352,0.9176,0.5854014598540146,0.011278195488721804,0.04783479085449373,0.5,0.75,0.2727272727272727,1.0,1.0,True,0.11928134168870214,0.9754146919431279,0.0008451708161498905,0.9999842590177264,76.70668954540058,0.9168,0.5844282238442823,0.010150375939849625,0.046991887050890316,0.47368421052631576,0.75,0.22727272727272727,1.0,1.0,True,0.16372659108197196,0.8389012620638456,0.00883865383636271,0.9999783363391999,802.1856207880446,0.9392,0.6204379562043796,0.05093984962406015,0.09482667790538404,0.7105263157894737,0.9166666666666666,0.5454545454545454,1.0,1.0,HistGB,fleet,40000,20000,32.47,B_fleet_size,CTT_Forester,FS-A,1,2,CIDv2_Prototype|CTT_Silverado
125812,27607,0.2194305789590818,0.6209724295000795,0.42488812657925146,98229,0.039665574882341466,True,0.05270402434165248,1.0,0.0,0.9999984502792358,0.0,0.8624,0.0705596107055961,0.0011278195488721805,0.011906016225898219,0.2631578947368421,0.5,0.045454545454545456,1.0,0.5,True,0.0626652660557105,0.9965437788018433,6.109668550481136e-05,0.9999979734420776,5.545061894848234,0.904,0.11678832116788321,0.002255639097744361,0.01833315772837425,0.3684210526315789,0.6666666666666666,0.13636363636363635,1.0,0.5,True,0.09015829318651067,0.9639814097598761,0.0009469986253245762,0.9999967813491821,85.94845937014765,0.9528,0.23503649635036497,0.006390977443609023,0.04114424191339163,0.5263157894736842,0.75,0.36363636363636365,1.0,0.5,True,0.08729670011229036,0.9690390028146361,0.0007840741306450791,0.9999969005584717,71.16162765055233,0.9504,0.22189781021897811,0.006015037593984963,0.03866821199030661,0.5263157894736842,0.75,0.36363636363636365,1.0,0.5,True,0.1403267287282211,0.7805762643562362,0.011089048419123263,0.9999948740005493,1006.4287339149546,0.9728,0.36739659367396593,0.03383458646616541,0.09077020335054262,0.7368421052631579,0.8333333333333334,0.6363636363636364,1.0,1.0,XGBoost,fleet,40000,20000,11.32,B_fleet_size,CTT_Forester,FS-A,1,2,CIDv2_Prototype|CTT_Silverado
125812,27607,0.2194305789590818,0.6213200145052343,0.42111550162986766,98229,0.039665574882341466,True,0.04238055565617416,1.0,0.0,0.9813752966148118,0.0,0.9312,0.0009732360097323601,0.0007518796992481203,0.0,0.10526315789473684,0.0,0.045454545454545456,1.0,0.5,True,0.05034954902742058,0.994277539341917,8.146224733974848e-05,0.9441020809047923,7.393415859797646,0.9832,0.012652068126520682,0.02274436090225564,0.000737540828152987,0.3157894736842105,0.4166666666666667,0.13636363636363635,1.0,1.0,True,0.07816858043249901,0.9638231353282716,0.0008248052543149534,0.8541805234797751,74.85833558045117,0.9936,0.10170316301703163,0.10488721804511278,0.00784954167105679,0.5789473684210527,0.5833333333333334,0.5,1.0,1.0,True,0.07657478175824972,0.9657377798081316,0.0007637085688101421,0.8601174991053853,69.31327368560294,0.992,0.09537712895377129,0.10093984962406015,0.007428089769255084,0.5789473684210527,0.5833333333333334,0.5,1.0,1.0,True,0.1297497011627486,0.8396624472573839,0.0069650221475484955,0.6693870680153479,632.1370560126987,0.9944,0.27688564476885646,0.19454887218045114,0.03872089347803182,0.7894736842105263,0.8333333333333334,0.7272727272727273,1.0,1.0,HistGB,fleet,40000,20000,31.0,B_fleet_size,CTT_Forester,FS-A,0,2,CIDv2_Prototype|ROAD_ORNL
125812,27607,0.2194305789590818,0.6488434433617908,0.5123162404382511,98229,0.039665574882341466,True,0.05031332633027855,0.9971284996410624,4.073112366987424e-05,0.8155584931373596,3.696707929898823,0.984,0.02238442822384428,0.015413533834586466,0.0016331261194816142,0.42105263157894735,0.5833333333333334,0.2727272727272727,1.0,0.5,True,0.07048936863838881,0.9943791517629024,0.00011201059009215417,0.696678102016449,10.165946807221763,0.9896,0.09391727493917275,0.07086466165413534,0.007322726793804657,0.5,0.5833333333333334,0.36363636363636365,1.0,1.0,True,0.11754265222588474,0.9747671973565636,0.0008553535970673591,0.4893816411495209,77.63086652787528,0.9936,0.26180048661800487,0.16278195488721806,0.031556211147402806,0.7368421052631579,0.6666666666666666,0.7272727272727273,1.0,1.0,True,0.11562284927735719,0.9770431588613406,0.0007637085688101421,0.4987553358078003,69.31327368560294,0.9936,0.25304136253041365,0.16015037593984963,0.03044989990517332,0.7368421052631579,0.6666666666666666,0.7272727272727273,1.0,1.0,True,0.22581229398341002,0.8838792003402808,0.008339697571406752,0.24094060063362122,756.9009486467842,0.9952,0.49878345498783455,0.27349624060150374,0.13223053419028552,0.8947368421052632,0.8333333333333334,0.9090909090909091,1.0,1.0,XGBoost,fleet,40000,20000,10.0,B_fleet_size,CTT_Forester,FS-A,0,2,CIDv2_Prototype|ROAD_ORNL
125812,27607,0.2194305789590818,0.66664306299009,0.5121273653188989,98229,0.039665574882341466,True,0.0673742166841743,1.0,0.0,0.9655330829780423,0.0,0.9816,0.04184914841849149,0.0943609022556391,0.002370666947634601,0.34210526315789475,0.4166666666666667,0.18181818181818182,1.0,1.0,True,0.08497844749520049,0.9957555178268251,0.0001018278091746856,0.9307243589788945,9.241769824747058,0.9904,0.13819951338199513,0.12631578947368421,0.008007586134232431,0.5789473684210527,0.5833333333333334,0.5,1.0,1.0,True,0.12764878472851088,0.9729431253451132,0.000997912529911919,0.8509747614668114,90.56934428252117,0.9944,0.37420924574209247,0.1612781954887218,0.034453692972289535,0.7631578947368421,0.8333333333333334,0.6818181818181818,1.0,1.0,True,0.1237005107400297,0.977110157367668,0.0008146224733974848,0.8584172840750905,73.93415859797646,0.9936,0.3557177615571776,0.15845864661654135,0.031556211147402806,0.7631578947368421,0.8333333333333334,0.6818181818181818,1.0,1.0,True,0.2037164487267722,0.8881869867340493,0.007209408889567741,0.6863572844248627,654.3173035920918,0.9952,0.5464720194647202,0.22406015037593985,0.10878727215256559,0.8157894736842105,0.8333333333333334,0.7727272727272727,1.0,1.0,HistGB,fleet,40000,20000,32.02,B_fleet_size,CTT_Forester,FS-A,1,2,CIDv2_Prototype|ROAD_ORNL
125812,27607,0.2194305789590818,0.5816303882642873,0.3749769385373809,98229,0.039665574882341466,True,0.05494983156445829,0.9967148488830486,5.09139045873428e-05,0.8734852075576782,4.620884912373529,0.9864,0.012652068126520682,0.04530075187969925,0.0008955852913286271,0.3157894736842105,0.25,0.22727272727272727,1.0,1.0,True,0.05936900061578585,0.9927316777710479,0.00012219337100962272,0.8402090668678284,11.090123789696468,0.9904,0.0170316301703163,0.0637218045112782,0.0014224001685807608,0.39473684210526316,0.4166666666666667,0.2727272727272727,1.0,1.0,True,0.0729525120440468,0.956315289648623,0.0009368158444071076,0.7242451906204224,85.02428238767294,0.9928,0.054501216545012166,0.11033834586466165,0.0038984300916657887,0.5263157894736842,0.6666666666666666,0.36363636363636365,1.0,1.0,True,0.07222805810120622,0.9586538461538462,0.0008757191589022962,0.72892165184021,79.4792204928247,0.9928,0.05158150851581508,0.10789473684210527,0.0038457486039405755,0.5263157894736842,0.6666666666666666,0.36363636363636365,1.0,1.0,True,0.10370558191762959,0.7723226328567575,0.008594267094343465,0.5185868740081787,780.0053732086516,0.9944,0.181021897810219,0.1718045112781955,0.017595616900221264,0.7631578947368421,0.8333333333333334,0.6818181818181818,1.0,1.0,XGBoost,fleet,40000,20000,11.15,B_fleet_size,CTT_Forester,FS-A,1,2,CIDv2_Prototype|ROAD_ORNL
125812,27607,0.2194305789590818,0.7043687328046273,0.5614087267756441,98229,0.039665574882341466,True,0.10033687108342088,0.9996391194514616,1.018278091746856e-05,0.9970538150037036,0.9241769824747057,0.476,0.48759124087591244,0.07969924812030076,0.03945843430618481,0.3684210526315789,0.5833333333333334,0.13636363636363635,1.0,1.0,True,0.11315970587169921,0.9987212276214834,4.073112366987424e-05,0.995697799646068,3.696707929898823,0.6,0.5236009732360097,0.09135338345864662,0.04277736803287325,0.42105263157894735,0.6666666666666666,0.18181818181818182,1.0,1.0,True,0.14333321259100953,0.9698529411764706,0.0012524820528486329,0.9894377947607015,113.6737688443888,0.8224,0.575669099756691,0.12481203007518797,0.057001369718680854,0.7105263157894737,0.8333333333333334,0.5909090909090909,1.0,1.0,True,0.14192052740247038,0.9714852467146046,0.0011710198055088846,0.9897895594372961,106.28035298459118,0.8176,0.5737226277372263,0.12293233082706767,0.0560004214519018,0.6842105263157895,0.8333333333333334,0.5454545454545454,1.0,1.0,True,0.22519650813199552,0.8666016169500975,0.009744921338017413,0.9724744589303302,884.4373722282935,0.9568,0.6287104622871046,0.23364661654135338,0.1309661784848804,0.9210526315789473,0.9166666666666666,0.9090909090909091,1.0,1.0,HistGB,fleet,40000,20000,30.64,B_fleet_size,CTT_Forester,FS-A,0,2,CTT_Traverse|ROAD_ORNL
125812,27607,0.2194305789590818,0.6260875387159006,0.439248775553273,98229,0.039665574882341466,True,0.08276886296953671,1.0,0.0,0.9916623830795288,0.0,0.3976,0.3644768856447689,0.09022556390977443,0.02944895163839427,0.34210526315789475,0.4166666666666667,0.18181818181818182,1.0,1.0,True,0.09733038722063245,0.9970315398886828,8.146224733974848e-05,0.987533688545227,7.393415859797646,0.5232,0.41411192214111925,0.09849624060150376,0.03466441892319039,0.47368421052631576,0.5833333333333334,0.3181818181818182,1.0,1.0,True,0.11964356866012243,0.971756398940865,0.0009775469680769818,0.979822039604187,88.72099031757175,0.692,0.48175182481751827,0.11259398496240601,0.044726583078706146,0.6578947368421053,0.8333333333333334,0.5,1.0,1.0,True,0.1188466693229978,0.9738794894627486,0.0008960847207372334,0.980141282081604,81.3275744577741,0.688,0.4802919708029197,0.11109022556390978,0.04441049415235486,0.6578947368421053,0.8333333333333334,0.5,1.0,1.0,True,0.16151700655630818,0.8094027954256671,0.010691919963341989,0.960660457611084,970.3858315984411,0.8784,0.5805352798053528,0.15996240601503758,0.069381519334106,0.7894736842105263,0.8333333333333334,0.7272727272727273,1.0,1.0,XGBoost,fleet,40000,20000,12.62,B_fleet_size,CTT_Forester,FS-A,0,2,CTT_Traverse|ROAD_ORNL
125812,27607,0.2194305789590818,0.7572803575917351,0.6389663666994566,98229,0.039665574882341466,True,0.10548049407758901,0.9996567112941984,1.018278091746856e-05,0.9958770287667496,0.9241769824747057,0.5224,0.4856447688564477,0.09962406015037593,0.03851016752713097,0.34210526315789475,0.4166666666666667,0.18181818181818182,1.0,1.0,True,0.12786612091136307,0.9971751412429378,0.0001018278091746856,0.99261638987647,9.241769824747058,0.7304,0.5430656934306569,0.11578947368421053,0.04662311663681382,0.5789473684210527,0.6666666666666666,0.45454545454545453,1.0,1.0,True,0.17035534465896332,0.9749170812603648,0.0012321164910136957,0.9855364759109106,111.82541487943939,0.9112,0.5776155717761557,0.162406015037594,0.07970709092824782,0.7631578947368421,0.8333333333333334,0.6818181818181818,1.0,1.0,True,0.1676386423733111,0.9765773369909263,0.0011302886818390103,0.9859299145667748,102.58364505469234,0.9056,0.5761557177615572,0.1586466165413534,0.07733642398061322,0.7631578947368421,0.8333333333333334,0.6818181818181818,1.0,1.0,True,0.2811243525192886,0.8860600525174107,0.010162415355633624,0.9639086644887642,922.3286285097564,0.9928,0.6272506082725061,0.30451127819548873,0.19023285217574545,0.9736842105263158,0.9166666666666666,1.0,1.0,1.0,HistGB,fleet,40000,20000,30.51,B_fleet_size,CTT_Forester,FS-A,1,2,CTT_Traverse|ROAD_ORNL
125812,27607,0.2194305789590818,0.5984532908320354,0.41276459876529387,98229,0.039665574882341466,True,0.06559930452421488,1.0,0.0,0.9965857267379761,0.0,0.4808,0.20632603406326033,0.047932330827067667,0.027973869982088295,0.42105263157894735,0.5,0.2727272727272727,1.0,1.0,True,0.08693447314087006,0.9962640099626401,9.164502825721705e-05,0.9949800372123718,8.31759284227235,0.6464,0.25547445255474455,0.07988721804511278,0.033821515119586976,0.5263157894736842,0.5,0.45454545454545453,1.0,1.0,True,0.1120368022602963,0.9641521197007481,0.0011710198055088846,0.9921265840530396,106.28035298459118,0.7888,0.31289537712895377,0.12913533834586466,0.04093351596249078,0.6578947368421053,0.8333333333333334,0.5,1.0,1.0,True,0.11073278516318324,0.9649621212121212,0.0011302886818390103,0.9922846555709839,102.58364505469234,0.7824,0.310948905109489,0.12631578947368421,0.04045938257296386,0.6578947368421053,0.8333333333333334,0.5,1.0,1.0,True,0.1497446299851487,0.8191004557162671,0.009296878977648797,0.9859699606895447,843.7735849994064,0.9112,0.4029197080291971,0.20845864661654134,0.055737014013275736,0.8157894736842105,0.8333333333333334,0.7727272727272727,1.0,1.0,XGBoost,fleet,40000,20000,10.53,B_fleet_size,CTT_Forester,FS-A,1,2,CTT_Traverse|ROAD_ORNL
125812,27607,0.2194305789590818,0.661881871711541,0.4990113488264572,98229,0.039665574882341466,True,0.04962509508458,0.9978150036416606,3.054834275240568e-05,0.9621018234505365,2.772530947424117,0.7808,0.0038929440389294406,0.07161654135338345,0.0002634074386260668,0.2631578947368421,0.3333333333333333,0.13636363636363635,1.0,0.5,True,0.0679900025355888,0.9858193277310925,0.00027493508477165115,0.9114036610416802,24.952778526817056,0.908,0.03990267639902676,0.11390977443609022,0.0028448003371615216,0.2894736842105263,0.3333333333333333,0.18181818181818182,1.0,0.5,True,0.09932263556344405,0.95974798739937,0.0011710198055088846,0.7959595308333164,106.28035298459118,0.9744,0.23017031630170318,0.13966165413533835,0.016225898219365716,0.47368421052631576,0.5,0.4090909090909091,1.0,0.5,True,0.09722171912920637,0.9626972740315638,0.0010590092154167303,0.8032756702584201,96.1144061773694,0.9712,0.21654501216545013,0.1387218045112782,0.015119586977136234,0.47368421052631576,0.5,0.4090909090909091,1.0,0.5,True,0.17901256927590828,0.8725282485875706,0.007351967822412301,0.5200450396484337,667.2557813467375,0.9936,0.5518248175182482,0.168796992481203,0.08787272152565588,0.8157894736842105,0.8333333333333334,0.7727272727272727,1.0,1.0,HistGB,fleet,40000,20000,37.2,B_fleet_size,CTT_Forester,FS-A,0,3,CIDv2_OpelAstra|CIDv2_RenaultClio|ROAD_ORNL
125812,27607,0.2194305789590818,0.6681933151254942,0.4402296041630959,98229,0.039665574882341466,True,0.032890209004962506,0.9956140350877193,4.073112366987424e-05,0.842717170715332,3.696707929898823,0.6312,0.00048661800486618007,0.020112781954887218,0.0005794963649773469,0.18421052631578946,0.08333333333333333,0.13636363636363635,1.0,0.5,True,0.03658492411344949,0.9834469328140214,0.00017310727559696553,0.8040371537208557,15.711008702069998,0.6688,0.00048661800486618007,0.02951127819548872,0.0008429038036034137,0.23684210526315788,0.16666666666666666,0.18181818181818182,1.0,0.5,True,0.05440649110732785,0.9369931378665003,0.0010284608726643246,0.6456521153450012,93.34187522994529,0.824,0.0019464720194647203,0.08157894736842106,0.0017911705826572542,0.2894736842105263,0.16666666666666666,0.2727272727272727,1.0,0.5,True,0.053319810193066974,0.9393746011486918,0.0009673641871595132,0.6583272814750671,87.79681333509704,0.8136,0.0019464720194647203,0.0787593984962406,0.0016858076072068275,0.2894736842105263,0.16666666666666666,0.2727272727272727,1.0,0.5,True,0.08294997645524686,0.7565246118268913,0.007504709536174329,0.36294177174568176,681.1184360838581,0.9744,0.04184914841849149,0.15300751879699248,0.009061215888736698,0.7105263157894737,0.75,0.6363636363636364,1.0,1.0,XGBoost,fleet,40000,20000,24.14,B_fleet_size,CTT_Forester,FS-A,0,3,CIDv2_OpelAstra|CIDv2_RenaultClio|ROAD_ORNL
125812,27607,0.2194305789590818,0.6333356613161552,0.4345856091911276,98229,0.039665574882341466,True,0.02662368239939146,1.0,0.0,0.9648100981365616,0.0,0.5632,0.00145985401459854,0.0050751879699248124,5.268148772521336e-05,0.15789473684210525,0.08333333333333333,0.09090909090909091,1.0,0.5,True,0.03850472706197704,0.9833487511563367,0.0001832900565144341,0.9300771655442729,16.6351856845447,0.712,0.007785888077858881,0.025,0.0012643557054051206,0.2631578947368421,0.3333333333333333,0.13636363636363635,1.0,0.5,True,0.050675553301698845,0.9216073781291173,0.0012117509291787586,0.8851360749698678,109.97706091448998,0.8056,0.028710462287104624,0.0481203007518797,0.004056474554841429,0.3684210526315789,0.4166666666666667,0.22727272727272727,1.0,1.0,True,0.04937153620458579,0.9240677966101695,0.0011404714627564789,0.8885369201326487,103.50782203716705,0.796,0.024817518248175182,0.046052631578947366,0.0037930671162153618,0.3684210526315789,0.4166666666666667,0.22727272727272727,1.0,1.0,True,0.09620748360922954,0.786962962962963,0.007321419479659895,0.7547496133877565,664.4832503993134,0.9296,0.22238442822384427,0.11165413533834587,0.023337899062269518,0.6052631578947368,0.5833333333333334,0.5454545454545454,1.0,1.0,HistGB,fleet,40000,20000,44.05,B_fleet_size,CTT_Forester,FS-A,1,3,CIDv2_OpelAstra|CIDv2_RenaultClio|ROAD_ORNL
125812,27607,0.2194305789590818,0.6400273628257054,0.41149757352148486,98229,0.039665574882341466,True,0.02205962255949578,1.0,0.0,0.8441005349159241,0.0,0.4792,0.0,0.0015037593984962407,0.00010536297545042672,0.15789473684210525,0.16666666666666666,0.09090909090909091,1.0,0.0,True,0.03158619190784946,0.9841986455981941,0.00014255893284455986,0.7164273858070374,12.93847775464588,0.6288,0.0034063260340632603,0.013533834586466165,0.0003687704140764935,0.23684210526315788,0.25,0.13636363636363635,1.0,0.5,True,0.04281522802187851,0.9285153181461115,0.0009266330634896391,0.594020664691925,84.10010540519822,0.7248,0.016058394160583942,0.040225563909774435,0.0015277631440311875,0.34210526315789475,0.3333333333333333,0.22727272727272727,1.0,1.0,True,0.041728547107617635,0.935064935064935,0.0008146224733974848,0.6050528883934021,73.93415859797646,0.7184,0.015571776155717762,0.036466165413533834,0.001475081656305974,0.34210526315789475,0.3333333333333333,0.22727272727272727,1.0,1.0,True,0.07349585250117724,0.7259391771019678,0.007800010182780918,0.3929162621498108,707.9195685756246,0.8288,0.1148418491484185,0.10770676691729324,0.009693393741439259,0.5263157894736842,0.6666666666666666,0.36363636363636365,1.0,1.0,XGBoost,fleet,40000,20000,12.75,B_fleet_size,CTT_Forester,FS-A,1,3,CIDv2_OpelAstra|CIDv2_RenaultClio|ROAD_ORNL
125812,27607,0.2194305789590818,0.744557396457044,0.6111969258507353,98229,0.039665574882341466,True,0.1547071394936067,0.9997659176029963,1.018278091746856e-05,0.9746444549935146,0.9241769824747057,0.9952,0.570316301703163,0.06109022556390977,0.08060267621957644,0.5,0.5833333333333334,0.36363636363636365,1.0,1.0,True,0.18937226065852863,0.9977099236641221,0.00012219337100962272,0.9592523101774847,11.090123789696468,0.996,0.5854014598540146,0.10469924812030075,0.1171109472131493,0.6578947368421053,0.5833333333333334,0.6363636363636364,1.0,1.0,True,0.2423298438801753,0.9862892525431225,0.0009469986253245762,0.9323828108842692,85.94845937014765,0.9976,0.5931873479318734,0.18646616541353384,0.17026656832788958,0.8421052631578947,0.8333333333333334,0.8181818181818182,1.0,1.0,True,0.24091715869163619,0.9863562212664986,0.0009368158444071076,0.9332215647010124,85.02428238767294,0.9976,0.5927007299270073,0.18421052631578946,0.16889684964703403,0.8421052631578947,0.8333333333333334,0.8181818181818182,1.0,1.0,True,0.31865106675843086,0.9057866556836903,0.009317244539483733,0.87957769713809,845.6219389643558,0.9992,0.6043795620437956,0.3142857142857143,0.2441260141186387,0.9473684210526315,0.9166666666666666,0.9545454545454546,1.0,1.0,HistGB,fleet,40000,20000,38.53,B_fleet_size,CTT_Forester,FS-A,0,3,CIDv2_Prototype|CTT_Silverado|ROAD_ORNL
125812,27607,0.2194305789590818,0.6460869471947012,0.49823751085954654,98229,0.039665574882341466,True,0.12627232223711377,0.9985677456316242,5.09139045873428e-05,0.9742421507835388,4.620884912373529,0.9928,0.5416058394160584,0.02988721804511278,0.051259087556632596,0.3157894736842105,0.5833333333333334,0.09090909090909091,1.0,0.5,True,0.14108740536820372,0.9971838197644649,0.00011201059009215417,0.9600449800491333,10.165946807221763,0.9928,0.5673965936739659,0.054699248120300754,0.06305974080708039,0.39473684210526316,0.6666666666666666,0.18181818181818182,1.0,0.5,True,0.17350671931031986,0.9773515609059376,0.0011302886818390103,0.9289125800132751,102.58364505469234,0.9936,0.5878345498783455,0.09511278195488722,0.09661784848804131,0.631578947368421,0.8333333333333334,0.45454545454545453,1.0,1.0,True,0.1716955844532184,0.9799462476741783,0.0009877297489944504,0.9309868812561035,89.64516730004645,0.9928,0.5873479318734793,0.09323308270676692,0.09461595195448319,0.6052631578947368,0.75,0.45454545454545453,1.0,1.0,True,0.23360017386894627,0.8647090372754089,0.010274425945725777,0.8746860027313232,932.4945753169781,0.9944,0.5990267639902677,0.1468045112781955,0.16826467179433147,0.8421052631578947,0.8333333333333334,0.8181818181818182,1.0,1.0,XGBoost,fleet,40000,20000,18.49,B_fleet_size,CTT_Forester,FS-A,0,3,CIDv2_Prototype|CTT_Silverado|ROAD_ORNL
125812,27607,0.2194305789590818,0.6518173931897535,0.4873565174032478,98229,0.039665574882341466,True,0.13239395805411672,1.0,0.0,0.9887847497145327,0.0,0.9944,0.5425790754257908,0.07255639097744361,0.04799283531766937,0.4473684210526316,0.4166666666666667,0.4090909090909091,1.0,0.5,True,0.15300467272793133,0.9978738483345145,9.164502825721705e-05,0.9794005185937273,8.31759284227235,0.996,0.5795620437956205,0.12368421052631579,0.0595300811294911,0.631578947368421,0.6666666666666666,0.5454545454545454,1.0,1.0,True,0.17904879197305032,0.9799762093576526,0.0010284608726643246,0.9620835421260033,93.34187522994529,0.996,0.5907542579075425,0.17481203007518797,0.08186703192498156,0.7894736842105263,0.8333333333333334,0.7272727272727273,1.0,1.0,True,0.1772738798130909,0.9831257533145842,0.0008553535970673591,0.9631889284043169,77.63086652787528,0.996,0.5907542579075425,0.1725563909774436,0.07991781687914867,0.7894736842105263,0.8333333333333334,0.7272727272727273,1.0,1.0,True,0.21581482957220996,0.8697810218978103,0.009083040578381956,0.9370934498135611,824.3658683674375,0.9968,0.6024330900243309,0.23703007518796992,0.11658413233589716,0.8947368421052632,0.9166666666666666,0.8636363636363636,1.0,1.0,HistGB,fleet,40000,20000,33.03,B_fleet_size,CTT_Forester,FS-A,1,3,CIDv2_Prototype|CTT_Silverado|ROAD_ORNL
125812,27607,0.2194305789590818,0.5936246996281112,0.45417523928769277,98229,0.039665574882341466,True,0.13677690440830223,0.9994706193753309,2.036556183493712e-05,0.9883710145950317,1.8483539649494114,0.992,0.5678832116788322,0.07368421052631578,0.051469813507533456,0.34210526315789475,0.5,0.13636363636363635,1.0,1.0,True,0.15133842865939798,0.9954729568739575,0.00019347283743190267,0.980192244052887,17.55936266701941,0.9928,0.5858880778588808,0.10676691729323308,0.06137393319987357,0.5,0.5833333333333334,0.36363636363636365,1.0,1.0,True,0.16915999565327633,0.9769874476987448,0.0011201059009215417,0.9669526219367981,101.65946807221763,0.9928,0.5970802919708029,0.13383458646616542,0.07849541671056791,0.7368421052631579,0.75,0.6818181818181818,1.0,1.0,True,0.16839931901329372,0.9791491154170177,0.0010080953108293875,0.9676791429519653,91.49352126499588,0.9928,0.5965936739659368,0.13214285714285715,0.07791592034559056,0.7105263157894737,0.75,0.6363636363636364,1.0,1.0,True,0.20665048719527657,0.848832019044785,0.010345705412148057,0.9405698776245117,938.9638141943011,0.9936,0.6063260340632604,0.17763157894736842,0.11969234011168475,0.8421052631578947,0.8333333333333334,0.8181818181818182,1.0,1.0,XGBoost,fleet,40000,20000,14.27,B_fleet_size,CTT_Forester,FS-A,1,3,CIDv2_Prototype|CTT_Silverado|ROAD_ORNL
125812,27607,0.2194305789590818,0.6938533221844663,0.5362183347698585,98229,0.039665574882341466,True,0.12536675480856305,1.0,0.0,0.9827968453712779,0.0,0.992,0.5664233576642336,0.028383458646616542,0.0477294278790433,0.34210526315789475,0.4166666666666667,0.18181818181818182,1.0,1.0,True,0.1308726047741515,0.9986180210060807,5.09139045873428e-05,0.9769303125256439,4.620884912373529,0.992,0.5746958637469587,0.04736842105263158,0.04952059846170056,0.3684210526315789,0.4166666666666667,0.22727272727272727,1.0,1.0,True,0.13503821494548485,0.985461274121068,0.0005600529504607709,0.9709411395532254,50.82973403610882,0.992,0.5854014598540146,0.05996240601503759,0.0508903171425561,0.4473684210526316,0.5,0.3181818181818182,1.0,1.0,True,0.13467598797406455,0.9862068965517241,0.0005295046077083652,0.9714809287310258,48.0572030886847,0.992,0.5854014598540146,0.05902255639097744,0.05062690970393004,0.4473684210526316,0.5,0.3181818181818182,1.0,1.0,True,0.21411236280653456,0.8780451574569221,0.008360063133241688,0.7783108482740367,758.7493026117334,0.9952,0.6773722627737226,0.2986842105263158,0.08882098830470972,0.8947368421052632,0.8333333333333334,0.9090909090909091,1.0,1.0,HistGB,fleet,40000,20000,38.1,B_fleet_size,CTT_Forester,FS-A,0,3,CIDv2_Prototype|CTT_Traverse|ROAD_ORNL
125812,27607,0.2194305789590818,0.5954297171446282,0.4273015453110236,98229,0.039665574882341466,True,0.0679900025355888,1.0,0.0,0.9987046718597412,0.0,0.6752,0.26423357664233577,0.00037593984962406017,0.02570856600990412,0.23684210526315788,0.3333333333333333,0.045454545454545456,1.0,1.0,True,0.0718296084326439,0.9984894259818731,3.054834275240568e-05,0.9985288381576538,2.772530947424117,0.7144,0.27688564476885646,0.00037593984962406017,0.027341692129385736,0.23684210526315788,0.3333333333333333,0.045454545454545456,1.0,1.0,True,0.08233419060383236,0.9763745704467354,0.0005600529504607709,0.9979231953620911,50.82973403610882,0.8016,0.3172749391727494,0.0011278195488721805,0.03229375197555579,0.23684210526315788,0.3333333333333333,0.045454545454545456,1.0,1.0,True,0.0813924004781396,0.9786585365853658,0.0004989562649559595,0.9980061650276184,45.284672141260586,0.796,0.3143552311435523,0.0011278195488721805,0.03160889263512802,0.23684210526315788,0.3333333333333333,0.045454545454545456,1.0,1.0,True,0.20205020465823886,0.8862408643152209,0.00729087113690749,0.9124648571014404,661.7107194518894,0.9944,0.6681265206812652,0.31165413533834585,0.06869665999367822,0.8421052631578947,0.8333333333333334,0.8181818181818182,1.0,1.0,XGBoost,fleet,40000,20000,11.8,B_fleet_size,CTT_Forester,FS-A,0,3,CIDv2_Prototype|CTT_Traverse|ROAD_ORNL
125812,27607,0.2194305789590818,0.6802666333169249,0.5319917335093234,98229,0.039665574882341466,True,0.14449233889955446,1.0,0.0,0.9738186080565058,0.0,0.9928,0.5790754257907542,0.1031954887218045,0.05315562111474028,0.5,0.6666666666666666,0.3181818181818182,1.0,1.0,True,0.1527148911507951,0.9985788725722407,6.109668550481136e-05,0.9562833625636121,5.545061894848234,0.9928,0.5927007299270073,0.12481203007518797,0.0575808660836582,0.631578947368421,0.6666666666666666,0.5454545454545454,1.0,1.0,True,0.1670228565218966,0.9789808917197452,0.0010080953108293875,0.9236931564148103,91.49352126499588,0.9928,0.6170316301703163,0.1680451127819549,0.06363923717205774,0.7631578947368421,0.8333333333333334,0.6818181818181818,1.0,1.0,True,0.16597239830477778,0.9794784095767421,0.0009775469680769818,0.92567019825905,88.72099031757175,0.9928,0.6160583941605839,0.16484962406015038,0.06311242229480561,0.7368421052631579,0.8333333333333334,0.6363636363636364,1.0,1.0,True,0.2383453471945521,0.8686468646864687,0.010131867012881218,0.8012278659188224,919.5560975623322,0.9952,0.6754257907542579,0.29642857142857143,0.12490780739648087,0.8947368421052632,0.8333333333333334,0.9090909090909091,1.0,1.0,HistGB,fleet,40000,20000,84.98,B_fleet_size,CTT_Forester,FS-A,1,3,CIDv2_Prototype|CTT_Traverse|ROAD_ORNL
125812,27607,0.2194305789590818,0.6772032779200574,0.5490118333733023,98229,0.039665574882341466,True,0.13800847611113123,1.0,0.0,0.9909960627555847,0.0,0.9928,0.5576642335766423,0.062406015037593986,0.05747550310820777,0.47368421052631576,0.5833333333333334,0.3181818181818182,1.0,1.0,True,0.17517296337885319,0.9991735537190083,4.073112366987424e-05,0.9722177982330322,3.696707929898823,0.9936,0.5927007299270073,0.15225563909774437,0.08249920977768412,0.6052631578947368,0.6666666666666666,0.5,1.0,1.0,True,0.22237113775491724,0.986818839414885,0.000834988035232422,0.9404349327087402,75.78251256292587,0.9936,0.6053527980535279,0.24097744360902257,0.12490780739648087,0.7894736842105263,0.8333333333333334,0.7272727272727273,1.0,1.0,True,0.21983554895497517,0.9873108833577355,0.0007942569115625477,0.9426496624946594,72.08580463302704,0.9936,0.6043795620437956,0.23609022556390977,0.12269518491202192,0.7894736842105263,0.8333333333333334,0.7272727272727273,1.0,1.0,True,0.28844133734197847,0.8926129357695326,0.009755104118934882,0.8784870505332947,885.3615492107681,0.9952,0.6345498783454988,0.3462406015037594,0.18823095564218734,0.9210526315789473,0.8333333333333334,0.9545454545454546,1.0,1.0,XGBoost,fleet,40000,20000,9.28,B_fleet_size,CTT_Forester,FS-A,1,3,CIDv2_Prototype|CTT_Traverse|ROAD_ORNL
125812,27607,0.2194305789590818,0.6644712248717857,0.5289383785012975,98229,0.039665574882341466,True,0.13949360669395444,0.9997403946002077,1.018278091746856e-05,0.9751964568764803,0.9241769824747057,0.992,0.5435523114355231,0.11860902255639098,0.04546412390685913,0.5263157894736842,0.5,0.45454545454545453,1.0,1.0,True,0.15822074111638354,0.9963503649635036,0.00016292449467949696,0.9565569075430704,14.786831719595291,0.9936,0.5737226277372263,0.1475563909774436,0.06121588873669792,0.7368421052631579,0.6666666666666666,0.7272727272727273,1.0,1.0,True,0.19198029485275472,0.9773188272174074,0.0012524820528486329,0.9225942209283419,113.6737688443888,0.996,0.5873479318734793,0.1943609022556391,0.09556421873353703,0.8421052631578947,0.8333333333333334,0.8181818181818182,1.0,1.0,True,0.18951715144709674,0.978675645342312,0.001160837024591416,0.9249050458136829,105.35617600211647,0.996,0.5863746958637469,0.19229323308270677,0.0926667369086503,0.8421052631578947,0.8333333333333334,0.8181818181818182,1.0,1.0,True,0.25055239613141594,0.8990122173121913,0.007912020772873072,0.8684114796263727,718.0855153828464,0.996,0.5941605839416059,0.27838345864661657,0.15646401854388367,0.868421052631579,0.8333333333333334,0.8636363636363636,1.0,1.0,HistGB,fleet,40000,20000,37.9,B_fleet_size,CTT_Forester,FS-A,0,3,CIDv2_RenaultClio|CTT_Silverado|ROAD_ORNL
125812,27607,0.2194305789590818,0.6470066529278611,0.4900509133888228,98229,0.039665574882341466,True,0.10975477234034846,1.0,0.0,0.9917124509811401,0.0,0.972,0.3795620437956204,0.0806390977443609,0.0319249815614793,0.2894736842105263,0.5,0.09090909090909091,1.0,0.5,True,0.1358713369797515,0.9989347536617843,4.073112366987424e-05,0.9839277863502502,3.696707929898823,0.9864,0.5138686131386861,0.11015037593984962,0.046148983247286904,0.5263157894736842,0.5833333333333334,0.45454545454545453,1.0,0.5,True,0.1622776831962908,0.9813800657174151,0.0008655363779848277,0.9729828834533691,78.55504351034999,0.9912,0.5644768856447688,0.14548872180451128,0.06885470445685386,0.7631578947368421,0.8333333333333334,0.7272727272727273,1.0,0.5,True,0.16137211576774008,0.9825760917512131,0.0008044396924800163,0.9734381437301636,73.00998161550176,0.9912,0.5644768856447688,0.14492481203007518,0.06769571172689917,0.7631578947368421,0.8333333333333334,0.7272727272727273,1.0,0.5,True,0.21110587894374616,0.8756009615384616,0.008431342599663967,0.9554830193519592,765.2185414890563,0.9936,0.5897810218978102,0.21278195488721804,0.11811189547992836,0.9210526315789473,0.9166666666666666,0.9090909090909091,1.0,1.0,XGBoost,fleet,40000,20000,19.63,B_fleet_size,CTT_Forester,FS-A,0,3,CIDv2_RenaultClio|CTT_Silverado|ROAD_ORNL
125812,27607,0.2194305789590818,0.6602921823705117,0.5360348013917416,98229,0.039665574882341466,True,0.12837323867135148,0.9988726042841037,4.073112366987424e-05,0.9851292721034527,3.696707929898823,0.9936,0.5391727493917275,0.07067669172932331,0.04309345695922453,0.4473684210526316,0.5833333333333334,0.3181818181818182,1.0,0.5,True,0.14061651030535735,0.995895330938943,0.00016292449467949696,0.9755509451446891,14.786831719595291,0.9936,0.5698296836982968,0.09530075187969925,0.05067959119165525,0.5526315789473685,0.75,0.36363636363636365,1.0,1.0,True,0.18364907451008802,0.9833204034134988,0.0008757191589022962,0.9465948292388272,79.4792204928247,0.996,0.5912408759124088,0.14342105263157895,0.09730270782846907,0.868421052631579,0.8333333333333334,0.8636363636363636,1.0,1.0,True,0.181113485710146,0.983477576711251,0.0008553535970673591,0.9477968156305733,77.63086652787528,0.9952,0.5912408759124088,0.13984962406015036,0.09466863344220841,0.8157894736842105,0.8333333333333334,0.7727272727272727,1.0,1.0,True,0.26844640851957835,0.8949402246105543,0.008859019398197648,0.8975518558154995,804.033974752994,0.9968,0.6019464720194647,0.2588345864661654,0.18707196291223263,0.9210526315789473,0.9166666666666666,0.9090909090909091,1.0,1.0,HistGB,fleet,40000,20000,34.74,B_fleet_size,CTT_Forester,FS-A,1,3,CIDv2_RenaultClio|CTT_Silverado|ROAD_ORNL
125812,27607,0.2194305789590818,0.6430105419630503,0.5014481892234388,98229,0.039665574882341466,True,0.12514941862571088,0.9985549132947977,5.09139045873428e-05,0.9781002998352051,4.620884912373529,0.9904,0.5591240875912409,0.020676691729323307,0.0504688652407544,0.34210526315789475,0.5833333333333334,0.13636363636363635,1.0,0.5,True,0.14257253595102692,0.9962034927866363,0.0001527417137620284,0.9664985537528992,13.862654737120586,0.9928,0.5815085158150851,0.046052631578947366,0.06611526709514276,0.47368421052631576,0.6666666666666666,0.2727272727272727,1.0,1.0,True,0.1772738798130909,0.982139273530002,0.0009062675016547019,0.9433939456939697,82.25175144024882,0.9928,0.591727493917275,0.09097744360902256,0.10288694552734169,0.7105263157894737,0.8333333333333334,0.5909090909090909,1.0,1.0,True,0.1757887492302677,0.9823886639676114,0.0008859019398197648,0.9443519115447998,80.4033974752994,0.9928,0.5907542579075425,0.0900375939849624,0.10109577494468444,0.7105263157894737,0.8333333333333334,0.5909090909090909,1.0,1.0,True,0.23649798964030863,0.8742635243706481,0.009561631281502978,0.903863787651062,867.8021865437487,0.9936,0.6004866180048661,0.16691729323308271,0.16673690865030028,0.8947368421052632,0.9166666666666666,0.8636363636363636,1.0,1.0,XGBoost,fleet,40000,20000,9.12,B_fleet_size,CTT_Forester,FS-A,1,3,CIDv2_RenaultClio|CTT_Silverado|ROAD_ORNL
125812,27607,0.2194305789590818,0.5331056723631649,0.31148631928899734,98229,0.039665574882341466,True,0.03006483862788423,1.0,0.0,0.9999688318832023,0.0,0.228,0.18394160583941604,0.0,0.008797808450110632,0.18421052631578946,0.25,0.0,1.0,1.0,True,0.044843699061832144,0.99597747385358,5.09139045873428e-05,0.99995732270628,4.620884912373529,0.3464,0.2773722627737226,0.0,0.01238014961542514,0.23684210526315788,0.4166666666666667,0.0,1.0,1.0,True,0.05929655522150179,0.9386467889908257,0.001089557558169136,0.9999411665168663,98.88693712479352,0.4136,0.3785888077858881,0.0,0.01801706880202297,0.23684210526315788,0.4166666666666667,0.0,1.0,1.0,True,0.058390987792951064,0.9482352941176471,0.0008960847207372334,0.9999421274772848,81.3275744577741,0.4088,0.37420924574209247,0.0,0.017490253924770837,0.23684210526315788,0.4166666666666667,0.0,1.0,1.0,True,0.0834933169123773,0.6913617276544691,0.01047808156407515,0.9999154814885907,950.9781149664723,0.5888,0.47883211678832116,0.0015037593984962407,0.030397218417448107,0.39473684210526316,0.5833333333333334,0.18181818181818182,1.0,1.0,HistGB,fleet,40000,20000,32.33,B_fleet_size,CTT_Forester,FS-A,0,3,CTT_Impala|CTT_Silverado|CTT_Traverse
125812,27607,0.2194305789590818,0.5110340819838756,0.30133320842842365,98229,0.039665574882341466,True,0.04151121092476546,0.999128160418483,1.018278091746856e-05,0.9999953508377075,0.9241769824747057,0.4248,0.17323600973236009,0.0,0.01364450532083026,0.18421052631578946,0.25,0.0,1.0,1.0,True,0.04676350201035969,0.9915514592933948,0.00011201059009215417,0.9999943971633911,10.165946807221763,0.4568,0.20145985401459854,0.0,0.01612053524391529,0.23684210526315788,0.4166666666666667,0.0,1.0,1.0,True,0.05944144601006991,0.9447322970639033,0.0009775469680769818,0.9999926090240479,88.72099031757175,0.5576,0.25985401459854013,0.0,0.021599409967337477,0.2631578947368421,0.5,0.0,1.0,1.0,True,0.05849965588437715,0.9505591524426134,0.0008553535970673591,0.9999927282333374,77.63086652787528,0.5512,0.2545012165450122,0.0,0.021230639553260985,0.2631578947368421,0.5,0.0,1.0,1.0,True,0.08273264027239469,0.6715671861217289,0.011374166284812382,0.9999896287918091,1032.3056894242463,0.7168,0.3542579075425791,0.0013157894736842105,0.03440101148456432,0.39473684210526316,0.75,0.09090909090909091,1.0,1.0,XGBoost,fleet,40000,20000,12.23,B_fleet_size,CTT_Forester,FS-A,0,3,CTT_Impala|CTT_Silverado|CTT_Traverse
125812,27607,0.2194305789590818,0.5038134274784858,0.3144759694048976,98229,0.039665574882341466,True,0.04372079545042924,0.9958745874587459,5.09139045873428e-05,0.9999630421145762,4.620884912373529,0.428,0.24574209245742093,0.0,0.008797808450110632,0.21052631578947367,0.3333333333333333,0.0,1.0,1.0,True,0.0589343282500815,0.974251497005988,0.0004378595794511481,0.9999529272719713,39.73961024641235,0.5824,0.32068126520681267,0.0,0.012643557054051206,0.23684210526315788,0.4166666666666667,0.0,1.0,1.0,True,0.07465497880972218,0.916814946619217,0.0019041800315666207,0.999940680239504,172.82109572276997,0.7208,0.4024330900243309,0.0,0.01754293541249605,0.2894736842105263,0.5833333333333334,0.0,1.0,1.0,True,0.0741840837468758,0.9233543733092876,0.0017310727559696553,0.9999411558046949,157.11008702069998,0.7168,0.4,0.0,0.01738489094932041,0.2894736842105263,0.5833333333333334,0.0,1.0,1.0,True,0.0997573079291484,0.6970387243735763,0.012188788758209867,0.9999206786648807,1106.2398480222228,0.8752,0.4958637469586375,0.0016917293233082707,0.03329470024233484,0.39473684210526316,0.5833333333333334,0.18181818181818182,1.0,1.0,HistGB,fleet,40000,20000,39.66,B_fleet_size,CTT_Forester,FS-A,1,3,CTT_Impala|CTT_Silverado|CTT_Traverse
125812,27607,0.2194305789590818,0.5900869902982537,0.4065938570212673,98229,0.039665574882341466,True,0.07733545839823233,1.0,0.0,0.9999912977218628,0.0,0.8744,0.30656934306569344,0.0,0.021704772942787904,0.2631578947368421,0.5,0.0,1.0,1.0,True,0.09258521389502662,0.9964912280701754,9.164502825721705e-05,0.9999885559082031,8.31759284227235,0.9544,0.3995133819951338,0.002255639097744361,0.02792118849436308,0.34210526315789475,0.5833333333333334,0.09090909090909091,1.0,1.0,True,0.11033433549462093,0.9663705583756346,0.0010793747772516675,0.9999841451644897,97.96276014231881,0.984,0.4871046228710462,0.010150375939849625,0.040090612158887366,0.47368421052631576,0.75,0.22727272727272727,1.0,1.0,True,0.10874053682037164,0.9702650290885585,0.0009368158444071076,0.9999845027923584,85.02428238767294,0.984,0.48175182481751827,0.007894736842105263,0.03898430091665789,0.4473684210526316,0.75,0.18181818181818182,1.0,1.0,True,0.1450356793566849,0.8108545970028351,0.009510717376915636,0.9999772310256958,863.1813016313753,0.992,0.5615571776155718,0.032518796992481204,0.0757032978611316,0.631578947368421,0.9166666666666666,0.4090909090909091,1.0,1.0,XGBoost,fleet,40000,20000,12.58,B_fleet_size,CTT_Forester,FS-A,1,3,CTT_Impala|CTT_Silverado|CTT_Traverse
125812,27607,0.2194305789590818,0.46998996367009727,0.32606289272948386,98229,0.039665574882341466,True,0.016771108776759518,1.0,0.0,0.9999613807709598,0.0,0.096,0.15231143552311435,0.00018796992481203009,0.0015277631440311875,0.23684210526315788,0.3333333333333333,0.045454545454545456,1.0,1.0,True,0.06172347593001775,0.9959088252483927,7.127946642227993e-05,0.9999080291796956,6.46923887732294,0.3408,0.5557177615571777,0.00037593984962406017,0.00705931935517859,0.2894736842105263,0.5,0.045454545454545456,1.0,1.0,True,0.09570036584924113,0.9659963436928702,0.0009469986253245762,0.9997973357301772,85.94845937014765,0.832,0.6165450121654501,0.0016917293233082707,0.017174164998419554,0.3684210526315789,0.5833333333333334,0.13636363636363635,1.0,1.0,True,0.09501213460354258,0.9686115214180206,0.0008655363779848277,0.9998004354118659,78.55504351034999,0.8224,0.6155717761557178,0.0016917293233082707,0.016910757559793488,0.3684210526315789,0.5833333333333334,0.13636363636363635,1.0,1.0,True,0.11866555583728765,0.7761194029850746,0.00962272796700779,0.9996674088063625,873.3472484385969,0.9656,0.6530413625304137,0.012969924812030076,0.03466441892319039,0.4473684210526316,0.5833333333333334,0.2727272727272727,1.0,1.0,HistGB,fleet,40000,15484,45.97,B_fleet_size,CTT_Forester,FS-A,0,4,CIDv2_OpelAstra|CIDv2_Prototype|CIDv2_RenaultClio|CTT_Impala
125812,27607,0.2194305789590818,0.6617101348899048,0.43282009317385123,98229,0.039665574882341466,True,0.026841018582243633,1.0,0.0,0.9999860525131226,0.0,0.2688,0.1683698296836983,0.0005639097744360903,0.002950163312611948,0.2894736842105263,0.5,0.045454545454545456,1.0,1.0,True,0.03698337378201181,0.9980449657869013,2.036556183493712e-05,0.9999834299087524,1.8483539649494114,0.3232,0.25158150851581507,0.002255639097744361,0.0046359709198187755,0.2894736842105263,0.5,0.045454545454545456,1.0,1.0,True,0.06835222950700909,0.9583544946673438,0.000834988035232422,0.999972939491272,75.78251256292587,0.544,0.459367396593674,0.010714285714285714,0.010852386471393952,0.39473684210526316,0.75,0.09090909090909091,1.0,1.0,True,0.0674828847756004,0.9603092783505155,0.0007840741306450791,0.9999732971191406,71.16162765055233,0.5352,0.45498783454987834,0.010338345864661654,0.010747023495943525,0.39473684210526316,0.75,0.09090909090909091,1.0,1.0,True,0.11218169304886441,0.777359437751004,0.009032126673794614,0.9999490976333618,819.7449834550641,0.8544,0.591727493917275,0.034210526315789476,0.03324201875460963,0.6842105263157895,0.9166666666666666,0.5,1.0,1.0,XGBoost,fleet,40000,15484,13.36,B_fleet_size,CTT_Forester,FS-A,0,4,CIDv2_OpelAstra|CIDv2_Prototype|CIDv2_RenaultClio|CTT_Impala
125812,27607,0.2194305789590818,0.5611271167383907,0.36789310763327415,98229,0.039665574882341466,True,0.0009780128228347883,1.0,0.0,0.9999782150211092,0.0,0.0024,0.01167883211678832,0.0,0.0,0.07894736842105263,0.0,0.0,0.5,1.0,True,0.05179845691310175,0.9944367176634215,8.146224733974848e-05,0.9999198338209889,7.393415859797646,0.5904,0.2905109489051095,0.00018796992481203009,0.004952059846170056,0.3157894736842105,0.5833333333333334,0.045454545454545456,1.0,1.0,True,0.10721918354040642,0.9644835451287064,0.0011099231200040732,0.9996969564750233,100.73529108974293,0.992,0.5897810218978102,0.008834586466165414,0.02428616584132336,0.3684210526315789,0.6666666666666666,0.09090909090909091,1.0,1.0,True,0.10649472959756584,0.9674234945705824,0.0010080953108293875,0.9997029455838811,91.49352126499588,0.992,0.5883211678832116,0.008646616541353383,0.023443262037719945,0.3684210526315789,0.6666666666666666,0.09090909090909091,1.0,1.0,True,0.13192306299127032,0.7939829954218444,0.00962272796700779,0.99948649709338,873.3472484385969,0.9944,0.6360097323600973,0.02424812030075188,0.050732272679380463,0.631578947368421,0.8333333333333334,0.45454545454545453,1.0,1.0,HistGB,fleet,40000,15484,30.34,B_fleet_size,CTT_Forester,FS-A,1,4,CIDv2_OpelAstra|CIDv2_Prototype|CIDv2_RenaultClio|CTT_Impala
125812,27607,0.2194305789590818,0.5200834126406797,0.2521013053060299,98229,0.039665574882341466,True,0.00047089506284637956,1.0,0.0,0.9999970197677612,0.0,0.0096,0.0,0.0,5.268148772521336e-05,0.07894736842105263,0.08333333333333333,0.0,1.0,0.0,True,0.002390698011373927,0.8918918918918919,8.146224733974848e-05,0.999995231628418,7.393415859797646,0.048,0.00145985401459854,0.0,0.00015804446317564007,0.15789473684210525,0.16666666666666666,0.0,1.0,1.0,True,0.008693447314087006,0.6837606837606838,0.0011302886818390103,0.9999922513961792,102.58364505469234,0.1496,0.007785888077858881,0.0018796992481203006,0.0014224001685807608,0.2894736842105263,0.5,0.045454545454545456,1.0,1.0,True,0.008186329554098598,0.6848484848484848,0.0010590092154167303,0.9999923706054688,96.1144061773694,0.1448,0.0072992700729927005,0.0016917293233082707,0.0011063112422294806,0.2894736842105263,0.5,0.045454545454545456,1.0,1.0,True,0.03100662875357699,0.4570208222103577,0.010355888193065526,0.9999865293502808,939.8879911767757,0.4504,0.044282238442822384,0.012781954887218045,0.00705931935517859,0.39473684210526316,0.5833333333333334,0.18181818181818182,1.0,1.0,XGBoost,fleet,40000,15484,8.59,B_fleet_size,CTT_Forester,FS-A,1,4,CIDv2_OpelAstra|CIDv2_Prototype|CIDv2_RenaultClio|CTT_Impala
125812,27607,0.2194305789590818,0.6063199796583395,0.4492788043553452,98229,0.039665574882341466,True,0.01793023508530445,1.0,0.0,0.9999942799193106,0.0,0.0,0.2321167883211679,0.0,0.0009482667790538404,0.13157894736842105,0.25,0.0,0.0,1.0,True,0.06433151012424385,0.9983136593591906,3.054834275240568e-05,0.999981870022472,2.772530947424117,0.448,0.5279805352798054,0.00037593984962406017,0.006795911916552523,0.2894736842105263,0.5,0.045454545454545456,1.0,1.0,True,0.1393487159053863,0.9697504411394,0.0012219337100962272,0.9999400436526887,110.90123789696469,0.9928,0.6335766423357664,0.03383458646616541,0.05921399220313982,0.6842105263157895,0.8333333333333334,0.5454545454545454,1.0,1.0,True,0.13782736262542108,0.9711587544665645,0.0011506542436739474,0.9999408326929328,104.43199901964176,0.992,0.6301703163017032,0.033270676691729326,0.0575808660836582,0.6842105263157895,0.8333333333333334,0.5454545454545454,1.0,1.0,True,0.18712645343572282,0.8435662965382104,0.009755104118934882,0.9999176441095342,885.3615492107681,0.996,0.6661800486618005,0.08139097744360903,0.1116320724897271,0.8421052631578947,0.9166666666666666,0.7727272727272727,1.0,1.0,HistGB,fleet,40000,20000,28.52,B_fleet_size,CTT_Forester,FS-A,0,4,CIDv2_OpelAstra|CIDv2_Prototype|CTT_Impala|CTT_Silverado
125812,27607,0.2194305789590818,0.6802084805900499,0.5039865987709606,98229,0.039665574882341466,True,0.08454377512949614,0.998289136013687,4.073112366987424e-05,0.9999932050704956,3.696707929898823,0.9184,0.4335766423357664,0.00018796992481203009,0.015488357391212728,0.34210526315789475,0.6666666666666666,0.045454545454545456,1.0,1.0,True,0.09780128228347883,0.9933774834437086,0.0001832900565144341,0.9999908208847046,16.6351856845447,0.968,0.49245742092457423,0.0033834586466165413,0.024233484353598147,0.3684210526315789,0.6666666666666666,0.09090909090909091,1.0,1.0,True,0.12898902452276598,0.968452542833832,0.0011812025864263531,0.9999862909317017,107.20452996706588,0.9912,0.5746958637469587,0.02913533834586466,0.051943946897060375,0.6578947368421053,0.8333333333333334,0.5,1.0,1.0,True,0.12721411236280653,0.9701657458563536,0.0010997403390866046,0.9999865293502808,99.81111410726822,0.9912,0.5722627737226277,0.027819548872180452,0.04999473185122748,0.631578947368421,0.8333333333333334,0.45454545454545453,1.0,1.0,True,0.19792081718404753,0.843079771640179,0.010355888193065526,0.9999784231185913,939.8879911767757,0.992,0.6418491484184915,0.0793233082706767,0.13080813402170477,0.7894736842105263,0.9166666666666666,0.6818181818181818,1.0,1.0,XGBoost,fleet,40000,20000,12.3,B_fleet_size,CTT_Forester,FS-A,0,4,CIDv2_OpelAstra|CIDv2_Prototype|CTT_Impala|CTT_Silverado
125812,27607,0.2194305789590818,0.6057088152853003,0.4338225488632861,98229,0.039665574882341466,True,0.031767305393559604,1.0,0.0,0.9999875240854852,0.0,0.2128,0.2846715328467153,0.00018796992481203009,0.001317037193130334,0.21052631578947367,0.25,0.045454545454545456,1.0,1.0,True,0.08918028036367588,0.9975688816855753,6.109668550481136e-05,0.999956082361772,5.545061894848234,0.992,0.5177615571776155,0.006766917293233083,0.00642714150247603,0.39473684210526316,0.8333333333333334,0.045454545454545456,1.0,1.0,True,0.12402651501430796,0.94716459197787,0.001944911155236495,0.9999115306632002,176.5178036526688,0.9984,0.5737226277372263,0.03853383458646616,0.041723738278368984,0.5789473684210527,0.8333333333333334,0.36363636363636365,1.0,1.0,True,0.1231933929800413,0.9489397321428571,0.0018634489078967467,0.9999125498257071,169.12438779287115,0.9984,0.572749391727494,0.037406015037593984,0.04093351596249078,0.5526315789473685,0.8333333333333334,0.3181818181818182,1.0,1.0,True,0.17520918607599523,0.7759063201796599,0.014225344941703579,0.999863466919848,1291.0752445171638,0.9984,0.6043795620437956,0.0924812030075188,0.09772415973027078,0.7105263157894737,0.8333333333333334,0.5909090909090909,1.0,1.0,HistGB,fleet,40000,20000,35.5,B_fleet_size,CTT_Forester,FS-A,1,4,CIDv2_OpelAstra|CIDv2_Prototype|CTT_Impala|CTT_Silverado
125812,27607,0.2194305789590818,0.6160861960546207,0.4500369799197902,98229,0.039665574882341466,True,0.08867316260368747,1.0,0.0,0.9999943971633911,0.0,0.9904,0.25012165450121654,0.009210526315789473,0.03408492255821304,0.42105263157894735,0.5833333333333334,0.22727272727272727,1.0,1.0,True,0.1049733763176006,0.9982776438167413,5.09139045873428e-05,0.9999933242797852,4.620884912373529,0.9912,0.3172749391727494,0.017669172932330827,0.0480981982931198,0.47368421052631576,0.6666666666666666,0.2727272727272727,1.0,1.0,True,0.14297098561958924,0.9762552559980213,0.0009775469680769818,0.9999909400939941,88.72099031757175,0.9936,0.4257907542579075,0.04943609022556391,0.08255189126540934,0.7105263157894737,0.8333333333333334,0.5909090909090909,1.0,1.0,True,0.1411960734596298,0.9771872649786914,0.0009266330634896391,0.9999910593032837,84.10010540519822,0.9936,0.42141119221411194,0.04755639097744361,0.08097144663365294,0.7105263157894737,0.8333333333333334,0.5909090909090909,1.0,1.0,True,0.19274097149273736,0.8464842507158765,0.009826383585357161,0.9999873638153076,891.8307880880911,0.9944,0.5158150851581509,0.10507518796992481,0.12954377831629965,0.7368421052631579,0.9166666666666666,0.5909090909090909,1.0,1.0,XGBoost,fleet,40000,20000,10.64,B_fleet_size,CTT_Forester,FS-A,1,4,CIDv2_OpelAstra|CIDv2_Prototype|CTT_Impala|CTT_Silverado
125812,27607,0.2194305789590818,0.6384147820531805,0.4521004560732751,98229,0.039665574882341466,True,0.09772883688919477,1.0,0.0,0.9811959405138576,0.0,0.9936,0.32652068126520684,0.04887218045112782,0.027657781055737015,0.2631578947368421,0.25,0.13636363636363635,1.0,1.0,True,0.11920889629441808,0.9975750227341619,8.146224733974848e-05,0.9624851087528153,7.393415859797646,0.9952,0.42871046228710463,0.09530075187969925,0.0347171004109156,0.5,0.5,0.4090909090909091,1.0,1.0,True,0.1392038251168182,0.9741444866920153,0.0010386436535817932,0.9241959832593019,94.26605221241999,0.9952,0.49148418491484186,0.1319548872180451,0.04672847961226425,0.7631578947368421,0.8333333333333334,0.6818181818181818,1.0,1.0,True,0.1374651356540008,0.9765826042202779,0.0009266330634896391,0.9272695192792147,84.10010540519822,0.9952,0.48905109489051096,0.12857142857142856,0.04541144241913392,0.7631578947368421,0.8333333333333334,0.6818181818181818,1.0,1.0,True,0.18060636795015758,0.8432267884322678,0.009439437910493356,0.850977630797349,856.7120627540522,0.9976,0.551338199513382,0.1911654135338346,0.08371088399536403,0.868421052631579,0.9166666666666666,0.8181818181818182,1.0,1.0,HistGB,fleet,40000,20000,34.15,B_fleet_size,CTT_Forester,FS-A,0,4,CIDv2_OpelAstra|CTT_Impala|CTT_Silverado|ROAD_ORNL
125812,27607,0.2194305789590818,0.6138729154896849,0.4074332819738863,98229,0.039665574882341466,True,0.08921650306081791,0.9995941558441559,1.018278091746856e-05,0.9800251126289368,0.9241769824747057,0.9936,0.24963503649635035,0.02575187969924812,0.030081129491096828,0.23684210526315788,0.3333333333333333,0.09090909090909091,1.0,0.5,True,0.10406780888904987,0.9975694444444444,7.127946642227993e-05,0.9698947668075562,6.46923887732294,0.9936,0.33041362530413626,0.057518796992481205,0.03403224107048783,0.2894736842105263,0.3333333333333333,0.18181818181818182,1.0,0.5,True,0.125330532111421,0.9749225133840519,0.0009062675016547019,0.946430504322052,82.25175144024882,0.9944,0.4272506082725061,0.10526315789473684,0.041038878937941205,0.6052631578947368,0.75,0.45454545454545453,1.0,1.0,True,0.12409896040859203,0.9780188409934342,0.0007840741306450791,0.9482085704803467,71.16162765055233,0.9944,0.424330900243309,0.10244360902255639,0.04035401959751343,0.5789473684210527,0.6666666666666666,0.45454545454545453,1.0,1.0,True,0.1502517477451371,0.8096818270544602,0.009928211394531847,0.9025800824165344,901.0725579128382,0.9944,0.502676399026764,0.15902255639097745,0.054051206406068905,0.7894736842105263,0.9166666666666666,0.6818181818181818,1.0,1.0,XGBoost,fleet,40000,20000,9.84,B_fleet_size,CTT_Forester,FS-A,0,4,CIDv2_OpelAstra|CTT_Impala|CTT_Silverado|ROAD_ORNL
125812,27607,0.2194305789590818,0.6254489990132159,0.4107524050992261,98229,0.039665574882341466,True,0.08041438765530481,1.0,0.0,0.9902203338593979,0.0,0.9944,0.23065693430656933,0.009210526315789473,0.023917395427246864,0.23684210526315788,0.25,0.09090909090909091,1.0,1.0,True,0.10059042996341508,0.9971274685816877,8.146224733974848e-05,0.9827770176527567,7.393415859797646,0.9952,0.35474452554744523,0.034398496240601505,0.0327152038773575,0.2894736842105263,0.4166666666666667,0.09090909090909091,1.0,1.0,True,0.119100228202992,0.9710572947430597,0.000997912529911919,0.9720652681357085,90.56934428252117,0.9968,0.4369829683698297,0.07631578947368421,0.03887893794120746,0.5263157894736842,0.5833333333333334,0.4090909090909091,1.0,1.0,True,0.1187380012315717,0.9741456166419019,0.0008859019398197648,0.9727026530594687,80.4033974752994,0.9968,0.43552311435523117,0.07537593984962405,0.038773574965757035,0.5263157894736842,0.5833333333333334,0.4090909090909091,1.0,1.0,True,0.14090629188249357,0.8441840277777778,0.007311236698742426,0.9485303228492418,663.5590734168388,0.9984,0.4929440389294404,0.1317669172932331,0.048888420608998,0.6842105263157895,0.75,0.5909090909090909,1.0,1.0,HistGB,fleet,40000,20000,36.0,B_fleet_size,CTT_Forester,FS-A,1,4,CIDv2_OpelAstra|CTT_Impala|CTT_Silverado|ROAD_ORNL
125812,27607,0.2194305789590818,0.5819543651666921,0.4075972052752697,98229,0.039665574882341466,True,0.10276379179193683,0.9996476391825229,1.018278091746856e-05,0.9588258266448975,0.9241769824747057,0.9944,0.3644768856447689,0.02669172932330827,0.03703508587082499,0.34210526315789475,0.5,0.13636363636363635,1.0,1.0,True,0.12203426667149636,0.9958616612474135,0.00014255893284455986,0.9274502992630005,12.93847775464588,0.9944,0.459367396593674,0.07218045112781955,0.04203982720472026,0.5789473684210527,0.5833333333333334,0.5,1.0,1.0,True,0.13583511428260947,0.9699948266942576,0.0011812025864263531,0.8947239518165588,107.20452996706588,0.9952,0.4997566909975669,0.11315789473684211,0.04620166473501212,0.7105263157894737,0.75,0.6363636363636364,1.0,1.0,True,0.1349657695512008,0.9723382045929019,0.0010793747772516675,0.8970039486885071,97.96276014231881,0.9952,0.49878345498783455,0.11033834586466165,0.045832894320935624,0.7105263157894737,0.75,0.6363636363636364,1.0,1.0,True,0.16245879668200094,0.8235402130003673,0.009785652461687286,0.8240734338760376,888.1340801581921,0.996,0.540632603406326,0.18421052631578946,0.06053102939627015,0.8157894736842105,0.8333333333333334,0.7727272727272727,1.0,1.0,XGBoost,fleet,40000,20000,8.8,B_fleet_size,CTT_Forester,FS-A,1,4,CIDv2_OpelAstra|CTT_Impala|CTT_Silverado|ROAD_ORNL
125812,27607,0.2194305789590818,0.6703967161023953,0.5073917624420565,98229,0.039665574882341466,True,0.135219328431195,0.9997321906802357,1.018278091746856e-05,0.8966223945885481,0.9241769824747057,0.9928,0.5454987834549878,0.09774436090225563,0.04483194605415657,0.3684210526315789,0.4166666666666667,0.22727272727272727,1.0,1.0,True,0.14239142246531677,0.9969566320060868,0.00012219337100962272,0.8167987881663922,11.090123789696468,0.9928,0.570316301703163,0.11090225563909774,0.048888420608998,0.5,0.5833333333333334,0.36363636363636365,1.0,1.0,True,0.15481580758503277,0.9854738298362924,0.0006415151978005193,0.7283840246815187,58.22314989590647,0.9936,0.5873479318734793,0.1424812030075188,0.056211147402802655,0.6842105263157895,0.8333333333333334,0.5454545454545454,1.0,1.0,True,0.15401890824790815,0.9865429234338747,0.0005906012932131766,0.7334856924470559,53.60226498353294,0.9936,0.5873479318734793,0.13984962406015036,0.05578969550100095,0.6842105263157895,0.8333333333333334,0.5454545454545454,1.0,1.0,True,0.1986452711268881,0.8645751221819329,0.008747008808105493,0.5510176076631802,793.8680279457722,0.9952,0.6053527980535279,0.23834586466165414,0.09103361078916869,0.8157894736842105,0.8333333333333334,0.7727272727272727,1.0,1.0,HistGB,fleet,40000,20000,56.17,B_fleet_size,CTT_Forester,FS-A,0,4,CIDv2_OpelAstra|CTT_Silverado|CTT_Traverse|ROAD_ORNL
125812,27607,0.2194305789590818,0.5339154850613907,0.3687370688231188,98229,0.039665574882341466,True,0.102981127974789,0.999648382559775,1.018278091746856e-05,0.9733635783195496,0.9241769824747057,0.984,0.35036496350364965,0.034398496240601505,0.037403856284901484,0.2631578947368421,0.4166666666666667,0.09090909090909091,1.0,0.5,True,0.11442750027167023,0.9984197218710493,5.09139045873428e-05,0.9629261493682861,4.620884912373529,0.9888,0.39659367396593675,0.06315789473684211,0.04067010852386471,0.3684210526315789,0.4166666666666667,0.22727272727272727,1.0,1.0,True,0.1297859238598906,0.9754968690443779,0.0009164502825721705,0.9431484937667847,83.17592842272352,0.9912,0.45888077858880777,0.10488721804511278,0.04441049415235486,0.5789473684210527,0.5833333333333334,0.5,1.0,1.0,True,0.129025247219908,0.9761578514661551,0.0008859019398197648,0.9438903331756592,80.4033974752994,0.9912,0.45644768856447687,0.10263157894736842,0.04419976820145401,0.5789473684210527,0.5833333333333334,0.5,1.0,1.0,True,0.15119353787082987,0.8195562536815236,0.009357975663153608,0.9031779170036316,849.3186468942546,0.9928,0.5299270072992701,0.16409774436090224,0.05115372458118217,0.7368421052631579,0.8333333333333334,0.6363636363636364,1.0,1.0,XGBoost,fleet,40000,20000,13.69,B_fleet_size,CTT_Forester,FS-A,0,4,CIDv2_OpelAstra|CTT_Silverado|CTT_Traverse|ROAD_ORNL
125812,27607,0.2194305789590818,0.7359098146278531,0.6068477320447441,98229,0.039665574882341466,True,0.14771615894519505,0.9992648860573389,3.054834275240568e-05,0.7486175952425852,2.772530947424117,0.9936,0.5922141119221411,0.10751879699248121,0.05515751764829839,0.5,0.5,0.4090909090909091,1.0,1.0,True,0.1548520302821748,0.9976662777129521,0.0001018278091746856,0.6904348014267889,9.241769824747058,0.9936,0.5990267639902677,0.11484962406015038,0.06274365188072911,0.5263157894736842,0.5,0.45454545454545453,1.0,1.0,True,0.20331799905820988,0.9852553975776724,0.0008553535970673591,0.5231422368892038,77.63086652787528,0.9944,0.6131386861313869,0.181203007518797,0.11305447265830787,0.8421052631578947,0.75,0.8636363636363636,1.0,1.0,True,0.2002752924982794,0.9860888175494917,0.0007942569115625477,0.5295452769663794,72.08580463302704,0.9944,0.6116788321167883,0.17819548872180452,0.109630175956169,0.7894736842105263,0.75,0.7727272727272727,1.0,1.0,True,0.30774803491868,0.911685803197768,0.008380428695076625,0.32545810745978243,760.5976565766829,0.996,0.6408759124087591,0.34887218045112783,0.2148351069434201,0.9736842105263158,1.0,0.9545454545454546,1.0,1.0,HistGB,fleet,40000,20000,32.24,B_fleet_size,CTT_Forester,FS-A,1,4,CIDv2_OpelAstra|CTT_Silverado|CTT_Traverse|ROAD_ORNL
125812,27607,0.2194305789590818,0.6647125944388889,0.4979743912571013,98229,0.039665574882341466,True,0.1354728873111892,0.9994655264564404,2.036556183493712e-05,0.9288373589515686,1.8483539649494114,0.9936,0.5644768856447688,0.08289473684210526,0.04725529448951638,0.39473684210526316,0.4166666666666667,0.2727272727272727,1.0,1.0,True,0.14710037309378057,0.9970537687208446,0.00012219337100962272,0.8780065178871155,11.090123789696468,0.9952,0.5902676399026764,0.1193609022556391,0.05104836160573174,0.631578947368421,0.75,0.5,1.0,1.0,True,0.16093744340203572,0.976268951878708,0.0010997403390866046,0.8105578422546387,99.81111410726822,0.9952,0.5980535279805352,0.162593984962406,0.058213043936360766,0.7368421052631579,0.8333333333333334,0.6363636363636364,1.0,1.0,True,0.16014054406491107,0.9785303231518371,0.0009877297489944504,0.8142802119255066,89.64516730004645,0.9952,0.5980535279805352,0.16033834586466164,0.057686229059108626,0.7368421052631579,0.8333333333333334,0.6363636363636364,1.0,1.0,True,0.2039700076067664,0.8552551640340219,0.009704190214347538,0.6767520308494568,880.7406642983944,0.996,0.6126520681265207,0.2639097744360902,0.09077020335054262,0.868421052631579,0.8333333333333334,0.8636363636363636,1.0,1.0,XGBoost,fleet,40000,20000,15.01,B_fleet_size,CTT_Forester,FS-A,1,4,CIDv2_OpelAstra|CTT_Silverado|CTT_Traverse|ROAD_ORNL
125812,27607,0.2194305789590818,0.6444354457878797,0.4986239638677683,98229,0.039665574882341466,True,0.09417901256927591,1.0,0.0,0.9999740295946878,0.0,0.976,0.5012165450121655,0.0015037593984962407,0.01801706880202297,0.2631578947368421,0.3333333333333333,0.09090909090909091,1.0,1.0,True,0.13329952548266744,0.9970197778379842,0.00011201059009215417,0.9999545403012293,10.165946807221763,0.9928,0.6111922141119221,0.04379699248120301,0.05004741333895269,0.6052631578947368,0.75,0.45454545454545453,1.0,1.0,True,0.17325316043032565,0.9789193614408515,0.0010488264344992618,0.9999414996135492,95.1902291948947,0.9976,0.6559610705596107,0.09511278195488722,0.08861026235380887,0.8421052631578947,0.9166666666666666,0.7727272727272727,1.0,1.0,True,0.1709711305103778,0.9800664451827242,0.0009775469680769818,0.9999421682584099,88.72099031757175,0.9968,0.654014598540146,0.09266917293233083,0.08623959540617428,0.8421052631578947,0.9166666666666666,0.7727272727272727,1.0,1.0,True,0.23160792552613468,0.8685139907633795,0.009856931928109566,0.9999253098672137,894.6033190355151,0.9992,0.6948905109489051,0.16109022556390978,0.1506690548941102,0.868421052631579,0.9166666666666666,0.8181818181818182,1.0,1.0,HistGB,fleet,40000,20000,37.26,B_fleet_size,CTT_Forester,FS-A,0,4,CIDv2_Prototype|CTT_Impala|CTT_Silverado|CTT_Traverse
125812,27607,0.2194305789590818,0.5483079143631409,0.38252697727215657,98229,0.039665574882341466,True,0.09138986488933966,1.0,0.0,0.9999881982803345,0.0,0.8496,0.5236009732360097,0.0,0.020282372774207143,0.23684210526315788,0.4166666666666667,0.0,1.0,1.0,True,0.11200057956315428,0.9993535875888817,2.036556183493712e-05,0.9999802112579346,1.8483539649494114,0.984,0.6291970802919709,0.00018796992481203009,0.029923085027921188,0.3157894736842105,0.5833333333333334,0.045454545454545456,1.0,1.0,True,0.12232404824863259,0.973760092272203,0.0009266330634896391,0.9999717473983765,84.10010540519822,0.9912,0.6695863746958638,0.0030075187969924814,0.03930038984300917,0.5526315789473685,0.8333333333333334,0.3181818181818182,1.0,1.0,True,0.12167203970007606,0.9750362844702467,0.0008757191589022962,0.9999722242355347,79.4792204928247,0.9912,0.6671532846715329,0.002819548872180451,0.03866821199030661,0.5263157894736842,0.8333333333333334,0.2727272727272727,1.0,1.0,True,0.1436592168652878,0.8060975609756098,0.009714372995265006,0.9999599456787109,881.6648412808693,0.992,0.6982968369829684,0.023496240601503758,0.06142661468759878,0.7894736842105263,0.9166666666666666,0.6818181818181818,1.0,1.0,XGBoost,fleet,40000,20000,10.74,B_fleet_size,CTT_Forester,FS-A,0,4,CIDv2_Prototype|CTT_Impala|CTT_Silverado|CTT_Traverse
125812,27607,0.2194305789590818,0.5346389353693968,0.3056769120232693,98229,0.039665574882341466,True,0.026189010033687107,0.9743935309973046,0.00019347283743190267,0.9999796021481541,17.55936266701941,0.152,0.1922141119221411,0.0,0.007270045306079444,0.18421052631578946,0.25,0.0,1.0,1.0,True,0.029919947839316115,0.9627039627039627,0.00032584898935899393,0.9999778587147878,29.573663439190582,0.1792,0.21849148418491485,0.0,0.008060267621957645,0.18421052631578946,0.25,0.0,1.0,1.0,True,0.04824863259318289,0.8677524429967427,0.002067104526246118,0.9999705014863339,187.6079274423653,0.2992,0.332360097323601,0.0007518796992481203,0.01427668317353282,0.39473684210526316,0.6666666666666666,0.13636363636363635,1.0,1.0,True,0.04705328358749593,0.8735709482178884,0.0019143628124840893,0.9999710749154169,173.74527270524467,0.2904,0.32506082725060825,0.0005639097744360903,0.01396059424718154,0.3684210526315789,0.6666666666666666,0.09090909090909091,1.0,1.0,True,0.07845836200963524,0.58272800645682,0.01579349320299374,0.9999567376305535,1433.3984998182689,0.4912,0.459367396593674,0.005827067669172932,0.030397218417448107,0.5526315789473685,0.8333333333333334,0.3181818181818182,1.0,1.0,HistGB,fleet,40000,20000,37.24,B_fleet_size,CTT_Forester,FS-A,1,4,CIDv2_Prototype|CTT_Impala|CTT_Silverado|CTT_Traverse
125812,27607,0.2194305789590818,0.5488563716612275,0.3748143447102406,98229,0.039665574882341466,True,0.06425906472995979,0.9988738738738738,2.036556183493712e-05,0.9999929666519165,1.8483539649494114,0.6392,0.27445255474452557,0.0005639097744360903,0.02149404699188705,0.3157894736842105,0.5,0.09090909090909091,1.0,1.0,True,0.07994349259245843,0.9865891819400984,0.0003054834275240568,0.9999911785125732,27.725309474241172,0.7416,0.35036496350364965,0.004135338345864661,0.028342640396164787,0.3684210526315789,0.6666666666666666,0.09090909090909091,1.0,1.0,True,0.09819973195204115,0.9409927108642833,0.0017310727559696553,0.9999887943267822,157.11008702069998,0.8288,0.43503649635036495,0.010338345864661654,0.0382467600885049,0.5526315789473685,0.8333333333333334,0.3181818181818182,1.0,1.0,True,0.09722171912920637,0.9437412095639943,0.0016292449467949696,0.9999889135360718,147.86831719595293,0.8224,0.43260340632603406,0.009774436090225564,0.03766726372352755,0.5526315789473685,0.8333333333333334,0.3181818181818182,1.0,1.0,True,0.13224906726554858,0.7676619007569386,0.01125197291380276,0.999984622001648,1021.2155656345499,0.912,0.5503649635036496,0.02988721804511278,0.06432409651248551,0.7631578947368421,0.9166666666666666,0.6363636363636364,1.0,1.0,XGBoost,fleet,40000,20000,10.27,B_fleet_size,CTT_Forester,FS-A,1,4,CIDv2_Prototype|CTT_Impala|CTT_Silverado|CTT_Traverse
125812,27607,0.2194305789590818,0.5675275804597328,0.3691028287781014,98229,0.039665574882341466,True,0.056507407541565545,1.0,0.0,0.9806355486517824,0.0,0.9944,0.01897810218978102,0.0231203007518797,0.008165630597408071,0.23684210526315788,0.3333333333333333,0.09090909090909091,1.0,0.5,True,0.07838591661535117,0.9981549815498155,4.073112366987424e-05,0.9442271161355668,3.696707929898823,0.9968,0.11873479318734793,0.07725563909774436,0.013855231271731114,0.42105263157894735,0.5,0.2727272727272727,1.0,1.0,True,0.10040931647770493,0.9672016748080949,0.0009571814062420447,0.9001349907428652,86.87263635262234,0.9984,0.22773722627737225,0.12199248120300751,0.021441365504161838,0.631578947368421,0.75,0.5,1.0,1.0,True,0.09993842141485855,0.9704537460429125,0.0008553535970673591,0.9016901956872464,77.63086652787528,0.9984,0.22579075425790754,0.12105263157894737,0.021230639553260985,0.631578947368421,0.75,0.5,1.0,1.0,True,0.12797478900278914,0.8092075125973431,0.008482256504251311,0.8359504698556769,769.8394264014299,0.9992,0.3708029197080292,0.15921052631578947,0.03556000421451902,0.8421052631578947,0.8333333333333334,0.8181818181818182,1.0,1.0,HistGB,fleet,40000,20000,30.78,B_fleet_size,CTT_Forester,FS-A,0,5,CIDv2_OpelAstra|CIDv2_Prototype|CIDv2_RenaultClio|CTT_Impala|ROAD_ORNL
125812,27607,0.2194305789590818,0.6381515766969542,0.4316814962825855,98229,0.039665574882341466,True,0.051979570398811896,1.0,0.0,0.981306791305542,0.0,0.968,0.00291970802919708,0.01898496240601504,0.0062164155515751765,0.3157894736842105,0.25,0.22727272727272727,1.0,1.0,True,0.06581664070706705,0.992896174863388,0.0001323761519270913,0.9631055593490601,12.014300772171175,0.988,0.01897810218978102,0.06729323308270677,0.009746075229164472,0.5526315789473685,0.5,0.5,1.0,1.0,True,0.08396421197522368,0.9662359316381826,0.0008248052543149534,0.9368657469749451,74.85833558045117,0.992,0.07737226277372262,0.11503759398496241,0.016173216731640502,0.6842105263157895,0.75,0.5909090909090909,1.0,1.0,True,0.08262397218096859,0.9681663837011885,0.0007637085688101421,0.9387048482894897,69.31327368560294,0.9904,0.07347931873479319,0.11203007518796992,0.015593720366663155,0.6578947368421053,0.75,0.5454545454545454,1.0,1.0,True,0.12562031368855725,0.8137024870952605,0.008085128048470037,0.8712103366851807,733.7965240849164,0.9952,0.23309002433090023,0.19924812030075187,0.03608681909177115,0.8421052631578947,0.8333333333333334,0.8181818181818182,1.0,1.0,XGBoost,fleet,40000,20000,8.66,B_fleet_size,CTT_Forester,FS-A,0,5,CIDv2_OpelAstra|CIDv2_Prototype|CIDv2_RenaultClio|CTT_Impala|ROAD_ORNL
125812,27607,0.2194305789590818,0.5416054316171349,0.3599501321548736,98229,0.039665574882341466,True,0.055493172021588724,0.9993476842791911,1.018278091746856e-05,0.9849965289720644,0.9241769824747057,0.996,0.01654501216545012,0.010150375939849625,0.01048361605731746,0.23684210526315788,0.3333333333333333,0.09090909090909091,1.0,0.5,True,0.06679465352990184,0.9978354978354979,4.073112366987424e-05,0.9720689981084447,3.696707929898823,0.9968,0.052554744525547446,0.036466165413533834,0.015593720366663155,0.2894736842105263,0.4166666666666667,0.09090909090909091,1.0,1.0,True,0.09204187343789619,0.9614074914869466,0.0010386436535817932,0.9388391787932887,94.26605221241999,0.9992,0.17518248175182483,0.0849624060150376,0.025287114108102412,0.5,0.6666666666666666,0.3181818181818182,1.0,1.0,True,0.09001340239794255,0.9665499805523142,0.0008757191589022962,0.9417171739640695,79.4792204928247,0.9992,0.16496350364963502,0.081203007518797,0.024496891792224213,0.5,0.6666666666666666,0.3181818181818182,1.0,1.0,True,0.12685188539138625,0.7953667953667953,0.009174685606639173,0.876467655899606,832.68346120971,0.9992,0.3416058394160584,0.13063909774436092,0.04509535349278264,0.6842105263157895,0.6666666666666666,0.6363636363636364,1.0,1.0,HistGB,fleet,40000,20000,29.27,B_fleet_size,CTT_Forester,FS-A,1,5,CIDv2_OpelAstra|CIDv2_Prototype|CIDv2_RenaultClio|CTT_Impala|ROAD_ORNL
125812,27607,0.2194305789590818,0.570252497538923,0.3610088569949428,98229,0.039665574882341466,True,0.05281269243307857,0.9986301369863013,2.036556183493712e-05,0.9716624617576599,1.8483539649494114,0.964,0.014598540145985401,0.013721804511278196,0.007902223158782005,0.23684210526315788,0.3333333333333333,0.09090909090909091,1.0,0.5,True,0.06074546310718296,0.994661921708185,9.164502825721705e-05,0.9550386667251587,8.31759284227235,0.9792,0.045742092457420926,0.02894736842105263,0.010799704983668739,0.4473684210526316,0.5833333333333334,0.2727272727272727,1.0,1.0,True,0.07983482450103235,0.966242875931609,0.0007840741306450791,0.9183885455131531,71.16162765055233,0.988,0.12506082725060827,0.07067669172932331,0.01770097987567169,0.5526315789473685,0.75,0.36363636363636365,1.0,1.0,True,0.07900170246676567,0.9701957295373665,0.0006822463214703936,0.9200407862663269,61.91985782580529,0.988,0.12360097323600973,0.06860902255639098,0.017226846486144767,0.5263157894736842,0.6666666666666666,0.36363636363636365,1.0,1.0,True,0.1117832433803021,0.7576724772894672,0.01005040476554147,0.8534178733825684,912.1626817025345,0.9944,0.23941605839416058,0.13327067669172932,0.033821515119586976,0.7368421052631579,0.9166666666666666,0.5909090909090909,1.0,1.0,XGBoost,fleet,40000,20000,14.26,B_fleet_size,CTT_Forester,FS-A,1,5,CIDv2_OpelAstra|CIDv2_Prototype|CIDv2_RenaultClio|CTT_Impala|ROAD_ORNL
125812,27607,0.2194305789590818,0.7289072391647629,0.5772383202962043,98229,0.039665574882341466,True,0.07483609229543232,0.9990328820116054,2.036556183493712e-05,0.9999689469091086,1.8483539649494114,0.992,0.1829683698296837,0.018233082706766917,0.018596565167000315,0.5,0.6666666666666666,0.3181818181818182,1.0,1.0,True,0.1090665410946499,0.9976805831676607,7.127946642227993e-05,0.9999492093095068,6.46923887732294,0.9936,0.32019464720194646,0.04342105263157895,0.04635970919818776,0.5789473684210527,0.75,0.4090909090909091,1.0,1.0,True,0.16843554171043576,0.9730069052102951,0.0013135787383534443,0.9999034873596705,119.21883073923703,0.9968,0.4545012165450122,0.09323308270676692,0.10399325676957118,0.7631578947368421,0.9166666666666666,0.6363636363636364,1.0,1.0,True,0.16658818415619228,0.9741580173692015,0.0012422992719311643,0.9999050800716923,112.7495918619141,0.9968,0.4491484184914842,0.0906015037593985,0.10262353808871562,0.7368421052631579,0.9166666666666666,0.5909090909090909,1.0,1.0,True,0.2500090556742855,0.8562213124922466,0.011801843083346062,0.9998303042810424,1071.121122688184,0.9984,0.5454987834549878,0.17142857142857143,0.19075966705299757,0.9210526315789473,1.0,0.8636363636363636,1.0,1.0,HistGB,fleet,40000,20000,46.53,B_fleet_size,CTT_Forester,FS-A,0,5,CIDv2_OpelAstra|CIDv2_Prototype|CIDv2_RenaultClio|CTT_Silverado|CTT_Traverse
125812,27607,0.2194305789590818,0.7352735394661702,0.6163094199813091,98229,0.039665574882341466,True,0.10714673814612236,1.0,0.0,0.9999446868896484,0.0,0.9832,0.5085158150851582,0.0031954887218045114,0.035138552312717314,0.3684210526315789,0.75,0.045454545454545456,1.0,1.0,True,0.16908755025899228,0.9976490703141697,0.00011201059009215417,0.9998347759246826,10.165946807221763,0.9936,0.6311435523114355,0.045112781954887216,0.09951533031292804,0.631578947368421,0.8333333333333334,0.45454545454545453,1.0,1.0,True,0.23972180968594922,0.9766824085005903,0.0016088793849600325,0.9997112154960632,146.01996323100352,0.9952,0.6671532846715329,0.10432330827067669,0.18164576967653567,0.7368421052631579,0.8333333333333334,0.6363636363636364,1.0,1.0,True,0.23664288042887674,0.9778476276006586,0.001507051575785347,0.9997169375419617,136.77819340625646,0.9952,0.6652068126520682,0.10206766917293233,0.17801074702349595,0.7368421052631579,0.8333333333333334,0.6363636363636364,1.0,1.0,True,0.3412902524721991,0.8771995158737548,0.013431088030141031,0.9994953870773315,1218.9894398841368,0.996,0.6997566909975669,0.206390977443609,0.2971762722579286,0.8947368421052632,0.9166666666666666,0.8636363636363636,1.0,1.0,XGBoost,fleet,40000,20000,10.37,B_fleet_size,CTT_Forester,FS-A,0,5,CIDv2_OpelAstra|CIDv2_Prototype|CIDv2_RenaultClio|CTT_Silverado|CTT_Traverse
125812,27607,0.2194305789590818,0.7711554601643863,0.6426440109649036,98229,0.039665574882341466,True,0.11174702068316007,1.0,0.0,0.9999416739682729,0.0,0.9848,0.5080291970802919,0.008458646616541353,0.04030133810978822,0.47368421052631576,0.75,0.22727272727272727,1.0,1.0,True,0.132756185025537,0.9980936819172114,7.127946642227993e-05,0.9999130968890431,6.46923887732294,0.9912,0.5367396593673966,0.02556390977443609,0.06253292592982826,0.631578947368421,0.75,0.5,1.0,1.0,True,0.20215887274966493,0.9760405736271424,0.0013950409856931928,0.9998343503104808,126.61224659903468,0.996,0.5824817518248175,0.11033834586466165,0.1344431566747445,0.8421052631578947,1.0,0.7272727272727273,1.0,1.0,True,0.19744992212120113,0.9779332615715823,0.0012524820528486329,0.999839893717386,113.6737688443888,0.9944,0.581021897810219,0.10507518796992481,0.1293330523653988,0.8421052631578947,1.0,0.7272727272727273,1.0,1.0,True,0.33788531894084833,0.8989976869699307,0.010671554401507051,0.9996451996484559,968.5374776334916,0.9984,0.648661800486618,0.2577067669172932,0.28321567801074704,0.8947368421052632,1.0,0.8181818181818182,1.0,1.0,HistGB,fleet,40000,20000,36.78,B_fleet_size,CTT_Forester,FS-A,1,5,CIDv2_OpelAstra|CIDv2_Prototype|CIDv2_RenaultClio|CTT_Silverado|CTT_Traverse
125812,27607,0.2194305789590818,0.7661100534062644,0.6591524622248517,98229,0.039665574882341466,True,0.15343934509363566,1.0,0.0,0.9999326467514038,0.0,0.9928,0.5800486618004866,0.02030075187969925,0.08929512169423665,0.5263157894736842,0.75,0.36363636363636365,1.0,0.5,True,0.2140399174122505,0.9991545485289144,5.09139045873428e-05,0.9998795986175537,4.620884912373529,0.9928,0.5951338199513382,0.06992481203007518,0.16189021177958066,0.7368421052631579,0.9166666666666666,0.5909090909090909,1.0,1.0,True,0.3091607201072192,0.9851108033240997,0.0013135787383534443,0.9997716546058655,119.21883073923703,0.9936,0.6131386861313869,0.16296992481203007,0.27215256558845224,0.8157894736842105,0.9166666666666666,0.7272727272727273,1.0,1.0,True,0.3035099793530626,0.9871583411875589,0.0011099231200040732,0.9997797608375549,100.73529108974293,0.9936,0.6116788321167883,0.15526315789473685,0.2662522389632283,0.7894736842105263,0.9166666666666666,0.6818181818181818,1.0,1.0,True,0.3987756728365994,0.9061651164704914,0.011608370245914159,0.9995940327644348,1053.5617600211647,0.9968,0.6574209245742092,0.26898496240601505,0.3677694658097145,0.9210526315789473,1.0,0.8636363636363636,1.0,1.0,XGBoost,fleet,40000,20000,16.89,B_fleet_size,CTT_Forester,FS-A,1,5,CIDv2_OpelAstra|CIDv2_Prototype|CIDv2_RenaultClio|CTT_Silverado|CTT_Traverse
125812,27607,0.2194305789590818,0.5875717855025362,0.42014647543989037,98229,0.039665574882341466,True,0.12286738870576303,0.9997052755673446,1.018278091746856e-05,0.918236204999698,0.9241769824747057,0.992,0.5956204379562043,0.002631578947368421,0.048150879780845014,0.2631578947368421,0.4166666666666667,0.045454545454545456,1.0,1.0,True,0.13224906726554858,0.9964519650655022,0.0001323761519270913,0.8447629314875084,12.014300772171175,0.992,0.6253041362530414,0.02800751879699248,0.051469813507533456,0.5,0.6666666666666666,0.3181818181818182,1.0,1.0,True,0.14557901981381532,0.9693680656054028,0.0012932131765185071,0.7701064970469229,117.37047677428764,0.992,0.6462287104622871,0.07631578947368421,0.055052154672847964,0.6842105263157895,0.75,0.5909090909090909,1.0,1.0,True,0.1447821204766907,0.9710884353741497,0.0012117509291787586,0.7739058064101748,109.97706091448998,0.992,0.6462287104622871,0.0731203007518797,0.0547887472342219,0.6578947368421053,0.75,0.5454545454545454,1.0,1.0,True,0.17068134893324158,0.8385833778252358,0.009235782292143984,0.6533428412425637,838.2285231045581,0.992,0.6627737226277373,0.16353383458646617,0.06532504477926457,0.8421052631578947,0.8333333333333334,0.8181818181818182,1.0,1.0,HistGB,fleet,40000,20000,34.8,B_fleet_size,CTT_Forester,FS-A,0,5,CIDv2_OpelAstra|CIDv2_Prototype|CIDv2_RenaultClio|CTT_Traverse|ROAD_ORNL
125812,27607,0.2194305789590818,0.557423827763043,0.4023907713249789,98229,0.039665574882341466,True,0.10026442568913681,1.0,0.0,0.950329065322876,0.0,0.9456,0.4340632603406326,0.0,0.03656095248129807,0.2631578947368421,0.5,0.0,1.0,1.0,True,0.12004201832868476,0.9987944544906571,4.073112366987424e-05,0.8887416124343872,3.696707929898823,0.9856,0.5508515815085158,0.012406015037593985,0.04657043514908861,0.39473684210526316,0.5,0.22727272727272727,1.0,1.0,True,0.13605245046546166,0.9842767295597484,0.0006109668550481136,0.8169872760772705,55.450618948482344,0.9896,0.5995133819951338,0.05451127819548872,0.05252344326203772,0.5526315789473685,0.6666666666666666,0.4090909090909091,1.0,1.0,True,0.1351106603397689,0.9849485080538685,0.000580418512295708,0.8203344345092773,52.678088001058235,0.9896,0.5975669099756691,0.05206766917293233,0.0520493098725108,0.5526315789473685,0.6666666666666666,0.4090909090909091,1.0,1.0,True,0.17712898902452276,0.846606648199446,0.009021943892877145,0.6613820791244507,818.8208064725893,0.9936,0.6491484184914842,0.206203007518797,0.06411337056158466,0.7631578947368421,0.8333333333333334,0.6818181818181818,1.0,1.0,XGBoost,fleet,40000,20000,17.14,B_fleet_size,CTT_Forester,FS-A,0,5,CIDv2_OpelAstra|CIDv2_Prototype|CIDv2_RenaultClio|CTT_Traverse|ROAD_ORNL
125812,27607,0.2194305789590818,0.6723085287012647,0.5181204666579983,98229,0.039665574882341466,True,0.13326330278552542,1.0,0.0,0.894155978506704,0.0,0.992,0.6048661800486618,0.0518796992481203,0.048466968707196294,0.42105263157894735,0.5,0.2727272727272727,1.0,1.0,True,0.14778860433947913,0.9980430528375733,8.146224733974848e-05,0.838134318605446,7.393415859797646,0.9928,0.6277372262773723,0.10225563909774436,0.05294489516383943,0.5,0.5833333333333334,0.36363636363636365,1.0,1.0,True,0.1621327924077227,0.9863375936535919,0.0006313324168830507,0.7732614091964197,57.29897291343175,0.9936,0.6389294403892944,0.1556390977443609,0.0575808660836582,0.631578947368421,0.6666666666666666,0.5454545454545454,1.0,1.0,True,0.16122722497917194,0.9875748835145329,0.0005702357313782394,0.7780869074661098,51.75391101858352,0.9936,0.6389294403892944,0.15244360902255638,0.057159414181856494,0.631578947368421,0.6666666666666666,0.5454545454545454,1.0,1.0,True,0.21994421704640127,0.887719298245614,0.007820375744615854,0.5432184656373543,709.767922540574,0.9952,0.6632603406326034,0.3093984962406015,0.0958276261721631,0.9210526315789473,0.9166666666666666,0.9090909090909091,1.0,1.0,HistGB,fleet,40000,20000,36.86,B_fleet_size,CTT_Forester,FS-A,1,5,CIDv2_OpelAstra|CIDv2_Prototype|CIDv2_RenaultClio|CTT_Traverse|ROAD_ORNL
125812,27607,0.2194305789590818,0.6638115870755565,0.5131428990694307,98229,0.039665574882341466,True,0.12304850219147317,0.9994115916446014,2.036556183493712e-05,0.9177631139755249,1.8483539649494114,0.9912,0.5635036496350365,0.018233082706766917,0.04757138341586766,0.3684210526315789,0.5,0.18181818181818182,1.0,1.0,True,0.14039917412250516,0.9984544049459042,6.109668550481136e-05,0.8573153018951416,5.545061894848234,0.9928,0.6004866180048661,0.07387218045112783,0.05310293962701507,0.5263157894736842,0.5833333333333334,0.4090909090909091,1.0,1.0,True,0.1718404752417865,0.9834162520729685,0.0008146224733974848,0.739277720451355,73.93415859797646,0.9936,0.6369829683698297,0.18195488721804512,0.06453482246338636,0.7105263157894737,0.8333333333333334,0.5909090909090909,1.0,1.0,True,0.1707175716303836,0.9841302986009606,0.0007738913497276107,0.7433127164840698,70.23745066807764,0.9936,0.6360097323600973,0.17819548872180452,0.06406068907385945,0.6842105263157895,0.8333333333333334,0.5454545454545454,1.0,1.0,True,0.2178795233093056,0.8769499927103076,0.008594267094343465,0.5521240234375,780.0053732086516,0.9944,0.6559610705596107,0.30357142857142855,0.09530081129491097,0.8947368421052632,0.9166666666666666,0.8636363636363636,1.0,1.0,XGBoost,fleet,40000,20000,9.82,B_fleet_size,CTT_Forester,FS-A,1,5,CIDv2_OpelAstra|CIDv2_Prototype|CIDv2_RenaultClio|CTT_Traverse|ROAD_ORNL
125812,27607,0.2194305789590818,0.6837723565353475,0.535344600658441,98229,0.039665574882341466,True,0.14481834317383271,0.9992501874531368,3.054834275240568e-05,0.9669638316949468,2.772530947424117,0.9936,0.5766423357664233,0.09680451127819549,0.05563165103782531,0.3157894736842105,0.4166666666666667,0.13636363636363635,1.0,1.0,True,0.15079508820226753,0.9983213429256594,7.127946642227993e-05,0.9582530621724189,6.46923887732294,0.9936,0.583941605839416,0.09887218045112782,0.06295437783162997,0.34210526315789475,0.5,0.13636363636363635,1.0,1.0,True,0.16883399137899807,0.9895966029723992,0.0004989562649559595,0.9388707327667755,45.284672141260586,0.9936,0.5951338199513382,0.10357142857142858,0.08666104730797598,0.5526315789473685,0.6666666666666666,0.4090909090909091,1.0,1.0,True,0.1676024196761691,0.9950537634408602,0.0002342039611017769,0.9399516187656293,21.256070596918235,0.9936,0.5941605839416059,0.10300751879699248,0.08513328416394479,0.5526315789473685,0.6666666666666666,0.4090909090909091,1.0,1.0,True,0.25127685007425654,0.8945196647324307,0.008329514790489283,0.8298456669654057,755.9767716643094,0.996,0.6403892944038929,0.1661654135338346,0.18396375513644506,0.9473684210526315,0.8333333333333334,1.0,1.0,1.0,HistGB,fleet,40000,20000,32.93,B_fleet_size,CTT_Forester,FS-A,0,5,CIDv2_OpelAstra|CIDv2_Prototype|CTT_Silverado|CTT_Traverse|ROAD_ORNL
125812,27607,0.2194305789590818,0.5219071687314333,0.35971698074623354,98229,0.039665574882341466,True,0.11555040388307314,0.9996866186148543,1.018278091746856e-05,0.9789405465126038,0.9241769824747057,0.9848,0.46763990267639904,0.03984962406015038,0.041407649352017704,0.2894736842105263,0.4166666666666667,0.09090909090909091,1.0,1.0,True,0.12830079327706742,0.9977464788732394,8.146224733974848e-05,0.9684099555015564,7.393415859797646,0.9904,0.527007299270073,0.07011278195488722,0.044673901590980926,0.34210526315789475,0.4166666666666667,0.18181818181818182,1.0,1.0,True,0.13529177382547905,0.9749412685982772,0.0009775469680769818,0.9583700299263,88.72099031757175,0.9912,0.5571776155717761,0.08609022556390977,0.04704456853861553,0.3684210526315789,0.4166666666666667,0.22727272727272727,1.0,1.0,True,0.1349657695512008,0.9769271106449922,0.0008960847207372334,0.9589130878448486,81.3275744577741,0.9912,0.55669099756691,0.08533834586466166,0.046833842587714676,0.3684210526315789,0.4166666666666667,0.22727272727272727,1.0,1.0,True,0.14720904118520664,0.8553988633971795,0.006995570490300901,0.9319997429847717,634.9095869601229,0.9928,0.5892944038929441,0.12142857142857143,0.0508903171425561,0.6578947368421053,0.8333333333333334,0.5,1.0,1.0,XGBoost,fleet,40000,20000,10.64,B_fleet_size,CTT_Forester,FS-A,0,5,CIDv2_OpelAstra|CIDv2_Prototype|CTT_Silverado|CTT_Traverse|ROAD_ORNL
125812,27607,0.2194305789590818,0.5837378582016203,0.43011093139240875,98229,0.039665574882341466,True,0.13467598797406455,1.0,0.0,0.9513963075225896,0.0,0.9936,0.5532846715328467,0.0849624060150376,0.04672847961226425,0.2894736842105263,0.4166666666666667,0.09090909090909091,1.0,1.0,True,0.14210164088818053,0.9972038637519065,0.00011201059009215417,0.8969050397812852,10.165946807221763,0.9952,0.5771289537712896,0.10300751879699248,0.049784005900326625,0.42105263157894735,0.5,0.2727272727272727,1.0,1.0,True,0.15267866845365305,0.9832050384884534,0.0007331602260577364,0.8005452309138992,66.5407427381788,0.9952,0.6072992700729927,0.12763157894736843,0.05499947318512275,0.6842105263157895,0.75,0.5909090909090909,1.0,1.0,True,0.1519904372079545,0.9842833685198217,0.0006822463214703936,0.8054818264468784,61.91985782580529,0.9952,0.6058394160583942,0.12593984962406016,0.05463070277104625,0.6578947368421053,0.6666666666666666,0.5909090909090909,1.0,1.0,True,0.18466331003006484,0.8540794102864802,0.008869202179115116,0.6405414263433248,804.9581517354687,0.996,0.6520681265206812,0.21503759398496242,0.07212095669581708,0.868421052631579,0.8333333333333334,0.8636363636363636,1.0,1.0,HistGB,fleet,40000,20000,33.14,B_fleet_size,CTT_Forester,FS-A,1,5,CIDv2_OpelAstra|CIDv2_Prototype|CTT_Silverado|CTT_Traverse|ROAD_ORNL
125812,27607,0.2194305789590818,0.5401847321038312,0.3738032037223372,98229,0.039665574882341466,True,0.12449741007715434,0.9991279069767441,3.054834275240568e-05,0.9729098677635193,2.772530947424117,0.9936,0.5114355231143553,0.041165413533834586,0.04873037614582236,0.34210526315789475,0.5,0.13636363636363635,1.0,1.0,True,0.13224906726554858,0.9959083469721768,0.0001527417137620284,0.9621555209159851,13.862654737120586,0.9936,0.5464720194647202,0.06109022556390977,0.05062690970393004,0.34210526315789475,0.5,0.13636363636363635,1.0,1.0,True,0.14231897707103272,0.9754220456802384,0.0010080953108293875,0.9385437965393066,91.49352126499588,0.9944,0.5771289537712896,0.09097744360902256,0.05352439152881677,0.5789473684210527,0.75,0.4090909090909091,1.0,1.0,True,0.14184808200818633,0.9782663002747939,0.0008859019398197648,0.9395390748977661,80.4033974752994,0.9944,0.5766423357664233,0.08966165413533835,0.053260984090190706,0.5526315789473685,0.75,0.36363636363636365,1.0,1.0,True,0.1583294092078096,0.8147250698974837,0.01012168423196375,0.8919485211372375,918.6319205798576,0.9952,0.6053527980535279,0.13364661654135337,0.06174270361395006,0.7631578947368421,0.8333333333333334,0.6818181818181818,1.0,1.0,XGBoost,fleet,40000,20000,10.84,B_fleet_size,CTT_Forester,FS-A,1,5,CIDv2_OpelAstra|CIDv2_Prototype|CTT_Silverado|CTT_Traverse|ROAD_ORNL
125812,27607,0.2194305789590818,0.5873999040925667,0.3909729017196561,98229,0.039665574882341466,True,0.12112869924294563,0.9994022713687986,2.036556183493712e-05,0.9641514835754492,1.8483539649494114,0.9928,0.5542579075425791,0.013909774436090226,0.04688652407543989,0.2631578947368421,0.4166666666666667,0.045454545454545456,1.0,1.0,True,0.12772123012279493,0.9954827780914738,0.00016292449467949696,0.9353162522500139,14.786831719595291,0.9936,0.570316301703163,0.036466165413533834,0.04836160573174587,0.2894736842105263,0.4166666666666667,0.09090909090909091,1.0,1.0,True,0.138950266236824,0.9635769907058528,0.0014765032330329414,0.8894132839290285,134.00566245883235,0.9944,0.5907542579075425,0.07988721804511278,0.050258139289853544,0.4473684210526316,0.6666666666666666,0.22727272727272727,1.0,1.0,True,0.1382258122939834,0.9677910220644179,0.0012932131765185071,0.8922812288104296,117.37047677428764,0.9944,0.5892944038929441,0.07669172932330827,0.050258139289853544,0.4473684210526316,0.6666666666666666,0.22727272727272727,1.0,1.0,True,0.15369290397362986,0.7748356464572681,0.012555368871238735,0.793568916046746,1139.5102193913121,0.9952,0.6126520681265207,0.12368421052631579,0.057001369718680854,0.631578947368421,0.6666666666666666,0.5454545454545454,1.0,1.0,HistGB,fleet,40000,20000,37.12,B_fleet_size,CTT_Forester,FS-A,0,5,CIDv2_OpelAstra|CTT_Impala|CTT_Silverado|CTT_Traverse|ROAD_ORNL
125812,27607,0.2194305789590818,0.6007171940962288,0.4102598929770028,98229,0.039665574882341466,True,0.12475096895714854,0.9994196169471852,2.036556183493712e-05,0.9465469121932983,1.8483539649494114,0.9928,0.559610705596107,0.02744360902255639,0.047782109366768515,0.2894736842105263,0.4166666666666667,0.09090909090909091,1.0,1.0,True,0.1349657695512008,0.9986598767086572,5.09139045873428e-05,0.9155606031417847,4.620884912373529,0.9936,0.5815085158150851,0.06710526315789474,0.04909914655989885,0.3684210526315789,0.5,0.18181818181818182,1.0,1.0,True,0.14695548230521244,0.9761790182868142,0.0010080953108293875,0.8610503077507019,91.49352126499588,0.9936,0.6097323600973236,0.10883458646616541,0.051785902433884735,0.6578947368421053,0.6666666666666666,0.5909090909090909,1.0,1.0,True,0.14652080993950808,0.977289200289925,0.0009571814062420447,0.8628199100494385,86.87263635262234,0.9936,0.6087591240875913,0.10733082706766918,0.05168053945843431,0.6578947368421053,0.6666666666666666,0.5909090909090909,1.0,1.0,True,0.1678559785561633,0.8187279151943463,0.010447533221322743,0.7831931710243225,948.205584019048,0.9952,0.6335766423357664,0.17293233082706766,0.06153197766304921,0.8157894736842105,0.8333333333333334,0.7727272727272727,1.0,1.0,XGBoost,fleet,40000,20000,10.41,B_fleet_size,CTT_Forester,FS-A,0,5,CIDv2_OpelAstra|CTT_Impala|CTT_Silverado|CTT_Traverse|ROAD_ORNL
125812,27607,0.2194305789590818,0.5466264136435013,0.3591283566453842,98229,0.039665574882341466,True,0.11363060093454559,0.9993628544122332,2.036556183493712e-05,0.9632632652427002,1.8483539649494114,0.9912,0.5070559610705596,0.013345864661654135,0.041354967864292484,0.2894736842105263,0.4166666666666667,0.09090909090909091,1.0,1.0,True,0.117868656500163,0.9957160342717258,0.00014255893284455986,0.9442658886280357,12.93847775464588,0.992,0.5274939172749392,0.02199248120300752,0.04283004952059846,0.2894736842105263,0.4166666666666667,0.09090909090909091,1.0,1.0,True,0.12409896040859203,0.9559151785714286,0.0016088793849600325,0.9114832319545795,146.01996323100352,0.9936,0.5498783454987834,0.03703007518796993,0.04514803498050785,0.5263157894736842,0.6666666666666666,0.36363636363636365,1.0,1.0,True,0.12395406962002391,0.9566675985462678,0.0015783310422076268,0.9124711861545775,143.24743228357937,0.9928,0.5498783454987834,0.03684210526315789,0.045042672005057426,0.5263157894736842,0.6666666666666666,0.36363636363636365,1.0,1.0,True,0.1406889556996414,0.7600782778864971,0.012484089404816455,0.8403251440305425,1133.040980513989,0.9936,0.6043795620437956,0.08176691729323309,0.05083763565483089,0.6842105263157895,0.6666666666666666,0.6363636363636364,1.0,1.0,HistGB,fleet,40000,20000,33.65,B_fleet_size,CTT_Forester,FS-A,1,5,CIDv2_OpelAstra|CTT_Impala|CTT_Silverado|CTT_Traverse|ROAD_ORNL
125812,27607,0.2194305789590818,0.5965827141250355,0.4033073123508457,98229,0.039665574882341466,True,0.10874053682037164,1.0,0.0,0.9870583415031433,0.0,0.9928,0.4418491484184915,0.004323308270676692,0.04372563481192709,0.2894736842105263,0.4166666666666667,0.09090909090909091,1.0,1.0,True,0.12714166696852247,0.9974424552429667,9.164502825721705e-05,0.9680398106575012,8.31759284227235,0.9944,0.5450121654501217,0.0481203007518797,0.0469392055631651,0.3684210526315789,0.4166666666666667,0.22727272727272727,1.0,1.0,True,0.14065273300249936,0.9729391130042596,0.0010997403390866046,0.947697639465332,99.81111410726822,0.9944,0.581021897810219,0.09022556390977443,0.0508903171425561,0.5789473684210527,0.8333333333333334,0.36363636363636365,1.0,1.0,True,0.1400731698482269,0.975775927327782,0.0009775469680769818,0.948999285697937,88.72099031757175,0.9944,0.5800486618004866,0.0887218045112782,0.050574228216204824,0.5789473684210527,0.8333333333333334,0.36363636363636365,1.0,1.0,True,0.16010432136776903,0.8164019209456963,0.01012168423196375,0.9137177467346191,918.6319205798576,0.9944,0.6082725060827251,0.14473684210526316,0.060952481298071855,0.7894736842105263,0.8333333333333334,0.7272727272727273,1.0,1.0,XGBoost,fleet,40000,20000,14.69,B_fleet_size,CTT_Forester,FS-A,1,5,CIDv2_OpelAstra|CTT_Impala|CTT_Silverado|CTT_Traverse|ROAD_ORNL
125812,27607,0.2194305789590818,0.5662000113247336,0.3667291200518436,98229,0.039665574882341466,True,0.06994602818125838,1.0,0.0,0.9999411103312283,0.0,0.7616,0.44136253041362533,0.00018796992481203009,0.0037403856284901485,0.21052631578947367,0.25,0.045454545454545456,1.0,1.0,True,0.08595646031803528,0.9850560398505604,0.0003665801130288682,0.9998951053033096,33.2703713690894,0.904,0.51338199513382,0.0005639097744360903,0.009746075229164472,0.3684210526315789,0.6666666666666666,0.09090909090909091,1.0,1.0,True,0.09968486253486435,0.9357361441686501,0.0019245455934015579,0.9998508466668242,174.6694496877194,0.9456,0.572749391727494,0.0007518796992481203,0.020493098725107996,0.39473684210526316,0.75,0.09090909090909091,1.0,1.0,True,0.09845329083203536,0.9427679500520292,0.0016801588513823125,0.999854423785241,152.48920210832645,0.9432,0.5673965936739659,0.0007518796992481203,0.01943946897060373,0.39473684210526316,0.75,0.09090909090909091,1.0,1.0,True,0.12739522584851667,0.7360820426956886,0.012840486736927855,0.999769618802314,1165.3871749006041,0.9856,0.6423357664233577,0.009398496240601503,0.04820356126857023,0.5789473684210527,0.8333333333333334,0.36363636363636365,1.0,1.0,HistGB,fleet,40000,20000,51.0,B_fleet_size,CTT_Forester,FS-A,0,6,CIDv2_OpelAstra|CIDv2_Prototype|CIDv2_RenaultClio|CTT_Impala|CTT_Silverado|CTT_Traverse
125812,27607,0.2194305789590818,0.6998203556350343,0.5254114649014259,98229,0.039665574882341466,True,0.11160212989459195,0.9993512812195913,2.036556183493712e-05,0.9998340606689453,1.8483539649494114,0.9928,0.5289537712895377,0.0011278195488721805,0.03935307133073438,0.3684210526315789,0.5833333333333334,0.13636363636363635,1.0,1.0,True,0.1342413156083602,0.994098712446352,0.00022402118018430834,0.9997069239616394,20.331893614443526,0.9928,0.6082725060827251,0.010150375939849625,0.06116320724897271,0.5263157894736842,0.8333333333333334,0.2727272727272727,1.0,1.0,True,0.16311080523055746,0.969220835126991,0.0014561376711980042,0.9995238780975342,132.15730849388294,0.9944,0.6530413625304137,0.03590225563909774,0.09098092930144347,0.6842105263157895,0.8333333333333334,0.5454545454545454,1.0,1.0,True,0.161299670373456,0.970998691670301,0.0013543098620233185,0.9995357990264893,122.91553866913587,0.9944,0.6506082725060828,0.03458646616541353,0.08897903276788537,0.6842105263157895,0.8333333333333334,0.5454545454545454,1.0,1.0,True,0.21780707791502155,0.8465437139236942,0.011099231200040732,0.9991855025291443,1007.3529108974293,0.996,0.7002433090024331,0.09605263157894736,0.14845643240965126,0.7894736842105263,0.9166666666666666,0.6818181818181818,1.0,1.0,XGBoost,fleet,40000,20000,10.97,B_fleet_size,CTT_Forester,FS-A,0,6,CIDv2_OpelAstra|CIDv2_Prototype|CIDv2_RenaultClio|CTT_Impala|CTT_Silverado|CTT_Traverse
125812,27607,0.2194305789590818,0.6770321513570886,0.46906200335994797,98229,0.039665574882341466,True,0.08707936392943819,0.9983388704318937,4.073112366987424e-05,0.99980635669015,3.696707929898823,0.992,0.38004866180048663,0.0011278195488721805,0.019860920872405437,0.39473684210526316,0.5833333333333334,0.18181818181818182,1.0,1.0,True,0.09932263556344405,0.9938383472272563,0.00017310727559696553,0.9997502713285911,15.711008702069998,0.992,0.44476885644768854,0.0020676691729323306,0.030397218417448107,0.4473684210526316,0.75,0.18181818181818182,1.0,1.0,True,0.11580396276306734,0.9667372240701542,0.0011201059009215417,0.9996589009728173,101.65946807221763,0.9936,0.5070559610705596,0.008082706766917294,0.045832894320935624,0.5789473684210527,0.8333333333333334,0.36363636363636365,1.0,1.0,True,0.11511573151736879,0.9689024390243902,0.0010386436535817932,0.9996640417736983,94.26605221241999,0.9936,0.5051094890510949,0.008082706766917294,0.045042672005057426,0.5789473684210527,0.8333333333333334,0.36363636363636365,1.0,1.0,True,0.14757126815662694,0.7946167349327092,0.010722468306094395,0.9994732663562477,973.1583625458653,0.9968,0.5858880778588808,0.028383458646616542,0.07759983141923928,0.631578947368421,0.9166666666666666,0.4090909090909091,1.0,1.0,HistGB,fleet,40000,20000,28.57,B_fleet_size,CTT_Forester,FS-A,1,6,CIDv2_OpelAstra|CIDv2_Prototype|CIDv2_RenaultClio|CTT_Impala|CTT_Silverado|CTT_Traverse
125812,27607,0.2194305789590818,0.724657950892996,0.5478681388765867,98229,0.039665574882341466,True,0.13576266888832542,0.9992002132764596,3.054834275240568e-05,0.9992017149925232,2.772530947424117,0.9928,0.6394160583941606,0.0037593984962406013,0.061795385101675274,0.47368421052631576,0.8333333333333334,0.18181818181818182,1.0,1.0,True,0.14782482703662114,0.9939113492450073,0.000254569522936714,0.9987449645996094,23.104424561867642,0.9936,0.6598540145985401,0.011654135338345865,0.07486039405752819,0.5,0.8333333333333334,0.22727272727272727,1.0,1.0,True,0.17028289926467924,0.9668860551213493,0.0016394277277124382,0.997974693775177,148.79249417842763,0.9944,0.6856447688564477,0.03383458646616541,0.09846170055842376,0.6578947368421053,0.8333333333333334,0.5,1.0,1.0,True,0.16926866374470242,0.9680961259581521,0.0015681482612901582,0.9980037808418274,142.32325530110467,0.9944,0.6851581508515815,0.032518796992481204,0.0974080708039195,0.6578947368421053,0.8333333333333334,0.5,1.0,1.0,True,0.21472814865794906,0.8419258628035791,0.011333435161142508,0.9964345693588257,1028.6089814943475,0.9976,0.7051094890510949,0.08759398496240602,0.14571699504794017,0.7894736842105263,0.9166666666666666,0.6818181818181818,1.0,1.0,XGBoost,fleet,40000,20000,9.07,B_fleet_size,CTT_Forester,FS-A,1,6,CIDv2_OpelAstra|CIDv2_Prototype|CIDv2_RenaultClio|CTT_Impala|CTT_Silverado|CTT_Traverse
125812,27607,0.2194305789590818,0.6259011152974167,0.42343545240051195,98229,0.039665574882341466,True,0.12040424530010505,0.9993986770895971,2.036556183493712e-05,0.9644675338678513,1.8483539649494114,0.9936,0.4642335766423358,0.07857142857142857,0.037403856284901484,0.3157894736842105,0.4166666666666667,0.13636363636363635,1.0,1.0,True,0.13123483174557177,0.9958768554150632,0.0001527417137620284,0.9264653514457022,13.862654737120586,0.9936,0.5060827250608273,0.1013157894736842,0.042250553155621116,0.39473684210526316,0.6666666666666666,0.13636363636363635,1.0,1.0,True,0.14134096424819792,0.9679980153807988,0.0013135787383534443,0.8739906420973028,119.21883073923703,0.9944,0.5435523114355231,0.11804511278195488,0.048150879780845014,0.6052631578947368,0.75,0.45454545454545453,1.0,1.0,True,0.14108740536820372,0.9701120797011208,0.0012219337100962272,0.8756662970738264,110.90123789696469,0.9944,0.5430656934306569,0.11804511278195488,0.04783479085449373,0.6052631578947368,0.75,0.45454545454545453,1.0,1.0,True,0.16053899373347338,0.8139577594123049,0.010315157069395653,0.7759222520617504,936.191283246877,0.9968,0.575669099756691,0.15206766917293232,0.06290169634390474,0.8157894736842105,0.8333333333333334,0.7727272727272727,1.0,1.0,HistGB,fleet,40000,20000,29.24,B_fleet_size,CTT_Forester,FS-A,0,6,CIDv2_OpelAstra|CIDv2_Prototype|CIDv2_RenaultClio|CTT_Impala|CTT_Silverado|ROAD_ORNL
125812,27607,0.2194305789590818,0.6007020147187345,0.3983121459809854,98229,0.039665574882341466,True,0.11312348317455717,0.9996798975672215,1.018278091746856e-05,0.964251697063446,0.9241769824747057,0.9936,0.3537712895377129,0.08552631578947369,0.03682435991992414,0.3157894736842105,0.5,0.09090909090909091,1.0,1.0,True,0.12551164559713116,0.9985590778097982,5.09139045873428e-05,0.9483941793441772,4.620884912373529,0.9936,0.4418491484184915,0.10018796992481203,0.041196923401116844,0.3684210526315789,0.6666666666666666,0.09090909090909091,1.0,1.0,True,0.1382258122939834,0.9817339850784667,0.0007229774451402678,0.9128565192222595,65.61656575570412,0.9944,0.5187347931873479,0.11654135338345864,0.04672847961226425,0.631578947368421,0.8333333333333334,0.45454545454545453,1.0,1.0,True,0.13735646756257472,0.9823834196891191,0.0006924291023878621,0.9158719778060913,62.84403480827999,0.9944,0.5143552311435523,0.11503759398496241,0.04635970919818776,0.5789473684210527,0.8333333333333334,0.36363636363636365,1.0,1.0,True,0.15376534936791394,0.8237919658451388,0.009245965073061453,0.8446729183197021,839.1527000870328,0.996,0.5688564476885645,0.14774436090225565,0.055052154672847964,0.7368421052631579,0.8333333333333334,0.6363636363636364,1.0,1.0,XGBoost,fleet,40000,20000,10.19,B_fleet_size,CTT_Forester,FS-A,0,6,CIDv2_OpelAstra|CIDv2_Prototype|CIDv2_RenaultClio|CTT_Impala|CTT_Silverado|ROAD_ORNL
125812,27607,0.2194305789590818,0.6230741315801083,0.4347716131660503,98229,0.039665574882341466,True,0.1254392002028471,0.9997113163972287,1.018278091746856e-05,0.9570539340247012,0.9241769824747057,0.9944,0.5318734793187347,0.05620300751879699,0.04362027183647666,0.34210526315789475,0.4166666666666667,0.18181818181818182,1.0,1.0,True,0.14210164088818053,0.9964439928879858,0.00014255893284455986,0.9159103883831828,12.93847775464588,0.9952,0.564963503649635,0.11672932330827068,0.04725529448951638,0.6052631578947368,0.5,0.5909090909090909,1.0,1.0,True,0.1539464628536241,0.9785862307160949,0.0009469986253245762,0.8635917334301787,85.94845937014765,0.9952,0.581021897810219,0.14962406015037594,0.05352439152881677,0.8421052631578947,0.9166666666666666,0.7727272727272727,1.0,1.0,True,0.153837794762198,0.9797001153402537,0.0008960847207372334,0.8647467834158395,81.3275744577741,0.9952,0.581021897810219,0.14924812030075188,0.05347171004109156,0.8421052631578947,0.9166666666666666,0.7727272727272727,1.0,1.0,True,0.17386894628174013,0.8446243181418265,0.008991395550124738,0.7941209797328218,816.0482755251651,0.9976,0.5931873479318734,0.18966165413533834,0.0698029712359077,0.8947368421052632,0.9166666666666666,0.8636363636363636,1.0,1.0,HistGB,fleet,40000,20000,28.9,B_fleet_size,CTT_Forester,FS-A,1,6,CIDv2_OpelAstra|CIDv2_Prototype|CIDv2_RenaultClio|CTT_Impala|CTT_Silverado|ROAD_ORNL
125812,27607,0.2194305789590818,0.6392183051589042,0.4469522119142802,98229,0.039665574882341466,True,0.13540044191690515,0.9994652406417113,2.036556183493712e-05,0.9225607514381409,1.8483539649494114,0.9944,0.5659367396593674,0.07518796992481203,0.04909914655989885,0.4473684210526316,0.5833333333333334,0.2727272727272727,1.0,1.0,True,0.14141340964248197,0.9966811335205514,0.0001323761519270913,0.8958026766777039,12.014300772171175,0.9952,0.5785888077858881,0.09360902255639098,0.051259087556632596,0.5526315789473685,0.8333333333333334,0.3181818181818182,1.0,1.0,True,0.14887528525374,0.982078853046595,0.0007637085688101421,0.8520923256874084,69.31327368560294,0.9952,0.5868613138686132,0.11729323308270677,0.05457802128332104,0.6578947368421053,0.8333333333333334,0.5,1.0,1.0,True,0.1486217263737458,0.9829899377096311,0.0007229774451402678,0.8536753058433533,65.61656575570412,0.9952,0.5868613138686132,0.11597744360902255,0.05457802128332104,0.6578947368421053,0.8333333333333334,0.5,1.0,1.0,True,0.17242003839605896,0.8453205469721187,0.008869202179115116,0.7516980767250061,804.9581517354687,0.9952,0.6034063260340633,0.1725563909774436,0.07154146033083975,0.7894736842105263,0.9166666666666666,0.6818181818181818,1.0,1.0,XGBoost,fleet,40000,20000,9.3,B_fleet_size,CTT_Forester,FS-A,1,6,CIDv2_OpelAstra|CIDv2_Prototype|CIDv2_RenaultClio|CTT_Impala|CTT_Silverado|ROAD_ORNL
125812,27607,0.2194305789590818,0.5207147168407068,0.3481253331039851,98229,0.039665574882341466,True,0.1135219328431195,0.9996810207336523,1.018278091746856e-05,0.9712189877625956,0.9241769824747057,0.9928,0.5255474452554745,0.00018796992481203009,0.04277736803287325,0.2631578947368421,0.4166666666666667,0.045454545454545456,1.0,1.0,True,0.11804976998587315,0.9972460220318238,9.164502825721705e-05,0.9531242110395584,8.31759284227235,0.9928,0.5435523114355231,0.008270676691729323,0.04514803498050785,0.2894736842105263,0.4166666666666667,0.09090909090909091,1.0,1.0,True,0.12388162422573985,0.9735269000853971,0.0009469986253245762,0.9310246198854464,85.94845937014765,0.9928,0.5610705596107056,0.0231203007518797,0.04757138341586766,0.42105263157894735,0.5833333333333334,0.22727272727272727,1.0,1.0,True,0.12380917883145579,0.9749001711351968,0.0008960847207372334,0.9315439360358801,81.3275744577741,0.9928,0.5605839416058395,0.0231203007518797,0.04751870192814245,0.42105263157894735,0.5833333333333334,0.22727272727272727,1.0,1.0,True,0.13576266888832542,0.8042918454935623,0.009286696196731328,0.8936165895914562,842.8494080169318,0.9936,0.5888077858880778,0.059586466165413535,0.05157517648298388,0.6578947368421053,0.6666666666666666,0.5909090909090909,1.0,1.0,HistGB,fleet,40000,20000,31.67,B_fleet_size,CTT_Forester,FS-A,0,6,CIDv2_OpelAstra|CIDv2_Prototype|CTT_Impala|CTT_Silverado|CTT_Traverse|ROAD_ORNL
125812,27607,0.2194305789590818,0.5558153148283616,0.36771216363966996,98229,0.039665574882341466,True,0.10468359474046438,1.0,0.0,0.9887943863868713,0.0,0.992,0.3956204379562044,0.00037593984962406017,0.043989042250553154,0.2631578947368421,0.4166666666666667,0.09090909090909091,1.0,0.5,True,0.11902778280870793,0.9978742787731552,7.127946642227993e-05,0.9767572283744812,6.46923887732294,0.9944,0.5138686131386861,0.019548872180451128,0.0465177536613634,0.2894736842105263,0.4166666666666667,0.09090909090909091,1.0,1.0,True,0.12960481037418045,0.9714906326364376,0.0010691919963341989,0.9655635952949524,97.03858315984411,0.9944,0.551338199513382,0.05037593984962406,0.04920450953534928,0.39473684210526316,0.5,0.22727272727272727,1.0,1.0,True,0.12880791103705583,0.9745135653603727,0.0009469986253245762,0.9663344025611877,85.94845937014765,0.9944,0.5484184914841849,0.0481203007518797,0.048993783584448426,0.39473684210526316,0.5,0.22727272727272727,1.0,1.0,True,0.14449233889955446,0.8165813715455476,0.009123771702051831,0.9461044073104858,828.0625762973364,0.9952,0.5858880778588808,0.0975563909774436,0.05384048045516805,0.6052631578947368,0.75,0.45454545454545453,1.0,1.0,XGBoost,fleet,40000,20000,9.82,B_fleet_size,CTT_Forester,FS-A,0,6,CIDv2_OpelAstra|CIDv2_Prototype|CTT_Impala|CTT_Silverado|CTT_Traverse|ROAD_ORNL
125812,27607,0.2194305789590818,0.5936369180799774,0.3950246595960886,98229,0.039665574882341466,True,0.11739776143731662,0.9984596426370919,5.09139045873428e-05,0.9709457044082469,4.620884912373529,0.992,0.532360097323601,0.019548872180451128,0.04230323464334633,0.2631578947368421,0.4166666666666667,0.045454545454545456,1.0,1.0,True,0.1249320824428587,0.9942346497549727,0.0002036556183493712,0.9527973974011273,18.483539649494116,0.9928,0.5493917274939173,0.0443609022556391,0.04441049415235486,0.3157894736842105,0.4166666666666667,0.13636363636363635,1.0,1.0,True,0.13467598797406455,0.9627136198860694,0.0014663204521154728,0.9076133666868929,133.0814854763576,0.9936,0.5795620437956205,0.07236842105263158,0.04741333895269202,0.5,0.6666666666666666,0.3181818181818182,1.0,1.0,True,0.1338790886369399,0.9662745098039216,0.0013135787383534443,0.9107660642410254,119.21883073923703,0.9936,0.5761557177615572,0.07048872180451128,0.047149931514065956,0.47368421052631576,0.6666666666666666,0.2727272727272727,1.0,1.0,True,0.15275111384793713,0.7741876262162658,0.01252482052848633,0.7943357388322321,1136.7376884438881,0.9952,0.6549878345498783,0.10864661654135338,0.05526288062374882,0.6842105263157895,0.6666666666666666,0.6363636363636364,1.0,1.0,HistGB,fleet,40000,20000,32.32,B_fleet_size,CTT_Forester,FS-A,1,6,CIDv2_OpelAstra|CIDv2_Prototype|CTT_Impala|CTT_Silverado|CTT_Traverse|ROAD_ORNL
125812,27607,0.2194305789590818,0.6304072250922976,0.4421503885883553,98229,0.039665574882341466,True,0.10486470822617452,0.9993096306523991,2.036556183493712e-05,0.9850351810455322,1.8483539649494114,0.9936,0.3931873479318735,0.02030075187969925,0.03882625645348225,0.3157894736842105,0.4166666666666667,0.13636363636363635,1.0,1.0,True,0.11978845944869054,0.9948856799037304,0.00017310727559696553,0.9739279747009277,15.711008702069998,0.9952,0.47153284671532847,0.052819548872180454,0.04283004952059846,0.3684210526315789,0.4166666666666667,0.22727272727272727,1.0,1.0,True,0.13467598797406455,0.9684813753581661,0.0012321164910136957,0.9572299122810364,111.82541487943939,0.9952,0.5226277372262774,0.09022556390977443,0.048466968707196294,0.5526315789473685,0.75,0.36363636363636365,1.0,1.0,True,0.13416887021407614,0.9691261119832548,0.0012015681482612903,0.9576486945152283,109.05288393201528,0.9952,0.5221411192214112,0.0887218045112782,0.04820356126857023,0.5526315789473685,0.75,0.36363636363636365,1.0,1.0,True,0.16803709204187345,0.8203359858532272,0.010345705412148057,0.9181471467018127,938.9638141943011,0.9952,0.5751824817518248,0.14962406015037594,0.07464966810662733,0.8421052631578947,0.9166666666666666,0.7727272727272727,1.0,1.0,XGBoost,fleet,40000,20000,10.31,B_fleet_size,CTT_Forester,FS-A,1,6,CIDv2_OpelAstra|CIDv2_Prototype|CTT_Impala|CTT_Silverado|CTT_Traverse|ROAD_ORNL
125812,27607,0.2194305789590818,0.6066675615282882,0.42152609674629976,98229,0.039665574882341466,True,0.1162386351287717,0.9993771410775459,2.036556183493712e-05,0.9397372254993173,1.8483539649494114,0.9928,0.51338199513382,0.02293233082706767,0.04167105679064377,0.2894736842105263,0.4166666666666667,0.09090909090909091,1.0,1.0,True,0.1264172130256819,0.9965733866362079,0.00012219337100962272,0.8969191328498172,11.090123789696468,0.9936,0.5381995133819951,0.05488721804511278,0.04477926456643136,0.34210526315789475,0.4166666666666667,0.18181818181818182,1.0,1.0,True,0.13949360669395444,0.9666164658634538,0.0013543098620233185,0.8191825966735813,122.91553866913587,0.9944,0.5600973236009732,0.09868421052631579,0.04909914655989885,0.631578947368421,0.75,0.5,1.0,1.0,True,0.13887782084253994,0.9698962813053377,0.0012117509291787586,0.8229694036695402,109.97706091448998,0.9944,0.5586374695863747,0.09718045112781955,0.04878305763354757,0.6052631578947368,0.75,0.45454545454545453,1.0,1.0,True,0.16235012859057485,0.7931339585913998,0.011903670892520748,0.6995841594866742,1080.362892512931,0.996,0.583941605839416,0.15902255639097745,0.06274365188072911,0.7894736842105263,0.8333333333333334,0.7272727272727273,1.0,1.0,HistGB,fleet,40000,20000,33.31,B_fleet_size,CTT_Forester,FS-A,0,6,CIDv2_OpelAstra|CIDv2_RenaultClio|CTT_Impala|CTT_Silverado|CTT_Traverse|ROAD_ORNL
125812,27607,0.2194305789590818,0.565193099462036,0.3825143431673555,98229,0.039665574882341466,True,0.10899409570036585,0.9996677740863787,1.018278091746856e-05,0.9532440900802612,0.9241769824747057,0.9928,0.4807785888077859,0.0016917293233082707,0.0406174270361395,0.2631578947368421,0.4166666666666667,0.09090909090909091,1.0,0.5,True,0.12152714891150795,0.9988091693956535,4.073112366987424e-05,0.9119077324867249,3.696707929898823,0.9936,0.5420924574209246,0.02631578947368421,0.04525339795595828,0.42105263157894735,0.5,0.2727272727272727,1.0,1.0,True,0.13924004781396024,0.9741510390268626,0.0010386436535817932,0.855222225189209,94.26605221241999,0.9944,0.5712895377128954,0.0919172932330827,0.04941523548625013,0.5526315789473685,0.6666666666666666,0.4090909090909091,1.0,1.0,True,0.1386967073568298,0.9775338269083482,0.0008960847207372334,0.8578240275382996,81.3275744577741,0.9944,0.5708029197080292,0.08966165413533835,0.049309872510799706,0.5263157894736842,0.6666666666666666,0.36363636363636365,1.0,1.0,True,0.15840185460209366,0.8202963796661039,0.009755104118934882,0.7649466395378113,885.3615492107681,0.9952,0.5931873479318734,0.1545112781954887,0.057317458645032134,0.7894736842105263,0.8333333333333334,0.7272727272727273,1.0,1.0,XGBoost,fleet,40000,20000,10.84,B_fleet_size,CTT_Forester,FS-A,0,6,CIDv2_OpelAstra|CIDv2_RenaultClio|CTT_Impala|CTT_Silverado|CTT_Traverse|ROAD_ORNL
125812,27607,0.2194305789590818,0.6257120286134705,0.42850433512222635,98229,0.039665574882341466,True,0.11714420255732241,0.9981481481481481,6.109668550481136e-05,0.9361275688770968,5.545061894848234,0.9928,0.5255474452554745,0.022556390977443608,0.0417764197660942,0.42105263157894735,0.5,0.2727272727272727,1.0,1.0,True,0.12221538015720651,0.9952802359882006,0.00016292449467949696,0.9167899992810521,14.786831719595291,0.9936,0.5318734793187347,0.04097744360902256,0.04325150142240017,0.5,0.5833333333333334,0.36363636363636365,1.0,1.0,True,0.14239142246531677,0.9580794540580063,0.0017514383178045924,0.81440630151559,158.9584409856494,0.996,0.5659367396593674,0.10526315789473684,0.050732272679380463,0.631578947368421,0.75,0.5,1.0,1.0,True,0.14166696852247618,0.9602258777314019,0.0016496105086299068,0.8192600978905648,149.71667116090234,0.996,0.5644768856447688,0.10338345864661654,0.05036350226530397,0.631578947368421,0.75,0.5,1.0,1.0,True,0.1725649291846271,0.77375345135618,0.014184613818033705,0.6465168065170592,1287.3785365872652,0.9984,0.5995133819951338,0.16785714285714284,0.07327994942577179,0.7894736842105263,0.8333333333333334,0.7272727272727273,1.0,1.0,HistGB,fleet,40000,20000,33.71,B_fleet_size,CTT_Forester,FS-A,1,6,CIDv2_OpelAstra|CIDv2_RenaultClio|CTT_Impala|CTT_Silverado|CTT_Traverse|ROAD_ORNL
125812,27607,0.2194305789590818,0.6083038070216988,0.42670905333612613,98229,0.039665574882341466,True,0.12475096895714854,1.0,0.0,0.9499751329421997,0.0,0.992,0.5396593673965937,0.05056390977443609,0.043514908861026234,0.2631578947368421,0.4166666666666667,0.09090909090909091,1.0,0.5,True,0.13862426196254574,0.9968741859859338,0.00012219337100962272,0.8884229063987732,11.090123789696468,0.9936,0.5737226277372263,0.09548872180451128,0.047307975977241595,0.5263157894736842,0.6666666666666666,0.36363636363636365,1.0,1.0,True,0.15046908392798927,0.9703340341041813,0.0012932131765185071,0.7961496114730835,117.37047677428764,0.9944,0.591727493917275,0.12687969924812031,0.053735117479717626,0.7105263157894737,0.8333333333333334,0.5909090909090909,1.0,1.0,True,0.1499981888651429,0.9738946378174976,0.0011302886818390103,0.8003612756729126,102.58364505469234,0.9944,0.591727493917275,0.12518796992481204,0.05352439152881677,0.7105263157894737,0.8333333333333334,0.5909090909090909,1.0,1.0,True,0.17980946861303293,0.79449423815621,0.013074690698029632,0.6488057971000671,1186.6432454975222,0.9952,0.6068126520681265,0.1825187969924812,0.07912759456327047,0.868421052631579,0.9166666666666666,0.8181818181818182,1.0,1.0,XGBoost,fleet,40000,20000,11.03,B_fleet_size,CTT_Forester,FS-A,1,6,CIDv2_OpelAstra|CIDv2_RenaultClio|CTT_Impala|CTT_Silverado|CTT_Traverse|ROAD_ORNL
125812,27607,0.2194305789590818,0.615912645792829,0.43268132835752393,98229,0.039665574882341466,True,0.11747020683160068,0.9993836671802774,2.036556183493712e-05,0.969247162053839,1.8483539649494114,0.9936,0.5289537712895377,0.0212406015037594,0.0421978716678959,0.3684210526315789,0.5,0.22727272727272727,1.0,0.5,True,0.12301227949433115,0.9976498237367802,8.146224733974848e-05,0.9554450856830086,7.393415859797646,0.9936,0.5401459854014599,0.03853383458646616,0.04419976820145401,0.5,0.6666666666666666,0.3181818181818182,1.0,1.0,True,0.14706415039663853,0.9600378340033104,0.0017208899750521867,0.9000628980355168,156.18591003822527,0.9936,0.5644768856447688,0.12199248120300751,0.05315562111474028,0.7105263157894737,0.8333333333333334,0.5909090909090909,1.0,1.0,True,0.14601369217951968,0.9625119388729704,0.001598696604042564,0.9023646069274112,145.0957862485288,0.9936,0.5639902676399027,0.11823308270676691,0.052734169212938574,0.7105263157894737,0.8333333333333334,0.5909090909090909,1.0,1.0,True,0.1797732459158909,0.8096247960848287,0.01188330533068581,0.8283355630538718,1078.5145385479816,0.996,0.5824817518248175,0.20432330827067668,0.07554525339795595,0.8947368421052632,0.9166666666666666,0.8636363636363636,1.0,1.0,HistGB,fleet,40000,20000,29.0,B_fleet_size,CTT_Forester,FS-A,0,6,CIDv2_Prototype|CIDv2_RenaultClio|CTT_Impala|CTT_Silverado|CTT_Traverse|ROAD_ORNL
125812,27607,0.2194305789590818,0.652800843751121,0.4816280903444141,98229,0.039665574882341466,True,0.1271778896656645,1.0,0.0,0.949614405632019,0.0,0.9928,0.5523114355231143,0.04379699248120301,0.04751870192814245,0.34210526315789475,0.4166666666666667,0.18181818181818182,1.0,1.0,True,0.13742891295685877,0.9986838641747828,5.09139045873428e-05,0.9260740876197815,4.620884912373529,0.9928,0.5712895377128954,0.07330827067669173,0.052101991360236015,0.5526315789473685,0.75,0.36363636363636365,1.0,1.0,True,0.16035788024776323,0.9800752711976976,0.0009164502825721705,0.8803282976150513,83.17592842272352,0.9936,0.5844282238442823,0.13703007518796992,0.06611526709514276,0.6842105263157895,0.9166666666666666,0.5,1.0,1.0,True,0.15898141775636615,0.9831989247311828,0.0007637085688101421,0.8836759924888611,69.31327368560294,0.9936,0.5844282238442823,0.1330827067669173,0.06521968180381414,0.6842105263157895,0.9166666666666666,0.5,1.0,1.0,True,0.1946607744412649,0.863293172690763,0.008665546560765744,0.8191356658935547,786.4746120859745,0.9944,0.5931873479318734,0.19699248120300752,0.0981982931197977,0.868421052631579,0.9166666666666666,0.8181818181818182,1.0,1.0,XGBoost,fleet,40000,20000,11.59,B_fleet_size,CTT_Forester,FS-A,0,6,CIDv2_Prototype|CIDv2_RenaultClio|CTT_Impala|CTT_Silverado|CTT_Traverse|ROAD_ORNL
125812,27607,0.2194305789590818,0.6758192385573738,0.4921557985798005,98229,0.039665574882341466,True,0.11660086210019198,0.9996894409937889,1.018278091746856e-05,0.9668438703696162,0.9241769824747057,0.9936,0.5362530413625304,0.007330827067669173,0.04404172373827837,0.2631578947368421,0.4166666666666667,0.09090909090909091,1.0,0.5,True,0.1243162965914442,0.9976744186046511,8.146224733974848e-05,0.9354275928549591,7.393415859797646,0.996,0.5659367396593674,0.019736842105263157,0.04841428721947108,0.39473684210526316,0.5,0.22727272727272727,1.0,1.0,True,0.14829572209946754,0.9599062133645956,0.0017412555368871239,0.8569185480755463,158.03426400317468,0.9968,0.5819951338199514,0.09680451127819549,0.05989885154356759,0.7105263157894737,0.8333333333333334,0.5909090909090909,1.0,1.0,True,0.14597746948237766,0.9664268585131894,0.0014255893284455985,0.8639951708277531,129.38477754645882,0.9968,0.581021897810219,0.09022556390977443,0.05847645137498683,0.7105263157894737,0.8333333333333334,0.5909090909090909,1.0,1.0,True,0.19770348100119534,0.8087124018373092,0.013145970164451912,0.7332938245756107,1193.1124843748453,0.9992,0.6014598540145986,0.21278195488721804,0.0969866189021178,0.868421052631579,0.9166666666666666,0.8181818181818182,1.0,1.0,HistGB,fleet,40000,20000,36.44,B_fleet_size,CTT_Forester,FS-A,1,6,CIDv2_Prototype|CIDv2_RenaultClio|CTT_Impala|CTT_Silverado|CTT_Traverse|ROAD_ORNL
125812,27607,0.2194305789590818,0.6145601845959252,0.4199002357367688,98229,0.039665574882341466,True,0.11732531604303256,0.9996913580246913,1.018278091746856e-05,0.9663206338882446,0.9241769824747057,0.9944,0.537712895377129,0.018421052631578946,0.0417764197660942,0.2631578947368421,0.4166666666666667,0.09090909090909091,1.0,0.5,True,0.12446118738001231,0.995653433787308,0.0001527417137620284,0.9520115852355957,13.862654737120586,0.9944,0.5610705596107056,0.03458646616541353,0.04509535349278264,0.3684210526315789,0.5,0.22727272727272727,1.0,0.5,True,0.1394573839968124,0.9620189905047476,0.0015477826994552213,0.9153750538825989,140.47490133615528,0.9952,0.5819951338199514,0.07725563909774436,0.05262880623748815,0.631578947368421,0.75,0.5,1.0,1.0,True,0.1384431484768356,0.9649078515526383,0.00141540654752813,0.9173986315727234,128.46060056398412,0.9952,0.5815085158150851,0.07443609022556391,0.05199662838478559,0.631578947368421,0.75,0.5,1.0,1.0,True,0.16807331473901546,0.796840116778293,0.012046229825365308,0.8604794144630432,1093.3013702675769,0.9952,0.5975669099756691,0.15244360902255638,0.07148877884311453,0.6842105263157895,0.8333333333333334,0.5454545454545454,1.0,1.0,XGBoost,fleet,40000,20000,11.05,B_fleet_size,CTT_Forester,FS-A,1,6,CIDv2_Prototype|CIDv2_RenaultClio|CTT_Impala|CTT_Silverado|CTT_Traverse|ROAD_ORNL
125812,27607,0.2194305789590818,0.6248434475814094,0.42709126372407197,98229,0.039665574882341466,True,0.11308726047741514,0.9996797950688441,1.018278091746856e-05,0.9629888124503445,0.9241769824747057,0.9936,0.5240875912408759,0.004699248120300752,0.04098619745021599,0.23684210526315788,0.4166666666666667,0.045454545454545456,1.0,0.5,True,0.11902778280870793,0.9966636336063087,0.00011201059009215417,0.9331289610750159,10.165946807221763,0.9944,0.5362530413625304,0.01992481203007519,0.043989042250553154,0.4473684210526316,0.5833333333333334,0.2727272727272727,1.0,1.0,True,0.13666823631687616,0.9694244604316546,0.0012117509291787586,0.8692202613683772,109.97706091448998,0.9952,0.5576642335766423,0.08552631578947369,0.048888420608998,0.631578947368421,0.75,0.5,1.0,1.0,True,0.1357264461911834,0.9704739704739704,0.001160837024591416,0.873075997805971,105.35617600211647,0.9952,0.5571776155717761,0.08233082706766917,0.048466968707196294,0.6052631578947368,0.6666666666666666,0.5,1.0,1.0,True,0.16818198283044156,0.7996899758870134,0.011842574207015935,0.7492341249703779,1074.8178306180828,0.9968,0.5951338199513382,0.18045112781954886,0.06395532609840902,0.8157894736842105,0.8333333333333334,0.7727272727272727,1.0,1.0,HistGB,fleet,40000,20000,37.39,B_fleet_size,CTT_Forester,FS-A,0,7,CIDv2_OpelAstra|CIDv2_Prototype|CIDv2_RenaultClio|CTT_Impala|CTT_Silverado|CTT_Traverse|ROAD_ORNL
125812,27607,0.2194305789590818,0.5999661665144128,0.40931244663285193,98229,0.039665574882341466,True,0.12188937588292824,0.9991092636579573,3.054834275240568e-05,0.944229006767273,2.772530947424117,0.9928,0.5635036496350365,0.012969924812030076,0.04725529448951638,0.3157894736842105,0.5,0.13636363636363635,1.0,0.5,True,0.14148585503676603,0.9946524064171123,0.00021383839926683977,0.8776435256004333,19.40771663196882,0.9952,0.5815085158150851,0.09323308270676692,0.05115372458118217,0.5789473684210527,0.75,0.4090909090909091,1.0,1.0,True,0.15354801318506175,0.9689142857142857,0.0013848582047757243,0.8219385743141174,125.68806961655999,0.9952,0.5892944038929441,0.1392857142857143,0.05494679169739754,0.6842105263157895,0.8333333333333334,0.5454545454545454,1.0,1.0,True,0.15318578621364146,0.9712907671107028,0.00127284761468357,0.8244694471359253,115.52212280933823,0.9952,0.5892944038929441,0.13778195488721803,0.05484142872194711,0.6842105263157895,0.8333333333333334,0.5454545454545454,1.0,1.0,True,0.1726011518817691,0.8121697630816431,0.011221424571050354,0.7279355525970459,1018.4430346871256,0.9952,0.6014598540145986,0.20037593984962407,0.06421873353703508,0.8157894736842105,0.8333333333333334,0.7727272727272727,1.0,1.0,XGBoost,fleet,40000,20000,11.97,B_fleet_size,CTT_Forester,FS-A,0,7,CIDv2_OpelAstra|CIDv2_Prototype|CIDv2_RenaultClio|CTT_Impala|CTT_Silverado|CTT_Traverse|ROAD_ORNL
125812,27607,0.2194305789590818,0.6051617249371206,0.4197738331561177,98229,0.039665574882341466,True,0.13293729851124714,0.998639455782313,5.09139045873428e-05,0.8564522620763831,4.620884912373529,0.9944,0.5673965936739659,0.06672932330827068,0.0477294278790433,0.34210526315789475,0.4166666666666667,0.18181818181818182,1.0,1.0,True,0.13840692577969355,0.9955706096925482,0.00017310727559696553,0.7978020632957583,15.711008702069998,0.9952,0.5776155717761557,0.08533834586466166,0.049309872510799706,0.47368421052631576,0.5833333333333334,0.3181818181818182,1.0,1.0,True,0.15083131089940957,0.9692737430167597,0.00134412708110585,0.6532441595666785,121.99136168666116,0.9952,0.5941605839416059,0.12368421052631579,0.05484142872194711,0.6578947368421053,0.8333333333333334,0.5,1.0,1.0,True,0.15043286123084726,0.9698738907052779,0.0013135787383534443,0.6568441364712924,119.21883073923703,0.9952,0.5941605839416059,0.12255639097744361,0.05457802128332104,0.6578947368421053,0.8333333333333334,0.5,1.0,1.0,True,0.1725649291846271,0.804593818611721,0.011781477521511124,0.4831386573916712,1069.2727687232345,0.9976,0.6131386861313869,0.17443609022556392,0.07001369718680855,0.8157894736842105,0.8333333333333334,0.7727272727272727,1.0,1.0,HistGB,fleet,40000,20000,41.64,B_fleet_size,CTT_Forester,FS-A,1,7,CIDv2_OpelAstra|CIDv2_Prototype|CIDv2_RenaultClio|CTT_Impala|CTT_Silverado|CTT_Traverse|ROAD_ORNL
125812,27607,0.2194305789590818,0.6233110087655626,0.42232421483786964,98229,0.039665574882341466,True,0.12348317455717753,0.9976587649985367,8.146224733974848e-05,0.8835169076919556,7.393415859797646,0.9944,0.559610705596107,0.02274436090225564,0.047149931514065956,0.3684210526315789,0.5833333333333334,0.13636363636363635,1.0,1.0,True,0.12931502879704423,0.9938752783964365,0.00022402118018430834,0.8495358228683472,20.331893614443526,0.9944,0.5669099756690997,0.04154135338345865,0.04957327994942577,0.5,0.6666666666666666,0.3181818181818182,1.0,1.0,True,0.14014561524251096,0.9588599752168525,0.001690341632299781,0.7783933877944946,153.41337909080116,0.9952,0.5771289537712896,0.07575187969924813,0.05457802128332104,0.6578947368421053,0.8333333333333334,0.5,1.0,1.0,True,0.1390589343282501,0.9640883977900553,0.0014561376711980042,0.7849720120429993,132.15730849388294,0.9952,0.5766423357664233,0.07161654135338345,0.054209250869244545,0.6578947368421053,0.8333333333333334,0.5,1.0,1.0,True,0.1642699315391024,0.8078019237620235,0.010987220609948577,0.6621266007423401,997.1869640902074,0.9968,0.5970802919708029,0.14191729323308272,0.06885470445685386,0.8157894736842105,0.8333333333333334,0.7727272727272727,1.0,1.0,XGBoost,fleet,40000,20000,46.48,B_fleet_size,CTT_Forester,FS-A,1,7,CIDv2_OpelAstra|CIDv2_Prototype|CIDv2_RenaultClio|CTT_Impala|CTT_Silverado|CTT_Traverse|ROAD_ORNL
