n_windows,n_pos,pos_rate,roc_auc,pr_auc,n_calib,win_seconds,resolvable@fa1,recall@fa1,precision@fa1,fpr@fa1,thr@fa1,fa_per_hour@fa1,recall[diagnostic]@fa1,recall[dos]@fa1,recall[fuzzing]@fa1,recall[replay]@fa1,recall[suspension]@fa1,event_recall@fa1,event_recall[diagnostic]@fa1,event_recall[dos]@fa1,event_recall[fuzzing]@fa1,event_recall[replay]@fa1,event_recall[suspension]@fa1,resolvable@fa10,recall@fa10,precision@fa10,fpr@fa10,thr@fa10,fa_per_hour@fa10,recall[diagnostic]@fa10,recall[dos]@fa10,recall[fuzzing]@fa10,recall[replay]@fa10,recall[suspension]@fa10,event_recall@fa10,event_recall[diagnostic]@fa10,event_recall[dos]@fa10,event_recall[fuzzing]@fa10,event_recall[replay]@fa10,event_recall[suspension]@fa10,resolvable@fa100,recall@fa100,precision@fa100,fpr@fa100,thr@fa100,fa_per_hour@fa100,recall[diagnostic]@fa100,recall[dos]@fa100,recall[fuzzing]@fa100,recall[replay]@fa100,recall[suspension]@fa100,event_recall@fa100,event_recall[diagnostic]@fa100,event_recall[dos]@fa100,event_recall[fuzzing]@fa100,event_recall[replay]@fa100,event_recall[suspension]@fa100,resolvable@fpr0.001,recall@fpr0.001,precision@fpr0.001,fpr@fpr0.001,thr@fpr0.001,fa_per_hour@fpr0.001,recall[diagnostic]@fpr0.001,recall[dos]@fpr0.001,recall[fuzzing]@fpr0.001,recall[replay]@fpr0.001,recall[suspension]@fpr0.001,event_recall@fpr0.001,event_recall[diagnostic]@fpr0.001,event_recall[dos]@fpr0.001,event_recall[fuzzing]@fpr0.001,event_recall[replay]@fpr0.001,event_recall[suspension]@fpr0.001,resolvable@fpr0.01,recall@fpr0.01,precision@fpr0.01,fpr@fpr0.01,thr@fpr0.01,fa_per_hour@fpr0.01,recall[diagnostic]@fpr0.01,recall[dos]@fpr0.01,recall[fuzzing]@fpr0.01,recall[replay]@fpr0.01,recall[suspension]@fpr0.01,event_recall@fpr0.01,event_recall[diagnostic]@fpr0.01,event_recall[dos]@fpr0.01,event_recall[fuzzing]@fpr0.01,event_recall[replay]@fpr0.01,event_recall[suspension]@fpr0.01,model,scope,n_train,n_train_pos,fit_s,control,test_domain,feature_set,seed,eval_set,matched_n,matched_pos,recall[spoofing]@fa1,event_recall[spoofing]@fa1,recall[spoofing]@fa10,event_recall[spoofing]@fa10,recall[spoofing]@fa100,event_recall[spoofing]@fa100,recall[spoofing]@fpr0.001,event_recall[spoofing]@fpr0.001,recall[spoofing]@fpr0.01,event_recall[spoofing]@fpr0.01,recall[timing]@fa1,event_recall[timing]@fa1,recall[timing]@fa10,event_recall[timing]@fa10,recall[timing]@fa100,event_recall[timing]@fa100,recall[timing]@fpr0.001,event_recall[timing]@fpr0.001,recall[timing]@fpr0.01,event_recall[timing]@fpr0.01,recall[masquerade]@fa1,event_recall[masquerade]@fa1,recall[masquerade]@fa10,event_recall[masquerade]@fa10,recall[masquerade]@fa100,event_recall[masquerade]@fa100,recall[masquerade]@fpr0.001,event_recall[masquerade]@fpr0.001,recall[masquerade]@fpr0.01,event_recall[masquerade]@fpr0.01
59474,952,0.0160069946531257,0.8236088995763713,0.677389346468204,58526,0.0328857999568248,False,0.6565126050420168,0.9952229299363056,5.126277297426609e-05,0.9755059480667116,5.611722474431056,0.0,0.9984025559105432,0.0,0.0,0.0,0.1666666666666666,0.0,1.0,0.0,0.0,0.0,True,0.6565126050420168,0.9873617693522908,0.0001367007279313,0.9671621918678284,14.964593265149482,0.0,0.9984025559105432,0.0,0.0,0.0,0.1666666666666666,0.0,1.0,0.0,0.0,0.0,True,0.657563025210084,0.9470499243570348,0.0005980656846997,0.9349777102470398,65.47009553502899,0.0,1.0,0.0,0.0,0.0,0.1666666666666666,0.0,1.0,0.0,0.0,0.0,True,0.657563025210084,0.9470499243570348,0.0005980656846997,0.934805154800415,65.47009553502899,0.0,1.0,0.0,0.0,0.0,0.1666666666666666,0.0,1.0,0.0,0.0,0.0,True,0.6596638655462185,0.6687965921192758,0.0053142407983322,0.8390856981277466,581.7485631826861,0.0,1.0,0.0,0.0,0.0066889632107023,0.3333333333333333,0.0,1.0,0.0,0.0,1.0,LogReg,fleet,59003,477,3.93,A_volume_matched,CIDv2_OpelAstra,FS-A,0,cross,59003,477,,,,,,,,,,,,,,,,,,,,,,,,,,,,,,
29734,475,0.0159749781395035,0.8195686797224786,0.6766332732809929,29263,0.0328857999568248,False,0.6568421052631579,0.9968051118210862,3.417751802864076e-05,0.9799336194992068,3.7414040426154256,0.0,0.9968051118210862,0.0,0.0,0.0,0.1666666666666666,0.0,1.0,0.0,0.0,0.0,True,0.6568421052631579,0.9968051118210862,3.417751802864076e-05,0.9799336194992064,3.7414040426154256,0.0,0.9968051118210862,0.0,0.0,0.0,0.1666666666666666,0.0,1.0,0.0,0.0,0.0,True,0.6589473684210526,0.8792134831460674,0.0014696332752315,0.917768120765686,160.8803738324633,0.0,1.0,0.0,0.0,0.0,0.1666666666666666,0.0,1.0,0.0,0.0,0.0,True,0.6589473684210526,0.871866295264624,0.0015721658293174,0.9154360890388488,172.10458596030958,0.0,1.0,0.0,0.0,0.0,0.1666666666666666,0.0,1.0,0.0,0.0,0.0,True,0.6631578947368421,0.3488372093023256,0.0200963806008407,0.7444629073143005,2199.94557705787,0.0,1.0,0.0,0.0,0.0134228187919463,0.3333333333333333,0.0,1.0,0.0,0.0,1.0,LogReg,fleet,59003,477,4.4,A_volume_matched,CIDv2_OpelAstra,FS-A,0,in_f0,59003,477,,,,,,,,,,,,,,,,,,,,,,,,,,,,,,
59474,952,0.0160069946531257,0.8054069355947157,0.6717190598404197,58526,0.0328857999568248,False,0.657563025210084,1.0,0.0,0.209158598390829,0.0,0.0,1.0,0.0,0.0,0.0,0.1666666666666666,0.0,1.0,0.0,0.0,0.0,True,0.657563025210084,1.0,0.0,0.209158598390829,0.0,0.0,1.0,0.0,0.0,0.0,0.1666666666666666,0.0,1.0,0.0,0.0,0.0,True,0.657563025210084,0.9827315541601256,0.0001879635009056,0.1589500289508931,20.57631573958054,0.0,1.0,0.0,0.0,0.0,0.1666666666666666,0.0,1.0,0.0,0.0,0.0,True,0.657563025210084,0.9811912225705328,0.000205051091897,0.1560380169181941,22.446889897724223,0.0,1.0,0.0,0.0,0.0,0.1666666666666666,0.0,1.0,0.0,0.0,0.0,True,0.6586134453781513,0.8472972972972973,0.0019308977820306,0.1262006785264851,211.37487987023644,0.0,1.0,0.0,0.0,0.0033444816053511,0.3333333333333333,0.0,1.0,0.0,0.0,1.0,RandomForest,fleet,59003,477,76.08,A_volume_matched,CIDv2_OpelAstra,FS-A,0,cross,59003,477,,,,,,,,,,,,,,,,,,,,,,,,,,,,,,
29734,475,0.0159749781395035,0.8000018707694079,0.6734816702390753,29263,0.0328857999568248,False,0.6589473684210526,0.9936507936507936,6.835503605728151e-05,0.1660285568119526,7.482808085230851,0.0,1.0,0.0,0.0,0.0,0.1666666666666666,0.0,1.0,0.0,0.0,0.0,True,0.6589473684210526,0.9936507936507936,6.835503605728151e-05,0.1660285568119525,7.482808085230851,0.0,1.0,0.0,0.0,0.0,0.1666666666666666,0.0,1.0,0.0,0.0,0.0,True,0.6589473684210526,0.8917378917378918,0.0012987456850883,0.1329350228308517,142.17335361938618,0.0,1.0,0.0,0.0,0.0,0.1666666666666666,0.0,1.0,0.0,0.0,0.0,True,0.6589473684210526,0.8917378917378918,0.0012987456850883,0.1328292735936381,142.17335361938618,0.0,1.0,0.0,0.0,0.0,0.1666666666666666,0.0,1.0,0.0,0.0,0.0,True,0.6610526315789473,0.473604826546003,0.0119279537919956,0.1029380547901008,1305.7500108727836,0.0,1.0,0.0,0.0,0.0067114093959731,0.3333333333333333,0.0,1.0,0.0,0.0,1.0,RandomForest,fleet,59003,477,57.18,A_volume_matched,CIDv2_OpelAstra,FS-A,0,in_f0,59003,477,,,,,,,,,,,,,,,,,,,,,,,,,,,,,,
59474,952,0.0160069946531257,0.8345197751531492,0.6790967009888322,58526,0.0328857999568248,False,0.6565126050420168,0.9968102073365231,3.417518198284406e-05,0.8310361540533215,3.7411483162873695,0.0,0.9984025559105432,0.0,0.0,0.0,0.1666666666666666,0.0,1.0,0.0,0.0,0.0,True,0.6565126050420168,0.9889240506329114,0.0001196131369399,0.8216605850915842,13.094019107005796,0.0,0.9984025559105432,0.0,0.0,0.0,0.1666666666666666,0.0,1.0,0.0,0.0,0.0,True,0.657563025210084,0.9660493827160492,0.0003759270018112,0.7970659985335758,41.15263147916108,0.0,0.9984025559105432,0.0,0.0,0.0033444816053511,0.3333333333333333,0.0,1.0,0.0,0.0,1.0,True,0.657563025210084,0.9601226993865032,0.0004442773657769,0.7966132981642785,48.63492811173581,0.0,0.9984025559105432,0.0,0.0,0.0033444816053511,0.3333333333333333,0.0,1.0,0.0,0.0,1.0,True,0.657563025210084,0.8067010309278351,0.0025631386487133,0.7393955591521054,280.5861237215527,0.0,0.9984025559105432,0.0,0.0,0.0033444816053511,0.3333333333333333,0.0,1.0,0.0,0.0,1.0,HistGB,fleet,59003,477,12.96,A_volume_matched,CIDv2_OpelAstra,FS-A,0,cross,59003,477,,,,,,,,,,,,,,,,,,,,,,,,,,,,,,
29734,475,0.0159749781395035,0.8437728022506795,0.6829700907638893,29263,0.0328857999568248,False,0.6589473684210526,0.9936507936507936,6.835503605728151e-05,0.8308740221159199,7.482808085230851,0.0,1.0,0.0,0.0,0.0,0.1666666666666666,0.0,1.0,0.0,0.0,0.0,True,0.6589473684210526,0.9936507936507936,6.835503605728151e-05,0.8301915782908457,7.482808085230851,0.0,1.0,0.0,0.0,0.0,0.1666666666666666,0.0,1.0,0.0,0.0,0.0,True,0.6589473684210526,0.8258575197889182,0.0022557161898902,0.7627446545587762,246.93266681261807,0.0,1.0,0.0,0.0,0.0,0.1666666666666666,0.0,1.0,0.0,0.0,0.0,True,0.6589473684210526,0.819371727748691,0.0023582487439762,0.7590901162002465,258.1568789404644,0.0,1.0,0.0,0.0,0.0,0.1666666666666666,0.0,1.0,0.0,0.0,0.0,True,0.6673684210526316,0.4138381201044386,0.0153457055948597,0.6593419292925816,1679.890415134326,0.0,1.0,0.0,0.0,0.0268456375838926,0.3333333333333333,0.0,1.0,0.0,0.0,1.0,HistGB,fleet,59003,477,19.09,A_volume_matched,CIDv2_OpelAstra,FS-A,0,in_f0,59003,477,,,,,,,,,,,,,,,,,,,,,,,,,,,,,,
59474,952,0.0160069946531257,0.8185364607549728,0.675998067161006,58526,0.0328857999568248,False,0.657563025210084,1.0,0.0,0.7190796732902528,0.0,0.0,1.0,0.0,0.0,0.0,0.1666666666666666,0.0,1.0,0.0,0.0,0.0,True,0.657563025210084,1.0,0.0,0.7190796732902528,0.0,0.0,1.0,0.0,0.0,0.0,0.1666666666666666,0.0,1.0,0.0,0.0,0.0,True,0.657563025210084,0.9984051036682616,1.708759099142203e-05,0.3220532834529876,1.8705741581436848,0.0,1.0,0.0,0.0,0.0,0.1666666666666666,0.0,1.0,0.0,0.0,0.0,True,0.657563025210084,0.9984051036682616,1.708759099142203e-05,0.3142236173152923,1.8705741581436848,0.0,1.0,0.0,0.0,0.0,0.1666666666666666,0.0,1.0,0.0,0.0,0.0,True,0.657563025210084,0.8816901408450705,0.0014353576432794,0.0911720842123031,157.12822928406956,0.0,1.0,0.0,0.0,0.0,0.1666666666666666,0.0,1.0,0.0,0.0,0.0,XGBoost,fleet,59003,477,29.5,A_volume_matched,CIDv2_OpelAstra,FS-A,0,cross,59003,477,,,,,,,,,,,,,,,,,,,,,,,,,,,,,,
29734,475,0.0159749781395035,0.8324068347840791,0.678850538069982,29263,0.0328857999568248,False,0.6589473684210526,0.9968152866242038,3.417751802864076e-05,0.3026080131530762,3.7414040426154256,0.0,1.0,0.0,0.0,0.0,0.1666666666666666,0.0,1.0,0.0,0.0,0.0,True,0.6589473684210526,0.9690402476780186,0.0003417751802864,0.198466271162033,37.41404042615426,0.0,1.0,0.0,0.0,0.0,0.1666666666666666,0.0,1.0,0.0,0.0,0.0,True,0.6589473684210526,0.876750700280112,0.0015038107932601,0.0983675196766853,164.62177787507872,0.0,1.0,0.0,0.0,0.0,0.1666666666666666,0.0,1.0,0.0,0.0,0.0,True,0.6589473684210526,0.8598901098901099,0.0017430534194606,0.0940451547503471,190.8116061733867,0.0,1.0,0.0,0.0,0.0,0.1666666666666666,0.0,1.0,0.0,0.0,0.0,True,0.6631578947368421,0.465288035450517,0.0123722615263679,0.0298766084015369,1354.388263426784,0.0,1.0,0.0,0.0,0.0134228187919463,0.3333333333333333,0.0,1.0,0.0,0.0,1.0,XGBoost,fleet,59003,477,34.57,A_volume_matched,CIDv2_OpelAstra,FS-A,0,in_f0,59003,477,,,,,,,,,,,,,,,,,,,,,,,,,,,,,,
59474,952,0.0160069946531257,0.8224634476325645,0.6775157497687391,58526,0.0328857999568248,False,0.657563025210084,1.0,0.0,0.3321297154681366,0.0,0.0,1.0,0.0,0.0,0.0,0.1666666666666666,0.0,1.0,0.0,0.0,0.0,True,0.657563025210084,1.0,0.0,0.3321297154681366,0.0,0.0,1.0,0.0,0.0,0.0,0.1666666666666666,0.0,1.0,0.0,0.0,0.0,True,0.657563025210084,0.9952305246422892,5.126277297426609e-05,0.1821441653190728,5.611722474431056,0.0,1.0,0.0,0.0,0.0,0.1666666666666666,0.0,1.0,0.0,0.0,0.0,True,0.657563025210084,0.9952305246422892,5.126277297426609e-05,0.1817725901706452,5.611722474431056,0.0,1.0,0.0,0.0,0.0,0.1666666666666666,0.0,1.0,0.0,0.0,0.0,True,0.6586134453781513,0.7215189873417721,0.0041351970199241,0.0312462829608728,452.6789462707718,0.0,1.0,0.0,0.0,0.0033444816053511,0.3333333333333333,0.0,1.0,0.0,0.0,1.0,LightGBM,fleet,59003,477,48.94,A_volume_matched,CIDv2_OpelAstra,FS-A,0,cross,59003,477,,,,,,,,,,,,,,,,,,,,,,,,,,,,,,
29734,475,0.0159749781395035,0.8316966619357787,0.6814343828984536,29263,0.0328857999568248,False,0.6589473684210526,1.0,0.0,0.2286949665062203,0.0,0.0,1.0,0.0,0.0,0.0,0.1666666666666666,0.0,1.0,0.0,0.0,0.0,True,0.6589473684210526,0.9968152866242038,3.417751802864076e-05,0.1973914342833312,3.7414040426154256,0.0,1.0,0.0,0.0,0.0,0.1666666666666666,0.0,1.0,0.0,0.0,0.0,True,0.6589473684210526,0.9178885630498532,0.0009569705048019,0.066997677318769,104.75931319323192,0.0,1.0,0.0,0.0,0.0,0.1666666666666666,0.0,1.0,0.0,0.0,0.0,True,0.6589473684210526,0.9072463768115944,0.0010936805769165,0.0618754673094172,119.72492936369362,0.0,1.0,0.0,0.0,0.0,0.1666666666666666,0.0,1.0,0.0,0.0,0.0,True,0.6673684210526316,0.4899536321483771,0.0112785809494514,0.0163660039986425,1234.6633340630906,0.0,1.0,0.0,0.0,0.0268456375838926,0.3333333333333333,0.0,1.0,0.0,0.0,1.0,LightGBM,fleet,59003,477,24.51,A_volume_matched,CIDv2_OpelAstra,FS-A,0,in_f0,59003,477,,,,,,,,,,,,,,,,,,,,,,,,,,,,,,
59474,952,0.0160069946531257,0.7919190197523936,0.6302701857835817,58526,0.0328857999568248,False,0.0021008403361344,0.5,3.417518198284406e-05,0.9706430435180664,3.7411483162873695,0.0,0.0015974440894568,0.0,0.3333333333333333,0.0,0.3333333333333333,0.0,1.0,0.0,1.0,0.0,True,0.0031512605042016,0.3,0.0001196131369399,0.967102587223053,13.094019107005796,0.0,0.0031948881789137,0.0,0.3333333333333333,0.0,0.3333333333333333,0.0,1.0,0.0,1.0,0.0,True,0.6586134453781513,0.8868458274398868,0.0013670072793137,0.907773733139038,149.6459326514948,0.0,0.9984025559105432,0.0,0.6666666666666666,0.0,0.3333333333333333,0.0,1.0,0.0,1.0,0.0,True,0.6586134453781513,0.8868458274398868,0.0013670072793137,0.907773733139038,149.6459326514948,0.0,0.9984025559105432,0.0,0.6666666666666666,0.0,0.3333333333333333,0.0,1.0,0.0,1.0,0.0,True,0.6628151260504201,0.5031897926634769,0.0106455691876559,0.7642229199409485,1165.367700523516,0.0,1.0,0.0,1.0,0.0066889632107023,0.5,0.0,1.0,0.0,1.0,1.0,LogReg,fleet,59003,477,2.94,A_volume_matched,CIDv2_OpelAstra,FS-A,1,cross,59003,477,,,,,,,,,,,,,,,,,,,,,,,,,,,,,,
29734,475,0.0159749781395035,0.7928441631095066,0.6340982390005446,29263,0.0328857999568248,False,0.0,0.0,0.0,0.9838811159133912,0.0,0.0,0.0,0.0,0.0,0.0,0.0,0.0,0.0,0.0,0.0,0.0,True,0.0,0.0,3.417751802864076e-05,0.969358205795288,3.7414040426154256,0.0,0.0,0.0,0.0,0.0,0.0,0.0,0.0,0.0,0.0,0.0,True,0.6568421052631579,0.9203539823008848,0.0009227929867733,0.9265745282173156,101.0179091506165,0.0,0.9968051118210862,0.0,0.0,0.0,0.1666666666666666,0.0,1.0,0.0,0.0,0.0,True,0.6568421052631579,0.9149560117302052,0.0009911480228305,0.9222967624664308,108.50071723584736,0.0,0.9968051118210862,0.0,0.0,0.0,0.1666666666666666,0.0,1.0,0.0,0.0,0.0,True,0.6631578947368421,0.4772727272727273,0.011791243719881,0.7617224454879761,1290.784394702322,0.0,1.0,0.0,1.0,0.0067114093959731,0.5,0.0,1.0,0.0,1.0,1.0,LogReg,fleet,59003,477,3.02,A_volume_matched,CIDv2_OpelAstra,FS-A,1,in_f0,59003,477,,,,,,,,,,,,,,,,,,,,,,,,,,,,,,
59474,952,0.0160069946531257,0.8124210327136904,0.6713617452201465,58526,0.0328857999568248,False,0.657563025210084,1.0,0.0,0.2025877126933194,0.0,0.0,1.0,0.0,0.0,0.0,0.1666666666666666,0.0,1.0,0.0,0.0,0.0,True,0.657563025210084,1.0,0.0,0.2025877126933194,0.0,0.0,1.0,0.0,0.0,0.0,0.1666666666666666,0.0,1.0,0.0,0.0,0.0,True,0.657563025210084,0.9873817034700316,0.0001367007279313,0.1695176356499631,14.964593265149482,0.0,1.0,0.0,0.0,0.0,0.1666666666666666,0.0,1.0,0.0,0.0,0.0,True,0.657563025210084,0.9873817034700316,0.0001367007279313,0.1695176356499631,14.964593265149482,0.0,1.0,0.0,0.0,0.0,0.1666666666666666,0.0,1.0,0.0,0.0,0.0,True,0.657563025210084,0.8505434782608695,0.0018796350090564,0.1459915595648108,205.76315739580537,0.0,1.0,0.0,0.0,0.0,0.1666666666666666,0.0,1.0,0.0,0.0,0.0,RandomForest,fleet,59003,477,48.34,A_volume_matched,CIDv2_OpelAstra,FS-A,1,cross,59003,477,,,,,,,,,,,,,,,,,,,,,,,,,,,,,,
29734,475,0.0159749781395035,0.817823287841258,0.6736372641075341,29263,0.0328857999568248,False,0.6589473684210526,1.0,0.0,0.1893535495436928,0.0,0.0,1.0,0.0,0.0,0.0,0.1666666666666666,0.0,1.0,0.0,0.0,0.0,True,0.6589473684210526,1.0,0.0,0.1893535495436927,0.0,0.0,1.0,0.0,0.0,0.0,0.1666666666666666,0.0,1.0,0.0,0.0,0.0,True,0.6589473684210526,0.9205882352941176,0.0009227929867733,0.1526919723910896,101.0179091506165,0.0,1.0,0.0,0.0,0.0,0.1666666666666666,0.0,1.0,0.0,0.0,0.0,True,0.6589473684210526,0.9178885630498532,0.0009569705048019,0.1525561902504776,104.75931319323192,0.0,1.0,0.0,0.0,0.0,0.1666666666666666,0.0,1.0,0.0,0.0,0.0,True,0.6631578947368421,0.5198019801980198,0.0099456577463344,0.1262284630167908,1088.748576401089,0.0,1.0,0.0,0.0,0.0134228187919463,0.3333333333333333,0.0,1.0,0.0,0.0,1.0,RandomForest,fleet,59003,477,44.49,A_volume_matched,CIDv2_OpelAstra,FS-A,1,in_f0,59003,477,,,,,,,,,,,,,,,,,,,,,,,,,,,,,,
59474,952,0.0160069946531257,0.7894671837840772,0.6687241754271344,58526,0.0328857999568248,False,0.6565126050420168,0.9952229299363056,5.126277297426609e-05,0.7931309060489568,5.611722474431056,0.0,0.9984025559105432,0.0,0.0,0.0,0.1666666666666666,0.0,1.0,0.0,0.0,0.0,True,0.6565126050420168,0.992063492063492,8.543795495711015e-05,0.7570873832380131,9.352870790718423,0.0,0.9984025559105432,0.0,0.0,0.0,0.1666666666666666,0.0,1.0,0.0,0.0,0.0,True,0.6565126050420168,0.9858044164037856,0.0001537883189227,0.7344981614051224,16.835167423293168,0.0,0.9984025559105432,0.0,0.0,0.0,0.1666666666666666,0.0,1.0,0.0,0.0,0.0,True,0.6565126050420168,0.9858044164037856,0.0001537883189227,0.733441783298323,16.835167423293168,0.0,0.9984025559105432,0.0,0.0,0.0,0.1666666666666666,0.0,1.0,0.0,0.0,0.0,True,0.6586134453781513,0.538659793814433,0.0091760363623936,0.566649897420223,1004.4983229231588,0.0,1.0,0.0,0.0,0.0033444816053511,0.3333333333333333,0.0,1.0,0.0,0.0,1.0,HistGB,fleet,59003,477,9.51,A_volume_matched,CIDv2_OpelAstra,FS-A,1,cross,59003,477,,,,,,,,,,,,,,,,,,,,,,,,,,,,,,
29734,475,0.0159749781395035,0.8022379438805154,0.6727224794273868,29263,0.0328857999568248,False,0.6589473684210526,0.9968152866242038,3.417751802864076e-05,0.8400803761866585,3.7414040426154256,0.0,1.0,0.0,0.0,0.0,0.1666666666666666,0.0,1.0,0.0,0.0,0.0,True,0.6589473684210526,0.9968152866242038,3.417751802864076e-05,0.8400803761866584,3.7414040426154256,0.0,1.0,0.0,0.0,0.0,0.1666666666666666,0.0,1.0,0.0,0.0,0.0,True,0.6589473684210526,0.9098837209302324,0.0010595030588878,0.6493276359189967,115.9835253210782,0.0,1.0,0.0,0.0,0.0,0.1666666666666666,0.0,1.0,0.0,0.0,0.0,True,0.6589473684210526,0.9020172910662824,0.0011620356129737,0.6427440078768579,127.20773744892448,0.0,1.0,0.0,0.0,0.0,0.1666666666666666,0.0,1.0,0.0,0.0,0.0,True,0.6610526315789473,0.4815950920245399,0.0115520010936805,0.5594410405616788,1264.594566404014,0.0,1.0,0.0,0.0,0.0067114093959731,0.3333333333333333,0.0,1.0,0.0,0.0,1.0,HistGB,fleet,59003,477,8.27,A_volume_matched,CIDv2_OpelAstra,FS-A,1,in_f0,59003,477,,,,,,,,,,,,,,,,,,,,,,,,,,,,,,
59474,952,0.0160069946531257,0.812973022929824,0.6717601393574097,58526,0.0328857999568248,False,0.657563025210084,1.0,0.0,0.7793176770210267,0.0,0.0,1.0,0.0,0.0,0.0,0.1666666666666666,0.0,1.0,0.0,0.0,0.0,True,0.657563025210084,1.0,0.0,0.7332260608673096,0.0,0.0,1.0,0.0,0.0,0.0,0.1666666666666666,0.0,1.0,0.0,0.0,0.0,True,0.657563025210084,0.9873817034700316,0.0001367007279313,0.3495965600013733,14.964593265149482,0.0,1.0,0.0,0.0,0.0,0.1666666666666666,0.0,1.0,0.0,0.0,0.0,True,0.657563025210084,0.9827315541601256,0.0001879635009056,0.3297513425350189,20.57631573958054,0.0,1.0,0.0,0.0,0.0,0.1666666666666666,0.0,1.0,0.0,0.0,0.0,True,0.657563025210084,0.6394279877425945,0.0060319196199719,0.1062013730406761,660.3126778247209,0.0,1.0,0.0,0.0,0.0,0.1666666666666666,0.0,1.0,0.0,0.0,0.0,XGBoost,fleet,59003,477,8.42,A_volume_matched,CIDv2_OpelAstra,FS-A,1,cross,59003,477,,,,,,,,,,,,,,,,,,,,,,,,,,,,,,
29734,475,0.0159749781395035,0.8329806573236125,0.6773078277968442,29263,0.0328857999568248,False,0.6589473684210526,1.0,0.0,0.6596404314041139,0.0,0.0,1.0,0.0,0.0,0.0,0.1666666666666666,0.0,1.0,0.0,0.0,0.0,True,0.6589473684210526,1.0,0.0,0.5996477007865906,0.0,0.0,1.0,0.0,0.0,0.0,0.1666666666666666,0.0,1.0,0.0,0.0,0.0,True,0.6589473684210526,0.9542682926829268,0.0005126627704296,0.2312774211168289,56.12106063923138,0.0,1.0,0.0,0.0,0.0,0.1666666666666666,0.0,1.0,0.0,0.0,0.0,True,0.6589473684210526,0.9484848484848484,0.0005810178064868,0.227072611451149,63.60386872446224,0.0,1.0,0.0,0.0,0.0,0.1666666666666666,0.0,1.0,0.0,0.0,0.0,True,0.6589473684210526,0.6561844863731656,0.005605112956697,0.0934193581342697,613.5902629889299,0.0,1.0,0.0,0.0,0.0,0.1666666666666666,0.0,1.0,0.0,0.0,0.0,XGBoost,fleet,59003,477,8.0,A_volume_matched,CIDv2_OpelAstra,FS-A,1,in_f0,59003,477,,,,,,,,,,,,,,,,,,,,,,,,,,,,,,
59474,952,0.0160069946531257,0.807366632788244,0.6712059805385948,58526,0.0328857999568248,False,0.657563025210084,1.0,0.0,0.4791852103871499,0.0,0.0,1.0,0.0,0.0,0.0,0.1666666666666666,0.0,1.0,0.0,0.0,0.0,True,0.657563025210084,0.978125,0.0002392262738799,0.1730423584087271,26.188038214011595,0.0,1.0,0.0,0.0,0.0,0.1666666666666666,0.0,1.0,0.0,0.0,0.0,True,0.657563025210084,0.9098837209302324,0.0010594306414681,0.0770368733357829,115.97559780490847,0.0,1.0,0.0,0.0,0.0,0.1666666666666666,0.0,1.0,0.0,0.0,0.0,True,0.657563025210084,0.9098837209302324,0.0010594306414681,0.0770368733357829,115.97559780490847,0.0,1.0,0.0,0.0,0.0,0.1666666666666666,0.0,1.0,0.0,0.0,0.0,True,0.657563025210084,0.5355004277159966,0.0092785619083421,0.0236261495221295,1015.7217678720212,0.0,1.0,0.0,0.0,0.0,0.1666666666666666,0.0,1.0,0.0,0.0,0.0,LightGBM,fleet,59003,477,16.54,A_volume_matched,CIDv2_OpelAstra,FS-A,1,cross,59003,477,,,,,,,,,,,,,,,,,,,,,,,,,,,,,,
29734,475,0.0159749781395035,0.8188719620233811,0.6752974358597521,29263,0.0328857999568248,False,0.6589473684210526,0.9873817034700316,0.0001367100721145,0.2308507299257055,14.965616170461702,0.0,1.0,0.0,0.0,0.0,0.1666666666666666,0.0,1.0,0.0,0.0,0.0,True,0.6589473684210526,0.9873817034700316,0.0001367100721145,0.2308507299257055,14.965616170461702,0.0,1.0,0.0,0.0,0.0,0.1666666666666666,0.0,1.0,0.0,0.0,0.0,True,0.6589473684210526,0.9287833827893176,0.0008202604326873,0.0877268682127399,89.79369702277023,0.0,1.0,0.0,0.0,0.0,0.1666666666666666,0.0,1.0,0.0,0.0,0.0,True,0.6589473684210526,0.9233038348082596,0.0008886154687446,0.0856923671387362,97.27650510800107,0.0,1.0,0.0,0.0,0.0,0.1666666666666666,0.0,1.0,0.0,0.0,0.0,True,0.6589473684210526,0.5396551724137931,0.009125397313647,0.0232000896116795,998.9548793783188,0.0,1.0,0.0,0.0,0.0,0.1666666666666666,0.0,1.0,0.0,0.0,0.0,LightGBM,fleet,59003,477,14.47,A_volume_matched,CIDv2_OpelAstra,FS-A,1,in_f0,59003,477,,,,,,,,,,,,,,,,,,,,,,,,,,,,,,
59474,952,0.0160069946531257,0.7928700285520722,0.6733866312965038,58526,0.0328857999568248,False,0.657563025210084,1.0,0.0,0.958857834339142,0.0,0.0,0.9984025559105432,0.0,0.3333333333333333,0.0,0.3333333333333333,0.0,1.0,0.0,1.0,0.0,True,0.657563025210084,0.9827315541601256,0.0001879635009056,0.9377944469451904,20.57631573958054,0.0,0.9984025559105432,0.0,0.3333333333333333,0.0,0.3333333333333333,0.0,1.0,0.0,1.0,0.0,True,0.6596638655462185,0.9276218611521418,0.0008372919585796,0.8855717778205872,91.65813374904056,0.0,0.9984025559105432,0.0,1.0,0.0,0.3333333333333333,0.0,1.0,0.0,1.0,0.0,True,0.6596638655462185,0.922173274596182,0.0009056423225453,0.8837006688117981,99.14043038161532,0.0,0.9984025559105432,0.0,1.0,0.0,0.3333333333333333,0.0,1.0,0.0,1.0,0.0,True,0.6617647058823529,0.5417024935511608,0.0091076859984279,0.7519741058349609,997.0160262905844,0.0,1.0,0.0,1.0,0.0033444816053511,0.5,0.0,1.0,0.0,1.0,1.0,LogReg,fleet,59003,477,3.47,A_volume_matched,CIDv2_OpelAstra,FS-A,2,cross,59003,477,,,,,,,,,,,,,,,,,,,,,,,,,,,,,,
29734,475,0.0159749781395035,0.7906136303539532,0.6724881152543796,29263,0.0328857999568248,False,0.6568421052631579,1.0,0.0,0.9580768942832948,0.0,0.0,0.9968051118210862,0.0,0.0,0.0,0.1666666666666666,0.0,1.0,0.0,0.0,0.0,True,0.6568421052631579,0.9842271293375394,0.0001708875901432,0.946308970451355,18.70702021307713,0.0,0.9968051118210862,0.0,0.0,0.0,0.1666666666666666,0.0,1.0,0.0,0.0,0.0,True,0.6589473684210526,0.9072463768115944,0.0010936805769165,0.8815475106239319,119.72492936369362,0.0,0.9968051118210862,0.0,1.0,0.0,0.3333333333333333,0.0,1.0,0.0,1.0,0.0,True,0.6589473684210526,0.9020172910662824,0.0011620356129737,0.8791877627372742,127.20773744892448,0.0,0.9968051118210862,0.0,1.0,0.0,0.3333333333333333,0.0,1.0,0.0,1.0,0.0,True,0.6631578947368421,0.4048843187660668,0.0158241908472606,0.7190039753913879,1732.2700717309424,0.0,1.0,0.0,1.0,0.0067114093959731,0.5,0.0,1.0,0.0,1.0,1.0,LogReg,fleet,59003,477,3.98,A_volume_matched,CIDv2_OpelAstra,FS-A,2,in_f0,59003,477,,,,,,,,,,,,,,,,,,,,,,,,,,,,,,
59474,952,0.0160069946531257,0.8286646456880828,0.6738179516426097,58526,0.0328857999568248,False,0.657563025210084,1.0,0.0,0.2190973122201632,0.0,0.0,1.0,0.0,0.0,0.0,0.1666666666666666,0.0,1.0,0.0,0.0,0.0,True,0.657563025210084,1.0,0.0,0.2190973122201632,0.0,0.0,1.0,0.0,0.0,0.0,0.1666666666666666,0.0,1.0,0.0,0.0,0.0,True,0.657563025210084,0.9796557120500784,0.0002221386828884,0.1861434521946506,24.317464055867905,0.0,1.0,0.0,0.0,0.0,0.1666666666666666,0.0,1.0,0.0,0.0,0.0,True,0.657563025210084,0.9796557120500784,0.0002221386828884,0.1861434521946506,24.317464055867905,0.0,1.0,0.0,0.0,0.0,0.1666666666666666,0.0,1.0,0.0,0.0,0.0,True,0.6596638655462185,0.7772277227722773,0.0030757663784559,0.1494696768718737,336.7033484658633,0.0,1.0,0.0,0.3333333333333333,0.0033444816053511,0.5,0.0,1.0,0.0,1.0,1.0,RandomForest,fleet,59003,477,61.13,A_volume_matched,CIDv2_OpelAstra,FS-A,2,cross,59003,477,,,,,,,,,,,,,,,,,,,,,,,,,,,,,,
29734,475,0.0159749781395035,0.8224527585754091,0.67369975817678,29263,0.0328857999568248,False,0.6589473684210526,0.9936507936507936,6.835503605728151e-05,0.1961685818848728,7.482808085230851,0.0,1.0,0.0,0.0,0.0,0.1666666666666666,0.0,1.0,0.0,0.0,0.0,True,0.6589473684210526,0.9936507936507936,6.835503605728151e-05,0.1961685818848728,7.482808085230851,0.0,1.0,0.0,0.0,0.0,0.1666666666666666,0.0,1.0,0.0,0.0,0.0,True,0.6589473684210526,0.9484848484848484,0.0005810178064868,0.1660081833593704,63.60386872446224,0.0,1.0,0.0,0.0,0.0,0.1666666666666666,0.0,1.0,0.0,0.0,0.0,True,0.6589473684210526,0.945619335347432,0.0006151953245155,0.1659520269455372,67.34527276707766,0.0,1.0,0.0,0.0,0.0,0.1666666666666666,0.0,1.0,0.0,0.0,0.0,True,0.6610526315789473,0.5286195286195287,0.0095697050480194,0.1295568285669803,1047.593131932319,0.0,1.0,0.0,0.0,0.0067114093959731,0.3333333333333333,0.0,1.0,0.0,0.0,1.0,RandomForest,fleet,59003,477,42.23,A_volume_matched,CIDv2_OpelAstra,FS-A,2,in_f0,59003,477,,,,,,,,,,,,,,,,,,,,,,,,,,,,,,
59474,952,0.0160069946531257,0.8333473635857405,0.6759744572909399,58526,0.0328857999568248,False,0.6565126050420168,0.9968102073365231,3.417518198284406e-05,0.8959958974295548,3.7411483162873695,0.0,0.9984025559105432,0.0,0.0,0.0,0.1666666666666666,0.0,1.0,0.0,0.0,0.0,True,0.6565126050420168,0.9873617693522908,0.0001367007279313,0.8701421622805126,14.964593265149482,0.0,0.9984025559105432,0.0,0.0,0.0,0.1666666666666666,0.0,1.0,0.0,0.0,0.0,True,0.6565126050420168,0.9370314842578712,0.0007176788216397,0.850020395695514,78.56411464203478,0.0,0.9984025559105432,0.0,0.0,0.0,0.1666666666666666,0.0,1.0,0.0,0.0,0.0,True,0.6565126050420168,0.9328358208955224,0.0007689415946139,0.8494128706361984,84.17583711646583,0.0,0.9984025559105432,0.0,0.0,0.0,0.1666666666666666,0.0,1.0,0.0,0.0,0.0,True,0.657563025210084,0.624750499001996,0.0064249342127746,0.8045399289616745,703.3358834620257,0.0,1.0,0.0,0.0,0.0,0.1666666666666666,0.0,1.0,0.0,0.0,0.0,HistGB,fleet,59003,477,15.17,A_volume_matched,CIDv2_OpelAstra,FS-A,2,cross,59003,477,,,,,,,,,,,,,,,,,,,,,,,,,,,,,,
29734,475,0.0159749781395035,0.837115705289061,0.6802255791113959,29263,0.0328857999568248,False,0.6589473684210526,0.9750778816199376,0.0002734201442291,0.8693695612975179,29.931232340923405,0.0,1.0,0.0,0.0,0.0,0.1666666666666666,0.0,1.0,0.0,0.0,0.0,True,0.6589473684210526,0.9750778816199376,0.0002734201442291,0.8693695612975177,29.931232340923405,0.0,1.0,0.0,0.0,0.0,0.1666666666666666,0.0,1.0,0.0,0.0,0.0,True,0.6589473684210526,0.8694444444444445,0.0016063433473461,0.840025685598317,175.84599000292502,0.0,1.0,0.0,0.0,0.0,0.1666666666666666,0.0,1.0,0.0,0.0,0.0,True,0.6589473684210526,0.8670360110803325,0.0016405208653747,0.8395482464074576,179.58739404554046,0.0,1.0,0.0,0.0,0.0,0.1666666666666666,0.0,1.0,0.0,0.0,0.0,True,0.6589473684210526,0.5199335548172758,0.0098773027102771,0.7923701921977009,1081.2657683158582,0.0,1.0,0.0,0.0,0.0,0.1666666666666666,0.0,1.0,0.0,0.0,0.0,HistGB,fleet,59003,477,15.21,A_volume_matched,CIDv2_OpelAstra,FS-A,2,in_f0,59003,477,,,,,,,,,,,,,,,,,,,,,,,,,,,,,,
59474,952,0.0160069946531257,0.8182503423261926,0.6722711205057684,58526,0.0328857999568248,False,0.657563025210084,0.9920760697305864,8.543795495711015e-05,0.8701974749565126,9.352870790718423,0.0,1.0,0.0,0.0,0.0,0.1666666666666666,0.0,1.0,0.0,0.0,0.0,True,0.657563025210084,0.9796557120500784,0.0002221386828884,0.8200616836547852,24.317464055867905,0.0,1.0,0.0,0.0,0.0,0.1666666666666666,0.0,1.0,0.0,0.0,0.0,True,0.657563025210084,0.9660493827160492,0.0003759270018112,0.7320594787597656,41.15263147916108,0.0,1.0,0.0,0.0,0.0,0.1666666666666666,0.0,1.0,0.0,0.0,0.0,True,0.657563025210084,0.9660493827160492,0.0003759270018112,0.7318605780601501,41.15263147916108,0.0,1.0,0.0,0.0,0.0,0.1666666666666666,0.0,1.0,0.0,0.0,0.0,True,0.657563025210084,0.7338804220398594,0.0038788831550528,0.3153100907802582,424.6203338986165,0.0,1.0,0.0,0.0,0.0,0.1666666666666666,0.0,1.0,0.0,0.0,0.0,XGBoost,fleet,59003,477,20.87,A_volume_matched,CIDv2_OpelAstra,FS-A,2,cross,59003,477,,,,,,,,,,,,,,,,,,,,,,,,,,,,,,
29734,475,0.0159749781395035,0.8206047262110984,0.6737373177653162,29263,0.0328857999568248,False,0.6589473684210526,1.0,0.0,0.9031383395195008,0.0,0.0,1.0,0.0,0.0,0.0,0.1666666666666666,0.0,1.0,0.0,0.0,0.0,True,0.6589473684210526,0.9936507936507936,6.835503605728151e-05,0.8843237161636353,7.482808085230851,0.0,1.0,0.0,0.0,0.0,0.1666666666666666,0.0,1.0,0.0,0.0,0.0,True,0.6589473684210526,0.9343283582089552,0.00075190539663,0.608590841293335,82.31088893753936,0.0,1.0,0.0,0.0,0.0,0.1666666666666666,0.0,1.0,0.0,0.0,0.0,True,0.6589473684210526,0.9287833827893176,0.0008202604326873,0.5813246369361877,89.79369702277023,0.0,1.0,0.0,0.0,0.0,0.1666666666666666,0.0,1.0,0.0,0.0,0.0,True,0.6589473684210526,0.6042471042471043,0.0070063911958713,0.2156982868909835,766.9878287361622,0.0,1.0,0.0,0.0,0.0,0.1666666666666666,0.0,1.0,0.0,0.0,0.0,XGBoost,fleet,59003,477,26.86,A_volume_matched,CIDv2_OpelAstra,FS-A,2,in_f0,59003,477,,,,,,,,,,,,,,,,,,,,,,,,,,,,,,
59474,952,0.0160069946531257,0.8182955831592744,0.6736026315792105,58526,0.0328857999568248,False,0.657563025210084,0.9936507936507936,6.835036396568812e-05,0.5185696262015561,7.482296632574741,0.0,1.0,0.0,0.0,0.0,0.1666666666666666,0.0,1.0,0.0,0.0,0.0,True,0.657563025210084,0.9920760697305864,8.543795495711015e-05,0.4789561658833262,9.352870790718423,0.0,1.0,0.0,0.0,0.0,0.1666666666666666,0.0,1.0,0.0,0.0,0.0,True,0.657563025210084,0.9615975422427036,0.0004271897747855,0.2965755786237954,46.764353953592135,0.0,1.0,0.0,0.0,0.0,0.1666666666666666,0.0,1.0,0.0,0.0,0.0,True,0.657563025210084,0.9615975422427036,0.0004271897747855,0.2965755786237954,46.764353953592135,0.0,1.0,0.0,0.0,0.0,0.1666666666666666,0.0,1.0,0.0,0.0,0.0,True,0.6586134453781513,0.7517985611510791,0.0035371313352243,0.1066697337979834,387.2088507357428,0.0,1.0,0.0,0.0,0.0033444816053511,0.3333333333333333,0.0,1.0,0.0,0.0,1.0,LightGBM,fleet,59003,477,26.98,A_volume_matched,CIDv2_OpelAstra,FS-A,2,cross,59003,477,,,,,,,,,,,,,,,,,,,,,,,,,,,,,,
29734,475,0.0159749781395035,0.8189254948095144,0.6767833283763101,29263,0.0328857999568248,False,0.6589473684210526,1.0,0.0,0.6196735556559669,0.0,0.0,1.0,0.0,0.0,0.0,0.1666666666666666,0.0,1.0,0.0,0.0,0.0,True,0.6589473684210526,1.0,0.0,0.6196735556559668,0.0,0.0,1.0,0.0,0.0,0.0,0.1666666666666666,0.0,1.0,0.0,0.0,0.0,True,0.6589473684210526,0.9601226993865032,0.0004443077343723,0.2662970712171024,48.63825255400054,0.0,1.0,0.0,0.0,0.0,0.1666666666666666,0.0,1.0,0.0,0.0,0.0,True,0.6589473684210526,0.9484848484848484,0.0005810178064868,0.2452038182342858,63.60386872446224,0.0,1.0,0.0,0.0,0.0,0.1666666666666666,0.0,1.0,0.0,0.0,0.0,True,0.6589473684210526,0.6804347826086956,0.0050240951502101,0.0741249495795339,549.9863942644675,0.0,1.0,0.0,0.0,0.0,0.1666666666666666,0.0,1.0,0.0,0.0,0.0,LightGBM,fleet,59003,477,23.97,A_volume_matched,CIDv2_OpelAstra,FS-A,2,in_f0,59003,477,,,,,,,,,,,,,,,,,,,,,,,,,,,,,,
59474,952,0.0160069946531257,0.8811194486509275,0.7089781441499977,58526,0.0328857999568248,False,0.6817226890756303,0.97593984962406,0.0002734014558627,0.7501665353775026,29.929186530298963,1.0,1.0,0.7142857142857143,1.0,0.0,0.6666666666666666,1.0,1.0,0.5,1.0,0.0,True,0.6817226890756303,0.957227138643068,0.0004955401387512,0.5920628309249878,54.24665058616687,1.0,1.0,0.7142857142857143,1.0,0.0,0.6666666666666666,1.0,1.0,0.5,1.0,0.0,True,0.6817226890756303,0.9064245810055864,0.0011448685964252,0.4483112394809723,125.3284685956269,1.0,1.0,0.7142857142857143,1.0,0.0,0.6666666666666666,1.0,1.0,0.5,1.0,0.0,True,0.6817226890756303,0.903899721448468,0.0011790437784081,0.4458062946796417,129.06961691191424,1.0,1.0,0.7142857142857143,1.0,0.0,0.6666666666666666,1.0,1.0,0.5,1.0,0.0,True,0.6817226890756303,0.6595528455284553,0.0057243429821263,0.2911432683467865,626.6423429781345,1.0,1.0,0.7142857142857143,1.0,0.0,0.6666666666666666,1.0,1.0,0.5,1.0,0.0,LogReg,fleet,59003,477,1.14,A_volume_matched,CIDv2_OpelAstra,FS-B,0,cross,59003,477,,,,,,,,,,,,,,,,,,,,,,,,,,,,,,
29734,475,0.0159749781395035,0.8733362833927842,0.7092576534403394,29263,0.0328857999568248,False,0.6631578947368421,1.0,0.0,0.9996998310089112,0.0,0.2,1.0,0.0,1.0,0.0,0.5,1.0,1.0,0.0,1.0,0.0,True,0.6652631578947369,1.0,0.0,0.9990298748016356,0.0,0.4,1.0,0.0,1.0,0.0,0.5,1.0,1.0,0.0,1.0,0.0,True,0.6821052631578948,0.9310344827586208,0.0008202604326873,0.5208268165588379,89.79369702277023,1.0,1.0,0.7142857142857143,1.0,0.0,0.6666666666666666,1.0,1.0,0.5,1.0,0.0,True,0.6821052631578948,0.9283667621776504,0.000854437950716,0.5059472322463989,93.53510106538565,1.0,1.0,0.7142857142857143,1.0,0.0,0.6666666666666666,1.0,1.0,0.5,1.0,0.0,True,0.6842105263157895,0.5642361111111112,0.0085785570251888,0.2503013014793396,939.092414696472,1.0,1.0,0.7142857142857143,1.0,0.0067114093959731,0.8333333333333334,1.0,1.0,0.5,1.0,1.0,LogReg,fleet,59003,477,1.04,A_volume_matched,CIDv2_OpelAstra,FS-B,0,in_f0,59003,477,,,,,,,,,,,,,,,,,,,,,,,,,,,,,,
59474,952,0.0160069946531257,0.8323832429318401,0.6967139086743157,58526,0.0328857999568248,False,0.6596638655462185,0.9936708860759492,6.835036396568812e-05,0.5926090620422606,7.482296632574741,0.0,0.9968051118210862,0.0714285714285714,1.0,0.0,0.5,0.0,1.0,0.5,1.0,0.0,True,0.6628151260504201,0.9905808477237048,0.0001025255459485,0.5651849271360249,11.223444948862111,0.1,0.9968051118210862,0.2142857142857142,1.0,0.0,0.6666666666666666,1.0,1.0,0.5,1.0,0.0,True,0.6817226890756303,0.878213802435724,0.0015378831892279,0.2857920312105486,168.35167423293166,1.0,1.0,0.7142857142857143,1.0,0.0,0.6666666666666666,1.0,1.0,0.5,1.0,0.0,True,0.6817226890756303,0.8699731903485255,0.0016574963261679,0.2750696277807766,181.44569333993743,1.0,1.0,0.7142857142857143,1.0,0.0,0.6666666666666666,1.0,1.0,0.5,1.0,0.0,True,0.6880252100840336,0.4708842559309849,0.0125764669696866,0.0829840921141955,1376.7425803937522,1.0,1.0,0.7142857142857143,1.0,0.020066889632107,0.8333333333333334,1.0,1.0,0.5,1.0,1.0,RandomForest,fleet,59003,477,36.43,A_volume_matched,CIDv2_OpelAstra,FS-B,0,cross,59003,477,,,,,,,,,,,,,,,,,,,,,,,,,,,,,,
29734,475,0.0159749781395035,0.8382498592425902,0.6976829986423785,29263,0.0328857999568248,False,0.6589473684210526,1.0,0.0,0.6958259993882074,0.0,0.0,0.9968051118210862,0.0,1.0,0.0,0.3333333333333333,0.0,1.0,0.0,1.0,0.0,True,0.6589473684210526,1.0,0.0,0.6958259993882073,0.0,0.0,0.9968051118210862,0.0,1.0,0.0,0.3333333333333333,0.0,1.0,0.0,1.0,0.0,True,0.6821052631578948,0.84375,0.0020506510817184,0.2988646239293168,224.48424255692552,1.0,1.0,0.7142857142857143,1.0,0.0,0.6666666666666666,1.0,1.0,0.5,1.0,0.0,True,0.6821052631578948,0.8372093023255814,0.0021531836358043,0.2854993589304714,235.70845468477185,1.0,1.0,0.7142857142857143,1.0,0.0,0.6666666666666666,1.0,1.0,0.5,1.0,0.0,True,0.6842105263157895,0.5742049469964664,0.0082367818449024,0.1059297896189002,901.6783742703176,1.0,1.0,0.7142857142857143,1.0,0.0067114093959731,0.8333333333333334,1.0,1.0,0.5,1.0,1.0,RandomForest,fleet,59003,477,36.74,A_volume_matched,CIDv2_OpelAstra,FS-B,0,in_f0,59003,477,,,,,,,,,,,,,,,,,,,,,,,,,,,,,,
59474,952,0.0160069946531257,0.8357945417495797,0.691644237798726,58526,0.0328857999568248,False,0.0231092436974789,0.9166666666666666,3.417518198284406e-05,0.9701186583067144,3.7411483162873695,0.8,0.0031948881789137,0.6428571428571429,1.0,0.0,0.6666666666666666,1.0,1.0,0.5,1.0,0.0,True,0.0231092436974789,0.9166666666666666,3.417518198284406e-05,0.9701186583067144,3.7411483162873695,0.8,0.0031948881789137,0.6428571428571429,1.0,0.0,0.6666666666666666,1.0,1.0,0.5,1.0,0.0,True,0.6785714285714286,0.8898071625344353,0.0013670072793137,0.8676853006868892,149.6459326514948,0.8,1.0,0.6428571428571429,1.0,0.0,0.6666666666666666,1.0,1.0,0.5,1.0,0.0,True,0.6785714285714286,0.8544973544973545,0.0018796350090564,0.8371966619441514,205.76315739580537,0.8,1.0,0.6428571428571429,1.0,0.0,0.6666666666666666,1.0,1.0,0.5,1.0,0.0,True,0.6848739495798319,0.509773260359656,0.0107139195516216,0.3474650648726175,1172.8499971560905,0.9,1.0,0.7142857142857143,1.0,0.0133779264214046,0.8333333333333334,1.0,1.0,0.5,1.0,1.0,HistGB,fleet,59003,477,9.29,A_volume_matched,CIDv2_OpelAstra,FS-B,0,cross,59003,477,,,,,,,,,,,,,,,,,,,,,,,,,,,,,,
29734,475,0.0159749781395035,0.832202741036946,0.6893505015822973,29263,0.0328857999568248,False,0.6757894736842105,0.9938080495356038,6.835503605728151e-05,0.9569484085202364,7.482808085230851,0.6,1.0,0.5714285714285714,1.0,0.0,0.6666666666666666,1.0,1.0,0.5,1.0,0.0,True,0.6757894736842105,0.9938080495356038,6.835503605728151e-05,0.9563832167984688,7.482808085230851,0.6,1.0,0.5714285714285714,1.0,0.0,0.6666666666666666,1.0,1.0,0.5,1.0,0.0,True,0.6757894736842105,0.9697885196374624,0.0003417751802864,0.9063758531416656,37.41404042615426,0.6,1.0,0.5714285714285714,1.0,0.0,0.6666666666666666,1.0,1.0,0.5,1.0,0.0,True,0.6757894736842105,0.9697885196374624,0.0003417751802864,0.9063758531416656,37.41404042615426,0.6,1.0,0.5714285714285714,1.0,0.0,0.6666666666666666,1.0,1.0,0.5,1.0,0.0,True,0.6842105263157895,0.6565656565656566,0.0058101780648689,0.4337854463967813,636.0386872446223,0.8,1.0,0.7142857142857143,1.0,0.0134228187919463,0.8333333333333334,1.0,1.0,0.5,1.0,1.0,HistGB,fleet,59003,477,9.03,A_volume_matched,CIDv2_OpelAstra,FS-B,0,in_f0,59003,477,,,,,,,,,,,,,,,,,,,,,,,,,,,,,,
59474,952,0.0160069946531257,0.817884745060322,0.6915263565478241,58526,0.0328857999568248,False,0.6586134453781513,0.993660855784469,6.835036396568812e-05,0.9903045296669007,7.482296632574741,0.0,0.9968051118210862,0.0,1.0,0.0,0.3333333333333333,0.0,1.0,0.0,1.0,0.0,True,0.6586134453781513,0.993660855784469,6.835036396568812e-05,0.9903045296669006,7.482296632574741,0.0,0.9968051118210862,0.0,1.0,0.0,0.3333333333333333,0.0,1.0,0.0,1.0,0.0,True,0.6817226890756303,0.932471264367816,0.0008031167765968,0.3846412301063537,87.91698543275321,1.0,1.0,0.7142857142857143,1.0,0.0,0.6666666666666666,1.0,1.0,0.5,1.0,0.0,True,0.6817226890756303,0.9140845070422536,0.0010423430504767,0.288028746843338,114.10502364676478,1.0,1.0,0.7142857142857143,1.0,0.0,0.6666666666666666,1.0,1.0,0.5,1.0,0.0,True,0.6869747899159664,0.4415935178933153,0.014131437749906,0.003409823635593,1546.9648287848274,1.0,1.0,0.7142857142857143,1.0,0.0167224080267558,0.8333333333333334,1.0,1.0,0.5,1.0,1.0,XGBoost,fleet,59003,477,9.51,A_volume_matched,CIDv2_OpelAstra,FS-B,0,cross,59003,477,,,,,,,,,,,,,,,,,,,,,,,,,,,,,,
29734,475,0.0159749781395035,0.8214762529208287,0.6976109584777483,29263,0.0328857999568248,False,0.0021052631578947,1.0,0.0,0.9989002943038942,0.0,0.0,0.0,0.0,1.0,0.0,0.1666666666666666,0.0,0.0,0.0,1.0,0.0,True,0.0021052631578947,1.0,0.0,0.9963909983634948,0.0,0.0,0.0,0.0,1.0,0.0,0.1666666666666666,0.0,0.0,0.0,1.0,0.0,True,0.6821052631578948,0.9446064139941692,0.0006493728425441,0.4122363030910492,71.08667680969309,1.0,1.0,0.7142857142857143,1.0,0.0,0.6666666666666666,1.0,1.0,0.5,1.0,0.0,True,0.6821052631578948,0.9446064139941692,0.0006493728425441,0.38187175989151,71.08667680969309,1.0,1.0,0.7142857142857143,1.0,0.0,0.6666666666666666,1.0,1.0,0.5,1.0,0.0,True,0.6863157894736842,0.6070763500931099,0.0072114563040432,0.0099809542298316,789.4362529918548,1.0,1.0,0.7142857142857143,1.0,0.0134228187919463,0.8333333333333334,1.0,1.0,0.5,1.0,1.0,XGBoost,fleet,59003,477,9.91,A_volume_matched,CIDv2_OpelAstra,FS-B,0,in_f0,59003,477,,,,,,,,,,,,,,,,,,,,,,,,,,,,,,
59474,952,0.0160069946531257,0.8771274948241831,0.6997414837892162,58526,0.0328857999568248,False,0.6785714285714286,0.9923195084485408,8.543795495711015e-05,0.923475003141059,9.352870790718423,0.7,1.0,0.7142857142857143,1.0,0.0,0.6666666666666666,1.0,1.0,0.5,1.0,0.0,True,0.6796218487394958,0.9923312883435584,8.543795495711015e-05,0.9174548837738732,9.352870790718423,0.8,1.0,0.7142857142857143,1.0,0.0,0.6666666666666666,1.0,1.0,0.5,1.0,0.0,True,0.6817226890756303,0.9205673758865248,0.0009569050955196,0.1537537424067635,104.75215285604638,1.0,1.0,0.7142857142857143,1.0,0.0,0.6666666666666666,1.0,1.0,0.5,1.0,0.0,True,0.6817226890756303,0.9153737658674188,0.0010252554594853,0.1474631867180943,112.23444948862112,1.0,1.0,0.7142857142857143,1.0,0.0,0.6666666666666666,1.0,1.0,0.5,1.0,0.0,True,0.6880252100840336,0.4869888475836431,0.0117904377840812,0.0016328460048953,1290.6961691191427,1.0,1.0,0.7142857142857143,1.0,0.020066889632107,0.8333333333333334,1.0,1.0,0.5,1.0,1.0,LightGBM,fleet,59003,477,19.79,A_volume_matched,CIDv2_OpelAstra,FS-B,0,cross,59003,477,,,,,,,,,,,,,,,,,,,,,,,,,,,,,,
29734,475,0.0159749781395035,0.8806177856206188,0.7034718619586454,29263,0.0328857999568248,False,0.0021052631578947,1.0,0.0,0.9991785139771115,0.0,0.0,0.0,0.0,1.0,0.0,0.1666666666666666,0.0,0.0,0.0,1.0,0.0,True,0.0021052631578947,1.0,0.0,0.9971398266598857,0.0,0.0,0.0,0.0,1.0,0.0,0.1666666666666666,0.0,0.0,0.0,1.0,0.0,True,0.6821052631578948,0.9642857142857144,0.0004101302163436,0.2372984432124615,44.89684851138512,1.0,1.0,0.7142857142857143,1.0,0.0,0.6666666666666666,1.0,1.0,0.5,1.0,0.0,True,0.6821052631578948,0.9614243323442137,0.0004443077343723,0.2092566949356272,48.63825255400054,1.0,1.0,0.7142857142857143,1.0,0.0,0.6666666666666666,1.0,1.0,0.5,1.0,0.0,True,0.6842105263157895,0.6226053639846744,0.0067329710516422,0.0033372658096462,737.0565963952388,1.0,1.0,0.7142857142857143,1.0,0.0067114093959731,0.8333333333333334,1.0,1.0,0.5,1.0,1.0,LightGBM,fleet,59003,477,17.45,A_volume_matched,CIDv2_OpelAstra,FS-B,0,in_f0,59003,477,,,,,,,,,,,,,,,,,,,,,,,,,,,,,,
59474,952,0.0160069946531257,0.995138714981567,0.8303923265764594,58526,0.0328857999568248,False,0.6649159663865546,0.9738461538461538,0.0002904890468541,15625.000000000002,31.79976068844265,0.0,1.0,0.2857142857142857,1.0,0.0,0.5,0.0,1.0,0.5,1.0,0.0,True,0.6649159663865546,0.9738461538461538,0.0002904890468541,15625.000000000002,31.79976068844265,0.0,1.0,0.2857142857142857,1.0,0.0,0.5,0.0,1.0,0.5,1.0,0.0,True,0.6649159663865546,0.9738461538461538,0.0002904890468541,15625.000000000002,31.79976068844265,0.0,1.0,0.2857142857142857,1.0,0.0,0.5,0.0,1.0,0.5,1.0,0.0,True,0.6649159663865546,0.9738461538461538,0.0002904890468541,15625.000000000002,31.79976068844265,0.0,1.0,0.2857142857142857,1.0,0.0,0.5,0.0,1.0,0.5,1.0,0.0,True,0.6649159663865546,0.9738461538461538,0.0002904890468541,15625.000000000002,31.79976068844265,0.0,1.0,0.2857142857142857,1.0,0.0,0.5,0.0,1.0,0.5,1.0,0.0,Rule:Combined,fleet,59003,477,0.21,A_volume_matched,CIDv2_OpelAstra,FS-B,0,cross,59003,477,,,,,,,,,,,,,,,,,,,,,,,,,,,,,,
29734,475,0.0159749781395035,0.99513567575249,0.8232721025141845,29263,0.0328857999568248,False,0.6610526315789473,1.0,0.0,93750.0,0.0,0.0,1.0,0.0,1.0,0.0,0.3333333333333333,0.0,1.0,0.0,1.0,0.0,True,0.6610526315789473,1.0,0.0,93750.0,0.0,0.0,1.0,0.0,1.0,0.0,0.3333333333333333,0.0,1.0,0.0,1.0,0.0,True,0.6631578947368421,0.9782608695652174,0.0002392426262004,46875.0,26.18982829830798,0.0,1.0,0.1428571428571428,1.0,0.0,0.5,0.0,1.0,0.5,1.0,0.0,True,0.6631578947368421,0.9782608695652174,0.0002392426262004,46875.0,26.18982829830798,0.0,1.0,0.1428571428571428,1.0,0.0,0.5,0.0,1.0,0.5,1.0,0.0,True,0.6631578947368421,0.9782608695652174,0.0002392426262004,46875.0,26.18982829830798,0.0,1.0,0.1428571428571428,1.0,0.0,0.5,0.0,1.0,0.5,1.0,0.0,Rule:Combined,fleet,59003,477,0.14,A_volume_matched,CIDv2_OpelAstra,FS-B,0,in_f0,59003,477,,,,,,,,,,,,,,,,,,,,,,,,,,,,,,
59474,952,0.0160069946531257,0.9841402206280824,0.9707563744479056,58526,0.0328857999568248,False,0.680672268907563,1.0,0.0,3469.123574557709,0.0,0.0,0.7987220447284346,0.0,0.0,0.4949832775919732,0.3333333333333333,0.0,1.0,0.0,0.0,1.0,True,0.967436974789916,0.9946004319654428,8.543795495711015e-05,26.177256046257217,9.352870790718423,0.0,0.9984025559105432,0.0,0.0,0.9899665551839464,0.3333333333333333,0.0,1.0,0.0,0.0,1.0,True,0.9684873949579832,0.9201596806387226,0.0013670072793137,14.566958522275522,149.6459326514948,0.0,0.9984025559105432,0.0,0.0,0.9933110367892976,0.3333333333333333,0.0,1.0,0.0,0.0,1.0,True,0.9684873949579832,0.9192422731804586,0.0013840948703051,14.319706002567615,151.51650680963849,0.0,0.9984025559105432,0.0,0.0,0.9933110367892976,0.3333333333333333,0.0,1.0,0.0,0.0,1.0,True,0.9695378151260504,0.5947164948453608,0.0107480947336044,6.720354928796372,1176.591145472378,0.0,1.0,0.0,0.0,0.9933110367892976,0.3333333333333333,0.0,1.0,0.0,0.0,1.0,Rule:Staleness,fleet,59003,477,0.13,A_volume_matched,CIDv2_OpelAstra,FS-B,0,cross,59003,477,,,,,,,,,,,,,,,,,,,,,,,,,,,,,,
29734,475,0.0159749781395035,0.9840936032277968,0.9723211177101092,29263,0.0328857999568248,False,0.9705263157894736,1.0,0.0,34.3535783672051,0.0,0.0,1.0,0.0,0.0,0.9932885906040269,0.3333333333333333,0.0,1.0,0.0,0.0,1.0,True,0.9705263157894736,1.0,0.0,34.353578367205095,0.0,0.0,1.0,0.0,0.0,0.9932885906040269,0.3333333333333333,0.0,1.0,0.0,0.0,1.0,True,0.9705263157894736,0.9766949152542372,0.000375952698315,17.031937778397403,41.15544446876968,0.0,1.0,0.0,0.0,0.9932885906040269,0.3333333333333333,0.0,1.0,0.0,0.0,1.0,True,0.9705263157894736,0.9746300211416492,0.0004101302163436,17.012055345474508,44.89684851138512,0.0,1.0,0.0,0.0,0.9932885906040269,0.3333333333333333,0.0,1.0,0.0,0.0,1.0,True,0.9705263157894736,0.6932330827067669,0.0069722136778427,7.82858552447968,763.2464246935468,0.0,1.0,0.0,0.0,0.9932885906040269,0.3333333333333333,0.0,1.0,0.0,0.0,1.0,Rule:Staleness,fleet,59003,477,0.08,A_volume_matched,CIDv2_OpelAstra,FS-B,0,in_f0,59003,477,,,,,,,,,,,,,,,,,,,,,,,,,,,,,,
59474,952,0.0160069946531257,0.8387962948071817,0.6972592274560354,58526,0.0328857999568248,False,0.6785714285714286,0.9773071104387292,0.0002563138648713,0.935760796070099,28.05861237215528,1.0,1.0,0.4285714285714285,1.0,0.0033444816053511,0.8333333333333334,1.0,1.0,0.5,1.0,1.0,True,0.680672268907563,0.9715142428785608,0.000324664228837,0.908138632774353,35.540909004730025,1.0,1.0,0.5714285714285714,1.0,0.0033444816053511,0.8333333333333334,1.0,1.0,0.5,1.0,1.0,True,0.6827731092436975,0.8867667121418826,0.001418270052288,0.8012343645095825,155.25765512592588,1.0,1.0,0.7142857142857143,1.0,0.0033444816053511,0.8333333333333334,1.0,1.0,0.5,1.0,1.0,True,0.6827731092436975,0.8819538670284939,0.0014866204162537,0.7977396845817566,162.73995175850058,1.0,1.0,0.7142857142857143,1.0,0.0033444816053511,0.8333333333333334,1.0,1.0,0.5,1.0,1.0,True,0.6838235294117647,0.5531011045029737,0.0089880728614879,0.4660543501377105,983.9220071835782,1.0,1.0,0.7142857142857143,1.0,0.0066889632107023,0.8333333333333334,1.0,1.0,0.5,1.0,1.0,LogReg,fleet,59003,477,0.8,A_volume_matched,CIDv2_OpelAstra,FS-B,1,cross,59003,477,,,,,,,,,,,,,,,,,,,,,,,,,,,,,,
29734,475,0.0159749781395035,0.830103989595644,0.6978823444072959,29263,0.0328857999568248,False,0.6610526315789473,1.0,0.0,0.9999972581863404,0.0,0.0,1.0,0.0,1.0,0.0,0.3333333333333333,0.0,1.0,0.0,1.0,0.0,True,0.6610526315789473,1.0,0.0,0.9999972581863404,0.0,0.0,1.0,0.0,1.0,0.0,0.3333333333333333,0.0,1.0,0.0,1.0,0.0,True,0.6842105263157895,0.8904109589041096,0.0013671007211456,0.8185566663742065,149.65616170461703,1.0,1.0,0.7142857142857143,1.0,0.0067114093959731,0.8333333333333334,1.0,1.0,0.5,1.0,1.0,True,0.6842105263157895,0.876010781671159,0.0015721658293174,0.812397301197052,172.10458596030958,1.0,1.0,0.7142857142857143,1.0,0.0067114093959731,0.8333333333333334,1.0,1.0,0.5,1.0,1.0,True,0.6863157894736842,0.5015384615384615,0.0110735158412796,0.4342904686927795,1212.2149098073978,1.0,1.0,0.7142857142857143,1.0,0.0134228187919463,0.8333333333333334,1.0,1.0,0.5,1.0,1.0,LogReg,fleet,59003,477,0.8,A_volume_matched,CIDv2_OpelAstra,FS-B,1,in_f0,59003,477,,,,,,,,,,,,,,,,,,,,,,,,,,,,,,
59474,952,0.0160069946531257,0.97460276017724,0.7432997770511427,58526,0.0328857999568248,False,0.6596638655462185,0.9921011058451816,8.543795495711015e-05,0.6616605718856035,9.352870790718423,0.0,0.9968051118210862,0.0714285714285714,1.0,0.0,0.5,0.0,1.0,0.5,1.0,0.0,True,0.6596638655462185,0.9921011058451816,8.543795495711015e-05,0.6291916949778681,9.352870790718423,0.0,0.9968051118210862,0.0714285714285714,1.0,0.0,0.5,0.0,1.0,0.5,1.0,0.0,True,0.680672268907563,0.8503937007874016,0.0019479853730221,0.2753355858865077,213.24545402838007,0.9,1.0,0.7142857142857143,1.0,0.0,0.6666666666666666,1.0,1.0,0.5,1.0,0.0,True,0.6817226890756303,0.8417639429312581,0.0020846861009534,0.2626391461397908,228.2100472935296,1.0,1.0,0.7142857142857143,1.0,0.0,0.6666666666666666,1.0,1.0,0.5,1.0,0.0,True,0.6880252100840336,0.458041958041958,0.013242883018352,0.0662485241841472,1449.6949725613558,1.0,1.0,0.7142857142857143,1.0,0.020066889632107,0.8333333333333334,1.0,1.0,0.5,1.0,1.0,RandomForest,fleet,59003,477,34.04,A_volume_matched,CIDv2_OpelAstra,FS-B,1,cross,59003,477,,,,,,,,,,,,,,,,,,,,,,,,,,,,,,
29734,475,0.0159749781395035,0.9795928917957768,0.7516241489376896,29263,0.0328857999568248,False,0.6589473684210526,1.0,0.0,0.7760927707969125,0.0,0.0,0.9968051118210862,0.0,1.0,0.0,0.3333333333333333,0.0,1.0,0.0,1.0,0.0,True,0.6589473684210526,1.0,0.0,0.7760927707969124,0.0,0.0,0.9968051118210862,0.0,1.0,0.0,0.3333333333333333,0.0,1.0,0.0,1.0,0.0,True,0.6778947368421052,0.8870523415977961,0.0014012782391742,0.3650750810424468,153.39756574723248,0.8,0.9968051118210862,0.7142857142857143,1.0,0.0,0.6666666666666666,1.0,1.0,0.5,1.0,0.0,True,0.6778947368421052,0.8586666666666667,0.0018114084555179,0.3454186556138006,198.2944142586176,0.8,0.9968051118210862,0.7142857142857143,1.0,0.0,0.6666666666666666,1.0,1.0,0.5,1.0,0.0,True,0.6863157894736842,0.5158227848101266,0.010458320516764,0.0765615872639244,1144.8696370403204,1.0,1.0,0.7142857142857143,1.0,0.0134228187919463,0.8333333333333334,1.0,1.0,0.5,1.0,1.0,RandomForest,fleet,59003,477,30.38,A_volume_matched,CIDv2_OpelAstra,FS-B,1,in_f0,59003,477,,,,,,,,,,,,,,,,,,,,,,,,,,,,,,
59474,952,0.0160069946531257,0.8343369002363258,0.6797653345073479,58526,0.0328857999568248,False,0.0231092436974789,0.9166666666666666,3.417518198284406e-05,0.9884544510922249,3.7411483162873695,0.8,0.0031948881789137,0.6428571428571429,1.0,0.0,0.6666666666666666,1.0,1.0,0.5,1.0,0.0,True,0.0231092436974789,0.9166666666666666,3.417518198284406e-05,0.9883523867139408,3.7411483162873695,0.8,0.0031948881789137,0.6428571428571429,1.0,0.0,0.6666666666666666,1.0,1.0,0.5,1.0,0.0,True,0.680672268907563,0.8503937007874016,0.0019479853730221,0.7477804098920179,213.24545402838007,0.9,1.0,0.7142857142857143,1.0,0.0,0.6666666666666666,1.0,1.0,0.5,1.0,0.0,True,0.680672268907563,0.8481675392670157,0.0019821605550049,0.7320923072787285,216.98660234466743,0.9,1.0,0.7142857142857143,1.0,0.0,0.6666666666666666,1.0,1.0,0.5,1.0,0.0,True,0.6859243697478992,0.4950720242608036,0.011380335600287,0.3379559677997979,1245.8023893236943,1.0,1.0,0.7142857142857143,1.0,0.0133779264214046,0.8333333333333334,1.0,1.0,0.5,1.0,1.0,HistGB,fleet,59003,477,11.87,A_volume_matched,CIDv2_OpelAstra,FS-B,1,cross,59003,477,,,,,,,,,,,,,,,,,,,,,,,,,,,,,,
29734,475,0.0159749781395035,0.8342186749556142,0.6767119190286719,29263,0.0328857999568248,False,0.0189473684210526,1.0,0.0,0.9887711413744787,0.0,0.6,0.0031948881789137,0.5714285714285714,1.0,0.0,0.6666666666666666,1.0,1.0,0.5,1.0,0.0,True,0.0189473684210526,1.0,0.0,0.9885276111695124,0.0,0.6,0.0031948881789137,0.5714285714285714,1.0,0.0,0.6666666666666666,1.0,1.0,0.5,1.0,0.0,True,0.6778947368421052,0.92,0.0009569705048019,0.8580221080812671,104.75931319323192,0.6,1.0,0.7142857142857143,1.0,0.0,0.6666666666666666,1.0,1.0,0.5,1.0,0.0,True,0.6778947368421052,0.9019607843137256,0.0011962131310024,0.8482623356498804,130.94914149153988,0.6,1.0,0.7142857142857143,1.0,0.0,0.6666666666666666,1.0,1.0,0.5,1.0,0.0,True,0.6863157894736842,0.5516074450084603,0.0090570422775898,0.3907771440412725,991.472071293088,1.0,1.0,0.7142857142857143,1.0,0.0134228187919463,0.8333333333333334,1.0,1.0,0.5,1.0,1.0,HistGB,fleet,59003,477,12.85,A_volume_matched,CIDv2_OpelAstra,FS-B,1,in_f0,59003,477,,,,,,,,,,,,,,,,,,,,,,,,,,,,,,
59474,952,0.0160069946531257,0.8750551308148427,0.6991829501561191,58526,0.0328857999568248,False,0.6596638655462185,0.9968253968253968,3.417518198284406e-05,0.9889770150184632,3.7411483162873695,0.0,0.9968051118210862,0.0714285714285714,1.0,0.0,0.5,0.0,1.0,0.5,1.0,0.0,True,0.6596638655462185,0.9968253968253968,3.417518198284406e-05,0.9889770150184632,3.7411483162873695,0.0,0.9968051118210862,0.0714285714285714,1.0,0.0,0.5,0.0,1.0,0.5,1.0,0.0,True,0.6817226890756303,0.8676470588235294,0.0016916715081507,0.1337599903345108,185.1868416562248,1.0,1.0,0.7142857142857143,1.0,0.0,0.6666666666666666,1.0,1.0,0.5,1.0,0.0,True,0.6817226890756303,0.855072463768116,0.0018796350090564,0.1098344027996063,205.76315739580537,1.0,1.0,0.7142857142857143,1.0,0.0,0.6666666666666666,1.0,1.0,0.5,1.0,0.0,True,0.6869747899159664,0.4608879492600423,0.0130720071084378,0.0021557924337685,1430.9892309799193,1.0,1.0,0.7142857142857143,1.0,0.0167224080267558,0.8333333333333334,1.0,1.0,0.5,1.0,1.0,XGBoost,fleet,59003,477,19.0,A_volume_matched,CIDv2_OpelAstra,FS-B,1,cross,59003,477,,,,,,,,,,,,,,,,,,,,,,,,,,,,,,
29734,475,0.0159749781395035,0.8953846679654123,0.7045293073936936,29263,0.0328857999568248,False,0.0021052631578947,1.0,0.0,0.996675729751587,0.0,0.0,0.0,0.0,1.0,0.0,0.1666666666666666,0.0,0.0,0.0,1.0,0.0,True,0.0021052631578947,1.0,0.0,0.9960260391235352,0.0,0.0,0.0,0.0,1.0,0.0,0.1666666666666666,0.0,0.0,0.0,1.0,0.0,True,0.6821052631578948,0.9152542372881356,0.0010253255408592,0.2926077246665954,112.24212127846276,1.0,1.0,0.7142857142857143,1.0,0.0,0.6666666666666666,1.0,1.0,0.5,1.0,0.0,True,0.6821052631578948,0.9126760563380282,0.0010595030588878,0.2846744060516357,115.9835253210782,1.0,1.0,0.7142857142857143,1.0,0.0,0.6666666666666666,1.0,1.0,0.5,1.0,0.0,True,0.6863157894736842,0.5981651376146789,0.0074848764482723,0.0054161055013537,819.3674853327782,1.0,1.0,0.7142857142857143,1.0,0.0134228187919463,0.8333333333333334,1.0,1.0,0.5,1.0,1.0,XGBoost,fleet,59003,477,5.83,A_volume_matched,CIDv2_OpelAstra,FS-B,1,in_f0,59003,477,,,,,,,,,,,,,,,,,,,,,,,,,,,,,,
59474,952,0.0160069946531257,0.9053628901750372,0.7049673864059182,58526,0.0328857999568248,False,0.6775210084033614,0.9923076923076924,8.543795495711015e-05,0.97785677060522,9.352870790718423,0.7,1.0,0.6428571428571429,1.0,0.0,0.6666666666666666,1.0,1.0,0.5,1.0,0.0,True,0.6775210084033614,0.9923076923076924,8.543795495711015e-05,0.97785677060522,9.352870790718423,0.7,1.0,0.6428571428571429,1.0,0.0,0.6666666666666666,1.0,1.0,0.5,1.0,0.0,True,0.6817226890756303,0.8988919667590027,0.0012473941423738,0.1300310929742423,136.551913544489,1.0,1.0,0.7142857142857143,1.0,0.0,0.6666666666666666,1.0,1.0,0.5,1.0,0.0,True,0.6817226890756303,0.8902606310013718,0.0013670072793137,0.1216508146476801,149.6459326514948,1.0,1.0,0.7142857142857143,1.0,0.0,0.6666666666666666,1.0,1.0,0.5,1.0,0.0,True,0.6890756302521008,0.4606741573033708,0.0131232698814121,0.0014061825870232,1436.6009534543502,1.0,1.0,0.7142857142857143,1.0,0.0234113712374581,0.8333333333333334,1.0,1.0,0.5,1.0,1.0,LightGBM,fleet,59003,477,10.57,A_volume_matched,CIDv2_OpelAstra,FS-B,1,cross,59003,477,,,,,,,,,,,,,,,,,,,,,,,,,,,,,,
29734,475,0.0159749781395035,0.9199231545489376,0.7088083139474841,29263,0.0328857999568248,False,0.6589473684210526,1.0,0.0,0.9957304853899496,0.0,0.0,0.9968051118210862,0.0,1.0,0.0,0.3333333333333333,0.0,1.0,0.0,1.0,0.0,True,0.6631578947368421,1.0,0.0,0.9923438130427952,0.0,0.2,0.9968051118210862,0.1428571428571428,1.0,0.0,0.6666666666666666,1.0,1.0,0.5,1.0,0.0,True,0.6821052631578948,0.9178470254957508,0.0009911480228305,0.2000629658809989,108.50071723584736,1.0,1.0,0.7142857142857143,1.0,0.0,0.6666666666666666,1.0,1.0,0.5,1.0,0.0,True,0.6821052631578948,0.905027932960894,0.0011620356129737,0.1743891550168274,127.20773744892448,1.0,1.0,0.7142857142857143,1.0,0.0,0.6666666666666666,1.0,1.0,0.5,1.0,0.0,True,0.6821052631578948,0.5816876122082585,0.0079633617006732,0.0038774730786625,871.7471419293943,1.0,1.0,0.7142857142857143,1.0,0.0,0.6666666666666666,1.0,1.0,0.5,1.0,0.0,LightGBM,fleet,59003,477,9.62,A_volume_matched,CIDv2_OpelAstra,FS-B,1,in_f0,59003,477,,,,,,,,,,,,,,,,,,,,,,,,,,,,,,
59474,952,0.0160069946531257,0.9951389662696698,0.830392349140428,58526,0.0328857999568248,False,0.6649159663865546,0.9738461538461538,0.0002904890468541,15625.000000000002,31.79976068844265,0.0,1.0,0.2857142857142857,1.0,0.0,0.5,0.0,1.0,0.5,1.0,0.0,True,0.6649159663865546,0.9738461538461538,0.0002904890468541,15625.000000000002,31.79976068844265,0.0,1.0,0.2857142857142857,1.0,0.0,0.5,0.0,1.0,0.5,1.0,0.0,True,0.6649159663865546,0.9738461538461538,0.0002904890468541,15625.000000000002,31.79976068844265,0.0,1.0,0.2857142857142857,1.0,0.0,0.5,0.0,1.0,0.5,1.0,0.0,True,0.6649159663865546,0.9738461538461538,0.0002904890468541,15625.000000000002,31.79976068844265,0.0,1.0,0.2857142857142857,1.0,0.0,0.5,0.0,1.0,0.5,1.0,0.0,True,0.6649159663865546,0.9738461538461538,0.0002904890468541,15625.000000000002,31.79976068844265,0.0,1.0,0.2857142857142857,1.0,0.0,0.5,0.0,1.0,0.5,1.0,0.0,Rule:Combined,fleet,59003,477,0.18,A_volume_matched,CIDv2_OpelAstra,FS-B,1,cross,59003,477,,,,,,,,,,,,,,,,,,,,,,,,,,,,,,
29734,475,0.0159749781395035,0.99513567575249,0.8232721025141846,29263,0.0328857999568248,False,0.6610526315789473,1.0,0.0,93750.0,0.0,0.0,1.0,0.0,1.0,0.0,0.3333333333333333,0.0,1.0,0.0,1.0,0.0,True,0.6610526315789473,1.0,0.0,93750.0,0.0,0.0,1.0,0.0,1.0,0.0,0.3333333333333333,0.0,1.0,0.0,1.0,0.0,True,0.6631578947368421,0.9782608695652174,0.0002392426262004,46875.0,26.18982829830798,0.0,1.0,0.1428571428571428,1.0,0.0,0.5,0.0,1.0,0.5,1.0,0.0,True,0.6631578947368421,0.9782608695652174,0.0002392426262004,46875.0,26.18982829830798,0.0,1.0,0.1428571428571428,1.0,0.0,0.5,0.0,1.0,0.5,1.0,0.0,True,0.6631578947368421,0.9782608695652174,0.0002392426262004,46875.0,26.18982829830798,0.0,1.0,0.1428571428571428,1.0,0.0,0.5,0.0,1.0,0.5,1.0,0.0,Rule:Combined,fleet,59003,477,0.12,A_volume_matched,CIDv2_OpelAstra,FS-B,1,in_f0,59003,477,,,,,,,,,,,,,,,,,,,,,,,,,,,,,,
59474,952,0.0160069946531257,0.9841402206280824,0.9707563744479056,58526,0.0328857999568248,False,0.680672268907563,1.0,0.0,3515.4239183161308,0.0,0.0,0.7987220447284346,0.0,0.0,0.4949832775919732,0.3333333333333333,0.0,1.0,0.0,0.0,1.0,True,0.967436974789916,0.9946004319654428,8.543795495711015e-05,26.525460393191725,9.352870790718423,0.0,0.9984025559105432,0.0,0.0,0.9899665551839464,0.3333333333333333,0.0,1.0,0.0,0.0,1.0,True,0.9684873949579832,0.9201596806387226,0.0013670072793137,14.760203511111447,149.6459326514948,0.0,0.9984025559105432,0.0,0.0,0.9933110367892976,0.3333333333333333,0.0,1.0,0.0,0.0,1.0,True,0.9684873949579832,0.9192422731804586,0.0013840948703051,14.509650981936682,151.51650680963849,0.0,0.9984025559105432,0.0,0.0,0.9933110367892976,0.3333333333333333,0.0,1.0,0.0,0.0,1.0,True,0.9695378151260504,0.5947164948453608,0.0107480947336044,6.808873518193517,1176.591145472378,0.0,1.0,0.0,0.0,0.9933110367892976,0.3333333333333333,0.0,1.0,0.0,0.0,1.0,Rule:Staleness,fleet,59003,477,0.13,A_volume_matched,CIDv2_OpelAstra,FS-B,1,cross,59003,477,,,,,,,,,,,,,,,,,,,,,,,,,,,,,,
29734,475,0.0159749781395035,0.9840936032277968,0.9723211177101092,29263,0.0328857999568248,False,0.9705263157894736,1.0,0.0,34.8109097762019,0.0,0.0,1.0,0.0,0.0,0.9932885906040269,0.3333333333333333,0.0,1.0,0.0,0.0,1.0,True,0.9705263157894736,1.0,0.0,34.810909776201896,0.0,0.0,1.0,0.0,0.0,0.9932885906040269,0.3333333333333333,0.0,1.0,0.0,0.0,1.0,True,0.9705263157894736,0.9766949152542372,0.000375952698315,17.258082148361677,41.15544446876968,0.0,1.0,0.0,0.0,0.9932885906040269,0.3333333333333333,0.0,1.0,0.0,0.0,1.0,True,0.9705263157894736,0.9746300211416492,0.0004101302163436,17.237934350228556,44.89684851138512,0.0,1.0,0.0,0.0,0.9932885906040269,0.3333333333333333,0.0,1.0,0.0,0.0,1.0,True,0.9705263157894736,0.6932330827067669,0.0069722136778427,7.931895354271619,763.2464246935468,0.0,1.0,0.0,0.0,0.9932885906040269,0.3333333333333333,0.0,1.0,0.0,0.0,1.0,Rule:Staleness,fleet,59003,477,0.08,A_volume_matched,CIDv2_OpelAstra,FS-B,1,in_f0,59003,477,,,,,,,,,,,,,,,,,,,,,,,,,,,,,,
59474,952,0.0160069946531257,0.8955192172217645,0.7202362607935017,58526,0.0328857999568248,False,0.6764705882352942,0.9877300613496932,0.0001367007279313,0.9991608858108522,14.964593265149482,0.1,0.9984025559105432,1.0,1.0,0.0033444816053511,1.0,1.0,1.0,1.0,1.0,1.0,True,0.6859243697478992,0.9717261904761904,0.000324664228837,0.8323798775672913,35.540909004730025,1.0,0.9984025559105432,1.0,1.0,0.0033444816053511,1.0,1.0,1.0,1.0,1.0,1.0,True,0.6859243697478992,0.8836265223274695,0.0014695328252622,0.5459574460983276,160.8693776003569,1.0,0.9984025559105432,1.0,1.0,0.0033444816053511,1.0,1.0,1.0,1.0,1.0,1.0,True,0.6859243697478992,0.8660477453580901,0.0017258466901336,0.5271088480949402,188.92798997251225,1.0,0.9984025559105432,1.0,1.0,0.0033444816053511,1.0,1.0,1.0,1.0,1.0,1.0,True,0.694327731092437,0.5981900452488688,0.0075868904001913,0.2840354740619659,830.5349262157961,1.0,0.9984025559105432,1.0,1.0,0.0301003344481605,1.0,1.0,1.0,1.0,1.0,1.0,LogReg,fleet,59003,477,1.12,A_volume_matched,CIDv2_OpelAstra,FS-B,2,cross,59003,477,,,,,,,,,,,,,,,,,,,,,,,,,,,,,,
29734,475,0.0159749781395035,0.8720577204315001,0.7107917607999591,29263,0.0328857999568248,False,0.6757894736842105,1.0,0.0,0.9998987913131716,0.0,0.0,0.9968051118210862,1.0,1.0,0.0067114093959731,0.8333333333333334,0.0,1.0,1.0,1.0,1.0,True,0.6757894736842105,1.0,0.0,0.9998506307601928,0.0,0.0,0.9968051118210862,1.0,1.0,0.0067114093959731,0.8333333333333334,0.0,1.0,1.0,1.0,1.0,True,0.6863157894736842,0.9504373177842566,0.0005810178064868,0.6669142842292786,63.60386872446224,1.0,0.9968051118210862,1.0,1.0,0.0067114093959731,1.0,1.0,1.0,1.0,1.0,1.0,True,0.6863157894736842,0.9340974212034384,0.0007860829146587,0.628930926322937,86.05229298015479,1.0,0.9968051118210862,1.0,1.0,0.0067114093959731,1.0,1.0,1.0,1.0,1.0,1.0,True,0.6884210526315789,0.5077639751552795,0.0108342732150791,0.2423236221075058,1186.02508150909,1.0,0.9968051118210862,1.0,1.0,0.0134228187919463,1.0,1.0,1.0,1.0,1.0,1.0,LogReg,fleet,59003,477,1.05,A_volume_matched,CIDv2_OpelAstra,FS-B,2,in_f0,59003,477,,,,,,,,,,,,,,,,,,,,,,,,,,,,,,
59474,952,0.0160069946531257,0.9889333886215024,0.7859621438324771,58526,0.0328857999568248,False,0.6628151260504201,0.9921383647798742,8.543795495711015e-05,0.6190444109326225,9.352870790718423,0.1,0.9968051118210862,0.2142857142857142,1.0,0.0,0.6666666666666666,1.0,1.0,0.5,1.0,0.0,True,0.6649159663865546,0.9921630094043888,8.543795495711015e-05,0.5959867434916936,9.352870790718423,0.1,0.9984025559105432,0.2857142857142857,1.0,0.0,0.6666666666666666,1.0,1.0,0.5,1.0,0.0,True,0.680672268907563,0.8744939271255061,0.0015891459622022,0.2955635747477723,173.9633967073627,0.9,1.0,0.7142857142857143,1.0,0.0,0.6666666666666666,1.0,1.0,0.5,1.0,0.0,True,0.6817226890756303,0.8688085676037484,0.0016745839171593,0.2860036499597732,183.31626749808115,1.0,1.0,0.7142857142857143,1.0,0.0,0.6666666666666666,1.0,1.0,0.5,1.0,0.0,True,0.6995798319327731,0.4457831325301205,0.0141485253408974,0.0761518509607293,1548.8354029429713,1.0,1.0,0.7142857142857143,1.0,0.0568561872909698,0.8333333333333334,1.0,1.0,0.5,1.0,1.0,RandomForest,fleet,59003,477,40.71,A_volume_matched,CIDv2_OpelAstra,FS-B,2,cross,59003,477,,,,,,,,,,,,,,,,,,,,,,,,,,,,,,
29734,475,0.0159749781395035,0.9909334239936968,0.7954709487935729,29263,0.0328857999568248,False,0.6589473684210526,1.0,0.0,0.7528168894784175,0.0,0.0,0.9968051118210862,0.0,1.0,0.0,0.3333333333333333,0.0,1.0,0.0,1.0,0.0,True,0.6589473684210526,1.0,0.0,0.7528168894784174,0.0,0.0,0.9968051118210862,0.0,1.0,0.0,0.3333333333333333,0.0,1.0,0.0,1.0,0.0,True,0.6778947368421052,0.8586666666666667,0.0018114084555179,0.3317518159209164,198.2944142586176,0.8,0.9968051118210862,0.7142857142857143,1.0,0.0,0.6666666666666666,1.0,1.0,0.5,1.0,0.0,True,0.6778947368421052,0.8541114058355438,0.0018797634915752,0.3221651371625935,205.77722234384845,0.8,0.9968051118210862,0.7142857142857143,1.0,0.0,0.6666666666666666,1.0,1.0,0.5,1.0,0.0,True,0.6884210526315789,0.5477386934673367,0.009227929867733,0.0995585960229854,1010.1790915061648,1.0,1.0,0.7142857142857143,1.0,0.0201342281879194,0.8333333333333334,1.0,1.0,0.5,1.0,1.0,RandomForest,fleet,59003,477,46.5,A_volume_matched,CIDv2_OpelAstra,FS-B,2,in_f0,59003,477,,,,,,,,,,,,,,,,,,,,,,,,,,,,,,
59474,952,0.0160069946531257,0.98145574572401,0.7250587135228254,58526,0.0328857999568248,False,0.0231092436974789,0.88,5.126277297426609e-05,0.9891055034728562,5.611722474431056,0.8,0.0031948881789137,0.6428571428571429,1.0,0.0,0.6666666666666666,1.0,1.0,0.5,1.0,0.0,True,0.0231092436974789,0.6470588235294118,0.000205051091897,0.9853211708596062,22.446889897724223,0.8,0.0031948881789137,0.6428571428571429,1.0,0.0,0.6666666666666666,1.0,1.0,0.5,1.0,0.0,True,0.6796218487394958,0.8766937669376694,0.0015549707802194,0.8434670949201684,170.22224839107534,0.8,1.0,0.7142857142857143,1.0,0.0,0.6666666666666666,1.0,1.0,0.5,1.0,0.0,True,0.6796218487394958,0.8672922252010724,0.0016916715081507,0.7937246109329377,185.1868416562248,0.8,1.0,0.7142857142857143,1.0,0.0,0.6666666666666666,1.0,1.0,0.5,1.0,0.0,True,0.6827731092436975,0.4649499284692417,0.0127815180615836,0.1088337107700608,1399.1894702914767,0.9,1.0,0.7142857142857143,1.0,0.0066889632107023,0.8333333333333334,1.0,1.0,0.5,1.0,1.0,HistGB,fleet,59003,477,10.92,A_volume_matched,CIDv2_OpelAstra,FS-B,2,cross,59003,477,,,,,,,,,,,,,,,,,,,,,,,,,,,,,,
29734,475,0.0159749781395035,0.98215465866553,0.7164264037930048,29263,0.0328857999568248,False,0.0189473684210526,1.0,0.0,0.9900591845777632,0.0,0.6,0.0031948881789137,0.5714285714285714,1.0,0.0,0.6666666666666666,1.0,1.0,0.5,1.0,0.0,True,0.0189473684210526,1.0,0.0,0.9900591845777632,0.0,0.6,0.0031948881789137,0.5714285714285714,1.0,0.0,0.6666666666666666,1.0,1.0,0.5,1.0,0.0,True,0.6778947368421052,0.8586666666666667,0.0018114084555179,0.8883403349562009,198.2944142586176,0.6,1.0,0.7142857142857143,1.0,0.0,0.6666666666666666,1.0,1.0,0.5,1.0,0.0,True,0.6778947368421052,0.8586666666666667,0.0018114084555179,0.8736315807356257,198.2944142586176,0.6,1.0,0.7142857142857143,1.0,0.0,0.6666666666666666,1.0,1.0,0.5,1.0,0.0,True,0.68,0.4916286149162861,0.011415291021566,0.1380475345563152,1249.6289502335524,0.8,1.0,0.7142857142857143,1.0,0.0,0.6666666666666666,1.0,1.0,0.5,1.0,0.0,HistGB,fleet,59003,477,12.38,A_volume_matched,CIDv2_OpelAstra,FS-B,2,in_f0,59003,477,,,,,,,,,,,,,,,,,,,,,,,,,,,,,,
59474,952,0.0160069946531257,0.9729093565760948,0.748107641011283,58526,0.0328857999568248,False,0.6638655462184874,0.9937106918238994,6.835036396568812e-05,0.958198606967926,7.482296632574741,0.2,0.9984025559105432,0.1428571428571428,1.0,0.0,0.6666666666666666,1.0,1.0,0.5,1.0,0.0,True,0.6638655462184874,0.9937106918238994,6.835036396568812e-05,0.958198606967926,7.482296632574741,0.2,0.9984025559105432,0.1428571428571428,1.0,0.0,0.6666666666666666,1.0,1.0,0.5,1.0,0.0,True,0.6817226890756303,0.8988919667590027,0.0012473941423738,0.066067986190319,136.551913544489,1.0,1.0,0.7142857142857143,1.0,0.0,0.6666666666666666,1.0,1.0,0.5,1.0,0.0,True,0.6817226890756303,0.8890410958904109,0.0013840948703051,0.058672945946455,151.51650680963849,1.0,1.0,0.7142857142857143,1.0,0.0,0.6666666666666666,1.0,1.0,0.5,1.0,0.0,True,0.6953781512605042,0.5068912710566615,0.0110044085984757,0.0020659251604229,1204.649757844533,1.0,1.0,0.7142857142857143,1.0,0.0434782608695652,0.8333333333333334,1.0,1.0,0.5,1.0,1.0,XGBoost,fleet,59003,477,10.22,A_volume_matched,CIDv2_OpelAstra,FS-B,2,cross,59003,477,,,,,,,,,,,,,,,,,,,,,,,,,,,,,,
29734,475,0.0159749781395035,0.9773308797473022,0.7575999030925408,29263,0.0328857999568248,False,0.0021052631578947,1.0,0.0,0.993863105773926,0.0,0.0,0.0,0.0,1.0,0.0,0.1666666666666666,0.0,0.0,0.0,1.0,0.0,True,0.6610526315789473,1.0,0.0,0.9691612124443054,0.0,0.0,0.9968051118210862,0.1428571428571428,1.0,0.0,0.5,0.0,1.0,0.5,1.0,0.0,True,0.6821052631578948,0.9446064139941692,0.0006493728425441,0.111332319676876,71.08667680969309,1.0,1.0,0.7142857142857143,1.0,0.0,0.6666666666666666,1.0,1.0,0.5,1.0,0.0,True,0.6821052631578948,0.9364161849710982,0.00075190539663,0.1041882410645484,82.31088893753936,1.0,1.0,0.7142857142857143,1.0,0.0,0.6666666666666666,1.0,1.0,0.5,1.0,0.0,True,0.6905263157894737,0.5494137353433836,0.0091937523497043,0.0024497595150023,1006.4376874635494,1.0,1.0,0.7142857142857143,1.0,0.0268456375838926,0.8333333333333334,1.0,1.0,0.5,1.0,1.0,XGBoost,fleet,59003,477,9.72,A_volume_matched,CIDv2_OpelAstra,FS-B,2,in_f0,59003,477,,,,,,,,,,,,,,,,,,,,,,,,,,,,,,
59474,952,0.0160069946531257,0.98222881562317,0.7616386518341796,58526,0.0328857999568248,False,0.6796218487394958,0.9923312883435584,8.543795495711015e-05,0.9344771783535666,9.352870790718423,0.8,1.0,0.7142857142857143,1.0,0.0,0.6666666666666666,1.0,1.0,0.5,1.0,0.0,True,0.6796218487394958,0.9923312883435584,8.543795495711015e-05,0.9344771783535664,9.352870790718423,0.8,1.0,0.7142857142857143,1.0,0.0,0.6666666666666666,1.0,1.0,0.5,1.0,0.0,True,0.6817226890756303,0.9284692417739628,0.0008543795495711,0.0670271871288529,93.52870790718428,1.0,1.0,0.7142857142857143,1.0,0.0,0.6666666666666666,1.0,1.0,0.5,1.0,0.0,True,0.6817226890756303,0.9271428571428572,0.0008714671405625,0.0660530369372118,95.39928206532797,1.0,1.0,0.7142857142857143,1.0,0.0,0.6666666666666666,1.0,1.0,0.5,1.0,0.0,True,0.6869747899159664,0.4969604863221885,0.0113119852363213,0.000587628715846,1238.3200926911195,1.0,1.0,0.7142857142857143,1.0,0.0167224080267558,0.8333333333333334,1.0,1.0,0.5,1.0,1.0,LightGBM,fleet,59003,477,15.04,A_volume_matched,CIDv2_OpelAstra,FS-B,2,cross,59003,477,,,,,,,,,,,,,,,,,,,,,,,,,,,,,,
29734,475,0.0159749781395035,0.9855732019477588,0.7764651962129377,29263,0.0328857999568248,False,0.0021052631578947,1.0,0.0,0.998567064594938,0.0,0.0,0.0,0.0,1.0,0.0,0.1666666666666666,0.0,0.0,0.0,1.0,0.0,True,0.6610526315789473,1.0,0.0,0.9947176280907232,0.0,0.2,0.9968051118210862,0.0,1.0,0.0,0.5,1.0,1.0,0.0,1.0,0.0,True,0.6821052631578948,0.9446064139941692,0.0006493728425441,0.082073039145736,71.08667680969309,1.0,1.0,0.7142857142857143,1.0,0.0,0.6666666666666666,1.0,1.0,0.5,1.0,0.0,True,0.6821052631578948,0.9391304347826088,0.0007177278786014,0.0688410963428756,78.56948489492393,1.0,1.0,0.7142857142857143,1.0,0.0,0.6666666666666666,1.0,1.0,0.5,1.0,0.0,True,0.6842105263157895,0.5721830985915493,0.0083051368809597,0.0008452857051698,909.1611823555484,1.0,1.0,0.7142857142857143,1.0,0.0067114093959731,0.8333333333333334,1.0,1.0,0.5,1.0,1.0,LightGBM,fleet,59003,477,10.15,A_volume_matched,CIDv2_OpelAstra,FS-B,2,in_f0,59003,477,,,,,,,,,,,,,,,,,,,,,,,,,,,,,,
59474,952,0.0160069946531257,0.9951435612521212,0.8303927662587747,58526,0.0328857999568248,False,0.6649159663865546,0.9738461538461538,0.0002904890468541,15625.000000000002,31.79976068844265,0.0,1.0,0.2857142857142857,1.0,0.0,0.5,0.0,1.0,0.5,1.0,0.0,True,0.6649159663865546,0.9738461538461538,0.0002904890468541,15625.000000000002,31.79976068844265,0.0,1.0,0.2857142857142857,1.0,0.0,0.5,0.0,1.0,0.5,1.0,0.0,True,0.6649159663865546,0.9738461538461538,0.0002904890468541,15625.000000000002,31.79976068844265,0.0,1.0,0.2857142857142857,1.0,0.0,0.5,0.0,1.0,0.5,1.0,0.0,True,0.6649159663865546,0.9738461538461538,0.0002904890468541,15625.000000000002,31.79976068844265,0.0,1.0,0.2857142857142857,1.0,0.0,0.5,0.0,1.0,0.5,1.0,0.0,True,0.6649159663865546,0.9738461538461538,0.0002904890468541,15625.000000000002,31.79976068844265,0.0,1.0,0.2857142857142857,1.0,0.0,0.5,0.0,1.0,0.5,1.0,0.0,Rule:Combined,fleet,59003,477,0.19,A_volume_matched,CIDv2_OpelAstra,FS-B,2,cross,59003,477,,,,,,,,,,,,,,,,,,,,,,,,,,,,,,
29734,475,0.0159749781395035,0.99513567575249,0.8232721025141845,29263,0.0328857999568248,False,0.6610526315789473,1.0,0.0,93750.0,0.0,0.0,1.0,0.0,1.0,0.0,0.3333333333333333,0.0,1.0,0.0,1.0,0.0,True,0.6610526315789473,1.0,0.0,93750.0,0.0,0.0,1.0,0.0,1.0,0.0,0.3333333333333333,0.0,1.0,0.0,1.0,0.0,True,0.6631578947368421,0.9782608695652174,0.0002392426262004,46875.0,26.18982829830798,0.0,1.0,0.1428571428571428,1.0,0.0,0.5,0.0,1.0,0.5,1.0,0.0,True,0.6631578947368421,0.9782608695652174,0.0002392426262004,46875.0,26.18982829830798,0.0,1.0,0.1428571428571428,1.0,0.0,0.5,0.0,1.0,0.5,1.0,0.0,True,0.6631578947368421,0.9782608695652174,0.0002392426262004,46875.0,26.18982829830798,0.0,1.0,0.1428571428571428,1.0,0.0,0.5,0.0,1.0,0.5,1.0,0.0,Rule:Combined,fleet,59003,477,0.12,A_volume_matched,CIDv2_OpelAstra,FS-B,2,in_f0,59003,477,,,,,,,,,,,,,,,,,,,,,,,,,,,,,,
59474,952,0.0160069946531257,0.9841402206280824,0.9707563744479056,58526,0.0328857999568248,False,0.680672268907563,1.0,0.0,3491.600809294198,0.0,0.0,0.7987220447284346,0.0,0.0,0.4949832775919732,0.3333333333333333,0.0,1.0,0.0,0.0,1.0,True,0.967436974789916,0.9946004319654428,8.543795495711015e-05,26.34563386298178,9.352870790718423,0.0,0.9984025559105432,0.0,0.0,0.9899665551839464,0.3333333333333333,0.0,1.0,0.0,0.0,1.0,True,0.9684873949579832,0.9201596806387226,0.0013670072793137,14.66010705155173,149.6459326514948,0.0,0.9984025559105432,0.0,0.0,0.9933110367892976,0.3333333333333333,0.0,1.0,0.0,0.0,1.0,True,0.9684873949579832,0.9192422731804586,0.0013840948703051,14.411252451376978,151.51650680963849,0.0,0.9984025559105432,0.0,0.0,0.9933110367892976,0.3333333333333333,0.0,1.0,0.0,0.0,1.0,True,0.9695378151260504,0.5947164948453608,0.0107480947336044,6.762661143652309,1176.591145472378,0.0,1.0,0.0,0.0,0.9933110367892976,0.3333333333333333,0.0,1.0,0.0,0.0,1.0,Rule:Staleness,fleet,59003,477,0.13,A_volume_matched,CIDv2_OpelAstra,FS-B,2,cross,59003,477,,,,,,,,,,,,,,,,,,,,,,,,,,,,,,
29734,475,0.0159749781395035,0.9840936032277968,0.9723211177101092,29263,0.0328857999568248,False,0.9705263157894736,1.0,0.0,34.57493492119997,0.0,0.0,1.0,0.0,0.0,0.9932885906040269,0.3333333333333333,0.0,1.0,0.0,0.0,1.0,True,0.9705263157894736,1.0,0.0,34.57493492119996,0.0,0.0,1.0,0.0,0.0,0.9932885906040269,0.3333333333333333,0.0,1.0,0.0,0.0,1.0,True,0.9705263157894736,0.9766949152542372,0.000375952698315,17.141058218180643,41.15544446876968,0.0,1.0,0.0,0.0,0.9932885906040269,0.3333333333333333,0.0,1.0,0.0,0.0,1.0,True,0.9705263157894736,0.9746300211416492,0.0004101302163436,17.121046956409177,44.89684851138512,0.0,1.0,0.0,0.0,0.9932885906040269,0.3333333333333333,0.0,1.0,0.0,0.0,1.0,True,0.9705263157894736,0.6932330827067669,0.0069722136778427,7.878072554286269,763.2464246935468,0.0,1.0,0.0,0.0,0.9932885906040269,0.3333333333333333,0.0,1.0,0.0,0.0,1.0,Rule:Staleness,fleet,59003,477,0.08,A_volume_matched,CIDv2_OpelAstra,FS-B,2,in_f0,59003,477,,,,,,,,,,,,,,,,,,,,,,,,,,,,,,
5994,1058,0.1765098431765098,0.9240961050022518,0.8943502106722849,4940,0.0504306446273316,False,0.5916824196597353,1.0,0.0,9.84379767032806e-07,0.0,0.0,0.9968102073365231,0.0,,0.0,0.3333333333333333,0.0,1.0,0.0,,0.0,False,0.5916824196597353,1.0,0.0,9.84379767032806e-07,0.0,0.0,0.9968102073365231,0.0,,0.0,0.3333333333333333,0.0,1.0,0.0,,0.0,True,0.6049149338374291,0.992248062015504,0.0010129659643435,1.52441529621683e-07,72.31074475816997,0.0,0.9968102073365231,0.0,,0.0,0.3333333333333333,0.0,1.0,0.0,,0.0,True,0.6011342155009451,0.99375,0.0008103727714748,1.780711613719177e-07,57.848595806535975,0.0,0.9968102073365231,0.0,,0.0,0.3333333333333333,0.0,1.0,0.0,,0.0,True,0.7164461247637051,0.938118811881188,0.0101296596434359,1.9199289269522524e-08,723.1074475816997,0.0,0.9968102073365231,0.0,,0.0,0.3333333333333333,0.0,1.0,0.0,,0.0,LogReg,fleet,5470,530,0.48,A_volume_matched,CIDv2_Prototype,FS-A,0,cross,5470,530,0.0028089887640449,1.0,0.0028089887640449,1.0,0.0421348314606741,1.0,0.0308988764044943,1.0,0.3735955056179775,1.0,,,,,,,,,,,,,,,,,,,,
2994,528,0.1763527054108216,0.930751400870014,0.911968269931268,2470,0.0504306446273316,False,0.5946969696969697,1.0,0.0,4.140407838804095e-07,0.0,0.0,0.9968051118210862,0.0,,0.0,0.3333333333333333,0.0,1.0,0.0,,0.0,False,0.5946969696969697,1.0,0.0,4.140407838804095e-07,0.0,0.0,0.9968051118210862,0.0,,0.0,0.3333333333333333,0.0,1.0,0.0,,0.0,True,0.5965909090909091,1.0,0.0,2.970688228742802e-07,0.0,0.0,0.9968051118210862,0.0,,0.0,0.3333333333333333,0.0,1.0,0.0,,0.0,True,0.5946969696969697,1.0,0.0,3.631279241744778e-07,0.0,0.0,0.9968051118210862,0.0,,0.0,0.3333333333333333,0.0,1.0,0.0,,0.0,True,0.7746212121212122,0.9423963133640552,0.0101378751013787,1.970067664558428e-08,723.6939094207764,0.0,0.9968051118210862,0.0,,0.0,0.3333333333333333,0.0,1.0,0.0,,0.0,LogReg,fleet,5470,530,0.42,A_volume_matched,CIDv2_Prototype,FS-A,0,in_f0,5470,530,0.0112359550561797,1.0,0.0112359550561797,1.0,0.0168539325842696,1.0,0.0112359550561797,1.0,0.5449438202247191,1.0,,,,,,,,,,,,,,,,,,,,
5994,1058,0.1765098431765098,0.9368329552104364,0.9204283700920396,4940,0.0504306446273316,False,0.8525519848771267,0.9955849889624724,0.0008103727714748,0.3172706384637908,57.848595806535975,0.0,0.9984051036682616,0.0,,0.0,0.3333333333333333,0.0,1.0,0.0,,0.0,False,0.8525519848771267,0.9955849889624724,0.0008103727714748,0.3172706384637908,57.848595806535975,0.0,0.9984051036682616,0.0,,0.0,0.3333333333333333,0.0,1.0,0.0,,0.0,True,0.8610586011342155,0.9945414847161572,0.0010129659643435,0.3084872213127404,72.31074475816997,0.0,0.9984051036682616,0.0,,0.0,0.3333333333333333,0.0,1.0,0.0,,0.0,True,0.8601134215500945,0.994535519125683,0.0010129659643435,0.3106005896389727,72.31074475816997,0.0,0.9984051036682616,0.0,,0.0,0.3333333333333333,0.0,1.0,0.0,,0.0,True,0.8676748582230623,0.9592476489028212,0.00790113452188,0.2958607504597146,564.0238091137257,0.0,0.9984051036682616,0.0,,0.0,0.3333333333333333,0.0,1.0,0.0,,0.0,RandomForest,fleet,5470,530,10.85,A_volume_matched,CIDv2_Prototype,FS-A,0,cross,5470,530,0.7752808988764045,1.0,0.7752808988764045,1.0,0.800561797752809,1.0,0.797752808988764,1.0,0.8202247191011236,1.0,,,,,,,,,,,,,,,,,,,,
2994,528,0.1763527054108216,0.9548534309027008,0.9402455916822688,2470,0.0504306446273316,False,0.8787878787878788,1.0,0.0,0.3222748625259033,0.0,0.0,1.0,0.0,,0.0,0.3333333333333333,0.0,1.0,0.0,,0.0,False,0.8787878787878788,1.0,0.0,0.3222748625259033,0.0,0.0,1.0,0.0,,0.0,0.3333333333333333,0.0,1.0,0.0,,0.0,True,0.8958333333333334,0.9936974789915968,0.0012165450121654,0.3082116916658015,86.84326913049318,0.0,1.0,0.0,,0.0,0.3333333333333333,0.0,1.0,0.0,,0.0,True,0.8806818181818182,1.0,0.0,0.3194082000906256,0.0,0.0,1.0,0.0,,0.0,0.3333333333333333,0.0,1.0,0.0,,0.0,True,0.9053030303030304,0.9484126984126984,0.0105433901054339,0.2937546390462333,752.6416657976077,0.0,1.0,0.0,,0.0,0.3333333333333333,0.0,1.0,0.0,,0.0,RandomForest,fleet,5470,530,8.73,A_volume_matched,CIDv2_Prototype,FS-A,0,in_f0,5470,530,0.848314606741573,1.0,0.848314606741573,1.0,0.898876404494382,1.0,0.8539325842696629,1.0,0.9269662921348316,1.0,,,,,,,,,,,,,,,,,,,,
5994,1058,0.1765098431765098,0.9263554595227228,0.9103061704124226,4940,0.0504306446273316,False,0.8081285444234405,0.9988317757009346,0.0002025931928687,0.082781528362425,14.462148951633994,0.0,0.9968102073365231,0.0,,0.0,0.3333333333333333,0.0,1.0,0.0,,0.0,False,0.8081285444234405,0.9988317757009346,0.0002025931928687,0.082781528362425,14.462148951633994,0.0,0.9968102073365231,0.0,,0.0,0.3333333333333333,0.0,1.0,0.0,,0.0,True,0.8223062381852552,0.9942857142857144,0.0010129659643435,0.059401271772872,72.31074475816997,0.0,0.9968102073365231,0.0,,0.0,0.3333333333333333,0.0,1.0,0.0,,0.0,True,0.8185255198487713,0.9954022988505749,0.0008103727714748,0.0658206984688204,57.848595806535975,0.0,0.9968102073365231,0.0,,0.0,0.3333333333333333,0.0,1.0,0.0,,0.0,True,0.8402646502835539,0.961081081081081,0.0072933549432739,0.0426068224860907,520.6373622588238,0.0,0.9968102073365231,0.0,,0.0,0.3333333333333333,0.0,1.0,0.0,,0.0,HistGB,fleet,5470,530,21.51,A_volume_matched,CIDv2_Prototype,FS-A,0,cross,5470,530,0.6460674157303371,1.0,0.6460674157303371,1.0,0.6882022471910112,1.0,0.6769662921348315,1.0,0.7415730337078652,1.0,,,,,,,,,,,,,,,,,,,,
2994,528,0.1763527054108216,0.941466059622994,0.9265823030809324,2470,0.0504306446273316,False,0.8371212121212122,0.9954954954954957,0.0008110300081103,0.0806851691191663,57.895512753662125,0.0,0.9968051118210862,0.0,,0.0,0.3333333333333333,0.0,1.0,0.0,,0.0,False,0.8371212121212122,0.9954954954954957,0.0008110300081103,0.0806851691191663,57.895512753662125,0.0,0.9968051118210862,0.0,,0.0,0.3333333333333333,0.0,1.0,0.0,,0.0,True,0.8390151515151515,0.995505617977528,0.0008110300081103,0.0726055060943078,57.895512753662125,0.0,0.9968051118210862,0.0,,0.0,0.3333333333333333,0.0,1.0,0.0,,0.0,True,0.8390151515151515,0.995505617977528,0.0008110300081103,0.0726055060943078,57.895512753662125,0.0,0.9968051118210862,0.0,,0.0,0.3333333333333333,0.0,1.0,0.0,,0.0,True,0.875,0.9486652977412732,0.0101378751013787,0.0392267209725337,723.6939094207764,0.0,0.9968051118210862,0.0,,0.0,0.3333333333333333,0.0,1.0,0.0,,0.0,HistGB,fleet,5470,530,21.99,A_volume_matched,CIDv2_Prototype,FS-A,0,in_f0,5470,530,0.7303370786516854,1.0,0.7303370786516854,1.0,0.7359550561797753,1.0,0.7359550561797753,1.0,0.8426966292134831,1.0,,,,,,,,,,,,,,,,,,,,
5994,1058,0.1765098431765098,0.9356180662575484,0.9341477411579748,4940,0.0504306446273316,False,0.8761814744801513,0.9989224137931034,0.0002025931928687,0.0723370835185051,14.462148951633994,0.0,0.9968102073365231,0.0,,0.0,0.3333333333333333,0.0,1.0,0.0,,0.0,False,0.8761814744801513,0.9989224137931034,0.0002025931928687,0.0723370835185051,14.462148951633994,0.0,0.9968102073365231,0.0,,0.0,0.3333333333333333,0.0,1.0,0.0,,0.0,True,0.8998109640831758,0.9916666666666668,0.0016207455429497,0.0539295189082622,115.69719161307196,0.0,0.9968102073365231,0.0,,0.0,0.3333333333333333,0.0,1.0,0.0,,0.0,True,0.8818525519848771,0.9978609625668448,0.0004051863857374,0.0660245642066001,28.924297903267988,0.0,0.9968102073365231,0.0,,0.0,0.3333333333333333,0.0,1.0,0.0,,0.0,True,0.9111531190926276,0.9582504970178928,0.0085089141004862,0.0377042107284069,607.4102559686278,0.0,0.9968102073365231,0.0,,0.0,0.3333333333333333,0.0,1.0,0.0,,0.0,XGBoost,fleet,5470,530,9.8,A_volume_matched,CIDv2_Prototype,FS-A,0,cross,5470,530,0.848314606741573,1.0,0.848314606741573,1.0,0.9185393258426966,1.0,0.8651685393258427,1.0,0.952247191011236,1.0,,,,,,,,,,,,,,,,,,,,
2994,528,0.1763527054108216,0.9417982286367322,0.9393244675014616,2470,0.0504306446273316,False,0.9034090909090908,0.9916839916839916,0.0016220600162206,0.0599422492086887,115.79102550732424,0.0,0.9968051118210862,0.0,,0.0,0.3333333333333333,0.0,1.0,0.0,,0.0,False,0.9034090909090908,0.9916839916839916,0.0016220600162206,0.0599422492086887,115.79102550732424,0.0,0.9968051118210862,0.0,,0.0,0.3333333333333333,0.0,1.0,0.0,,0.0,True,0.9090909090909092,0.9917355371900828,0.0016220600162206,0.0553639829158782,115.79102550732424,0.0,0.9968051118210862,0.0,,0.0,0.3333333333333333,0.0,1.0,0.0,,0.0,True,0.9071969696969696,0.9917184265010353,0.0016220600162206,0.0573410838842392,115.79102550732424,0.0,0.9968051118210862,0.0,,0.0,0.3333333333333333,0.0,1.0,0.0,,0.0,True,0.9166666666666666,0.9603174603174603,0.008110300081103,0.0371138863265514,578.9551275366211,0.0,0.9968051118210862,0.0,,0.0,0.3333333333333333,0.0,1.0,0.0,,0.0,XGBoost,fleet,5470,530,24.3,A_volume_matched,CIDv2_Prototype,FS-A,0,in_f0,5470,530,0.9269662921348316,1.0,0.9269662921348316,1.0,0.9438202247191012,1.0,0.9382022471910112,1.0,0.9662921348314608,1.0,,,,,,,,,,,,,,,,,,,,
5994,1058,0.1765098431765098,0.9302677293937064,0.90832353331919,4940,0.0504306446273316,False,0.7731568998109641,0.997560975609756,0.0004051863857374,0.3250357961422565,28.924297903267988,0.0,0.9968102073365231,0.0,,0.0,0.3333333333333333,0.0,1.0,0.0,,0.0,False,0.7731568998109641,0.997560975609756,0.0004051863857374,0.3250357961422565,28.924297903267988,0.0,0.9968102073365231,0.0,,0.0,0.3333333333333333,0.0,1.0,0.0,,0.0,True,0.781663516068053,0.9951865222623344,0.0008103727714748,0.301945820561829,57.848595806535975,0.0,0.9968102073365231,0.0,,0.0,0.3333333333333333,0.0,1.0,0.0,,0.0,True,0.77882797731569,0.996372430471584,0.0006077795786061,0.3128302308392278,43.386446854902,0.0,0.9968102073365231,0.0,,0.0,0.3333333333333333,0.0,1.0,0.0,,0.0,True,0.8478260869565217,0.9593582887700536,0.0076985413290113,0.1929131317251821,549.5616601620918,0.0,0.9968102073365231,0.0,,0.0,0.3333333333333333,0.0,1.0,0.0,,0.0,LightGBM,fleet,5470,530,35.66,A_volume_matched,CIDv2_Prototype,FS-A,0,cross,5470,530,0.5421348314606742,1.0,0.5421348314606742,1.0,0.5674157303370787,1.0,0.5589887640449438,1.0,0.7640449438202247,1.0,,,,,,,,,,,,,,,,,,,,
2994,528,0.1763527054108216,0.9444310040797268,0.9241641241645068,2470,0.0504306446273316,False,0.8143939393939394,0.9976798143851509,0.0004055150040551,0.3314552474689011,28.947756376831062,0.0,0.9968051118210862,0.0,,0.0,0.3333333333333333,0.0,1.0,0.0,,0.0,False,0.8143939393939394,0.9976798143851509,0.0004055150040551,0.3314552474689011,28.947756376831062,0.0,0.9968051118210862,0.0,,0.0,0.3333333333333333,0.0,1.0,0.0,,0.0,True,0.8257575757575758,0.9954337899543378,0.0008110300081103,0.2942296160357961,57.895512753662125,0.0,0.9968051118210862,0.0,,0.0,0.3333333333333333,0.0,1.0,0.0,,0.0,True,0.821969696969697,0.9954128440366972,0.0008110300081103,0.3123420968882052,57.895512753662125,0.0,0.9968051118210862,0.0,,0.0,0.3333333333333333,0.0,1.0,0.0,,0.0,True,0.8768939393939394,0.9278557114228456,0.0145985401459854,0.1875513478267478,1042.1192295659182,0.0,0.9968051118210862,0.0,,0.0,0.3333333333333333,0.0,1.0,0.0,,0.0,LightGBM,fleet,5470,530,10.14,A_volume_matched,CIDv2_Prototype,FS-A,0,in_f0,5470,530,0.6629213483146067,1.0,0.6629213483146067,1.0,0.6966292134831461,1.0,0.6853932584269663,1.0,0.848314606741573,1.0,,,,,,,,,,,,,,,,,,,,
5994,1058,0.1765098431765098,0.9249744556408992,0.9002332248223079,4940,0.0504306446273316,False,0.6020793950850661,1.0,0.0,2.740794843703043e-05,0.0,0.0,0.9968102073365231,0.0,,0.0,0.3333333333333333,0.0,1.0,0.0,,0.0,False,0.6020793950850661,1.0,0.0,2.740794843703043e-05,0.0,0.0,0.9968102073365231,0.0,,0.0,0.3333333333333333,0.0,1.0,0.0,,0.0,True,0.6096408317580341,0.9938366718027736,0.0008103727714748,1.3929163287684789e-05,57.848595806535975,0.0,0.9968102073365231,0.0,,0.0,0.3333333333333333,0.0,1.0,0.0,,0.0,True,0.6096408317580341,0.9938366718027736,0.0008103727714748,1.4445708984567318e-05,57.848595806535975,0.0,0.9968102073365231,0.0,,0.0,0.3333333333333333,0.0,1.0,0.0,,0.0,True,0.7381852551984878,0.9364508393285372,0.0107374392220421,1.2110061788916935e-06,766.4938944366017,0.0,0.9968102073365231,0.0,,0.0,0.3333333333333333,0.0,1.0,0.0,,0.0,LogReg,fleet,5470,530,0.49,A_volume_matched,CIDv2_Prototype,FS-A,1,cross,5470,530,0.0337078651685393,1.0,0.0337078651685393,1.0,0.0561797752808988,1.0,0.0561797752808988,1.0,0.4382022471910112,1.0,,,,,,,,,,,,,,,,,,,,
2994,528,0.1763527054108216,0.9286877288702106,0.9103750987581924,2470,0.0504306446273316,False,0.6136363636363636,1.0,0.0,2.5089651899179447e-05,0.0,0.0,0.9968051118210862,0.0,,0.0,0.3333333333333333,0.0,1.0,0.0,,0.0,False,0.6136363636363636,1.0,0.0,2.5089651899179447e-05,0.0,0.0,0.9968051118210862,0.0,,0.0,0.3333333333333333,0.0,1.0,0.0,,0.0,True,0.615530303030303,0.9969325153374232,0.0004055150040551,1.850504668254871e-05,28.947756376831062,0.0,0.9968051118210862,0.0,,0.0,0.3333333333333333,0.0,1.0,0.0,,0.0,True,0.6136363636363636,1.0,0.0,2.1762987671536397e-05,0.0,0.0,0.9968051118210862,0.0,,0.0,0.3333333333333333,0.0,1.0,0.0,,0.0,True,0.7840909090909091,0.9282511210762332,0.0129764801297648,1.1484268043204793e-06,926.328204058594,0.0,0.9968051118210862,0.0,,0.0,0.3333333333333333,0.0,1.0,0.0,,0.0,LogReg,fleet,5470,530,0.36,A_volume_matched,CIDv2_Prototype,FS-A,1,in_f0,5470,530,0.0674157303370786,1.0,0.0674157303370786,1.0,0.0730337078651685,1.0,0.0674157303370786,1.0,0.5730337078651685,1.0,,,,,,,,,,,,,,,,,,,,
5994,1058,0.1765098431765098,0.9483389273054262,0.9394608269426488,4940,0.0504306446273316,False,0.8922495274102079,1.0,0.0,0.3048345966734399,0.0,0.0,0.9968102073365231,0.0,,0.0,0.3333333333333333,0.0,1.0,0.0,,0.0,False,0.8922495274102079,1.0,0.0,0.3048345966734399,0.0,0.0,0.9968102073365231,0.0,,0.0,0.3333333333333333,0.0,1.0,0.0,,0.0,True,0.9054820415879016,0.9948078920041536,0.0010129659643435,0.2812097863961584,72.31074475816997,0.0,0.9984051036682616,0.0,,0.0,0.3333333333333333,0.0,1.0,0.0,,0.0,True,0.9045368620037808,0.9989561586638832,0.0002025931928687,0.2866867141316919,14.462148951633994,0.0,0.9984051036682616,0.0,,0.0,0.3333333333333333,0.0,1.0,0.0,,0.0,True,0.9102079395085066,0.9525222551928784,0.0097244732576985,0.2655520160225582,694.183149678432,0.0,0.9984051036682616,0.0,,0.0,0.3333333333333333,0.0,1.0,0.0,,0.0,RandomForest,fleet,5470,530,6.28,A_volume_matched,CIDv2_Prototype,FS-A,1,cross,5470,530,0.8960674157303371,1.0,0.8960674157303371,1.0,0.9325842696629212,1.0,0.9297752808988764,1.0,0.946629213483146,1.0,,,,,,,,,,,,,,,,,,,,
2994,528,0.1763527054108216,0.95323866708447,0.9428950919608612,2470,0.0504306446273316,False,0.9128787878787878,0.9979296066252588,0.0004055150040551,0.2846864901415736,28.947756376831062,0.0,1.0,0.0,,0.0,0.3333333333333333,0.0,1.0,0.0,,0.0,False,0.9128787878787878,0.9979296066252588,0.0004055150040551,0.2846864901415736,28.947756376831062,0.0,1.0,0.0,,0.0,0.3333333333333333,0.0,1.0,0.0,,0.0,True,0.9128787878787878,0.9979296066252588,0.0004055150040551,0.2842967087846572,28.947756376831062,0.0,1.0,0.0,,0.0,0.3333333333333333,0.0,1.0,0.0,,0.0,True,0.9128787878787878,0.9979296066252588,0.0004055150040551,0.2844120332569011,28.947756376831062,0.0,1.0,0.0,,0.0,0.3333333333333333,0.0,1.0,0.0,,0.0,True,0.9166666666666666,0.9325626204238922,0.0141930251419302,0.2632358285911245,1013.1714731890872,0.0,1.0,0.0,,0.0,0.3333333333333333,0.0,1.0,0.0,,0.0,RandomForest,fleet,5470,530,5.23,A_volume_matched,CIDv2_Prototype,FS-A,1,in_f0,5470,530,0.949438202247191,1.0,0.949438202247191,1.0,0.949438202247191,1.0,0.949438202247191,1.0,0.9606741573033708,1.0,,,,,,,,,,,,,,,,,,,,
5994,1058,0.1765098431765098,0.8674328187185385,0.8321588736811584,4940,0.0504306446273316,False,0.6824196597353497,0.9972375690607734,0.0004051863857374,0.2615605917628043,28.924297903267988,0.0,0.9968102073365231,0.0,,0.0,0.3333333333333333,0.0,1.0,0.0,,0.0,False,0.6824196597353497,0.9972375690607734,0.0004051863857374,0.2615605917628043,28.924297903267988,0.0,0.9968102073365231,0.0,,0.0,0.3333333333333333,0.0,1.0,0.0,,0.0,True,0.6918714555765595,0.991869918699187,0.0012155591572123,0.2433128409048258,86.772893709804,0.0,0.9968102073365231,0.0,,0.0,0.3333333333333333,0.0,1.0,0.0,,0.0,True,0.6824196597353497,0.9972375690607734,0.0004051863857374,0.2615605917628042,28.924297903267988,0.0,0.9968102073365231,0.0,,0.0,0.3333333333333333,0.0,1.0,0.0,,0.0,True,0.72117202268431,0.9782051282051282,0.0034440842787682,0.1916134513537685,245.85653217777795,0.0,0.9968102073365231,0.0,,0.0,0.3333333333333333,0.0,1.0,0.0,,0.0,HistGB,fleet,5470,530,67.93,A_volume_matched,CIDv2_Prototype,FS-A,1,cross,5470,530,0.2724719101123595,1.0,0.2724719101123595,1.0,0.300561797752809,1.0,0.2724719101123595,1.0,0.3876404494382022,1.0,,,,,,,,,,,,,,,,,,,,
2994,528,0.1763527054108216,0.9061735819263192,0.8677531413057974,2470,0.0504306446273316,False,0.7272727272727273,0.9974025974025974,0.0004055150040551,0.2622304903520601,28.947756376831062,0.0,0.9968051118210862,0.0,,0.0,0.3333333333333333,0.0,1.0,0.0,,0.0,False,0.7272727272727273,0.9974025974025974,0.0004055150040551,0.2622304903520601,28.947756376831062,0.0,0.9968051118210862,0.0,,0.0,0.3333333333333333,0.0,1.0,0.0,,0.0,True,0.7310606060606061,0.9897435897435898,0.0016220600162206,0.2379780773177324,115.79102550732424,0.0,0.9968051118210862,0.0,,0.0,0.3333333333333333,0.0,1.0,0.0,,0.0,True,0.7310606060606061,0.9897435897435898,0.0016220600162206,0.2433128409048258,115.79102550732424,0.0,0.9968051118210862,0.0,,0.0,0.3333333333333333,0.0,1.0,0.0,,0.0,True,0.7689393939393939,0.9333333333333332,0.0117599351175993,0.1763751227316357,839.4849349281008,0.0,0.9968051118210862,0.0,,0.0,0.3333333333333333,0.0,1.0,0.0,,0.0,HistGB,fleet,5470,530,21.73,A_volume_matched,CIDv2_Prototype,FS-A,1,in_f0,5470,530,0.4044943820224719,1.0,0.4044943820224719,1.0,0.4157303370786517,1.0,0.4157303370786517,1.0,0.5280898876404494,1.0,,,,,,,,,,,,,,,,,,,,
5994,1058,0.1765098431765098,0.8919397015254618,0.8556543362935383,4940,0.0504306446273316,False,0.7429111531190926,0.9987293519695044,0.0002025931928687,0.2109838277101517,14.462148951633994,0.0,0.9968102073365231,0.0,,0.0,0.3333333333333333,0.0,1.0,0.0,,0.0,False,0.7429111531190926,0.9987293519695044,0.0002025931928687,0.2109838277101517,14.462148951633994,0.0,0.9968102073365231,0.0,,0.0,0.3333333333333333,0.0,1.0,0.0,,0.0,True,0.7495274102079396,0.9949811794228356,0.0008103727714748,0.191866859793663,57.848595806535975,0.0,0.9968102073365231,0.0,,0.0,0.3333333333333333,0.0,1.0,0.0,,0.0,True,0.7438563327032136,0.9949431099873578,0.0008103727714748,0.2053519189357757,57.848595806535975,0.0,0.9968102073365231,0.0,,0.0,0.3333333333333333,0.0,1.0,0.0,,0.0,True,0.7712665406427222,0.9645390070921984,0.0060777957860615,0.1310877203941345,433.86446854901993,0.0,0.9968102073365231,0.0,,0.0,0.3333333333333333,0.0,1.0,0.0,,0.0,XGBoost,fleet,5470,530,4.11,A_volume_matched,CIDv2_Prototype,FS-A,1,cross,5470,530,0.4522471910112359,1.0,0.4522471910112359,1.0,0.4719101123595505,1.0,0.4550561797752809,1.0,0.5365168539325843,1.0,,,,,,,,,,,,,,,,,,,,
2994,528,0.1763527054108216,0.9251755695642558,0.8851574302112313,2470,0.0504306446273316,False,0.7765151515151515,0.9975669099756692,0.0004055150040551,0.2053519189357757,28.947756376831062,0.0,0.9968051118210862,0.0,,0.0,0.3333333333333333,0.0,1.0,0.0,,0.0,False,0.7765151515151515,0.9975669099756692,0.0004055150040551,0.2053519189357757,28.947756376831062,0.0,0.9968051118210862,0.0,,0.0,0.3333333333333333,0.0,1.0,0.0,,0.0,True,0.7954545454545454,0.9813084112149532,0.0032441200324412,0.1601909548044204,231.5820510146485,0.0,0.9968051118210862,0.0,,0.0,0.3333333333333333,0.0,1.0,0.0,,0.0,True,0.7878787878787878,0.98812351543943,0.0020275750202757,0.1769163012504577,144.7387818841553,0.0,0.9968051118210862,0.0,,0.0,0.3333333333333333,0.0,1.0,0.0,,0.0,True,0.8068181818181818,0.9321663019693656,0.0125709651257096,0.1239802688360214,897.3804476817629,0.0,0.9968051118210862,0.0,,0.0,0.3333333333333333,0.0,1.0,0.0,,0.0,XGBoost,fleet,5470,530,5.54,A_volume_matched,CIDv2_Prototype,FS-A,1,in_f0,5470,530,0.550561797752809,1.0,0.550561797752809,1.0,0.6067415730337079,1.0,0.5842696629213483,1.0,0.6404494382022472,1.0,,,,,,,,,,,,,,,,,,,,
5994,1058,0.1765098431765098,0.8872999727322585,0.8689851282495009,4940,0.0504306446273316,False,0.774102079395085,1.0,0.0,0.1516279574227724,0.0,0.0,0.9968102073365231,0.0,,0.0,0.3333333333333333,0.0,1.0,0.0,,0.0,False,0.774102079395085,1.0,0.0,0.1516279574227724,0.0,0.0,0.9968102073365231,0.0,,0.0,0.3333333333333333,0.0,1.0,0.0,,0.0,True,0.7854442344045368,0.9975990396158464,0.0004051863857374,0.1301797836691117,28.924297903267988,0.0,0.9968102073365231,0.0,,0.0,0.3333333333333333,0.0,1.0,0.0,,0.0,True,0.782608695652174,0.9987937273823884,0.0002025931928687,0.1344250576574642,14.462148951633994,0.0,0.9968102073365231,0.0,,0.0,0.3333333333333333,0.0,1.0,0.0,,0.0,True,0.7920604914933838,0.9643268124280784,0.0062803889789303,0.1145082336339834,448.3266175006539,0.0,0.9968102073365231,0.0,,0.0,0.3333333333333333,0.0,1.0,0.0,,0.0,LightGBM,fleet,5470,530,13.25,A_volume_matched,CIDv2_Prototype,FS-A,1,cross,5470,530,0.5449438202247191,1.0,0.5449438202247191,1.0,0.5786516853932584,1.0,0.5702247191011236,1.0,0.598314606741573,1.0,,,,,,,,,,,,,,,,,,,,
2994,528,0.1763527054108216,0.9202894209737276,0.8973817632697765,2470,0.0504306446273316,False,0.803030303030303,1.0,0.0,0.1381451245524063,0.0,0.0,0.9968051118210862,0.0,,0.0,0.3333333333333333,0.0,1.0,0.0,,0.0,False,0.803030303030303,1.0,0.0,0.1381451245524063,0.0,0.0,0.9968051118210862,0.0,,0.0,0.3333333333333333,0.0,1.0,0.0,,0.0,True,0.8068181818181818,0.9976580796252928,0.0004055150040551,0.1291377517927689,28.947756376831062,0.0,0.9968051118210862,0.0,,0.0,0.3333333333333333,0.0,1.0,0.0,,0.0,True,0.8068181818181818,0.9976580796252928,0.0004055150040551,0.1298514007381574,28.947756376831062,0.0,0.9968051118210862,0.0,,0.0,0.3333333333333333,0.0,1.0,0.0,,0.0,True,0.8162878787878788,0.9431072210065644,0.0105433901054339,0.1119665861786571,752.6416657976077,0.0,0.9968051118210862,0.0,,0.0,0.3333333333333333,0.0,1.0,0.0,,0.0,LightGBM,fleet,5470,530,9.87,A_volume_matched,CIDv2_Prototype,FS-A,1,in_f0,5470,530,0.6292134831460674,1.0,0.6292134831460674,1.0,0.6404494382022472,1.0,0.6404494382022472,1.0,0.6685393258426966,1.0,,,,,,,,,,,,,,,,,,,,
5994,1058,0.1765098431765098,0.9030587742384182,0.8452630247969638,4940,0.0504306446273316,False,0.5907372400756143,1.0,0.0,0.0016539114294573,0.0,0.0,0.9968102073365231,0.0,,0.0,0.1666666666666666,0.0,1.0,0.0,,0.0,False,0.5907372400756143,1.0,0.0,0.0016539114294573,0.0,0.0,0.9968102073365231,0.0,,0.0,0.1666666666666666,0.0,1.0,0.0,,0.0,True,0.5916824196597353,0.9889415481832544,0.001418152350081,0.0007034232257865,101.23504266143796,0.0,0.9968102073365231,0.0,,0.0,0.3333333333333333,0.0,1.0,0.0,,0.0,True,0.5907372400756143,0.9904912836767036,0.0012155591572123,0.0008023293921723,86.772893709804,0.0,0.9968102073365231,0.0,,0.0,0.1666666666666666,0.0,1.0,0.0,,0.0,True,0.6739130434782609,0.9344692005242464,0.0101296596434359,5.53245517949108e-05,723.1074475816997,0.0,0.9968102073365231,0.0,,0.0,0.3333333333333333,0.0,1.0,0.0,,0.0,LogReg,fleet,5470,530,0.33,A_volume_matched,CIDv2_Prototype,FS-A,2,cross,5470,530,0.0,0.0,0.0,0.0,0.0028089887640449,1.0,0.0,0.0,0.247191011235955,1.0,,,,,,,,,,,,,,,,,,,,
2994,528,0.1763527054108216,0.9130070473592372,0.8620231898899173,2470,0.0504306446273316,False,0.5909090909090909,1.0,0.0,0.0010956351179629,0.0,0.0,0.9968051118210862,0.0,,0.0,0.1666666666666666,0.0,1.0,0.0,,0.0,False,0.5909090909090909,1.0,0.0,0.0010956351179629,0.0,0.0,0.9968051118210862,0.0,,0.0,0.1666666666666666,0.0,1.0,0.0,,0.0,True,0.5909090909090909,1.0,0.0,0.0009166289237327,0.0,0.0,0.9968051118210862,0.0,,0.0,0.1666666666666666,0.0,1.0,0.0,,0.0,True,0.5909090909090909,1.0,0.0,0.0009382420685142,0.0,0.0,0.9968051118210862,0.0,,0.0,0.1666666666666666,0.0,1.0,0.0,,0.0,True,0.696969696969697,0.9363867684478372,0.0101378751013787,6.118264718679711e-05,723.6939094207764,0.0,0.9968051118210862,0.0,,0.0,0.3333333333333333,0.0,1.0,0.0,,0.0,LogReg,fleet,5470,530,0.26,A_volume_matched,CIDv2_Prototype,FS-A,2,in_f0,5470,530,0.0,0.0,0.0,0.0,0.0,0.0,0.0,0.0,0.3146067415730337,1.0,,,,,,,,,,,,,,,,,,,,
5994,1058,0.1765098431765098,0.9441421078270672,0.9328076923825812,4940,0.0504306446273316,False,0.8440453686200378,1.0,0.0,0.3507259978696054,0.0,0.0,0.9968102073365231,0.0,,0.0,0.3333333333333333,0.0,1.0,0.0,,0.0,False,0.8440453686200378,1.0,0.0,0.3507259978696054,0.0,0.0,0.9968102073365231,0.0,,0.0,0.3333333333333333,0.0,1.0,0.0,,0.0,True,0.8497164461247637,0.9922737306843268,0.001418152350081,0.337389698579566,101.23504266143796,0.0,0.9968102073365231,0.0,,0.0,0.3333333333333333,0.0,1.0,0.0,,0.0,True,0.8497164461247637,0.9955703211517164,0.0008103727714748,0.3379293028903203,57.848595806535975,0.0,0.9968102073365231,0.0,,0.0,0.3333333333333333,0.0,1.0,0.0,,0.0,True,0.8780718336483931,0.9489274770173648,0.0101296596434359,0.3202109417242355,723.1074475816997,0.0,0.9984051036682616,0.0,,0.0,0.3333333333333333,0.0,1.0,0.0,,0.0,RandomForest,fleet,5470,530,5.57,A_volume_matched,CIDv2_Prototype,FS-A,2,cross,5470,530,0.7528089887640449,1.0,0.7528089887640449,1.0,0.7696629213483146,1.0,0.7696629213483146,1.0,0.851123595505618,1.0,,,,,,,,,,,,,,,,,,,,
2994,528,0.1763527054108216,0.955483207992332,0.941638777965386,2470,0.0504306446273316,False,0.8731060606060606,0.9956803455723542,0.0008110300081103,0.3390353111762504,57.895512753662125,0.0,0.9968051118210862,0.0,,0.0,0.3333333333333333,0.0,1.0,0.0,,0.0,False,0.8731060606060606,0.9956803455723542,0.0008110300081103,0.3390353111762504,57.895512753662125,0.0,0.9968051118210862,0.0,,0.0,0.3333333333333333,0.0,1.0,0.0,,0.0,True,0.8731060606060606,0.9935344827586208,0.0012165450121654,0.3376584304581878,86.84326913049318,0.0,0.9968051118210862,0.0,,0.0,0.3333333333333333,0.0,1.0,0.0,,0.0,True,0.8731060606060606,0.9956803455723542,0.0008110300081103,0.3383845692752418,57.895512753662125,0.0,0.9968051118210862,0.0,,0.0,0.3333333333333333,0.0,1.0,0.0,,0.0,True,0.9015151515151516,0.9136276391554704,0.0182481751824817,0.3182687914759327,1302.6490369573976,0.0,1.0,0.0,,0.0,0.3333333333333333,0.0,1.0,0.0,,0.0,RandomForest,fleet,5470,530,5.71,A_volume_matched,CIDv2_Prototype,FS-A,2,in_f0,5470,530,0.8370786516853933,1.0,0.8370786516853933,1.0,0.8370786516853933,1.0,0.8370786516853933,1.0,0.9157303370786516,1.0,,,,,,,,,,,,,,,,,,,,
5994,1058,0.1765098431765098,0.8932735996176389,0.8495120621433914,4940,0.0504306446273316,False,0.7060491493383743,0.9946737683089214,0.0008103727714748,0.3826307211345596,57.848595806535975,0.0,0.9968102073365231,0.0,,0.0,0.3333333333333333,0.0,1.0,0.0,,0.0,False,0.7060491493383743,0.9946737683089214,0.0008103727714748,0.3826307211345596,57.848595806535975,0.0,0.9968102073365231,0.0,,0.0,0.3333333333333333,0.0,1.0,0.0,,0.0,True,0.7098298676748582,0.9920739762219286,0.0012155591572123,0.3752920946336661,86.772893709804,0.0,0.9968102073365231,0.0,,0.0,0.3333333333333333,0.0,1.0,0.0,,0.0,True,0.7060491493383743,0.9946737683089214,0.0008103727714748,0.3826307211345596,57.848595806535975,0.0,0.9968102073365231,0.0,,0.0,0.3333333333333333,0.0,1.0,0.0,,0.0,True,0.7277882797731569,0.9625,0.0060777957860615,0.326388811949609,433.86446854901993,0.0,0.9968102073365231,0.0,,0.0,0.3333333333333333,0.0,1.0,0.0,,0.0,HistGB,fleet,5470,530,12.78,A_volume_matched,CIDv2_Prototype,FS-A,2,cross,5470,530,0.3426966292134831,1.0,0.3426966292134831,1.0,0.3539325842696629,1.0,0.3426966292134831,1.0,0.4073033707865168,1.0,,,,,,,,,,,,,,,,,,,,
2994,528,0.1763527054108216,0.91577499447025,0.8841813519645513,2470,0.0504306446273316,False,0.7556818181818182,1.0,0.0,0.4413966823800663,0.0,0.0,0.9968051118210862,0.0,,0.0,0.3333333333333333,0.0,1.0,0.0,,0.0,False,0.7556818181818182,1.0,0.0,0.4413966823800663,0.0,0.0,0.9968051118210862,0.0,,0.0,0.3333333333333333,0.0,1.0,0.0,,0.0,True,0.7670454545454546,0.9926470588235294,0.0012165450121654,0.3793198828536166,86.84326913049318,0.0,0.9968051118210862,0.0,,0.0,0.3333333333333333,0.0,1.0,0.0,,0.0,True,0.759469696969697,1.0,0.0,0.4245260641287853,0.0,0.0,0.9968051118210862,0.0,,0.0,0.3333333333333333,0.0,1.0,0.0,,0.0,True,0.7859848484848485,0.9453302961275628,0.0097323600973236,0.3151398636391324,694.7461530439455,0.0,0.9968051118210862,0.0,,0.0,0.3333333333333333,0.0,1.0,0.0,,0.0,HistGB,fleet,5470,530,11.43,A_volume_matched,CIDv2_Prototype,FS-A,2,in_f0,5470,530,0.4887640449438202,1.0,0.4887640449438202,1.0,0.5224719101123596,1.0,0.5,1.0,0.5786516853932584,1.0,,,,,,,,,,,,,,,,,,,,
5994,1058,0.1765098431765098,0.9172048726535188,0.8912198762825311,4940,0.0504306446273316,False,0.7589792060491494,0.9987562189054726,0.0002025931928687,0.351127028465271,14.462148951633994,0.0,0.9968102073365231,0.0,,0.0,0.3333333333333333,0.0,1.0,0.0,,0.0,False,0.7589792060491494,0.9987562189054726,0.0002025931928687,0.351127028465271,14.462148951633994,0.0,0.9968102073365231,0.0,,0.0,0.3333333333333333,0.0,1.0,0.0,,0.0,True,0.7844990548204159,0.988095238095238,0.0020259319286871,0.256602019071579,144.62148951633995,0.0,0.9968102073365231,0.0,,0.0,0.3333333333333333,0.0,1.0,0.0,,0.0,True,0.775047258979206,0.9951456310679612,0.0008103727714748,0.2833204865455627,57.848595806535975,0.0,0.9968102073365231,0.0,,0.0,0.3333333333333333,0.0,1.0,0.0,,0.0,True,0.8081285444234405,0.9606741573033708,0.0070907617504051,0.1859000325202942,506.1752133071898,0.0,0.9968102073365231,0.0,,0.0,0.3333333333333333,0.0,1.0,0.0,,0.0,XGBoost,fleet,5470,530,3.76,A_volume_matched,CIDv2_Prototype,FS-A,2,cross,5470,530,0.5,1.0,0.5,1.0,0.5758426966292135,1.0,0.547752808988764,1.0,0.6460674157303371,1.0,,,,,,,,,,,,,,,,,,,,
2994,528,0.1763527054108216,0.9352066897687336,0.9207884762500076,2470,0.0504306446273316,False,0.8125,0.9976744186046512,0.0004055150040551,0.334010511636734,28.947756376831062,0.0,0.9968051118210862,0.0,,0.0,0.3333333333333333,0.0,1.0,0.0,,0.0,False,0.8125,0.9976744186046512,0.0004055150040551,0.334010511636734,28.947756376831062,0.0,0.9968051118210862,0.0,,0.0,0.3333333333333333,0.0,1.0,0.0,,0.0,True,0.821969696969697,0.9977011494252872,0.0004055150040551,0.28419890999794,28.947756376831062,0.0,0.9968051118210862,0.0,,0.0,0.3333333333333333,0.0,1.0,0.0,,0.0,True,0.8143939393939394,0.9976798143851509,0.0004055150040551,0.330549955368042,28.947756376831062,0.0,0.9968051118210862,0.0,,0.0,0.3333333333333333,0.0,1.0,0.0,,0.0,True,0.8674242424242424,0.9308943089430894,0.0137875101378751,0.1659958064556121,984.2237168122562,0.0,0.9968051118210862,0.0,,0.0,0.3333333333333333,0.0,1.0,0.0,,0.0,XGBoost,fleet,5470,530,4.92,A_volume_matched,CIDv2_Prototype,FS-A,2,in_f0,5470,530,0.6573033707865169,1.0,0.6573033707865169,1.0,0.6853932584269663,1.0,0.6629213483146067,1.0,0.8202247191011236,1.0,,,,,,,,,,,,,,,,,,,,
5994,1058,0.1765098431765098,0.9006134858897097,0.8636576987972209,4940,0.0504306446273316,False,0.7353497164461248,0.9961587708066582,0.0006077795786061,0.3144169418507022,43.386446854902,0.0,0.9968102073365231,0.0,,0.0,0.3333333333333333,0.0,1.0,0.0,,0.0,False,0.7353497164461248,0.9961587708066582,0.0006077795786061,0.3144169418507022,43.386446854902,0.0,0.9968102073365231,0.0,,0.0,0.3333333333333333,0.0,1.0,0.0,,0.0,True,0.7495274102079396,0.9924906132665832,0.0012155591572123,0.279357992353602,86.772893709804,0.0,0.9968102073365231,0.0,,0.0,0.3333333333333333,0.0,1.0,0.0,,0.0,True,0.7476370510396976,0.9924717691342536,0.0012155591572123,0.2841077743390463,86.772893709804,0.0,0.9968102073365231,0.0,,0.0,0.3333333333333333,0.0,1.0,0.0,,0.0,True,0.779773156899811,0.9515570934256056,0.0085089141004862,0.20204917836476,607.4102559686278,0.0,0.9968102073365231,0.0,,0.0,0.3333333333333333,0.0,1.0,0.0,,0.0,LightGBM,fleet,5470,530,7.8,A_volume_matched,CIDv2_Prototype,FS-A,2,cross,5470,530,0.4297752808988764,1.0,0.4297752808988764,1.0,0.4719101123595505,1.0,0.4662921348314606,1.0,0.5617977528089888,1.0,,,,,,,,,,,,,,,,,,,,
2994,528,0.1763527054108216,0.9194534302882842,0.8957053564513319,2470,0.0504306446273316,False,0.7859848484848485,0.997596153846154,0.0004055150040551,0.3334852158048176,28.947756376831062,0.0,0.9968051118210862,0.0,,0.0,0.3333333333333333,0.0,1.0,0.0,,0.0,False,0.7859848484848485,0.997596153846154,0.0004055150040551,0.3334852158048176,28.947756376831062,0.0,0.9968051118210862,0.0,,0.0,0.3333333333333333,0.0,1.0,0.0,,0.0,True,0.7916666666666666,0.9976133651551312,0.0004055150040551,0.3066614361015558,28.947756376831062,0.0,0.9968051118210862,0.0,,0.0,0.3333333333333333,0.0,1.0,0.0,,0.0,True,0.7897727272727273,0.9976076555023924,0.0004055150040551,0.3200964177485638,28.947756376831062,0.0,0.9968051118210862,0.0,,0.0,0.3333333333333333,0.0,1.0,0.0,,0.0,True,0.8295454545454546,0.908713692946058,0.0178426601784266,0.1933665972266097,1273.701280580567,0.0,0.9968051118210862,0.0,,0.0,0.3333333333333333,0.0,1.0,0.0,,0.0,LightGBM,fleet,5470,530,8.48,A_volume_matched,CIDv2_Prototype,FS-A,2,in_f0,5470,530,0.5786516853932584,1.0,0.5786516853932584,1.0,0.5955056179775281,1.0,0.5898876404494382,1.0,0.7078651685393258,1.0,,,,,,,,,,,,,,,,,,,,
5994,1058,0.1765098431765098,0.5799811308759686,0.2043246328811245,4940,0.0504306446273316,False,0.0,0.0,0.0,1.0000000000000002,0.0,0.0,0.0,0.0,,0.0,0.0,0.0,0.0,0.0,,0.0,False,0.0,0.0,0.0,1.0000000000000002,0.0,0.0,0.0,0.0,,0.0,0.0,0.0,0.0,0.0,,0.0,True,0.0,0.0,0.0,1.0000000000000002,0.0,0.0,0.0,0.0,,0.0,0.0,0.0,0.0,0.0,,0.0,True,0.0,0.0,0.0,1.0000000000000002,0.0,0.0,0.0,0.0,,0.0,0.0,0.0,0.0,0.0,,0.0,True,0.0,0.0,0.0,1.0000000000000002,0.0,0.0,0.0,0.0,,0.0,0.0,0.0,0.0,0.0,,0.0,LogReg,fleet,5470,530,0.09,A_volume_matched,CIDv2_Prototype,FS-B,0,cross,5470,530,0.0,0.0,0.0,0.0,0.0,0.0,0.0,0.0,0.0,0.0,,,,,,,,,,,,,,,,,,,,
2994,528,0.1763527054108216,0.5796848503280985,0.2036819513649706,2470,0.0504306446273316,False,0.0,0.0,0.0,1.0000000000000002,0.0,0.0,0.0,0.0,,0.0,0.0,0.0,0.0,0.0,,0.0,False,0.0,0.0,0.0,1.0000000000000002,0.0,0.0,0.0,0.0,,0.0,0.0,0.0,0.0,0.0,,0.0,True,0.0,0.0,0.0,1.0000000000000002,0.0,0.0,0.0,0.0,,0.0,0.0,0.0,0.0,0.0,,0.0,True,0.0,0.0,0.0,1.0000000000000002,0.0,0.0,0.0,0.0,,0.0,0.0,0.0,0.0,0.0,,0.0,True,0.0,0.0,0.0,1.0000000000000002,0.0,0.0,0.0,0.0,,0.0,0.0,0.0,0.0,0.0,,0.0,LogReg,fleet,5470,530,0.08,A_volume_matched,CIDv2_Prototype,FS-B,0,in_f0,5470,530,0.0,0.0,0.0,0.0,0.0,0.0,0.0,0.0,0.0,0.0,,,,,,,,,,,,,,,,,,,,
5994,1058,0.1765098431765098,0.9533646937893888,0.9497331008669024,4940,0.0504306446273316,False,0.7561436672967864,1.0,0.0,0.4099766493516689,0.0,0.0,0.9968102073365231,0.0,,0.0,0.3333333333333333,0.0,1.0,0.0,,0.0,False,0.7561436672967864,1.0,0.0,0.4099766493516689,0.0,0.0,0.9968102073365231,0.0,,0.0,0.3333333333333333,0.0,1.0,0.0,,0.0,True,0.8695652173913043,0.9881847475832438,0.0022285251215559,0.378891031315982,159.08363846797394,0.0,0.9968102073365231,0.0,,0.0,0.3333333333333333,0.0,1.0,0.0,,0.0,True,0.8081285444234405,0.9988317757009346,0.0002025931928687,0.4024856244817502,14.462148951633994,0.0,0.9968102073365231,0.0,,0.0,0.3333333333333333,0.0,1.0,0.0,,0.0,True,0.8922495274102079,0.9554655870445344,0.0089141004862236,0.3611685167480213,636.3345538718958,0.0,0.9968102073365231,0.0,,0.0,0.3333333333333333,0.0,1.0,0.0,,0.0,RandomForest,fleet,5470,530,3.82,A_volume_matched,CIDv2_Prototype,FS-B,0,cross,5470,530,0.4915730337078651,1.0,0.4915730337078651,1.0,0.8286516853932584,1.0,0.6460674157303371,1.0,0.8960674157303371,1.0,,,,,,,,,,,,,,,,,,,,
2994,528,0.1763527054108216,0.9558818108088182,0.9489179684710484,2470,0.0504306446273316,False,0.8011363636363636,0.9976415094339622,0.0004055150040551,0.4014604333703706,28.947756376831062,0.0,0.9968051118210862,0.0,,0.0,0.3333333333333333,0.0,1.0,0.0,,0.0,False,0.8011363636363636,0.9976415094339622,0.0004055150040551,0.4014604333703706,28.947756376831062,0.0,0.9968051118210862,0.0,,0.0,0.3333333333333333,0.0,1.0,0.0,,0.0,True,0.8428030303030303,0.9933035714285714,0.0012165450121654,0.3868283199743415,86.84326913049318,0.0,0.9968051118210862,0.0,,0.0,0.3333333333333333,0.0,1.0,0.0,,0.0,True,0.803030303030303,0.9976470588235294,0.0004055150040551,0.40047352314796,28.947756376831062,0.0,0.9968051118210862,0.0,,0.0,0.3333333333333333,0.0,1.0,0.0,,0.0,True,0.8863636363636364,0.9454545454545454,0.010948905109489,0.3547366471644894,781.5894221744388,0.0,0.9968051118210862,0.0,,0.0,0.3333333333333333,0.0,1.0,0.0,,0.0,RandomForest,fleet,5470,530,3.75,A_volume_matched,CIDv2_Prototype,FS-B,0,in_f0,5470,530,0.6235955056179775,1.0,0.6235955056179775,1.0,0.7471910112359551,1.0,0.6292134831460674,1.0,0.8764044943820225,1.0,,,,,,,,,,,,,,,,,,,,
5994,1058,0.1765098431765098,0.9641658981657082,0.938981761459767,4940,0.0504306446273316,False,0.665406427221172,1.0,0.0,0.9611837138115298,0.0,1.0,1.0,0.7692307692307693,,0.0,0.6666666666666666,1.0,1.0,0.5,,0.0,False,0.665406427221172,1.0,0.0,0.9611837138115298,0.0,1.0,1.0,0.7692307692307693,,0.0,0.6666666666666666,1.0,1.0,0.5,,0.0,True,0.668241965973535,0.997179125528914,0.0004051863857374,0.9594576600349278,28.924297903267988,1.0,1.0,0.7692307692307693,,0.0192307692307692,0.8333333333333334,1.0,1.0,0.5,,1.0,True,0.665406427221172,1.0,0.0,0.9611837138115298,0.0,1.0,1.0,0.7692307692307693,,0.0,0.6666666666666666,1.0,1.0,0.5,,0.0,True,0.8062381852551985,0.946725860155383,0.0097244732576985,0.8906316569919966,694.183149678432,1.0,1.0,0.7692307692307693,,0.0769230769230769,0.8333333333333334,1.0,1.0,0.5,,1.0,HistGB,fleet,5470,530,10.97,A_volume_matched,CIDv2_Prototype,FS-B,0,cross,5470,530,0.1601123595505618,1.0,0.1601123595505618,1.0,0.1657303370786516,1.0,0.1601123595505618,1.0,0.5674157303370787,1.0,,,,,,,,,,,,,,,,,,,,
2994,528,0.1763527054108216,0.9634272315613558,0.926912886900342,2470,0.0504306446273316,False,0.6950757575757576,0.9458762886597938,0.0085158150851581,0.9219708514869508,607.9028839134523,1.0,1.0,0.8333333333333334,,0.0769230769230769,0.8333333333333334,1.0,1.0,0.5,,1.0,False,0.6950757575757576,0.9458762886597938,0.0085158150851581,0.9219708514869508,607.9028839134523,1.0,1.0,0.8333333333333334,,0.0769230769230769,0.8333333333333334,1.0,1.0,0.5,,1.0,True,0.6950757575757576,0.938618925831202,0.0097323600973236,0.9191646593112248,694.7461530439455,1.0,1.0,0.8333333333333334,,0.0769230769230769,0.8333333333333334,1.0,1.0,0.5,,1.0,True,0.6950757575757576,0.9458762886597938,0.0085158150851581,0.9219708514869508,607.9028839134523,1.0,1.0,0.8333333333333334,,0.0769230769230769,0.8333333333333334,1.0,1.0,0.5,,1.0,True,0.8939393939393939,0.8789571694599627,0.0263584752635847,0.7759811078797043,1881.6041644940192,1.0,1.0,0.8333333333333334,,0.2307692307692307,0.8333333333333334,1.0,1.0,0.5,,1.0,HistGB,fleet,5470,530,10.44,A_volume_matched,CIDv2_Prototype,FS-B,0,in_f0,5470,530,0.2359550561797752,1.0,0.2359550561797752,1.0,0.2359550561797752,1.0,0.2359550561797752,1.0,0.8033707865168539,1.0,,,,,,,,,,,,,,,,,,,,
5994,1058,0.1765098431765098,0.9640482294350676,0.9594684962050596,4940,0.0504306446273316,False,0.9328922495274102,0.9949596774193548,0.0010129659643435,0.7223417162895204,72.31074475816997,1.0,1.0,0.7692307692307693,,0.0384615384615384,0.8333333333333334,1.0,1.0,0.5,,1.0,False,0.9328922495274102,0.9949596774193548,0.0010129659643435,0.7223417162895204,72.31074475816997,1.0,1.0,0.7692307692307693,,0.0384615384615384,0.8333333333333334,1.0,1.0,0.5,,1.0,True,0.9328922495274102,0.9889779559118236,0.0022285251215559,0.6962692737579346,159.08363846797394,1.0,1.0,0.7692307692307693,,0.0384615384615384,0.8333333333333334,1.0,1.0,0.5,,1.0,True,0.9328922495274102,0.9889779559118236,0.0022285251215559,0.6962692737579346,159.08363846797394,1.0,1.0,0.7692307692307693,,0.0384615384615384,0.8333333333333334,1.0,1.0,0.5,,1.0,True,0.936672967863894,0.9547206165703276,0.0095218800648298,0.6060165762901306,679.7210007267978,1.0,1.0,0.7692307692307693,,0.0576923076923076,0.8333333333333334,1.0,1.0,0.5,,1.0,XGBoost,fleet,5470,530,2.03,A_volume_matched,CIDv2_Prototype,FS-B,0,cross,5470,530,0.949438202247191,1.0,0.949438202247191,1.0,0.949438202247191,1.0,0.949438202247191,1.0,0.9578651685393258,1.0,,,,,,,,,,,,,,,,,,,,
2994,528,0.1763527054108216,0.972693403008184,0.9648692837396404,2470,0.0504306446273316,False,0.9356060606060606,0.995967741935484,0.0008110300081103,0.749787747859955,57.895512753662125,1.0,1.0,0.8333333333333334,,0.0384615384615384,0.8333333333333334,1.0,1.0,0.5,,1.0,False,0.9356060606060606,0.995967741935484,0.0008110300081103,0.749787747859955,57.895512753662125,1.0,1.0,0.8333333333333334,,0.0384615384615384,0.8333333333333334,1.0,1.0,0.5,,1.0,True,0.9356060606060606,0.995967741935484,0.0008110300081103,0.7497877478599548,57.895512753662125,1.0,1.0,0.8333333333333334,,0.0384615384615384,0.8333333333333334,1.0,1.0,0.5,,1.0,True,0.9356060606060606,0.995967741935484,0.0008110300081103,0.7497877478599548,57.895512753662125,1.0,1.0,0.8333333333333334,,0.0384615384615384,0.8333333333333334,1.0,1.0,0.5,,1.0,True,0.9412878787878788,0.9085923217550276,0.0202757502027575,0.559470534324646,1447.3878188415529,1.0,1.0,0.8333333333333334,,0.1153846153846153,0.8333333333333334,1.0,1.0,0.5,,1.0,XGBoost,fleet,5470,530,1.8,A_volume_matched,CIDv2_Prototype,FS-B,0,in_f0,5470,530,0.9550561797752808,1.0,0.9550561797752808,1.0,0.9550561797752808,1.0,0.9550561797752808,1.0,0.9606741573033708,1.0,,,,,,,,,,,,,,,,,,,,
5994,1058,0.1765098431765098,0.964079250320932,0.9588190428822726,4940,0.0504306446273316,False,0.9007561436672968,1.0,0.0,0.5966907641894734,0.0,1.0,1.0,0.7692307692307693,,0.0,0.6666666666666666,1.0,1.0,0.5,,0.0,False,0.9007561436672968,1.0,0.0,0.5966907641894734,0.0,1.0,1.0,0.7692307692307693,,0.0,0.6666666666666666,1.0,1.0,0.5,,0.0,True,0.9007561436672968,1.0,0.0,0.5966907641894733,0.0,1.0,1.0,0.7692307692307693,,0.0,0.6666666666666666,1.0,1.0,0.5,,0.0,True,0.9007561436672968,1.0,0.0,0.5966907641894734,0.0,1.0,1.0,0.7692307692307693,,0.0,0.6666666666666666,1.0,1.0,0.5,,0.0,True,0.9310018903591682,0.9675834970530452,0.0066855753646677,0.402161576301136,477.2509154039219,1.0,1.0,0.7692307692307693,,0.0384615384615384,0.8333333333333334,1.0,1.0,0.5,,1.0,LightGBM,fleet,5470,530,3.01,A_volume_matched,CIDv2_Prototype,FS-B,0,cross,5470,530,0.8595505617977528,1.0,0.8595505617977528,1.0,0.8595505617977528,1.0,0.8595505617977528,1.0,0.9438202247191012,1.0,,,,,,,,,,,,,,,,,,,,
2994,528,0.1763527054108216,0.9712161149204944,0.9621779873693486,2470,0.0504306446273316,False,0.8863636363636364,0.9609856262833676,0.0077047850770478,0.454008701231134,550.0073711597903,1.0,1.0,0.8333333333333334,,0.0384615384615384,0.8333333333333334,1.0,1.0,0.5,,1.0,False,0.8863636363636364,0.9609856262833676,0.0077047850770478,0.454008701231134,550.0073711597903,1.0,1.0,0.8333333333333334,,0.0384615384615384,0.8333333333333334,1.0,1.0,0.5,,1.0,True,0.8863636363636364,0.9609856262833676,0.0077047850770478,0.454008701231134,550.0073711597903,1.0,1.0,0.8333333333333334,,0.0384615384615384,0.8333333333333334,1.0,1.0,0.5,,1.0,True,0.8863636363636364,0.9609856262833676,0.0077047850770478,0.454008701231134,550.0073711597903,1.0,1.0,0.8333333333333334,,0.0384615384615384,0.8333333333333334,1.0,1.0,0.5,,1.0,True,0.9450757575757576,0.9072727272727272,0.0206812652068126,0.3422980464386305,1476.335575218384,1.0,1.0,0.8333333333333334,,0.1923076923076923,0.8333333333333334,1.0,1.0,0.5,,1.0,LightGBM,fleet,5470,530,5.74,A_volume_matched,CIDv2_Prototype,FS-B,0,in_f0,5470,530,0.8089887640449438,1.0,0.8089887640449438,1.0,0.8089887640449438,1.0,0.8089887640449438,1.0,0.9606741573033708,1.0,,,,,,,,,,,,,,,,,,,,
5994,1058,0.1765098431765098,0.9041014206799778,0.7699821054468886,4940,0.0504306446273316,False,0.0,0.0,0.0,1000000.0,0.0,0.0,0.0,0.0,,0.0,0.0,0.0,0.0,0.0,,0.0,False,0.0,0.0,0.0,1000000.0,0.0,0.0,0.0,0.0,,0.0,0.0,0.0,0.0,0.0,,0.0,True,0.5916824196597353,0.9936507936507936,0.0008103727714748,1000000.0,57.848595806535975,0.0,0.9968102073365231,0.0,,0.0192307692307692,0.3333333333333333,0.0,1.0,0.0,,1.0,True,0.5916824196597353,0.9936507936507936,0.0008103727714748,1000000.0,57.848595806535975,0.0,0.9968102073365231,0.0,,0.0192307692307692,0.3333333333333333,0.0,1.0,0.0,,1.0,True,0.6049149338374291,0.9580838323353292,0.0056726094003241,984375.0,404.94017064575183,0.0,0.9968102073365231,0.0,,0.2884615384615384,0.3333333333333333,0.0,1.0,0.0,,1.0,Rule:Combined,fleet,5470,530,0.02,A_volume_matched,CIDv2_Prototype,FS-B,0,cross,5470,530,0.0,0.0,0.0,0.0,0.0,0.0,0.0,0.0,0.0,0.0,,,,,,,,,,,,,,,,,,,,
2994,528,0.1763527054108216,0.9020197412076972,0.7619081777949199,2470,0.0504306446273316,False,0.0,0.0,0.0,1000000.0,0.0,0.0,0.0,0.0,,0.0,0.0,0.0,0.0,0.0,,0.0,False,0.0,0.0,0.0,1000000.0,0.0,0.0,0.0,0.0,,0.0,0.0,0.0,0.0,0.0,,0.0,True,0.5909090909090909,0.9904761904761904,0.0012165450121654,1000000.0,86.84326913049318,0.0,0.9968051118210862,0.0,,0.0,0.1666666666666666,0.0,1.0,0.0,,0.0,True,0.5909090909090909,0.9904761904761904,0.0012165450121654,1000000.0,86.84326913049318,0.0,0.9968051118210862,0.0,,0.0,0.1666666666666666,0.0,1.0,0.0,,0.0,True,0.5965909090909091,0.9545454545454546,0.0060827250608272,984375.0,434.216345652466,0.0,0.9968051118210862,0.0,,0.1153846153846153,0.3333333333333333,0.0,1.0,0.0,,1.0,Rule:Combined,fleet,5470,530,0.02,A_volume_matched,CIDv2_Prototype,FS-B,0,in_f0,5470,530,0.0,0.0,0.0,0.0,0.0,0.0,0.0,0.0,0.0,0.0,,,,,,,,,,,,,,,,,,,,
5994,1058,0.1765098431765098,0.8099739041584838,0.7261860260133,4940,0.0504306446273316,False,0.5727788279773157,1.0,0.0,8473.304864505128,0.0,0.0,0.9665071770334928,0.0,,0.0,0.1666666666666666,0.0,1.0,0.0,,0.0,False,0.5727788279773157,1.0,0.0,8473.304864505128,0.0,0.0,0.9665071770334928,0.0,,0.0,0.1666666666666666,0.0,1.0,0.0,,0.0,True,0.5869565217391305,1.0,0.0,2246.337935439221,0.0,0.0,0.9904306220095692,0.0,,0.0,0.1666666666666666,0.0,1.0,0.0,,0.0,True,0.5869565217391305,1.0,0.0,2246.337935439221,0.0,0.0,0.9904306220095692,0.0,,0.0,0.1666666666666666,0.0,1.0,0.0,,0.0,True,0.5973534971644613,0.8851540616246498,0.016612641815235,926.1830373677574,1185.8962140339877,0.0,0.9968102073365231,0.0769230769230769,,0.1153846153846153,0.5,0.0,1.0,0.5,,1.0,Rule:Staleness,fleet,5470,530,0.02,A_volume_matched,CIDv2_Prototype,FS-B,0,cross,5470,530,0.0,0.0,0.0,0.0,0.0,0.0,0.0,0.0,0.0,0.0,,,,,,,,,,,,,,,,,,,,
2994,528,0.1763527054108216,0.8250913176779965,0.734338568488461,2470,0.0504306446273316,False,0.5946969696969697,0.9968253968253968,0.0004055150040551,1547.4512203791242,28.947756376831062,0.0,1.0,0.1666666666666666,,0.0,0.3333333333333333,0.0,1.0,0.5,,0.0,False,0.5946969696969697,0.9968253968253968,0.0004055150040551,1547.4512203791242,28.947756376831062,0.0,1.0,0.1666666666666666,,0.0,0.3333333333333333,0.0,1.0,0.5,,0.0,True,0.5946969696969697,0.9968253968253968,0.0004055150040551,1541.0390921294336,28.947756376831062,0.0,1.0,0.1666666666666666,,0.0,0.3333333333333333,0.0,1.0,0.5,,0.0,True,0.5946969696969697,0.9968253968253968,0.0004055150040551,1547.451220379124,28.947756376831062,0.0,1.0,0.1666666666666666,,0.0,0.3333333333333333,0.0,1.0,0.5,,0.0,True,0.5984848484848485,0.9002849002849003,0.0141930251419302,1090.4195424411566,1013.1714731890872,0.0,1.0,0.1666666666666666,,0.0769230769230769,0.5,0.0,1.0,0.5,,1.0,Rule:Staleness,fleet,5470,530,0.01,A_volume_matched,CIDv2_Prototype,FS-B,0,in_f0,5470,530,0.0,0.0,0.0,0.0,0.0,0.0,0.0,0.0,0.0,0.0,,,,,,,,,,,,,,,,,,,,
5994,1058,0.1765098431765098,0.8944241489554003,0.6372834121521105,4940,0.0504306446273316,False,0.0,0.0,0.0,1.0000000000000002,0.0,0.0,0.0,0.0,,0.0,0.0,0.0,0.0,0.0,,0.0,False,0.0,0.0,0.0,1.0000000000000002,0.0,0.0,0.0,0.0,,0.0,0.0,0.0,0.0,0.0,,0.0,True,0.0,0.0,0.0,1.0000000000000002,0.0,0.0,0.0,0.0,,0.0,0.0,0.0,0.0,0.0,,0.0,True,0.0,0.0,0.0,1.0000000000000002,0.0,0.0,0.0,0.0,,0.0,0.0,0.0,0.0,0.0,,0.0,True,0.0,0.0,0.0,1.0000000000000002,0.0,0.0,0.0,0.0,,0.0,0.0,0.0,0.0,0.0,,0.0,LogReg,fleet,5470,530,0.09,A_volume_matched,CIDv2_Prototype,FS-B,1,cross,5470,530,0.0,0.0,0.0,0.0,0.0,0.0,0.0,0.0,0.0,0.0,,,,,,,,,,,,,,,,,,,,
2994,528,0.1763527054108216,0.8884557251345573,0.6017908240993809,2470,0.0504306446273316,False,0.0,0.0,0.0,1.0000000000000002,0.0,0.0,0.0,0.0,,0.0,0.0,0.0,0.0,0.0,,0.0,False,0.0,0.0,0.0,1.0000000000000002,0.0,0.0,0.0,0.0,,0.0,0.0,0.0,0.0,0.0,,0.0,True,0.0,0.0,0.0,1.0000000000000002,0.0,0.0,0.0,0.0,,0.0,0.0,0.0,0.0,0.0,,0.0,True,0.0,0.0,0.0,1.0000000000000002,0.0,0.0,0.0,0.0,,0.0,0.0,0.0,0.0,0.0,,0.0,True,0.0,0.0,0.0,1.0000000000000002,0.0,0.0,0.0,0.0,,0.0,0.0,0.0,0.0,0.0,,0.0,LogReg,fleet,5470,530,0.09,A_volume_matched,CIDv2_Prototype,FS-B,1,in_f0,5470,530,0.0,0.0,0.0,0.0,0.0,0.0,0.0,0.0,0.0,0.0,,,,,,,,,,,,,,,,,,,,
5994,1058,0.1765098431765098,0.9604270197277516,0.9509111160852368,4940,0.0504306446273316,False,0.5982986767485823,0.998422712933754,0.0002025931928687,0.4744680514150699,14.462148951633994,0.0,0.9968102073365231,0.0,,0.0,0.3333333333333333,0.0,1.0,0.0,,0.0,False,0.5982986767485823,0.998422712933754,0.0002025931928687,0.4744680514150699,14.462148951633994,0.0,0.9968102073365231,0.0,,0.0,0.3333333333333333,0.0,1.0,0.0,,0.0,True,0.6975425330812854,0.993270524899058,0.0010129659643435,0.4501440232018517,72.31074475816997,0.0,0.9968102073365231,0.0,,0.0,0.3333333333333333,0.0,1.0,0.0,,0.0,True,0.6219281663516069,0.9954614220877458,0.0006077795786061,0.4602128709772952,43.386446854902,0.0,0.9968102073365231,0.0,,0.0,0.3333333333333333,0.0,1.0,0.0,,0.0,True,0.8960302457466919,0.9470529470529472,0.0107374392220421,0.3966960637229143,766.4938944366017,0.0,0.9968102073365231,0.0,,0.0,0.3333333333333333,0.0,1.0,0.0,,0.0,RandomForest,fleet,5470,530,3.76,A_volume_matched,CIDv2_Prototype,FS-B,1,cross,5470,530,0.0224719101123595,1.0,0.0224719101123595,1.0,0.3174157303370786,1.0,0.0926966292134831,1.0,0.9073033707865168,1.0,,,,,,,,,,,,,,,,,,,,
2994,528,0.1763527054108216,0.969777611885276,0.9564307261802004,2470,0.0504306446273316,False,0.5965909090909091,1.0,0.0,0.4818665262587021,0.0,0.0,0.9968051118210862,0.0,,0.0,0.3333333333333333,0.0,1.0,0.0,,0.0,False,0.5965909090909091,1.0,0.0,0.4818665262587021,0.0,0.0,0.9968051118210862,0.0,,0.0,0.3333333333333333,0.0,1.0,0.0,,0.0,True,0.5984848484848485,1.0,0.0,0.4658377042369487,0.0,0.0,0.9968051118210862,0.0,,0.0,0.3333333333333333,0.0,1.0,0.0,,0.0,True,0.5965909090909091,1.0,0.0,0.4662986998384441,0.0,0.0,0.9968051118210862,0.0,,0.0,0.3333333333333333,0.0,1.0,0.0,,0.0,True,0.9071969696969696,0.954183266932271,0.0093268450932684,0.4039500836032845,665.7983966671144,0.0,0.9968051118210862,0.0,,0.0,0.3333333333333333,0.0,1.0,0.0,,0.0,RandomForest,fleet,5470,530,3.72,A_volume_matched,CIDv2_Prototype,FS-B,1,in_f0,5470,530,0.0168539325842696,1.0,0.0168539325842696,1.0,0.0224719101123595,1.0,0.0168539325842696,1.0,0.9382022471910112,1.0,,,,,,,,,,,,,,,,,,,,
5994,1058,0.1765098431765098,0.97714172408722,0.9318445471461044,4940,0.0504306446273316,False,0.610586011342155,1.0,0.0,0.996997261354714,0.0,1.0,0.9984051036682616,0.7692307692307693,,0.0,0.5,1.0,1.0,0.5,,0.0,False,0.610586011342155,1.0,0.0,0.996997261354714,0.0,1.0,0.9984051036682616,0.7692307692307693,,0.0,0.5,1.0,1.0,0.5,,0.0,True,0.610586011342155,0.9969135802469136,0.0004051863857374,0.9967453076743475,28.924297903267988,1.0,0.9984051036682616,0.7692307692307693,,0.0,0.5,1.0,1.0,0.5,,0.0,True,0.610586011342155,0.9969135802469136,0.0004051863857374,0.996891137400736,28.924297903267988,1.0,0.9984051036682616,0.7692307692307693,,0.0,0.5,1.0,1.0,0.5,,0.0,True,0.6153119092627599,0.9143258426966292,0.0123581847649918,0.993026396154787,882.1910860496737,1.0,1.0,0.7692307692307693,,0.0769230769230769,0.6666666666666666,1.0,1.0,0.5,,1.0,HistGB,fleet,5470,530,29.82,A_volume_matched,CIDv2_Prototype,FS-B,1,cross,5470,530,0.0,0.0,0.0,0.0,0.0,0.0,0.0,0.0,0.0,0.0,,,,,,,,,,,,,,,,,,,,
2994,528,0.1763527054108216,0.9746188312566048,0.9216027593862874,2470,0.0504306446273316,False,0.6098484848484849,1.0,0.0,0.9969931220154096,0.0,1.0,0.9968051118210862,0.8333333333333334,,0.0,0.5,1.0,1.0,0.5,,0.0,False,0.6098484848484849,1.0,0.0,0.9969931220154096,0.0,1.0,0.9968051118210862,0.8333333333333334,,0.0,0.5,1.0,1.0,0.5,,0.0,True,0.6098484848484849,1.0,0.0,0.9969232101875148,0.0,1.0,0.9968051118210862,0.8333333333333334,,0.0,0.5,1.0,1.0,0.5,,0.0,True,0.6098484848484849,1.0,0.0,0.9969232101875148,0.0,1.0,0.9968051118210862,0.8333333333333334,,0.0,0.5,1.0,1.0,0.5,,0.0,True,0.6193181818181818,0.8605263157894737,0.0214922952149229,0.9917768748786404,1534.2310879720462,1.0,1.0,0.8333333333333334,,0.1538461538461538,0.6666666666666666,1.0,1.0,0.5,,1.0,HistGB,fleet,5470,530,32.98,A_volume_matched,CIDv2_Prototype,FS-B,1,in_f0,5470,530,0.0,0.0,0.0,0.0,0.0,0.0,0.0,0.0,0.0,0.0,,,,,,,,,,,,,,,,,,,,
5994,1058,0.1765098431765098,0.9697103070531536,0.9608670211984188,4940,0.0504306446273316,False,0.8156899810964083,0.9976878612716764,0.0004051863857374,0.9332503080368044,28.924297903267988,1.0,0.9968102073365231,0.7692307692307693,,0.0,0.6666666666666666,1.0,1.0,0.5,,0.0,False,0.8156899810964083,0.9976878612716764,0.0004051863857374,0.9332503080368044,28.924297903267988,1.0,0.9968102073365231,0.7692307692307693,,0.0,0.6666666666666666,1.0,1.0,0.5,,0.0,True,0.8156899810964083,0.9976878612716764,0.0004051863857374,0.9332503080368042,28.924297903267988,1.0,0.9968102073365231,0.7692307692307693,,0.0,0.6666666666666666,1.0,1.0,0.5,,0.0,True,0.8156899810964083,0.9976878612716764,0.0004051863857374,0.9332503080368044,28.924297903267988,1.0,0.9968102073365231,0.7692307692307693,,0.0,0.6666666666666666,1.0,1.0,0.5,,0.0,True,0.9272211720226844,0.9496611810261376,0.0105348460291734,0.873872697353363,752.0317454849677,1.0,0.9984051036682616,0.7692307692307693,,0.0384615384615384,0.8333333333333334,1.0,1.0,0.5,,1.0,XGBoost,fleet,5470,530,24.55,A_volume_matched,CIDv2_Prototype,FS-B,1,cross,5470,530,0.6123595505617978,1.0,0.6123595505617978,1.0,0.6123595505617978,1.0,0.6123595505617978,1.0,0.9353932584269664,1.0,,,,,,,,,,,,,,,,,,,,
2994,528,0.1763527054108216,0.9784669996805032,0.9677197917756346,2470,0.0504306446273316,False,0.8352272727272727,0.9954853273137696,0.0008110300081103,0.9285558462142944,57.895512753662125,1.0,0.9968051118210862,0.8333333333333334,,0.0,0.6666666666666666,1.0,1.0,0.5,,0.0,False,0.8352272727272727,0.9954853273137696,0.0008110300081103,0.9285558462142944,57.895512753662125,1.0,0.9968051118210862,0.8333333333333334,,0.0,0.6666666666666666,1.0,1.0,0.5,,0.0,True,0.8352272727272727,0.9954853273137696,0.0008110300081103,0.9285558462142944,57.895512753662125,1.0,0.9968051118210862,0.8333333333333334,,0.0,0.6666666666666666,1.0,1.0,0.5,,0.0,True,0.8352272727272727,0.9954853273137696,0.0008110300081103,0.9285558462142944,57.895512753662125,1.0,0.9968051118210862,0.8333333333333334,,0.0,0.6666666666666666,1.0,1.0,0.5,,0.0,True,0.9412878787878788,0.9003623188405797,0.0223033252230332,0.8465237617492676,1592.1266007257088,1.0,1.0,0.8333333333333334,,0.1538461538461538,0.8333333333333334,1.0,1.0,0.5,,1.0,XGBoost,fleet,5470,530,6.96,A_volume_matched,CIDv2_Prototype,FS-B,1,in_f0,5470,530,0.6685393258426966,1.0,0.6685393258426966,1.0,0.6685393258426966,1.0,0.6685393258426966,1.0,0.9550561797752808,1.0,,,,,,,,,,,,,,,,,,,,
5994,1058,0.1765098431765098,0.9648934528314026,0.9560151938989948,4940,0.0504306446273316,False,0.7835538752362949,0.9963942307692308,0.0006077795786061,0.8182238861645931,43.386446854902,1.0,1.0,0.7692307692307693,,0.0,0.6666666666666666,1.0,1.0,0.5,,0.0,False,0.7835538752362949,0.9963942307692308,0.0006077795786061,0.8182238861645931,43.386446854902,1.0,1.0,0.7692307692307693,,0.0,0.6666666666666666,1.0,1.0,0.5,,0.0,True,0.7835538752362949,0.9963942307692308,0.0006077795786061,0.818223886164593,43.386446854902,1.0,1.0,0.7692307692307693,,0.0,0.6666666666666666,1.0,1.0,0.5,,0.0,True,0.7835538752362949,0.9963942307692308,0.0006077795786061,0.8182238861645931,43.386446854902,1.0,1.0,0.7692307692307693,,0.0,0.6666666666666666,1.0,1.0,0.5,,0.0,True,0.8383742911153119,0.953763440860215,0.0087115072933549,0.7730721676981692,621.8724049202618,1.0,1.0,0.7692307692307693,,0.0384615384615384,0.8333333333333334,1.0,1.0,0.5,,1.0,LightGBM,fleet,5470,530,8.25,A_volume_matched,CIDv2_Prototype,FS-B,1,cross,5470,530,0.5112359550561798,1.0,0.5112359550561798,1.0,0.5112359550561798,1.0,0.5112359550561798,1.0,0.6685393258426966,1.0,,,,,,,,,,,,,,,,,,,,
2994,528,0.1763527054108216,0.9755177996510112,0.963714935266139,2470,0.0504306446273316,False,0.7916666666666666,0.992874109263658,0.0012165450121654,0.8177993578611507,86.84326913049318,1.0,1.0,0.8333333333333334,,0.0,0.6666666666666666,1.0,1.0,0.5,,0.0,False,0.7916666666666666,0.992874109263658,0.0012165450121654,0.8177993578611507,86.84326913049318,1.0,1.0,0.8333333333333334,,0.0,0.6666666666666666,1.0,1.0,0.5,,0.0,True,0.7916666666666666,0.992874109263658,0.0012165450121654,0.8168847910926346,86.84326913049318,1.0,1.0,0.8333333333333334,,0.0,0.6666666666666666,1.0,1.0,0.5,,0.0,True,0.7916666666666666,0.992874109263658,0.0012165450121654,0.8177289807605849,86.84326913049318,1.0,1.0,0.8333333333333334,,0.0,0.6666666666666666,1.0,1.0,0.5,,0.0,True,0.9431818181818182,0.8940754039497307,0.0239253852392538,0.6204745496997823,1707.9176262330327,1.0,1.0,0.8333333333333334,,0.1538461538461538,0.8333333333333334,1.0,1.0,0.5,,1.0,LightGBM,fleet,5470,530,33.96,A_volume_matched,CIDv2_Prototype,FS-B,1,in_f0,5470,530,0.5337078651685393,1.0,0.5337078651685393,1.0,0.5337078651685393,1.0,0.5337078651685393,1.0,0.9606741573033708,1.0,,,,,,,,,,,,,,,,,,,,
5994,1058,0.1765098431765098,0.9041014206799778,0.7699821054468886,4940,0.0504306446273316,False,0.0,0.0,0.0,1000000.0,0.0,0.0,0.0,0.0,,0.0,0.0,0.0,0.0,0.0,,0.0,False,0.0,0.0,0.0,1000000.0,0.0,0.0,0.0,0.0,,0.0,0.0,0.0,0.0,0.0,,0.0,True,0.5916824196597353,0.9936507936507936,0.0008103727714748,1000000.0,57.848595806535975,0.0,0.9968102073365231,0.0,,0.0192307692307692,0.3333333333333333,0.0,1.0,0.0,,1.0,True,0.5916824196597353,0.9936507936507936,0.0008103727714748,1000000.0,57.848595806535975,0.0,0.9968102073365231,0.0,,0.0192307692307692,0.3333333333333333,0.0,1.0,0.0,,1.0,True,0.6049149338374291,0.9580838323353292,0.0056726094003241,984375.0,404.94017064575183,0.0,0.9968102073365231,0.0,,0.2884615384615384,0.3333333333333333,0.0,1.0,0.0,,1.0,Rule:Combined,fleet,5470,530,0.02,A_volume_matched,CIDv2_Prototype,FS-B,1,cross,5470,530,0.0,0.0,0.0,0.0,0.0,0.0,0.0,0.0,0.0,0.0,,,,,,,,,,,,,,,,,,,,
2994,528,0.1763527054108216,0.9020197412076972,0.7619081777949199,2470,0.0504306446273316,False,0.0,0.0,0.0,1000000.0,0.0,0.0,0.0,0.0,,0.0,0.0,0.0,0.0,0.0,,0.0,False,0.0,0.0,0.0,1000000.0,0.0,0.0,0.0,0.0,,0.0,0.0,0.0,0.0,0.0,,0.0,True,0.5909090909090909,0.9904761904761904,0.0012165450121654,1000000.0,86.84326913049318,0.0,0.9968051118210862,0.0,,0.0,0.1666666666666666,0.0,1.0,0.0,,0.0,True,0.5909090909090909,0.9904761904761904,0.0012165450121654,1000000.0,86.84326913049318,0.0,0.9968051118210862,0.0,,0.0,0.1666666666666666,0.0,1.0,0.0,,0.0,True,0.5965909090909091,0.9545454545454546,0.0060827250608272,984375.0,434.216345652466,0.0,0.9968051118210862,0.0,,0.1153846153846153,0.3333333333333333,0.0,1.0,0.0,,1.0,Rule:Combined,fleet,5470,530,0.02,A_volume_matched,CIDv2_Prototype,FS-B,1,in_f0,5470,530,0.0,0.0,0.0,0.0,0.0,0.0,0.0,0.0,0.0,0.0,,,,,,,,,,,,,,,,,,,,
5994,1058,0.1765098431765098,0.8099739041584838,0.7261860260133,4940,0.0504306446273316,False,0.5727788279773157,1.0,0.0,8259.014903128053,0.0,0.0,0.9665071770334928,0.0,,0.0,0.1666666666666666,0.0,1.0,0.0,,0.0,False,0.5727788279773157,1.0,0.0,8259.014903128053,0.0,0.0,0.9665071770334928,0.0,,0.0,0.1666666666666666,0.0,1.0,0.0,,0.0,True,0.5869565217391305,1.0,0.0,2189.511260656454,0.0,0.0,0.9904306220095692,0.0,,0.0,0.1666666666666666,0.0,1.0,0.0,,0.0,True,0.5869565217391305,1.0,0.0,2189.511260656454,0.0,0.0,0.9904306220095692,0.0,,0.0,0.1666666666666666,0.0,1.0,0.0,,0.0,True,0.5973534971644613,0.8851540616246498,0.016612641815235,902.7394794312244,1185.8962140339877,0.0,0.9968102073365231,0.0769230769230769,,0.1153846153846153,0.5,0.0,1.0,0.5,,1.0,Rule:Staleness,fleet,5470,530,0.02,A_volume_matched,CIDv2_Prototype,FS-B,1,cross,5470,530,0.0,0.0,0.0,0.0,0.0,0.0,0.0,0.0,0.0,0.0,,,,,,,,,,,,,,,,,,,,
2994,528,0.1763527054108216,0.8250913176779965,0.734338568488461,2470,0.0504306446273316,False,0.5946969696969697,0.9968253968253968,0.0004055150040551,1508.2974845107335,28.947756376831062,0.0,1.0,0.1666666666666666,,0.0,0.3333333333333333,0.0,1.0,0.5,,0.0,False,0.5946969696969697,0.9968253968253968,0.0004055150040551,1508.2974845107335,28.947756376831062,0.0,1.0,0.1666666666666666,,0.0,0.3333333333333333,0.0,1.0,0.5,,0.0,True,0.5946969696969697,0.9968253968253968,0.0004055150040551,1502.0475014963522,28.947756376831062,0.0,1.0,0.1666666666666666,,0.0,0.3333333333333333,0.0,1.0,0.5,,0.0,True,0.5946969696969697,0.9968253968253968,0.0004055150040551,1508.2974845107333,28.947756376831062,0.0,1.0,0.1666666666666666,,0.0,0.3333333333333333,0.0,1.0,0.5,,0.0,True,0.5984848484848485,0.9002849002849003,0.0141930251419302,1062.82289122194,1013.1714731890872,0.0,1.0,0.1666666666666666,,0.0769230769230769,0.5,0.0,1.0,0.5,,1.0,Rule:Staleness,fleet,5470,530,0.01,A_volume_matched,CIDv2_Prototype,FS-B,1,in_f0,5470,530,0.0,0.0,0.0,0.0,0.0,0.0,0.0,0.0,0.0,0.0,,,,,,,,,,,,,,,,,,,,
5994,1058,0.1765098431765098,0.5907033468855031,0.2078297212590119,4940,0.0504306446273316,False,0.0,0.0,0.0,1.0000000000000002,0.0,0.0,0.0,0.0,,0.0,0.0,0.0,0.0,0.0,,0.0,False,0.0,0.0,0.0,1.0000000000000002,0.0,0.0,0.0,0.0,,0.0,0.0,0.0,0.0,0.0,,0.0,True,0.0,0.0,0.0,1.0000000000000002,0.0,0.0,0.0,0.0,,0.0,0.0,0.0,0.0,0.0,,0.0,True,0.0,0.0,0.0,1.0000000000000002,0.0,0.0,0.0,0.0,,0.0,0.0,0.0,0.0,0.0,,0.0,True,0.0,0.0,0.0,1.0000000000000002,0.0,0.0,0.0,0.0,,0.0,0.0,0.0,0.0,0.0,,0.0,LogReg,fleet,5470,530,0.09,A_volume_matched,CIDv2_Prototype,FS-B,2,cross,5470,530,0.0,0.0,0.0,0.0,0.0,0.0,0.0,0.0,0.0,0.0,,,,,,,,,,,,,,,,,,,,
2994,528,0.1763527054108216,0.5909421158052546,0.2077180842528616,2470,0.0504306446273316,False,0.0,0.0,0.0,1.0000000000000002,0.0,0.0,0.0,0.0,,0.0,0.0,0.0,0.0,0.0,,0.0,False,0.0,0.0,0.0,1.0000000000000002,0.0,0.0,0.0,0.0,,0.0,0.0,0.0,0.0,0.0,,0.0,True,0.0,0.0,0.0,1.0000000000000002,0.0,0.0,0.0,0.0,,0.0,0.0,0.0,0.0,0.0,,0.0,True,0.0,0.0,0.0,1.0000000000000002,0.0,0.0,0.0,0.0,,0.0,0.0,0.0,0.0,0.0,,0.0,True,0.0,0.0,0.0,1.0000000000000002,0.0,0.0,0.0,0.0,,0.0,0.0,0.0,0.0,0.0,,0.0,LogReg,fleet,5470,530,0.08,A_volume_matched,CIDv2_Prototype,FS-B,2,in_f0,5470,530,0.0,0.0,0.0,0.0,0.0,0.0,0.0,0.0,0.0,0.0,,,,,,,,,,,,,,,,,,,,
5994,1058,0.1765098431765098,0.9572131985060952,0.9527100684387572,4940,0.0504306446273316,False,0.8837429111531191,1.0,0.0,0.4154070923468472,0.0,0.2,0.9968102073365231,0.0,,0.0,0.5,1.0,1.0,0.0,,0.0,False,0.8837429111531191,1.0,0.0,0.4154070923468472,0.0,0.2,0.9968102073365231,0.0,,0.0,0.5,1.0,1.0,0.0,,0.0,True,0.9111531190926276,0.9917695473251028,0.0016207455429497,0.39621239137144,115.69719161307196,0.4,0.9984051036682616,0.1538461538461538,,0.0,0.6666666666666666,1.0,1.0,0.5,,0.0,True,0.8941398865784499,0.9978902953586498,0.0004051863857374,0.4085976709511355,28.924297903267988,0.2,0.9968102073365231,0.0769230769230769,,0.0,0.6666666666666666,1.0,1.0,0.5,,0.0,True,0.9196597353497163,0.9501953125,0.0103322528363047,0.3663611938598039,737.5695965333338,0.7,0.9984051036682616,0.4615384615384615,,0.0,0.6666666666666666,1.0,1.0,0.5,,0.0,RandomForest,fleet,5470,530,3.79,A_volume_matched,CIDv2_Prototype,FS-B,2,cross,5470,530,0.8651685393258427,1.0,0.8651685393258427,1.0,0.9325842696629212,1.0,0.8932584269662921,1.0,0.9382022471910112,1.0,,,,,,,,,,,,,,,,,,,,
2994,528,0.1763527054108216,0.9599822740789894,0.9533711375246264,2470,0.0504306446273316,False,0.9053030303030304,0.9937629937629938,0.0012165450121654,0.4034288001683238,86.84326913049318,0.0,0.9968051118210862,0.3333333333333333,,0.0,0.5,0.0,1.0,0.5,,0.0,False,0.9053030303030304,0.9937629937629938,0.0012165450121654,0.4034288001683238,86.84326913049318,0.0,0.9968051118210862,0.3333333333333333,,0.0,0.5,0.0,1.0,0.5,,0.0,True,0.9053030303030304,0.9937629937629938,0.0012165450121654,0.4021619566502645,86.84326913049318,0.0,0.9968051118210862,0.3333333333333333,,0.0,0.5,0.0,1.0,0.5,,0.0,True,0.9053030303030304,0.9937629937629938,0.0012165450121654,0.4025399883467562,86.84326913049318,0.0,0.9968051118210862,0.3333333333333333,,0.0,0.5,0.0,1.0,0.5,,0.0,True,0.9261363636363636,0.9458413926499032,0.0113544201135442,0.364383449793902,810.5371785512697,0.6,0.9968051118210862,0.6666666666666666,,0.0,0.6666666666666666,1.0,1.0,0.5,,0.0,RandomForest,fleet,5470,530,3.61,A_volume_matched,CIDv2_Prototype,FS-B,2,in_f0,5470,530,0.9213483146067416,1.0,0.9213483146067416,1.0,0.9213483146067416,1.0,0.9213483146067416,1.0,0.9550561797752808,1.0,,,,,,,,,,,,,,,,,,,,
5994,1058,0.1765098431765098,0.96202268048028,0.9470465796567098,4940,0.0504306446273316,False,0.7429111531190926,0.9974619289340102,0.0004051863857374,0.9683221598205276,28.924297903267988,1.0,1.0,0.7692307692307693,,0.0576923076923076,0.8333333333333334,1.0,1.0,0.5,,1.0,False,0.7429111531190926,0.9974619289340102,0.0004051863857374,0.9683221598205276,28.924297903267988,1.0,1.0,0.7692307692307693,,0.0576923076923076,0.8333333333333334,1.0,1.0,0.5,,1.0,True,0.7485822306238186,0.9974811083123426,0.0004051863857374,0.9670593327188172,28.924297903267988,1.0,1.0,0.7692307692307693,,0.0576923076923076,0.8333333333333334,1.0,1.0,0.5,,1.0,True,0.7476370510396976,0.9974779319041616,0.0004051863857374,0.9675419580905872,28.924297903267988,1.0,1.0,0.7692307692307693,,0.0576923076923076,0.8333333333333334,1.0,1.0,0.5,,1.0,True,0.8355387523629489,0.9671772428884028,0.0060777957860615,0.9524204935292552,433.86446854901993,1.0,1.0,0.7692307692307693,,0.0576923076923076,0.8333333333333334,1.0,1.0,0.5,,1.0,HistGB,fleet,5470,530,7.28,A_volume_matched,CIDv2_Prototype,FS-B,2,cross,5470,530,0.3820224719101123,1.0,0.3820224719101123,1.0,0.398876404494382,1.0,0.3960674157303371,1.0,0.6573033707865169,1.0,,,,,,,,,,,,,,,,,,,,
2994,528,0.1763527054108216,0.9710951516380348,0.95011826281541,2470,0.0504306446273316,False,0.7784090909090909,0.9951573849878934,0.0008110300081103,0.9663891897609656,57.895512753662125,1.0,1.0,0.8333333333333334,,0.1153846153846153,0.8333333333333334,1.0,1.0,0.5,,1.0,False,0.7784090909090909,0.9951573849878934,0.0008110300081103,0.9663891897609656,57.895512753662125,1.0,1.0,0.8333333333333334,,0.1153846153846153,0.8333333333333334,1.0,1.0,0.5,,1.0,True,0.8162878787878788,0.9707207207207208,0.0052716950527169,0.9586645540213878,376.3208328988039,1.0,1.0,0.8333333333333334,,0.1153846153846153,0.8333333333333334,1.0,1.0,0.5,,1.0,True,0.7935606060606061,0.9858823529411764,0.0024330900243309,0.963825414474445,173.68653826098637,1.0,1.0,0.8333333333333334,,0.1153846153846153,0.8333333333333334,1.0,1.0,0.5,,1.0,True,0.8863636363636364,0.8897338403041825,0.0235198702351987,0.9313109150026156,1678.9698698562015,1.0,1.0,0.8333333333333334,,0.1923076923076923,0.8333333333333334,1.0,1.0,0.5,,1.0,HistGB,fleet,5470,530,6.95,A_volume_matched,CIDv2_Prototype,FS-B,2,in_f0,5470,530,0.4775280898876404,1.0,0.4775280898876404,1.0,0.5898876404494382,1.0,0.5224719101123596,1.0,0.7865168539325843,1.0,,,,,,,,,,,,,,,,,,,,
5994,1058,0.1765098431765098,0.9740103379974449,0.9617304375332606,4940,0.0504306446273316,False,0.9262759924385632,0.9979633401221996,0.0004051863857374,0.8580364584922792,28.924297903267988,1.0,0.9984051036682616,0.7692307692307693,,0.0,0.6666666666666666,1.0,1.0,0.5,,0.0,False,0.9262759924385632,0.9979633401221996,0.0004051863857374,0.8580364584922792,28.924297903267988,1.0,0.9984051036682616,0.7692307692307693,,0.0,0.6666666666666666,1.0,1.0,0.5,,0.0,True,0.9272211720226844,0.9919110212335692,0.0016207455429497,0.8509253263473511,115.69719161307196,1.0,1.0,0.7692307692307693,,0.0,0.6666666666666666,1.0,1.0,0.5,,0.0,True,0.9272211720226844,0.9919110212335692,0.0016207455429497,0.8509253263473511,115.69719161307196,1.0,1.0,0.7692307692307693,,0.0,0.6666666666666666,1.0,1.0,0.5,,0.0,True,0.9328922495274102,0.9444976076555024,0.0117504051863857,0.7774159908294678,838.8046391947717,1.0,1.0,0.7692307692307693,,0.0576923076923076,0.8333333333333334,1.0,1.0,0.5,,1.0,XGBoost,fleet,5470,530,2.15,A_volume_matched,CIDv2_Prototype,FS-B,2,cross,5470,530,0.9382022471910112,1.0,0.9382022471910112,1.0,0.9382022471910112,1.0,0.9382022471910112,1.0,0.946629213483146,1.0,,,,,,,,,,,,,,,,,,,,
2994,528,0.1763527054108216,0.9804365891272824,0.9678298817453376,2470,0.0504306446273316,False,0.9318181818181818,0.993939393939394,0.0012165450121654,0.8549571633338929,86.84326913049318,1.0,0.9968051118210862,0.8333333333333334,,0.0,0.6666666666666666,1.0,1.0,0.5,,0.0,False,0.9318181818181818,0.993939393939394,0.0012165450121654,0.8549571633338929,86.84326913049318,1.0,0.9968051118210862,0.8333333333333334,,0.0,0.6666666666666666,1.0,1.0,0.5,,0.0,True,0.9337121212121212,0.9879759519038076,0.0024330900243309,0.8476662039756775,173.68653826098637,1.0,1.0,0.8333333333333334,,0.0,0.6666666666666666,1.0,1.0,0.5,,0.0,True,0.9337121212121212,0.9919517102615694,0.0016220600162206,0.8540330529212952,115.79102550732424,1.0,1.0,0.8333333333333334,,0.0,0.6666666666666666,1.0,1.0,0.5,,0.0,True,0.9412878787878788,0.9136029411764706,0.019059205190592,0.7617154717445374,1360.5445497110602,1.0,1.0,0.8333333333333334,,0.1538461538461538,0.8333333333333334,1.0,1.0,0.5,,1.0,XGBoost,fleet,5470,530,1.82,A_volume_matched,CIDv2_Prototype,FS-B,2,in_f0,5470,530,0.9550561797752808,1.0,0.9550561797752808,1.0,0.9550561797752808,1.0,0.9550561797752808,1.0,0.9550561797752808,1.0,,,,,,,,,,,,,,,,,,,,
5994,1058,0.1765098431765098,0.9705962214263172,0.9572577581523128,4940,0.0504306446273316,False,0.9007561436672968,1.0,0.0,0.7001849455187842,0.0,1.0,1.0,0.7692307692307693,,0.0,0.6666666666666666,1.0,1.0,0.5,,0.0,False,0.9007561436672968,1.0,0.0,0.7001849455187842,0.0,1.0,1.0,0.7692307692307693,,0.0,0.6666666666666666,1.0,1.0,0.5,,0.0,True,0.9234404536862004,0.9928861788617886,0.001418152350081,0.6171505250895633,101.23504266143796,1.0,1.0,0.7692307692307693,,0.0,0.6666666666666666,1.0,1.0,0.5,,0.0,True,0.9215500945179584,0.9959141981613892,0.0008103727714748,0.6330613732004027,57.848595806535975,1.0,1.0,0.7692307692307693,,0.0,0.6666666666666666,1.0,1.0,0.5,,0.0,True,0.9281663516068052,0.9460500963391136,0.0113452188006482,0.5094890769888561,809.8803412915037,1.0,1.0,0.7692307692307693,,0.0,0.6666666666666666,1.0,1.0,0.5,,0.0,LightGBM,fleet,5470,530,4.25,A_volume_matched,CIDv2_Prototype,FS-B,2,cross,5470,530,0.8595505617977528,1.0,0.8595505617977528,1.0,0.9269662921348316,1.0,0.9213483146067416,1.0,0.9410112359550562,1.0,,,,,,,,,,,,,,,,,,,,
2994,528,0.1763527054108216,0.9765093145567598,0.962504009201648,2470,0.0504306446273316,False,0.9147727272727272,0.9958762886597938,0.0008110300081103,0.6574670160412802,57.895512753662125,1.0,1.0,0.8333333333333334,,0.0,0.6666666666666666,1.0,1.0,0.5,,0.0,False,0.9147727272727272,0.9958762886597938,0.0008110300081103,0.6574670160412802,57.895512753662125,1.0,1.0,0.8333333333333334,,0.0,0.6666666666666666,1.0,1.0,0.5,,0.0,True,0.928030303030303,0.9959349593495936,0.0008110300081103,0.6265580981130991,57.895512753662125,1.0,1.0,0.8333333333333334,,0.0,0.6666666666666666,1.0,1.0,0.5,,0.0,True,0.918560606060606,0.995893223819302,0.0008110300081103,0.6430215108951401,57.895512753662125,1.0,1.0,0.8333333333333334,,0.0,0.6666666666666666,1.0,1.0,0.5,,0.0,True,0.9337121212121212,0.9197761194029852,0.0174371451743714,0.5006441603133115,1244.753524203736,1.0,1.0,0.8333333333333334,,0.0,0.6666666666666666,1.0,1.0,0.5,,0.0,LightGBM,fleet,5470,530,2.8,A_volume_matched,CIDv2_Prototype,FS-B,2,in_f0,5470,530,0.898876404494382,1.0,0.898876404494382,1.0,0.9382022471910112,1.0,0.9101123595505618,1.0,0.9550561797752808,1.0,,,,,,,,,,,,,,,,,,,,
5994,1058,0.1765098431765098,0.9041014206799778,0.7699821054468886,4940,0.0504306446273316,False,0.0,0.0,0.0,1000000.0,0.0,0.0,0.0,0.0,,0.0,0.0,0.0,0.0,0.0,,0.0,False,0.0,0.0,0.0,1000000.0,0.0,0.0,0.0,0.0,,0.0,0.0,0.0,0.0,0.0,,0.0,True,0.5916824196597353,0.9936507936507936,0.0008103727714748,1000000.0,57.848595806535975,0.0,0.9968102073365231,0.0,,0.0192307692307692,0.3333333333333333,0.0,1.0,0.0,,1.0,True,0.5916824196597353,0.9936507936507936,0.0008103727714748,1000000.0,57.848595806535975,0.0,0.9968102073365231,0.0,,0.0192307692307692,0.3333333333333333,0.0,1.0,0.0,,1.0,True,0.6049149338374291,0.9580838323353292,0.0056726094003241,984375.0,404.94017064575183,0.0,0.9968102073365231,0.0,,0.2884615384615384,0.3333333333333333,0.0,1.0,0.0,,1.0,Rule:Combined,fleet,5470,530,0.02,A_volume_matched,CIDv2_Prototype,FS-B,2,cross,5470,530,0.0,0.0,0.0,0.0,0.0,0.0,0.0,0.0,0.0,0.0,,,,,,,,,,,,,,,,,,,,
2994,528,0.1763527054108216,0.9020197412076972,0.7619081777949199,2470,0.0504306446273316,False,0.0,0.0,0.0,1000000.0,0.0,0.0,0.0,0.0,,0.0,0.0,0.0,0.0,0.0,,0.0,False,0.0,0.0,0.0,1000000.0,0.0,0.0,0.0,0.0,,0.0,0.0,0.0,0.0,0.0,,0.0,True,0.5909090909090909,0.9904761904761904,0.0012165450121654,1000000.0,86.84326913049318,0.0,0.9968051118210862,0.0,,0.0,0.1666666666666666,0.0,1.0,0.0,,0.0,True,0.5909090909090909,0.9904761904761904,0.0012165450121654,1000000.0,86.84326913049318,0.0,0.9968051118210862,0.0,,0.0,0.1666666666666666,0.0,1.0,0.0,,0.0,True,0.5965909090909091,0.9545454545454546,0.0060827250608272,984375.0,434.216345652466,0.0,0.9968051118210862,0.0,,0.1153846153846153,0.3333333333333333,0.0,1.0,0.0,,1.0,Rule:Combined,fleet,5470,530,0.01,A_volume_matched,CIDv2_Prototype,FS-B,2,in_f0,5470,530,0.0,0.0,0.0,0.0,0.0,0.0,0.0,0.0,0.0,0.0,,,,,,,,,,,,,,,,,,,,
5994,1058,0.1765098431765098,0.8099739041584838,0.7261860260133,4940,0.0504306446273316,False,0.5727788279773157,1.0,0.0,8429.66480669842,0.0,0.0,0.9665071770334928,0.0,,0.0,0.1666666666666666,0.0,1.0,0.0,,0.0,False,0.5727788279773157,1.0,0.0,8429.66480669842,0.0,0.0,0.9665071770334928,0.0,,0.0,0.1666666666666666,0.0,1.0,0.0,,0.0,True,0.5869565217391305,1.0,0.0,2234.748609839532,0.0,0.0,0.9904306220095692,0.0,,0.0,0.1666666666666666,0.0,1.0,0.0,,0.0,True,0.5869565217391305,1.0,0.0,2234.748609839532,0.0,0.0,0.9904306220095692,0.0,,0.0,0.1666666666666666,0.0,1.0,0.0,,0.0,True,0.5973534971644613,0.8851540616246498,0.016612641815235,921.3886728236322,1185.8962140339877,0.0,0.9968102073365231,0.0769230769230769,,0.1153846153846153,0.5,0.0,1.0,0.5,,1.0,Rule:Staleness,fleet,5470,530,0.02,A_volume_matched,CIDv2_Prototype,FS-B,2,cross,5470,530,0.0,0.0,0.0,0.0,0.0,0.0,0.0,0.0,0.0,0.0,,,,,,,,,,,,,,,,,,,,
2994,528,0.1763527054108216,0.8250913176779965,0.734338568488461,2470,0.0504306446273316,False,0.5946969696969697,0.9968253968253968,0.0004055150040551,1539.4590929442015,28.947756376831062,0.0,1.0,0.1666666666666666,,0.0,0.3333333333333333,0.0,1.0,0.5,,0.0,False,0.5946969696969697,0.9968253968253968,0.0004055150040551,1539.4590929442015,28.947756376831062,0.0,1.0,0.1666666666666666,,0.0,0.3333333333333333,0.0,1.0,0.5,,0.0,True,0.5946969696969697,0.9968253968253968,0.0004055150040551,1533.0799681777291,28.947756376831062,0.0,1.0,0.1666666666666666,,0.0,0.3333333333333333,0.0,1.0,0.5,,0.0,True,0.5946969696969697,0.9968253968253968,0.0004055150040551,1539.4590929442013,28.947756376831062,0.0,1.0,0.1666666666666666,,0.0,0.3333333333333333,0.0,1.0,0.5,,0.0,True,0.5984848484848485,0.9002849002849003,0.0141930251419302,1084.7798459685416,1013.1714731890872,0.0,1.0,0.1666666666666666,,0.0769230769230769,0.5,0.0,1.0,0.5,,1.0,Rule:Staleness,fleet,5470,530,0.01,A_volume_matched,CIDv2_Prototype,FS-B,2,in_f0,5470,530,0.0,0.0,0.0,0.0,0.0,0.0,0.0,0.0,0.0,0.0,,,,,,,,,,,,,,,,,,,,
9085,864,0.0951018161805173,0.8603719809701442,0.7886370308657956,8224,0.0455447607482506,False,0.7256944444444444,0.9843014128728416,0.0012163970319912,0.5596486926078797,96.14781685589756,0.0,1.0,0.0,0.3333333333333333,0.0,0.3333333333333333,0.0,1.0,0.0,1.0,0.0,True,0.7256944444444444,0.9843014128728416,0.0012163970319912,0.5596486926078796,96.14781685589756,0.0,1.0,0.0,0.3333333333333333,0.0,0.3333333333333333,0.0,1.0,0.0,1.0,0.0,True,0.7256944444444444,0.9736024844720496,0.0020678749543851,0.4535264372825622,163.45128865502588,0.0,1.0,0.0,0.3333333333333333,0.0,0.3333333333333333,0.0,1.0,0.0,1.0,0.0,True,0.7256944444444444,0.9766355140186916,0.0018245955479868,0.4718304276466369,144.22172528384638,0.0,1.0,0.0,0.3333333333333333,0.0,0.3333333333333333,0.0,1.0,0.0,1.0,0.0,True,0.7326388888888888,0.8940677966101694,0.0091229777399343,0.3021613955497741,721.1086264192319,0.0,1.0,0.0,0.6666666666666666,0.0235849056603773,0.5,0.0,1.0,0.0,1.0,1.0,LogReg,fleet,8657,433,0.62,A_volume_matched,CIDv2_RenaultClio,FS-A,0,cross,8657,433,,,,,,,,,,,,,,,,,,,,,,,,,,,,,,
4540,431,0.0949339207048458,0.86325416619847,0.7914781623010256,4112,0.0455447607482506,False,0.7262180974477959,1.0,0.0,0.8605698943138124,0.0,0.0,1.0,0.0,0.0,0.0,0.1666666666666666,0.0,1.0,0.0,0.0,0.0,False,0.7262180974477959,1.0,0.0,0.8605698943138124,0.0,0.0,1.0,0.0,0.0,0.0,0.1666666666666666,0.0,1.0,0.0,0.0,0.0,True,0.7262180974477959,0.9936507936507936,0.0004867364322219,0.6162853240966797,38.473166335961736,0.0,1.0,0.0,0.0,0.0,0.1666666666666666,0.0,1.0,0.0,0.0,0.0,True,0.7262180974477959,0.9936507936507936,0.0004867364322219,0.6162853240966797,38.473166335961736,0.0,1.0,0.0,0.0,0.0,0.1666666666666666,0.0,1.0,0.0,0.0,0.0,True,0.7331786542923434,0.8586956521739131,0.0126551472377707,0.2943345010280609,1000.3023247350052,0.0,1.0,0.0,1.0,0.0188679245283018,0.5,0.0,1.0,0.0,1.0,1.0,LogReg,fleet,8657,433,0.62,A_volume_matched,CIDv2_RenaultClio,FS-A,0,in_f0,8657,433,,,,,,,,,,,,,,,,,,,,,,,,,,,,,,
9085,864,0.0951018161805173,0.8421927583830029,0.7774349487083866,8224,0.0455447607482506,False,0.7245370370370371,0.9984051036682616,0.0001216397031991,0.2480123215663526,9.614781685589758,0.0,0.9984025559105432,0.0,0.3333333333333333,0.0,0.3333333333333333,0.0,1.0,0.0,1.0,0.0,True,0.7245370370370371,0.9984051036682616,0.0001216397031991,0.2480123215663526,9.614781685589758,0.0,0.9984025559105432,0.0,0.3333333333333333,0.0,0.3333333333333333,0.0,1.0,0.0,1.0,0.0,True,0.7256944444444444,0.9874015748031496,0.0009731176255929,0.2356648634440821,76.91825348471806,0.0,1.0,0.0,0.3333333333333333,0.0,0.3333333333333333,0.0,1.0,0.0,1.0,0.0,True,0.7256944444444444,0.990521327014218,0.0007298382191947,0.2368771656101987,57.68869011353854,0.0,1.0,0.0,0.3333333333333333,0.0,0.3333333333333333,0.0,1.0,0.0,1.0,0.0,True,0.7256944444444444,0.920704845814978,0.0065685439727527,0.2223981744453401,519.1982110218469,0.0,1.0,0.0,0.3333333333333333,0.0,0.3333333333333333,0.0,1.0,0.0,1.0,0.0,RandomForest,fleet,8657,433,15.27,A_volume_matched,CIDv2_RenaultClio,FS-A,0,cross,8657,433,,,,,,,,,,,,,,,,,,,,,,,,,,,,,,
4540,431,0.0949339207048458,0.8461156230536895,0.7770552519456259,4112,0.0455447607482506,False,0.7262180974477959,1.0,0.0,0.2498461306597529,0.0,0.0,1.0,0.0,0.0,0.0,0.1666666666666666,0.0,1.0,0.0,0.0,0.0,False,0.7262180974477959,1.0,0.0,0.2498461306597529,0.0,0.0,1.0,0.0,0.0,0.0,0.1666666666666666,0.0,1.0,0.0,0.0,0.0,True,0.7262180974477959,0.9873817034700316,0.0009734728644439,0.2357274370653733,76.94633267192347,0.0,1.0,0.0,0.0,0.0,0.1666666666666666,0.0,1.0,0.0,0.0,0.0,True,0.7262180974477959,0.9873817034700316,0.0009734728644439,0.2357274370653733,76.94633267192347,0.0,1.0,0.0,0.0,0.0,0.1666666666666666,0.0,1.0,0.0,0.0,0.0,True,0.7262180974477959,0.9343283582089552,0.0053541007544414,0.2217267338503147,423.2048296955791,0.0,1.0,0.0,0.0,0.0,0.1666666666666666,0.0,1.0,0.0,0.0,0.0,RandomForest,fleet,8657,433,11.21,A_volume_matched,CIDv2_RenaultClio,FS-A,0,in_f0,8657,433,,,,,,,,,,,,,,,,,,,,,,,,,,,,,,
9085,864,0.0951018161805173,0.8706235048453148,0.8012203098116341,8224,0.0455447607482506,False,0.7233796296296297,1.0,0.0,0.7703389166705182,0.0,0.0,0.9984025559105432,0.0,0.0,0.0,0.1666666666666666,0.0,1.0,0.0,0.0,0.0,True,0.7233796296296297,1.0,0.0,0.7703389166705181,0.0,0.0,0.9984025559105432,0.0,0.0,0.0,0.1666666666666666,0.0,1.0,0.0,0.0,0.0,True,0.7233796296296297,0.9796238244514106,0.0015813161415886,0.5037077386558952,124.99216191266684,0.0,0.9984025559105432,0.0,0.0,0.0,0.1666666666666666,0.0,1.0,0.0,0.0,0.0,True,0.7233796296296297,0.9952229299363056,0.0003649191095973,0.5262232278615524,28.84434505676927,0.0,0.9984025559105432,0.0,0.0,0.0,0.1666666666666666,0.0,1.0,0.0,0.0,0.0,True,0.7418981481481481,0.7488317757009346,0.0261525361878117,0.208868314634076,2067.178062401798,0.1,1.0,0.0,0.0,0.0660377358490566,0.5,1.0,1.0,0.0,0.0,1.0,HistGB,fleet,8657,433,32.5,A_volume_matched,CIDv2_RenaultClio,FS-A,0,cross,8657,433,,,,,,,,,,,,,,,,,,,,,,,,,,,,,,
4540,431,0.0949339207048458,0.9123117778358748,0.8263944978338903,4112,0.0455447607482506,False,0.7262180974477959,1.0,0.0,0.6459089780955728,0.0,0.0,1.0,0.0,0.0,0.0,0.1666666666666666,0.0,1.0,0.0,0.0,0.0,False,0.7262180974477959,1.0,0.0,0.6459089780955728,0.0,0.0,1.0,0.0,0.0,0.0,0.1666666666666666,0.0,1.0,0.0,0.0,0.0,True,0.7262180974477959,0.9968152866242038,0.0002433682161109,0.5200049661475772,19.236583167980868,0.0,1.0,0.0,0.0,0.0,0.1666666666666666,0.0,1.0,0.0,0.0,0.0,True,0.7262180974477959,0.9968152866242038,0.0002433682161109,0.5204155620608942,19.236583167980868,0.0,1.0,0.0,0.0,0.0,0.1666666666666666,0.0,1.0,0.0,0.0,0.0,True,0.7447795823665894,0.8966480446927374,0.0090046239961061,0.3396554356177396,711.7535772152922,0.0,1.0,0.0,0.0,0.0754716981132075,0.3333333333333333,0.0,1.0,0.0,0.0,1.0,HistGB,fleet,8657,433,54.98,A_volume_matched,CIDv2_RenaultClio,FS-A,0,in_f0,8657,433,,,,,,,,,,,,,,,,,,,,,,,,,,,,,,
9085,864,0.0951018161805173,0.8298784278744138,0.769551683947437,8224,0.0455447607482506,False,0.7233796296296297,0.9968102073365231,0.0002432794063982,0.675064504146576,19.22956337117952,0.0,0.9984025559105432,0.0,0.0,0.0,0.1666666666666666,0.0,1.0,0.0,0.0,0.0,True,0.7233796296296297,0.9968102073365231,0.0002432794063982,0.6750645041465759,19.22956337117952,0.0,0.9984025559105432,0.0,0.0,0.0,0.1666666666666666,0.0,1.0,0.0,0.0,0.0,True,0.7233796296296297,0.9765625,0.0018245955479868,0.5825104117393494,144.22172528384638,0.0,0.9984025559105432,0.0,0.0,0.0,0.1666666666666666,0.0,1.0,0.0,0.0,0.0,True,0.7233796296296297,0.9780907668231612,0.0017029558447877,0.5934178233146667,134.6069435982566,0.0,0.9984025559105432,0.0,0.0,0.0,0.1666666666666666,0.0,1.0,0.0,0.0,0.0,True,0.7256944444444444,0.8007662835249042,0.0189757936990633,0.4737615585327148,1499.9059429520023,0.0,0.9984025559105432,0.0769230769230769,0.0,0.0047169811320754,0.5,0.0,1.0,0.5,0.0,1.0,XGBoost,fleet,8657,433,8.07,A_volume_matched,CIDv2_RenaultClio,FS-A,0,cross,8657,433,,,,,,,,,,,,,,,,,,,,,,,,,,,,,,
4540,431,0.0949339207048458,0.8478959942495083,0.7757677911950269,4112,0.0455447607482506,False,0.7262180974477959,1.0,0.0,0.7302202582359315,0.0,0.0,1.0,0.0,0.0,0.0,0.1666666666666666,0.0,1.0,0.0,0.0,0.0,False,0.7262180974477959,1.0,0.0,0.7302202582359315,0.0,0.0,1.0,0.0,0.0,0.0,0.1666666666666666,0.0,1.0,0.0,0.0,0.0,True,0.7262180974477959,0.9811912225705328,0.0014602092966658,0.6147425770759583,115.4194990078852,0.0,1.0,0.0,0.0,0.0,0.1666666666666666,0.0,1.0,0.0,0.0,0.0,True,0.7262180974477959,0.9811912225705328,0.0014602092966658,0.6147425770759583,115.4194990078852,0.0,1.0,0.0,0.0,0.0,0.1666666666666666,0.0,1.0,0.0,0.0,0.0,True,0.7262180974477959,0.912536443148688,0.0073010464833292,0.5258165597915649,577.0974950394261,0.0,1.0,0.0,0.0,0.0,0.1666666666666666,0.0,1.0,0.0,0.0,0.0,XGBoost,fleet,8657,433,5.82,A_volume_matched,CIDv2_RenaultClio,FS-A,0,in_f0,8657,433,,,,,,,,,,,,,,,,,,,,,,,,,,,,,,
9085,864,0.0951018161805173,0.8872404174944925,0.812155013928869,8224,0.0455447607482506,False,0.7256944444444444,0.9889589905362776,0.0008514779223938,0.301443667400013,67.3034717991283,0.0,0.9984025559105432,0.0,0.0,0.0094339622641509,0.3333333333333333,0.0,1.0,0.0,0.0,1.0,True,0.7256944444444444,0.9889589905362776,0.0008514779223938,0.3014436674000129,67.3034717991283,0.0,0.9984025559105432,0.0,0.0,0.0094339622641509,0.3333333333333333,0.0,1.0,0.0,0.0,1.0,True,0.7314814814814815,0.9446935724962632,0.0045006690183675,0.2415162079909164,355.7469223668211,0.1,0.9984025559105432,0.0,0.0,0.0283018867924528,0.5,1.0,1.0,0.0,0.0,1.0,True,0.7303240740740741,0.956060606060606,0.0035275513927746,0.2488911406106261,278.828668882103,0.1,0.9984025559105432,0.0,0.0,0.0235849056603773,0.5,1.0,1.0,0.0,0.0,1.0,True,0.7442129629629629,0.8630872483221477,0.0124072497263106,0.1605066758796635,980.7077319301552,0.1,0.9984025559105432,0.0,0.0,0.080188679245283,0.5,1.0,1.0,0.0,0.0,1.0,LightGBM,fleet,8657,433,14.14,A_volume_matched,CIDv2_RenaultClio,FS-A,0,cross,8657,433,,,,,,,,,,,,,,,,,,,,,,,,,,,,,,
4540,431,0.0949339207048458,0.9279116240226452,0.8418371425214126,4112,0.0455447607482506,False,0.7262180974477959,1.0,0.0,0.4355560798692504,0.0,0.0,1.0,0.0,0.0,0.0,0.1666666666666666,0.0,1.0,0.0,0.0,0.0,False,0.7262180974477959,1.0,0.0,0.4355560798692504,0.0,0.0,1.0,0.0,0.0,0.0,0.1666666666666666,0.0,1.0,0.0,0.0,0.0,True,0.728538283062645,1.0,0.0,0.3187588338557355,0.0,0.0,1.0,0.0,0.0,0.0094339622641509,0.3333333333333333,0.0,1.0,0.0,0.0,1.0,True,0.728538283062645,1.0,0.0,0.3187588338557355,0.0,0.0,1.0,0.0,0.0,0.0094339622641509,0.3333333333333333,0.0,1.0,0.0,0.0,1.0,True,0.7424593967517401,0.9523809523809524,0.0038938914577756,0.1878574022821476,307.7853306876939,0.2,1.0,0.0,0.0,0.0566037735849056,0.5,1.0,1.0,0.0,0.0,1.0,LightGBM,fleet,8657,433,11.96,A_volume_matched,CIDv2_RenaultClio,FS-A,0,in_f0,8657,433,,,,,,,,,,,,,,,,,,,,,,,,,,,,,,
9085,864,0.0951018161805173,0.12194232419684,0.0521610707216514,8224,0.0455447607482506,False,0.0,0.0,0.0,0.9999990463256836,0.0,0.0,0.0,0.0,0.0,0.0,0.0,0.0,0.0,0.0,0.0,0.0,True,0.0,0.0,0.0,0.9999990463256836,0.0,0.0,0.0,0.0,0.0,0.0,0.0,0.0,0.0,0.0,0.0,0.0,True,0.0,0.0,0.0003649191095973,0.9999982118606568,28.84434505676927,0.0,0.0,0.0,0.0,0.0,0.0,0.0,0.0,0.0,0.0,0.0,True,0.0,0.0,0.0003649191095973,0.9999983310699464,28.84434505676927,0.0,0.0,0.0,0.0,0.0,0.0,0.0,0.0,0.0,0.0,0.0,True,0.0011574074074074,0.0212765957446808,0.0055954263471597,0.999996781349182,442.2799575371288,0.0,0.0,0.0,0.0,0.0047169811320754,0.1666666666666666,0.0,0.0,0.0,0.0,1.0,LogReg,fleet,8657,433,0.84,A_volume_matched,CIDv2_RenaultClio,FS-A,1,cross,8657,433,,,,,,,,,,,,,,,,,,,,,,,,,,,,,,
4540,431,0.0949339207048458,0.1067240210075895,0.0517341561808532,4112,0.0455447607482506,False,0.0,0.0,0.0,0.9999985694885256,0.0,0.0,0.0,0.0,0.0,0.0,0.0,0.0,0.0,0.0,0.0,0.0,False,0.0,0.0,0.0,0.9999985694885256,0.0,0.0,0.0,0.0,0.0,0.0,0.0,0.0,0.0,0.0,0.0,0.0,True,0.0,0.0,0.0014602092966658,0.9999977350234984,115.4194990078852,0.0,0.0,0.0,0.0,0.0,0.0,0.0,0.0,0.0,0.0,0.0,True,0.0,0.0,0.0009734728644439,0.999997854232788,76.94633267192347,0.0,0.0,0.0,0.0,0.0,0.0,0.0,0.0,0.0,0.0,0.0,True,0.0023201856148491,0.02,0.0119250425894378,0.9999964237213136,942.5925752310626,0.0,0.0,0.0,0.0,0.0094339622641509,0.1666666666666666,0.0,0.0,0.0,0.0,1.0,LogReg,fleet,8657,433,0.85,A_volume_matched,CIDv2_RenaultClio,FS-A,1,in_f0,8657,433,,,,,,,,,,,,,,,,,,,,,,,,,,,,,,
9085,864,0.0951018161805173,0.8805881054390967,0.8152873822244264,8224,0.0455447607482506,False,0.7233796296296297,1.0,0.0,0.3520143255945773,0.0,0.0,0.9984025559105432,0.0,0.0,0.0,0.1666666666666666,0.0,1.0,0.0,0.0,0.0,True,0.7233796296296297,1.0,0.0,0.3520143255945772,0.0,0.0,0.9984025559105432,0.0,0.0,0.0,0.1666666666666666,0.0,1.0,0.0,0.0,0.0,True,0.7303240740740741,1.0,0.0,0.3389928836075823,0.0,0.0,0.9984025559105432,0.0,0.3333333333333333,0.0235849056603773,0.5,0.0,1.0,0.0,1.0,1.0,True,0.7303240740740741,1.0,0.0,0.3393152987340802,0.0,0.0,0.9984025559105432,0.0,0.3333333333333333,0.0235849056603773,0.5,0.0,1.0,0.0,1.0,1.0,True,0.7349537037037037,0.9769230769230768,0.0018245955479868,0.3286323451269607,144.22172528384638,0.0,0.9984025559105432,0.0,0.3333333333333333,0.0424528301886792,0.5,0.0,1.0,0.0,1.0,1.0,RandomForest,fleet,8657,433,8.99,A_volume_matched,CIDv2_RenaultClio,FS-A,1,cross,8657,433,,,,,,,,,,,,,,,,,,,,,,,,,,,,,,
4540,431,0.0949339207048458,0.8897242711517188,0.8296704014944124,4112,0.0455447607482506,False,0.740139211136891,0.9937694704049844,0.0004867364322219,0.3358963712654068,38.473166335961736,0.0,1.0,0.0,0.0,0.0566037735849056,0.3333333333333333,0.0,1.0,0.0,0.0,1.0,False,0.740139211136891,0.9937694704049844,0.0004867364322219,0.3358963712654068,38.473166335961736,0.0,1.0,0.0,0.0,0.0566037735849056,0.3333333333333333,0.0,1.0,0.0,0.0,1.0,True,0.7424593967517401,0.9937888198757764,0.0004867364322219,0.3352776441772063,38.473166335961736,0.0,1.0,0.0,0.0,0.0660377358490566,0.3333333333333333,0.0,1.0,0.0,0.0,1.0,True,0.7424593967517401,0.9937888198757764,0.0004867364322219,0.3353076675067269,38.473166335961736,0.0,1.0,0.0,0.0,0.0660377358490566,0.3333333333333333,0.0,1.0,0.0,0.0,1.0,True,0.7587006960556845,0.8384615384615385,0.0153321976149914,0.3192254832676685,1211.9047395827947,0.0,1.0,0.0,0.0,0.1320754716981132,0.3333333333333333,0.0,1.0,0.0,0.0,1.0,RandomForest,fleet,8657,433,7.55,A_volume_matched,CIDv2_RenaultClio,FS-A,1,in_f0,8657,433,,,,,,,,,,,,,,,,,,,,,,,,,,,,,,
9085,864,0.0951018161805173,0.8528383442133289,0.7979618502592639,8224,0.0455447607482506,False,0.7233796296296297,1.0,0.0,0.9831564539488457,0.0,0.0,0.9984025559105432,0.0,0.0,0.0,0.1666666666666666,0.0,1.0,0.0,0.0,0.0,True,0.7233796296296297,1.0,0.0,0.9831564539488457,0.0,0.0,0.9984025559105432,0.0,0.0,0.0,0.1666666666666666,0.0,1.0,0.0,0.0,0.0,True,0.7233796296296297,1.0,0.0,0.9741090189371424,0.0,0.0,0.9984025559105432,0.0,0.0,0.0,0.1666666666666666,0.0,1.0,0.0,0.0,0.0,True,0.7233796296296297,1.0,0.0,0.9754626448071056,0.0,0.0,0.9984025559105432,0.0,0.0,0.0,0.1666666666666666,0.0,1.0,0.0,0.0,0.0,True,0.7245370370370371,0.9873817034700316,0.0009731176255929,0.9589790578211828,76.91825348471806,0.0,0.9984025559105432,0.0769230769230769,0.0,0.0,0.3333333333333333,0.0,1.0,0.5,0.0,0.0,HistGB,fleet,8657,433,56.29,A_volume_matched,CIDv2_RenaultClio,FS-A,1,cross,8657,433,,,,,,,,,,,,,,,,,,,,,,,,,,,,,,
4540,431,0.0949339207048458,0.8522461305300627,0.7966028033564553,4112,0.0455447607482506,False,0.7262180974477959,0.9750778816199376,0.0019469457288878,0.9587033328281902,153.89266534384694,0.0,1.0,0.0,0.0,0.0,0.1666666666666666,0.0,1.0,0.0,0.0,0.0,False,0.7262180974477959,0.9750778816199376,0.0019469457288878,0.9587033328281902,153.89266534384694,0.0,1.0,0.0,0.0,0.0,0.1666666666666666,0.0,1.0,0.0,0.0,0.0,True,0.7262180974477959,0.9152046783625732,0.0070576782672183,0.9504292429912424,557.8609118714453,0.0,1.0,0.0,0.0,0.0,0.1666666666666666,0.0,1.0,0.0,0.0,0.0,True,0.7262180974477959,0.9205882352941176,0.0065709418349963,0.9514921513445596,519.3877455354834,0.0,1.0,0.0,0.0,0.0,0.1666666666666666,0.0,1.0,0.0,0.0,0.0,True,0.728538283062645,0.8134715025906736,0.0175225115599902,0.9330267587620124,1385.0339880946228,0.2,1.0,0.0,0.0,0.0,0.3333333333333333,1.0,1.0,0.0,0.0,0.0,HistGB,fleet,8657,433,21.88,A_volume_matched,CIDv2_RenaultClio,FS-A,1,in_f0,8657,433,,,,,,,,,,,,,,,,,,,,,,,,,,,,,,
9085,864,0.0951018161805173,0.836394599197178,0.7778021643358641,8224,0.0455447607482506,False,0.7233796296296297,1.0,0.0,0.8867449164390565,0.0,0.0,0.9984025559105432,0.0,0.0,0.0,0.1666666666666666,0.0,1.0,0.0,0.0,0.0,True,0.7233796296296297,1.0,0.0,0.8867449164390564,0.0,0.0,0.9984025559105432,0.0,0.0,0.0,0.1666666666666666,0.0,1.0,0.0,0.0,0.0,True,0.7233796296296297,0.9984025559105432,0.0001216397031991,0.8543819189071655,9.614781685589758,0.0,0.9984025559105432,0.0,0.0,0.0,0.1666666666666666,0.0,1.0,0.0,0.0,0.0,True,0.7233796296296297,0.9984025559105432,0.0001216397031991,0.856208086013794,9.614781685589758,0.0,0.9984025559105432,0.0,0.0,0.0,0.1666666666666666,0.0,1.0,0.0,0.0,0.0,True,0.7256944444444444,0.9330357142857144,0.0054737866439605,0.7735078930854797,432.665175851539,0.0,0.9984025559105432,0.0,0.0,0.0094339622641509,0.3333333333333333,0.0,1.0,0.0,0.0,1.0,XGBoost,fleet,8657,433,4.05,A_volume_matched,CIDv2_RenaultClio,FS-A,1,cross,8657,433,,,,,,,,,,,,,,,,,,,,,,,,,,,,,,
4540,431,0.0949339207048458,0.8398591965235048,0.7825291498683646,4112,0.0455447607482506,False,0.7262180974477959,0.978125,0.0017035775127768,0.8483048081398011,134.6560821758661,0.0,1.0,0.0,0.0,0.0,0.1666666666666666,0.0,1.0,0.0,0.0,0.0,False,0.7262180974477959,0.978125,0.0017035775127768,0.8483048081398011,134.6560821758661,0.0,1.0,0.0,0.0,0.0,0.1666666666666666,0.0,1.0,0.0,0.0,0.0,True,0.7308584686774942,0.963302752293578,0.0029204185933317,0.8185529708862305,230.8389980157704,0.0,1.0,0.0,0.0,0.0188679245283018,0.3333333333333333,0.0,1.0,0.0,0.0,1.0,True,0.7262180974477959,0.9750778816199376,0.0019469457288878,0.8304740786552429,153.89266534384694,0.0,1.0,0.0,0.0,0.0,0.1666666666666666,0.0,1.0,0.0,0.0,0.0,True,0.7331786542923434,0.7802469135802469,0.0216597712338768,0.7158133387565613,1712.0559019502973,0.0,1.0,0.1666666666666666,0.0,0.0188679245283018,0.5,0.0,1.0,0.5,0.0,1.0,XGBoost,fleet,8657,433,4.07,A_volume_matched,CIDv2_RenaultClio,FS-A,1,in_f0,8657,433,,,,,,,,,,,,,,,,,,,,,,,,,,,,,,
9085,864,0.0951018161805173,0.8290359603004049,0.7691608353315131,8224,0.0455447607482506,False,0.7233796296296297,1.0,0.0,0.5164220259671574,0.0,0.0,0.9984025559105432,0.0,0.0,0.0,0.1666666666666666,0.0,1.0,0.0,0.0,0.0,True,0.7233796296296297,1.0,0.0,0.5164220259671572,0.0,0.0,0.9984025559105432,0.0,0.0,0.0,0.1666666666666666,0.0,1.0,0.0,0.0,0.0,True,0.7233796296296297,0.9984025559105432,0.0001216397031991,0.4541876250363342,9.614781685589758,0.0,0.9984025559105432,0.0,0.0,0.0,0.1666666666666666,0.0,1.0,0.0,0.0,0.0,True,0.7233796296296297,1.0,0.0,0.4595386523815268,0.0,0.0,0.9984025559105432,0.0,0.0,0.0,0.1666666666666666,0.0,1.0,0.0,0.0,0.0,True,0.7233796296296297,0.93562874251497,0.0052305072375623,0.3573283906511766,413.4356124803595,0.0,0.9984025559105432,0.0,0.0,0.0,0.1666666666666666,0.0,1.0,0.0,0.0,0.0,LightGBM,fleet,8657,433,10.53,A_volume_matched,CIDv2_RenaultClio,FS-A,1,cross,8657,433,,,,,,,,,,,,,,,,,,,,,,,,,,,,,,
4540,431,0.0949339207048458,0.8367496170197388,0.7742583528708766,4112,0.0455447607482506,False,0.7262180974477959,0.978125,0.0017035775127768,0.4250459600450632,134.6560821758661,0.0,1.0,0.0,0.0,0.0,0.1666666666666666,0.0,1.0,0.0,0.0,0.0,False,0.7262180974477959,0.978125,0.0017035775127768,0.4250459600450632,134.6560821758661,0.0,1.0,0.0,0.0,0.0,0.1666666666666666,0.0,1.0,0.0,0.0,0.0,True,0.7262180974477959,0.963076923076923,0.0029204185933317,0.3956507142292152,230.8389980157704,0.0,1.0,0.0,0.0,0.0,0.1666666666666666,0.0,1.0,0.0,0.0,0.0,True,0.7262180974477959,0.963076923076923,0.0029204185933317,0.3964537427659404,230.8389980157704,0.0,1.0,0.0,0.0,0.0,0.1666666666666666,0.0,1.0,0.0,0.0,0.0,True,0.7262180974477959,0.8694444444444445,0.0114383061572158,0.3195472783945652,904.119408895101,0.0,1.0,0.0,0.0,0.0,0.1666666666666666,0.0,1.0,0.0,0.0,0.0,LightGBM,fleet,8657,433,10.67,A_volume_matched,CIDv2_RenaultClio,FS-A,1,in_f0,8657,433,,,,,,,,,,,,,,,,,,,,,,,,,,,,,,
9085,864,0.0951018161805173,0.8731540048745985,0.7988676937885495,8224,0.0455447607482506,False,0.7222222222222222,0.9920508744038156,0.0006081985159956,0.9997848868370056,48.07390842794879,0.0,0.9968051118210862,0.0,0.0,0.0,0.1666666666666666,0.0,1.0,0.0,0.0,0.0,True,0.7222222222222222,0.9920508744038156,0.0006081985159956,0.9997848868370056,48.07390842794879,0.0,0.9968051118210862,0.0,0.0,0.0,0.1666666666666666,0.0,1.0,0.0,0.0,0.0,True,0.7233796296296297,0.9811616954474096,0.0014596764383894,0.9997239708900452,115.37738022707708,0.0,0.9968051118210862,0.0,0.0,0.0047169811320754,0.3333333333333333,0.0,1.0,0.0,0.0,1.0,True,0.7233796296296297,0.9811616954474096,0.0014596764383894,0.9997261166572572,115.37738022707708,0.0,0.9968051118210862,0.0,0.0,0.0047169811320754,0.3333333333333333,0.0,1.0,0.0,0.0,1.0,True,0.7291666666666666,0.8823529411764706,0.0102177350687264,0.9995150566101074,807.6416615895396,0.0,0.9968051118210862,0.0,0.0,0.0283018867924528,0.3333333333333333,0.0,1.0,0.0,0.0,1.0,LogReg,fleet,8657,433,0.4,A_volume_matched,CIDv2_RenaultClio,FS-A,2,cross,8657,433,,,,,,,,,,,,,,,,,,,,,,,,,,,,,,
4540,431,0.0949339207048458,0.8794898189080729,0.8058870890956792,4112,0.0455447607482506,False,0.7238979118329466,1.0,0.0,0.9998329877853396,0.0,0.0,0.9968051118210862,0.0,0.0,0.0,0.1666666666666666,0.0,1.0,0.0,0.0,0.0,False,0.7238979118329466,1.0,0.0,0.9998329877853396,0.0,0.0,0.9968051118210862,0.0,0.0,0.0,0.1666666666666666,0.0,1.0,0.0,0.0,0.0,True,0.7238979118329466,0.9904761904761904,0.0007301046483329,0.9997729659080504,57.70974950394261,0.0,0.9968051118210862,0.0,0.0,0.0,0.1666666666666666,0.0,1.0,0.0,0.0,0.0,True,0.7238979118329466,0.9904761904761904,0.0007301046483329,0.9997759461402892,57.70974950394261,0.0,0.9968051118210862,0.0,0.0,0.0,0.1666666666666666,0.0,1.0,0.0,0.0,0.0,True,0.7354988399071926,0.9031339031339032,0.0082745193477731,0.99954092502594,654.0438277113496,0.0,0.9968051118210862,0.0,0.0,0.0471698113207547,0.3333333333333333,0.0,1.0,0.0,0.0,1.0,LogReg,fleet,8657,433,0.33,A_volume_matched,CIDv2_RenaultClio,FS-A,2,in_f0,8657,433,,,,,,,,,,,,,,,,,,,,,,,,,,,,,,
9085,864,0.0951018161805173,0.8712191733455874,0.8001144169113993,8224,0.0455447607482506,False,0.7245370370370371,0.9984051036682616,0.0001216397031991,0.3205759306378751,9.614781685589758,0.0,0.9984025559105432,0.0,0.0,0.0047169811320754,0.3333333333333333,0.0,1.0,0.0,0.0,1.0,True,0.7245370370370371,0.9984051036682616,0.0001216397031991,0.3205759306378751,9.614781685589758,0.0,0.9984025559105432,0.0,0.0,0.0047169811320754,0.3333333333333333,0.0,1.0,0.0,0.0,1.0,True,0.7256944444444444,0.9781591263650546,0.0017029558447877,0.312285087583363,134.6069435982566,0.0,0.9984025559105432,0.0,0.0,0.0094339622641509,0.3333333333333333,0.0,1.0,0.0,0.0,1.0,True,0.7256944444444444,0.9812206572769951,0.0014596764383894,0.3130970222271179,115.37738022707708,0.0,0.9984025559105432,0.0,0.0,0.0094339622641509,0.3333333333333333,0.0,1.0,0.0,0.0,1.0,True,0.7303240740740741,0.9105339105339104,0.0075416615983457,0.2999580301449402,596.116464506565,0.1,0.9984025559105432,0.0,0.0,0.0235849056603773,0.5,1.0,1.0,0.0,0.0,1.0,RandomForest,fleet,8657,433,8.05,A_volume_matched,CIDv2_RenaultClio,FS-A,2,cross,8657,433,,,,,,,,,,,,,,,,,,,,,,,,,,,,,,
4540,431,0.0949339207048458,0.8747828178651469,0.8070349903459374,4112,0.0455447607482506,False,0.728538283062645,0.9968253968253968,0.0002433682161109,0.3193701065028654,19.236583167980868,0.0,1.0,0.0,0.0,0.0094339622641509,0.3333333333333333,0.0,1.0,0.0,0.0,1.0,False,0.728538283062645,0.9968253968253968,0.0002433682161109,0.3193701065028654,19.236583167980868,0.0,1.0,0.0,0.0,0.0094339622641509,0.3333333333333333,0.0,1.0,0.0,0.0,1.0,True,0.7308584686774942,0.9936908517350158,0.0004867364322219,0.3154101101858424,38.473166335961736,0.0,1.0,0.0,0.0,0.0188679245283018,0.3333333333333333,0.0,1.0,0.0,0.0,1.0,True,0.7308584686774942,0.9936908517350158,0.0004867364322219,0.3158591431303694,38.473166335961736,0.0,1.0,0.0,0.0,0.0188679245283018,0.3333333333333333,0.0,1.0,0.0,0.0,1.0,True,0.7378190255220418,0.9271137026239068,0.0060842054027743,0.2998191934696702,480.91457919952177,0.2,1.0,0.0,0.0,0.0377358490566037,0.5,1.0,1.0,0.0,0.0,1.0,RandomForest,fleet,8657,433,7.84,A_volume_matched,CIDv2_RenaultClio,FS-A,2,in_f0,8657,433,,,,,,,,,,,,,,,,,,,,,,,,,,,,,,
9085,864,0.0951018161805173,0.8350262933228814,0.7747374379942294,8224,0.0455447607482506,False,0.7233796296296297,1.0,0.0,0.7255991722284003,0.0,0.0,0.9984025559105432,0.0,0.0,0.0,0.1666666666666666,0.0,1.0,0.0,0.0,0.0,True,0.7233796296296297,1.0,0.0,0.7255991722284002,0.0,0.0,0.9984025559105432,0.0,0.0,0.0,0.1666666666666666,0.0,1.0,0.0,0.0,0.0,True,0.7233796296296297,0.9936406995230525,0.0004865588127964,0.6154148634403401,38.45912674235903,0.0,0.9984025559105432,0.0,0.0,0.0,0.1666666666666666,0.0,1.0,0.0,0.0,0.0,True,0.7233796296296297,0.9968102073365231,0.0002432794063982,0.6300982114717742,19.22956337117952,0.0,0.9984025559105432,0.0,0.0,0.0,0.1666666666666666,0.0,1.0,0.0,0.0,0.0,True,0.7256944444444444,0.8708333333333333,0.0113124923975185,0.4140753405059735,894.1746967598474,0.0,1.0,0.0,0.0,0.0047169811320754,0.3333333333333333,0.0,1.0,0.0,0.0,1.0,HistGB,fleet,8657,433,14.7,A_volume_matched,CIDv2_RenaultClio,FS-A,2,cross,8657,433,,,,,,,,,,,,,,,,,,,,,,,,,,,,,,
4540,431,0.0949339207048458,0.8645590941507494,0.7890627973772868,4112,0.0455447607482506,False,0.7262180974477959,0.9873817034700316,0.0009734728644439,0.6084104978239784,76.94633267192347,0.0,1.0,0.0,0.0,0.0,0.1666666666666666,0.0,1.0,0.0,0.0,0.0,False,0.7262180974477959,0.9873817034700316,0.0009734728644439,0.6084104978239784,76.94633267192347,0.0,1.0,0.0,0.0,0.0,0.1666666666666666,0.0,1.0,0.0,0.0,0.0,True,0.728538283062645,0.9691358024691358,0.0024336821611097,0.5522279495445935,192.36583167980876,0.0,1.0,0.0,0.0,0.0094339622641509,0.3333333333333333,0.0,1.0,0.0,0.0,1.0,True,0.7262180974477959,0.9750778816199376,0.0019469457288878,0.5737296157260768,153.89266534384694,0.0,1.0,0.0,0.0,0.0,0.1666666666666666,0.0,1.0,0.0,0.0,0.0,True,0.728538283062645,0.8945868945868946,0.0090046239961061,0.4263369051014233,711.7535772152922,0.0,1.0,0.0,0.0,0.0094339622641509,0.3333333333333333,0.0,1.0,0.0,0.0,1.0,HistGB,fleet,8657,433,17.22,A_volume_matched,CIDv2_RenaultClio,FS-A,2,in_f0,8657,433,,,,,,,,,,,,,,,,,,,,,,,,,,,,,,
9085,864,0.0951018161805173,0.8438393995503837,0.7779374401493329,8224,0.0455447607482506,False,0.7233796296296297,0.9984025559105432,0.0001216397031991,0.5271981954574586,9.614781685589758,0.0,0.9984025559105432,0.0,0.0,0.0,0.1666666666666666,0.0,1.0,0.0,0.0,0.0,True,0.7233796296296297,0.9984025559105432,0.0001216397031991,0.5271981954574585,9.614781685589758,0.0,0.9984025559105432,0.0,0.0,0.0,0.1666666666666666,0.0,1.0,0.0,0.0,0.0,True,0.7245370370370371,0.9660493827160492,0.0026760734703807,0.4112518727779388,211.52519708297467,0.0,0.9984025559105432,0.0,0.0,0.0047169811320754,0.3333333333333333,0.0,1.0,0.0,0.0,1.0,True,0.7245370370370371,0.9720496894409938,0.0021895146575842,0.4182082414627075,173.06607034061562,0.0,0.9984025559105432,0.0,0.0,0.0047169811320754,0.3333333333333333,0.0,1.0,0.0,0.0,1.0,True,0.7280092592592593,0.8265440210249672,0.0160564408222843,0.3212694823741913,1269.151182497848,0.0,0.9984025559105432,0.0,0.0,0.0188679245283018,0.3333333333333333,0.0,1.0,0.0,0.0,1.0,XGBoost,fleet,8657,433,3.55,A_volume_matched,CIDv2_RenaultClio,FS-A,2,cross,8657,433,,,,,,,,,,,,,,,,,,,,,,,,,,,,,,
4540,431,0.0949339207048458,0.8674467624969014,0.7899092684171977,4112,0.0455447607482506,False,0.7262180974477959,0.9968152866242038,0.0002433682161109,0.5251595973968507,19.236583167980868,0.0,1.0,0.0,0.0,0.0,0.1666666666666666,0.0,1.0,0.0,0.0,0.0,False,0.7262180974477959,0.9968152866242038,0.0002433682161109,0.5251595973968507,19.236583167980868,0.0,1.0,0.0,0.0,0.0,0.1666666666666666,0.0,1.0,0.0,0.0,0.0,True,0.7262180974477959,0.9936507936507936,0.0004867364322219,0.4848582446575165,38.473166335961736,0.0,1.0,0.0,0.0,0.0,0.1666666666666666,0.0,1.0,0.0,0.0,0.0,True,0.7262180974477959,0.9936507936507936,0.0004867364322219,0.4921376407146454,38.473166335961736,0.0,1.0,0.0,0.0,0.0,0.1666666666666666,0.0,1.0,0.0,0.0,0.0,True,0.7308584686774942,0.9264705882352942,0.0060842054027743,0.3598996102809906,480.91457919952177,0.0,1.0,0.0,0.0,0.0188679245283018,0.3333333333333333,0.0,1.0,0.0,0.0,1.0,XGBoost,fleet,8657,433,3.3,A_volume_matched,CIDv2_RenaultClio,FS-A,2,in_f0,8657,433,,,,,,,,,,,,,,,,,,,,,,,,,,,,,,
9085,864,0.0951018161805173,0.8473131704262344,0.7892757657638882,8224,0.0455447607482506,False,0.7245370370370371,0.9984051036682616,0.0001216397031991,0.3733565171774806,9.614781685589758,0.0,0.9984025559105432,0.0,0.0,0.0047169811320754,0.3333333333333333,0.0,1.0,0.0,0.0,1.0,True,0.7245370370370371,0.9984051036682616,0.0001216397031991,0.3733565171774805,9.614781685589758,0.0,0.9984025559105432,0.0,0.0,0.0047169811320754,0.3333333333333333,0.0,1.0,0.0,0.0,1.0,True,0.7280092592592593,0.9828125,0.0013380367351903,0.2876713414852421,105.76259854148734,0.0,1.0,0.0,0.0,0.0141509433962264,0.3333333333333333,0.0,1.0,0.0,0.0,1.0,True,0.7268518518518519,0.9827856025039124,0.0013380367351903,0.2906909853715039,105.76259854148734,0.0,1.0,0.0,0.0,0.0094339622641509,0.3333333333333333,0.0,1.0,0.0,0.0,1.0,True,0.7361111111111112,0.825974025974026,0.0162997202286826,0.1954610692826469,1288.3807458690274,0.1,1.0,0.0769230769230769,0.6666666666666666,0.0283018867924528,0.8333333333333334,1.0,1.0,0.5,1.0,1.0,LightGBM,fleet,8657,433,9.09,A_volume_matched,CIDv2_RenaultClio,FS-A,2,cross,8657,433,,,,,,,,,,,,,,,,,,,,,,,,,,,,,,
4540,431,0.0949339207048458,0.8855836235212275,0.8123643060766079,4112,0.0455447607482506,False,0.728538283062645,0.9936708860759492,0.0004867364322219,0.3190303235846869,38.473166335961736,0.0,1.0,0.0,0.0,0.0094339622641509,0.3333333333333333,0.0,1.0,0.0,0.0,1.0,False,0.728538283062645,0.9936708860759492,0.0004867364322219,0.3190303235846869,38.473166335961736,0.0,1.0,0.0,0.0,0.0094339622641509,0.3333333333333333,0.0,1.0,0.0,0.0,1.0,True,0.728538283062645,0.9905362776025236,0.0007301046483329,0.2950150021590023,57.70974950394261,0.0,1.0,0.0,0.0,0.0094339622641509,0.3333333333333333,0.0,1.0,0.0,0.0,1.0,True,0.728538283062645,0.9905362776025236,0.0007301046483329,0.2950150021590023,57.70974950394261,0.0,1.0,0.0,0.0,0.0094339622641509,0.3333333333333333,0.0,1.0,0.0,0.0,1.0,True,0.7331786542923434,0.9106628242074928,0.0075444146994402,0.2205448994381958,596.3340782074071,0.0,1.0,0.0,0.0,0.0283018867924528,0.3333333333333333,0.0,1.0,0.0,0.0,1.0,LightGBM,fleet,8657,433,8.51,A_volume_matched,CIDv2_RenaultClio,FS-A,2,in_f0,8657,433,,,,,,,,,,,,,,,,,,,,,,,,,,,,,,
9085,864,0.0951018161805173,0.8668371875098551,0.7909845653763816,8224,0.0455447607482506,False,0.0,0.0,0.0,1.0000000000000002,0.0,0.0,0.0,0.0,0.0,0.0,0.0,0.0,0.0,0.0,0.0,0.0,True,0.7268518518518519,1.0,0.0,1.0,0.0,0.0,0.9968051118210862,0.1538461538461538,0.3333333333333333,0.0047169811320754,0.6666666666666666,0.0,1.0,0.5,1.0,1.0,True,0.7291666666666666,0.9752321981424148,0.0019462352511859,0.999933123588562,153.83650696943613,0.0,0.9984025559105432,0.1538461538461538,0.6666666666666666,0.0047169811320754,0.6666666666666666,0.0,1.0,0.5,1.0,1.0,True,0.7291666666666666,0.9752321981424148,0.0019462352511859,0.999933123588562,153.83650696943613,0.0,0.9984025559105432,0.1538461538461538,0.6666666666666666,0.0047169811320754,0.6666666666666666,0.0,1.0,0.5,1.0,1.0,True,0.7337962962962963,0.7974842767295598,0.0195839922150589,0.9585027694702148,1547.9798513799508,0.1,0.9984025559105432,0.3076923076923077,1.0,0.0047169811320754,1.0,1.0,1.0,1.0,1.0,1.0,LogReg,fleet,8657,433,0.2,A_volume_matched,CIDv2_RenaultClio,FS-B,0,cross,8657,433,,,,,,,,,,,,,,,,,,,,,,,,,,,,,,
4540,431,0.0949339207048458,0.8799658268110464,0.8038184676266326,4112,0.0455447607482506,False,0.7308584686774942,1.0,0.0,0.9999908208847048,0.0,0.0,0.9968051118210862,0.1666666666666666,1.0,0.0094339622641509,0.6666666666666666,0.0,1.0,0.5,1.0,1.0,False,0.7308584686774942,1.0,0.0,0.9999908208847048,0.0,0.0,0.9968051118210862,0.1666666666666666,1.0,0.0094339622641509,0.6666666666666666,0.0,1.0,0.5,1.0,1.0,True,0.7308584686774942,1.0,0.0,0.9999841451644896,0.0,0.0,0.9968051118210862,0.1666666666666666,1.0,0.0094339622641509,0.6666666666666666,0.0,1.0,0.5,1.0,1.0,True,0.7308584686774942,1.0,0.0,0.9999871253967284,0.0,0.0,0.9968051118210862,0.1666666666666666,1.0,0.0094339622641509,0.6666666666666666,0.0,1.0,0.5,1.0,1.0,True,0.7308584686774942,0.9292035398230089,0.0058408371866634,0.9962759017944336,461.6779960315408,0.0,0.9968051118210862,0.1666666666666666,1.0,0.0094339622641509,0.6666666666666666,0.0,1.0,0.5,1.0,1.0,LogReg,fleet,8657,433,0.21,A_volume_matched,CIDv2_RenaultClio,FS-B,0,in_f0,8657,433,,,,,,,,,,,,,,,,,,,,,,,,,,,,,,
9085,864,0.0951018161805173,0.9761137072177396,0.8870799392453226,8224,0.0455447607482506,False,0.7233796296296297,1.0,0.0,0.8393974842432634,0.0,0.0,0.9968051118210862,0.0,0.3333333333333333,0.0,0.3333333333333333,0.0,1.0,0.0,1.0,0.0,True,0.7233796296296297,1.0,0.0,0.8393974842432633,0.0,0.0,0.9968051118210862,0.0,0.3333333333333333,0.0,0.3333333333333333,0.0,1.0,0.0,1.0,0.0,True,0.7256944444444444,0.9874015748031496,0.0009731176255929,0.7179192095947836,76.91825348471806,0.0,0.9968051118210862,0.0,1.0,0.0,0.3333333333333333,0.0,1.0,0.0,1.0,0.0,True,0.7256944444444444,0.9889589905362776,0.0008514779223938,0.7249803991760642,67.3034717991283,0.0,0.9968051118210862,0.0,1.0,0.0,0.3333333333333333,0.0,1.0,0.0,1.0,0.0,True,0.7395833333333334,0.8181818181818182,0.0172728378542756,0.4931816348249971,1365.2989993537456,0.3,0.9984025559105432,0.4615384615384615,1.0,0.0094339622641509,0.8333333333333334,1.0,1.0,0.5,1.0,1.0,RandomForest,fleet,8657,433,5.26,A_volume_matched,CIDv2_RenaultClio,FS-B,0,cross,8657,433,,,,,,,,,,,,,,,,,,,,,,,,,,,,,,
4540,431,0.0949339207048458,0.9928819031733296,0.9490178349672508,4112,0.0455447607482506,False,0.7238979118329466,1.0,0.0,0.8367707998627713,0.0,0.0,0.9968051118210862,0.0,0.0,0.0,0.1666666666666666,0.0,1.0,0.0,0.0,0.0,False,0.7238979118329466,1.0,0.0,0.8367707998627713,0.0,0.0,0.9968051118210862,0.0,0.0,0.0,0.1666666666666666,0.0,1.0,0.0,0.0,0.0,True,0.7262180974477959,1.0,0.0,0.7414341295520017,0.0,0.0,0.9968051118210862,0.0,1.0,0.0,0.3333333333333333,0.0,1.0,0.0,1.0,0.0,True,0.7238979118329466,1.0,0.0,0.747881654068489,0.0,0.0,0.9968051118210862,0.0,0.0,0.0,0.1666666666666666,0.0,1.0,0.0,0.0,0.0,True,0.7308584686774942,0.963302752293578,0.0029204185933317,0.604510427331185,230.8389980157704,0.0,0.9968051118210862,0.3333333333333333,1.0,0.0,0.5,0.0,1.0,0.5,1.0,0.0,RandomForest,fleet,8657,433,5.07,A_volume_matched,CIDv2_RenaultClio,FS-B,0,in_f0,8657,433,,,,,,,,,,,,,,,,,,,,,,,,,,,,,,
9085,864,0.0951018161805173,0.9775349488887988,0.85534899715848,8224,0.0455447607482506,False,0.0011574074074074,0.5,0.0001216397031991,0.9999710431253844,9.614781685589758,0.0,0.0,0.0,0.3333333333333333,0.0,0.1666666666666666,0.0,0.0,0.0,1.0,0.0,True,0.0011574074074074,0.5,0.0001216397031991,0.9999710431253844,9.614781685589758,0.0,0.0,0.0,0.3333333333333333,0.0,0.1666666666666666,0.0,0.0,0.0,1.0,0.0,True,0.0034722222222222,0.2,0.0014596764383894,0.9999361235095006,115.37738022707708,0.0,0.0,0.0,1.0,0.0,0.1666666666666666,0.0,0.0,0.0,1.0,0.0,True,0.0034722222222222,0.2307692307692307,0.0012163970319912,0.9999416321542504,96.14781685589756,0.0,0.0,0.0,1.0,0.0,0.1666666666666666,0.0,0.0,0.0,1.0,0.0,True,0.7534722222222222,0.8543307086614174,0.0135020070551027,0.9935462787890726,1067.240767100463,1.0,1.0,0.7692307692307693,1.0,0.0094339622641509,0.8333333333333334,1.0,1.0,0.5,1.0,1.0,HistGB,fleet,8657,433,11.35,A_volume_matched,CIDv2_RenaultClio,FS-B,0,cross,8657,433,,,,,,,,,,,,,,,,,,,,,,,,,,,,,,
4540,431,0.0949339207048458,0.9856785427721052,0.8965278407680493,4112,0.0455447607482506,False,0.0,0.0,0.0,0.9999737272909712,0.0,0.0,0.0,0.0,0.0,0.0,0.0,0.0,0.0,0.0,0.0,0.0,False,0.0,0.0,0.0,0.9999737272909712,0.0,0.0,0.0,0.0,0.0,0.0,0.0,0.0,0.0,0.0,0.0,0.0,True,0.0,0.0,0.0004867364322219,0.999958809937598,38.473166335961736,0.0,0.0,0.0,0.0,0.0,0.0,0.0,0.0,0.0,0.0,0.0,True,0.0,0.0,0.0,0.9999652386418336,0.0,0.0,0.0,0.0,0.0,0.0,0.0,0.0,0.0,0.0,0.0,0.0,True,0.7517401392111369,0.9585798816568049,0.0034071550255536,0.99926112381878,269.3121643517322,1.0,1.0,0.8333333333333334,1.0,0.0,0.6666666666666666,1.0,1.0,0.5,1.0,0.0,HistGB,fleet,8657,433,9.67,A_volume_matched,CIDv2_RenaultClio,FS-B,0,in_f0,8657,433,,,,,,,,,,,,,,,,,,,,,,,,,,,,,,
9085,864,0.0951018161805173,0.97382071434042,0.8263708270221567,8224,0.0455447607482506,False,0.0,0.0,0.0,0.9997106194496156,0.0,0.0,0.0,0.0,0.0,0.0,0.0,0.0,0.0,0.0,0.0,0.0,True,0.0,0.0,0.0,0.9997106194496156,0.0,0.0,0.0,0.0,0.0,0.0,0.0,0.0,0.0,0.0,0.0,0.0,True,0.0034722222222222,0.1071428571428571,0.0030409925799781,0.995936632156372,240.3695421397439,0.0,0.0,0.0,1.0,0.0,0.1666666666666666,0.0,0.0,0.0,1.0,0.0,True,0.0034722222222222,0.25,0.0010947573287921,0.9982677698135376,86.53303517030781,0.0,0.0,0.0,1.0,0.0,0.1666666666666666,0.0,0.0,0.0,1.0,0.0,True,0.7534722222222222,0.788135593220339,0.0212869480598467,0.8286880850791931,1682.5867949782075,1.0,0.9984025559105432,0.7692307692307693,1.0,0.0141509433962264,0.8333333333333334,1.0,1.0,0.5,1.0,1.0,XGBoost,fleet,8657,433,2.83,A_volume_matched,CIDv2_RenaultClio,FS-B,0,cross,8657,433,,,,,,,,,,,,,,,,,,,,,,,,,,,,,,
4540,431,0.0949339207048458,0.984597784615176,0.8871056460226779,4112,0.0455447607482506,False,0.0,0.0,0.0,0.9996759891510012,0.0,0.0,0.0,0.0,0.0,0.0,0.0,0.0,0.0,0.0,0.0,0.0,False,0.0,0.0,0.0,0.9996759891510012,0.0,0.0,0.0,0.0,0.0,0.0,0.0,0.0,0.0,0.0,0.0,0.0,True,0.0023201856148491,1.0,0.0,0.9994155168533324,0.0,0.0,0.0,0.0,1.0,0.0,0.1666666666666666,0.0,0.0,0.0,1.0,0.0,True,0.0023201856148491,1.0,0.0,0.9994811415672302,0.0,0.0,0.0,0.0,1.0,0.0,0.1666666666666666,0.0,0.0,0.0,1.0,0.0,True,0.7262180974477959,0.9720496894409938,0.0021903139449987,0.9914625287055968,173.12924851182785,0.0,0.9968051118210862,0.0,1.0,0.0,0.3333333333333333,0.0,1.0,0.0,1.0,0.0,XGBoost,fleet,8657,433,2.7,A_volume_matched,CIDv2_RenaultClio,FS-B,0,in_f0,8657,433,,,,,,,,,,,,,,,,,,,,,,,,,,,,,,
9085,864,0.0951018161805173,0.9812052579888,0.8813891054928065,8224,0.0455447607482506,False,0.0,0.0,0.0002432794063982,0.999384181350817,19.22956337117952,0.0,0.0,0.0,0.0,0.0,0.0,0.0,0.0,0.0,0.0,0.0,True,0.0,0.0,0.0002432794063982,0.9993841813508167,19.22956337117952,0.0,0.0,0.0,0.0,0.0,0.0,0.0,0.0,0.0,0.0,0.0,True,0.7256944444444444,0.9858490566037736,0.0010947573287921,0.995466248567731,86.53303517030781,0.0,0.9968051118210862,0.0,1.0,0.0,0.3333333333333333,0.0,1.0,0.0,1.0,0.0,True,0.7256944444444444,0.9874015748031496,0.0009731176255929,0.9958579820319992,76.91825348471806,0.0,0.9968051118210862,0.0,1.0,0.0,0.3333333333333333,0.0,1.0,0.0,1.0,0.0,True,0.7546296296296297,0.8129675810473815,0.0182459554798686,0.7123032866106073,1442.2172528384638,1.0,1.0,0.7692307692307693,1.0,0.0141509433962264,0.8333333333333334,1.0,1.0,0.5,1.0,1.0,LightGBM,fleet,8657,433,7.41,A_volume_matched,CIDv2_RenaultClio,FS-B,0,cross,8657,433,,,,,,,,,,,,,,,,,,,,,,,,,,,,,,
4540,431,0.0949339207048458,0.989568481613842,0.921874533635209,4112,0.0455447607482506,False,0.0,0.0,0.0,0.9995784716773324,0.0,0.0,0.0,0.0,0.0,0.0,0.0,0.0,0.0,0.0,0.0,0.0,False,0.0,0.0,0.0,0.9995784716773324,0.0,0.0,0.0,0.0,0.0,0.0,0.0,0.0,0.0,0.0,0.0,0.0,True,0.0,0.0,0.0004867364322219,0.9985719657573532,38.473166335961736,0.0,0.0,0.0,0.0,0.0,0.0,0.0,0.0,0.0,0.0,0.0,True,0.0,0.0,0.0,0.9988072269692664,0.0,0.0,0.0,0.0,0.0,0.0,0.0,0.0,0.0,0.0,0.0,0.0,True,0.7470997679814385,0.9698795180722892,0.0024336821611097,0.9579512856612622,192.36583167980876,0.8,0.9968051118210862,0.8333333333333334,1.0,0.0,0.6666666666666666,1.0,1.0,0.5,1.0,0.0,LightGBM,fleet,8657,433,2.93,A_volume_matched,CIDv2_RenaultClio,FS-B,0,in_f0,8657,433,,,,,,,,,,,,,,,,,,,,,,,,,,,,,,
9085,864,0.0951018161805173,0.9830818742200418,0.88714373785511,8224,0.0455447607482506,False,0.7256944444444444,1.0,0.0,93750.0,0.0,0.0,0.9984025559105432,0.0,0.6666666666666666,0.0,0.3333333333333333,0.0,1.0,0.0,1.0,0.0,True,0.7256944444444444,1.0,0.0,93750.0,0.0,0.0,0.9984025559105432,0.0,0.6666666666666666,0.0,0.3333333333333333,0.0,1.0,0.0,1.0,0.0,True,0.7256944444444444,1.0,0.0,93750.0,0.0,0.0,0.9984025559105432,0.0,0.6666666666666666,0.0,0.3333333333333333,0.0,1.0,0.0,1.0,0.0,True,0.7256944444444444,1.0,0.0,93750.0,0.0,0.0,0.9984025559105432,0.0,0.6666666666666666,0.0,0.3333333333333333,0.0,1.0,0.0,1.0,0.0,True,0.7303240740740741,0.7987341772151899,0.0193407128086607,46875.0,1528.7502880087711,0.0,1.0,0.1538461538461538,1.0,0.0,0.5,0.0,1.0,0.5,1.0,0.0,Rule:Combined,fleet,8657,433,0.03,A_volume_matched,CIDv2_RenaultClio,FS-B,0,cross,8657,433,,,,,,,,,,,,,,,,,,,,,,,,,,,,,,
4540,431,0.0949339207048458,0.9920803691065788,0.9325714456574968,4112,0.0455447607482506,False,0.728538283062645,1.0,0.0,93750.0,0.0,0.0,1.0,0.0,1.0,0.0,0.3333333333333333,0.0,1.0,0.0,1.0,0.0,False,0.728538283062645,1.0,0.0,93750.0,0.0,0.0,1.0,0.0,1.0,0.0,0.3333333333333333,0.0,1.0,0.0,1.0,0.0,True,0.728538283062645,1.0,0.0,93750.0,0.0,0.0,1.0,0.0,1.0,0.0,0.3333333333333333,0.0,1.0,0.0,1.0,0.0,True,0.728538283062645,1.0,0.0,93750.0,0.0,0.0,1.0,0.0,1.0,0.0,0.3333333333333333,0.0,1.0,0.0,1.0,0.0,True,0.7308584686774942,0.9183673469387756,0.0068143100511073,62500.0,538.6243287034644,0.0,1.0,0.1666666666666666,1.0,0.0,0.5,0.0,1.0,0.5,1.0,0.0,Rule:Combined,fleet,8657,433,0.02,A_volume_matched,CIDv2_RenaultClio,FS-B,0,in_f0,8657,433,,,,,,,,,,,,,,,,,,,,,,,,,,,,,,
9085,864,0.0951018161805173,0.9827864333436952,0.9757706741377602,8224,0.0455447607482506,False,0.8460648148148148,1.0,0.0,1751.360831811661,0.0,0.0,0.8993610223642172,0.0,0.0,0.7924528301886793,0.3333333333333333,0.0,1.0,0.0,0.0,1.0,True,0.8460648148148148,1.0,0.0,1751.3608318116608,0.0,0.0,0.8993610223642172,0.0,0.0,0.7924528301886793,0.3333333333333333,0.0,1.0,0.0,0.0,1.0,True,0.9664351851851852,0.9928656361474436,0.0007298382191947,17.08843582856305,57.68869011353854,0.0,0.9984025559105432,0.0,0.0,0.9905660377358492,0.3333333333333333,0.0,1.0,0.0,0.0,1.0,True,0.9664351851851852,0.9940476190476192,0.0006081985159956,17.320183717487136,48.07390842794879,0.0,0.9984025559105432,0.0,0.0,0.9905660377358492,0.3333333333333333,0.0,1.0,0.0,0.0,1.0,True,0.9675925925925926,0.8903088391906283,0.0125288894295097,5.063319491723998,990.322513615745,0.0,0.9984025559105432,0.0,0.0,0.9952830188679244,0.3333333333333333,0.0,1.0,0.0,0.0,1.0,Rule:Staleness,fleet,8657,433,0.02,A_volume_matched,CIDv2_RenaultClio,FS-B,0,cross,8657,433,,,,,,,,,,,,,,,,,,,,,,,,,,,,,,
4540,431,0.0949339207048458,0.9782761399203492,0.973860062636,4112,0.0455447607482506,False,0.9698375870069604,1.0,0.0,21.497878878177318,0.0,0.0,1.0,0.0,0.0,0.9905660377358492,0.3333333333333333,0.0,1.0,0.0,0.0,1.0,False,0.9698375870069604,1.0,0.0,21.497878878177318,0.0,0.0,1.0,0.0,0.0,0.9905660377358492,0.3333333333333333,0.0,1.0,0.0,0.0,1.0,True,0.9698375870069604,1.0,0.0,17.51858649631589,0.0,0.0,1.0,0.0,0.0,0.9905660377358492,0.3333333333333333,0.0,1.0,0.0,0.0,1.0,True,0.9698375870069604,1.0,0.0,17.779229027404718,0.0,0.0,1.0,0.0,0.0,0.9905660377358492,0.3333333333333333,0.0,1.0,0.0,0.0,1.0,True,0.9698375870069604,0.972093023255814,0.0029204185933317,10.6570629520985,230.8389980157704,0.0,1.0,0.0,0.0,0.9905660377358492,0.3333333333333333,0.0,1.0,0.0,0.0,1.0,Rule:Staleness,fleet,8657,433,0.02,A_volume_matched,CIDv2_RenaultClio,FS-B,0,in_f0,8657,433,,,,,,,,,,,,,,,,,,,,,,,,,,,,,,
9085,864,0.0951018161805173,0.8789271040289772,0.7932512220690009,8224,0.0455447607482506,False,0.7245370370370371,1.0,0.0,0.999999761581421,0.0,0.0,0.9968051118210862,0.0,0.3333333333333333,0.0047169811320754,0.5,0.0,1.0,0.0,1.0,1.0,True,0.7245370370370371,1.0,0.0,0.9999997615814208,0.0,0.0,0.9968051118210862,0.0,0.3333333333333333,0.0047169811320754,0.5,0.0,1.0,0.0,1.0,1.0,True,0.7268518518518519,0.9797191887675508,0.0015813161415886,0.9991907477378844,124.99216191266684,0.0,0.9984025559105432,0.0,0.6666666666666666,0.0047169811320754,0.5,0.0,1.0,0.0,1.0,1.0,True,0.7268518518518519,0.9797191887675508,0.0015813161415886,0.9992008805274964,124.99216191266684,0.0,0.9984025559105432,0.0,0.6666666666666666,0.0047169811320754,0.5,0.0,1.0,0.0,1.0,1.0,True,0.7303240740740741,0.8027989821882952,0.0188541539958642,0.8247770667076111,1490.2911612664127,0.1,0.9984025559105432,0.0769230769230769,1.0,0.0047169811320754,0.8333333333333334,1.0,1.0,0.5,1.0,1.0,LogReg,fleet,8657,433,0.13,A_volume_matched,CIDv2_RenaultClio,FS-B,1,cross,8657,433,,,,,,,,,,,,,,,,,,,,,,,,,,,,,,
4540,431,0.0949339207048458,0.8978548023437884,0.8196435278879626,4112,0.0455447607482506,False,0.728538283062645,1.0,0.0,0.9998177886009216,0.0,0.0,0.9968051118210862,0.0,1.0,0.0094339622641509,0.5,0.0,1.0,0.0,1.0,1.0,False,0.728538283062645,1.0,0.0,0.9998177886009216,0.0,0.0,0.9968051118210862,0.0,1.0,0.0094339622641509,0.5,0.0,1.0,0.0,1.0,1.0,True,0.728538283062645,1.0,0.0,0.9998120665550232,0.0,0.0,0.9968051118210862,0.0,1.0,0.0094339622641509,0.5,0.0,1.0,0.0,1.0,1.0,True,0.728538283062645,1.0,0.0,0.9998173117637634,0.0,0.0,0.9968051118210862,0.0,1.0,0.0094339622641509,0.5,0.0,1.0,0.0,1.0,1.0,True,0.728538283062645,0.9373134328358208,0.0051107325383304,0.9811097383499146,403.96824652759824,0.0,0.9968051118210862,0.0,1.0,0.0094339622641509,0.5,0.0,1.0,0.0,1.0,1.0,LogReg,fleet,8657,433,0.12,A_volume_matched,CIDv2_RenaultClio,FS-B,1,in_f0,8657,433,,,,,,,,,,,,,,,,,,,,,,,,,,,,,,
9085,864,0.0951018161805173,0.9784723066942382,0.8972296134560668,8224,0.0455447607482506,False,0.7222222222222222,1.0,0.0,0.8455937092900567,0.0,0.0,0.9968051118210862,0.0,0.0,0.0,0.1666666666666666,0.0,1.0,0.0,0.0,0.0,True,0.7222222222222222,1.0,0.0,0.8455937092900566,0.0,0.0,0.9968051118210862,0.0,0.0,0.0,0.1666666666666666,0.0,1.0,0.0,0.0,0.0,True,0.7256944444444444,0.990521327014218,0.0007298382191947,0.711450252738414,57.68869011353854,0.0,0.9968051118210862,0.0,1.0,0.0,0.3333333333333333,0.0,1.0,0.0,1.0,0.0,True,0.7256944444444444,0.990521327014218,0.0007298382191947,0.72859016736471,57.68869011353854,0.0,0.9968051118210862,0.0,1.0,0.0,0.3333333333333333,0.0,1.0,0.0,1.0,0.0,True,0.7523148148148148,0.8259212198221093,0.01666463933828,0.4124112787709615,1317.2250909257968,1.0,0.9984025559105432,0.6923076923076923,1.0,0.0141509433962264,0.8333333333333334,1.0,1.0,0.5,1.0,1.0,RandomForest,fleet,8657,433,5.5,A_volume_matched,CIDv2_RenaultClio,FS-B,1,cross,8657,433,,,,,,,,,,,,,,,,,,,,,,,,,,,,,,
4540,431,0.0949339207048458,0.9936814609320608,0.9596495749521315,4112,0.0455447607482506,False,0.7238979118329466,1.0,0.0,0.8017140902637058,0.0,0.0,0.9968051118210862,0.0,0.0,0.0,0.1666666666666666,0.0,1.0,0.0,0.0,0.0,False,0.7238979118329466,1.0,0.0,0.8017140902637058,0.0,0.0,0.9968051118210862,0.0,0.0,0.0,0.1666666666666666,0.0,1.0,0.0,0.0,0.0,True,0.7238979118329466,1.0,0.0,0.7520920969202586,0.0,0.0,0.9968051118210862,0.0,0.0,0.0,0.1666666666666666,0.0,1.0,0.0,0.0,0.0,True,0.7238979118329466,1.0,0.0,0.7520920969202586,0.0,0.0,0.9968051118210862,0.0,0.0,0.0,0.1666666666666666,0.0,1.0,0.0,0.0,0.0,True,0.7331786542923434,0.9723076923076924,0.0021903139449987,0.5600856020548741,173.12924851182785,0.2,0.9968051118210862,0.3333333333333333,1.0,0.0,0.6666666666666666,1.0,1.0,0.5,1.0,0.0,RandomForest,fleet,8657,433,5.14,A_volume_matched,CIDv2_RenaultClio,FS-B,1,in_f0,8657,433,,,,,,,,,,,,,,,,,,,,,,,,,,,,,,
9085,864,0.0951018161805173,0.9856408835547626,0.9094324464142696,8224,0.0455447607482506,False,0.7268518518518519,1.0,0.0,0.9996886461102312,0.0,0.1,0.9968051118210862,0.2307692307692307,0.0,0.0,0.5,1.0,1.0,0.5,0.0,0.0,True,0.7268518518518519,1.0,0.0,0.9996886461102312,0.0,0.1,0.9968051118210862,0.2307692307692307,0.0,0.0,0.5,1.0,1.0,0.5,0.0,0.0,True,0.7453703703703703,1.0,0.0,0.999357136473202,0.0,1.0,0.9984025559105432,0.6923076923076923,0.0,0.0,0.5,1.0,1.0,0.5,0.0,0.0,True,0.7453703703703703,1.0,0.0,0.999400278265745,0.0,1.0,0.9984025559105432,0.6923076923076923,0.0,0.0,0.5,1.0,1.0,0.5,0.0,0.0,True,0.7546296296296297,0.8232323232323232,0.0170295584478773,0.4819367786062798,1346.069435982566,1.0,1.0,0.7692307692307693,1.0,0.0141509433962264,0.8333333333333334,1.0,1.0,0.5,1.0,1.0,HistGB,fleet,8657,433,16.92,A_volume_matched,CIDv2_RenaultClio,FS-B,1,cross,8657,433,,,,,,,,,,,,,,,,,,,,,,,,,,,,,,
4540,431,0.0949339207048458,0.993076146018671,0.9437832858005696,4112,0.0455447607482506,False,0.7470997679814385,1.0,0.0,0.9990008086059234,0.0,1.0,0.9968051118210862,0.8333333333333334,0.0,0.0,0.5,1.0,1.0,0.5,0.0,0.0,False,0.7470997679814385,1.0,0.0,0.9990008086059234,0.0,1.0,0.9968051118210862,0.8333333333333334,0.0,0.0,0.5,1.0,1.0,0.5,0.0,0.0,True,0.7494199535962877,1.0,0.0,0.9980441504352932,0.0,1.0,1.0,0.8333333333333334,0.0,0.0,0.5,1.0,1.0,0.5,0.0,0.0,True,0.7494199535962877,1.0,0.0,0.9980669306471124,0.0,1.0,1.0,0.8333333333333334,0.0,0.0,0.5,1.0,1.0,0.5,0.0,0.0,True,0.7517401392111369,0.9818181818181818,0.0014602092966658,0.9754743334032144,115.4194990078852,1.0,1.0,0.8333333333333334,1.0,0.0,0.6666666666666666,1.0,1.0,0.5,1.0,0.0,HistGB,fleet,8657,433,49.55,A_volume_matched,CIDv2_RenaultClio,FS-B,1,in_f0,8657,433,,,,,,,,,,,,,,,,,,,,,,,,,,,,,,
9085,864,0.0951018161805173,0.9834125117697676,0.8925714810234338,8224,0.0455447607482506,False,0.0011574074074074,0.3333333333333333,0.0002432794063982,0.9952628612518312,19.22956337117952,0.0,0.0,0.0,0.3333333333333333,0.0,0.1666666666666666,0.0,0.0,0.0,1.0,0.0,True,0.0011574074074074,0.3333333333333333,0.0002432794063982,0.995262861251831,19.22956337117952,0.0,0.0,0.0,0.3333333333333333,0.0,0.1666666666666666,0.0,0.0,0.0,1.0,0.0,True,0.0011574074074074,0.1666666666666666,0.0006081985159956,0.9874978065490724,48.07390842794879,0.0,0.0,0.0,0.3333333333333333,0.0,0.1666666666666666,0.0,0.0,0.0,1.0,0.0,True,0.0011574074074074,0.3333333333333333,0.0002432794063982,0.989590346813202,19.22956337117952,0.0,0.0,0.0,0.3333333333333333,0.0,0.1666666666666666,0.0,0.0,0.0,1.0,0.0,True,0.7546296296296297,0.7941534713763703,0.0205571098406519,0.2377600967884063,1624.898104864669,1.0,1.0,0.7692307692307693,1.0,0.0141509433962264,0.8333333333333334,1.0,1.0,0.5,1.0,1.0,XGBoost,fleet,8657,433,37.29,A_volume_matched,CIDv2_RenaultClio,FS-B,1,cross,8657,433,,,,,,,,,,,,,,,,,,,,,,,,,,,,,,
4540,431,0.0949339207048458,0.9911811489577234,0.930512957780761,4112,0.0455447607482506,False,0.0,0.0,0.0,0.9971913695335388,0.0,0.0,0.0,0.0,0.0,0.0,0.0,0.0,0.0,0.0,0.0,0.0,False,0.0,0.0,0.0,0.9971913695335388,0.0,0.0,0.0,0.0,0.0,0.0,0.0,0.0,0.0,0.0,0.0,0.0,True,0.0,0.0,0.0004867364322219,0.9866515398025512,38.473166335961736,0.0,0.0,0.0,0.0,0.0,0.0,0.0,0.0,0.0,0.0,0.0,True,0.0,0.0,0.0004867364322219,0.9866515398025512,38.473166335961736,0.0,0.0,0.0,0.0,0.0,0.0,0.0,0.0,0.0,0.0,0.0,True,0.7354988399071926,0.9753846153846154,0.0019469457288878,0.859176516532898,153.89266534384694,0.2,0.9968051118210862,0.5,1.0,0.0,0.6666666666666666,1.0,1.0,0.5,1.0,0.0,XGBoost,fleet,8657,433,5.95,A_volume_matched,CIDv2_RenaultClio,FS-B,1,in_f0,8657,433,,,,,,,,,,,,,,,,,,,,,,,,,,,,,,
9085,864,0.0951018161805173,0.986955831272216,0.9158259163494172,8224,0.0455447607482506,False,0.7233796296296297,0.9952229299363056,0.0003649191095973,0.9917333852370536,28.84434505676927,0.0,0.9968051118210862,0.0,0.3333333333333333,0.0,0.3333333333333333,0.0,1.0,0.0,1.0,0.0,True,0.7233796296296297,0.9952229299363056,0.0003649191095973,0.9917333852370536,28.84434505676927,0.0,0.9968051118210862,0.0,0.3333333333333333,0.0,0.3333333333333333,0.0,1.0,0.0,1.0,0.0,True,0.7245370370370371,0.9858267716535432,0.0010947573287921,0.9838717593648728,86.53303517030781,0.0,0.9968051118210862,0.0,0.6666666666666666,0.0,0.3333333333333333,0.0,1.0,0.0,1.0,0.0,True,0.7233796296296297,0.9952229299363056,0.0003649191095973,0.9890927049846098,28.84434505676927,0.0,0.9968051118210862,0.0,0.3333333333333333,0.0,0.3333333333333333,0.0,1.0,0.0,1.0,0.0,True,0.7546296296296297,0.8274111675126904,0.0165429996350808,0.2060683137411672,1307.610309240207,1.0,1.0,0.7692307692307693,1.0,0.0141509433962264,0.8333333333333334,1.0,1.0,0.5,1.0,1.0,LightGBM,fleet,8657,433,14.5,A_volume_matched,CIDv2_RenaultClio,FS-B,1,cross,8657,433,,,,,,,,,,,,,,,,,,,,,,,,,,,,,,
4540,431,0.0949339207048458,0.9942681420841242,0.952845951983143,4112,0.0455447607482506,False,0.7238979118329466,1.0,0.0,0.9950385782641292,0.0,0.0,0.9968051118210862,0.0,0.0,0.0,0.1666666666666666,0.0,1.0,0.0,0.0,0.0,False,0.7238979118329466,1.0,0.0,0.9950385782641292,0.0,0.0,0.9968051118210862,0.0,0.0,0.0,0.1666666666666666,0.0,1.0,0.0,0.0,0.0,True,0.7238979118329466,0.9936305732484076,0.0004867364322219,0.9857458040610304,38.473166335961736,0.0,0.9968051118210862,0.0,0.0,0.0,0.1666666666666666,0.0,1.0,0.0,0.0,0.0,True,0.7238979118329466,1.0,0.0,0.9945943045270677,0.0,0.0,0.9968051118210862,0.0,0.0,0.0,0.1666666666666666,0.0,1.0,0.0,0.0,0.0,True,0.7517401392111369,0.9642857142857144,0.0029204185933317,0.8379353235221156,230.8389980157704,1.0,1.0,0.8333333333333334,1.0,0.0,0.6666666666666666,1.0,1.0,0.5,1.0,0.0,LightGBM,fleet,8657,433,5.86,A_volume_matched,CIDv2_RenaultClio,FS-B,1,in_f0,8657,433,,,,,,,,,,,,,,,,,,,,,,,,,,,,,,
9085,864,0.0951018161805173,0.9830818742200416,0.88714373785511,8224,0.0455447607482506,False,0.7256944444444444,1.0,0.0,93750.0,0.0,0.0,0.9984025559105432,0.0,0.6666666666666666,0.0,0.3333333333333333,0.0,1.0,0.0,1.0,0.0,True,0.7256944444444444,1.0,0.0,93750.0,0.0,0.0,0.9984025559105432,0.0,0.6666666666666666,0.0,0.3333333333333333,0.0,1.0,0.0,1.0,0.0,True,0.7256944444444444,1.0,0.0,93750.0,0.0,0.0,0.9984025559105432,0.0,0.6666666666666666,0.0,0.3333333333333333,0.0,1.0,0.0,1.0,0.0,True,0.7256944444444444,1.0,0.0,93750.0,0.0,0.0,0.9984025559105432,0.0,0.6666666666666666,0.0,0.3333333333333333,0.0,1.0,0.0,1.0,0.0,True,0.7303240740740741,0.7987341772151899,0.0193407128086607,46875.0,1528.7502880087711,0.0,1.0,0.1538461538461538,1.0,0.0,0.5,0.0,1.0,0.5,1.0,0.0,Rule:Combined,fleet,8657,433,0.04,A_volume_matched,CIDv2_RenaultClio,FS-B,1,cross,8657,433,,,,,,,,,,,,,,,,,,,,,,,,,,,,,,
4540,431,0.0949339207048458,0.9920803691065788,0.9325714456574968,4112,0.0455447607482506,False,0.728538283062645,1.0,0.0,93750.0,0.0,0.0,1.0,0.0,1.0,0.0,0.3333333333333333,0.0,1.0,0.0,1.0,0.0,False,0.728538283062645,1.0,0.0,93750.0,0.0,0.0,1.0,0.0,1.0,0.0,0.3333333333333333,0.0,1.0,0.0,1.0,0.0,True,0.728538283062645,1.0,0.0,93750.0,0.0,0.0,1.0,0.0,1.0,0.0,0.3333333333333333,0.0,1.0,0.0,1.0,0.0,True,0.728538283062645,1.0,0.0,93750.0,0.0,0.0,1.0,0.0,1.0,0.0,0.3333333333333333,0.0,1.0,0.0,1.0,0.0,True,0.7308584686774942,0.9183673469387756,0.0068143100511073,62500.0,538.6243287034644,0.0,1.0,0.1666666666666666,1.0,0.0,0.5,0.0,1.0,0.5,1.0,0.0,Rule:Combined,fleet,8657,433,0.02,A_volume_matched,CIDv2_RenaultClio,FS-B,1,in_f0,8657,433,,,,,,,,,,,,,,,,,,,,,,,,,,,,,,
9085,864,0.0951018161805173,0.9827864333436952,0.9757706741377602,8224,0.0455447607482506,False,0.8460648148148148,1.0,0.0,1755.612446042206,0.0,0.0,0.8993610223642172,0.0,0.0,0.7924528301886793,0.3333333333333333,0.0,1.0,0.0,0.0,1.0,True,0.8460648148148148,1.0,0.0,1755.612446042206,0.0,0.0,0.8993610223642172,0.0,0.0,0.7924528301886793,0.3333333333333333,0.0,1.0,0.0,0.0,1.0,True,0.9664351851851852,0.9928656361474436,0.0007298382191947,17.130776979158682,57.68869011353854,0.0,0.9984025559105432,0.0,0.0,0.9905660377358492,0.3333333333333333,0.0,1.0,0.0,0.0,1.0,True,0.9664351851851852,0.9940476190476192,0.0006081985159956,17.363087336622613,48.07390842794879,0.0,0.9984025559105432,0.0,0.0,0.9905660377358492,0.3333333333333333,0.0,1.0,0.0,0.0,1.0,True,0.9675925925925926,0.8903088391906283,0.0125288894295097,5.076474833297455,990.322513615745,0.0,0.9984025559105432,0.0,0.0,0.9952830188679244,0.3333333333333333,0.0,1.0,0.0,0.0,1.0,Rule:Staleness,fleet,8657,433,0.02,A_volume_matched,CIDv2_RenaultClio,FS-B,1,cross,8657,433,,,,,,,,,,,,,,,,,,,,,,,,,,,,,,
4540,431,0.0949339207048458,0.9782761399203492,0.973860062636,4112,0.0455447607482506,False,0.9698375870069604,1.0,0.0,21.550922059350896,0.0,0.0,1.0,0.0,0.0,0.9905660377358492,0.3333333333333333,0.0,1.0,0.0,0.0,1.0,False,0.9698375870069604,1.0,0.0,21.550922059350896,0.0,0.0,1.0,0.0,0.0,0.9905660377358492,0.3333333333333333,0.0,1.0,0.0,0.0,1.0,True,0.9698375870069604,1.0,0.0,17.56197165304736,0.0,0.0,1.0,0.0,0.0,0.9905660377358492,0.3333333333333333,0.0,1.0,0.0,0.0,1.0,True,0.9698375870069604,1.0,0.0,17.823246782019012,0.0,0.0,1.0,0.0,0.0,0.9905660377358492,0.3333333333333333,0.0,1.0,0.0,0.0,1.0,True,0.9698375870069604,0.972093023255814,0.0029204185933317,10.683794705224283,230.8389980157704,0.0,1.0,0.0,0.0,0.9905660377358492,0.3333333333333333,0.0,1.0,0.0,0.0,1.0,Rule:Staleness,fleet,8657,433,0.02,A_volume_matched,CIDv2_RenaultClio,FS-B,1,in_f0,8657,433,,,,,,,,,,,,,,,,,,,,,,,,,,,,,,
9085,864,0.0951018161805173,0.8555786164159538,0.7902112362995892,8224,0.0455447607482506,False,0.0,0.0,0.0,1.0000000000000002,0.0,0.0,0.0,0.0,0.0,0.0,0.0,0.0,0.0,0.0,0.0,0.0,True,0.7256944444444444,1.0,0.0,1.0,0.0,0.0,0.9984025559105432,0.0,0.3333333333333333,0.0047169811320754,0.5,0.0,1.0,0.0,1.0,1.0,True,0.7268518518518519,0.9706336939721792,0.0023111543607833,0.9999850988388062,182.6808520262054,0.0,0.9984025559105432,0.0,0.6666666666666666,0.0047169811320754,0.5,0.0,1.0,0.0,1.0,1.0,True,0.7268518518518519,0.9706336939721792,0.0023111543607833,0.9999850988388062,182.6808520262054,0.0,0.9984025559105432,0.0,0.6666666666666666,0.0047169811320754,0.5,0.0,1.0,0.0,1.0,1.0,True,0.7337962962962963,0.7885572139303483,0.0206787495438511,0.9696630239486694,1634.5128865502586,0.1,0.9984025559105432,0.3076923076923077,1.0,0.0047169811320754,1.0,1.0,1.0,1.0,1.0,1.0,LogReg,fleet,8657,433,0.14,A_volume_matched,CIDv2_RenaultClio,FS-B,2,cross,8657,433,,,,,,,,,,,,,,,,,,,,,,,,,,,,,,
4540,431,0.0949339207048458,0.8645382017516865,0.8045159984755712,4112,0.0455447607482506,False,0.728538283062645,1.0,0.0,0.9999990463256836,0.0,0.0,0.9968051118210862,0.0,1.0,0.0094339622641509,0.5,0.0,1.0,0.0,1.0,1.0,False,0.728538283062645,1.0,0.0,0.9999990463256836,0.0,0.0,0.9968051118210862,0.0,1.0,0.0094339622641509,0.5,0.0,1.0,0.0,1.0,1.0,True,0.728538283062645,1.0,0.0,0.9999982118606568,0.0,0.0,0.9968051118210862,0.0,1.0,0.0094339622641509,0.5,0.0,1.0,0.0,1.0,1.0,True,0.728538283062645,1.0,0.0,0.9999983310699464,0.0,0.0,0.9968051118210862,0.0,1.0,0.0094339622641509,0.5,0.0,1.0,0.0,1.0,1.0,True,0.728538283062645,0.923529411764706,0.0063275736188853,0.9988545179367064,500.15116236750265,0.0,0.9968051118210862,0.0,1.0,0.0094339622641509,0.5,0.0,1.0,0.0,1.0,1.0,LogReg,fleet,8657,433,0.13,A_volume_matched,CIDv2_RenaultClio,FS-B,2,in_f0,8657,433,,,,,,,,,,,,,,,,,,,,,,,,,,,,,,
9085,864,0.0951018161805173,0.9726227603652796,0.8221908556376928,8224,0.0455447607482506,False,0.0011574074074074,1.0,0.0,0.823975685330812,0.0,0.0,0.0,0.0,0.3333333333333333,0.0,0.1666666666666666,0.0,0.0,0.0,1.0,0.0,True,0.0011574074074074,1.0,0.0,0.8239756853308119,0.0,0.0,0.0,0.0,0.3333333333333333,0.0,0.1666666666666666,0.0,0.0,0.0,1.0,0.0,True,0.005787037037037,0.2941176470588235,0.0014596764383894,0.7052715352025252,115.37738022707708,0.0,0.0015974440894568,0.0769230769230769,1.0,0.0,0.5,0.0,1.0,0.5,1.0,0.0,True,0.0011574074074074,0.3333333333333333,0.0002432794063982,0.7597222216939216,19.22956337117952,0.0,0.0,0.0,0.3333333333333333,0.0,0.1666666666666666,0.0,0.0,0.0,1.0,0.0,True,0.75,0.8244274809160306,0.0167862790414791,0.4768934290834317,1326.8398726113865,0.9,0.9984025559105432,0.7692307692307693,1.0,0.0047169811320754,0.8333333333333334,1.0,1.0,0.5,1.0,1.0,RandomForest,fleet,8657,433,5.01,A_volume_matched,CIDv2_RenaultClio,FS-B,2,cross,8657,433,,,,,,,,,,,,,,,,,,,,,,,,,,,,,,
4540,431,0.0949339207048458,0.9876565447698704,0.9060385676145434,4112,0.0455447607482506,False,0.0,0.0,0.0,0.7777748380166098,0.0,0.0,0.0,0.0,0.0,0.0,0.0,0.0,0.0,0.0,0.0,0.0,False,0.0,0.0,0.0,0.7777748380166098,0.0,0.0,0.0,0.0,0.0,0.0,0.0,0.0,0.0,0.0,0.0,0.0,True,0.0,0.0,0.0,0.7440080964028202,0.0,0.0,0.0,0.0,0.0,0.0,0.0,0.0,0.0,0.0,0.0,0.0,True,0.0,0.0,0.0,0.7487793470905859,0.0,0.0,0.0,0.0,0.0,0.0,0.0,0.0,0.0,0.0,0.0,0.0,True,0.7331786542923434,0.9723076923076924,0.0021903139449987,0.6024968029151626,173.12924851182785,0.2,0.9968051118210862,0.3333333333333333,1.0,0.0,0.6666666666666666,1.0,1.0,0.5,1.0,0.0,RandomForest,fleet,8657,433,4.81,A_volume_matched,CIDv2_RenaultClio,FS-B,2,in_f0,8657,433,,,,,,,,,,,,,,,,,,,,,,,,,,,,,,
9085,864,0.0951018161805173,0.975348813111859,0.8209816889089038,8224,0.0455447607482506,False,0.0196759259259259,0.85,0.0003649191095973,0.999422660399006,28.84434505676927,0.4,0.0015974440894568,0.6923076923076923,1.0,0.0,0.6666666666666666,1.0,1.0,0.5,1.0,0.0,True,0.0196759259259259,0.85,0.0003649191095973,0.999422660399006,28.84434505676927,0.4,0.0015974440894568,0.6923076923076923,1.0,0.0,0.6666666666666666,1.0,1.0,0.5,1.0,0.0,True,0.0289351851851851,0.5434782608695652,0.0025544337671816,0.9985271577711486,201.9104153973849,1.0,0.0031948881789137,0.7692307692307693,1.0,0.0,0.6666666666666666,1.0,1.0,0.5,1.0,0.0,True,0.0289351851851851,0.625,0.0018245955479868,0.9988425017057264,144.22172528384638,1.0,0.0031948881789137,0.7692307692307693,1.0,0.0,0.6666666666666666,1.0,1.0,0.5,1.0,0.0,True,0.7523148148148148,0.8632138114209827,0.0125288894295097,0.9735538449458112,990.322513615745,1.0,1.0,0.7692307692307693,1.0,0.0047169811320754,0.8333333333333334,1.0,1.0,0.5,1.0,1.0,HistGB,fleet,8657,433,8.82,A_volume_matched,CIDv2_RenaultClio,FS-B,2,cross,8657,433,,,,,,,,,,,,,,,,,,,,,,,,,,,,,,
4540,431,0.0949339207048458,0.986993069934765,0.8883363602603909,4112,0.0455447607482506,False,0.0185614849187935,0.8,0.0004867364322219,0.9994328616006984,38.473166335961736,0.4,0.0,0.8333333333333334,1.0,0.0,0.5,1.0,0.0,0.5,1.0,0.0,False,0.0185614849187935,0.8,0.0004867364322219,0.9994328616006984,38.473166335961736,0.4,0.0,0.8333333333333334,1.0,0.0,0.5,1.0,0.0,0.5,1.0,0.0,True,0.025522041763341,0.8461538461538461,0.0004867364322219,0.9991257188268096,38.473166335961736,0.8,0.0031948881789137,0.8333333333333334,1.0,0.0,0.6666666666666666,1.0,1.0,0.5,1.0,0.0,True,0.025522041763341,0.8461538461538461,0.0004867364322219,0.9991769957599116,38.473166335961736,0.8,0.0031948881789137,0.8333333333333334,1.0,0.0,0.6666666666666666,1.0,1.0,0.5,1.0,0.0,True,0.0278422273781902,0.375,0.0048673643222195,0.9923425240894268,384.7316633596175,1.0,0.0031948881789137,0.8333333333333334,1.0,0.0,0.6666666666666666,1.0,1.0,0.5,1.0,0.0,HistGB,fleet,8657,433,11.84,A_volume_matched,CIDv2_RenaultClio,FS-B,2,in_f0,8657,433,,,,,,,,,,,,,,,,,,,,,,,,,,,,,,
9085,864,0.0951018161805173,0.9578526875616646,0.691136182279703,8224,0.0455447607482506,False,0.0034722222222222,0.6,0.0002432794063982,0.9936466217041016,19.22956337117952,0.0,0.0,0.0,1.0,0.0,0.1666666666666666,0.0,0.0,0.0,1.0,0.0,True,0.0034722222222222,0.6,0.0002432794063982,0.9936466217041016,19.22956337117952,0.0,0.0,0.0,1.0,0.0,0.1666666666666666,0.0,0.0,0.0,1.0,0.0,True,0.0034722222222222,0.1666666666666666,0.0018245955479868,0.9804419279098512,144.22172528384638,0.0,0.0,0.0,1.0,0.0,0.1666666666666666,0.0,0.0,0.0,1.0,0.0,True,0.0034722222222222,0.2142857142857142,0.0013380367351903,0.984713077545166,105.76259854148734,0.0,0.0,0.0,1.0,0.0,0.1666666666666666,0.0,0.0,0.0,1.0,0.0,True,0.03125,0.1741935483870967,0.0155698820094878,0.6937301158905029,1230.692055755489,1.0,0.0031948881789137,0.7692307692307693,1.0,0.0094339622641509,0.8333333333333334,1.0,1.0,0.5,1.0,1.0,XGBoost,fleet,8657,433,3.46,A_volume_matched,CIDv2_RenaultClio,FS-B,2,cross,8657,433,,,,,,,,,,,,,,,,,,,,,,,,,,,,,,
4540,431,0.0949339207048458,0.9765598575703044,0.8075003117517865,4112,0.0455447607482506,False,0.0023201856148491,0.3333333333333333,0.0004867364322219,0.99324506521225,38.473166335961736,0.0,0.0,0.0,1.0,0.0,0.1666666666666666,0.0,0.0,0.0,1.0,0.0,False,0.0023201856148491,0.3333333333333333,0.0004867364322219,0.99324506521225,38.473166335961736,0.0,0.0,0.0,1.0,0.0,0.1666666666666666,0.0,0.0,0.0,1.0,0.0,True,0.0023201856148491,0.3333333333333333,0.0004867364322219,0.9913405776023864,38.473166335961736,0.0,0.0,0.0,1.0,0.0,0.1666666666666666,0.0,0.0,0.0,1.0,0.0,True,0.0023201856148491,0.3333333333333333,0.0004867364322219,0.9913405776023864,38.473166335961736,0.0,0.0,0.0,1.0,0.0,0.1666666666666666,0.0,0.0,0.0,1.0,0.0,True,0.0208816705336426,0.5625,0.0017035775127768,0.9254522919654846,134.6560821758661,0.6,0.0,0.8333333333333334,1.0,0.0,0.5,1.0,0.0,0.5,1.0,0.0,XGBoost,fleet,8657,433,3.72,A_volume_matched,CIDv2_RenaultClio,FS-B,2,in_f0,8657,433,,,,,,,,,,,,,,,,,,,,,,,,,,,,,,
9085,864,0.0951018161805173,0.974267712092338,0.7995085209587353,8224,0.0455447607482506,False,0.0011574074074074,0.3333333333333333,0.0002432794063982,0.9962692560490148,19.22956337117952,0.0,0.0,0.0,0.3333333333333333,0.0,0.1666666666666666,0.0,0.0,0.0,1.0,0.0,True,0.0011574074074074,0.3333333333333333,0.0002432794063982,0.9962692560490146,19.22956337117952,0.0,0.0,0.0,0.3333333333333333,0.0,0.1666666666666666,0.0,0.0,0.0,1.0,0.0,True,0.0185185185185185,0.4705882352941176,0.0021895146575842,0.9830484681075128,173.06607034061562,0.4,0.0015974440894568,0.6153846153846154,1.0,0.0,0.6666666666666666,1.0,1.0,0.5,1.0,0.0,True,0.0185185185185185,0.4705882352941176,0.0021895146575842,0.9830484681075128,173.06607034061562,0.4,0.0015974440894568,0.6153846153846154,1.0,0.0,0.6666666666666666,1.0,1.0,0.5,1.0,0.0,True,0.7534722222222222,0.846553966189857,0.0143534849774966,0.5963273005260562,1134.5442388995914,1.0,1.0,0.7692307692307693,1.0,0.0094339622641509,0.8333333333333334,1.0,1.0,0.5,1.0,1.0,LightGBM,fleet,8657,433,6.53,A_volume_matched,CIDv2_RenaultClio,FS-B,2,cross,8657,433,,,,,,,,,,,,,,,,,,,,,,,,,,,,,,
4540,431,0.0949339207048458,0.986571269337468,0.8711370999349072,4112,0.0455447607482506,False,0.0,0.0,0.0004867364322219,0.9955743608969824,38.473166335961736,0.0,0.0,0.0,0.0,0.0,0.0,0.0,0.0,0.0,0.0,0.0,False,0.0,0.0,0.0004867364322219,0.9955743608969824,38.473166335961736,0.0,0.0,0.0,0.0,0.0,0.0,0.0,0.0,0.0,0.0,0.0,True,0.0,0.0,0.0004867364322219,0.9931902013986076,38.473166335961736,0.0,0.0,0.0,0.0,0.0,0.0,0.0,0.0,0.0,0.0,0.0,True,0.0,0.0,0.0004867364322219,0.993828373104534,38.473166335961736,0.0,0.0,0.0,0.0,0.0,0.0,0.0,0.0,0.0,0.0,0.0,True,0.0278422273781902,0.5454545454545454,0.0024336821611097,0.9262509128186918,192.36583167980876,1.0,0.0031948881789137,0.8333333333333334,1.0,0.0,0.6666666666666666,1.0,1.0,0.5,1.0,0.0,LightGBM,fleet,8657,433,5.32,A_volume_matched,CIDv2_RenaultClio,FS-B,2,in_f0,8657,433,,,,,,,,,,,,,,,,,,,,,,,,,,,,,,
9085,864,0.0951018161805173,0.9830818742200418,0.88714373785511,8224,0.0455447607482506,False,0.7256944444444444,1.0,0.0,93750.0,0.0,0.0,0.9984025559105432,0.0,0.6666666666666666,0.0,0.3333333333333333,0.0,1.0,0.0,1.0,0.0,True,0.7256944444444444,1.0,0.0,93750.0,0.0,0.0,0.9984025559105432,0.0,0.6666666666666666,0.0,0.3333333333333333,0.0,1.0,0.0,1.0,0.0,True,0.7256944444444444,1.0,0.0,93750.0,0.0,0.0,0.9984025559105432,0.0,0.6666666666666666,0.0,0.3333333333333333,0.0,1.0,0.0,1.0,0.0,True,0.7256944444444444,1.0,0.0,93750.0,0.0,0.0,0.9984025559105432,0.0,0.6666666666666666,0.0,0.3333333333333333,0.0,1.0,0.0,1.0,0.0,True,0.7303240740740741,0.7987341772151899,0.0193407128086607,46875.0,1528.7502880087711,0.0,1.0,0.1538461538461538,1.0,0.0,0.5,0.0,1.0,0.5,1.0,0.0,Rule:Combined,fleet,8657,433,0.04,A_volume_matched,CIDv2_RenaultClio,FS-B,2,cross,8657,433,,,,,,,,,,,,,,,,,,,,,,,,,,,,,,
4540,431,0.0949339207048458,0.9920803691065788,0.9325714456574968,4112,0.0455447607482506,False,0.728538283062645,1.0,0.0,93750.0,0.0,0.0,1.0,0.0,1.0,0.0,0.3333333333333333,0.0,1.0,0.0,1.0,0.0,False,0.728538283062645,1.0,0.0,93750.0,0.0,0.0,1.0,0.0,1.0,0.0,0.3333333333333333,0.0,1.0,0.0,1.0,0.0,True,0.728538283062645,1.0,0.0,93750.0,0.0,0.0,1.0,0.0,1.0,0.0,0.3333333333333333,0.0,1.0,0.0,1.0,0.0,True,0.728538283062645,1.0,0.0,93750.0,0.0,0.0,1.0,0.0,1.0,0.0,0.3333333333333333,0.0,1.0,0.0,1.0,0.0,True,0.7308584686774942,0.9183673469387756,0.0068143100511073,62500.0,538.6243287034644,0.0,1.0,0.1666666666666666,1.0,0.0,0.5,0.0,1.0,0.5,1.0,0.0,Rule:Combined,fleet,8657,433,0.03,A_volume_matched,CIDv2_RenaultClio,FS-B,2,in_f0,8657,433,,,,,,,,,,,,,,,,,,,,,,,,,,,,,,
9085,864,0.0951018161805173,0.9827864333436952,0.9757706741377602,8224,0.0455447607482506,False,0.8460648148148148,1.0,0.0,1784.201568587421,0.0,0.0,0.8993610223642172,0.0,0.0,0.7924528301886793,0.3333333333333333,0.0,1.0,0.0,0.0,1.0,True,0.8460648148148148,1.0,0.0,1784.2015685874208,0.0,0.0,0.8993610223642172,0.0,0.0,0.7924528301886793,0.3333333333333333,0.0,1.0,0.0,0.0,1.0,True,0.9664351851851852,0.9928656361474436,0.0007298382191947,17.404553496997227,57.68869011353854,0.0,0.9984025559105432,0.0,0.0,0.9905660377358492,0.3333333333333333,0.0,1.0,0.0,0.0,1.0,True,0.9664351851851852,0.9940476190476192,0.0006081985159956,17.640647595229588,48.07390842794879,0.0,0.9984025559105432,0.0,0.0,0.9905660377358492,0.3333333333333333,0.0,1.0,0.0,0.0,1.0,True,0.9675925925925926,0.8903088391906283,0.0125288894295097,5.153917640653975,990.322513615745,0.0,0.9984025559105432,0.0,0.0,0.9952830188679244,0.3333333333333333,0.0,1.0,0.0,0.0,1.0,Rule:Staleness,fleet,8657,433,0.04,A_volume_matched,CIDv2_RenaultClio,FS-B,2,cross,8657,433,,,,,,,,,,,,,,,,,,,,,,,,,,,,,,
4540,431,0.0949339207048458,0.9782761399203492,0.973860062636,4112,0.0455447607482506,False,0.9698375870069604,1.0,0.0,21.89669142040525,0.0,0.0,1.0,0.0,0.0,0.9905660377358492,0.3333333333333333,0.0,1.0,0.0,0.0,1.0,False,0.9698375870069604,1.0,0.0,21.89669142040525,0.0,0.0,1.0,0.0,0.0,0.9905660377358492,0.3333333333333333,0.0,1.0,0.0,0.0,1.0,True,0.9698375870069604,1.0,0.0,17.84277122781946,0.0,0.0,1.0,0.0,0.0,0.9905660377358492,0.3333333333333333,0.0,1.0,0.0,0.0,1.0,True,0.9698375870069604,1.0,0.0,18.108301859507648,0.0,0.0,1.0,0.0,0.0,0.9905660377358492,0.3333333333333333,0.0,1.0,0.0,0.0,1.0,True,0.9698375870069604,0.972093023255814,0.0029204185933317,10.85256639275932,230.8389980157704,0.0,1.0,0.0,0.0,0.9905660377358492,0.3333333333333333,0.0,1.0,0.0,0.0,1.0,Rule:Staleness,fleet,8657,433,0.03,A_volume_matched,CIDv2_RenaultClio,FS-B,2,in_f0,8657,433,,,,,,,,,,,,,,,,,,,,,,,,,,,,,,
125812,27607,0.2194305789590818,0.4918268477175959,0.3192705362044299,98229,0.0396655748823414,True,0.0540442641359075,0.998661311914324,2.036556183493712e-05,0.9999994039535522,1.8483539649494116,,0.0104,0.4394160583941606,,,0.2368421052631578,,1.0,1.0,,,True,0.0569058572101278,0.9936748893105628,0.0001018278091746,0.9999992847442628,9.241769824747058,,0.0144,0.4574209245742092,,,0.2368421052631578,,1.0,1.0,,,True,0.0671568805013221,0.9561629706034038,0.0008655363779848,0.9999986886978148,78.55504351034999,,0.0232,0.5197080291970803,,,0.3421052631578947,,1.0,1.0,,,True,0.0671568805013221,0.9561629706034038,0.0008655363779848,0.9999986886978148,78.55504351034999,,0.0232,0.5197080291970803,,,0.3421052631578947,,1.0,1.0,,,True,0.1047198174376064,0.7489637305699481,0.009867114709027,0.9999958276748656,895.52749601799,,0.2448,0.6262773722627737,,,0.6052631578947368,,1.0,1.0,,,LogReg,fleet,112043,13814,8.75,A_volume_matched,CTT_Forester,FS-A,0,cross,112043,13814,0.0007518796992481,0.0454545454545454,0.0015037593984962,0.0454545454545454,0.006390977443609,0.1818181818181818,0.006390977443609,0.1818181818181818,0.05,0.4545454545454545,0.030133810978822,0.3333333333333333,0.031872300073754,0.3333333333333333,0.0380887156253292,0.4166666666666667,0.0380887156253292,0.4166666666666667,0.0543672953324201,0.75,,,,,,,,,,
62883,13793,0.2193438608208895,0.5018443738093772,0.3269137294641109,49115,0.0396655748823414,False,0.0415428115710867,1.0,0.0,0.9999996423721316,0.0,,0.0,0.3563777994157741,,,0.1578947368421052,,0.0,1.0,,,True,0.0572029290219676,0.9937027707808564,0.0001018537380321,0.9999992847442628,9.244123096753768,,0.0224358974358974,0.4537487828627069,,,0.2368421052631578,,1.0,1.0,,,True,0.0670630029725223,0.9615384615384616,0.0007537176614381,0.9999986886978148,68.40651091597788,,0.032051282051282,0.5121713729308666,,,0.3421052631578947,,1.0,1.0,,,True,0.0670630029725223,0.9615384615384616,0.0007537176614381,0.9999986886978148,68.40651091597788,,0.032051282051282,0.5121713729308666,,,0.3421052631578947,,1.0,1.0,,,True,0.1063582976872326,0.7725118483412322,0.0088001629659808,0.9999959468841552,798.6922355595254,,0.3028846153846153,0.6231742940603701,,,0.5526315789473685,,1.0,1.0,,,LogReg,fleet,112043,13814,8.56,A_volume_matched,CTT_Forester,FS-A,0,in_f0,112043,13814,0.0,0.0,0.0011307953260459,0.0454545454545454,0.0060309084055785,0.1818181818181818,0.0060309084055785,0.1818181818181818,0.0474934036939313,0.3636363636363636,0.0218147328485614,0.3333333333333333,0.0322478659500474,0.3333333333333333,0.038254821372115,0.4166666666666667,0.038254821372115,0.4166666666666667,0.0539572136157656,0.75,,,,,,,,,,
125812,27607,0.2194305789590818,0.6884172416224511,0.5172021466217352,98229,0.0396655748823414,True,0.1432607671967254,0.999747219413549,1.018278091746856e-05,0.431891895321035,0.9241769824747056,,0.996,0.5858880778588808,,,0.5789473684210527,,1.0,0.5,,,True,0.1525700003622269,0.9985775248933144,6.109668550481136e-05,0.4194972758731696,5.545061894848234,,0.9976,0.5878345498783455,,,0.5789473684210527,,1.0,0.5,,,True,0.1765132031731082,0.9866369710467706,0.0006720635405529,0.3985244565222322,60.99568084333058,,0.9984,0.5907542579075425,,,0.7631578947368421,,1.0,1.0,,,True,0.1753902995617053,0.9875586375688354,0.0006211496359655,0.3991888348864809,56.37479593095705,,0.9984,0.5907542579075425,,,0.7631578947368421,,1.0,1.0,,,True,0.222081356177781,0.8895821242019734,0.0077490962781935,0.3774770214872844,703.298683663251,,0.9984,0.5931873479318734,,,0.8421052631578947,,1.0,1.0,,,RandomForest,fleet,112043,13814,167.66,A_volume_matched,CTT_Forester,FS-A,0,cross,112043,13814,0.0411654135338345,0.5,0.0616541353383458,0.5,0.1075187969924812,0.6818181818181818,0.1054511278195488,0.6818181818181818,0.1926691729323308,0.7727272727272727,0.0678010747023496,0.6666666666666666,0.0752818459593299,0.6666666666666666,0.0968812559266673,0.8333333333333334,0.0958276261721631,0.8333333333333334,0.139026446106838,0.9166666666666666,,,,,,,,,,
62883,13793,0.2193438608208895,0.6857551938871158,0.5199976978262422,49115,0.0396655748823414,False,0.1460885956644675,1.0,0.0,0.43227692741233,0.0,,0.9919871794871796,0.5803310613437196,,,0.5263157894736842,,1.0,0.5,,,True,0.1600087000652505,0.9986425339366516,6.111224281931147e-05,0.4157514455605549,5.54647385805226,,0.9951923076923076,0.5832521908471275,,,0.5789473684210527,,1.0,0.5,,,True,0.1919814398607989,0.978927911275416,0.0011611326135669,0.3942444609393341,105.38300330299292,,0.9967948717948718,0.5851996105160662,,,0.7105263157894737,,1.0,0.5,,,True,0.1900964257231929,0.9816548109322352,0.0009981666327154,0.395314374454874,90.59240634818693,,0.9967948717948718,0.5851996105160662,,,0.6842105263157895,,1.0,0.5,,,True,0.2399767998259987,0.8604107096438783,0.0109390914646567,0.374279991625086,992.8188205913544,,0.9967948717948718,0.5900681596884129,,,0.8421052631578947,,1.0,1.0,,,RandomForest,fleet,112043,13814,159.54,A_volume_matched,CTT_Forester,FS-A,0,in_f0,112043,13814,0.0422163588390501,0.4090909090909091,0.0674707877874104,0.5,0.1206181681115718,0.6363636363636364,0.1172257821334338,0.5909090909090909,0.1967583867320015,0.7727272727272727,0.072505005796185,0.6666666666666666,0.0851512277373801,0.6666666666666666,0.1164506270418379,0.8333333333333334,0.1146590789335019,0.8333333333333334,0.1644008852355359,0.9166666666666666,,,,,,,,,,
125812,27607,0.2194305789590818,0.5614056672691925,0.3793691527859347,98229,0.0396655748823414,True,0.1217082623972181,0.9994051160023796,2.036556183493712e-05,0.848705541990059,1.8483539649494116,,0.9944,0.5420924574209246,,,0.2894736842105263,,1.0,1.0,,,True,0.1258014271742674,0.9991369390103568,3.054834275240568e-05,0.8165113118932547,2.772530947424117,,0.9944,0.5532846715328467,,,0.3421052631578947,,1.0,1.0,,,True,0.1372115767740065,0.9752832131822864,0.0009775469680769,0.709255829207166,88.72099031757175,,0.9952,0.5746958637469587,,,0.5263157894736842,,1.0,1.0,,,True,0.1367406817111602,0.9784862623120788,0.0008451708161498,0.7142495390057509,76.70668954540058,,0.9952,0.5742092457420924,,,0.5263157894736842,,1.0,1.0,,,True,0.1537291266707719,0.8393987341772152,0.0082684181049844,0.5597668528392434,750.4317097694612,,0.9968,0.5927007299270073,,,0.6578947368421053,,1.0,1.0,,,HistGB,fleet,112043,13814,84.69,A_volume_matched,CTT_Forester,FS-A,0,cross,112043,13814,0.0357142857142857,0.0909090909090909,0.0488721804511278,0.1818181818181818,0.0883458646616541,0.4545454545454545,0.0862781954887218,0.4545454545454545,0.1464285714285714,0.5909090909090909,0.0428300495205984,0.4166666666666667,0.0438836792751027,0.4166666666666667,0.0470445685386155,0.5,0.0469918870508903,0.5,0.0527341692129385,0.6666666666666666,,,,,,,,,,
62883,13793,0.2193438608208895,0.559522021888784,0.3779924689647566,49115,0.0396655748823414,False,0.1197708982817371,0.999395039322444,2.0370747606437155e-05,0.852286164307136,1.8488246193507532,,0.9903846153846154,0.5238558909444986,,,0.2631578947368421,,1.0,0.5,,,True,0.1256434423258174,0.9988472622478386,4.074149521287431e-05,0.8061270945669738,3.6976492387015063,,0.9903846153846154,0.5413826679649465,,,0.3421052631578947,,1.0,0.5,,,True,0.1365185238889291,0.983289817232376,0.0006518639234059,0.7132831639917919,59.16238781922411,,0.9903846153846154,0.563777994157741,,,0.4736842105263157,,1.0,1.0,,,True,0.1360110200826506,0.9852941176470588,0.0005703809329802,0.717476306762611,51.76708934182109,,0.9903846153846154,0.5628042843232717,,,0.4736842105263157,,1.0,1.0,,,True,0.1558036685275139,0.8106374952847982,0.0102261152984314,0.543925155912854,928.1099589140782,,0.9935897435897436,0.5890944498539435,,,0.6052631578947368,,1.0,1.0,,,HistGB,fleet,112043,13814,75.65,A_volume_matched,CTT_Forester,FS-A,0,in_f0,112043,13814,0.0316622691292876,0.0909090909090909,0.0482472672446287,0.1818181818181818,0.0870712401055409,0.3636363636363636,0.0855635130041462,0.3636363636363636,0.1492649830380701,0.5454545454545454,0.0434186953314364,0.4166666666666667,0.0454210138054589,0.5,0.0479502581936979,0.5,0.0477394878280113,0.5,0.0556433765412582,0.5833333333333334,,,,,,,,,,
125812,27607,0.2194305789590818,0.5402866495430187,0.3597856866467533,98229,0.0396655748823414,True,0.1126888108088528,0.9996786632390744,1.018278091746856e-05,0.9045428037643432,0.9241769824747056,,0.9936,0.448661800486618,,,0.2894736842105263,,1.0,0.5,,,True,0.1197522367515485,0.996984318455971,0.0001018278091746,0.8764172196388245,9.241769824747058,,0.9944,0.4798053527980535,,,0.3421052631578947,,1.0,1.0,,,True,0.1330459666026732,0.9747876857749468,0.0009673641871595,0.804631233215332,87.79681333509704,,0.9952,0.524574209245742,,,0.4210526315789473,,1.0,1.0,,,True,0.1326837396312529,0.9768,0.0008859019398197,0.8081750273704529,80.4033974752994,,0.9952,0.5231143552311436,,,0.4210526315789473,,1.0,1.0,,,True,0.1460861375738037,0.8230612244897959,0.0088284710554452,0.6941489577293396,801.2614438055699,,0.9952,0.5669099756690997,,,0.6578947368421053,,1.0,1.0,,,XGBoost,fleet,112043,13814,32.03,A_volume_matched,CTT_Forester,FS-A,0,cross,112043,13814,0.0368421052631578,0.0909090909090909,0.0524436090225563,0.0909090909090909,0.0917293233082706,0.2272727272727272,0.0907894736842105,0.2272727272727272,0.1263157894736842,0.5,0.0395637972816352,0.5,0.0420398272047202,0.5833333333333334,0.0454641239068591,0.5833333333333334,0.0453587609314087,0.5833333333333334,0.0501527763144031,0.8333333333333334,,,,,,,,,,
62883,13793,0.2193438608208895,0.5463724259150115,0.3638509458784468,49115,0.0396655748823414,False,0.1114333357500181,0.9993498049414824,2.0370747606437155e-05,0.8938936591148378,1.8488246193507532,,0.9903846153846154,0.4196689386562804,,,0.2894736842105263,,1.0,0.5,,,True,0.1152758645689842,0.9987437185929648,4.074149521287431e-05,0.8812974095344543,3.6976492387015063,,0.9903846153846154,0.4420642648490749,,,0.2894736842105263,,1.0,0.5,,,True,0.1312984847386355,0.9810400866738896,0.0007129761662253,0.8068588376045227,64.70886167727637,,0.9903846153846154,0.5024342745861733,,,0.3684210526315789,,1.0,0.5,,,True,0.1306459798448488,0.9825517993456924,0.0006518639234059,0.8101992011070251,59.16238781922411,,0.9903846153846154,0.4995131450827653,,,0.3684210526315789,,1.0,0.5,,,True,0.1462335967519756,0.8314097279472382,0.0083316357710327,0.6921173334121704,756.1692693144581,,0.9903846153846154,0.5540408958130477,,,0.5263157894736842,,1.0,0.5,,,XGBoost,fleet,112043,13814,14.61,A_volume_matched,CTT_Forester,FS-A,0,in_f0,112043,13814,0.0388239728609121,0.0909090909090909,0.0463626083678854,0.0909090909090909,0.0923482849604221,0.2272727272727272,0.0908405578590275,0.2272727272727272,0.1277798718431964,0.4090909090909091,0.0405732953946675,0.5,0.0416271472231004,0.5,0.0455263989883022,0.5,0.0453156286226156,0.5,0.0517441247760564,0.6666666666666666,,,,,,,,,,
125812,27607,0.2194305789590818,0.5489569249168663,0.3761566748739859,98229,0.0396655748823414,True,0.1148983953345166,1.0,0.0,0.9215352180387256,0.0,,0.992,0.5367396593673966,,,0.2894736842105263,,1.0,1.0,,,True,0.1245698554714384,0.996234067207416,0.000132376151927,0.8365648799644982,12.014300772171175,,0.9944,0.5635036496350365,,,0.3684210526315789,,1.0,1.0,,,True,0.1355453327054732,0.9744791666666668,0.0009979125299119,0.7391314029517323,90.56934428252116,,0.9952,0.5834549878345499,,,0.5,,1.0,1.0,,,True,0.1349657695512008,0.9766710353866316,0.0009062675016547,0.7457316838463622,82.25175144024882,,0.9952,0.5829683698296837,,,0.4736842105263157,,1.0,1.0,,,True,0.1562284927735719,0.8022693452380952,0.010824296115269,0.555404182639461,982.400132370612,,0.996,0.5985401459854015,,,0.7105263157894737,,1.0,1.0,,,LightGBM,fleet,112043,13814,28.24,A_volume_matched,CTT_Forester,FS-A,0,cross,112043,13814,0.0041353383458646,0.0909090909090909,0.0296992481203007,0.1363636363636363,0.0672932330827067,0.3636363636363636,0.0650375939849624,0.3181818181818182,0.1323308270676691,0.6363636363636364,0.0425139605942471,0.4166666666666667,0.0463597091981877,0.5833333333333334,0.0495732799494257,0.5833333333333334,0.0494152354862501,0.5833333333333334,0.0597408070803919,0.75,,,,,,,,,,
62883,13793,0.2193438608208895,0.5495625399304979,0.3753846718165785,49115,0.0396655748823414,False,0.1142608569564271,1.0,0.0,0.9153514243243842,0.0,,0.9903846153846154,0.5219084712755598,,,0.2631578947368421,,1.0,0.5,,,True,0.1220184151381135,0.9964476021314388,0.0001222244856386,0.8483733352849211,11.09294771610452,,0.9903846153846154,0.5511197663096398,,,0.2894736842105263,,1.0,0.5,,,True,0.1375335315014862,0.9614799797263052,0.0015481768180892,0.7200657173649262,140.51067107065725,,0.9903846153846154,0.5813047711781889,,,0.4473684210526316,,1.0,1.0,,,True,0.1356485173638802,0.9659266907589056,0.0013444693420248,0.7314625160693576,122.02242487714972,,0.9903846153846154,0.5793573515092503,,,0.4210526315789473,,1.0,1.0,,,True,0.1571086783150873,0.7894353369763206,0.0117742921165206,0.5550339221772556,1068.6206299847354,,0.9919871794871796,0.5910418695228822,,,0.6052631578947368,,1.0,1.0,,,LightGBM,fleet,112043,13814,33.48,A_volume_matched,CTT_Forester,FS-A,0,in_f0,112043,13814,0.0022615906520919,0.0909090909090909,0.0226159065209197,0.0909090909090909,0.0738786279683377,0.2727272727272727,0.0674707877874104,0.2727272727272727,0.1296645307199397,0.5454545454545454,0.0438402360628095,0.4166666666666667,0.0462640952682052,0.5,0.05121719886184,0.5833333333333334,0.0504795025819369,0.5,0.0629149541574454,0.5833333333333334,,,,,,,,,,
125812,27607,0.2194305789590818,0.4250368217520577,0.2605672683347309,98229,0.0396655748823414,True,0.0,0.0,0.0,1.0000000000000002,0.0,,0.0,0.0,,,0.0,,0.0,0.0,,,True,0.0,0.0,0.0,1.0000000000000002,0.0,,0.0,0.0,,,0.0,,0.0,0.0,,,True,0.0490817546274495,0.9840232389251996,0.0002240211801843,1.0,20.331893614443526,,0.0,0.4199513381995133,,,0.1578947368421052,,0.0,1.0,,,True,0.0490817546274495,0.9840232389251996,0.0002240211801843,1.0,20.331893614443526,,0.0,0.4199513381995133,,,0.1578947368421052,,0.0,1.0,,,True,0.0699460281812583,0.7441233140655106,0.0067613665291991,0.9999998807907104,613.6535163632046,,0.0104,0.5605839416058395,,,0.3421052631578947,,1.0,1.0,,,LogReg,fleet,112043,13814,6.6,A_volume_matched,CTT_Forester,FS-A,1,cross,112043,13814,0.0,0.0,0.0,0.0,0.0,0.0,0.0,0.0,0.0099624060150375,0.1818181818181818,0.0,0.0,0.0,0.0,0.0259192919608049,0.3333333333333333,0.0259192919608049,0.3333333333333333,0.0375619007480771,0.4166666666666667,,,,,,,,,,
62883,13793,0.2193438608208895,0.4285570130673922,0.2616230302002459,49115,0.0396655748823414,False,0.0,0.0,0.0,1.0000000000000002,0.0,,0.0,0.0,,,0.0,,0.0,0.0,,,True,0.0,0.0,0.0,1.0000000000000002,0.0,,0.0,0.0,,,0.0,,0.0,0.0,,,True,0.0471978539839048,0.9893617021276596,0.000142595233245,1.0,12.941772335455273,,0.0,0.3953261927945472,,,0.1578947368421052,,0.0,1.0,,,True,0.0471978539839048,0.9893617021276596,0.000142595233245,1.0,12.941772335455273,,0.0,0.3953261927945472,,,0.1578947368421052,,0.0,1.0,,,True,0.0683680127600957,0.757429718875502,0.006151965777144,0.9999998807907104,558.3450350439275,,0.016025641025641,0.5248296007789679,,,0.3421052631578947,,1.0,1.0,,,LogReg,fleet,112043,13814,6.55,A_volume_matched,CTT_Forester,FS-A,1,in_f0,112043,13814,0.0,0.0,0.0,0.0,0.0,0.0,0.0,0.0,0.0105540897097625,0.1818181818181818,0.0,0.0,0.0,0.0,0.0258193697966066,0.3333333333333333,0.0258193697966066,0.3333333333333333,0.0385709769206449,0.4166666666666667,,,,,,,,,,
125812,27607,0.2194305789590818,0.6827493103482293,0.5024391242825396,98229,0.0396655748823414,True,0.1350744376426268,0.9997319034852546,1.018278091746856e-05,0.4664585084537801,0.9241769824747056,,0.9952,0.5630170316301704,,,0.3947368421052631,,1.0,0.5,,,True,0.1432607671967254,0.9994945665908516,2.036556183493712e-05,0.4545110500530958,1.8483539649494116,,0.9952,0.5644768856447688,,,0.3947368421052631,,1.0,0.5,,,True,0.1632919187162676,0.98664915736485,0.0006211496359655,0.4295853388811456,56.37479593095705,,0.996,0.5708029197080292,,,0.5526315789473685,,1.0,0.5,,,True,0.1621690151048647,0.9869929453262788,0.0006007840741306,0.4304956359031184,54.52644196600764,,0.996,0.570316301703163,,,0.5263157894736842,,1.0,0.5,,,True,0.2038613395153403,0.8766355140186916,0.0080647624866351,0.3987401424754833,731.948170119967,,0.9984,0.5805352798053528,,,0.8421052631578947,,1.0,1.0,,,RandomForest,fleet,112043,13814,111.52,A_volume_matched,CTT_Forester,FS-A,1,cross,112043,13814,0.0413533834586466,0.2272727272727272,0.0637218045112782,0.2272727272727272,0.1101503759398496,0.4545454545454545,0.1080827067669173,0.4545454545454545,0.1736842105263158,0.7727272727272727,0.0583710883995364,0.5833333333333334,0.0638499631229586,0.5833333333333334,0.0792329575387209,0.6666666666666666,0.0782320092719418,0.5833333333333334,0.1192182067221578,0.9166666666666666,,,,,,,,,,
62883,13793,0.2193438608208895,0.6697470826875569,0.4993828151890077,49115,0.0396655748823414,False,0.1326034945262089,1.0,0.0,0.4731797044612535,0.0,,0.9903846153846154,0.549172346640701,,,0.2894736842105263,,1.0,0.5,,,True,0.1490611179583847,1.0,0.0,0.4473513616677205,0.0,,0.9919871794871796,0.557935735150925,,,0.2894736842105263,,1.0,0.5,,,True,0.1708837816283622,0.9804492512479202,0.0009574251375025,0.4248390165937959,86.89475710948541,,0.9935897435897436,0.5618305744888024,,,0.5526315789473685,,1.0,0.5,,,True,0.1703762778220836,0.9803921568627452,0.0009574251375025,0.4254099129460867,86.89475710948541,,0.9935897435897436,0.5618305744888024,,,0.5526315789473685,,1.0,0.5,,,True,0.2148191111433335,0.8553695150115473,0.010205744550825,0.3958129358773767,926.2611342947274,,0.9967948717948718,0.572541382667965,,,0.868421052631579,,1.0,1.0,,,RandomForest,fleet,112043,13814,108.14,A_volume_matched,CTT_Forester,FS-A,1,in_f0,112043,13814,0.0275160196004523,0.0909090909090909,0.0701093102148511,0.0909090909090909,0.1176027139087825,0.4545454545454545,0.1164719185827365,0.4545454545454545,0.1745194119864304,0.8181818181818182,0.0604910949520497,0.5,0.0714511539677521,0.5,0.0893666350511118,0.6666666666666666,0.0889450943197386,0.6666666666666666,0.1359468858678469,0.9166666666666666,,,,,,,,,,
125812,27607,0.2194305789590818,0.5534311758527997,0.3789601890769845,98229,0.0396655748823414,True,0.120440467997247,0.9996993385447984,1.018278091746856e-05,0.94959697928961,0.9241769824747056,,0.9944,0.5177615571776155,,,0.2631578947368421,,1.0,0.5,,,True,0.1295685876770384,0.9961013645224172,0.0001425589328445,0.9224480134349649,12.93847775464588,,0.9952,0.5352798053527981,,,0.3421052631578947,,1.0,1.0,,,True,0.1406165103053573,0.9731762346452744,0.0010895575581691,0.8718771424702141,98.88693712479352,,0.996,0.5552311435523114,,,0.5789473684210527,,1.0,1.0,,,True,0.1400369471510848,0.9765092194998736,0.0009469986253245,0.8759352760803824,85.94845937014765,,0.996,0.5532846715328467,,,0.5789473684210527,,1.0,1.0,,,True,0.1552504799507371,0.8156041864890581,0.009867114709027,0.7886620936971677,895.52749601799,,0.996,0.5698296836982968,,,0.7894736842105263,,1.0,1.0,,,HistGB,fleet,112043,13814,53.91,A_volume_matched,CTT_Forester,FS-A,1,cross,112043,13814,0.0460526315789473,0.0909090909090909,0.0787593984962406,0.1818181818181818,0.1078947368421052,0.3636363636363636,0.106203007518797,0.3636363636363636,0.1325187969924812,0.7272727272727273,0.0407227900115899,0.4166666666666667,0.0428827310083236,0.4166666666666667,0.0485723316826467,0.8333333333333334,0.048414287219471,0.8333333333333334,0.0613739331998735,0.8333333333333334,,,,,,,,,,
62883,13793,0.2193438608208895,0.551336940893832,0.3781555148984943,49115,0.0396655748823414,False,0.1197708982817371,0.999395039322444,2.0370747606437155e-05,0.94743433384107,1.8488246193507532,,0.9919871794871796,0.49269717624148,,,0.2631578947368421,,1.0,0.5,,,True,0.1231059232944247,0.9982363315696648,6.111224281931147e-05,0.9365996917765697,5.54647385805226,,0.9919871794871796,0.4975657254138266,,,0.2631578947368421,,1.0,0.5,,,True,0.1405785543391575,0.9704704704704704,0.0012018741087797,0.8710881238606774,109.08065254169443,,0.9919871794871796,0.5404089581304771,,,0.4473684210526316,,1.0,0.5,,,True,0.1395635467266004,0.973697521497218,0.0010592788755347,0.8747299576724558,96.13888020623916,,0.9919871794871796,0.5384615384615384,,,0.4473684210526316,,1.0,0.5,,,True,0.1561661712462843,0.7901687454145268,0.011652067630882,0.7841529326850358,1057.5276822686308,,0.9919871794871796,0.563777994157741,,,0.7368421052631579,,1.0,1.0,,,HistGB,fleet,112043,13814,39.39,A_volume_matched,CTT_Forester,FS-A,1,in_f0,112043,13814,0.049001130795326,0.0909090909090909,0.0614398793818318,0.0909090909090909,0.1089332830757632,0.2727272727272727,0.1059178288729739,0.2727272727272727,0.1307953260459856,0.7272727272727273,0.041837917588787,0.4166666666666667,0.0426809990515333,0.4166666666666667,0.0501633470334071,0.6666666666666666,0.0497418063020339,0.6666666666666666,0.0641795763515649,0.6666666666666666,,,,,,,,,,
125812,27607,0.2194305789590818,0.5138210021920127,0.3548008147865809,98229,0.0396655748823414,True,0.1148259499402325,0.9987397605545052,4.073112366987424e-05,0.9318508505821228,3.696707929898823,,0.992,0.4564476885644768,,,0.3421052631578947,,1.0,1.0,,,True,0.1218169304886441,0.996149289099526,0.000132376151927,0.9066253304481506,12.014300772171175,,0.9928,0.4890510948905109,,,0.3684210526315789,,1.0,1.0,,,True,0.1376824718368529,0.9610619469026548,0.0015681482612901,0.8223960399627686,142.32325530110467,,0.9936,0.5474452554744526,,,0.6578947368421053,,1.0,1.0,,,True,0.1366682363168761,0.9664446721311476,0.0013339443001883,0.8294028043746948,121.06718470418645,,0.9936,0.5474452554744526,,,0.631578947368421,,1.0,1.0,,,True,0.1521353279965226,0.7787873168922678,0.0121480576345399,0.7344963550567627,1102.543140092324,,0.9944,0.5742092457420924,,,0.8421052631578947,,1.0,1.0,,,XGBoost,fleet,112043,13814,10.87,A_volume_matched,CTT_Forester,FS-A,1,cross,112043,13814,0.0321428571428571,0.1363636363636363,0.0436090225563909,0.1818181818181818,0.0819548872180451,0.5454545454545454,0.0781954887218045,0.5,0.1214285714285714,0.8181818181818182,0.0432515014224001,0.5,0.0466231166368138,0.5,0.0525761247497629,0.75,0.0521546728479612,0.75,0.0595827626172163,0.8333333333333334,,,,,,,,,,
62883,13793,0.2193438608208895,0.514360106936899,0.3548771871162069,49115,0.0396655748823414,False,0.1128833466250996,0.9974375400384368,8.148299042574862e-05,0.929080665111542,7.395298477403013,,0.9887820512820512,0.4235637779941577,,,0.2631578947368421,,1.0,0.5,,,True,0.1183208874066555,0.9951219512195122,0.0001629659808514,0.91145521402359,14.790596954806029,,0.9903846153846154,0.4449853943524829,,,0.2894736842105263,,1.0,0.5,,,True,0.1361560211701587,0.9601226993865032,0.001588918313302,0.8293589949607849,144.20832030935875,,0.9903846153846154,0.5180136319376826,,,0.4210526315789473,,1.0,0.5,,,True,0.1347785108388313,0.9667186687467498,0.0013037278468119,0.8355434536933899,118.32477563844822,,0.9903846153846154,0.5121713729308666,,,0.4210526315789473,,1.0,0.5,,,True,0.1524686435148263,0.7938844847112118,0.0111224281931146,0.7412236332893372,1009.4582421655114,,0.9903846153846154,0.549172346640701,,,0.7631578947368421,,1.0,1.0,,,XGBoost,fleet,112043,13814,15.08,A_volume_matched,CTT_Forester,FS-A,1,in_f0,112043,13814,0.0294006784771956,0.0909090909090909,0.0388239728609121,0.1363636363636363,0.0776479457218243,0.2727272727272727,0.074632491519035,0.2727272727272727,0.1198643045608744,0.7272727272727273,0.0449994730740857,0.4166666666666667,0.0478448730108546,0.4166666666666667,0.0550110654441985,0.5833333333333334,0.054484139529982,0.5833333333333334,0.0635472652545052,0.75,,,,,,,,,,
125812,27607,0.2194305789590818,0.6224870765739648,0.4487138171781979,98229,0.0396655748823414,True,0.1319230629912703,0.9989029072956664,4.073112366987424e-05,0.8833465344991184,3.696707929898823,,0.9928,0.5527980535279805,,,0.3947368421052631,,1.0,1.0,,,True,0.1442750027167023,0.9955011247188202,0.0001832900565144,0.7992600278425045,16.6351856845447,,0.9944,0.5678832116788322,,,0.4736842105263157,,1.0,1.0,,,True,0.158836526967798,0.9709920283436668,0.0013339443001883,0.6693700594717337,121.06718470418645,,0.9952,0.5776155717761557,,,0.631578947368421,,1.0,1.0,,,True,0.1585467453906618,0.9722345624167036,0.0012728476146835,0.6738384947815793,115.52212280933824,,0.9952,0.5771289537712896,,,0.631578947368421,,1.0,1.0,,,True,0.1899880465099431,0.8261143487163333,0.0112417901328852,0.4768881015711717,1020.2913886520752,,0.996,0.5980535279805352,,,0.8421052631578947,,1.0,1.0,,,LightGBM,fleet,112043,13814,36.03,A_volume_matched,CTT_Forester,FS-A,1,cross,112043,13814,0.0765037593984962,0.2272727272727272,0.1176691729323308,0.3636363636363636,0.1533834586466165,0.5,0.1530075187969924,0.5,0.2199248120300752,0.8181818181818182,0.045200716468233,0.5,0.049889368875777,0.5,0.0599515330312928,0.75,0.0596881255926667,0.75,0.0843430618480665,0.8333333333333334,,,,,,,,,,
62883,13793,0.2193438608208895,0.6238469441301416,0.4531318713473667,49115,0.0396655748823414,False,0.1228884216631624,0.9994103773584906,2.0370747606437155e-05,0.9164452484062604,1.8488246193507532,,0.9903846153846154,0.5267770204479065,,,0.2894736842105263,,1.0,0.5,,,True,0.1444935837018777,0.9935194416749752,0.0002648197188836,0.7996857489591702,24.03472005155979,,0.9903846153846154,0.5618305744888024,,,0.3947368421052631,,1.0,0.5,,,True,0.1582686870151526,0.9710854092526692,0.0013240985944184,0.6806513074823904,120.17360025779897,,0.9903846153846154,0.5686465433300877,,,0.5,,1.0,0.5,,,True,0.156818676140071,0.9756427604871448,0.0011000203707476,0.6915314824212152,99.83652944494068,,0.9903846153846154,0.5666991236611489,,,0.4736842105263157,,1.0,0.5,,,True,0.1906764300732255,0.8241930429332498,0.0114279894072112,0.4818832237701147,1037.1906114557728,,0.9919871794871796,0.5881207400194742,,,0.8421052631578947,,1.0,1.0,,,LightGBM,fleet,112043,13814,18.0,A_volume_matched,CTT_Forester,FS-A,1,in_f0,112043,13814,0.0452318130418394,0.0909090909090909,0.1145872597059932,0.2727272727272727,0.1477572559366754,0.4090909090909091,0.1439879381831888,0.3636363636363636,0.2189973614775725,0.8181818181818182,0.0438402360628095,0.5,0.0520602803245863,0.5,0.0620718726946991,0.5833333333333334,0.0612287912319527,0.5833333333333334,0.0870481610285593,0.8333333333333334,,,,,,,,,,
125812,27607,0.2194305789590818,0.5031543029339554,0.3284910408248311,98229,0.0396655748823414,True,0.05962255949578,0.9993928354584092,1.018278091746856e-05,0.9999990463256836,0.9241769824747056,,0.0168,0.4778588807785888,,,0.2368421052631578,,1.0,1.0,,,True,0.0636070561814032,0.9949008498583568,9.164502825721704e-05,0.999998927116394,8.31759284227235,,0.02,0.505596107055961,,,0.2368421052631578,,1.0,1.0,,,True,0.0715760495526496,0.9629629629629628,0.0007738913497276,0.9999982118606568,70.23745066807764,,0.0416,0.5479318734793187,,,0.3157894736842105,,1.0,1.0,,,True,0.0715760495526496,0.9629629629629628,0.0007738913497276,0.9999982118606568,70.23745066807764,,0.0416,0.5479318734793187,,,0.3157894736842105,,1.0,1.0,,,True,0.1098272177346325,0.7644982349974786,0.0095107173769156,0.9999945163726808,863.1813016313753,,0.3568,0.637956204379562,,,0.6052631578947368,,1.0,1.0,,,LogReg,fleet,112043,13814,4.67,A_volume_matched,CTT_Forester,FS-A,2,cross,112043,13814,0.000187969924812,0.0454545454545454,0.0009398496240601,0.0454545454545454,0.0046992481203007,0.1363636363636363,0.0046992481203007,0.1363636363636363,0.0413533834586466,0.4545454545454545,0.0338215151195869,0.3333333333333333,0.0361921820672215,0.3333333333333333,0.0407227900115899,0.4166666666666667,0.0407227900115899,0.4166666666666667,0.0555789695501,0.75,,,,,,,,,,
62883,13793,0.2193438608208895,0.5127824757575475,0.3355340836844981,49115,0.0396655748823414,False,0.0516928876966577,1.0,0.0,0.9999994039535524,0.0,,0.0096153846153846,0.4196689386562804,,,0.1842105263157894,,0.5,1.0,,,True,0.0632929746973102,0.9954389965792474,8.148299042574862e-05,0.999998927116394,7.395298477403013,,0.0288461538461538,0.4965920155793573,,,0.2368421052631578,,1.0,1.0,,,True,0.0710505328789966,0.9683794466403162,0.0006518639234059,0.9999982118606568,59.16238781922411,,0.0512820512820512,0.5423563777994158,,,0.3157894736842105,,1.0,1.0,,,True,0.0710505328789966,0.9683794466403162,0.0006518639234059,0.9999982118606568,59.16238781922411,,0.0512820512820512,0.5423563777994158,,,0.3157894736842105,,1.0,1.0,,,True,0.1111433335750018,0.7837423312883436,0.0086168262375229,0.9999946355819702,782.0528139853687,,0.3990384615384615,0.6338851022395326,,,0.5526315789473685,,1.0,1.0,,,LogReg,fleet,112043,13814,4.28,A_volume_matched,CTT_Forester,FS-A,2,in_f0,112043,13814,0.0,0.0,0.0007538635506973,0.0454545454545454,0.0033923859781379,0.1363636363636363,0.0033923859781379,0.1363636363636363,0.0407086317376554,0.3636363636363636,0.0290863104647486,0.3333333333333333,0.0361471177152492,0.3333333333333333,0.0402571398461376,0.4166666666666667,0.0402571398461376,0.4166666666666667,0.0553272209927284,0.75,,,,,,,,,,
125812,27607,0.2194305789590818,0.671166203962791,0.5006659253743264,98229,0.0396655748823414,True,0.1436954395624298,0.9997479838709676,1.018278091746856e-05,0.4285114479852139,0.9241769824747056,,0.996,0.5824817518248175,,,0.4736842105263157,,1.0,0.5,,,True,0.1583656319049516,0.9986295111923252,6.109668550481136e-05,0.4066709948658887,5.545061894848234,,0.9968,0.5854014598540146,,,0.5,,1.0,0.5,,,True,0.1806788133444416,0.9809242871189774,0.0009877297489944,0.3822393524788552,89.64516730004645,,0.9984,0.5912408759124088,,,0.7631578947368421,,1.0,1.0,,,True,0.1794472416416126,0.9817677368212444,0.0009368158444071,0.3832330298197356,85.02428238767294,,0.9984,0.5912408759124088,,,0.7631578947368421,,1.0,1.0,,,True,0.2237476002463143,0.8685320584926884,0.0095209001578331,0.3564194354323569,864.10547861385,,0.9984,0.5975669099756691,,,0.868421052631579,,1.0,1.0,,,RandomForest,fleet,112043,13814,125.45,A_volume_matched,CTT_Forester,FS-A,2,cross,112043,13814,0.0624060150375939,0.3636363636363636,0.1009398496240601,0.3636363636363636,0.144172932330827,0.6363636363636364,0.1413533834586466,0.6363636363636364,0.2154135338345864,0.8181818181818182,0.0628490148561795,0.5833333333333334,0.0730165419871457,0.6666666666666666,0.092614055420925,0.9166666666666666,0.091613107154146,0.9166666666666666,0.1346012011379201,0.9166666666666666,,,,,,,,,,
62883,13793,0.2193438608208895,0.6652011494282581,0.5013200311214971,49115,0.0396655748823414,False,0.1603712027840208,0.9981949458483754,8.148299042574862e-05,0.4080822782745005,7.395298477403013,,0.9935897435897436,0.5822784810126582,,,0.4210526315789473,,1.0,0.5,,,True,0.1674762560719205,0.996548748921484,0.0001629659808514,0.4005432991618297,14.790596954806029,,0.9967948717948718,0.5832521908471275,,,0.5263157894736842,,1.0,0.5,,,True,0.19111143333575,0.975212726600074,0.0013648400896312,0.3795210954864758,123.87124949650048,,0.9967948717948718,0.5881207400194742,,,0.7105263157894737,,1.0,0.5,,,True,0.1895889219169143,0.9768397459843108,0.0012629863515991,0.3805024301234936,114.6271263997467,,0.9967948717948718,0.5881207400194742,,,0.7105263157894737,,1.0,0.5,,,True,0.2385267889509171,0.8416474801739575,0.0126094927683845,0.3541714720258458,1144.4224393781162,,0.9967948717948718,0.5910418695228822,,,0.8421052631578947,,1.0,1.0,,,RandomForest,fleet,112043,13814,113.96,A_volume_matched,CTT_Forester,FS-A,2,in_f0,112043,13814,0.0953637391632114,0.3181818181818182,0.1093102148511119,0.4090909090909091,0.1496419148134187,0.6363636363636364,0.1470033923859781,0.6363636363636364,0.2182434979268752,0.8181818181818182,0.0780904204868795,0.5,0.0842027610917904,0.6666666666666666,0.106755190220255,0.8333333333333334,0.1052797976604489,0.8333333333333334,0.1561808409737591,0.8333333333333334,,,,,,,,,,
125812,27607,0.2194305789590818,0.6445634118112148,0.4501358309484214,98229,0.0396655748823414,True,0.1309812728655775,0.9997235277854576,1.018278091746856e-05,0.8828416106024027,0.9241769824747056,,0.9936,0.5503649635036496,,,0.3684210526315789,,1.0,1.0,,,True,0.1422465316767486,0.9944289693593314,0.0002240211801843,0.7863149429006774,20.331893614443526,,0.9936,0.570316301703163,,,0.5789473684210527,,1.0,1.0,,,True,0.1553229253450211,0.961866307761328,0.0017310727559696,0.6717096463784089,157.11008702069998,,0.996,0.5805352798053528,,,0.7894736842105263,,1.0,1.0,,,True,0.1544173579164704,0.9644796380090498,0.0015986966040425,0.6778655914343404,145.0957862485288,,0.996,0.5805352798053528,,,0.7631578947368421,,1.0,1.0,,,True,0.18118593110443,0.8138626749105109,0.011649101369584,0.5233937042337014,1057.2584679510635,,0.996,0.5941605839416059,,,0.8157894736842105,,1.0,1.0,,,HistGB,fleet,112043,13814,58.85,A_volume_matched,CTT_Forester,FS-A,2,cross,112043,13814,0.0725563909774436,0.2272727272727272,0.1097744360902255,0.5,0.1394736842105263,0.7272727272727273,0.1381578947368421,0.6818181818181818,0.1973684210526315,0.7727272727272727,0.0451480349805078,0.4166666666666667,0.0489411020967232,0.5833333333333334,0.0583710883995364,0.8333333333333334,0.0574228216204825,0.8333333333333334,0.078284690759667,0.8333333333333334,,,,,,,,,,
62883,13793,0.2193438608208895,0.6454460568262776,0.454815738571273,49115,0.0396655748823414,False,0.1332559994199956,0.9983704508419338,6.111224281931147e-05,0.8616724349318755,5.54647385805226,,0.9903846153846154,0.5443037974683544,,,0.3157894736842105,,1.0,0.5,,,True,0.1406510548829116,0.9938524590163934,0.0002444489712772,0.8002534552858276,22.18589543220904,,0.9903846153846154,0.557935735150925,,,0.5,,1.0,0.5,,,True,0.1547161603712027,0.9599640125955916,0.0018129965369729,0.6848264973238022,164.54539112221704,,0.9919871794871796,0.5715676728334956,,,0.631578947368421,,1.0,0.5,,,True,0.1539186543899079,0.96281179138322,0.0016704013037278,0.6909900347235521,151.6036187867618,,0.9919871794871796,0.5705939629990263,,,0.631578947368421,,1.0,0.5,,,True,0.1848763865728993,0.8255098737455487,0.0109798329598696,0.531150108394717,996.516469830056,,0.9919871794871796,0.5871470301850049,,,0.8157894736842105,,1.0,1.0,,,HistGB,fleet,112043,13814,49.41,A_volume_matched,CTT_Forester,FS-A,2,in_f0,112043,13814,0.0806633999246136,0.1818181818181818,0.1032793064455333,0.4545454545454545,0.1330569166980776,0.5909090909090909,0.1319261213720316,0.5909090909090909,0.1907274783264229,0.7727272727272727,0.0471071767309516,0.4166666666666667,0.0500579618505638,0.5,0.060596480134893,0.6666666666666666,0.0598587838549899,0.6666666666666666,0.0866266202971862,0.8333333333333334,,,,,,,,,,
125812,27607,0.2194305789590818,0.5172030144151969,0.362325255001246,98229,0.0396655748823414,True,0.1382982576882674,0.9958268127282212,0.0001629244946794,0.7164342403411865,14.786831719595291,,0.9936,0.5552311435523114,,,0.4473684210526316,,1.0,1.0,,,True,0.14155830043105,0.991123510017753,0.0003563973321113,0.6681427359580994,32.346194386614705,,0.9944,0.5625304136253041,,,0.4736842105263157,,1.0,1.0,,,True,0.1478610497337631,0.9656967116158032,0.0014765032330329,0.5671172738075256,134.00566245883235,,0.9952,0.5800486618004866,,,0.6052631578947368,,1.0,1.0,,,True,0.1472814865794907,0.9678647940966436,0.0013746754238582,0.5742356777191162,124.76389263408528,,0.9952,0.5790754257907542,,,0.5789473684210527,,1.0,1.0,,,True,0.1606114391277574,0.793628065151244,0.0117407463978412,0.422179251909256,1065.5760607933355,,0.9952,0.6053527980535279,,,0.7368421052631579,,1.0,1.0,,,XGBoost,fleet,112043,13814,20.52,A_volume_matched,CTT_Forester,FS-A,2,cross,112043,13814,0.1060150375939849,0.2727272727272727,0.1146616541353383,0.3181818181818182,0.1300751879699248,0.4545454545454545,0.1287593984962406,0.4545454545454545,0.1633458646616541,0.6818181818181818,0.0458855758086608,0.5833333333333334,0.0473606574649668,0.5833333333333334,0.0502581392898535,0.75,0.049889368875777,0.6666666666666666,0.0567379622800547,0.75,,,,,,,,,,
62883,13793,0.2193438608208895,0.5200126785122818,0.3623432604960323,49115,0.0396655748823414,False,0.1267309504821286,0.9994282447112636,2.0370747606437155e-05,0.8051218390464784,1.8488246193507532,,0.9903846153846154,0.5004868549172347,,,0.2631578947368421,,1.0,0.5,,,True,0.1362285217139128,0.9952330508474576,0.0001833367284579,0.727222740650177,16.63942157415678,,0.9903846153846154,0.5335929892891919,,,0.3421052631578947,,1.0,0.5,,,True,0.1461610962082215,0.96137339055794,0.0016500305561214,0.5744361877441406,149.754794167411,,0.9903846153846154,0.563777994157741,,,0.4736842105263157,,1.0,0.5,,,True,0.1454360907706808,0.9644230769230768,0.0015074353228763,0.581114649772644,136.81302183195575,,0.9903846153846154,0.5628042843232717,,,0.4473684210526316,,1.0,0.5,,,True,0.1602987022402668,0.7953237410071943,0.0115909553880627,0.4280057549476623,1051.9812084105786,,0.9903846153846154,0.5822784810126582,,,0.6578947368421053,,1.0,1.0,,,XGBoost,fleet,112043,13814,17.16,A_volume_matched,CTT_Forester,FS-A,2,in_f0,112043,13814,0.0750094232943837,0.0909090909090909,0.1044101017715793,0.1818181818181818,0.125895212966453,0.3636363636363636,0.1236336223143611,0.3181818181818182,0.1609498680738786,0.5909090909090909,0.0439456212456528,0.4166666666666667,0.0459479397196754,0.5,0.0511118136789967,0.5833333333333334,0.0507956581304668,0.5833333333333334,0.0598587838549899,0.6666666666666666,,,,,,,,,,
125812,27607,0.2194305789590818,0.6326561215997621,0.4470044118454517,98229,0.0396655748823414,True,0.1485130582823197,0.9961127308066084,0.0001629244946794,0.6239591454059239,14.786831719595291,,0.9952,0.5824817518248175,,,0.5,,1.0,1.0,,,True,0.1507950882022675,0.9937932680830748,0.0002647523038541,0.5729535524784157,24.02860154434235,,0.9952,0.5863746958637469,,,0.6052631578947368,,1.0,1.0,,,True,0.1621327924077227,0.9684119428818692,0.0014866860139504,0.4267080576362161,134.92983944130705,,0.996,0.5922141119221411,,,0.7368421052631579,,1.0,1.0,,,True,0.1617343427391603,0.9691773388322118,0.0014459548902805,0.4304143141902244,131.23313151140823,,0.996,0.5922141119221411,,,0.7368421052631579,,1.0,1.0,,,True,0.1887564748071141,0.8324281150159745,0.0106817371824245,0.2835606569903481,969.4616546159664,,0.9984,0.5980535279805352,,,0.8421052631578947,,1.0,1.0,,,LightGBM,fleet,112043,13814,37.43,A_volume_matched,CTT_Forester,FS-A,2,cross,112043,13814,0.1255639097744361,0.3636363636363636,0.1285714285714285,0.5,0.1456766917293233,0.6363636363636364,0.1451127819548872,0.6363636363636364,0.1971804511278195,0.8181818181818182,0.0522073543356864,0.5833333333333334,0.0542619323569697,0.6666666666666666,0.0652723632915393,0.8333333333333334,0.0648509113897376,0.8333333333333334,0.0887683068169845,0.8333333333333334,,,,,,,,,,
62883,13793,0.2193438608208895,0.6320826411087063,0.4478362382938269,49115,0.0396655748823414,False,0.1455085913144348,0.9965243296921548,0.000142595233245,0.6807436409073566,12.941772335455273,,0.9903846153846154,0.5686465433300877,,,0.3421052631578947,,1.0,0.5,,,True,0.1481911114333357,0.9951314508276532,0.0002037074760643,0.6320343452373277,18.488246193507536,,0.9903846153846154,0.5764362220058422,,,0.3684210526315789,,1.0,0.5,,,True,0.1626187196403973,0.9647311827956988,0.0016704013037278,0.4333171428499139,151.6036187867618,,0.9919871794871796,0.5851996105160662,,,0.5789473684210527,,1.0,0.5,,,True,0.1620387152903646,0.9654427645788336,0.0016296598085149,0.4384896352061345,147.90596954806028,,0.9919871794871796,0.5851996105160662,,,0.5789473684210527,,1.0,0.5,,,True,0.1898789240919307,0.822808671065033,0.0114891016500305,0.2833292610977216,1042.737085313825,,0.9967948717948718,0.5920155793573515,,,0.8157894736842105,,1.0,1.0,,,LightGBM,fleet,112043,13814,29.27,A_volume_matched,CTT_Forester,FS-A,2,in_f0,112043,13814,0.1198643045608744,0.1818181818181818,0.1243874858650584,0.2272727272727272,0.1458725970599321,0.5454545454545454,0.1454956652845835,0.5454545454545454,0.1982661138333961,0.7727272727272727,0.0513225840446833,0.5,0.0531141321530192,0.5,0.0670249762883338,0.5833333333333334,0.0662872800084308,0.5833333333333334,0.0909474127937612,0.8333333333333334,,,,,,,,,,
125812,27607,0.2194305789590818,0.992595237702547,0.9746136117757984,98229,0.0396655748823414,True,0.0,0.0,0.0,1.0000000000000002,0.0,,0.0,0.0,,,0.0,,0.0,0.0,,,True,0.0,0.0,0.0,1.0000000000000002,0.0,,0.0,0.0,,,0.0,,0.0,0.0,,,True,0.0,0.0,0.0,1.0000000000000002,0.0,,0.0,0.0,,,0.0,,0.0,0.0,,,True,0.0,0.0,0.0,1.0000000000000002,0.0,,0.0,0.0,,,0.0,,0.0,0.0,,,True,0.9712754011663708,0.9769729650950958,0.0064355175398401,0.9572031497955322,584.0798529240141,,1.0,0.9995133819951338,,,1.0,,1.0,1.0,,,LogReg,fleet,112043,13814,2.51,A_volume_matched,CTT_Forester,FS-B,0,cross,112043,13814,0.0,0.0,0.0,0.0,0.0,0.0,0.0,0.0,0.8795112781954887,1.0,0.0,0.0,0.0,0.0,0.0,0.0,0.0,0.0,0.9920450953534928,1.0,,,,,,,,,,
62883,13793,0.2193438608208895,0.991086594256607,0.9713694489256728,49115,0.0396655748823414,False,0.0,0.0,0.0,1.0000000000000002,0.0,,0.0,0.0,,,0.0,,0.0,0.0,,,True,0.0,0.0,0.0,1.0000000000000002,0.0,,0.0,0.0,,,0.0,,0.0,0.0,,,True,0.0,0.0,0.0,1.0000000000000002,0.0,,0.0,0.0,,,0.0,,0.0,0.0,,,True,0.0,0.0,0.0,1.0000000000000002,0.0,,0.0,0.0,,,0.0,,0.0,0.0,,,True,0.9742623069673022,0.95759994299152,0.0121205948258301,0.9477697610855104,1100.0506485136982,,1.0,1.0,,,1.0,,1.0,1.0,,,LogReg,fleet,112043,13814,2.41,A_volume_matched,CTT_Forester,FS-B,0,in_f0,112043,13814,0.0,0.0,0.0,0.0,0.0,0.0,0.0,0.0,0.8993592159819073,1.0,0.0,0.0,0.0,0.0,0.0,0.0,0.0,0.0,0.9907261039097904,1.0,,,,,,,,,,
125812,27607,0.2194305789590818,0.9996048474618258,0.9994268703989648,98229,0.0396655748823414,True,0.8022965189988046,0.9999097106225452,2.036556183493712e-05,0.7696074540110097,1.8483539649494116,,0.9976,0.9031630170316302,,,0.9736842105263158,,1.0,1.0,,,True,0.9492520013040172,0.9994660564454616,0.0001425589328445,0.6442721382533759,12.93847775464588,,1.0,0.9664233576642336,,,1.0,,1.0,1.0,,,True,0.9957619444343826,0.9966644913349286,0.0009368158444071,0.3581353787836629,85.02428238767294,,1.0,1.0,,,1.0,,1.0,1.0,,,True,0.9957619444343826,0.9966644913349286,0.0009368158444071,0.3608910580534871,85.02428238767294,,1.0,1.0,,,1.0,,1.0,1.0,,,True,0.9985873148114608,0.9861210473601374,0.0039509189959778,0.0804382888932902,358.5806692001858,,1.0,1.0,,,1.0,,1.0,1.0,,,RandomForest,fleet,112043,13814,134.84,A_volume_matched,CTT_Forester,FS-B,0,cross,112043,13814,0.7890977443609023,0.9545454545454546,0.8823308270676692,1.0,0.9780075187969924,1.0,0.9780075187969924,1.0,0.9926691729323308,1.0,0.782214729743968,1.0,0.9628068696659994,1.0,1.0,1.0,1.0,1.0,1.0,1.0,,,,,,,,,,
62883,13793,0.2193438608208895,0.9997307112111348,0.999527308559564,49115,0.0396655748823414,False,0.8022185166388748,0.9999096331104284,2.0370747606437155e-05,0.7736497475056489,1.8488246193507532,,0.9967948717948718,0.9629990262901656,,,0.9736842105263158,,1.0,1.0,,,True,0.908214311607337,0.9996010213852538,0.0001018537380321,0.7020885320282944,9.244123096753768,,1.0,0.9785783836416748,,,1.0,,1.0,1.0,,,True,0.998259986949902,0.992789674814334,0.0020370747606437,0.1457620912447355,184.88246193507536,,1.0,1.0,,,1.0,,1.0,1.0,,,True,0.9977524831436236,0.9934310257705912,0.0018537380321857,0.2249559982708312,168.24304036091854,,1.0,1.0,,,1.0,,1.0,1.0,,,True,0.9989849923874428,0.9710359408033826,0.0083723772662456,0.0409530481298348,759.8669185531596,,1.0,1.0,,,1.0,,1.0,1.0,,,RandomForest,fleet,112043,13814,123.46,A_volume_matched,CTT_Forester,FS-B,0,in_f0,112043,13814,0.7957029777610253,0.9545454545454546,0.8582736524689031,1.0,0.990953637391632,1.0,0.9883151149641914,1.0,0.9947229551451188,1.0,0.7738433976182949,1.0,0.9085256612920224,1.0,1.0,1.0,1.0,1.0,1.0,1.0,,,,,,,,,,
125812,27607,0.2194305789590818,0.999874431671719,0.9997425062334782,98229,0.0396655748823414,True,0.866048465968776,1.0,0.0,0.9948090005810848,0.0,,0.9416,1.0,,,1.0,,1.0,1.0,,,True,0.9594305792009272,0.9994340049807562,0.000152741713762,0.978889542882136,13.862654737120586,,1.0,1.0,,,1.0,,1.0,1.0,,,True,0.9970297388343536,0.9962718980744172,0.0010488264344992,0.4170754822165651,95.1902291948947,,1.0,1.0,,,1.0,,1.0,1.0,,,True,0.9966675118629332,0.9965231248415488,0.0009775469680769,0.4677581320192011,88.72099031757175,,1.0,1.0,,,1.0,,1.0,1.0,,,True,0.9994566595428696,0.9738811238175914,0.0075352578789267,0.0053464009360174,683.8909670312823,,1.0,1.0,,,1.0,,1.0,1.0,,,HistGB,fleet,112043,13814,33.91,A_volume_matched,CTT_Forester,FS-B,0,cross,112043,13814,0.6757518796992481,1.0,0.8475563909774436,1.0,0.9847744360902256,1.0,0.9828947368421052,1.0,0.9971804511278196,1.0,0.8999051733220946,1.0,0.9837214202929092,1.0,0.9999473185122748,1.0,0.9999473185122748,1.0,1.0,1.0,,,,,,,,,,
62883,13793,0.2193438608208895,0.999877438783378,0.9997542960132266,49115,0.0396655748823414,False,0.9222794170956282,0.9994500314267756,0.000142595233245,0.9897014546342552,12.941772335455273,,0.9951923076923076,1.0,,,1.0,,1.0,1.0,,,True,0.9538171536286524,0.999240467871791,0.0002037074760643,0.9817189351517802,18.488246193507536,,1.0,1.0,,,1.0,,1.0,1.0,,,True,0.9985499891249184,0.9950870601835128,0.0013852108372377,0.1254393398751556,125.72007411585123,,1.0,1.0,,,1.0,,1.0,1.0,,,True,0.998187486406148,0.9954450148217772,0.0012833570992055,0.3341238730135958,116.47595101909748,,1.0,1.0,,,1.0,,1.0,1.0,,,True,0.9995649967374756,0.9721477929770131,0.0080464453045426,0.0048821728380985,730.2857246435475,,1.0,1.0,,,1.0,,1.0,1.0,,,HistGB,fleet,112043,13814,38.83,A_volume_matched,CTT_Forester,FS-B,0,in_f0,112043,13814,0.7621560497549943,1.0,0.8322653599698454,1.0,0.9924613644930268,1.0,0.9905767056162834,1.0,0.997738409347908,1.0,0.953841289914638,1.0,0.979766044894088,1.0,1.0,1.0,1.0,1.0,1.0,1.0,,,,,,,,,,
125812,27607,0.2194305789590818,0.9998463557156978,0.999725801052783,98229,0.0396655748823414,True,0.9278443872930778,0.9999219268454542,2.036556183493712e-05,0.9919620156288148,1.8483539649494116,,0.9872,0.9902676399026764,,,1.0,,1.0,1.0,,,True,0.9655522150179302,0.999550022498875,0.0001221933710096,0.9525715708732604,11.090123789696468,,0.9992,1.0,,,1.0,,1.0,1.0,,,True,0.9971384069257796,0.9961641456177172,0.0010793747772516,0.0789077430963516,97.9627601423188,,1.0,1.0,,,1.0,,1.0,1.0,,,True,0.9967399572572174,0.9963068901842934,0.0010386436535817,0.106541983783245,94.26605221242,,1.0,1.0,,,1.0,,1.0,1.0,,,True,0.9994204368457276,0.9678675413056442,0.0093274273204012,0.0010719263227656,846.5461159468304,,1.0,1.0,,,1.0,,1.0,1.0,,,XGBoost,fleet,112043,13814,17.18,A_volume_matched,CTT_Forester,FS-B,0,cross,112043,13814,0.7672932330827068,1.0,0.8616541353383459,1.0,0.9851503759398496,1.0,0.9830827067669172,1.0,0.9969924812030077,1.0,0.9621746918132968,1.0,0.9887261616268044,1.0,1.0,1.0,1.0,1.0,1.0,1.0,,,,,,,,,,
62883,13793,0.2193438608208895,0.9998470384738928,0.9997381010597006,49115,0.0396655748823414,False,0.9404770535779018,0.9997687861271676,6.111224281931147e-05,0.9887240529060364,5.54647385805226,,0.9887820512820512,0.9990262901655308,,,1.0,,1.0,1.0,,,True,0.9689697672732546,0.999252336448598,0.0002037074760643,0.9459152221679688,18.488246193507536,,1.0,1.0,,,1.0,,1.0,1.0,,,True,0.9983324874936562,0.9937933025404158,0.0017518842941535,0.0232820659875869,158.9989172641648,,1.0,1.0,,,1.0,,1.0,1.0,,,True,0.9978249836873776,0.995515370705244,0.0012629863515991,0.0616969242691993,114.6271263997467,,1.0,1.0,,,1.0,,1.0,1.0,,,True,0.9994924961937216,0.9689344953612596,0.0090038704420452,0.0010627056472003,817.1804817530328,,1.0,1.0,,,1.0,,1.0,1.0,,,XGBoost,fleet,112043,13814,18.95,A_volume_matched,CTT_Forester,FS-B,0,in_f0,112043,13814,0.7941952506596306,1.0,0.8741047870335469,1.0,0.9913305691669808,1.0,0.98869204673954,1.0,0.9973614775725592,1.0,0.9718621561808408,1.0,0.9900937928127306,1.0,1.0,1.0,1.0,1.0,1.0,1.0,,,,,,,,,,
125812,27607,0.2194305789590818,0.999817797675616,0.9997022245789632,98229,0.0396655748823414,True,0.8689100590429963,0.9999583142273542,1.018278091746856e-05,0.9967430219037412,0.9241769824747056,,0.9296,0.9343065693430656,,,1.0,,1.0,1.0,,,True,0.966494005143623,0.9994007041725972,0.0001629244946794,0.9572021483411874,14.786831719595291,,1.0,1.0,,,1.0,,1.0,1.0,,,True,0.9970297388343536,0.9962358391545116,0.0010590092154167,0.0824681213008605,96.1144061773694,,1.0,1.0,,,1.0,,1.0,1.0,,,True,0.9965950664686491,0.9963785173650092,0.0010182780917468,0.1090555727701748,92.41769824747055,,1.0,1.0,,,1.0,,1.0,1.0,,,True,0.9994204368457276,0.9726785588380455,0.0078916552110381,0.0002504336571614,716.2371614178969,,1.0,1.0,,,1.0,,1.0,1.0,,,LightGBM,fleet,112043,13814,36.35,A_volume_matched,CTT_Forester,FS-B,0,cross,112043,13814,0.7071428571428572,1.0,0.869172932330827,1.0,0.9845864661654136,1.0,0.9823308270676692,1.0,0.9969924812030077,1.0,0.903171425561058,1.0,0.9879359393109262,1.0,1.0,1.0,1.0,1.0,1.0,1.0,,,,,,,,,,
62883,13793,0.2193438608208895,0.9998667106523976,0.9997560835453856,49115,0.0396655748823414,False,0.9119843398825492,0.9998410301247912,4.074149521287431e-05,0.9942422729523798,3.6976492387015063,,0.9919871794871796,0.991236611489776,,,0.9736842105263158,,1.0,1.0,,,True,0.969404770535779,0.9990286909742976,0.0002648197188836,0.955185776541492,24.03472005155979,,1.0,1.0,,,1.0,,1.0,1.0,,,True,0.9986949902124266,0.99415415704388,0.0016500305561214,0.0178125785188795,149.754794167411,,1.0,1.0,,,1.0,,1.0,1.0,,,True,0.99804248531864,0.9953723788864788,0.0013037278468119,0.0355778367511831,118.32477563844822,,1.0,1.0,,,1.0,,1.0,1.0,,,True,0.9995649967374756,0.9703688063063064,0.00857608474231,0.0002227995078651,778.3551647466671,,1.0,1.0,,,1.0,,1.0,1.0,,,LightGBM,fleet,112043,13814,25.51,A_volume_matched,CTT_Forester,FS-B,0,in_f0,112043,13814,0.7632868450810403,0.9545454545454546,0.8782510365623822,1.0,0.993215228043724,1.0,0.989822842065586,1.0,0.997738409347908,1.0,0.9397196754136368,1.0,0.989566866898514,1.0,1.0,1.0,1.0,1.0,1.0,1.0,,,,,,,,,,
125812,27607,0.2194305789590818,0.9780663564807986,0.9340461901767184,98229,0.0396655748823414,True,0.0988517405005976,1.0,0.0,201635.67652742367,0.0,,0.36,0.6627737226277373,,,0.1578947368421052,,0.5,1.0,,,True,0.0988517405005976,1.0,0.0,196055.5488942468,0.0,,0.36,0.6627737226277373,,,0.1578947368421052,,0.5,1.0,,,True,0.0989241858948817,1.0,0.0,128192.58679603948,0.0,,0.3608,0.6627737226277373,,,0.1578947368421052,,0.5,1.0,,,True,0.0989241858948817,1.0,0.0,135112.86925251313,0.0,,0.3608,0.6627737226277373,,,0.1578947368421052,,0.5,1.0,,,True,0.7065599304524215,0.9638780451647972,0.0074436128506695,3.3214677458462747,675.5733741890099,,1.0,1.0,,,0.9473684210526316,,1.0,1.0,,,Rule:Combined,fleet,112043,13814,0.42,A_volume_matched,CTT_Forester,FS-B,0,cross,112043,13814,0.0,0.0,0.0,0.0,0.0,0.0,0.0,0.0,0.6736842105263158,0.9545454545454546,0.0483089242440206,0.25,0.0483089242440206,0.25,0.0483616057317458,0.25,0.0483616057317458,0.25,0.6646823306290169,0.9166666666666666,,,,,,,,,,
62883,13793,0.2193438608208895,0.979454400399753,0.9362075817026824,49115,0.0396655748823414,False,0.1473211049082868,0.9830672472181906,0.0007129761662253,76.0519954269401,64.70886167727637,,0.3605769230769231,1.0,,,0.1842105263157894,,0.5,1.0,,,True,0.1473211049082868,0.9816425120772948,0.0007740884090446,75.42083763277121,70.25533553532863,,0.3605769230769231,1.0,,,0.1842105263157894,,0.5,1.0,,,True,0.1473211049082868,0.9589428975932044,0.00177225504176,71.98192678383795,160.84774188351554,,0.3605769230769231,1.0,,,0.1842105263157894,,0.5,1.0,,,True,0.1473211049082868,0.9634898055950688,0.0015685475656956,72.03666755723641,142.359495690008,,0.3605769230769231,1.0,,,0.1842105263157894,,0.5,1.0,,,True,0.7092003190023926,0.9578926752839796,0.0087594214707679,3.2513511612796906,794.9945863208239,,1.0,1.0,,,0.9473684210526316,,1.0,1.0,,,Rule:Combined,fleet,112043,13814,0.25,A_volume_matched,CTT_Forester,FS-B,0,in_f0,112043,13814,0.0,0.0,0.0,0.0,0.0,0.0,0.0,0.0,0.6830003769317754,0.9545454545454546,0.0822004426177679,0.3333333333333333,0.0822004426177679,0.3333333333333333,0.0822004426177679,0.3333333333333333,0.0822004426177679,0.3333333333333333,0.6659289703867636,0.9166666666666666,,,,,,,,,,
125812,27607,0.2194305789590818,0.4823389992724606,0.2174422189769392,98229,0.0396655748823414,True,0.0,0.0,0.0,201635.67652742367,0.0,,0.0,0.0,,,0.0,,0.0,0.0,,,True,0.0,0.0,0.0,196055.5488942468,0.0,,0.0,0.0,,,0.0,,0.0,0.0,,,True,0.0,0.0,0.0,128192.58679603948,0.0,,0.0,0.0,,,0.0,,0.0,0.0,,,True,0.0,0.0,0.0,135112.86925251313,0.0,,0.0,0.0,,,0.0,,0.0,0.0,,,True,0.0123881624225739,0.2873949579831932,0.0086349982180133,3.2079334606208256,783.7020811385505,,0.0008,0.0768856447688564,,,0.4736842105263157,,0.5,1.0,,,Rule:Staleness,fleet,112043,13814,0.27,A_volume_matched,CTT_Forester,FS-B,0,cross,112043,13814,0.0,0.0,0.0,0.0,0.0,0.0,0.0,0.0,0.0056390977443609,0.3181818181818182,0.0,0.0,0.0,0.0,0.0,0.0,0.0,0.0,0.0080602676219576,0.6666666666666666,,,,,,,,,,
62883,13793,0.2193438608208895,0.4844420036042917,0.2142890339962554,49115,0.0396655748823414,False,7.250054375407815e-05,0.0333333333333333,0.0005907516805866,5.385500562087292,53.61591396117184,,0.0,0.0,,,0.0263157894736842,,0.0,0.0,,,True,0.0002175016312622,0.088235294117647,0.0006314931757995,5.119309456606966,57.31356319987335,,0.0,0.0,,,0.0526315789473684,,0.0,0.0,,,True,0.0005800043500326,0.1159420289855072,0.0012426156039926,4.170006476337227,112.77830178039596,,0.0,0.0,,,0.1052631578947368,,0.0,0.0,,,True,0.0005800043500326,0.123076923076923,0.0011611326135669,4.190837819710108,105.38300330299292,,0.0,0.0,,,0.1052631578947368,,0.0,0.0,,,True,0.0088450663379975,0.2364341085271318,0.0080260745569362,3.1997084073773565,728.4369000241968,,0.0032051282051282,0.0048685491723466,,,0.3684210526315789,,0.5,0.5,,,Rule:Staleness,fleet,112043,13814,0.16,A_volume_matched,CTT_Forester,FS-B,0,in_f0,112043,13814,0.0,0.0,0.0,0.0,0.0,0.0,0.0,0.0,0.0045231813041839,0.2272727272727272,0.0001053851828432,0.0833333333333333,0.0003161555485298,0.1666666666666666,0.0008430814627463,0.3333333333333333,0.0008430814627463,0.3333333333333333,0.0108546738328591,0.5833333333333334,,,,,,,,,,
125812,27607,0.2194305789590818,0.9941334144990268,0.979227561711441,98229,0.0396655748823414,True,0.0,0.0,0.0,1.0000000000000002,0.0,,0.0,0.0,,,0.0,,0.0,0.0,,,True,0.0,0.0,0.0,1.0000000000000002,0.0,,0.0,0.0,,,0.0,,0.0,0.0,,,True,0.0,0.0,0.0,1.0000000000000002,0.0,,0.0,0.0,,,0.0,,0.0,0.0,,,True,0.0,0.0,0.0,1.0000000000000002,0.0,,0.0,0.0,,,0.0,,0.0,0.0,,,True,0.9729778679320462,0.977190046565774,0.0063846036352527,0.9537742137908936,579.4589680116405,,1.0,0.9995133819951338,,,1.0,,1.0,1.0,,,LogReg,fleet,112043,13814,2.27,A_volume_matched,CTT_Forester,FS-B,1,cross,112043,13814,0.0,0.0,0.0,0.0,0.0,0.0,0.0,0.0,0.8781954887218045,1.0,0.0,0.0,0.0,0.0,0.0,0.0,0.0,0.0,0.9948898956906544,1.0,,,,,,,,,,
62883,13793,0.2193438608208895,0.9936856316756456,0.9780282388564602,49115,0.0396655748823414,False,0.0,0.0,0.0,1.0000000000000002,0.0,,0.0,0.0,,,0.0,,0.0,0.0,,,True,0.0,0.0,0.0,1.0000000000000002,0.0,,0.0,0.0,,,0.0,,0.0,0.0,,,True,0.0,0.0,0.0,1.0000000000000002,0.0,,0.0,0.0,,,0.0,,0.0,0.0,,,True,0.0,0.0,0.0,1.0000000000000002,0.0,,0.0,0.0,,,0.0,,0.0,0.0,,,True,0.9780323352425144,0.9606209499394716,0.0112650234263597,0.9429100751876832,1022.4000145009664,,1.0,1.0,,,1.0,,1.0,1.0,,,LogReg,fleet,112043,13814,2.14,A_volume_matched,CTT_Forester,FS-B,1,in_f0,112043,13814,0.0,0.0,0.0,0.0,0.0,0.0,0.0,0.0,0.9004900113079533,1.0,0.0,0.0,0.0,0.0,0.0,0.0,0.0,0.0,0.9958899778691116,1.0,,,,,,,,,,
125812,27607,0.2194305789590818,0.9995856218240834,0.9993488040276604,98229,0.0396655748823414,True,0.8241750280725902,0.9998681666373704,3.054834275240568e-05,0.7398181590631077,2.772530947424117,,0.9968,0.9177615571776157,,,1.0,,1.0,1.0,,,True,0.9368276161843012,0.9994589790161148,0.0001425589328445,0.6624025146728099,12.93847775464588,,1.0,0.970316301703163,,,1.0,,1.0,1.0,,,True,0.9968486253486436,0.9960188201230546,0.0011201059009215,0.2841450311752394,101.65946807221763,,1.0,1.0,,,1.0,,1.0,1.0,,,True,0.9967761799543594,0.9962348852364058,0.0010590092154167,0.2883062478875915,96.1144061773694,,1.0,1.0,,,1.0,,1.0,1.0,,,True,0.9982975332343246,0.9854471341223584,0.0041443918334097,0.1012616266809449,376.1400318672052,,1.0,1.0,,,1.0,,1.0,1.0,,,RandomForest,fleet,112043,13814,129.43,A_volume_matched,CTT_Forester,FS-B,1,cross,112043,13814,0.7860902255639097,1.0,0.8627819548872181,1.0,0.9836466165413534,1.0,0.9832706766917292,1.0,0.9911654135338346,1.0,0.813349488989569,1.0,0.9497945421978716,1.0,1.0,1.0,1.0,1.0,1.0,1.0,,,,,,,,,,
62883,13793,0.2193438608208895,0.9995338823515408,0.9992858071941586,49115,0.0396655748823414,False,0.7212354092655695,0.9998994873856668,2.0370747606437155e-05,0.7850194939318204,1.8488246193507532,,0.9951923076923076,0.9600778967867576,,,0.9736842105263158,,1.0,1.0,,,True,0.8901616762125716,0.9995115597525236,0.0001222244856386,0.702930418541586,11.09294771610452,,0.998397435897436,0.98539435248296,,,1.0,,1.0,1.0,,,True,0.998187486406148,0.992789154888953,0.0020370747606437,0.1493665234940177,184.88246193507536,,1.0,1.0,,,1.0,,1.0,1.0,,,True,0.9976799825998696,0.9935022742040286,0.0018333672845793,0.226356352146426,166.3942157415678,,1.0,1.0,,,1.0,,1.0,1.0,,,True,0.9988399912999348,0.9706213893194308,0.0084946017518842,0.0482758150347892,770.9598662692641,,1.0,1.0,,,1.0,,1.0,1.0,,,RandomForest,fleet,112043,13814,124.87,A_volume_matched,CTT_Forester,FS-B,1,in_f0,112043,13814,0.7244628722201282,0.9545454545454546,0.8379193366000753,1.0,0.9905767056162834,1.0,0.9879381831888427,1.0,0.9939690915944214,1.0,0.6764674886710929,1.0,0.8873432395405206,1.0,1.0,1.0,1.0,1.0,1.0,1.0,,,,,,,,,,
125812,27607,0.2194305789590818,0.9998233543675608,0.9996628103377392,98229,0.0396655748823414,True,0.8823124569855472,0.9999178981937604,2.036556183493712e-05,0.9895200029858902,1.8483539649494116,,0.9984,1.0,,,0.9736842105263158,,1.0,1.0,,,True,0.935414930995762,0.9994968456090104,0.000132376151927,0.9768635276125855,12.014300772171175,,0.9992,1.0,,,1.0,,1.0,1.0,,,True,0.9957257217372406,0.9964114832535884,0.0010080953108293,0.3910883308681486,91.49352126499588,,1.0,1.0,,,1.0,,1.0,1.0,,,True,0.9946752635201216,0.996769392718429,0.0009062675016547,0.4474586696370874,82.25175144024882,,1.0,1.0,,,1.0,,1.0,1.0,,,True,0.9994204368457276,0.9728500405486408,0.0078407413064507,0.0032850180841794,711.6162765055234,,1.0,1.0,,,1.0,,1.0,1.0,,,HistGB,fleet,112043,13814,23.84,A_volume_matched,CTT_Forester,FS-B,1,cross,112043,13814,0.6992481203007519,0.9545454545454546,0.7937969924812031,1.0,0.9778195488721804,1.0,0.9725563909774436,1.0,0.9969924812030077,1.0,0.9132335897165736,1.0,0.9639131809082288,1.0,1.0,1.0,0.9999473185122748,1.0,1.0,1.0,,,,,,,,,,
62883,13793,0.2193438608208895,0.9998640404347746,0.999684078555804,49115,0.0396655748823414,False,0.8832741245559341,0.9997538158542588,6.111224281931147e-05,0.9880668453098728,5.54647385805226,,0.998397435897436,1.0,,,0.9736842105263158,,1.0,1.0,,,True,0.9330094975712316,0.9993011337164156,0.0001833367284579,0.9754167249685748,16.63942157415678,,1.0,1.0,,,1.0,,1.0,1.0,,,True,0.998259986949902,0.9948699421965318,0.001446323080057,0.1141815725624176,131.26654797390347,,1.0,1.0,,,1.0,,1.0,1.0,,,True,0.9976074820561154,0.9953703703703703,0.0013037278468119,0.2386882505877576,118.32477563844822,,1.0,1.0,,,1.0,,1.0,1.0,,,True,0.9995649967374756,0.966355926263405,0.0097779588510898,0.0027849838784393,887.4358172883616,,1.0,1.0,,,1.0,,1.0,1.0,,,HistGB,fleet,112043,13814,25.17,A_volume_matched,CTT_Forester,FS-B,1,in_f0,112043,13814,0.7214474180173389,0.9545454545454546,0.8017338861666038,1.0,0.990953637391632,1.0,0.9875612514134942,1.0,0.997738409347908,1.0,0.9083148909263358,1.0,0.9580566972283696,1.0,1.0,1.0,1.0,1.0,1.0,1.0,,,,,,,,,,
125812,27607,0.2194305789590818,0.999590111808222,0.9995203155021684,98229,0.0396655748823414,True,0.9196580577389792,0.9999212319325744,2.036556183493712e-05,0.9770324230194092,1.8483539649494116,,0.988,1.0,,,0.9736842105263158,,1.0,1.0,,,True,0.9612054913608868,0.9995479885490433,0.0001221933710096,0.8829301595687866,11.090123789696468,,0.9984,1.0,,,1.0,,1.0,1.0,,,True,0.9966675118629332,0.996306622732375,0.0010386436535817,0.0478146933019161,94.26605221242,,1.0,1.0,,,1.0,,1.0,1.0,,,True,0.9960879487086608,0.996665579355587,0.0009368158444071,0.0566844642162323,85.02428238767294,,1.0,1.0,,,1.0,,1.0,1.0,,,True,0.9993117687543016,0.9721615335823526,0.0080443969248001,0.0011013571638613,730.0998161550175,,1.0,1.0,,,1.0,,1.0,1.0,,,XGBoost,fleet,112043,13814,16.61,A_volume_matched,CTT_Forester,FS-B,1,cross,112043,13814,0.7676691729323308,0.9545454545454546,0.8584586466165414,1.0,0.9827067669172932,1.0,0.9796992481203008,1.0,0.9964285714285714,1.0,0.9490570013697188,1.0,0.9833526498788324,1.0,1.0,1.0,1.0,1.0,1.0,1.0,,,,,,,,,,
62883,13793,0.2193438608208895,0.9996052848273728,0.9995476594604016,49115,0.0396655748823414,False,0.9231494236206772,0.9998429524931292,4.074149521287431e-05,0.9719364047050476,3.6976492387015063,,0.9903846153846154,1.0,,,0.9473684210526316,,1.0,1.0,,,True,0.9668672515043862,0.9992507118237676,0.0002037074760643,0.8424965143203735,18.488246193507536,,0.998397435897436,1.0,,,1.0,,1.0,1.0,,,True,0.998259986949902,0.9943670109048892,0.001588918313302,0.0130478860810399,144.20832030935875,,1.0,1.0,,,1.0,,1.0,1.0,,,True,0.9977524831436236,0.9952270754989876,0.0013444693420248,0.0300659090280532,122.02242487714972,,1.0,1.0,,,1.0,,1.0,1.0,,,True,0.9994924961937216,0.9614338517330356,0.0112650234263597,0.0009793801000341,1022.4000145009664,,1.0,1.0,,,1.0,,1.0,1.0,,,XGBoost,fleet,112043,13814,17.27,A_volume_matched,CTT_Forester,FS-B,1,in_f0,112043,13814,0.7919336600075386,0.9090909090909092,0.8737278552581983,1.0,0.990953637391632,1.0,0.9883151149641914,1.0,0.9973614775725592,1.0,0.9470966382126672,1.0,0.9872483928759616,1.0,1.0,1.0,1.0,1.0,1.0,1.0,,,,,,,,,,
125812,27607,0.2194305789590818,0.9995980507036134,0.9995139294347296,98229,0.0396655748823414,True,0.8737276777628862,0.999958544067656,1.018278091746856e-05,0.994294698961984,0.9241769824747056,,0.9864,0.9936739659367396,,,0.9736842105263158,,1.0,1.0,,,True,0.9520411489839532,0.9995436394751854,0.0001221933710096,0.966276244780984,11.090123789696468,,1.0,1.0,,,1.0,,1.0,1.0,,,True,0.9971384069257796,0.9961641456177172,0.0010793747772516,0.0389902277207652,97.9627601423188,,1.0,1.0,,,1.0,,1.0,1.0,,,True,0.9959792806172348,0.9965568482476168,0.0009673641871595,0.0573643507978219,87.79681333509704,,1.0,1.0,,,1.0,,1.0,1.0,,,True,0.9993117687543016,0.9705540897097624,0.0085229876279211,0.0003198927144455,773.5361343313286,,1.0,1.0,,,1.0,,1.0,1.0,,,LightGBM,fleet,112043,13814,91.82,A_volume_matched,CTT_Forester,FS-B,1,cross,112043,13814,0.7031954887218045,0.9545454545454546,0.8349624060150376,1.0,0.9851503759398496,1.0,0.9791353383458646,1.0,0.9964285714285714,1.0,0.9011168475397744,1.0,0.9765040564745548,1.0,1.0,1.0,1.0,1.0,1.0,1.0,,,,,,,,,,
62883,13793,0.2193438608208895,0.999621963349284,0.999533978045845,49115,0.0396655748823414,False,0.9141593561951714,0.9997621313035204,6.111224281931147e-05,0.9870259785697816,5.54647385805226,,1.0,1.0,,,0.9736842105263158,,1.0,1.0,,,True,0.9613572101790764,0.9992464204973625,0.0002037074760643,0.944114710670906,18.488246193507536,,1.0,1.0,,,1.0,,1.0,1.0,,,True,0.9984774885811644,0.992862807295797,0.0020167040130372,0.0071536716386271,183.03363731572455,,1.0,1.0,,,1.0,,1.0,1.0,,,True,0.9975349815123612,0.994434807747904,0.0015685475656956,0.023564672750666,142.359495690008,,1.0,1.0,,,1.0,,1.0,1.0,,,True,0.9994924961937216,0.9637863534675616,0.0105520472601344,0.0002997069591086,957.6911528236902,,1.0,1.0,,,1.0,,1.0,1.0,,,LightGBM,fleet,112043,13814,27.39,A_volume_matched,CTT_Forester,FS-B,1,in_f0,112043,13814,0.7791179796456841,0.9545454545454546,0.862796833773087,1.0,0.992084432717678,1.0,0.9871843196381456,1.0,0.9973614775725592,1.0,0.9369796606597112,1.0,0.9821899040994836,1.0,1.0,1.0,1.0,1.0,1.0,1.0,,,,,,,,,,
125812,27607,0.2194305789590818,0.977904827152882,0.9338079014675617,98229,0.0396655748823414,True,0.0988517405005976,1.0,0.0,202479.00341825027,0.0,,0.36,0.6627737226277373,,,0.1578947368421052,,0.5,1.0,,,True,0.0988517405005976,1.0,0.0,196875.53729771663,0.0,,0.36,0.6627737226277373,,,0.1578947368421052,,0.5,1.0,,,True,0.0989241858948817,1.0,0.0,128728.73454751664,0.0,,0.3608,0.6627737226277373,,,0.1578947368421052,,0.5,1.0,,,True,0.0989241858948817,1.0,0.0,135677.96059367724,0.0,,0.3608,0.6627737226277373,,,0.1578947368421052,,0.5,1.0,,,True,0.7065599304524215,0.9638780451647972,0.0074436128506695,3.329818462767634,675.5733741890099,,1.0,1.0,,,0.9473684210526316,,1.0,1.0,,,Rule:Combined,fleet,112043,13814,0.42,A_volume_matched,CTT_Forester,FS-B,1,cross,112043,13814,0.0,0.0,0.0,0.0,0.0,0.0,0.0,0.0,0.6736842105263158,0.9545454545454546,0.0483089242440206,0.25,0.0483089242440206,0.25,0.0483616057317458,0.25,0.0483616057317458,0.25,0.6646823306290169,0.9166666666666666,,,,,,,,,,
62883,13793,0.2193438608208895,0.9792876639180212,0.9359580641942228,49115,0.0396655748823414,False,0.1473211049082868,0.9830672472181906,0.0007129761662253,76.2583489920815,64.70886167727637,,0.3605769230769231,1.0,,,0.1842105263157894,,0.5,1.0,,,True,0.1473211049082868,0.9816425120772948,0.0007740884090446,75.62548124026752,70.25533553532863,,0.3605769230769231,1.0,,,0.1842105263157894,,0.5,1.0,,,True,0.1473211049082868,0.9589428975932044,0.00177225504176,72.17725355812512,160.84774188351554,,0.3605769230769231,1.0,,,0.1842105263157894,,0.5,1.0,,,True,0.1473211049082868,0.9634898055950688,0.0015685475656956,72.23214263739072,142.359495690008,,0.3605769230769231,1.0,,,0.1842105263157894,,0.5,1.0,,,True,0.7092003190023926,0.9578926752839796,0.0087594214707679,3.259408620567896,794.9945863208239,,1.0,1.0,,,0.9473684210526316,,1.0,1.0,,,Rule:Combined,fleet,112043,13814,0.26,A_volume_matched,CTT_Forester,FS-B,1,in_f0,112043,13814,0.0,0.0,0.0,0.0,0.0,0.0,0.0,0.0,0.6830003769317754,0.9545454545454546,0.0822004426177679,0.3333333333333333,0.0822004426177679,0.3333333333333333,0.0822004426177679,0.3333333333333333,0.0822004426177679,0.3333333333333333,0.6659289703867636,0.9166666666666666,,,,,,,,,,
125812,27607,0.2194305789590818,0.4823389992724606,0.2174422189769392,98229,0.0396655748823414,True,0.0,0.0,0.0,202479.00341825027,0.0,,0.0,0.0,,,0.0,,0.0,0.0,,,True,0.0,0.0,0.0,196875.53729771663,0.0,,0.0,0.0,,,0.0,,0.0,0.0,,,True,0.0,0.0,0.0,128728.73454751664,0.0,,0.0,0.0,,,0.0,,0.0,0.0,,,True,0.0,0.0,0.0,135677.96059367724,0.0,,0.0,0.0,,,0.0,,0.0,0.0,,,True,0.0123881624225739,0.2873949579831932,0.0086349982180133,3.21580932846086,783.7020811385505,,0.0008,0.0768856447688564,,,0.4736842105263157,,0.5,1.0,,,Rule:Staleness,fleet,112043,13814,0.29,A_volume_matched,CTT_Forester,FS-B,1,cross,112043,13814,0.0,0.0,0.0,0.0,0.0,0.0,0.0,0.0,0.0056390977443609,0.3181818181818182,0.0,0.0,0.0,0.0,0.0,0.0,0.0,0.0,0.0080602676219576,0.6666666666666666,,,,,,,,,,
62883,13793,0.2193438608208895,0.4844420036042917,0.2142890339962554,49115,0.0396655748823414,False,7.250054375407815e-05,0.0333333333333333,0.0005907516805866,5.402483949612694,53.61591396117184,,0.0,0.0,,,0.0263157894736842,,0.0,0.0,,,True,0.0002175016312622,0.088235294117647,0.0006314931757995,5.135179518746621,57.31356319987335,,0.0,0.0,,,0.0526315789473684,,0.0,0.0,,,True,0.0005800043500326,0.1159420289855072,0.0012426156039926,4.181906146210043,112.77830178039596,,0.0,0.0,,,0.1052631578947368,,0.0,0.0,,,True,0.0005800043500326,0.123076923076923,0.0011611326135669,4.20282461519651,105.38300330299292,,0.0,0.0,,,0.1052631578947368,,0.0,0.0,,,True,0.0088450663379975,0.2364341085271318,0.0080260745569362,3.207549874516591,728.4369000241968,,0.0032051282051282,0.0048685491723466,,,0.3684210526315789,,0.5,0.5,,,Rule:Staleness,fleet,112043,13814,0.17,A_volume_matched,CTT_Forester,FS-B,1,in_f0,112043,13814,0.0,0.0,0.0,0.0,0.0,0.0,0.0,0.0,0.0045231813041839,0.2272727272727272,0.0001053851828432,0.0833333333333333,0.0003161555485298,0.1666666666666666,0.0008430814627463,0.3333333333333333,0.0008430814627463,0.3333333333333333,0.0108546738328591,0.5833333333333334,,,,,,,,,,
125812,27607,0.2194305789590818,0.9934669806822812,0.974713288654236,98229,0.0396655748823414,True,0.0,0.0,0.0,1.0000000000000002,0.0,,0.0,0.0,,,0.0,,0.0,0.0,,,True,0.0,0.0,0.0,1.0000000000000002,0.0,,0.0,0.0,,,0.0,,0.0,0.0,,,True,0.0,0.0,0.0,1.0000000000000002,0.0,,0.0,0.0,,,0.0,,0.0,0.0,,,True,0.0,0.0,0.0,1.0000000000000002,0.0,,0.0,0.0,,,0.0,,0.0,0.0,,,True,0.970261165646394,0.9755973193473192,0.0068224632147039,0.9340815544128418,619.198578258053,,1.0,1.0,,,1.0,,1.0,1.0,,,LogReg,fleet,112043,13814,1.95,A_volume_matched,CTT_Forester,FS-B,2,cross,112043,13814,0.0,0.0,0.0,0.0,0.0,0.0,0.0,0.0,0.8667293233082707,1.0,0.0,0.0,0.0,0.0,0.0,0.0,0.0,0.0,0.994099673374776,1.0,,,,,,,,,,
62883,13793,0.2193438608208895,0.99316667458526,0.972875425129517,49115,0.0396655748823414,False,0.0,0.0,0.0,1.0000000000000002,0.0,,0.0,0.0,,,0.0,,0.0,0.0,,,True,0.0,0.0,0.0,1.0000000000000002,0.0,,0.0,0.0,,,0.0,,0.0,0.0,,,True,0.0,0.0,0.0,1.0000000000000002,0.0,,0.0,0.0,,,0.0,,0.0,0.0,,,True,0.0,0.0,0.0,1.0000000000000002,0.0,,0.0,0.0,,,0.0,,0.0,0.0,,,True,0.9760023200174002,0.9610222729868646,0.0111224281931146,0.9227842688560486,1009.4582421655114,,1.0,1.0,,,1.0,,1.0,1.0,,,LogReg,fleet,112043,13814,2.0,A_volume_matched,CTT_Forester,FS-B,2,in_f0,112043,13814,0.0,0.0,0.0,0.0,0.0,0.0,0.0,0.0,0.8888051262721447,1.0,0.0,0.0,0.0,0.0,0.0,0.0,0.0,0.0,0.9962061334176416,1.0,,,,,,,,,,
125812,27607,0.2194305789590818,0.999704204912932,0.9994820595901458,98229,0.0396655748823414,True,0.8363458543123121,0.9998700848778798,3.054834275240568e-05,0.7704279304286596,2.772530947424117,,0.9976,0.908515815085158,,,1.0,,1.0,1.0,,,True,0.935632267178614,0.9993809486961232,0.0001629244946794,0.689963887773878,14.786831719595291,,0.9992,0.9610705596107056,,,1.0,,1.0,1.0,,,True,0.9970659615314956,0.9962720330087952,0.0010488264344992,0.2783542306457383,95.1902291948947,,1.0,1.0,,,1.0,,1.0,1.0,,,True,0.9969572934400696,0.9963798284038664,0.0010182780917468,0.2947743986955731,92.41769824747055,,1.0,1.0,,,1.0,,1.0,1.0,,,True,0.9982975332343246,0.9857996208462996,0.004042564024235,0.1031855507120525,366.8982620424582,,1.0,1.0,,,1.0,,1.0,1.0,,,RandomForest,fleet,112043,13814,136.95,A_volume_matched,CTT_Forester,FS-B,2,cross,112043,13814,0.7977443609022556,1.0,0.8671052631578947,1.0,0.9847744360902256,1.0,0.9842105263157894,1.0,0.9911654135338346,1.0,0.8287324834053313,1.0,0.947898008639764,1.0,1.0,1.0,1.0,1.0,1.0,1.0,,,,,,,,,,
62883,13793,0.2193438608208895,0.9997113248108984,0.9994907929657812,49115,0.0396655748823414,False,0.7724932936997028,0.9999061561561562,2.0370747606437155e-05,0.7997539670371077,1.8488246193507532,,0.9951923076923076,0.9483933787731256,,,0.9736842105263158,,1.0,1.0,,,True,0.8878416588124411,0.9995102840352597,0.0001222244856386,0.7349180348139662,11.09294771610452,,0.9967948717948718,0.9785783836416748,,,1.0,,1.0,1.0,,,True,0.998114985862394,0.9931467320732938,0.0019352210226115,0.1911052579156595,175.63833883832154,,1.0,1.0,,,1.0,,1.0,1.0,,,True,0.9978249836873776,0.9937184115523464,0.00177225504176,0.2324236144004168,160.84774188351554,,1.0,1.0,,,1.0,,1.0,1.0,,,True,0.9990574929311968,0.9670854095024212,0.009553880627419,0.0368129626829204,867.0987464755033,,1.0,1.0,,,1.0,,1.0,1.0,,,RandomForest,fleet,112043,13814,145.1,A_volume_matched,CTT_Forester,FS-B,2,in_f0,112043,13814,0.7768563889935921,0.9545454545454546,0.8379193366000753,1.0,0.9901997738409348,1.0,0.98869204673954,1.0,0.9950998869204674,1.0,0.7375908947202023,1.0,0.8848139951522815,1.0,1.0,1.0,1.0,1.0,1.0,1.0,,,,,,,,,,
125812,27607,0.2194305789590818,0.9997992560660988,0.9996307198157078,98229,0.0396655748823414,True,0.8458362009635237,0.9998287304645688,4.073112366987424e-05,0.9948675114172324,3.696707929898823,,0.9872,1.0,,,1.0,,1.0,1.0,,,True,0.947803093418336,0.9991980753809142,0.0002138383992668,0.9713932191399356,19.40771663196882,,0.9992,1.0,,,1.0,,1.0,1.0,,,True,0.9971746296229216,0.9963445530220776,0.0010284608726643,0.2561744231409902,93.34187522994527,,1.0,1.0,,,1.0,,1.0,1.0,,,True,0.996305284891513,0.9967746611582228,0.0009062675016547,0.3500651038216913,82.25175144024882,,1.0,1.0,,,1.0,,1.0,1.0,,,True,0.9993479914514436,0.9687829201488868,0.0090524922356295,0.0033412097399866,821.5933374200135,,1.0,1.0,,,1.0,,1.0,1.0,,,HistGB,fleet,112043,13814,74.71,A_volume_matched,CTT_Forester,FS-B,2,cross,112043,13814,0.6949248120300752,1.0,0.8550751879699248,1.0,0.9853383458646616,1.0,0.9808270676691728,1.0,0.9966165413533836,1.0,0.8621325466231167,1.0,0.9647560847118324,1.0,1.0,1.0,1.0,1.0,1.0,1.0,,,,,,,,,,
62883,13793,0.2193438608208895,0.999844984119516,0.99969173551183,49115,0.0396655748823414,False,0.7011527586456898,1.0,0.0,0.9983432342938416,0.0,,0.6522435897435898,1.0,,,0.9210526315789472,,1.0,1.0,,,True,0.9011092583194374,0.9994371180443872,0.000142595233245,0.9879651748419102,12.941772335455273,,0.9967948717948718,1.0,,,1.0,,1.0,1.0,,,True,0.998114985862394,0.9950130095403296,0.0014055815848441,0.110867974556019,127.56889873520196,,1.0,1.0,,,1.0,,1.0,1.0,,,True,0.9974624809686072,0.995585787683624,0.0012426156039926,0.2097707257657536,112.77830178039596,,1.0,1.0,,,1.0,,1.0,1.0,,,True,0.9994199956499674,0.9695456463637644,0.0088205337135872,0.0032159021331158,800.5410601788761,,1.0,1.0,,,1.0,,1.0,1.0,,,HistGB,fleet,112043,13814,40.92,A_volume_matched,CTT_Forester,FS-B,2,in_f0,112043,13814,0.6520919713531851,0.8636363636363636,0.7745947983415001,1.0,0.9901997738409348,1.0,0.9868073878627968,1.0,0.9969845457972109,1.0,0.6857413847613025,1.0,0.9194857203077248,1.0,1.0,1.0,1.0,1.0,1.0,1.0,,,,,,,,,,
125812,27607,0.2194305789590818,0.9998081609738504,0.9996668783383804,98229,0.0396655748823414,True,0.9112181693048864,0.999880758376724,3.054834275240568e-05,0.9799554944038392,2.772530947424117,,0.9728,0.9995133819951338,,,1.0,,1.0,1.0,,,True,0.9570761038866954,0.9993570104769468,0.0001731072755969,0.9218595027923584,15.711008702069998,,0.9976,1.0,,,1.0,,1.0,1.0,,,True,0.9972832977143478,0.9960565826127854,0.001109923120004,0.0766776725649833,100.73529108974292,,1.0,1.0,,,1.0,,1.0,1.0,,,True,0.9968486253486436,0.9963433619347598,0.0010284608726643,0.1026158928871154,93.34187522994527,,1.0,1.0,,,1.0,,1.0,1.0,,,True,0.9994204368457276,0.9730215827338128,0.0077898274018634,0.00152193964459,706.9953915931499,,1.0,1.0,,,1.0,,1.0,1.0,,,XGBoost,fleet,112043,13814,44.68,A_volume_matched,CTT_Forester,FS-B,2,cross,112043,13814,0.7973684210526316,1.0,0.8507518796992481,1.0,0.9859022556390976,1.0,0.9836466165413534,1.0,0.9969924812030077,1.0,0.9295121694236644,1.0,0.9795595827626172,1.0,1.0,1.0,1.0,1.0,1.0,1.0,,,,,,,,,,
62883,13793,0.2193438608208895,0.9998362490519656,0.999703987864901,49115,0.0396655748823414,False,0.8928441963314725,0.9999188048067554,2.0370747606437155e-05,0.984698235988617,1.8488246193507532,,0.935897435897436,1.0,,,0.9736842105263158,,1.0,1.0,,,True,0.9521496411223084,0.9994672754946728,0.000142595233245,0.9371951818466188,12.941772335455273,,0.9951923076923076,1.0,,,1.0,,1.0,1.0,,,True,0.998114985862394,0.9950130095403296,0.0014055815848441,0.0361798889935016,127.56889873520196,,1.0,1.0,,,1.0,,1.0,1.0,,,True,0.9976799825998696,0.9955147218404108,0.0012629863515991,0.0738249495625495,114.6271263997467,,1.0,1.0,,,1.0,,1.0,1.0,,,True,0.9995649967374756,0.966898099445964,0.0096149928702383,0.001326284953393,872.6452203335555,,1.0,1.0,,,1.0,,1.0,1.0,,,XGBoost,fleet,112043,13814,16.58,A_volume_matched,CTT_Forester,FS-B,2,in_f0,112043,13814,0.7794949114210328,0.9545454545454546,0.8499811534112326,1.0,0.9901997738409348,1.0,0.9879381831888427,1.0,0.997738409347908,1.0,0.9101064390346716,1.0,0.9727052376435872,1.0,1.0,1.0,1.0,1.0,1.0,1.0,,,,,,,,,,
125812,27607,0.2194305789590818,0.9998554621987662,0.9997175515605184,98229,0.0396655748823414,True,0.921758974173217,0.9999607041810752,1.018278091746856e-05,0.996249242245204,0.9241769824747056,,0.996,0.9897810218978104,,,1.0,,1.0,1.0,,,True,0.9659868873836346,0.9995876906930544,0.0001120105900921,0.9767950646734777,10.165946807221763,,0.9992,1.0,,,1.0,,1.0,1.0,,,True,0.997573079291484,0.9961658106055126,0.0010793747772516,0.0655966286014581,97.9627601423188,,1.0,1.0,,,1.0,,1.0,1.0,,,True,0.9972832977143478,0.9965613349259782,0.0009673641871595,0.0918114499354039,87.79681333509704,,1.0,1.0,,,1.0,,1.0,1.0,,,True,0.9993479914514436,0.9731569664902998,0.0077490962781935,0.0004915270867292,703.298683663251,,1.0,1.0,,,1.0,,1.0,1.0,,,LightGBM,fleet,112043,13814,70.73,A_volume_matched,CTT_Forester,FS-B,2,cross,112043,13814,0.76203007518797,1.0,0.8597744360902255,1.0,0.987406015037594,1.0,0.9859022556390976,1.0,0.9966165413533836,1.0,0.9542724686545148,1.0,0.9898851543567592,1.0,1.0,1.0,1.0,1.0,1.0,1.0,,,,,,,,,,
62883,13793,0.2193438608208895,0.9998830952731436,0.9997571560666756,49115,0.0396655748823414,False,0.9585296889726672,0.9996975425330812,8.148299042574862e-05,0.986246165384006,7.395298477403013,,0.998397435897436,1.0,,,1.0,,1.0,1.0,,,True,0.9667947509606322,0.9995502586013042,0.0001222244856386,0.9778236729019448,11.09294771610452,,0.998397435897436,1.0,,,1.0,,1.0,1.0,,,True,0.9984774885811644,0.9949429273226412,0.0014259523324506,0.0259640677443444,129.41772335455275,,1.0,1.0,,,1.0,,1.0,1.0,,,True,0.998187486406148,0.9952291455833454,0.0013444693420248,0.0429743807377386,122.02242487714972,,1.0,1.0,,,1.0,,1.0,1.0,,,True,0.9994199956499674,0.969750263805839,0.0087594214707679,0.0004258472183489,794.9945863208239,,1.0,1.0,,,1.0,,1.0,1.0,,,LightGBM,fleet,112043,13814,36.86,A_volume_matched,CTT_Forester,FS-B,2,in_f0,112043,13814,0.8465887674330946,1.0,0.8646814926498304,1.0,0.992084432717678,1.0,0.9905767056162834,1.0,0.9969845457972109,1.0,0.9827168300137,1.0,0.9896722520813572,1.0,1.0,1.0,1.0,1.0,1.0,1.0,,,,,,,,,,
125812,27607,0.2194305789590818,0.977853303542899,0.9336915427875744,98229,0.0396655748823414,True,0.0987792951063136,1.0,0.0,203145.7845956661,0.0,,0.36,0.6627737226277373,,,0.1578947368421052,,0.5,1.0,,,True,0.0988517405005976,1.0,0.0,197523.86576806463,0.0,,0.36,0.6627737226277373,,,0.1578947368421052,,0.5,1.0,,,True,0.0989241858948817,1.0,0.0,129152.65826227744,0.0,,0.3608,0.6627737226277373,,,0.1578947368421052,,0.5,1.0,,,True,0.0989241858948817,1.0,0.0,136124.7687213745,0.0,,0.3608,0.6627737226277373,,,0.1578947368421052,,0.5,1.0,,,True,0.7065599304524215,0.963973313565604,0.0074232472888345,3.3427931181440265,673.7250202240605,,1.0,1.0,,,0.9473684210526316,,1.0,1.0,,,Rule:Combined,fleet,112043,13814,0.48,A_volume_matched,CTT_Forester,FS-B,2,cross,112043,13814,0.0,0.0,0.0,0.0,0.0,0.0,0.0,0.0,0.6736842105263158,0.9545454545454546,0.0482035612685702,0.25,0.0483089242440206,0.25,0.0483616057317458,0.25,0.0483616057317458,0.25,0.6646823306290169,0.9166666666666666,,,,,,,,,,
62883,13793,0.2193438608208895,0.979231840419288,0.9358315876899416,49115,0.0396655748823414,False,0.1473211049082868,0.9830672472181906,0.0007129761662253,76.06642676182285,64.70886167727637,,0.3605769230769231,1.0,,,0.1842105263157894,,0.5,1.0,,,True,0.1473211049082868,0.9816425120772948,0.0007740884090446,75.43514023668807,70.25533553532863,,0.3605769230769231,1.0,,,0.1842105263157894,,0.5,1.0,,,True,0.1473211049082868,0.9589428975932044,0.00177225504176,71.99552798737714,160.84774188351554,,0.3605769230769231,1.0,,,0.1842105263157894,,0.5,1.0,,,True,0.1473211049082868,0.9634898055950688,0.0015685475656956,72.05027992570567,142.359495690008,,0.3605769230769231,1.0,,,0.1842105263157894,,0.5,1.0,,,True,0.7092003190023926,0.9578926752839796,0.0087594214707679,3.273843427095748,794.9945863208239,,1.0,1.0,,,0.9473684210526316,,1.0,1.0,,,Rule:Combined,fleet,112043,13814,0.29,A_volume_matched,CTT_Forester,FS-B,2,in_f0,112043,13814,0.0,0.0,0.0,0.0,0.0,0.0,0.0,0.0,0.6830003769317754,0.9545454545454546,0.0822004426177679,0.3333333333333333,0.0822004426177679,0.3333333333333333,0.0822004426177679,0.3333333333333333,0.0822004426177679,0.3333333333333333,0.6659289703867636,0.9166666666666666,,,,,,,,,,
125812,27607,0.2194305789590818,0.4823389992724606,0.2174422189769392,98229,0.0396655748823414,True,0.0,0.0,0.0,203145.7845956661,0.0,,0.0,0.0,,,0.0,,0.0,0.0,,,True,0.0,0.0,0.0,197523.86576806463,0.0,,0.0,0.0,,,0.0,,0.0,0.0,,,True,0.0,0.0,0.0,129152.65826227744,0.0,,0.0,0.0,,,0.0,,0.0,0.0,,,True,0.0,0.0,0.0,136124.7687213745,0.0,,0.0,0.0,,,0.0,,0.0,0.0,,,True,0.0123881624225739,0.2873949579831932,0.0086349982180133,3.230100558682849,783.7020811385505,,0.0008,0.0768856447688564,,,0.4736842105263157,,0.5,1.0,,,Rule:Staleness,fleet,112043,13814,0.32,A_volume_matched,CTT_Forester,FS-B,2,cross,112043,13814,0.0,0.0,0.0,0.0,0.0,0.0,0.0,0.0,0.0056390977443609,0.3181818181818182,0.0,0.0,0.0,0.0,0.0,0.0,0.0,0.0,0.0080602676219576,0.6666666666666666,,,,,,,,,,
62883,13793,0.2193438608208895,0.4844420036042917,0.2142890339962554,49115,0.0396655748823414,False,7.250054375407815e-05,0.0333333333333333,0.0005907516805866,5.423976091800381,53.61591396117184,,0.0,0.0,,,0.0263157894736842,,0.0,0.0,,,True,0.0002175016312622,0.088235294117647,0.0006314931757995,5.155791403919346,57.31356319987335,,0.0,0.0,,,0.0526315789473684,,0.0,0.0,,,True,0.0005800043500326,0.1159420289855072,0.0012426156039926,4.199378818274206,112.77830178039596,,0.0,0.0,,,0.1052631578947368,,0.0,0.0,,,True,0.0005800043500326,0.123076923076923,0.0011611326135669,4.220366173619975,105.38300330299292,,0.0,0.0,,,0.1052631578947368,,0.0,0.0,,,True,0.0088450663379975,0.2364341085271318,0.0080260745569362,3.2218139056298694,728.4369000241968,,0.0032051282051282,0.0048685491723466,,,0.3684210526315789,,0.5,0.5,,,Rule:Staleness,fleet,112043,13814,0.2,A_volume_matched,CTT_Forester,FS-B,2,in_f0,112043,13814,0.0,0.0,0.0,0.0,0.0,0.0,0.0,0.0,0.0045231813041839,0.2272727272727272,0.0001053851828432,0.0833333333333333,0.0003161555485298,0.1666666666666666,0.0008430814627463,0.3333333333333333,0.0008430814627463,0.3333333333333333,0.0108546738328591,0.5833333333333334,,,,,,,,,,
98401,12610,0.1281491041757705,0.7653662741473661,0.5704383000364642,85805,0.0442430017662048,True,0.195796986518636,1.0,0.0,0.999169111251831,0.0,,0.3111259160559627,0.0046253469010175,,,0.6071428571428571,,1.0,0.5,,,True,0.2376685170499603,0.997005988023952,0.0001049061090324,0.998464584350586,8.53608429446973,,0.4410393071285809,0.0120259019426456,,,0.7142857142857143,,1.0,0.5,,,True,0.3009516256938937,0.9681122448979592,0.0014570292921168,0.9966360330581664,118.55672631207958,,0.6369087275149901,0.0379278445883441,,,0.7857142857142857,,1.0,0.5,,,True,0.2961141950832672,0.9706264621783208,0.0013171544800736,0.9967966675758362,107.17528058611992,,0.6235842771485676,0.036077705827937,,,0.7857142857142857,,1.0,0.5,,,True,0.3751784298176051,0.8454253037884203,0.0100826427014488,0.9924403429031372,820.4125460795907,,0.8161225849433711,0.0864939870490286,,,0.9285714285714286,,1.0,1.0,,,LogReg,fleet,92116,6311,3.01,A_volume_matched,CTT_Impala,FS-A,0,cross,92116,6311,0.5113137453562986,0.6428571428571429,0.547450185748058,0.7142857142857143,0.5808848362039851,0.8571428571428571,0.5771698750422155,0.8571428571428571,0.6349206349206349,0.9285714285714286,0.0024526198439241,0.375,0.0057971014492753,0.625,0.0180602006688963,0.625,0.0167224080267558,0.625,0.0477146042363433,0.875,,,,,,,,,,
49186,6299,0.1280648965152685,0.7577620411137915,0.5631826703397145,42904,0.0442430017662048,False,0.2117796475631052,0.999250936329588,2.331708909459743e-05,0.9988920092582704,1.897283579087298,,0.3626666666666667,0.0064754856614246,,,0.5357142857142857,,1.0,0.5,,,True,0.2244800762025718,0.998587570621469,4.663417818919486e-05,0.998604953289032,3.794567158174596,,0.4026666666666667,0.0111008325624421,,,0.5714285714285714,,1.0,0.5,,,True,0.2870296872519448,0.9730893433799784,0.0011658544547298,0.9968811273574828,94.8641789543649,,0.6013333333333334,0.0407030527289546,,,0.7142857142857143,,1.0,0.5,,,True,0.2806794729322114,0.9767955801104972,0.000979317741973,0.997078776359558,79.68591032166651,,0.5846666666666667,0.03422756706753,,,0.7142857142857143,,1.0,0.5,,,True,0.3627559930147642,0.8642208774583964,0.0083708349849604,0.992749810218811,681.12480489234,,0.7986666666666666,0.0980573543015726,,,0.7857142857142857,,1.0,0.5,,,LogReg,fleet,92116,6311,2.99,A_volume_matched,CTT_Impala,FS-A,0,in_f0,92116,6311,0.5284167794316644,0.5714285714285714,0.5385656292286874,0.6428571428571429,0.5717185385656293,0.7857142857142857,0.5683355886332883,0.7857142857142857,0.6224627875507442,0.7857142857142857,0.0008928571428571,0.25,0.0008928571428571,0.25,0.0075892857142857,0.5,0.00625,0.5,0.0272321428571428,0.75,,,,,,,,,,
98401,12610,0.1281491041757705,0.6173183153337873,0.4074770072494775,85805,0.0442430017662048,True,0.2318001586042823,0.9996580027359782,1.165623433693511e-05,0.7089398719833613,0.9484538104966366,,0.9613590939373752,0.0013876040703052,,,0.3928571428571428,,1.0,0.5,,,True,0.2429024583663759,0.9960975609756098,0.0001398748120432,0.6856522242801552,11.381445725959637,,0.981012658227848,0.0046253469010175,,,0.6785714285714286,,1.0,0.5,,,True,0.2625693893735131,0.9681286549707604,0.0012705295427259,0.6529455229419362,103.38146534413336,,0.988674217188541,0.0268270120259019,,,0.7857142857142857,,1.0,1.0,,,True,0.2610626486915147,0.9708050722500736,0.0011539671993565,0.6548853908280141,93.89692723916704,,0.9883411059293804,0.0245143385753931,,,0.7857142857142857,,1.0,1.0,,,True,0.2808088818398097,0.8172167089776137,0.0092317375948526,0.6309922296399598,751.1754179133362,,0.9926715522984676,0.0601295097132284,,,0.8928571428571429,,1.0,1.0,,,RandomForest,fleet,92116,6311,82.26,A_volume_matched,CTT_Impala,FS-A,0,cross,92116,6311,0.0108071597433299,0.3571428571428571,0.0327592029719689,0.7142857142857143,0.0729483282674772,0.7857142857142857,0.0699088145896656,0.7857142857142857,0.0979398851739277,0.8571428571428571,0.0004459308807134,0.125,0.0024526198439241,0.5,0.0153846153846153,0.625,0.0144927536231884,0.625,0.031438127090301,0.875,,,,,,,,,,
49186,6299,0.1280648965152685,0.6241111794196406,0.4093379017063615,42904,0.0442430017662048,False,0.2270201619304651,1.0,0.0,0.7176858048934086,0.0,,0.9453333333333334,0.0,,,0.25,,1.0,0.0,,,True,0.2390855691379584,0.9993364299933644,2.331708909459743e-05,0.6943640029647341,1.897283579087298,,0.972,0.003700277520814,,,0.4642857142857143,,1.0,0.5,,,True,0.2590887442451183,0.9731663685152058,0.0010492690092568,0.6554329138782081,85.3777610589284,,0.988,0.0268270120259019,,,0.6785714285714286,,1.0,0.5,,,True,0.2571836799491983,0.980629539951574,0.0007461468510271,0.65895301432072,60.713074530793534,,0.9873333333333332,0.0212765957446808,,,0.6785714285714286,,1.0,0.5,,,True,0.2760755675504048,0.8316594930655189,0.0082076153612982,0.6311520535674573,667.8438198387288,,0.9926666666666668,0.0684551341350601,,,0.8214285714285714,,1.0,0.5,,,RandomForest,fleet,92116,6311,79.04,A_volume_matched,CTT_Impala,FS-A,0,in_f0,92116,6311,0.0081190798376184,0.2142857142857142,0.0277401894451962,0.4285714285714285,0.06765899864682,0.7142857142857143,0.064276048714479,0.7142857142857143,0.0920162381596752,0.8571428571428571,0.0,0.0,0.0013392857142857,0.25,0.009375,0.5,0.009375,0.5,0.0178571428571428,0.75,,,,,,,,,,
98401,12610,0.1281491041757705,0.6545222320762543,0.4193075580737918,85805,0.0442430017662048,True,0.1406026962727993,0.9994363021420518,1.165623433693511e-05,0.9987141371581414,0.9484538104966366,,0.5143237841439041,0.0175763182238667,,,0.7142857142857143,,1.0,1.0,,,True,0.1711340206185567,0.9958467928011075,0.0001049061090324,0.9983962146107672,8.53608429446973,,0.6169220519653564,0.0259019426456984,,,0.75,,1.0,1.0,,,True,0.2180808881839809,0.960195530726257,0.0013288107144106,0.9977574123588754,108.12373439661656,,0.760159893404397,0.0518038852913968,,,0.8928571428571429,,1.0,1.0,,,True,0.213005551149881,0.9686260367832672,0.0010140923873133,0.9978349264249278,82.51548151320739,,0.7465023317788141,0.0481036077705827,,,0.8571428571428571,,1.0,1.0,,,True,0.2620142743854084,0.7788778877887789,0.0109335478080451,0.9969482171681868,889.6496742458451,,0.8484343770819454,0.1040703052728954,,,0.9642857142857144,,1.0,1.0,,,HistGB,fleet,92116,6311,31.15,A_volume_matched,CTT_Impala,FS-A,0,cross,92116,6311,0.0560621411685241,0.7857142857142857,0.0702465383316447,0.7857142857142857,0.0952380952380952,0.9285714285714286,0.0925363053022627,0.9285714285714286,0.1269841269841269,1.0,0.0055741360089186,0.375,0.0093645484949832,0.5,0.0164994425863991,0.75,0.0149386845039018,0.625,0.0347826086956521,0.875,,,,,,,,,,
49186,6299,0.1280648965152685,0.6578546960963547,0.4185599418745762,42904,0.0442430017662048,False,0.0871566915383394,1.0,0.0,0.999092953655058,0.0,,0.328,0.0046253469010175,,,0.6071428571428571,,1.0,0.5,,,True,0.1689157009049055,0.99812382739212,4.663417818919486e-05,0.998420794025248,3.794567158174596,,0.6086666666666667,0.0277520814061054,,,0.6785714285714286,,1.0,0.5,,,True,0.2179711065248452,0.9621583742116327,0.0012591228111082,0.9977844801346826,102.45331327071408,,0.7573333333333333,0.0564292321924144,,,0.8214285714285714,,1.0,1.0,,,True,0.2133672011430386,0.9718004338394792,0.0009093664746892,0.99785124600681,73.99405958440462,,0.744,0.0545790934320074,,,0.8214285714285714,,1.0,1.0,,,True,0.2603587871090649,0.7772511848341233,0.0109590318744607,0.9969741655200028,891.7232821710301,,0.842,0.1100832562442183,,,0.9285714285714286,,1.0,1.0,,,HistGB,fleet,92116,6311,29.93,A_volume_matched,CTT_Impala,FS-A,0,in_f0,92116,6311,0.03382949932341,0.7857142857142857,0.0730717185385656,0.7857142857142857,0.0974289580514208,0.8571428571428571,0.094722598105548,0.8571428571428571,0.1299052774018944,0.9285714285714286,0.0008928571428571,0.125,0.0058035714285714,0.375,0.0142857142857142,0.625,0.0129464285714285,0.625,0.0294642857142857,0.875,,,,,,,,,,
98401,12610,0.1281491041757705,0.659646440715232,0.4053331770531815,85805,0.0442430017662048,True,0.052498017446471,0.9984917043740572,1.165623433693511e-05,0.9997593760490416,0.9484538104966366,,0.176215856095936,0.0370027752081406,,,0.3571428571428571,,1.0,0.5,,,True,0.1034892942109436,0.9961832061068704,5.828117168467555e-05,0.9994805455207824,4.742269052483183,,0.3584277148567621,0.0652173913043478,,,0.5714285714285714,,1.0,1.0,,,True,0.1884218873909595,0.942483141610472,0.0016901539788555,0.998595654964447,137.52580252201233,,0.6245836109260493,0.1211840888066605,,,0.7857142857142857,,1.0,1.0,,,True,0.1839809674861221,0.9547325102880658,0.0012821857770628,0.998676598072052,104.32991915463002,,0.6122584943371085,0.1174838112858464,,,0.7857142857142857,,1.0,1.0,,,True,0.245757335448057,0.7728179551122194,0.0106188294809478,0.9971428513526917,864.0414213624359,,0.7774816788807462,0.1706753006475485,,,0.8214285714285714,,1.0,1.0,,,XGBoost,fleet,92116,6311,12.78,A_volume_matched,CTT_Impala,FS-A,0,cross,92116,6311,0.0020263424518743,0.2142857142857142,0.0074299223235393,0.5714285714285714,0.0439040864572779,0.7857142857142857,0.0412022965214454,0.7857142857142857,0.0797028031070584,0.8571428571428571,0.010479375696767,0.25,0.0147157190635451,0.25,0.0243032329988851,0.625,0.0236343366778149,0.625,0.0356744704570791,0.625,,,,,,,,,,
49186,6299,0.1280648965152685,0.6627493895292529,0.4044896756175886,42904,0.0442430017662048,False,0.0754087950468328,0.9958071278825996,4.663417818919486e-05,0.9996660947799684,3.794567158174596,,0.2686666666666666,0.0545790934320074,,,0.3214285714285714,,1.0,0.5,,,True,0.1244642006667725,0.9924050632911392,0.0001399025345675,0.9993537068367004,11.383701474523786,,0.4393333333333333,0.0851063829787234,,,0.4642857142857143,,1.0,0.5,,,True,0.1830449277663121,0.9560530679933664,0.0012358057220136,0.998699426651001,100.5560296916268,,0.6113333333333333,0.1341350601295097,,,0.6785714285714286,,1.0,0.5,,,True,0.1785997777424988,0.9631849315068494,0.0010026348310676,0.998764157295227,81.58319390075383,,0.6006666666666667,0.1313598519888991,,,0.6785714285714286,,1.0,0.5,,,True,0.2401968566439117,0.782316442605998,0.0098164945088255,0.9972304701805116,798.7563867957525,,0.77,0.1776133209990749,,,0.75,,1.0,0.5,,,XGBoost,fleet,92116,6311,11.72,A_volume_matched,CTT_Impala,FS-A,0,in_f0,92116,6311,0.0027063599458728,0.2142857142857142,0.0128552097428958,0.4285714285714285,0.047361299052774,0.7142857142857143,0.0426251691474966,0.7142857142857143,0.0838971583220568,0.7857142857142857,0.0040178571428571,0.125,0.00625,0.25,0.009375,0.5,0.0084821428571428,0.5,0.01875,0.625,,,,,,,,,,
98401,12610,0.1281491041757705,0.6552401618262467,0.4145638328184975,85805,0.0442430017662048,True,0.0766058683584456,1.0,0.0,0.9992615510851256,0.0,,0.3134576948700866,0.0046253469010175,,,0.4642857142857143,,1.0,0.5,,,True,0.1354480570975416,0.9953379953379954,9.324987469548088e-05,0.998740624834975,7.587630483973093,,0.5306462358427715,0.0245143385753931,,,0.6785714285714286,,1.0,0.5,,,True,0.1835051546391752,0.9706375838926176,0.0008159364035854,0.99800892464976,66.39176673476456,,0.6895403064623584,0.0531914893617021,,,0.7857142857142857,,1.0,0.5,,,True,0.1786677240285487,0.976592977893368,0.0006294366541944,0.998106923703194,51.21650576681837,,0.6748834110592938,0.0490286771507863,,,0.75,,1.0,0.5,,,True,0.2527359238699445,0.8194908716893803,0.0081826765045284,0.9961856417120925,665.8145749686389,,0.8674217188540972,0.1165587419056429,,,0.9642857142857144,,1.0,1.0,,,LightGBM,fleet,92116,6311,17.48,A_volume_matched,CTT_Impala,FS-A,0,cross,92116,6311,0.0033772374197906,0.3571428571428571,0.0141843971631205,0.6428571428571429,0.0287065180682201,0.7857142857142857,0.0270178993583248,0.7142857142857143,0.0634920634920634,1.0,0.0011148272017837,0.375,0.0044593088071348,0.625,0.0098104793756967,0.75,0.0091415830546265,0.75,0.0318840579710144,0.875,,,,,,,,,,
49186,6299,0.1280648965152685,0.6586221759184013,0.4116336076378611,42904,0.0442430017662048,False,0.0923956183521193,1.0,0.0,0.9991580423207916,0.0,,0.376,0.0064754856614246,,,0.3571428571428571,,1.0,0.5,,,True,0.1401809811081124,0.9943693693693694,0.0001165854454729,0.9987367228070752,9.486417895436489,,0.546,0.030527289546716,,,0.4642857142857143,,1.0,0.5,,,True,0.198285442133672,0.95635528330781,0.001329074078392,0.997816220415782,108.14516400797598,,0.734,0.0684551341350601,,,0.6785714285714286,,1.0,0.5,,,True,0.1938402921098587,0.9644549763033176,0.0010492690092568,0.997898630215212,85.3777610589284,,0.7226666666666667,0.064754856614246,,,0.6428571428571429,,1.0,0.5,,,True,0.2524210192093983,0.7977922729553437,0.0093967869051227,0.9959818516563146,764.605282372181,,0.8746666666666667,0.1174838112858464,,,0.8571428571428571,,1.0,1.0,,,LightGBM,fleet,92116,6311,16.54,A_volume_matched,CTT_Impala,FS-A,0,in_f0,92116,6311,0.0060893098782138,0.2857142857142857,0.016914749661705,0.4285714285714285,0.0399188092016238,0.5714285714285714,0.0365358592692828,0.5714285714285714,0.06765899864682,0.7857142857142857,0.0008928571428571,0.125,0.0026785714285714,0.25,0.0066964285714285,0.75,0.0058035714285714,0.625,0.0227678571428571,0.875,,,,,,,,,,
98401,12610,0.1281491041757705,0.7723036955411557,0.5926266878654857,85805,0.0442430017662048,True,0.2141157811260904,1.0,0.0,0.9977596998214722,0.0,,0.524983344437042,0.0027752081406105,,,0.6428571428571429,,1.0,0.5,,,True,0.2826328310864393,0.9974811083123426,0.0001049061090324,0.9954872727394104,8.53608429446973,,0.7241838774150566,0.0124884366327474,,,0.6785714285714286,,1.0,0.5,,,True,0.3517049960348929,0.978164975738862,0.0011539671993565,0.99052095413208,93.89692723916704,,0.8857428381079281,0.036077705827937,,,0.7857142857142857,,1.0,0.5,,,True,0.3467882632831086,0.9818140996856758,0.0009441549812917,0.991136908531189,76.82475865022757,,0.8747501665556295,0.0328399629972247,,,0.7857142857142857,,1.0,0.5,,,True,0.414274385408406,0.8593518670834018,0.0099660803580795,0.9776401519775392,810.9280079746243,,0.9693537641572284,0.0901942645698427,,,0.9285714285714286,,1.0,1.0,,,LogReg,fleet,92116,6311,2.08,A_volume_matched,CTT_Impala,FS-A,1,cross,92116,6311,0.3738601823708207,0.6428571428571429,0.4511989192840256,0.6428571428571429,0.5457615670381628,0.8571428571428571,0.5400202634245187,0.8571428571428571,0.6393110435663627,1.0,0.0024526198439241,0.5,0.0060200668896321,0.625,0.018283166109253,0.625,0.0171683389074693,0.625,0.0503901895206243,0.75,,,,,,,,,,
49186,6299,0.1280648965152685,0.7638188928411624,0.5848637664101018,42904,0.0442430017662048,False,0.246070804889665,0.9993552546744036,2.331708909459743e-05,0.9967721104621888,1.897283579087298,,0.6193333333333333,0.0064754856614246,,,0.5714285714285714,,1.0,0.5,,,True,0.2792506747102715,0.9977311401020988,9.326835637838972e-05,0.9955139756202698,7.589134316349192,,0.718,0.0129509713228492,,,0.6071428571428571,,1.0,0.5,,,True,0.3456104143514844,0.9784269662921348,0.0011192202765406,0.990497887134552,91.06961179619027,,0.8746666666666667,0.0388529139685476,,,0.6785714285714286,,1.0,0.5,,,True,0.339736466105731,0.9825528007346188,0.0008860493855947,0.99117773771286,72.09677600531732,,0.862,0.03422756706753,,,0.6785714285714286,,1.0,0.5,,,True,0.4046674075250039,0.8723477070499658,0.0086972742322848,0.9785274863243104,707.6867749995622,,0.9606666666666668,0.0971322849213691,,,0.8571428571428571,,1.0,0.5,,,LogReg,fleet,92116,6311,1.82,A_volume_matched,CTT_Impala,FS-A,1,in_f0,92116,6311,0.4140730717185386,0.6428571428571429,0.4472259810554804,0.6428571428571429,0.5426251691474966,0.7142857142857143,0.5345060893098782,0.7142857142857143,0.6305818673883626,0.9285714285714286,0.0008928571428571,0.25,0.003125,0.375,0.009375,0.5,0.0089285714285714,0.5,0.0316964285714285,0.75,,,,,,,,,,
98401,12610,0.1281491041757705,0.6167604868741604,0.3952537094473666,85805,0.0442430017662048,True,0.234020618556701,1.0,0.0,0.6982118770508379,0.0,,0.9813457694870088,0.0,,,0.25,,1.0,0.0,,,True,0.2371927042030134,0.997,0.0001049061090324,0.6795476428908215,8.53608429446973,,0.9900066622251832,0.0004625346901017,,,0.3928571428571428,,1.0,0.5,,,True,0.2516256938937351,0.956298975286317,0.0016901539788555,0.637956059525849,137.52580252201233,,0.9960026648900732,0.0060129509713228,,,0.7142857142857143,,1.0,0.5,,,True,0.2502775574940523,0.9624885635864592,0.001433716823443,0.6400378426895507,116.65981869108629,,0.9960026648900732,0.0046253469010175,,,0.7142857142857143,,1.0,0.5,,,True,0.2645519429024583,0.7720435084471188,0.011481390821881,0.6174141657120832,934.2270033391868,,0.9960026648900732,0.0180388529139685,,,0.7857142857142857,,1.0,0.5,,,RandomForest,fleet,92116,6311,88.3,A_volume_matched,CTT_Impala,FS-A,1,cross,92116,6311,0.0013508949679162,0.1428571428571428,0.005741303613644,0.3571428571428571,0.0509962850388382,0.7142857142857143,0.0472813238770685,0.7142857142857143,0.0813914218169537,0.8571428571428571,0.0002229654403567,0.125,0.0002229654403567,0.125,0.0042363433667781,0.625,0.0035674470457079,0.625,0.0147157190635451,0.625,,,,,,,,,,
49186,6299,0.1280648965152685,0.6241510783313418,0.4011390441198054,42904,0.0442430017662048,False,0.2346404191141451,1.0,0.0,0.6924394206578984,0.0,,0.9833333333333332,0.0,,,0.2142857142857142,,1.0,0.0,,,True,0.2373392602000317,0.9973315543695798,9.326835637838972e-05,0.6795722498774291,7.589134316349192,,0.99,0.0,,,0.3214285714285714,,1.0,0.0,,,True,0.2506747102714716,0.96990171990172,0.0011425373656352,0.6422138531389885,92.9668953752776,,0.996,0.0046253469010175,,,0.6071428571428571,,1.0,0.5,,,True,0.2495634227655183,0.9751861042183624,0.0009326835637838,0.644104219332399,75.89134316349191,,0.996,0.0046253469010175,,,0.5357142857142857,,1.0,0.5,,,True,0.2630576281949516,0.8154527559055118,0.008743908410474,0.6197533599072697,711.4813421577368,,0.996,0.0203515263644773,,,0.7142857142857143,,1.0,0.5,,,RandomForest,fleet,92116,6311,91.8,A_volume_matched,CTT_Impala,FS-A,1,in_f0,92116,6311,0.0020297699594046,0.1428571428571428,0.006765899864682,0.3571428571428571,0.0514208389715832,0.6428571428571429,0.047361299052774,0.5714285714285714,0.0805142083897158,0.7142857142857143,0.0,0.0,0.0,0.0,0.0017857142857142,0.375,0.0013392857142857,0.25,0.0098214285714285,0.625,,,,,,,,,,
98401,12610,0.1281491041757705,0.6353115723917181,0.3460562978320244,85805,0.0442430017662048,True,0.0356066613798572,0.9977777777777778,1.165623433693511e-05,0.9992850739191756,0.9484538104966366,,0.1405729513657561,0.0027752081406105,,,0.5357142857142857,,1.0,0.5,,,True,0.0695479777954004,0.9920814479638008,8.159364035854577e-05,0.9990129469393118,6.639176673476457,,0.2588274483677548,0.0106382978723404,,,0.6071428571428571,,1.0,0.5,,,True,0.1183980967486122,0.931960049937578,0.0012705295427259,0.9986047083734962,103.38146534413336,,0.4183877415056629,0.0277520814061054,,,0.7857142857142857,,1.0,0.5,,,True,0.1132434575733544,0.9413315754779168,0.0010374048559872,0.9986461741932064,84.41238913420065,,0.4020652898067954,0.0263644773358001,,,0.7857142857142857,,1.0,0.5,,,True,0.1811260904044409,0.7225561531161026,0.010222517513492,0.9979814553831488,831.7939918055503,,0.5969353764157228,0.0753931544865865,,,0.8928571428571429,,1.0,1.0,,,HistGB,fleet,92116,6311,41.75,A_volume_matched,CTT_Impala,FS-A,1,cross,92116,6311,0.0067544748395812,0.6428571428571429,0.0246538331644714,0.7142857142857143,0.0472813238770685,0.8571428571428571,0.0449172576832151,0.8571428571428571,0.0709219858156028,0.8571428571428571,0.0002229654403567,0.125,0.0008918617614269,0.25,0.0082497212931995,0.625,0.006911928651059,0.625,0.0265328874024526,0.875,,,,,,,,,,
49186,6299,0.1280648965152685,0.6445390983108037,0.3519772853926205,42904,0.0442430017662048,False,0.047309096682013,0.9966555183946488,2.331708909459743e-05,0.9991969267169516,1.897283579087298,,0.1753333333333333,0.003700277520814,,,0.5357142857142857,,1.0,0.5,,,True,0.0720749325289728,0.9934354485776804,6.995126728379229e-05,0.9989884625961236,5.691850737261893,,0.262,0.0101757631822386,,,0.6071428571428571,,1.0,0.5,,,True,0.1122400381012859,0.9515477792732168,0.0008394152074055,0.9986471385323404,68.30220884714272,,0.3886666666666666,0.0231267345050878,,,0.7857142857142857,,1.0,0.5,,,True,0.1054135577075726,0.9595375722543352,0.0006528784946487,0.998690772861974,53.123940214444346,,0.3686666666666666,0.0212765957446808,,,0.7857142857142857,,1.0,0.5,,,True,0.1787585331004921,0.7461895294897283,0.0089304451232308,0.9980085997118716,726.6596107904352,,0.5833333333333334,0.0684551341350601,,,0.8571428571428571,,1.0,1.0,,,HistGB,fleet,92116,6311,26.89,A_volume_matched,CTT_Impala,FS-A,1,in_f0,92116,6311,0.020297699594046,0.6428571428571429,0.0317997293640054,0.7142857142857143,0.050744248985115,0.8571428571428571,0.047361299052774,0.8571428571428571,0.0764546684709066,0.8571428571428571,0.0004464285714285,0.125,0.0013392857142857,0.25,0.0107142857142857,0.625,0.0080357142857142,0.625,0.0285714285714285,0.75,,,,,,,,,,
98401,12610,0.1281491041757705,0.6217594792708108,0.3540440737674019,85805,0.0442430017662048,True,0.0229976209357652,0.9897610921501706,3.4968703010805326e-05,0.9998750686645508,2.845361431489909,,0.0816122584943371,0.0115633672525439,,,0.2857142857142857,,1.0,0.5,,,True,0.0570182394924662,0.9782312925170068,0.0001864997493909,0.999707281589508,15.175260967946183,,0.1822118587608261,0.0407030527289546,,,0.4642857142857143,,1.0,1.0,,,True,0.1524187153053132,0.9357351509250244,0.0015386229324754,0.9990750551223756,125.19590298555605,,0.4906728847435043,0.0975948196114708,,,0.8214285714285714,,1.0,1.0,,,True,0.1460745440126883,0.9412365866121616,0.0013404669487475,0.9991313815116882,109.0721882071132,,0.4700199866755496,0.0938945420906568,,,0.8214285714285714,,1.0,1.0,,,True,0.207533703409992,0.7477142857142857,0.0102924549195137,0.9983782768249512,837.4847146685302,,0.6359093937375083,0.1489361702127659,,,0.8214285714285714,,1.0,1.0,,,XGBoost,fleet,92116,6311,21.16,A_volume_matched,CTT_Impala,FS-A,1,cross,92116,6311,0.0006754474839581,0.0714285714285714,0.0077676460655184,0.3571428571428571,0.0486322188449848,0.8571428571428571,0.0455927051671732,0.8571428571428571,0.0820668693009118,0.8571428571428571,0.0040133779264214,0.25,0.0136008918617614,0.25,0.020958751393534,0.625,0.0207357859531772,0.625,0.0318840579710144,0.625,,,,,,,,,,
49186,6299,0.1280648965152685,0.628893999687494,0.3543707002147009,42904,0.0442430017662048,False,0.0112716304175265,1.0,0.0,0.9999250173568728,0.0,,0.0446666666666666,0.0027752081406105,,,0.1785714285714285,,0.75,0.5,,,True,0.0268296555008731,0.9883040935672516,4.663417818919486e-05,0.99984610080719,3.794567158174596,,0.0953333333333333,0.0175763182238667,,,0.25,,1.0,0.5,,,True,0.1343070328623591,0.950561797752809,0.0010259519201622,0.9992103576660156,83.4804774798411,,0.4426666666666666,0.093432007400555,,,0.6428571428571429,,1.0,0.5,,,True,0.1233529131608191,0.9652173913043478,0.0006528784946487,0.9993023872375488,53.123940214444346,,0.4113333333333333,0.0814061054579093,,,0.6428571428571429,,1.0,0.5,,,True,0.201619304651532,0.7623049219687875,0.0092335672814605,0.9984116554260254,751.32429731857,,0.6293333333333333,0.1415356151711378,,,0.7857142857142857,,1.0,0.5,,,XGBoost,fleet,92116,6311,22.44,A_volume_matched,CTT_Impala,FS-A,1,in_f0,92116,6311,0.0,0.0,0.0013531799729364,0.0714285714285714,0.0453315290933694,0.7142857142857143,0.040595399188092,0.7142857142857143,0.0886332882273342,0.8571428571428571,0.0004464285714285,0.125,0.0022321428571428,0.125,0.00625,0.375,0.0053571428571428,0.375,0.01875,0.625,,,,,,,,,,
98401,12610,0.1281491041757705,0.6249683352062342,0.3462686765471182,85805,0.0442430017662048,True,0.0278350515463917,1.0,0.0,0.999676319920429,0.0,,0.1145902731512325,0.0027752081406105,,,0.1785714285714285,,0.75,0.5,,,True,0.0779540047581284,0.9859578736208626,0.000163187280717,0.9992306900164072,13.278353346952914,,0.2874750166555629,0.0439407955596669,,,0.5714285714285714,,1.0,0.5,,,True,0.1273592386994448,0.9267166762839008,0.0014803417607907,0.9987526574632803,120.45363393307284,,0.4183877415056629,0.1059204440333025,,,0.75,,1.0,1.0,,,True,0.1233148295003965,0.9322541966426858,0.0013171544800736,0.9987909236451512,107.17528058611992,,0.4080612924716855,0.0994449583718778,,,0.75,,1.0,1.0,,,True,0.2011102299762093,0.6806226516371444,0.0138709188609527,0.9978982481418696,1128.6600344909975,,0.5812791472351766,0.1845513413506013,,,0.8928571428571429,,1.0,1.0,,,LightGBM,fleet,92116,6311,41.38,A_volume_matched,CTT_Impala,FS-A,1,cross,92116,6311,0.000337723741979,0.0714285714285714,0.0047281323877068,0.5,0.0209388720027017,0.7142857142857143,0.0195879770347855,0.7142857142857143,0.0526849037487335,0.9285714285714286,0.0,0.0,0.0024526198439241,0.5,0.0131549609810479,0.625,0.0127090301003344,0.625,0.0526198439241917,0.75,,,,,,,,,,
49186,6299,0.1280648965152685,0.6354175152457726,0.3607765245920329,42904,0.0442430017662048,False,0.0354024448325131,1.0,0.0,0.999616155417578,0.0,,0.144,0.0064754856614246,,,0.1785714285714285,,1.0,0.5,,,True,0.0719161771709795,0.993421052631579,6.995126728379229e-05,0.9993188624630612,5.691850737261893,,0.2726666666666666,0.032377428307123,,,0.4285714285714285,,1.0,0.5,,,True,0.1211303381489125,0.949004975124378,0.0009560006528784,0.9988447068645302,77.78862674257921,,0.4086666666666667,0.095282146160962,,,0.6785714285714286,,1.0,0.5,,,True,0.1166851881250992,0.9595300261096604,0.0007228297619325,0.9988950145742124,58.81579095170624,,0.396,0.091581868640148,,,0.6428571428571429,,1.0,0.5,,,True,0.1928877599618987,0.7670454545454546,0.0086040058759064,0.9981190952996388,700.097640683213,,0.5673333333333334,0.1692876965772433,,,0.8214285714285714,,1.0,0.5,,,LightGBM,fleet,92116,6311,37.73,A_volume_matched,CTT_Impala,FS-A,1,in_f0,92116,6311,0.0,0.0,0.003382949932341,0.2857142857142857,0.0162381596752368,0.6428571428571429,0.0148849797023004,0.5714285714285714,0.0446549391069012,0.8571428571428571,0.0,0.0,0.0017857142857142,0.375,0.0102678571428571,0.625,0.0089285714285714,0.625,0.0513392857142857,0.75,,,,,,,,,,
98401,12610,0.1281491041757705,0.7734441166432807,0.5921272814645311,85805,0.0442430017662048,True,0.2393338620142744,1.0,0.0,0.995868980884552,0.0,,0.5436375749500333,0.0092506938020351,,,0.6071428571428571,,1.0,0.5,,,True,0.3034099920697858,0.9976531942633636,0.0001049061090324,0.9916117191314696,8.53608429446973,,0.7315123251165889,0.0240518038852913,,,0.6785714285714286,,1.0,0.5,,,True,0.3642347343378271,0.9764030612244898,0.0012938420113997,0.981559991836548,105.27837296512666,,0.8894070619586942,0.0633672525439408,,,0.8214285714285714,,1.0,1.0,,,True,0.3601903251387787,0.9814174589455488,0.0010024361529764,0.9827212691307068,81.56702770271076,,0.8800799467021986,0.0601295097132284,,,0.8214285714285714,,1.0,1.0,,,True,0.4134020618556701,0.8616528925619835,0.0097562681400146,0.9584006667137146,793.8558393856849,,0.9693537641572284,0.1096207215541165,,,0.9642857142857144,,1.0,1.0,,,LogReg,fleet,92116,6311,3.37,A_volume_matched,CTT_Impala,FS-A,2,cross,92116,6311,0.4569402228976697,0.6428571428571429,0.5180682201958797,0.6428571428571429,0.5646740965889903,0.8571428571428571,0.5623100303951368,0.8571428571428571,0.6190476190476191,1.0,0.0028985507246376,0.375,0.0098104793756967,0.625,0.0254180602006688,0.625,0.0234113712374581,0.625,0.0519509476031215,0.875,,,,,,,,,,
49186,6299,0.1280648965152685,0.7651043107693343,0.5837485263877802,42904,0.0442430017662048,False,0.2590887442451183,0.9993876301285975,2.331708909459743e-05,0.9945654869079592,1.897283579087298,,0.606,0.0129509713228492,,,0.5,,1.0,0.5,,,True,0.2975075408795047,0.9978700745473909,9.326835637838972e-05,0.991690993309021,7.589134316349192,,0.7206666666666667,0.0259019426456984,,,0.6071428571428571,,1.0,0.5,,,True,0.3552944911890776,0.9764397905759162,0.0012591228111082,0.9817850589752196,102.45331327071408,,0.8766666666666667,0.0693802035152636,,,0.75,,1.0,0.5,,,True,0.3524368947451976,0.980565371024735,0.0010259519201622,0.9827216267585754,83.4804774798411,,0.8693333333333333,0.0666049953746531,,,0.75,,1.0,0.5,,,True,0.4038736307350373,0.8727272727272727,0.0086506400540956,0.9591656923294068,703.8922078413876,,0.9613333333333334,0.1211840888066605,,,0.8571428571428571,,1.0,0.5,,,LogReg,fleet,92116,6311,3.36,A_volume_matched,CTT_Impala,FS-A,2,in_f0,92116,6311,0.4790257104194858,0.5714285714285714,0.5142083897158322,0.6428571428571429,0.5581867388362652,0.7857142857142857,0.5554803788903924,0.7857142857142857,0.6123139377537212,0.9285714285714286,0.0004464285714285,0.125,0.0022321428571428,0.375,0.0102678571428571,0.625,0.0102678571428571,0.625,0.0294642857142857,0.75,,,,,,,,,,
98401,12610,0.1281491041757705,0.6118101520920431,0.3895899694657707,85805,0.0442430017662048,True,0.1557494052339413,1.0,0.0,0.7959729859731336,0.0,,0.654230512991339,0.0,,,0.1428571428571428,,1.0,0.0,,,True,0.2326724821570182,0.9945762711864408,0.0001864997493909,0.7171460313752712,15.175260967946183,,0.9613590939373752,0.001850138760407,,,0.3928571428571428,,1.0,0.5,,,True,0.2487708168120539,0.9625652040503222,0.001422060589106,0.6800436888780138,115.71136488058964,,0.988674217188541,0.0134135060129509,,,0.5714285714285714,,1.0,0.5,,,True,0.2480570975416336,0.9681213246672856,0.0012005921367043,0.6823744656025273,97.69074248115356,,0.9880079946702198,0.0115633672525439,,,0.5714285714285714,,1.0,0.5,,,True,0.2625693893735131,0.7853415559772297,0.0105488920749262,0.6593681802106234,858.350698499456,,0.9936708860759492,0.0309898242368177,,,0.6785714285714286,,1.0,0.5,,,RandomForest,fleet,92116,6311,81.42,A_volume_matched,CTT_Impala,FS-A,2,cross,92116,6311,0.0,0.0,0.0145221209050996,0.3571428571428571,0.0398514015535292,0.5,0.038838230327592,0.5,0.0563998649105032,0.5714285714285714,0.0,0.0,0.0002229654403567,0.125,0.0049052396878483,0.5,0.0049052396878483,0.5,0.020958751393534,0.75,,,,,,,,,,
49186,6299,0.1280648965152685,0.619511251528266,0.3918938158333153,42904,0.0442430017662048,False,0.1751071598666455,1.0,0.0,0.7821426758534815,0.0,,0.7353333333333333,0.0,,,0.1428571428571428,,1.0,0.0,,,True,0.2189236386728052,0.9978292329956584,6.995126728379229e-05,0.7383081517483472,5.691850737261893,,0.9113333333333332,0.0,,,0.25,,1.0,0.0,,,True,0.247023337037625,0.9694704049844236,0.0011425373656352,0.6824680370292484,92.9668953752776,,0.986,0.0111008325624421,,,0.5,,1.0,0.5,,,True,0.2448007620257183,0.9765674477517416,0.0008627322965001,0.687268922943902,70.19949242623002,,0.984,0.0074005550416281,,,0.4642857142857143,,1.0,0.5,,,True,0.2595650103190983,0.7883317261330762,0.0102362021125282,0.6597236556211376,832.9074912193237,,0.9933333333333332,0.032377428307123,,,0.6785714285714286,,1.0,0.5,,,RandomForest,fleet,92116,6311,83.68,A_volume_matched,CTT_Impala,FS-A,2,in_f0,92116,6311,0.0,0.0,0.0081190798376184,0.2142857142857142,0.040595399188092,0.4285714285714285,0.037212449255751,0.4285714285714285,0.0581867388362652,0.5714285714285714,0.0,0.0,0.0,0.0,0.0022321428571428,0.375,0.0013392857142857,0.25,0.0107142857142857,0.75,,,,,,,,,,
98401,12610,0.1281491041757705,0.6408663240584187,0.3963572281632892,85805,0.0442430017662048,True,0.03695479777954,1.0,0.0,0.999558039032262,0.0,,0.1485676215856096,0.0027752081406105,,,0.3571428571428571,,1.0,0.5,,,True,0.1011102299762093,0.9953161592505856,6.993740602161065e-05,0.999173029376926,5.690722862979818,,0.3737508327781479,0.0263644773358001,,,0.7142857142857143,,1.0,0.5,,,True,0.1672482157018239,0.9638939670932358,0.0009208425126178,0.9987459453077484,74.92785102923429,,0.5799467021985343,0.0619796484736355,,,0.8214285714285714,,1.0,1.0,,,True,0.1617763679619349,0.967741935483871,0.0007926239349115,0.9987810054109072,64.49485911377128,,0.564290473017988,0.0587419056429232,,,0.8214285714285714,,1.0,1.0,,,True,0.2326724821570182,0.7921166306695464,0.00897530043944,0.998174740258834,730.3094340824102,,0.7451698867421719,0.1170212765957446,,,0.8928571428571429,,1.0,1.0,,,HistGB,fleet,92116,6311,42.96,A_volume_matched,CTT_Impala,FS-A,2,cross,92116,6311,0.0040526849037487,0.2857142857142857,0.0270178993583248,0.7857142857142857,0.055724417426545,0.8571428571428571,0.0533603512326916,0.8571428571428571,0.0878081729145559,0.9285714285714286,0.0004459308807134,0.125,0.0035674470457079,0.5,0.0153846153846153,0.625,0.0136008918617614,0.625,0.041025641025641,0.75,,,,,,,,,,
49186,6299,0.1280648965152685,0.6421769243047812,0.3939487043828072,42904,0.0442430017662048,False,0.0622321003333862,1.0,0.0,0.9994137315392184,0.0,,0.2393333333333333,0.0064754856614246,,,0.4642857142857143,,1.0,0.5,,,True,0.1004921416097793,0.998422712933754,2.331708909459743e-05,0.9991808493571968,1.897283579087298,,0.3746666666666666,0.0240518038852913,,,0.5714285714285714,,1.0,0.5,,,True,0.1697094776948722,0.958744394618834,0.0010725860983514,0.9987127573066688,87.27504463801571,,0.5946666666666667,0.0619796484736355,,,0.75,,1.0,1.0,,,True,0.1606604222892522,0.9721421709894332,0.0006761955837433,0.99877322240219,55.02122379353164,,0.5706666666666667,0.0536540240518038,,,0.6785714285714286,,1.0,1.0,,,True,0.2340053976821717,0.7761979989468141,0.0099097628652039,0.9981381023194356,806.3455211121016,,0.7486666666666667,0.1295097132284921,,,0.8571428571428571,,1.0,1.0,,,HistGB,fleet,92116,6311,47.1,A_volume_matched,CTT_Impala,FS-A,2,in_f0,92116,6311,0.0155615696887686,0.4285714285714285,0.0257104194857916,0.5714285714285714,0.0588633288227334,0.7142857142857143,0.0534506089309878,0.7142857142857143,0.0967523680649526,0.8571428571428571,0.0013392857142857,0.25,0.003125,0.375,0.0102678571428571,0.625,0.0084821428571428,0.375,0.0303571428571428,0.75,,,,,,,,,,
98401,12610,0.1281491041757705,0.5735078890013316,0.1859108061640147,85805,0.0442430017662048,True,0.0065027755749405,1.0,0.0,0.9999949932098388,0.0,,0.0003331112591605,0.0217391304347826,,,0.1428571428571428,,0.25,0.5,,,True,0.0127676447264076,0.9583333333333334,8.159364035854577e-05,0.9999785423278807,6.639176673476457,,0.0039973351099267,0.0430157261794634,,,0.2142857142857142,,0.5,0.5,,,True,0.0221252973830293,0.7227979274611399,0.001247217074052,0.9999549388885498,101.48455772314011,,0.0216522318454363,0.0642923219241443,,,0.4642857142857143,,0.75,1.0,,,True,0.0212529738302934,0.7768115942028986,0.000897530043944,0.999957799911499,73.03094340824101,,0.0199866755496335,0.0619796484736355,,,0.4285714285714285,,0.75,1.0,,,True,0.0435368754956383,0.4072700296735905,0.0093133312352111,0.9999161958694458,757.8145945868125,,0.0716189207195203,0.093432007400555,,,0.6428571428571429,,1.0,1.0,,,XGBoost,fleet,92116,6311,17.74,A_volume_matched,CTT_Impala,FS-A,2,cross,92116,6311,0.0,0.0,0.0010131712259371,0.0714285714285714,0.0037149611617696,0.2857142857142857,0.0033772374197906,0.2142857142857142,0.0097939885173927,0.4285714285714285,0.0075808249721293,0.25,0.0118171683389074,0.25,0.0142697881828316,0.5,0.0142697881828316,0.5,0.0229654403567447,0.75,,,,,,,,,,
49186,6299,0.1280648965152685,0.5771003575029108,0.1899115097260664,42904,0.0442430017662048,False,0.0065089696777266,1.0,0.0,0.9999909400939944,0.0,,0.0,0.0314523589269195,,,0.0714285714285714,,0.0,0.5,,,True,0.0100015875535799,0.9545454545454546,6.995126728379229e-05,0.9999781847000122,5.691850737261893,,0.0033333333333333,0.0453283996299722,,,0.1785714285714285,,0.5,0.5,,,True,0.0203206858231465,0.7901234567901234,0.0007927810292163,0.9999570846557616,64.50764168896814,,0.02,0.0730804810360777,,,0.3214285714285714,,0.75,0.5,,,True,0.0184156215272265,0.8345323741007195,0.0005362930491757,0.9999607801437378,43.63752231900786,,0.0166666666666666,0.0693802035152636,,,0.3214285714285714,,0.75,0.5,,,True,0.0442927448801397,0.4386792452830189,0.0083242008067712,0.999916672706604,677.3302377341653,,0.0746666666666666,0.1073080481036077,,,0.4642857142857143,,1.0,0.5,,,XGBoost,fleet,92116,6311,16.83,A_volume_matched,CTT_Impala,FS-A,2,in_f0,92116,6311,0.0,0.0,0.0013531799729364,0.0714285714285714,0.0040595399188092,0.2142857142857142,0.0040595399188092,0.2142857142857142,0.0128552097428958,0.3571428571428571,0.003125,0.125,0.003125,0.125,0.0058035714285714,0.25,0.0044642857142857,0.25,0.0142857142857142,0.375,,,,,,,,,,
98401,12610,0.1281491041757705,0.6103319502347012,0.2404397654745799,85805,0.0442430017662048,True,0.0092783505154639,1.0,0.0,0.999781804041686,0.0,,0.0346435709526982,0.0046253469010175,,,0.1428571428571428,,0.5,0.5,,,True,0.0163362410785091,0.9537037037037036,0.0001165623433693,0.9997072206589632,9.484538104966363,,0.0562958027981345,0.0134135060129509,,,0.2857142857142857,,0.75,0.5,,,True,0.0333862014274385,0.8080614203454894,0.0011656234336935,0.9995200961081064,94.84538104966366,,0.0949367088607595,0.0407030527289546,,,0.4642857142857143,,0.75,1.0,,,True,0.0311657414750198,0.81875,0.0010140923873133,0.9995381155536311,82.51548151320739,,0.0902731512325116,0.0374653098982423,,,0.4642857142857143,,0.75,1.0,,,True,0.0742268041237113,0.5515615792575133,0.0088703943304076,0.9991200948897342,721.7733497879404,,0.1782145236508994,0.0911193339500462,,,0.8214285714285714,,1.0,1.0,,,LightGBM,fleet,92116,6311,38.81,A_volume_matched,CTT_Impala,FS-A,2,cross,92116,6311,0.0010131712259371,0.0714285714285714,0.0013508949679162,0.1428571428571428,0.0043904086457277,0.2857142857142857,0.0037149611617696,0.2857142857142857,0.0192502532928064,0.6428571428571429,0.0,0.0,0.0008918617614269,0.25,0.007803790412486,0.5,0.0066889632107023,0.5,0.0327759197324414,1.0,,,,,,,,,,
49186,6299,0.1280648965152685,0.6144991064490934,0.245134821682577,42904,0.0442430017662048,False,0.0100015875535799,0.9545454545454546,6.995126728379229e-05,0.9997684921349244,5.691850737261893,,0.036,0.0074005550416281,,,0.1428571428571428,,0.5,0.5,,,True,0.0161930465153198,0.9444444444444444,0.0001399025345675,0.9997036124800311,11.383701474523786,,0.0546666666666666,0.0157261794634597,,,0.25,,0.75,0.5,,,True,0.0306397840927131,0.8212765957446808,0.000979317741973,0.9995311417160252,79.68591032166651,,0.0913333333333333,0.0425531914893617,,,0.3214285714285714,,0.75,0.5,,,True,0.0296872519447531,0.8311111111111111,0.0008860493855947,0.9995476462199095,72.09677600531732,,0.0886666666666666,0.0416281221091581,,,0.2857142857142857,,0.75,0.5,,,True,0.0749325289728528,0.5679903730445247,0.0083708349849604,0.9991087110800008,681.12480489234,,0.188,0.1017576318223866,,,0.75,,1.0,0.5,,,LightGBM,fleet,92116,6311,40.79,A_volume_matched,CTT_Impala,FS-A,2,in_f0,92116,6311,0.0006765899864682,0.0714285714285714,0.0013531799729364,0.1428571428571428,0.003382949932341,0.2142857142857142,0.0027063599458728,0.1428571428571428,0.0209742895805142,0.6428571428571429,0.0,0.0,0.0004464285714285,0.125,0.0022321428571428,0.25,0.0022321428571428,0.25,0.021875,0.875,,,,,,,,,,
98401,12610,0.1281491041757705,0.9912809324314532,0.968940365241708,85805,0.0442430017662048,True,0.5988897700237906,1.0,0.0,0.9982920289039612,0.0,,0.9980013324450366,0.9176688251618872,,,0.7142857142857143,,1.0,0.5,,,True,0.7572561459159397,0.9993720565149136,6.993740602161065e-05,0.2195278257131576,5.690722862979818,,0.9996668887408394,1.0,,,1.0,,1.0,1.0,,,True,0.838223632038065,0.9909065341708072,0.0011306547306827,0.0990078002214431,92.00001961817374,,0.9996668887408394,1.0,,,1.0,,1.0,1.0,,,True,0.8308485329103886,0.9929864467822956,0.0008625613409331,0.1036374941468238,70.1855819767511,,0.9996668887408394,1.0,,,1.0,,1.0,1.0,,,True,0.9019032513877876,0.9333606893721788,0.0094648622815913,0.064392052590847,770.1444941232688,,1.0,1.0,,,1.0,,1.0,1.0,,,LogReg,fleet,92116,6311,1.79,A_volume_matched,CTT_Impala,FS-B,0,cross,92116,6311,0.729483282674772,0.7857142857142857,0.8939547450185749,1.0,0.9564336372847012,1.0,0.9520432286389732,1.0,0.97838568051334,1.0,0.0918617614269788,0.5,0.387736900780379,1.0,0.5741360089186176,1.0,0.5562987736900781,1.0,0.7384615384615385,1.0,,,,,,,,,,
49186,6299,0.1280648965152685,0.9903582485468658,0.9637266733291708,42904,0.0442430017662048,False,0.7745673916494682,0.9981587561374796,0.0002098538018513,0.1508710980415344,17.07555221178568,,1.0,1.0,,,1.0,,1.0,1.0,,,True,0.7796475631052548,0.9973598700243704,0.0003031221582297,0.139776349067688,24.66468652813488,,1.0,1.0,,,1.0,,1.0,1.0,,,True,0.8164788061597079,0.9922824618946556,0.0009326835637838,0.1003186404705047,75.89134316349191,,1.0,1.0,,,1.0,,1.0,1.0,,,True,0.8117161454199079,0.9932012432012431,0.0008160981183109,0.103286862373352,66.40492526805542,,1.0,1.0,,,1.0,,1.0,1.0,,,True,0.8866486743927607,0.9282034236330398,0.010072982488866,0.0633934065699577,819.6265061657127,,1.0,1.0,,,1.0,,1.0,1.0,,,LogReg,fleet,92116,6311,1.69,A_volume_matched,CTT_Impala,FS-B,0,in_f0,92116,6311,0.935723951285521,1.0,0.93978349120433,1.0,0.959404600811908,1.0,0.9573748308525034,1.0,0.9824086603518268,1.0,0.4084821428571428,1.0,0.4200892857142857,1.0,0.5107142857142857,1.0,0.4986607142857143,1.0,0.6928571428571428,1.0,,,,,,,,,,
98401,12610,0.1281491041757705,0.9998692440421784,0.9996437788880176,85805,0.0442430017662048,True,0.6841395717684378,1.0,0.0,0.8105943053846547,0.0,,0.9983344437041972,0.7432932469935245,,,0.9642857142857144,,1.0,1.0,,,True,0.971847739888977,0.9995921696574224,5.828117168467555e-05,0.4085694188215218,4.742269052483183,,1.0,1.0,,,1.0,,1.0,1.0,,,True,0.999206978588422,0.9922041105598866,0.0011539671993565,0.211043076771679,93.89692723916704,,1.0,1.0,,,1.0,,1.0,1.0,,,True,0.999206978588422,0.9943181818181818,0.0008392488722593,0.216224190375436,68.28867435575783,,1.0,1.0,,,1.0,,1.0,1.0,,,True,0.9994448850118952,0.9367474357068528,0.0099194554207317,0.1808719228495527,807.1341927326378,,1.0,1.0,,,1.0,,1.0,1.0,,,RandomForest,fleet,92116,6311,87.16,A_volume_matched,CTT_Impala,FS-B,0,cross,92116,6311,0.7946639648767309,0.9285714285714286,0.9966227625802094,1.0,0.999324552516042,1.0,0.999324552516042,1.0,0.999324552516042,1.0,0.3723522853957636,1.0,0.9230769230769232,1.0,0.998216276477146,1.0,0.998216276477146,1.0,0.9988851727982164,1.0,,,,,,,,,,
49186,6299,0.1280648965152685,0.9999077607197876,0.9997149095175332,42904,0.0442430017662048,False,0.9965073821241468,0.9982506361323156,0.0002564879800405,0.2711295436542453,20.870119369960275,,1.0,1.0,,,1.0,,1.0,1.0,,,True,0.99904746785204,0.9968319341042292,0.0004663417818919,0.2372121676259928,37.94567158174596,,1.0,1.0,,,1.0,,1.0,1.0,,,True,0.9996824892840134,0.9904057879836426,0.0014223424347704,0.2089588734295998,115.73429832432518,,1.0,1.0,,,1.0,,1.0,1.0,,,True,0.99952373392602,0.9911838790931988,0.0013057569892974,0.2110784000710455,106.24788042888868,,1.0,1.0,,,1.0,,1.0,1.0,,,True,0.9996824892840134,0.9309580130100532,0.010889080607177,0.1802533918911084,886.0314314337683,,1.0,1.0,,,1.0,,1.0,1.0,,,RandomForest,fleet,92116,6311,95.11,A_volume_matched,CTT_Impala,FS-B,0,in_f0,92116,6311,0.9986468200270636,1.0,0.9993234100135318,1.0,0.9993234100135318,1.0,0.9993234100135318,1.0,0.9993234100135318,1.0,0.9910714285714286,1.0,0.9977678571428572,1.0,0.9995535714285714,1.0,0.9991071428571427,1.0,0.9995535714285714,1.0,,,,,,,,,,
98401,12610,0.1281491041757705,0.999818727993138,0.9994024367046772,85805,0.0442430017662048,True,0.7581284694686756,1.0,0.0,0.994677523885634,0.0,,0.9993337774816788,1.0,,,1.0,,1.0,1.0,,,True,0.9202220459952418,0.9997415352804342,3.4968703010805326e-05,0.7418679602560231,2.845361431489909,,0.9996668887408394,1.0,,,1.0,,1.0,1.0,,,True,0.9912767644726408,0.9935617200540496,0.0009441549812917,0.2051836629730856,76.82475865022757,,1.0,1.0,,,1.0,,1.0,1.0,,,True,0.988659793814433,0.9951309067688378,0.000711030294553,0.2287026458214586,57.85568244029482,,1.0,1.0,,,1.0,,1.0,1.0,,,True,0.998731165741475,0.932543502406516,0.0106188294809478,0.0688102847431926,864.0414213624359,,1.0,1.0,,,1.0,,1.0,1.0,,,HistGB,fleet,92116,6311,30.45,A_volume_matched,CTT_Impala,FS-B,0,cross,92116,6311,0.7882472137791287,1.0,0.9915569064505236,1.0,0.999324552516042,1.0,0.999324552516042,1.0,0.999324552516042,1.0,0.460200668896321,1.0,0.7814938684503902,1.0,0.9759197324414716,1.0,0.968561872909699,1.0,0.9968784838350055,1.0,,,,,,,,,,
49186,6299,0.1280648965152685,0.999869760786766,0.999259107323608,42904,0.0442430017662048,False,0.9018891887601208,0.999120647203658,0.0001165854454729,0.6837760097225819,9.486417895436489,,1.0,1.0,,,1.0,,1.0,1.0,,,True,0.9326877282108272,0.9984704282800816,0.0002098538018513,0.488174913663256,17.07555221178568,,1.0,1.0,,,1.0,,1.0,1.0,,,True,0.9884108588664868,0.989982509142948,0.0014689766129596,0.1777452614455339,119.52886548249978,,1.0,1.0,,,1.0,,1.0,1.0,,,True,0.9865057945705668,0.9913848117421824,0.0012591228111082,0.1931180331107768,102.45331327071408,,1.0,1.0,,,1.0,,1.0,1.0,,,True,0.9982536910620732,0.9347405975917944,0.0102362021125282,0.0704766386385045,832.9074912193237,,1.0,1.0,,,1.0,,1.0,1.0,,,HistGB,fleet,92116,6311,24.01,A_volume_matched,CTT_Impala,FS-B,0,in_f0,92116,6311,0.9925575101488496,1.0,0.9945872801082544,1.0,0.9993234100135318,1.0,0.9993234100135318,1.0,0.9993234100135318,1.0,0.7290178571428572,1.0,0.8142857142857143,1.0,0.9678571428571427,1.0,0.9625,1.0,0.9955357142857144,1.0,,,,,,,,,,
98401,12610,0.1281491041757705,0.9998009446097684,0.9991197661678702,85805,0.0442430017662048,True,0.7832672482157018,1.0,0.0,0.9789264798164368,0.0,,0.9993337774816788,1.0,,,1.0,,1.0,1.0,,,True,0.9339413164155432,0.9995756238329656,5.828117168467555e-05,0.3757641315460205,4.742269052483183,,1.0,1.0,,,1.0,,1.0,1.0,,,True,0.9818398096748612,0.9915905814512254,0.0012239046053781,0.0913169980049133,99.58765010214684,,1.0,1.0,,,1.0,,1.0,1.0,,,True,0.9799365582870736,0.992689588688946,0.001060717324661,0.1005519926548004,86.30929675519393,,1.0,1.0,,,1.0,,1.0,1.0,,,True,0.9988897700237906,0.932001479837218,0.0107120793556433,0.023945378139615,871.6290518464091,,1.0,1.0,,,1.0,,1.0,1.0,,,XGBoost,fleet,92116,6311,14.42,A_volume_matched,CTT_Impala,FS-B,0,cross,92116,6311,0.8260722728807836,1.0,0.994258696386356,1.0,0.9986491050320836,1.0,0.9986491050320836,1.0,0.999324552516042,1.0,0.5059085841694537,1.0,0.8180602006688963,1.0,0.9498327759197324,1.0,0.9444816053511704,1.0,0.9973244147157192,1.0,,,,,,,,,,
49186,6299,0.1280648965152685,0.999763368007561,0.9987467945568976,42904,0.0442430017662048,False,0.8677567867915542,0.9996342355523044,4.663417818919486e-05,0.4503487348556519,3.794567158174596,,1.0,1.0,,,1.0,,1.0,1.0,,,True,0.8926813779965074,0.9994667614646284,6.995126728379229e-05,0.2947898507118225,5.691850737261893,,1.0,1.0,,,1.0,,1.0,1.0,,,True,0.9628512462295602,0.992797511867736,0.0010259519201622,0.0974306464195251,83.4804774798411,,1.0,1.0,,,1.0,,1.0,1.0,,,True,0.9566597872678204,0.994717728623308,0.0007461468510271,0.1109684184193611,60.713074530793534,,1.0,1.0,,,1.0,,1.0,1.0,,,True,0.99714240355612,0.947074788902292,0.0081842982722036,0.0279826838523149,665.9465362596416,,1.0,1.0,,,1.0,,1.0,1.0,,,XGBoost,fleet,92116,6311,12.44,A_volume_matched,CTT_Impala,FS-B,0,in_f0,92116,6311,0.989851150202977,1.0,0.9939106901217862,1.0,0.9979702300405954,1.0,0.9979702300405954,1.0,0.9993234100135318,1.0,0.6348214285714285,1.0,0.7022321428571429,1.0,0.896875,1.0,0.8794642857142857,1.0,0.9924107142857144,1.0,,,,,,,,,,
98401,12610,0.1281491041757705,0.9997406326096272,0.9990961780907268,85805,0.0442430017662048,True,0.7810467882632831,1.0,0.0,0.9889877445691582,0.0,,0.9990006662225184,1.0,,,1.0,,1.0,1.0,,,True,0.92101506740682,1.0,0.0,0.5844921156936154,0.0,,0.9996668887408394,1.0,,,1.0,,1.0,1.0,,,True,0.98152260111023,0.9914290291573212,0.001247217074052,0.0953227892804798,101.48455772314011,,1.0,1.0,,,1.0,,1.0,1.0,,,True,0.9796986518636004,0.9926878264363198,0.001060717324661,0.1044101158772105,86.30929675519393,,1.0,1.0,,,1.0,,1.0,1.0,,,True,0.9984139571768438,0.9311441461430368,0.0108519541676865,0.0170440653587567,883.0104975723686,,1.0,1.0,,,1.0,,1.0,1.0,,,LightGBM,fleet,92116,6311,38.81,A_volume_matched,CTT_Impala,FS-B,0,cross,92116,6311,0.8311381290104695,1.0,0.9915569064505236,1.0,0.9989868287740628,1.0,0.9989868287740628,1.0,0.999324552516042,1.0,0.4965440356744705,1.0,0.7837235228539576,1.0,0.9487179487179488,1.0,0.9435897435897436,1.0,0.9959866220735786,1.0,,,,,,,,,,
49186,6299,0.1280648965152685,0.999748198388398,0.9988378482450404,42904,0.0442430017662048,False,0.8890300047626607,1.0,0.0,0.4461683981739668,0.0,,1.0,1.0,,,1.0,,1.0,1.0,,,True,0.913002063819654,0.9994786235662148,6.995126728379229e-05,0.275598310672198,5.691850737261893,,1.0,1.0,,,1.0,,1.0,1.0,,,True,0.9606286712176536,0.9942490962865592,0.0008160981183109,0.1055979817013447,66.40492526805542,,1.0,1.0,,,1.0,,1.0,1.0,,,True,0.954119701539927,0.9953627028817488,0.0006528784946487,0.1213121781153291,53.123940214444346,,1.0,1.0,,,1.0,,1.0,1.0,,,True,0.9968248928401332,0.9472016895459344,0.0081609811831091,0.0206407112102448,664.0492526805542,,1.0,1.0,,,1.0,,1.0,1.0,,,LightGBM,fleet,92116,6311,34.53,A_volume_matched,CTT_Impala,FS-B,0,in_f0,92116,6311,0.9939106901217862,1.0,0.9972936400541272,1.0,0.9986468200270636,1.0,0.9979702300405954,1.0,0.9993234100135318,1.0,0.6919642857142857,1.0,0.7571428571428571,1.0,0.8901785714285714,1.0,0.8723214285714286,1.0,0.9915178571428572,1.0,,,,,,,,,,
98401,12610,0.1281491041757705,0.9997118405091414,0.9991396521015732,85805,0.0442430017662048,True,0.4566217287866772,0.9996527777777776,2.331246867387022e-05,78125.0,1.8969076209932727,,0.9996668887408394,0.0,,,0.75,,1.0,0.0,,,True,0.6801744647105472,0.9996503496503496,3.4968703010805326e-05,31250.0,2.845361431489909,,0.9996668887408394,0.9708603145235892,,,0.8214285714285714,,1.0,0.5,,,True,0.999603489294211,0.9689445768314244,0.0047091186721217,8.742394442912458,383.1753394406412,,1.0,1.0,,,1.0,,1.0,1.0,,,True,0.999603489294211,0.9711093990755008,0.0043710878763506,9.305548655282356,355.6701789362388,,1.0,1.0,,,1.0,,1.0,1.0,,,True,0.999603489294211,0.9110950487893024,0.0143371682344301,5.006197804007512,1166.598186910863,,1.0,1.0,,,1.0,,1.0,1.0,,,Rule:Combined,fleet,92116,6311,0.33,A_volume_matched,CTT_Impala,FS-B,0,cross,92116,6311,0.7413036136440392,0.9285714285714286,0.9824383654170888,1.0,0.9989868287740628,1.0,0.9989868287740628,1.0,0.9989868287740628,1.0,0.1253065774804905,0.5,0.126644370122631,0.5,0.9995540691192863,1.0,0.9995540691192863,1.0,0.9995540691192863,1.0,,,,,,,,,,
49186,6299,0.1280648965152685,0.999700503669484,0.9987000945606592,42904,0.0442430017662048,False,0.6801079536434355,0.9993002099370188,6.995126728379229e-05,15625.000000000002,5.691850737261893,,1.0,0.9703977798334876,,,0.8214285714285714,,1.0,0.5,,,True,0.9996824892840134,0.9460637019230768,0.0083708349849604,9.86628941796892,681.12480489234,,1.0,1.0,,,1.0,,1.0,1.0,,,True,0.9996824892840134,0.9411149305036616,0.0091869331032713,8.124266450314614,747.5297301603954,,1.0,1.0,,,1.0,,1.0,1.0,,,True,0.9996824892840134,0.9415370813397128,0.0091169818359875,8.155980865605722,741.8378794231335,,1.0,1.0,,,1.0,,1.0,1.0,,,True,0.9996824892840134,0.897647897362794,0.0167416699699209,5.20790763712109,1362.24960978468,,1.0,1.0,,,1.0,,1.0,1.0,,,Rule:Combined,fleet,92116,6311,0.21,A_volume_matched,CTT_Impala,FS-B,0,in_f0,92116,6311,0.983085250338295,1.0,0.9986468200270636,1.0,0.9986468200270636,1.0,0.9986468200270636,1.0,0.9986468200270636,1.0,0.1258928571428571,0.5,1.0,1.0,1.0,1.0,1.0,1.0,1.0,1.0,,,,,,,,,,
98401,12610,0.1281491041757705,0.4653641619748475,0.1166394192200104,85805,0.0442430017662048,True,0.0,0.0,0.0037416512221561,118.45449883885496,304.4536731694203,,0.0,0.0,,,0.0,,0.0,0.0,,,True,0.0,0.0,0.0037999323938408,75.54455765956914,309.1959422219035,,0.0,0.0,,,0.0,,0.0,0.0,,,True,0.000396510705789,0.0121654501216545,0.0047324311407956,8.21291457664355,385.0722470616344,,0.0006662225183211,0.0004625346901017,,,0.1785714285714285,,0.5,0.5,,,True,0.000396510705789,0.0126262626262626,0.0045575876257416,8.599980400691901,370.8454399041849,,0.0006662225183211,0.0004625346901017,,,0.1785714285714285,,0.5,0.5,,,True,0.0061062648691514,0.056701030927835,0.0149316361856138,4.831564457794258,1214.9693312461914,,0.0076615589606928,0.0092506938020351,,,0.7857142857142857,,1.0,0.5,,,Rule:Staleness,fleet,92116,6311,0.24,A_volume_matched,CTT_Impala,FS-B,0,cross,92116,6311,0.0,0.0,0.0,0.0,0.0006754474839581,0.1428571428571428,0.0006754474839581,0.1428571428571428,0.0060790273556231,0.7142857142857143,0.0,0.0,0.0,0.0,0.0,0.0,0.0,0.0,0.0035674470457079,0.875,,,,,,,,,,
49186,6299,0.1280648965152685,0.4659315488222255,0.1162843054298122,42904,0.0442430017662048,False,0.0,0.0,0.0079278102921631,12.198953488107096,645.0764168896812,,0.0,0.0,,,0.0,,0.0,0.0,,,True,0.0,0.0,0.0080677128267307,9.715267633110068,656.4601183642051,,0.0,0.0,,,0.0,,0.0,0.0,,,True,0.0003175107159866,0.0051948051948051,0.0089304451232308,8.078657037177154,726.6596107904352,,0.0006666666666666,0.0,,,0.0714285714285714,,0.25,0.0,,,True,0.0003175107159866,0.0052770448548812,0.0087905425886632,8.154622587974686,715.2759093159113,,0.0006666666666666,0.0,,,0.0714285714285714,,0.25,0.0,,,True,0.0039688839498333,0.0341530054644808,0.0164851819898803,5.201565209860731,1341.3794904147196,,0.004,0.0083256244218316,,,0.4285714285714285,,0.75,0.5,,,Rule:Staleness,fleet,92116,6311,0.14,A_volume_matched,CTT_Impala,FS-B,0,in_f0,92116,6311,0.0,0.0,0.0,0.0,0.0006765899864682,0.0714285714285714,0.0006765899864682,0.0714285714285714,0.003382949932341,0.3571428571428571,0.0,0.0,0.0,0.0,0.0,0.0,0.0,0.0,0.0022321428571428,0.375,,,,,,,,,,
98401,12610,0.1281491041757705,0.9933071496965808,0.9748772643097232,85805,0.0442430017662048,True,0.5964314036478985,1.0,0.0,0.9992559552192688,0.0,,0.9980013324450366,0.931082331174838,,,0.6428571428571429,,1.0,0.5,,,True,0.777319587628866,0.999286369660516,8.159364035854577e-05,0.1646665036678314,6.639176673476457,,0.9996668887408394,1.0,,,1.0,,1.0,1.0,,,True,0.8463124504361618,0.99182156133829,0.0010257486216502,0.092874638736248,83.463935323704,,0.9996668887408394,1.0,,,1.0,,1.0,1.0,,,True,0.8416336241078509,0.9926112981668536,0.0009208425126178,0.0958852022886276,74.92785102923429,,0.9996668887408394,1.0,,,1.0,,1.0,1.0,,,True,0.9183187946074544,0.9322170342939944,0.0098145493116993,0.0590812414884567,798.5981084381681,,1.0,1.0,,,1.0,,1.0,1.0,,,LogReg,fleet,92116,6311,2.0,A_volume_matched,CTT_Impala,FS-B,1,cross,92116,6311,0.7240797028031071,0.6428571428571429,0.9213103681188788,1.0,0.961837217156366,1.0,0.9584599797365756,1.0,0.983451536643026,1.0,0.082051282051282,0.5,0.4260869565217391,1.0,0.5933110367892976,1.0,0.5823857302118172,1.0,0.7812709030100334,1.0,,,,,,,,,,
49186,6299,0.1280648965152685,0.9937510145700788,0.9742482996985574,42904,0.0442430017662048,False,0.7758374345134148,0.9983656792645555,0.0001865367127567,0.1539576053619385,15.178268632698384,,1.0,1.0,,,1.0,,1.0,1.0,,,True,0.7939355453246547,0.9972083748753738,0.0003264392473243,0.125863492488861,26.561970107222173,,1.0,1.0,,,1.0,,1.0,1.0,,,True,0.8407683759326877,0.9904619412754816,0.0011891715438244,0.0903879702091217,96.7614625334522,,1.0,1.0,,,1.0,,1.0,1.0,,,True,0.8293379901571678,0.9931558935361215,0.0008394152074055,0.0961303636431694,68.30220884714272,,1.0,1.0,,,1.0,,1.0,1.0,,,True,0.913002063819654,0.9307331283379188,0.0099797141324877,0.0586737990379333,812.0373718493636,,1.0,1.0,,,1.0,,1.0,1.0,,,LogReg,fleet,92116,6311,1.82,A_volume_matched,CTT_Impala,FS-B,1,in_f0,92116,6311,0.935723951285521,1.0,0.946549391069012,1.0,0.9709066305818674,1.0,0.9641407307171854,1.0,0.9851150202976996,1.0,0.4120535714285714,1.0,0.4558035714285714,1.0,0.5714285714285714,1.0,0.54375,1.0,0.7651785714285714,1.0,,,,,,,,,,
98401,12610,0.1281491041757705,0.9998443361206524,0.999579615803152,85805,0.0442430017662048,True,0.6482950039651071,1.0,0.0,0.8003022914656086,0.0,,0.9990006662225184,0.6864014801110083,,,0.9642857142857144,,1.0,1.0,,,True,0.9869151467089612,0.9996786890513294,4.662493734774044e-05,0.4015584923364359,3.7938152419865454,,1.0,1.0,,,1.0,,1.0,1.0,,,True,0.999127676447264,0.9934552909635704,0.0009674674499656,0.2462833424870322,78.72166627122084,,1.0,1.0,,,1.0,,1.0,1.0,,,True,0.9990483743061064,0.9948669351654428,0.0007576552319007,0.2492712038464736,61.64949768228137,,1.0,1.0,,,1.0,,1.0,1.0,,,True,0.9992862807295796,0.9397419643523008,0.0094182373442435,0.2170056353636262,766.3506788812823,,1.0,1.0,,,1.0,,1.0,1.0,,,RandomForest,fleet,92116,6311,90.92,A_volume_matched,CTT_Impala,FS-B,1,cross,92116,6311,0.7997298210064168,0.9285714285714286,0.9976359338061466,1.0,0.9986491050320836,1.0,0.9986491050320836,1.0,0.999324552516042,1.0,0.29520624303233,1.0,0.9647714604236344,1.0,0.9984392419175028,1.0,0.998216276477146,1.0,0.9984392419175028,1.0,,,,,,,,,,
49186,6299,0.1280648965152685,0.9998895334858292,0.9997341307623074,42904,0.0442430017662048,False,0.9974599142721068,0.9990459532517092,0.0001399025345675,0.2930532767420619,11.383701474523786,,1.0,1.0,,,1.0,,1.0,1.0,,,True,0.9982536910620732,0.9982536910620732,0.0002564879800405,0.278061687111968,20.870119369960275,,1.0,1.0,,,1.0,,1.0,1.0,,,True,0.9993649785680266,0.9880709464762204,0.0017720987711894,0.2408499410283265,144.19355201063465,,1.0,1.0,,,1.0,,1.0,1.0,,,True,0.9993649785680266,0.9910264483627204,0.001329074078392,0.2441115083076244,108.14516400797598,,1.0,1.0,,,1.0,,1.0,1.0,,,True,0.9996824892840134,0.9364961332540156,0.0099563970433931,0.2162834862761574,810.1400882702762,,1.0,1.0,,,1.0,,1.0,1.0,,,RandomForest,fleet,92116,6311,92.07,A_volume_matched,CTT_Impala,FS-B,1,in_f0,92116,6311,0.9979702300405954,1.0,0.9979702300405954,1.0,0.9979702300405954,1.0,0.9979702300405954,1.0,0.9993234100135318,1.0,0.9941964285714284,1.0,0.9964285714285714,1.0,0.9995535714285714,1.0,0.9995535714285714,1.0,0.9995535714285714,1.0,,,,,,,,,,
98401,12610,0.1281491041757705,0.9993940745528128,0.9970389653076818,85805,0.0442430017662048,True,0.7309278350515463,1.0,0.0,0.9971647065645244,0.0,,0.9990006662225184,1.0,,,0.9642857142857144,,1.0,1.0,,,True,0.9038858049167328,0.9997368651872642,3.4968703010805326e-05,0.8044901855827176,2.845361431489909,,0.9996668887408394,1.0,,,1.0,,1.0,1.0,,,True,0.9656621728786676,0.9938785504407444,0.0008742175752701,0.4092604615664327,71.13403578724774,,1.0,1.0,,,1.0,,1.0,1.0,,,True,0.961300555114988,0.9960558751027117,0.0005594992481728,0.4549501601384077,45.52578290383855,,1.0,1.0,,,1.0,,1.0,1.0,,,True,0.984932593180016,0.937641552166692,0.0096280495623084,0.1654686355562159,783.4228474702219,,1.0,1.0,,,1.0,,1.0,1.0,,,HistGB,fleet,92116,6311,18.97,A_volume_matched,CTT_Impala,FS-B,1,cross,92116,6311,0.7760891590678825,0.9285714285714286,0.9908814589665652,1.0,0.9979736575481256,1.0,0.9976359338061466,1.0,0.999324552516042,1.0,0.3919732441471572,1.0,0.7360089186176143,1.0,0.90479375696767,1.0,0.8927536231884058,1.0,0.958082497212932,1.0,,,,,,,,,,
49186,6299,0.1280648965152685,0.9989735039280524,0.9945464535618046,42904,0.0442430017662048,False,0.8358469598348944,1.0,0.0,0.8669431027927799,0.0,,1.0,1.0,,,1.0,,1.0,1.0,,,True,0.8739482457532942,0.999636825857999,4.663417818919486e-05,0.7277495213898698,3.794567158174596,,1.0,1.0,,,1.0,,1.0,1.0,,,True,0.9433243371963804,0.9896735509660226,0.001445659523865,0.3654357331991058,117.63158190341248,,1.0,1.0,,,1.0,,1.0,1.0,,,True,0.9401492300365136,0.9924585218702866,0.0010492690092568,0.3935372160155027,85.3777610589284,,1.0,1.0,,,1.0,,1.0,1.0,,,True,0.9711065248452136,0.9367534456355284,0.0096299577960687,0.1634084672096117,783.578118163054,,1.0,1.0,,,1.0,,1.0,1.0,,,HistGB,fleet,92116,6311,17.31,A_volume_matched,CTT_Impala,FS-B,1,in_f0,92116,6311,0.9837618403247632,1.0,0.9925575101488496,1.0,0.9979702300405954,1.0,0.9972936400541272,1.0,0.9993234100135318,1.0,0.5491071428571429,1.0,0.6504464285714285,1.0,0.8419642857142857,1.0,0.8334821428571428,1.0,0.9191964285714286,1.0,,,,,,,,,,
98401,12610,0.1281491041757705,0.9998746598928508,0.9995786908583996,85805,0.0442430017662048,True,0.7674068199841396,1.0,0.0,0.989945352077484,0.0,,0.9993337774816788,0.9944495837187788,,,1.0,,1.0,1.0,,,True,0.9432989690721648,0.9997478567826524,3.4968703010805326e-05,0.4052367806434631,2.845361431489909,,1.0,1.0,,,1.0,,1.0,1.0,,,True,0.9950832672482156,0.9911532385466034,0.0013054982457367,0.0729413405060768,106.22682677562332,,1.0,1.0,,,1.0,,1.0,1.0,,,True,0.992466296590008,0.99396394249861,0.000885873809607,0.0919726565480232,72.08248959774438,,1.0,1.0,,,1.0,,1.0,1.0,,,True,0.9993655828707376,0.9295566865825772,0.011131703791773,0.0216325130313634,905.773389024288,,1.0,1.0,,,1.0,,1.0,1.0,,,XGBoost,fleet,92116,6311,15.81,A_volume_matched,CTT_Impala,FS-B,1,cross,92116,6311,0.7939885173927728,1.0,0.9902060114826072,1.0,0.9989868287740628,1.0,0.9986491050320836,1.0,0.999324552516042,1.0,0.4851727982162764,1.0,0.8470457079152731,1.0,0.986845039018952,1.0,0.9797101449275364,1.0,0.9986622073578596,1.0,,,,,,,,,,
49186,6299,0.1280648965152685,0.9998629033637548,0.9994210892670328,42904,0.0442430017662048,False,0.8842673440228608,1.0,0.0,0.4513041973114014,0.0,,1.0,1.0,,,1.0,,1.0,1.0,,,True,0.9482457532941736,0.9988294314381272,0.0001632196236621,0.1940996348857879,13.280985053611086,,1.0,1.0,,,1.0,,1.0,1.0,,,True,0.9907921892363868,0.9909495077802476,0.001329074078392,0.0757702142000198,108.14516400797598,,1.0,1.0,,,1.0,,1.0,1.0,,,True,0.9884108588664868,0.9914012738853504,0.0012591228111082,0.0839169025421142,102.45331327071408,,1.0,1.0,,,1.0,,1.0,1.0,,,True,0.9996824892840134,0.9286240967408936,0.0112854711217851,0.022129014134407,918.2852522782522,,1.0,1.0,,,1.0,,1.0,1.0,,,XGBoost,fleet,92116,6311,19.66,A_volume_matched,CTT_Impala,FS-B,1,in_f0,92116,6311,0.9878213802435724,1.0,0.9952638700947226,1.0,0.9986468200270636,1.0,0.9979702300405954,1.0,0.9993234100135318,1.0,0.6825892857142857,1.0,0.8575892857142857,1.0,0.975,1.0,0.96875,1.0,0.9995535714285714,1.0,,,,,,,,,,
98401,12610,0.1281491041757705,0.9997953827095304,0.9991959765788272,85805,0.0442430017662048,True,0.7896114195083267,1.0,0.0,0.9812897369163012,0.0,,0.9996668887408394,1.0,,,1.0,,1.0,1.0,,,True,0.9380650277557494,0.9997464503042596,3.4968703010805326e-05,0.4287867143447738,2.845361431489909,,1.0,1.0,,,1.0,,1.0,1.0,,,True,0.9796193497224424,0.990855859468998,0.0013288107144106,0.1037600626176122,108.12373439661656,,1.0,1.0,,,1.0,,1.0,1.0,,,True,0.9750198255352894,0.9931340872374798,0.0009907799186394,0.1229620948579296,80.61857389221412,,1.0,1.0,,,1.0,,1.0,1.0,,,True,0.9988897700237906,0.9258360896729144,0.0117611404459675,0.0192625402750004,956.9898947911064,,1.0,1.0,,,1.0,,1.0,1.0,,,LightGBM,fleet,92116,6311,32.36,A_volume_matched,CTT_Impala,FS-B,1,cross,92116,6311,0.8223573117190138,1.0,0.9915569064505236,1.0,0.9986491050320836,1.0,0.9986491050320836,1.0,0.999324552516042,1.0,0.5259754738015607,1.0,0.831438127090301,1.0,0.9435897435897436,1.0,0.9306577480490524,1.0,0.9973244147157192,1.0,,,,,,,,,,
49186,6299,0.1280648965152685,0.9997252625757244,0.9986608408197534,42904,0.0442430017662048,False,0.8880774726147007,0.999106983389891,0.0001165854454729,0.3840402421073163,9.486417895436489,,1.0,1.0,,,1.0,,1.0,1.0,,,True,0.9133195745356406,0.9980916030534353,0.0002564879800405,0.2537197442238806,20.870119369960275,,1.0,1.0,,,1.0,,1.0,1.0,,,True,0.960311160501667,0.9905027018175864,0.0013523911674866,0.1049434403984646,110.04244758706328,,1.0,1.0,,,1.0,,1.0,1.0,,,True,0.952690903317987,0.9920648040998512,0.0011192202765406,0.119671063731857,91.06961179619027,,1.0,1.0,,,1.0,,1.0,1.0,,,True,0.9982536910620732,0.9340463458110516,0.0103527875580012,0.0221839085745962,842.3939091147602,,1.0,1.0,,,1.0,,1.0,1.0,,,LightGBM,fleet,92116,6311,38.59,A_volume_matched,CTT_Impala,FS-B,1,in_f0,92116,6311,0.9918809201623816,1.0,0.9952638700947226,1.0,0.9979702300405954,1.0,0.9979702300405954,1.0,0.9993234100135318,1.0,0.690625,1.0,0.759375,1.0,0.8897321428571429,1.0,0.8683035714285714,1.0,0.9955357142857144,1.0,,,,,,,,,,
98401,12610,0.1281491041757705,0.9997122134901528,0.9991397305937118,85805,0.0442430017662048,True,0.4566217287866772,0.9996527777777776,2.331246867387022e-05,78125.0,1.8969076209932727,,0.9996668887408394,0.0,,,0.75,,1.0,0.0,,,True,0.6801744647105472,0.9996503496503496,3.4968703010805326e-05,31250.0,2.845361431489909,,0.9996668887408394,0.9708603145235892,,,0.8214285714285714,,1.0,0.5,,,True,0.999603489294211,0.9689445768314244,0.0047091186721217,8.718181694172317,383.1753394406412,,1.0,1.0,,,1.0,,1.0,1.0,,,True,0.999603489294211,0.9711093990755008,0.0043710878763506,9.279981311768356,355.6701789362388,,1.0,1.0,,,1.0,,1.0,1.0,,,True,0.999603489294211,0.9109633591096336,0.014360480703104,5.001312950580767,1168.4950945318562,,1.0,1.0,,,1.0,,1.0,1.0,,,Rule:Combined,fleet,92116,6311,0.34,A_volume_matched,CTT_Impala,FS-B,1,cross,92116,6311,0.7413036136440392,0.9285714285714286,0.9824383654170888,1.0,0.9989868287740628,1.0,0.9989868287740628,1.0,0.9989868287740628,1.0,0.1253065774804905,0.5,0.126644370122631,0.5,0.9995540691192863,1.0,0.9995540691192863,1.0,0.9995540691192863,1.0,,,,,,,,,,
49186,6299,0.1280648965152685,0.9997009811904384,0.9987001991277612,42904,0.0442430017662048,False,0.6801079536434355,0.9993002099370188,6.995126728379229e-05,15625.000000000002,5.691850737261893,,1.0,0.9703977798334876,,,0.8214285714285714,,1.0,0.5,,,True,0.9996824892840134,0.9460637019230768,0.0083708349849604,9.83937328492278,681.12480489234,,1.0,1.0,,,1.0,,1.0,1.0,,,True,0.9996824892840134,0.9411149305036616,0.0091869331032713,8.101540528681435,747.5297301603954,,1.0,1.0,,,1.0,,1.0,1.0,,,True,0.9996824892840134,0.9415370813397128,0.0091169818359875,8.133178659039807,741.8378794231335,,1.0,1.0,,,1.0,,1.0,1.0,,,True,0.9996824892840134,0.897647897362794,0.0167416699699209,5.192458093573022,1362.24960978468,,1.0,1.0,,,1.0,,1.0,1.0,,,Rule:Combined,fleet,92116,6311,0.22,A_volume_matched,CTT_Impala,FS-B,1,in_f0,92116,6311,0.983085250338295,1.0,0.9986468200270636,1.0,0.9986468200270636,1.0,0.9986468200270636,1.0,0.9986468200270636,1.0,0.1258928571428571,0.5,1.0,1.0,1.0,1.0,1.0,1.0,1.0,1.0,,,,,,,,,,
98401,12610,0.1281491041757705,0.4653641619748475,0.1166394192200104,85805,0.0442430017662048,True,0.0,0.0,0.0037416512221561,118.16638891983384,304.4536731694203,,0.0,0.0,,,0.0,,0.0,0.0,,,True,0.0,0.0,0.0037999323938408,75.35966206584533,309.1959422219035,,0.0,0.0,,,0.0,,0.0,0.0,,,True,0.000396510705789,0.0121654501216545,0.0047324311407956,8.189975423383935,385.0722470616344,,0.0006662225183211,0.0004625346901017,,,0.1785714285714285,,0.5,0.5,,,True,0.000396510705789,0.0126262626262626,0.0045575876257416,8.57611021054953,370.8454399041849,,0.0006662225183211,0.0004625346901017,,,0.1785714285714285,,0.5,0.5,,,True,0.0061062648691514,0.056701030927835,0.0149316361856138,4.816758705828591,1214.9693312461914,,0.0076615589606928,0.0092506938020351,,,0.7857142857142857,,1.0,0.5,,,Rule:Staleness,fleet,92116,6311,0.23,A_volume_matched,CTT_Impala,FS-B,1,cross,92116,6311,0.0,0.0,0.0,0.0,0.0006754474839581,0.1428571428571428,0.0006754474839581,0.1428571428571428,0.0060790273556231,0.7142857142857143,0.0,0.0,0.0,0.0,0.0,0.0,0.0,0.0,0.0035674470457079,0.875,,,,,,,,,,
49186,6299,0.1280648965152685,0.4659315488222255,0.1162843054298122,42904,0.0442430017662048,False,0.0,0.0,0.0079278102921631,12.16642643270759,645.0764168896812,,0.0,0.0,,,0.0,,0.0,0.0,,,True,0.0,0.0,0.0080677128267307,9.688714763475648,656.4601183642051,,0.0,0.0,,,0.0,,0.0,0.0,,,True,0.0003175107159866,0.0051948051948051,0.0089304451232308,8.056040823100656,726.6596107904352,,0.0006666666666666,0.0,,,0.0714285714285714,,0.25,0.0,,,True,0.0003175107159866,0.0052770448548812,0.0087905425886632,8.131823648570304,715.2759093159113,,0.0006666666666666,0.0,,,0.0714285714285714,,0.25,0.0,,,True,0.0039688839498333,0.0341530054644808,0.0164851819898803,5.185869468840443,1341.3794904147196,,0.004,0.0083256244218316,,,0.4285714285714285,,0.75,0.5,,,Rule:Staleness,fleet,92116,6311,0.15,A_volume_matched,CTT_Impala,FS-B,1,in_f0,92116,6311,0.0,0.0,0.0,0.0,0.0006765899864682,0.0714285714285714,0.0006765899864682,0.0714285714285714,0.003382949932341,0.3571428571428571,0.0,0.0,0.0,0.0,0.0,0.0,0.0,0.0,0.0022321428571428,0.375,,,,,,,,,,
98401,12610,0.1281491041757705,0.9917072973323556,0.970475318956876,85805,0.0442430017662048,True,0.609199048374306,1.0,0.0,0.9974942207336426,0.0,,0.9980013324450366,0.956059204440333,,,0.7142857142857143,,1.0,0.5,,,True,0.7624107850911974,0.999480195446512,5.828117168467555e-05,0.2207148820161819,4.742269052483183,,0.9996668887408394,1.0,,,1.0,,1.0,1.0,,,True,0.8419508326724822,0.9904841869577384,0.0011889359023673,0.1107378900051117,96.74228867065692,,0.9996668887408394,1.0,,,1.0,,1.0,1.0,,,True,0.8366375892149088,0.9923807732104224,0.0009441549812917,0.1140430346131324,76.82475865022757,,0.9996668887408394,1.0,,,1.0,,1.0,1.0,,,True,0.907533703409992,0.9321495479351634,0.0097096432026669,0.0729847177863121,790.0620241436982,,1.0,1.0,,,1.0,,1.0,1.0,,,LogReg,fleet,92116,6311,1.69,A_volume_matched,CTT_Impala,FS-B,2,cross,92116,6311,0.7335359675785208,0.7857142857142857,0.9071259709557582,1.0,0.9648767308341776,1.0,0.9631881121242823,1.0,0.9831138129010468,1.0,0.0996655518394648,0.5,0.3935340022296544,1.0,0.579041248606466,1.0,0.5652173913043478,1.0,0.7511705685618729,1.0,,,,,,,,,,
49186,6299,0.1280648965152685,0.9912307626195102,0.9666904009926166,42904,0.0442430017662048,False,0.7705985076996349,0.9983545865898809,0.0001865367127567,0.1759584099054336,15.178268632698384,,1.0,1.0,,,1.0,,1.0,1.0,,,True,0.7829814256231148,0.9977746307910176,0.0002564879800405,0.1522062420845031,20.870119369960275,,1.0,1.0,,,1.0,,1.0,1.0,,,True,0.8226702651214478,0.9915805587447378,0.0010259519201622,0.1118386089801788,83.4804774798411,,1.0,1.0,,,1.0,,1.0,1.0,,,True,0.8196539133195745,0.9921214450422752,0.0009560006528784,0.1139707714319229,77.78862674257921,,1.0,1.0,,,1.0,,1.0,1.0,,,True,0.8931576440704874,0.9328469573868348,0.0094434210833119,0.0729206427931785,768.3998495303555,,1.0,1.0,,,1.0,,1.0,1.0,,,LogReg,fleet,92116,6311,1.59,A_volume_matched,CTT_Impala,FS-B,2,in_f0,92116,6311,0.9336941813261164,1.0,0.945872801082544,1.0,0.9675236806495264,1.0,0.9668470906630582,1.0,0.9871447902571042,1.0,0.3986607142857143,1.0,0.4254464285714285,1.0,0.5227678571428571,1.0,0.5147321428571429,1.0,0.7080357142857143,1.0,,,,,,,,,,
98401,12610,0.1281491041757705,0.999851298432867,0.9996047648230412,85805,0.0442430017662048,True,0.7601110229976209,1.0,0.0,0.7618097478994289,0.0,,0.9990006662225184,0.9056429232192414,,,1.0,,1.0,1.0,,,True,0.9821570182394924,0.9995964487489912,5.828117168467555e-05,0.4387242443678276,4.742269052483183,,1.0,1.0,,,1.0,,1.0,1.0,,,True,0.9993655828707376,0.9869214503876576,0.0019465911342681,0.2049253398945054,158.3917863529383,,1.0,1.0,,,1.0,,1.0,1.0,,,True,0.9993655828707376,0.9880821702995138,0.0017717476192141,0.2078952281864186,144.16497919548877,,1.0,1.0,,,1.0,,1.0,1.0,,,True,0.9993655828707376,0.9337581505631298,0.0104206734972199,0.1756553952728146,847.917706583993,,1.0,1.0,,,1.0,,1.0,1.0,,,RandomForest,fleet,92116,6311,100.34,A_volume_matched,CTT_Impala,FS-B,2,cross,92116,6311,0.8351908139142181,1.0,0.9976359338061466,1.0,0.999324552516042,1.0,0.999324552516042,1.0,0.999324552516042,1.0,0.4804905239687848,1.0,0.9513935340022296,1.0,0.9986622073578596,1.0,0.9986622073578596,1.0,0.9986622073578596,1.0,,,,,,,,,,
49186,6299,0.1280648965152685,0.9999092562117694,0.9997186705369798,42904,0.0442430017662048,False,0.99904746785204,0.9979384712971772,0.0003031221582297,0.2794748483798178,24.66468652813488,,1.0,1.0,,,1.0,,1.0,1.0,,,True,0.9993649785680266,0.9960443037974684,0.0005829272273649,0.2542001376593521,47.43208947718245,,1.0,1.0,,,1.0,,1.0,1.0,,,True,0.9996824892840134,0.9829847018420232,0.0025415627113111,0.2056721987005747,206.8039101205155,,1.0,1.0,,,1.0,,1.0,1.0,,,True,0.9996824892840134,0.9852918166171178,0.0021918063748921,0.2106137667703434,178.34465643420597,,1.0,1.0,,,1.0,,1.0,1.0,,,True,0.9996824892840134,0.917662489070242,0.0131741553384475,0.1741589714809041,1071.9652221843232,,1.0,1.0,,,1.0,,1.0,1.0,,,RandomForest,fleet,92116,6311,111.93,A_volume_matched,CTT_Impala,FS-B,2,in_f0,92116,6311,0.9993234100135318,1.0,0.9993234100135318,1.0,0.9993234100135318,1.0,0.9993234100135318,1.0,0.9993234100135318,1.0,0.9977678571428572,1.0,0.9986607142857142,1.0,0.9995535714285714,1.0,0.9995535714285714,1.0,0.9995535714285714,1.0,,,,,,,,,,
98401,12610,0.1281491041757705,0.9998828372819912,0.99956650987727,85805,0.0442430017662048,True,0.7377478191911182,1.0,0.0,0.9943964765148032,0.0,,0.9993337774816788,1.0,,,0.9642857142857144,,1.0,1.0,,,True,0.9517842981760508,0.9996668332500416,4.662493734774044e-05,0.7140709465805954,3.7938152419865454,,1.0,1.0,,,1.0,,1.0,1.0,,,True,0.990721649484536,0.9922166626955762,0.0011423109650196,0.2710285395384795,92.94847342867038,,1.0,1.0,,,1.0,,1.0,1.0,,,True,0.9897700237906424,0.9937893144358628,0.0009091862782809,0.2833520384957858,73.97939721873765,,1.0,1.0,,,1.0,,1.0,1.0,,,True,0.9993655828707376,0.9239680328469828,0.0120875150074017,0.0924502706969798,983.5466014850122,,1.0,1.0,,,1.0,,1.0,1.0,,,HistGB,fleet,92116,6311,24.93,A_volume_matched,CTT_Impala,FS-B,2,cross,92116,6311,0.7892603850050659,0.9285714285714286,0.9956095913542722,1.0,0.9989868287740628,1.0,0.9989868287740628,1.0,0.999324552516042,1.0,0.4022296544035674,1.0,0.867335562987737,1.0,0.974581939799331,1.0,0.97190635451505,1.0,0.9986622073578596,1.0,,,,,,,,,,
49186,6299,0.1280648965152685,0.9999046253690234,0.999412094962458,42904,0.0442430017662048,False,0.9403079853945072,0.9993251223215792,9.326835637838972e-05,0.5875839690795482,7.589134316349192,,1.0,1.0,,,1.0,,1.0,1.0,,,True,0.961263692649627,0.9980220866985332,0.0002798050691351,0.4453375126216076,22.76740294904757,,1.0,1.0,,,1.0,,1.0,1.0,,,True,0.98285442133672,0.9918295418135212,0.0011891715438244,0.2699630610759435,96.7614625334522,,1.0,1.0,,,1.0,,1.0,1.0,,,True,0.9815843784727736,0.9926151870284154,0.0010725860983514,0.2747908625848528,87.27504463801571,,1.0,1.0,,,1.0,,1.0,1.0,,,True,0.9988887124940466,0.941775183355785,0.0090703476577984,0.1102353089582278,738.0433122649589,,1.0,1.0,,,1.0,,1.0,1.0,,,HistGB,fleet,92116,6311,18.51,A_volume_matched,CTT_Impala,FS-B,2,in_f0,92116,6311,0.9945872801082544,1.0,0.9979702300405954,1.0,0.9986468200270636,1.0,0.9986468200270636,1.0,0.9993234100135318,1.0,0.8357142857142857,1.0,0.8924107142857143,1.0,0.9526785714285714,1.0,0.9491071428571428,1.0,0.9973214285714286,1.0,,,,,,,,,,
98401,12610,0.1281491041757705,0.999841735883762,0.9996086926546568,85805,0.0442430017662048,True,0.8709754163362411,1.0,0.0,0.8870373964309692,0.0,,1.0,1.0,,,1.0,,1.0,1.0,,,True,0.9682791435368756,0.9998362266622994,2.331246867387022e-05,0.3047961890697479,1.8969076209932727,,1.0,1.0,,,1.0,,1.0,1.0,,,True,0.997541633624108,0.9918000473074192,0.0012122483710412,0.0763379856944084,98.6391962916502,,1.0,1.0,,,1.0,,1.0,1.0,,,True,0.9971451229183188,0.9938349668036676,0.0009091862782809,0.0853720903396606,73.97939721873765,,1.0,1.0,,,1.0,,1.0,1.0,,,True,0.9994448850118952,0.9391207153502236,0.0095231434532759,0.0235649328678846,774.8867631757521,,1.0,1.0,,,1.0,,1.0,1.0,,,XGBoost,fleet,92116,6311,14.06,A_volume_matched,CTT_Impala,FS-B,2,cross,92116,6311,0.8682877406281662,1.0,0.984126984126984,1.0,0.9983113812901048,1.0,0.9976359338061466,1.0,0.999324552516042,1.0,0.7241917502787067,1.0,0.9212931995540692,1.0,0.9942028985507246,1.0,0.9935340022296544,1.0,0.9988851727982164,1.0,,,,,,,,,,
49186,6299,0.1280648965152685,0.9998916730758431,0.999652760703782,42904,0.0442430017662048,False,0.9444356247023336,0.999663922029911,4.663417818919486e-05,0.2911489009857178,3.794567158174596,,1.0,1.0,,,1.0,,1.0,1.0,,,True,0.9742816320050802,0.9990232785284064,0.0001399025345675,0.1840598136186599,11.383701474523786,,1.0,1.0,,,1.0,,1.0,1.0,,,True,0.9963486267661532,0.9908430691506156,0.0013523911674866,0.0743842720985412,110.04244758706328,,1.0,1.0,,,1.0,,1.0,1.0,,,True,0.9960311160501668,0.9925644676475242,0.001095903187446,0.0805395990610122,89.17232821710299,,1.0,1.0,,,1.0,,1.0,1.0,,,True,0.9996824892840134,0.9429469901168014,0.0088838109450416,0.0237651988863945,722.8650436322604,,1.0,1.0,,,1.0,,1.0,1.0,,,XGBoost,fleet,92116,6311,10.93,A_volume_matched,CTT_Impala,FS-B,2,in_f0,92116,6311,0.9851150202976996,1.0,0.9925575101488496,1.0,0.9979702300405954,1.0,0.9979702300405954,1.0,0.9993234100135318,1.0,0.8535714285714285,1.0,0.9325892857142856,1.0,0.9910714285714286,1.0,0.9901785714285716,1.0,0.9995535714285714,1.0,,,,,,,,,,
98401,12610,0.1281491041757705,0.9997027225792842,0.9985917549233942,85805,0.0442430017662048,True,0.7804123711340206,1.0,0.0,0.9851502834630824,0.0,,0.9990006662225184,0.9995374653098984,,,1.0,,1.0,1.0,,,True,0.9318001586042824,0.9996596903181896,4.662493734774044e-05,0.439946595314935,3.7938152419865454,,1.0,1.0,,,1.0,,1.0,1.0,,,True,0.9734337827121332,0.993042634091093,0.0010024361529764,0.0921150625652422,81.56702770271076,,1.0,1.0,,,1.0,,1.0,1.0,,,True,0.9704203013481364,0.994150621496466,0.0008392488722593,0.1054755881439651,68.28867435575783,,1.0,1.0,,,1.0,,1.0,1.0,,,True,0.995400475812847,0.936367027228646,0.0099427678894056,0.0229812942836677,809.031100353631,,1.0,1.0,,,1.0,,1.0,1.0,,,LightGBM,fleet,92116,6311,49.44,A_volume_matched,CTT_Impala,FS-B,2,cross,92116,6311,0.8024316109422492,1.0,0.9800742992232354,1.0,0.9983113812901048,1.0,0.9983113812901048,1.0,0.999662276258021,1.0,0.5139353400222966,1.0,0.8214046822742475,1.0,0.9264214046822744,1.0,0.917948717948718,1.0,0.9872909698996656,1.0,,,,,,,,,,
49186,6299,0.1280648965152685,0.999560958350204,0.9976586655355304,42904,0.0442430017662048,False,0.8812509922209875,0.9992799279927992,9.326835637838972e-05,0.4122668459688102,7.589134316349192,,1.0,1.0,,,1.0,,1.0,1.0,,,True,0.8961739958723607,0.9989382410192886,0.0001399025345675,0.294544351373196,11.383701474523786,,1.0,1.0,,,1.0,,1.0,1.0,,,True,0.949357040800127,0.9931904999169572,0.0009560006528784,0.0885611394142595,77.78862674257921,,1.0,1.0,,,1.0,,1.0,1.0,,,True,0.943641847912367,0.9944788355362222,0.0007694639401217,0.1015558282635,62.61035810988084,,1.0,1.0,,,1.0,,1.0,1.0,,,True,0.99142721066836,0.9427838164251208,0.0088371767668524,0.0236338266700306,719.0704764740859,,1.0,1.0,,,1.0,,1.0,1.0,,,LightGBM,fleet,92116,6311,28.67,A_volume_matched,CTT_Impala,FS-B,2,in_f0,92116,6311,0.9824086603518268,1.0,0.9891745602165088,1.0,0.9979702300405954,1.0,0.9979702300405954,1.0,0.9993234100135318,1.0,0.6776785714285715,1.0,0.7151785714285714,1.0,0.8589285714285714,1.0,0.8428571428571429,1.0,0.9763392857142856,1.0,,,,,,,,,,
98401,12610,0.1281491041757705,0.8613881677537515,0.7766668032306024,85805,0.0442430017662048,True,0.3095162569389373,0.9237869822485208,0.0037533074564931,118.82892569446749,305.402126979917,,0.1022651565622918,1.0,,,0.25,,0.25,1.0,,,True,0.3095162569389373,0.922695035460993,0.0038115886281777,81.29233533796598,310.1443960324001,,0.1022651565622918,1.0,,,0.25,,0.25,1.0,,,True,0.6828707375099128,0.954868041694389,0.0047440873751325,8.239459675105481,386.0207008721312,,0.9986675549633578,1.0,,,0.7142857142857143,,1.0,1.0,,,True,0.6828707375099128,0.9564589581250694,0.0045692438600785,8.645023416593602,371.79389371468153,,0.9986675549633578,1.0,,,0.7142857142857143,,1.0,1.0,,,True,0.7180015860428232,0.8795414804740626,0.0144537305777995,4.981663258436635,1176.0827250158293,,0.9996668887408394,1.0,,,0.9642857142857144,,1.0,1.0,,,Rule:Combined,fleet,92116,6311,0.35,A_volume_matched,CTT_Impala,FS-B,2,cross,92116,6311,0.1337386018237082,0.1428571428571428,0.1337386018237082,0.1428571428571428,0.7254305977710233,0.7142857142857143,0.7254305977710233,0.7142857142857143,0.7730496453900709,0.9285714285714286,0.231438127090301,0.25,0.231438127090301,0.25,0.2905239687848383,0.5,0.2905239687848383,0.5,0.357190635451505,1.0,,,,,,,,,,
49186,6299,0.1280648965152685,0.863175293430056,0.7566388044547233,42904,0.0442430017662048,False,0.6308937926655025,0.920973348783314,0.0079511273812577,12.236322983240877,646.9737004687686,,0.998,1.0,,,0.6428571428571429,,1.0,1.0,,,True,0.6750277821876488,0.9245488149597738,0.0080910299158253,9.744758558173404,658.3574019432923,,0.998,1.0,,,0.6785714285714286,,1.0,1.0,,,True,0.6820130179393554,0.917948717948718,0.0089537622123254,8.102956423531133,728.5568943695223,,0.9993333333333332,1.0,,,0.6785714285714286,,1.0,1.0,,,True,0.6820130179393554,0.9191270860077022,0.0088138596777578,8.17916294679855,717.1731928949987,,0.9993333333333332,1.0,,,0.6785714285714286,,1.0,1.0,,,True,0.7072551198602953,0.862870424171993,0.0165084990789749,5.216738091944852,1343.276773993807,,1.0,1.0,,,0.8571428571428571,,1.0,1.0,,,Rule:Combined,fleet,92116,6311,0.21,A_volume_matched,CTT_Impala,FS-B,2,in_f0,92116,6311,0.5926928281461434,0.6428571428571429,0.7212449255751014,0.6428571428571429,0.7239512855209743,0.6428571428571429,0.7239512855209743,0.6428571428571429,0.7395128552097429,0.8571428571428571,0.2321428571428571,0.375,0.2714285714285714,0.5,0.2883928571428571,0.5,0.2883928571428571,0.5,0.3486607142857142,0.75,,,,,,,,,,
98401,12610,0.1281491041757705,0.4653641619748475,0.1166394192200104,85805,0.0442430017662048,True,0.0,0.0,0.0037416512221561,118.82892569446749,304.4536731694203,,0.0,0.0,,,0.0,,0.0,0.0,,,True,0.0,0.0,0.0037999323938408,75.78286867846279,309.1959422219035,,0.0,0.0,,,0.0,,0.0,0.0,,,True,0.000396510705789,0.0121654501216545,0.0047324311407956,8.237639845131556,385.0722470616344,,0.0006662225183211,0.0004625346901017,,,0.1785714285714285,,0.5,0.5,,,True,0.000396510705789,0.0126262626262626,0.0045575876257416,8.625933491615864,370.8454399041849,,0.0006662225183211,0.0004625346901017,,,0.1785714285714285,,0.5,0.5,,,True,0.0061062648691514,0.056701030927835,0.0149316361856138,4.84556365003938,1214.9693312461914,,0.0076615589606928,0.0092506938020351,,,0.7857142857142857,,1.0,0.5,,,Rule:Staleness,fleet,92116,6311,0.25,A_volume_matched,CTT_Impala,FS-B,2,cross,92116,6311,0.0,0.0,0.0,0.0,0.0006754474839581,0.1428571428571428,0.0006754474839581,0.1428571428571428,0.0060790273556231,0.7142857142857143,0.0,0.0,0.0,0.0,0.0,0.0,0.0,0.0,0.0035674470457079,0.875,,,,,,,,,,
49186,6299,0.1280648965152685,0.4659315488222255,0.1162843054298122,42904,0.0442430017662048,False,0.0,0.0,0.0079278102921631,12.236322983240877,645.0764168896812,,0.0,0.0,,,0.0,,0.0,0.0,,,True,0.0,0.0,0.0080677128267307,9.744758558173404,656.4601183642051,,0.0,0.0,,,0.0,,0.0,0.0,,,True,0.0003175107159866,0.0051948051948051,0.0089304451232308,8.102956423531133,726.6596107904352,,0.0006666666666666,0.0,,,0.0714285714285714,,0.25,0.0,,,True,0.0003175107159866,0.0052770448548812,0.0087905425886632,8.17916294679855,715.2759093159113,,0.0006666666666666,0.0,,,0.0714285714285714,,0.25,0.0,,,True,0.0039688839498333,0.0341530054644808,0.0164851819898803,5.216738091944852,1341.3794904147196,,0.004,0.0083256244218316,,,0.4285714285714285,,0.75,0.5,,,Rule:Staleness,fleet,92116,6311,0.14,A_volume_matched,CTT_Impala,FS-B,2,in_f0,92116,6311,0.0,0.0,0.0,0.0,0.0006765899864682,0.0714285714285714,0.0006765899864682,0.0714285714285714,0.003382949932341,0.3571428571428571,0.0,0.0,0.0,0.0,0.0,0.0,0.0,0.0,0.0022321428571428,0.375,,,,,,,,,,
118722,21816,0.1837570121797139,0.8651295174268697,0.7575421105567158,96923,0.0248904217529296,False,0.1221122112211221,0.999624765478424,1.0319278476048957e-05,0.9988603591918946,1.492518000800996,,0.0961761297798377,0.319893899204244,,,0.2647058823529412,,0.75,0.5,,,True,0.1775760909424275,0.9987110079917504,5.159639238024477e-05,0.9980888962745668,7.46259000400498,,0.1696229610482217,0.403183023872679,,,0.2941176470588235,,0.75,0.5,,,True,0.2830949761642831,0.9900609169605644,0.000639795265515,0.9959391355514526,92.53611604966174,,0.3182993136643194,0.529973474801061,,,0.4117647058823529,,1.0,0.5,,,True,0.3045012834616795,0.9864864864864864,0.0009390543413204,0.9953919649124146,135.81913807289064,,0.3505660041001872,0.5493368700265252,,,0.5,,1.0,0.5,,,True,0.4948203153648698,0.9241503295950688,0.0091428807297793,0.9859078526496888,1322.370948709682,,0.6283091184597558,0.7251989389920425,,,0.7941176470588235,,1.0,1.0,,,LogReg,fleet,107839,10916,3.12,A_volume_matched,CTT_Silverado,FS-A,0,cross,107839,10916,0.1235622740716398,0.2142857142857142,0.1459086427867236,0.2857142857142857,0.192573118632928,0.3571428571428571,0.2017745645744331,0.5,0.2757147551758133,0.7142857142857143,0.0007928118393234,0.0833333333333333,0.0018498942917547,0.0833333333333333,0.0055496828752642,0.25,0.0066067653276955,0.3333333333333333,0.0457188160676532,0.75,,,,,,,,,,
59344,10900,0.1836748449716904,0.8673033442946323,0.7582750452074805,48462,0.0248904217529296,False,0.1175229357798165,1.0,0.0,0.998902201652527,0.0,,0.0912818684257443,0.3121019108280254,,,0.2352941176470588,,0.75,0.5,,,True,0.1777981651376146,0.9979402677651904,8.25695648583932e-05,0.9980732202529908,11.942362264521618,,0.1693706543055803,0.4087048832271762,,,0.2352941176470588,,0.75,0.5,,,True,0.2937614678899082,0.9873573851372186,0.0008463380397985,0.9957119226455688,122.40921321134655,,0.3341059012301658,0.5467091295116773,,,0.2941176470588235,,0.75,0.5,,,True,0.3059633027522935,0.985811409991132,0.0009908347783007,0.9953480362892152,143.3083471742594,,0.3526475307541451,0.5583864118895966,,,0.3235294117647059,,0.75,0.5,,,True,0.4981651376146789,0.9240980258679372,0.0092065064817108,0.9855770468711852,1331.57339249416,,0.6371902299875201,0.7319532908704883,,,0.7058823529411765,,1.0,1.0,,,LogReg,fleet,107839,10916,3.03,A_volume_matched,CTT_Silverado,FS-A,0,in_f0,107839,10916,0.1192358366271409,0.2142857142857142,0.1436100131752305,0.2142857142857142,0.1963109354413702,0.3571428571428571,0.2009222661396574,0.4285714285714285,0.274703557312253,0.5714285714285714,0.0,0.0,0.0,0.0,0.0,0.0,0.0,0.0,0.0317628374801482,0.6666666666666666,,,,,,,,,,
118722,21816,0.1837570121797139,0.8958143217088308,0.8449062189959624,96923,0.0248904217529296,False,0.5052255225522553,1.0,0.0,0.8570003574600987,0.0,,0.9081023264105536,0.2206896551724138,,,0.2352941176470588,,1.0,0.5,,,True,0.5887422075540888,0.999533073929961,6.191567085629373e-05,0.8309148756729932,8.955108004805975,,0.9720117657545236,0.5098143236074271,,,0.4117647058823529,,1.0,0.5,,,True,0.6591492482581591,0.9959138444490616,0.0006088374300868,0.7754626537817964,88.05856204725876,,0.9981281754167038,0.8111405835543767,,,0.5294117647058824,,1.0,0.75,,,True,0.6662082874954162,0.9943897099069512,0.000846180835036,0.7625553279805776,122.38647606568166,,0.9988412514484356,0.8312997347480106,,,0.5294117647058824,,1.0,0.75,,,True,0.7246057939127246,0.9407843837409986,0.0102676820836687,0.5765834179949315,1485.055410796991,,0.9998217309920672,0.8482758620689655,,,0.8823529411764706,,1.0,0.75,,,RandomForest,fleet,107839,10916,104.51,A_volume_matched,CTT_Silverado,FS-A,0,cross,107839,10916,0.0006572461386789,0.1428571428571428,0.0029576076240552,0.2142857142857142,0.0249753532697995,0.2857142857142857,0.0407492605980939,0.2857142857142857,0.2533683864607295,0.7857142857142857,0.0,0.0,0.0021141649048625,0.4166666666666667,0.0126849894291754,0.5833333333333334,0.0184989429175475,0.5833333333333334,0.1643763213530655,1.0,,,,,,,,,,
59344,10900,0.1836748449716904,0.8941597344214335,0.8430467392222253,48462,0.0248904217529296,False,0.5410091743119266,1.0,0.0,0.8456633355682006,0.0,,0.933143162774113,0.3487261146496815,,,0.3235294117647059,,1.0,0.5,,,True,0.5948623853211009,0.9992294652488828,0.0001032119560729,0.827140200998995,14.927952830652025,,0.9732572651096452,0.5392781316348195,,,0.3529411764705882,,1.0,0.5,,,True,0.6627522935779816,0.9953155139156792,0.0007018413012963,0.7683951549081037,101.51007924843375,,0.9987520057051168,0.8190021231422505,,,0.5,,1.0,0.75,,,True,0.6690825688073394,0.993190793953425,0.0010321195607299,0.7546753149270213,149.27952830652023,,0.9991085755036548,0.8343949044585988,,,0.5294117647058824,,1.0,0.75,,,True,0.724954128440367,0.9360341151385928,0.011146891255883,0.5757808115992217,1612.218905710418,,0.9998217151007308,0.8487261146496815,,,0.7941176470588235,,1.0,0.75,,,RandomForest,fleet,107839,10916,109.21,A_volume_matched,CTT_Silverado,FS-A,0,in_f0,107839,10916,0.0026350461133069,0.2142857142857142,0.0032938076416337,0.2142857142857142,0.036231884057971,0.2857142857142857,0.0513833992094861,0.3571428571428571,0.2490118577075099,0.6428571428571429,0.0010587612493382,0.1666666666666666,0.0021175224986765,0.25,0.0127051349920592,0.5,0.0206458443620963,0.5,0.1678136580201164,0.9166666666666666,,,,,,,,,,
118722,21816,0.1837570121797139,0.8593113387883757,0.8225173530170047,96923,0.0248904217529296,False,0.4136413641364136,0.9998891966759004,1.0319278476048957e-05,0.9991829794768062,1.492518000800996,,0.6389161244317675,0.3045092838196286,,,0.4705882352941176,,1.0,0.5,,,True,0.6187660432709937,0.998742231429417,0.0001754277340928,0.9980919444695548,25.37280601361693,,0.926374899723683,0.5753315649867374,,,0.5,,1.0,0.5,,,True,0.69004400440044,0.9934666402692536,0.0010216085691288,0.996028782123386,147.7592820792986,,0.9926909706747482,0.7488063660477453,,,0.5882352941176471,,1.0,0.5,,,True,0.69494866153282,0.9914334292440492,0.0013518254803624,0.9954688584921632,195.51985810493048,,0.9954541402977092,0.7652519893899205,,,0.6176470588235294,,1.0,0.5,,,True,0.7206637330399707,0.9359447553280152,0.0111035436402286,0.9889114555313876,1605.9493688618716,,0.999643461984134,0.8328912466843501,,,0.9117647058823528,,1.0,1.0,,,HistGB,fleet,107839,10916,45.46,A_volume_matched,CTT_Silverado,FS-A,0,cross,107839,10916,0.1899441340782122,0.5,0.2523825172527111,0.5,0.2842589549786395,0.5714285714285714,0.2859020703253368,0.5714285714285714,0.3348669076569175,0.7857142857142857,0.0343551797040169,0.25,0.0446617336152219,0.3333333333333333,0.0605179704016913,0.5,0.0628964059196617,0.5833333333333334,0.0919661733615222,1.0,,,,,,,,,,
59344,10900,0.1836748449716904,0.8589011146133736,0.8223847632370693,48462,0.0248904217529296,False,0.3325688073394495,1.0,0.0,0.9993625785466248,0.0,,0.5155999286860403,0.2223991507430998,,,0.4411764705882353,,1.0,0.5,,,True,0.4756880733944954,1.0,0.0,0.998977631094146,0.0,,0.7323943661971831,0.3678343949044586,,,0.4411764705882353,,1.0,0.5,,,True,0.6628440366972477,0.9993084370677732,0.0001032119560729,0.9972935241395736,14.927952830652025,,0.9743269745052594,0.667728237791932,,,0.5294117647058824,,1.0,0.5,,,True,0.676697247706422,0.9983757444504602,0.0002477086945751,0.9967894908029052,35.82708679356485,,0.9855589231592085,0.7038216560509554,,,0.5294117647058824,,1.0,0.5,,,True,0.7187155963302753,0.947279322853688,0.0090000825695648,0.9897559933243496,1301.7174868328564,,0.9998217151007308,0.8354564755838642,,,0.7352941176470589,,1.0,0.5,,,HistGB,fleet,107839,10916,25.9,A_volume_matched,CTT_Silverado,FS-A,0,in_f0,107839,10916,0.1686429512516469,0.5,0.2094861660079051,0.5,0.2687747035573122,0.5,0.2779973649538867,0.5,0.3227931488801054,0.5714285714285714,0.0307040762308099,0.1666666666666666,0.034939121228163,0.1666666666666666,0.0497617787188988,0.4166666666666667,0.0529380624669137,0.4166666666666667,0.0857596611964002,0.9166666666666666,,,,,,,,,,
118722,21816,0.1837570121797139,0.8685573524666153,0.8363471102144072,96923,0.0248904217529296,False,0.5555555555555556,0.9999174985562248,1.0319278476048957e-05,0.9992895126342776,1.492518000800996,,0.9286923968268116,0.2193633952254642,,,0.5,,1.0,0.5,,,True,0.6077191052438577,0.9996230113850562,5.159639238024477e-05,0.998778998851776,7.46259000400498,,0.9631874498618416,0.3679045092838196,,,0.5,,1.0,0.5,,,True,0.6861477814448111,0.9961402808278432,0.0005985181516108,0.9963405728340148,86.56604404645778,,0.9927801051787148,0.6496021220159152,,,0.5882352941176471,,1.0,0.5,,,True,0.6978364503116978,0.9943827563683868,0.0008874579489402,0.9955305457115172,128.35654806888564,,0.9949193332739104,0.6957559681697613,,,0.5882352941176471,,1.0,0.5,,,True,0.7455995599559956,0.9418099704707312,0.0103708748684291,0.972764253616333,1499.9805908050007,,0.9995543274801676,0.8450928381962864,,,0.9117647058823528,,1.0,1.0,,,XGBoost,fleet,107839,10916,23.97,A_volume_matched,CTT_Silverado,FS-A,0,cross,107839,10916,0.2323365100230036,0.5,0.2799868550772264,0.5,0.3437397305290831,0.5,0.354912914886625,0.5,0.4032205060795268,0.8571428571428571,0.0441331923890063,0.3333333333333333,0.0562896405919661,0.3333333333333333,0.0887949260042283,0.5833333333333334,0.0948731501057082,0.5833333333333334,0.1688689217758985,0.9166666666666666,,,,,,,,,,
59344,10900,0.1836748449716904,0.8679611282941658,0.8366182215733119,48462,0.0248904217529296,False,0.4838532110091743,1.0,0.0,0.9996058344841005,0.0,,0.8477446960242467,0.1045647558386412,,,0.4117647058823529,,1.0,0.5,,,True,0.5906422018348624,0.9998446963814256,2.06423912145983e-05,0.9989804625511168,2.9855905661304045,,0.9570333392761632,0.3073248407643312,,,0.5,,1.0,0.5,,,True,0.6858715596330275,0.9958705208472092,0.0006399141276525,0.9961846470832824,92.55330755004252,,0.9923337493314316,0.6464968152866242,,,0.5588235294117647,,1.0,0.5,,,True,0.7006422018348624,0.9940127554340752,0.0009495499958715,0.9951700568199158,137.3371660419986,,0.9955428775182742,0.7032908704883227,,,0.5588235294117647,,1.0,0.5,,,True,0.7438532110091743,0.952873428134916,0.0082775988770539,0.9750471115112304,1197.2218170182923,,0.999643430201462,0.8455414012738853,,,0.7352941176470589,,1.0,0.75,,,XGBoost,fleet,107839,10916,47.63,A_volume_matched,CTT_Silverado,FS-A,0,in_f0,107839,10916,0.1666666666666666,0.5,0.2608695652173913,0.5,0.3478260869565217,0.5,0.3629776021080368,0.5,0.3978919631093544,0.6428571428571429,0.0365272631021704,0.0833333333333333,0.050291159343568,0.3333333333333333,0.0868184224457384,0.5,0.0937003705664372,0.5,0.1609317098994176,0.75,,,,,,,,,,
118722,21816,0.1837570121797139,0.8690194880803859,0.8315533910997024,96923,0.0248904217529296,False,0.6956362302896957,0.9999341108255914,1.0319278476048957e-05,0.9978887488222564,1.492518000800996,,0.9985738479365364,0.7989389920424403,,,0.5,,1.0,0.5,,,True,0.7061789512284562,0.9996755564207384,5.159639238024477e-05,0.9969159069695608,7.46259000400498,,0.9993760584722348,0.8249336870026526,,,0.5294117647058824,,1.0,0.5,,,True,0.7196094609460946,0.9948038780812368,0.000846180835036,0.9932275130687592,122.38647606568166,,0.9995543274801676,0.8440318302387267,,,0.6764705882352942,,1.0,0.5,,,True,0.7217638430509717,0.9918740157480316,0.0013311869234103,0.9921288250974012,192.53482210332848,,0.9995543274801676,0.8458885941644563,,,0.7352941176470589,,1.0,0.5,,,True,0.7356068940227356,0.9363986462831136,0.0112480135388933,0.9792534111797409,1626.8446208730854,,0.9998217309920672,0.8485411140583554,,,0.9117647058823528,,1.0,0.75,,,LightGBM,fleet,107839,10916,30.34,A_volume_matched,CTT_Silverado,FS-A,0,cross,107839,10916,0.2760433782451528,0.5,0.3066053236937233,0.5,0.3483404534998356,0.6428571428571429,0.3535984226092671,0.6428571428571429,0.3831744988498192,0.9285714285714286,0.0319767441860465,0.3333333333333333,0.0399048625792811,0.4166666666666667,0.0642177589852008,0.6666666666666666,0.0705602536997885,0.8333333333333334,0.1231501057082452,0.9166666666666666,,,,,,,,,,
59344,10900,0.1836748449716904,0.8641891725544827,0.8284637308017152,48462,0.0248904217529296,False,0.694954128440367,1.0,0.0,0.9979979013455008,0.0,,0.9982171510073096,0.7988322717622081,,,0.5,,1.0,0.5,,,True,0.7089908256880734,0.9996119518820332,6.192717364379489e-05,0.9967720244983642,8.956771698391213,,0.9994651453021928,0.8317409766454352,,,0.5294117647058824,,1.0,0.5,,,True,0.718440366972477,0.9964372057513678,0.0005779869540087,0.994031580225636,83.59653585165131,,0.9994651453021928,0.8444798301486199,,,0.5588235294117647,,1.0,0.5,,,True,0.720091743119266,0.9946774806741858,0.0008669804310131,0.9930435995163778,125.39480377747698,,0.9994651453021928,0.8466029723991507,,,0.6176470588235294,,1.0,0.5,,,True,0.7339449541284404,0.9390773564972414,0.0107134010403765,0.9803082112590112,1549.5215038216795,,0.9998217151007308,0.8487261146496815,,,0.8235294117647058,,1.0,0.75,,,LightGBM,fleet,107839,10916,60.0,A_volume_matched,CTT_Silverado,FS-A,0,in_f0,107839,10916,0.2753623188405797,0.5,0.3148880105401844,0.5,0.3425559947299078,0.5,0.3478260869565217,0.6428571428571429,0.3801054018445323,0.7142857142857143,0.0280571731074642,0.3333333333333333,0.0407623080995235,0.4166666666666667,0.0603493912122816,0.5,0.0635256749602964,0.5,0.1143462149285336,0.9166666666666666,,,,,,,,,,
118722,21816,0.1837570121797139,0.860450105414438,0.7475203910691776,96923,0.0248904217529296,False,0.1378804547121379,1.0,0.0,0.9990772008895876,0.0,,0.1113289954541403,0.3562334217506631,,,0.2647058823529412,,0.75,0.5,,,True,0.1942152548588192,0.9976453967506476,0.0001031927847604,0.9982925057411194,14.92518000800996,,0.183260540155094,0.4501326259946949,,,0.3235294117647059,,0.75,0.5,,,True,0.268014301430143,0.9880027036160866,0.0007326687717994,0.9967190623283386,105.96877805687072,,0.2845173366610214,0.5440318302387268,,,0.4411764705882353,,1.0,0.75,,,True,0.2885496883021635,0.9846707336148912,0.0010112892906527,0.9962486624717712,146.26676407849757,,0.3135751849540957,0.5671087533156499,,,0.4705882352941176,,1.0,0.75,,,True,0.4761184451778511,0.9207517064090064,0.0092254349575877,0.9890145659446716,1334.3110927160903,,0.5898921472502006,0.7289124668435013,,,0.7941176470588235,,1.0,1.0,,,LogReg,fleet,107839,10916,3.68,A_volume_matched,CTT_Silverado,FS-A,1,cross,107839,10916,0.1350640814985212,0.2142857142857142,0.1531383503121919,0.2857142857142857,0.1856720341767992,0.3571428571428571,0.1935589878409464,0.4285714285714285,0.2730857706210976,0.7142857142857143,0.0013213530655391,0.0833333333333333,0.0047568710359408,0.1666666666666666,0.010306553911205,0.25,0.0132135306553911,0.25,0.0502114164904862,0.75,,,,,,,,,,
59344,10900,0.1836748449716904,0.8636875198375273,0.7486209617607444,48462,0.0248904217529296,False,0.1423853211009174,1.0,0.0,0.9990276098251344,0.0,,0.1187377429131752,0.3598726114649681,,,0.2352941176470588,,0.75,0.5,,,True,0.1838532110091743,0.9985052316890882,6.192717364379489e-05,0.9984588623046876,8.956771698391213,,0.1697272241041184,0.4389596602972399,,,0.2352941176470588,,0.75,0.5,,,True,0.2590825688073394,0.986722571628232,0.0007844108661547,0.9967955946922302,113.45244151295536,,0.2702799072918523,0.5456475583864119,,,0.3235294117647059,,0.75,0.75,,,True,0.2855963302752293,0.9832596336070752,0.0010940467343737,0.9962132573127748,158.23630000491144,,0.3091460153325013,0.5748407643312102,,,0.3823529411764705,,0.75,0.75,,,True,0.4769724770642202,0.923773987206823,0.0088555858310626,0.9889010190963744,1280.8183528699435,,0.5979675521483331,0.7277070063694268,,,0.7058823529411765,,1.0,1.0,,,LogReg,fleet,107839,10916,3.44,A_volume_matched,CTT_Silverado,FS-A,1,in_f0,107839,10916,0.1370223978919631,0.2142857142857142,0.1482213438735178,0.2142857142857142,0.1844532279314888,0.3571428571428571,0.1943346508563899,0.4285714285714285,0.2733860342555995,0.5714285714285714,0.0,0.0,0.0,0.0,0.0,0.0,0.0005293806246691,0.0833333333333333,0.031233456855479,0.6666666666666666,,,,,,,,,,
118722,21816,0.1837570121797139,0.8936252598560444,0.8457071213025898,96923,0.0248904217529296,False,0.5070132013201321,0.9998192172105216,2.063855695209791e-05,0.8568883265791977,2.985036001601992,,0.8651394954987075,0.3578249336870026,,,0.3235294117647059,,1.0,0.5,,,True,0.5553722038870553,0.9996699669966996,4.127711390419582e-05,0.8481126877023913,5.970072003203984,,0.9171049113111686,0.4822281167108753,,,0.3529411764705882,,1.0,0.5,,,True,0.6541070773744041,0.9960910233142538,0.0005778795946587,0.8009126721805541,83.58100804485576,,0.9967911578572064,0.7978779840848806,,,0.5588235294117647,,1.0,0.5,,,True,0.6618078474514119,0.9940103270223752,0.0008977772274162,0.7870710384539048,129.84906606968667,,0.997771637400838,0.8257294429708223,,,0.6470588235294118,,1.0,0.75,,,True,0.732031536486982,0.9379221236859108,0.0109074773491837,0.5758362367293288,1577.5915268466526,,0.9998217309920672,0.8488063660477454,,,0.8235294117647058,,1.0,0.75,,,RandomForest,fleet,107839,10916,110.31,A_volume_matched,CTT_Silverado,FS-A,1,cross,107839,10916,0.0009858692080184,0.1428571428571428,0.0009858692080184,0.1428571428571428,0.0108445612882024,0.4285714285714285,0.0180742688136707,0.4285714285714285,0.263555701610253,0.6428571428571429,0.0007928118393234,0.25,0.0015856236786469,0.3333333333333333,0.0121564482029598,0.5833333333333334,0.0200845665961945,0.75,0.1984672304439746,1.0,,,,,,,,,,
59344,10900,0.1836748449716904,0.8958682701070146,0.8461637774955705,48462,0.0248904217529296,False,0.4058715596330275,1.0,0.0,0.8739379293108506,0.0,,0.7388126225708682,0.1480891719745223,,,0.2058823529411764,,1.0,0.5,,,True,0.5885321100917431,0.9992211838006232,0.0001032119560729,0.8385064389533244,14.927952830652025,,0.9424139775361028,0.5928874734607219,,,0.3529411764705882,,1.0,0.5,,,True,0.6576146788990825,0.9951409135082604,0.0007224836925109,0.7945853191792719,104.49566981456417,,0.9976822963095026,0.8073248407643312,,,0.5294117647058824,,1.0,0.5,,,True,0.6649541284403669,0.9935572309801234,0.0009701923870861,0.7804371387176183,140.322756608129,,0.9987520057051168,0.8333333333333334,,,0.5588235294117647,,1.0,0.75,,,True,0.7308256880733945,0.943168363722472,0.0099083477830071,0.5800979996467917,1433.083471742594,,0.9998217151007308,0.8487261146496815,,,0.7647058823529411,,1.0,0.75,,,RandomForest,fleet,107839,10916,106.67,A_volume_matched,CTT_Silverado,FS-A,1,in_f0,107839,10916,0.0006587615283267,0.0714285714285714,0.0032938076416337,0.1428571428571428,0.0171277997364953,0.4285714285714285,0.0243741765480895,0.4285714285714285,0.2509881422924901,0.5714285714285714,0.0,0.0,0.0037056643726839,0.3333333333333333,0.0132345156167284,0.5,0.0206458443620963,0.5,0.2001058761249338,0.9166666666666666,,,,,,,,,,
118722,21816,0.1837570121797139,0.8720746926783021,0.8292995327415801,96923,0.0248904217529296,False,0.5550971763843051,1.0,0.0,0.9990549652549894,0.0,,0.9071218468669222,0.3530503978779841,,,0.4117647058823529,,1.0,0.5,,,True,0.6319215254858819,0.9996374447103183,5.159639238024477e-05,0.998256395621132,7.46259000400498,,0.963633122381674,0.5787798408488064,,,0.4117647058823529,,1.0,0.5,,,True,0.6918316831683168,0.9952522255192878,0.0007429880502755,0.9963902027847108,107.4612960576717,,0.9971476958730724,0.7660477453580902,,,0.5,,1.0,0.5,,,True,0.6967363403006968,0.9934640522875816,0.0010319278476048,0.9959532780734944,149.2518000800996,,0.9980390409127372,0.7824933687002652,,,0.5588235294117647,,1.0,0.5,,,True,0.7234140080674735,0.930158543054164,0.012228344994118,0.9872346277315964,1768.63383094918,,0.9995543274801676,0.8429708222811672,,,0.7941176470588235,,1.0,0.75,,,HistGB,fleet,107839,10916,55.26,A_volume_matched,CTT_Silverado,FS-A,1,cross,107839,10916,0.157410450213605,0.2857142857142857,0.2017745645744331,0.2857142857142857,0.2569832402234637,0.5,0.2648701938876109,0.5,0.3151495234965494,0.7142857142857143,0.0325052854122621,0.3333333333333333,0.0473044397463002,0.3333333333333333,0.062367864693446,0.3333333333333333,0.0652748414376321,0.5,0.1139006342494714,0.8333333333333334,,,,,,,,,,
59344,10900,0.1836748449716904,0.8733056971484714,0.83062408427566,48462,0.0248904217529296,False,0.5783486238532111,1.0,0.0,0.99885249090692,0.0,,0.9245854876091996,0.4193205944798301,,,0.4117647058823529,,1.0,0.5,,,True,0.5898165137614679,1.0,0.0,0.9987446488240314,0.0,,0.9342128721697271,0.4516985138004246,,,0.4117647058823529,,1.0,0.5,,,True,0.6804587155963303,0.998250336473755,0.0002683510857897,0.9969619190867434,38.81267735969526,,0.9925120342307008,0.7308917197452229,,,0.4705882352941176,,1.0,0.5,,,True,0.6907339449541284,0.9970864786121044,0.0004541326067211,0.9964226031388724,65.6829924548689,,0.9957211624175432,0.7643312101910829,,,0.5,,1.0,0.5,,,True,0.7207339449541285,0.948906872810726,0.008731731483775,0.9891218993258186,1262.904809473161,,0.999643430201462,0.8407643312101911,,,0.6176470588235294,,1.0,0.5,,,HistGB,fleet,107839,10916,45.05,A_volume_matched,CTT_Silverado,FS-A,1,in_f0,107839,10916,0.1686429512516469,0.2857142857142857,0.1745718050065876,0.2857142857142857,0.2430830039525691,0.4285714285714285,0.2595520421607378,0.5,0.3148880105401844,0.5714285714285714,0.0381154049761778,0.3333333333333333,0.038644785600847,0.3333333333333333,0.0550555849655902,0.3333333333333333,0.058231868713605,0.3333333333333333,0.0989941768131286,0.5833333333333334,,,,,,,,,,
118722,21816,0.1837570121797139,0.8595156797538808,0.8294650098311865,96923,0.0248904217529296,False,0.6177117711771177,0.9999257995102768,1.0319278476048957e-05,0.9990642666816713,1.492518000800996,,0.9487476602192708,0.4944297082228117,,,0.5,,1.0,0.5,,,True,0.647002200220022,0.9997166938168426,4.127711390419582e-05,0.9986955523490906,5.970072003203984,,0.969337730635529,0.5779840848806366,,,0.5,,1.0,0.5,,,True,0.7098001466813348,0.9961402380186556,0.0006191567085629,0.99586284160614,89.55108004805976,,0.9962563508334076,0.783023872679045,,,0.6176470588235294,,1.0,0.5,,,True,0.7184635130179685,0.9937864570124272,0.0010112892906527,0.9944117665290833,146.26676407849757,,0.9982173099206704,0.8116710875331565,,,0.6470588235294118,,1.0,0.5,,,True,0.7413824715804914,0.9401302022785398,0.0106288568303304,0.97483891248703,1537.2935408250255,,0.9997325964881004,0.8490716180371353,,,0.9117647058823528,,1.0,1.0,,,XGBoost,fleet,107839,10916,16.86,A_volume_matched,CTT_Silverado,FS-A,1,cross,107839,10916,0.2622412093328952,0.5,0.2862306933946763,0.5,0.3473545842918172,0.5714285714285714,0.354912914886625,0.5714285714285714,0.3890897140979297,0.8571428571428571,0.0449260042283298,0.3333333333333333,0.0502114164904862,0.3333333333333333,0.0790169133192389,0.5833333333333334,0.0885306553911205,0.6666666666666666,0.1514270613107822,0.9166666666666666,,,,,,,,,,
59344,10900,0.1836748449716904,0.8598708136662477,0.8293741423202285,48462,0.0248904217529296,False,0.5941284403669724,1.0,0.0,0.9992339611053468,0.0,,0.9301123194865396,0.4309978768577495,,,0.4411764705882353,,1.0,0.5,,,True,0.6395412844036698,1.0,0.0,0.9988009929656982,0.0,,0.9638081654483864,0.5514861995753716,,,0.5,,1.0,0.5,,,True,0.7042201834862385,0.9981794538361508,0.0002889934770043,0.996301293373108,41.798267925825655,,0.994829737921198,0.7659235668789809,,,0.5,,1.0,0.5,,,True,0.7101834862385321,0.9974230124983894,0.0004128478242919,0.9956958293914796,59.71181132260809,,0.9966125869138884,0.7855626326963907,,,0.5294117647058824,,1.0,0.5,,,True,0.7392660550458715,0.9551920341394026,0.0078028238791181,0.9777452945709229,1128.5532339972929,,0.9998217151007308,0.8476645435244161,,,0.7941176470588235,,1.0,0.75,,,XGBoost,fleet,107839,10916,14.9,A_volume_matched,CTT_Silverado,FS-A,1,in_f0,107839,10916,0.2391304347826087,0.4285714285714285,0.2826086956521739,0.5,0.3432147562582345,0.5,0.3498023715415019,0.5,0.3873517786561264,0.6428571428571429,0.0444679724722075,0.25,0.0513499205929063,0.3333333333333333,0.0698782424563261,0.3333333333333333,0.0741132874536791,0.4166666666666667,0.1402858655373213,0.9166666666666666,,,,,,,,,,
118722,21816,0.1837570121797139,0.850512422182442,0.8226252236974289,96923,0.0248904217529296,False,0.6851393472680601,0.999665596575709,5.159639238024477e-05,0.9976782573176912,7.46259000400498,,0.9945627952580444,0.7551724137931034,,,0.5588235294117647,,1.0,0.5,,,True,0.6996699669966997,0.9991490475878771,0.0001341506201886,0.9968359803584314,19.402734010412946,,0.9980390409127372,0.7986737400530504,,,0.5882352941176471,,1.0,0.5,,,True,0.7175925925925926,0.9930225182366,0.0011351206323653,0.9937950388717997,164.17698008810956,,0.9997325964881004,0.8379310344827586,,,0.6764705882352942,,1.0,0.5,,,True,0.7198844884488449,0.9913521020073224,0.0014137411512187,0.9931023937284744,204.47496610973647,,0.9997325964881004,0.8411140583554376,,,0.6764705882352942,,1.0,0.5,,,True,0.7341400806747341,0.929811320754717,0.0124760076775431,0.9831385528739246,1804.454262968404,,1.0,0.8493368700265252,,,0.8529411764705882,,1.0,1.0,,,LightGBM,fleet,107839,10916,35.44,A_volume_matched,CTT_Silverado,FS-A,1,cross,107839,10916,0.2619125862635557,0.5,0.2891883010187315,0.5,0.3292803154781465,0.5714285714285714,0.3368386460729543,0.5714285714285714,0.3680578376602037,0.6428571428571429,0.0383192389006342,0.5,0.0465116279069767,0.5833333333333334,0.0734672304439746,0.75,0.0774312896405919,0.75,0.1255285412262156,1.0,,,,,,,,,,
59344,10900,0.1836748449716904,0.8496165306541403,0.8206208357325788,48462,0.0248904217529296,False,0.6487155963302752,1.0,0.0,0.9986147515423548,0.0,,0.9812800855767516,0.638004246284501,,,0.4411764705882353,,1.0,0.5,,,True,0.6771559633027523,0.999864535356272,2.06423912145983e-05,0.9980016912893456,2.9855905661304045,,0.9916206097343556,0.7292993630573248,,,0.4705882352941176,,1.0,0.5,,,True,0.7144036697247707,0.9978216299333676,0.0003509206506481,0.9950508888489616,50.75503962421688,,0.999286860402924,0.8333333333333334,,,0.6176470588235294,,1.0,0.5,,,True,0.7163302752293578,0.9957913531437316,0.0006811989100817,0.9944385188319164,98.52448868230334,,0.9994651453021928,0.8386411889596603,,,0.6176470588235294,,1.0,0.5,,,True,0.7321100917431193,0.9432624113475178,0.0099083477830071,0.9847738841653,1433.083471742594,,0.9998217151007308,0.8476645435244161,,,0.7647058823529411,,1.0,0.75,,,LightGBM,fleet,107839,10916,57.6,A_volume_matched,CTT_Silverado,FS-A,1,in_f0,107839,10916,0.2075098814229249,0.4285714285714285,0.2503293807641634,0.4285714285714285,0.3214756258234519,0.5,0.3247694334650856,0.5,0.3656126482213438,0.6428571428571429,0.0264690312334568,0.25,0.0344097406034939,0.3333333333333333,0.065643197458973,0.6666666666666666,0.0682901005823186,0.6666666666666666,0.1164637374272101,0.8333333333333334,,,,,,,,,,
118722,21816,0.1837570121797139,0.8467340270718987,0.720033863924092,96923,0.0248904217529296,False,0.1237623762376237,1.0,0.0,0.9990180730819704,0.0,,0.0953739192441394,0.3249336870026525,,,0.2647058823529412,,0.75,0.5,,,True,0.1721672167216721,0.998139782088759,7.223494933234268e-05,0.9981980919837952,10.44762600560697,,0.1520634637668241,0.4156498673740053,,,0.3235294117647059,,0.75,0.5,,,True,0.2395489548954895,0.9888363292336804,0.0006088374300868,0.9962912797927856,88.05856204725876,,0.2349585524556555,0.5244031830238727,,,0.5,,1.0,1.0,,,True,0.2523377337733773,0.9842660468442695,0.0009080965058923,0.9958041310310364,131.34158407048764,,0.2510027631696229,0.5427055702917772,,,0.5,,1.0,1.0,,,True,0.4241840850751742,0.9126232741617356,0.0091428807297793,0.9877380132675172,1322.370948709682,,0.4969248596131562,0.7031830238726791,,,0.8235294117647058,,1.0,1.0,,,LogReg,fleet,107839,10916,6.14,A_volume_matched,CTT_Silverado,FS-A,2,cross,107839,10916,0.131449227735787,0.2142857142857142,0.1541242195202103,0.2857142857142857,0.1869865264541571,0.4285714285714285,0.1942162339796253,0.4285714285714285,0.2704567860663818,0.7857142857142857,0.0013213530655391,0.0833333333333333,0.0036997885835095,0.1666666666666666,0.0116279069767441,0.25,0.0137420718816067,0.25,0.0541754756871036,0.75,,,,,,,,,,
59344,10900,0.1836748449716904,0.8501680830377116,0.7211315343344765,48462,0.0248904217529296,False,0.1290825688073394,1.0,0.0,0.9989559650421144,0.0,,0.1034052415760385,0.3333333333333333,,,0.2352941176470588,,0.75,0.5,,,True,0.1748623853211009,0.9973835688121402,0.0001032119560729,0.99815434217453,14.927952830652025,,0.1543947227669816,0.4294055201698514,,,0.2352941176470588,,0.75,0.5,,,True,0.2401834862385321,0.9875518672199172,0.0006811989100817,0.9961353540420532,98.52448868230334,,0.234979497236584,0.5382165605095541,,,0.3823529411764705,,0.75,1.0,,,True,0.2538532110091743,0.9801629472192704,0.0011559739080175,0.9956027269363404,167.19307170330262,,0.2506685683722588,0.5589171974522293,,,0.4117647058823529,,0.75,1.0,,,True,0.4262385321100917,0.91312893081761,0.0091239369168524,0.9874311685562134,1319.631030229639,,0.5047245498306293,0.7075371549893843,,,0.7058823529411765,,1.0,1.0,,,LogReg,fleet,107839,10916,5.08,A_volume_matched,CTT_Silverado,FS-A,2,in_f0,107839,10916,0.1310935441370224,0.2142857142857142,0.1521739130434782,0.2142857142857142,0.1884057971014492,0.4285714285714285,0.1996047430830039,0.4285714285714285,0.2707509881422925,0.5714285714285714,0.0,0.0,0.0,0.0,0.0,0.0,0.0026469031233456,0.0833333333333333,0.0375860243515087,0.6666666666666666,,,,,,,,,,
118722,21816,0.1837570121797139,0.8848914844050122,0.8364241130783516,96923,0.0248904217529296,False,0.4746974697469747,1.0,0.0,0.8535029106446208,0.0,,0.7926731437739549,0.3848806366047745,,,0.3823529411764705,,1.0,0.5,,,True,0.5327282728272827,0.9998279421885754,2.063855695209791e-05,0.8420884197220818,2.985036001601992,,0.8697744897049647,0.4891246684350133,,,0.4117647058823529,,1.0,0.5,,,True,0.6472313898056472,0.99626049530798,0.0005469217592305,0.8010087516974845,79.1034540424528,,0.983866654782066,0.7912466843501327,,,0.5294117647058824,,1.0,0.75,,,True,0.6591492482581591,0.9940550255772156,0.0008874579489402,0.789148840404118,128.35654806888564,,0.9936714502183795,0.8188328912466843,,,0.5294117647058824,,1.0,0.75,,,True,0.7258434176751009,0.938036846158403,0.0107939652859472,0.6010550584599506,1561.1738288378417,,0.9997325964881004,0.8488063660477454,,,0.8823529411764706,,1.0,0.75,,,RandomForest,fleet,107839,10916,112.18,A_volume_matched,CTT_Silverado,FS-A,2,cross,107839,10916,0.0009858692080184,0.2142857142857142,0.0023003614853762,0.2142857142857142,0.0174170226749917,0.2857142857142857,0.0266184686164968,0.2857142857142857,0.2418665790338481,0.7857142857142857,0.0023784355179704,0.3333333333333333,0.0034355179704016,0.4166666666666667,0.0121564482029598,0.5833333333333334,0.0169133192389006,0.5833333333333334,0.1804968287526427,1.0,,,,,,,,,,
59344,10900,0.1836748449716904,0.8859621759428649,0.8363734479795754,48462,0.0248904217529296,False,0.5160550458715596,0.9998222538215428,2.06423912145983e-05,0.8442833708989352,2.9855905661304045,,0.84346585844179,0.4692144373673036,,,0.3823529411764705,,1.0,0.5,,,True,0.5341284403669725,0.9994849785407726,6.192717364379489e-05,0.8399983627304825,8.956771698391213,,0.8646817614548048,0.5095541401273885,,,0.3823529411764705,,1.0,0.5,,,True,0.6558715596330276,0.9944359438030324,0.0008256956485839,0.7963928195962731,119.42362264521618,,0.9921554644321626,0.8105095541401274,,,0.5,,1.0,0.75,,,True,0.6636697247706422,0.9929993136582018,0.0010527619519445,0.7841317611252133,152.26511887265062,,0.9967908718131574,0.8290870488322718,,,0.5,,1.0,0.75,,,True,0.7261467889908257,0.941141498216409,0.0102179836512261,0.6033652862887247,1477.8673302345503,,0.9998217151007308,0.8487261146496815,,,0.7647058823529411,,1.0,0.75,,,RandomForest,fleet,107839,10916,112.74,A_volume_matched,CTT_Silverado,FS-A,2,in_f0,107839,10916,0.0026350461133069,0.2142857142857142,0.0032938076416337,0.2142857142857142,0.0223978919631093,0.2857142857142857,0.0322793148880105,0.2857142857142857,0.2345191040843214,0.5714285714285714,0.0031762837480148,0.3333333333333333,0.0037056643726839,0.3333333333333333,0.0121757543673901,0.5,0.0169401799894123,0.5,0.1863419798835362,0.9166666666666666,,,,,,,,,,
118722,21816,0.1837570121797139,0.8526926545150749,0.8198514285253529,96923,0.0248904217529296,False,0.606985698569857,0.9999244884089707,1.0319278476048957e-05,0.9988680002417808,1.492518000800996,,0.907834922898654,0.6061007957559682,,,0.4705882352941176,,1.0,0.5,,,True,0.6731298129812981,0.9990475542553916,0.0001444698986646,0.9979835724798076,20.89525201121394,,0.97210090025849,0.7448275862068966,,,0.5,,1.0,0.5,,,True,0.7048038137147048,0.9932174924100512,0.0010835242399851,0.9961017522184624,156.7143900841046,,0.990640877083519,0.8244031830238727,,,0.5882352941176471,,1.0,0.5,,,True,0.7088833883388339,0.9901402138421154,0.0015891688853115,0.9955190007738208,229.8477721233534,,0.993760584722346,0.8305039787798408,,,0.6470588235294118,,1.0,0.5,,,True,0.7282269893656033,0.93118808979544,0.0121148329308814,0.9888608352931438,1752.216132940369,,0.999643461984134,0.8440318302387267,,,0.8235294117647058,,1.0,0.75,,,HistGB,fleet,107839,10916,57.73,A_volume_matched,CTT_Silverado,FS-A,2,cross,107839,10916,0.1968452185343411,0.4285714285714285,0.2494249096286559,0.4285714285714285,0.2862306933946763,0.5,0.2924745317121262,0.5,0.354912914886625,0.7142857142857143,0.0457188160676532,0.3333333333333333,0.0560253699788583,0.4166666666666667,0.0747885835095137,0.5833333333333334,0.0779598308668076,0.75,0.1083509513742072,0.9166666666666666,,,,,,,,,,
59344,10900,0.1836748449716904,0.8504017861539173,0.8183234907486759,48462,0.0248904217529296,False,0.5943119266055046,1.0,0.0,0.9989080666174094,0.0,,0.8916027812444286,0.5859872611464968,,,0.4705882352941176,,1.0,0.5,,,True,0.649908256880734,0.9997177533163986,4.12847824291966e-05,0.9984260353067028,5.971181132260809,,0.9493670886075948,0.7006369426751592,,,0.4705882352941176,,1.0,0.5,,,True,0.6956880733944955,0.9980257962621742,0.0003096358682189,0.9970068315587214,44.78385849195606,,0.9841326439650562,0.8014861995753716,,,0.5294117647058824,,1.0,0.5,,,True,0.7008256880733945,0.9967379958246346,0.0005160597803649,0.9965905873584489,74.63976415326012,,0.9873417721518988,0.8126326963906582,,,0.5588235294117647,,1.0,0.5,,,True,0.726788990825688,0.9390706495969654,0.0106101890843035,0.9895565562705732,1534.5935509910278,,0.9994651453021928,0.8444798301486199,,,0.7352941176470589,,1.0,0.5,,,HistGB,fleet,107839,10916,46.83,A_volume_matched,CTT_Silverado,FS-A,2,in_f0,107839,10916,0.1897233201581027,0.4285714285714285,0.2246376811594203,0.4285714285714285,0.2812911725955204,0.5,0.2859025032938076,0.5,0.3544137022397892,0.7142857142857143,0.0449973530968766,0.3333333333333333,0.0518793012175754,0.3333333333333333,0.0667019587083112,0.4166666666666667,0.0719957649550026,0.5,0.0989941768131286,0.75,,,,,,,,,,
118722,21816,0.1837570121797139,0.8543602517615598,0.8255363375305245,96923,0.0248904217529296,False,0.447057205720572,0.999897477957761,1.0319278476048957e-05,0.999452292919159,1.492518000800996,,0.6689544522684732,0.3819628647214854,,,0.5,,1.0,0.5,,,True,0.5734323432343235,0.9992012779552716,0.0001031927847604,0.9989128112792968,14.92518000800996,,0.8432124075229521,0.5249336870026525,,,0.5,,1.0,0.5,,,True,0.6914649798313165,0.9953810623556582,0.0007223494933234,0.9967405200004578,104.47626005606972,,0.9764684909528478,0.7395225464190981,,,0.5588235294117647,,1.0,0.5,,,True,0.7065456545654566,0.9934261407579272,0.0010525664045569,0.9957680702209472,152.2368360817016,,0.984579730813798,0.7803713527851459,,,0.6176470588235294,,1.0,0.5,,,True,0.7407407407407407,0.9411764705882352,0.0104224712608094,0.9815977811813354,1507.443180809006,,0.9991086549603352,0.8472148541114058,,,0.9117647058823528,,1.0,1.0,,,XGBoost,fleet,107839,10916,15.04,A_volume_matched,CTT_Silverado,FS-A,2,cross,107839,10916,0.2142622412093329,0.5,0.2875451856720342,0.5,0.3486690765691752,0.5714285714285714,0.3627998685507723,0.5714285714285714,0.3953335524153795,0.8571428571428571,0.0412262156448203,0.3333333333333333,0.0517970401691331,0.3333333333333333,0.074260042283298,0.4166666666666667,0.0850951374207188,0.5833333333333334,0.1464059196617336,0.9166666666666666,,,,,,,,,,
59344,10900,0.1836748449716904,0.85518127901771,0.826029377691514,48462,0.0248904217529296,False,0.4322018348623853,1.0,0.0,0.9994704127311708,0.0,,0.647530754145124,0.3662420382165605,,,0.5,,1.0,0.5,,,True,0.4793577981651376,1.0,0.0,0.9993364214897156,0.0,,0.7127830272775896,0.4203821656050955,,,0.5,,1.0,0.5,,,True,0.6574311926605505,0.9990241182211068,0.0001444967385021,0.9978541731834412,20.899133962912828,,0.9458013906222142,0.6618895966029724,,,0.5,,1.0,0.5,,,True,0.6842201834862386,0.9977257525083612,0.0003509206506481,0.997050642967224,50.75503962421688,,0.971296131217686,0.7208067940552016,,,0.5588235294117647,,1.0,0.5,,,True,0.7387155963302753,0.9585714285714284,0.0071835521426802,0.9833712577819824,1038.9855170133806,,0.9987520057051168,0.8471337579617835,,,0.7647058823529411,,1.0,0.75,,,XGBoost,fleet,107839,10916,14.77,A_volume_matched,CTT_Silverado,FS-A,2,in_f0,107839,10916,0.2022397891963109,0.5,0.2272727272727272,0.5,0.3221343873517787,0.5,0.3405797101449275,0.5714285714285714,0.3893280632411067,0.7142857142857143,0.0434092112228692,0.3333333333333333,0.0476442562202223,0.3333333333333333,0.0661725780836421,0.3333333333333333,0.0714663843303335,0.4166666666666667,0.139227104287983,0.75,,,,,,,,,,
118722,21816,0.1837570121797139,0.8479339061906521,0.8176096655418499,96923,0.0248904217529296,False,0.4892280894756142,1.0,0.0,0.999549871147155,0.0,,0.8086282199839558,0.320159151193634,,,0.3823529411764705,,1.0,0.5,,,True,0.680968096809681,0.9994617868675996,8.255422780839164e-05,0.997505990941518,11.940144006407968,,0.987699438452625,0.7610079575596816,,,0.5588235294117647,,1.0,0.5,,,True,0.7108544187752108,0.9940388436638676,0.0009596928982725,0.9943217418194158,138.8041740744926,,0.9986629824405028,0.8294429708222811,,,0.7352941176470589,,1.0,0.5,,,True,0.7135588558855885,0.9927300554811556,0.0011763977462695,0.9936565710394152,170.14705209131353,,0.9988412514484356,0.8358090185676392,,,0.7352941176470589,,1.0,0.5,,,True,0.72992299229923,0.9348910937591732,0.0114440798299382,0.983719162203518,1655.2024628883044,,0.9997325964881004,0.8469496021220159,,,0.9411764705882352,,1.0,1.0,,,LightGBM,fleet,107839,10916,30.8,A_volume_matched,CTT_Silverado,FS-A,2,cross,107839,10916,0.1100887282287216,0.4285714285714285,0.2444955635885639,0.5,0.3102201774564574,0.7142857142857143,0.3164640157739073,0.7142857142857143,0.3697009530069011,0.9285714285714286,0.0155919661733615,0.0833333333333333,0.0428118393234672,0.5,0.0615750528541226,0.75,0.0652748414376321,0.75,0.1030655391120507,0.9166666666666666,,,,,,,,,,
59344,10900,0.1836748449716904,0.8468084666377295,0.8157208772063589,48462,0.0248904217529296,False,0.6277981651376147,1.0,0.0,0.9988622569972684,0.0,,0.9648778748440008,0.601380042462845,,,0.4705882352941176,,1.0,0.5,,,True,0.6703669724770642,0.9998631636562672,2.06423912145983e-05,0.9980121493364356,2.9855905661304045,,0.983241219468711,0.7314225053078556,,,0.5,,1.0,0.5,,,True,0.7056880733944955,0.9968895800933126,0.0004954173891503,0.9954569817052128,71.6541735871297,,0.9964343020146194,0.8248407643312102,,,0.5882352941176471,,1.0,0.5,,,True,0.7108256880733945,0.9952472703917792,0.0007637684749401,0.99457669801239,110.46685094682496,,0.9983954359065788,0.8296178343949044,,,0.6470588235294118,,1.0,0.5,,,True,0.7289908256880734,0.9455021418372204,0.009454215176286,0.9849413277135192,1367.4004792877254,,0.9998217151007308,0.8476645435244161,,,0.9117647058823528,,1.0,1.0,,,LightGBM,fleet,107839,10916,24.76,A_volume_matched,CTT_Silverado,FS-A,2,in_f0,107839,10916,0.1600790513833992,0.5,0.2233201581027667,0.5,0.2931488801054018,0.5714285714285714,0.3129117259552042,0.6428571428571429,0.3695652173913043,0.9285714285714286,0.0291159343568025,0.25,0.0397035468501852,0.3333333333333333,0.0550555849655902,0.5,0.058231868713605,0.5833333333333334,0.0952885124404446,0.8333333333333334,,,,,,,,,,
118722,21816,0.1837570121797139,0.9914984880175768,0.9899989089882076,96923,0.0248904217529296,False,0.860973597359736,0.9999467632027256,1.0319278476048957e-05,0.7853182554244996,1.492518000800996,,1.0,0.9371352785145888,,,0.8529411764705882,,1.0,1.0,,,True,0.9127246057939128,0.9997489581764322,5.159639238024477e-05,0.6710423231124878,7.46259000400498,,1.0,0.9758620689655172,,,0.8529411764705882,,1.0,1.0,,,True,0.9431609827649432,0.99776937251479,0.0004746868098982,0.5661060214042664,68.6558280368458,,1.0,0.9909814323607428,,,0.9117647058823528,,1.0,1.0,,,True,0.9482948294829484,0.9969159599074788,0.0006604338224671,0.5396350622177124,95.52115205126374,,1.0,0.993103448275862,,,0.9117647058823528,,1.0,1.0,,,True,0.9763017968463512,0.9598900356032268,0.0091841578436835,0.2741343080997467,1328.3410207128863,,1.0,0.9978779840848806,,,0.9117647058823528,,1.0,1.0,,,LogReg,fleet,107839,10916,2.26,A_volume_matched,CTT_Silverado,FS-B,0,cross,107839,10916,0.5879066710483076,0.6428571428571429,0.6703910614525139,0.6428571428571429,0.7371015445284259,0.7857142857142857,0.751889582648702,0.7857142857142857,0.8632928031547815,0.7857142857142857,0.5924947145877378,1.0,0.7859408033826638,1.0,0.892706131078224,1.0,0.9082980972515856,1.0,0.9754228329809724,1.0,,,,,,,,,,
59344,10900,0.1836748449716904,0.9915047384703723,0.9902983559675488,48462,0.0248904217529296,False,0.8619266055045871,1.0,0.0,0.7930995821952821,0.0,,1.0,0.9320594479830148,,,0.8235294117647058,,1.0,1.0,,,True,0.91348623853211,0.99989957822856,2.06423912145983e-05,0.6855536699295044,2.9855905661304045,,1.0,0.9676220806794056,,,0.8529411764705882,,1.0,1.0,,,True,0.9503669724770644,0.9977846272394528,0.0004747749979357,0.5523644685745239,68.66858302099931,,1.0,0.990976645435244,,,0.9117647058823528,,1.0,1.0,,,True,0.9542201834862384,0.9969328093549314,0.0006605565188671,0.5201601386070251,95.53889811617294,,1.0,0.9925690021231424,,,0.9117647058823528,,1.0,1.0,,,True,0.9788073394495412,0.9534405719392316,0.0107546858228057,0.2573287487030029,1555.4926849539406,,1.0,0.998407643312102,,,0.9117647058823528,,1.0,1.0,,,LogReg,fleet,107839,10916,2.11,A_volume_matched,CTT_Silverado,FS-B,0,in_f0,107839,10916,0.5764163372859025,0.5714285714285714,0.6587615283267457,0.6428571428571429,0.7503293807641633,0.7857142857142857,0.7635046113306982,0.7857142857142857,0.8682476943346509,0.7857142857142857,0.6114346214928533,1.0,0.8073054526204341,1.0,0.9232398094229752,1.0,0.9332980412916888,1.0,0.985177342509264,1.0,,,,,,,,,,
118722,21816,0.1837570121797139,0.998290404765922,0.9964819134738904,96923,0.0248904217529296,False,0.758067473414008,1.0,0.0,0.8305276141772894,0.0,,0.9797664675996078,0.8729442970822281,,,0.7058823529411765,,1.0,1.0,,,True,0.8276035936927026,0.999612446019267,7.223494933234268e-05,0.7714579375217111,10.44762600560697,,0.9975933683929048,0.9689655172413794,,,0.8529411764705882,,1.0,1.0,,,True,0.9260634396773012,0.9952707029902952,0.0009906507337006,0.6677534335202203,143.2817280768956,,0.999643461984134,0.9920424403183024,,,0.9117647058823528,,1.0,1.0,,,True,0.9342225889255592,0.9940981367671446,0.0012486326956019,0.6520734121777658,180.5946780969205,,0.9998217309920672,0.9938992042440318,,,0.9117647058823528,,1.0,1.0,,,True,0.9877612761276128,0.9571377809363064,0.0099581037293872,0.4535017783662074,1440.2798707729612,,1.0,0.9970822281167108,,,0.9411764705882352,,1.0,1.0,,,RandomForest,fleet,107839,10916,106.45,A_volume_matched,CTT_Silverado,FS-B,0,cross,107839,10916,0.2520538941833716,0.4285714285714285,0.3674005915215248,0.6428571428571429,0.5964508708511338,0.7857142857142857,0.6342425238251725,0.7857142857142857,0.9260598093986198,0.8571428571428571,0.3932346723044397,0.8333333333333334,0.5528541226215645,1.0,0.9072410147991544,1.0,0.9215116279069768,1.0,0.9918076109936576,1.0,,,,,,,,,,
59344,10900,0.1836748449716904,0.9985502157413952,0.9969192989827524,48462,0.0248904217529296,False,0.7803669724770642,1.0,0.0,0.8129996882353978,0.0,,0.98894633624532,0.9235668789808916,,,0.8235294117647058,,1.0,1.0,,,True,0.811651376146789,1.0,0.0,0.7842491888789715,0.0,,0.9971474416116954,0.961783439490446,,,0.8529411764705882,,1.0,1.0,,,True,0.8982568807339449,0.998368512287142,0.0003302782594335,0.7079991735321853,47.76944905808647,,0.999643430201462,0.989384288747346,,,0.9117647058823528,,1.0,1.0,,,True,0.9135779816513762,0.9976956216811944,0.0004747749979357,0.6885771726137995,68.66858302099931,,0.9998217151007308,0.9904458598726116,,,0.9117647058823528,,1.0,1.0,,,True,0.9873394495412844,0.9606355440507008,0.0091032945256378,0.4597109509420027,1316.6454396635083,,1.0,0.9989384288747346,,,0.9411764705882352,,1.0,1.0,,,RandomForest,fleet,107839,10916,117.58,A_volume_matched,CTT_Silverado,FS-B,0,in_f0,107839,10916,0.2760210803689064,0.5714285714285714,0.341897233201581,0.6428571428571429,0.5085638998682477,0.7857142857142857,0.5507246376811594,0.7857142857142857,0.924901185770751,0.8571428571428571,0.4235044997353097,1.0,0.4886183165696136,1.0,0.8194812069878242,1.0,0.8724192694547379,1.0,0.988353626257279,1.0,,,,,,,,,,
118722,21816,0.1837570121797139,0.9973611122558056,0.9952207816463762,96923,0.0248904217529296,False,0.8151815181518152,0.9999437728422828,1.0319278476048957e-05,0.994710191159076,1.492518000800996,,0.9671093680363668,0.993103448275862,,,0.8529411764705882,,1.0,1.0,,,True,0.8893014301430143,0.9990216271884657,0.0001960662910449,0.980522146940885,28.35784201521892,,0.997771637400838,0.9941644562334218,,,0.9117647058823528,,1.0,1.0,,,True,0.9434818481848184,0.996272991287512,0.0007945844426557,0.9532790815128176,114.9238860616767,,1.0,0.9946949602122016,,,0.9117647058823528,,1.0,1.0,,,True,0.9504033736707004,0.9943410704009208,0.0012176748601737,0.94400968457224,176.11712409451752,,1.0,0.9946949602122016,,,0.9117647058823528,,1.0,1.0,,,True,0.9837275394206088,0.9561595010024504,0.0101541700204321,0.6299507221051885,1468.63771278818,,1.0,0.9960212201591512,,,0.9705882352941176,,1.0,1.0,,,HistGB,fleet,107839,10916,30.91,A_volume_matched,CTT_Silverado,FS-B,0,cross,107839,10916,0.4229378902398948,0.6428571428571429,0.6329280315478146,0.7857142857142857,0.8038120276043378,0.7857142857142857,0.8248439040420638,0.7857142857142857,0.9224449556358856,0.9285714285714286,0.502906976744186,1.0,0.6693974630021141,1.0,0.8372093023255814,1.0,0.860200845665962,1.0,0.9725158562367864,1.0,,,,,,,,,,
59344,10900,0.1836748449716904,0.9975008654653932,0.9953519025736418,48462,0.0248904217529296,False,0.8130275229357798,1.0,0.0,0.9951184305060178,0.0,,0.966125869138884,0.9962845010615712,,,0.8235294117647058,,1.0,1.0,,,True,0.8520183486238532,0.999784691570675,4.12847824291966e-05,0.9889690508764116,5.971181132260809,,0.9875200570511676,0.9968152866242038,,,0.8823529411764706,,1.0,1.0,,,True,0.9297247706422018,0.9979320531757756,0.0004334902155065,0.962174627063194,62.69740188873849,,1.0,0.9973460721868364,,,0.9117647058823528,,1.0,1.0,,,True,0.9403669724770642,0.9971787138826734,0.0005986293452233,0.9533256163072852,86.58212641778172,,1.0,0.9973460721868364,,,0.9117647058823528,,1.0,1.0,,,True,0.9830275229357798,0.9604697024022948,0.0091032945256378,0.6554176084262339,1316.6454396635083,,1.0,0.9978768577494692,,,0.9117647058823528,,1.0,1.0,,,HistGB,fleet,107839,10916,28.95,A_volume_matched,CTT_Silverado,FS-B,0,in_f0,107839,10916,0.422266139657444,0.5714285714285714,0.525691699604743,0.7142857142857143,0.7733860342555995,0.7857142857142857,0.8069828722002635,0.7857142857142857,0.9216073781291172,0.7857142857142857,0.4896770778189518,1.0,0.567496029645315,1.0,0.7792482795129698,1.0,0.8136580201164637,1.0,0.9671784012705136,1.0,,,,,,,,,,
118722,21816,0.1837570121797139,0.9975838972287354,0.995422583631438,96923,0.0248904217529296,False,0.831041437477081,0.9999448458441343,1.0319278476048957e-05,0.98580139875412,1.492518000800996,,0.9886799179962564,0.9899204244031832,,,0.8529411764705882,,1.0,1.0,,,True,0.8706912357902457,0.9997368421052631,5.159639238024477e-05,0.9724850058555604,7.46259000400498,,0.9986629824405028,0.9928381962864722,,,0.8823529411764706,,1.0,1.0,,,True,0.9286303630363036,0.997047098774546,0.0006191567085629,0.8958917260169983,89.55108004805976,,0.9999108654960336,0.9941644562334218,,,0.9117647058823528,,1.0,1.0,,,True,0.9371103777044372,0.9953746530989824,0.0009803314552246,0.8632231950759888,141.78921007609458,,1.0,0.9944297082228116,,,0.9117647058823528,,1.0,1.0,,,True,0.9831774844151082,0.9570319471711584,0.0099374651724351,0.2549304366111755,1437.294834771359,,1.0,0.9962864721485412,,,0.9705882352941176,,1.0,1.0,,,XGBoost,fleet,107839,10916,35.63,A_volume_matched,CTT_Silverado,FS-B,0,cross,107839,10916,0.3562274071639829,0.6428571428571429,0.4525139664804469,0.7142857142857143,0.6569175156095958,0.7857142857142857,0.6953664147223135,0.7857142857142857,0.9155438711797568,0.9285714285714286,0.5872093023255814,1.0,0.7058668076109936,1.0,0.870507399577167,1.0,0.8879492600422833,1.0,0.9746300211416492,1.0,,,,,,,,,,
59344,10900,0.1836748449716904,0.9976907110754571,0.9956390647723888,48462,0.0248904217529296,False,0.820091743119266,1.0,0.0,0.9876194000244142,0.0,,0.9866286325548226,0.990976645435244,,,0.8235294117647058,,1.0,1.0,,,True,0.8631192660550459,0.999787460148778,4.12847824291966e-05,0.9737603068351746,5.971181132260809,,0.9991085755036548,0.9957537154989384,,,0.8823529411764706,,1.0,1.0,,,True,0.9255045871559632,0.9972321075523922,0.0005779869540087,0.8951418399810791,83.59653585165131,,1.0,0.9962845010615712,,,0.9117647058823528,,1.0,1.0,,,True,0.93348623853211,0.996181711376542,0.0008050532573693,0.8687989115715027,116.43803207908576,,1.0,0.9968152866242038,,,0.9117647058823528,,1.0,1.0,,,True,0.9841284403669724,0.9596528896045804,0.0093097184377838,0.2639774680137634,1346.5013453248123,,1.0,0.9978768577494692,,,0.9117647058823528,,1.0,1.0,,,XGBoost,fleet,107839,10916,16.9,A_volume_matched,CTT_Silverado,FS-B,0,in_f0,107839,10916,0.3386034255599473,0.5714285714285714,0.4472990777338603,0.7142857142857143,0.6561264822134387,0.7857142857142857,0.689064558629776,0.7857142857142857,0.9137022397891964,0.7857142857142857,0.5420857596611964,1.0,0.6611964002117523,1.0,0.8501852832186342,1.0,0.8692429857067231,1.0,0.9798835362625729,1.0,,,,,,,,,,
118722,21816,0.1837570121797139,0.9976108789065328,0.9956680416514224,96923,0.0248904217529296,False,0.8076640997433077,0.9999432495318088,1.0319278476048957e-05,0.9922968425767816,1.492518000800996,,0.994473660754078,0.9708222811671088,,,0.8235294117647058,,1.0,1.0,,,True,0.8796754675467546,0.9995833116308142,8.255422780839164e-05,0.958815244291642,11.940144006407968,,1.0,0.9885941644562334,,,0.8529411764705882,,1.0,1.0,,,True,0.9516868353502016,0.99582713799223,0.0008977772274162,0.6794948095464428,129.84906606968667,,1.0,0.9946949602122016,,,0.9117647058823528,,1.0,1.0,,,True,0.9562247891455812,0.9948969858832508,0.0011041627969372,0.6247066652488108,159.69942608570656,,1.0,0.9952254641909816,,,0.9117647058823528,,1.0,1.0,,,True,0.9847359735973598,0.9560747663551402,0.0101851278558603,0.1025841563573825,1473.1152667905828,,1.0,0.996551724137931,,,0.9117647058823528,,1.0,1.0,,,LightGBM,fleet,107839,10916,59.66,A_volume_matched,CTT_Silverado,FS-B,0,cross,107839,10916,0.2901741702267499,0.5714285714285714,0.4561288202431811,0.6428571428571429,0.7509037134406835,0.7857142857142857,0.7768649359185015,0.7857142857142857,0.9240880709825828,0.7857142857142857,0.507399577167019,1.0,0.7550211416490487,1.0,0.927061310782241,1.0,0.9318181818181818,1.0,0.9764799154334038,1.0,,,,,,,,,,
59344,10900,0.1836748449716904,0.997814904412472,0.9959474884333954,48462,0.0248904217529296,False,0.7956880733944954,1.0,0.0,0.9945672730094212,0.0,,0.9875200570511676,0.9697452229299364,,,0.8235294117647058,,1.0,1.0,,,True,0.8398165137614679,1.0,0.0,0.9807228814333468,0.0,,0.9998217151007308,0.9819532908704884,,,0.8529411764705882,,1.0,1.0,,,True,0.9443119266055046,0.9972870845848272,0.0005779869540087,0.7564042731542981,83.59653585165131,,1.0,0.9968152866242038,,,0.9117647058823528,,1.0,1.0,,,True,0.9527522935779816,0.9965454370981672,0.0007431260837255,0.6874090282747883,107.48126038069456,,1.0,0.9968152866242038,,,0.9117647058823528,,1.0,1.0,,,True,0.9863302752293578,0.9610261911146868,0.0090000825695648,0.1192727640481182,1301.7174868328564,,1.0,0.9989384288747346,,,0.9117647058823528,,1.0,1.0,,,LightGBM,fleet,107839,10916,68.08,A_volume_matched,CTT_Silverado,FS-B,0,in_f0,107839,10916,0.2799736495388669,0.5714285714285714,0.3596837944664031,0.6428571428571429,0.7101449275362319,0.7857142857142857,0.7490118577075099,0.7857142857142857,0.9229249011857708,0.7857142857142857,0.4669137109581789,1.0,0.6087877183695076,1.0,0.9147697194282688,1.0,0.9322392800423503,1.0,0.984118581259926,1.0,,,,,,,,,,
118722,21816,0.1837570121797139,0.9673757593212318,0.9262566565418218,96923,0.0248904217529296,False,0.7880454712137881,0.9997092516136536,5.159639238024477e-05,8.767679158448392,7.46259000400498,,0.9998217309920672,0.9976127320954908,,,0.5588235294117647,,1.0,1.0,,,True,0.7880454712137881,0.999186330349878,0.0001444698986646,8.254867411790489,20.89525201121394,,0.9998217309920672,0.9976127320954908,,,0.5588235294117647,,1.0,1.0,,,True,0.8098643197653098,0.9956607495069032,0.0007945844426557,7.037563006793776,114.9238860616767,,0.9998217309920672,0.9976127320954908,,,0.6470588235294118,,1.0,1.0,,,True,0.8186193619361937,0.9952075787127334,0.0008874579489402,6.854260355029586,128.35654806888564,,0.9999108654960336,0.9976127320954908,,,0.6764705882352942,,1.0,1.0,,,True,0.8322790612394573,0.9489390613567472,0.0100819350710998,4.316340127109358,1458.1900867825732,,1.0,0.9976127320954908,,,0.8235294117647058,,1.0,1.0,,,Rule:Combined,fleet,107839,10916,0.39,A_volume_matched,CTT_Silverado,FS-B,0,cross,107839,10916,0.2201774564574433,0.2857142857142857,0.2201774564574433,0.2857142857142857,0.3697009530069011,0.2857142857142857,0.4176799211304633,0.2857142857142857,0.4334538284587578,0.5714285714285714,0.4080338266384778,0.5833333333333334,0.4080338266384778,0.5833333333333334,0.413583509513742,0.8333333333333334,0.4252114164904862,0.9166666666666666,0.491014799154334,1.0,,,,,,,,,,
59344,10900,0.1836748449716904,0.9672616940093132,0.9266622624632788,48462,0.0248904217529296,False,0.7888990825688074,0.999535045914216,8.25695648583932e-05,8.817243041858429,11.942362264521618,,0.9998217151007308,0.998407643312102,,,0.5588235294117647,,1.0,1.0,,,True,0.7888990825688074,0.999535045914216,8.25695648583932e-05,8.665919351303966,11.942362264521618,,0.9998217151007308,0.998407643312102,,,0.5588235294117647,,1.0,1.0,,,True,0.8097247706422018,0.995937711577522,0.0007431260837255,7.173313609467455,107.48126038069456,,0.9998217151007308,0.998407643312102,,,0.6176470588235294,,1.0,1.0,,,True,0.818348623853211,0.9945367376519122,0.0010114771695153,6.7340784571553804,146.29393774038982,,0.9998217151007308,0.998407643312102,,,0.6176470588235294,,1.0,1.0,,,True,0.833302752293578,0.9454564380139482,0.0108166129964495,4.274760026298488,1564.449456652332,,1.0,0.998407643312102,,,0.7647058823529411,,1.0,1.0,,,Rule:Combined,fleet,107839,10916,0.25,A_volume_matched,CTT_Silverado,FS-B,0,in_f0,107839,10916,0.2259552042160738,0.2857142857142857,0.2259552042160738,0.2857142857142857,0.3702239789196311,0.2857142857142857,0.4202898550724637,0.2857142857142857,0.4347826086956521,0.5,0.4060349391212282,0.5833333333333334,0.4060349391212282,0.5833333333333334,0.4102699841185812,0.75,0.4197988353626257,0.75,0.4939121228163049,0.9166666666666666,,,,,,,,,,
118722,21816,0.1837570121797139,0.4873243301772234,0.1817842797561067,96923,0.0248904217529296,False,0.0,0.0,5.159639238024477e-05,8.767679158448392,7.46259000400498,,0.0,0.0,,,0.0,,0.0,0.0,,,True,0.0,0.0,0.0001444698986646,8.254867411790489,20.89525201121394,,0.0,0.0,,,0.0,,0.0,0.0,,,True,0.0007334066740007,0.1720430107526881,0.0007945844426557,7.037563006793776,114.9238860616767,,0.0008913450396648,0.0,,,0.1764705882352941,,0.75,0.0,,,True,0.001054272093876,0.2110091743119266,0.0008874579489402,6.854260355029586,128.35654806888564,,0.0013370175594972,0.0,,,0.2058823529411764,,0.75,0.0,,,True,0.012009534286762,0.2102728731942215,0.0101541700204321,4.259151873767259,1468.63771278818,,0.0137267136108387,0.0087533156498673,,,0.7058823529411765,,1.0,0.75,,,Rule:Staleness,fleet,107839,10916,0.29,A_volume_matched,CTT_Silverado,FS-B,0,cross,107839,10916,0.0,0.0,0.0,0.0,0.0,0.0,0.0,0.0,0.0059152152481104,0.5714285714285714,0.0,0.0,0.0,0.0,0.0015856236786469,0.25,0.0021141649048625,0.3333333333333333,0.0150634249471458,0.75,,,,,,,,,,
59344,10900,0.1836748449716904,0.491547898112187,0.1856556876952412,48462,0.0248904217529296,False,0.0,0.0,8.25695648583932e-05,8.817243041858429,11.942362264521618,,0.0,0.0,,,0.0,,0.0,0.0,,,True,0.0,0.0,8.25695648583932e-05,8.665919351303966,11.942362264521618,,0.0,0.0,,,0.0,,0.0,0.0,,,True,0.0009174311926605,0.217391304347826,0.0007431260837255,7.173313609467455,107.48126038069456,,0.0010697093956141,0.0,,,0.1470588235294117,,0.75,0.0,,,True,0.001743119266055,0.2794117647058823,0.0010114771695153,6.7340784571553804,146.29393774038982,,0.0023177036904974,0.0,,,0.1470588235294117,,0.75,0.0,,,True,0.0147706422018348,0.2333333333333333,0.0109198249525225,4.208702607933377,1579.377409482984,,0.016937065430558,0.0084925690021231,,,0.5294117647058824,,1.0,0.75,,,Rule:Staleness,fleet,107839,10916,0.17,A_volume_matched,CTT_Silverado,FS-B,0,in_f0,107839,10916,0.0,0.0,0.0,0.0,0.0,0.0,0.0,0.0,0.0065876152832674,0.5,0.0,0.0,0.0,0.0,0.0021175224986765,0.1666666666666666,0.0031762837480148,0.1666666666666666,0.0211752249867654,0.3333333333333333,,,,,,,,,,
118722,21816,0.1837570121797139,0.9921283760000116,0.9907097293740508,96923,0.0248904217529296,False,0.8284286762009534,0.9999446719043932,1.0319278476048957e-05,0.8501623272895814,1.492518000800996,,1.0,0.8785145888594165,,,0.8235294117647058,,1.0,1.0,,,True,0.9081866519985332,0.9997477041073772,5.159639238024477e-05,0.7112895250320435,7.46259000400498,,1.0,0.956763925729443,,,0.8529411764705882,,1.0,1.0,,,True,0.9447194719471949,0.9974833026812506,0.0005366024807545,0.5996273756027222,77.61093604165178,,1.0,0.9846153846153848,,,0.9117647058823528,,1.0,1.0,,,True,0.9500825082508252,0.9966820542412004,0.0007120302148473,0.5766648054122925,102.9837420552687,,1.0,0.9883289124668436,,,0.9117647058823528,,1.0,1.0,,,True,0.9781353135313532,0.9601349831271092,0.0091428807297793,0.3115995228290558,1322.370948709682,,1.0,0.9978779840848806,,,0.9117647058823528,,1.0,1.0,,,LogReg,fleet,107839,10916,2.47,A_volume_matched,CTT_Silverado,FS-B,1,cross,107839,10916,0.5645744331252054,0.5714285714285714,0.6871508379888268,0.6428571428571429,0.7561616825501151,0.7857142857142857,0.7699638514623727,0.7857142857142857,0.8675649030561945,0.7857142857142857,0.4820295983086681,1.0,0.7653276955602537,1.0,0.892706131078224,1.0,0.9088266384778012,1.0,0.9825581395348836,1.0,,,,,,,,,,
59344,10900,0.1836748449716904,0.9920124589140664,0.9908749171253284,48462,0.0248904217529296,False,0.8165137614678899,1.0,0.0,0.8774982094764711,0.0,,1.0,0.8715498938428875,,,0.7941176470588235,,1.0,1.0,,,True,0.910183486238532,0.9998992138681716,2.06423912145983e-05,0.7160854935646057,2.9855905661304045,,1.0,0.9506369426751592,,,0.8529411764705882,,1.0,1.0,,,True,0.9493577981651375,0.997589896847585,0.0005160597803649,0.5932551026344299,74.63976415326012,,1.0,0.9856687898089171,,,0.9117647058823528,,1.0,1.0,,,True,0.9560550458715597,0.9965573300181696,0.0007431260837255,0.555503249168396,107.48126038069456,,1.0,0.9888535031847132,,,0.9117647058823528,,1.0,1.0,,,True,0.98,0.9516258351893097,0.0112088184295268,0.2909989356994629,1621.1756774088096,,1.0,0.998407643312102,,,0.9117647058823528,,1.0,1.0,,,LogReg,fleet,107839,10916,2.27,A_volume_matched,CTT_Silverado,FS-B,1,in_f0,107839,10916,0.530961791831357,0.5,0.6805006587615283,0.6428571428571429,0.7628458498023716,0.7857142857142857,0.7766798418972332,0.7857142857142857,0.8768115942028986,0.7857142857142857,0.4462678665960826,1.0,0.787718369507676,1.0,0.9126521969295924,1.0,0.9370037056643726,1.0,0.985177342509264,1.0,,,,,,,,,,
118722,21816,0.1837570121797139,0.9984726543112624,0.9966645226272784,96923,0.0248904217529296,False,0.6296296296296297,1.0,0.0,0.8709063237524713,0.0,,0.933149122025136,0.4785145888594164,,,0.7352941176470589,,1.0,1.0,,,True,0.8113311331133113,0.99960467611679,7.223494933234268e-05,0.7945847807347252,10.44762600560697,,0.9811926196630716,0.9108753315649868,,,0.8529411764705882,,1.0,1.0,,,True,0.9163916391639164,0.9960639728962184,0.0008152229996078,0.7059822653270664,117.90892206327868,,0.999286923968268,0.9771883289124668,,,0.9117647058823528,,1.0,1.0,,,True,0.9273927392739274,0.994396933058095,0.0011763977462695,0.6830361187322063,170.14705209131353,,0.9995543274801676,0.9827586206896552,,,0.9117647058823528,,1.0,1.0,,,True,0.9897323065639896,0.957686507584494,0.0098445916661507,0.4100634129975136,1423.86217276415,,1.0,0.996551724137931,,,1.0,,1.0,1.0,,,RandomForest,fleet,107839,10916,131.08,A_volume_matched,CTT_Silverado,FS-B,1,cross,107839,10916,0.1593821886296418,0.5,0.3936904370686822,0.6428571428571429,0.579033848176142,0.7857142857142857,0.6273414393690437,0.7857142857142857,0.9408478475188958,1.0,0.2584566596194503,0.8333333333333334,0.5443974630021141,1.0,0.8813424947145877,1.0,0.8995771670190275,1.0,0.9918076109936576,1.0,,,,,,,,,,
59344,10900,0.1836748449716904,0.9985568241472798,0.9969792076531374,48462,0.0248904217529296,False,0.7380733944954129,1.0,0.0,0.8283498155839117,0.0,,0.9691567124264576,0.7277070063694268,,,0.8235294117647058,,1.0,1.0,,,True,0.7736697247706422,1.0,0.0,0.812954208900755,0.0,,0.9752183990016046,0.8397027600849257,,,0.8529411764705882,,1.0,1.0,,,True,0.8941284403669725,0.9981564932404752,0.0003715630418627,0.7333474157722611,53.74063019034728,,0.9980388661080406,0.964968152866242,,,0.9117647058823528,,1.0,1.0,,,True,0.9173394495412844,0.996511859677098,0.0007224836925109,0.7037220663531457,104.49566981456417,,0.999643430201462,0.977176220806794,,,0.9117647058823528,,1.0,1.0,,,True,0.9893577981651376,0.961397878220558,0.008938155395921,0.4183331238797316,1292.760715134465,,1.0,0.9989384288747346,,,1.0,,1.0,1.0,,,RandomForest,fleet,107839,10916,118.4,A_volume_matched,CTT_Silverado,FS-B,1,in_f0,107839,10916,0.2977602108036891,0.5714285714285714,0.336627140974967,0.6428571428571429,0.5276679841897233,0.7857142857142857,0.5902503293807642,0.7857142857142857,0.9393939393939394,1.0,0.4160931709899417,1.0,0.4605611434621492,1.0,0.8094229751191107,1.0,0.876124933827422,1.0,0.988353626257279,1.0,,,,,,,,,,
118722,21816,0.1837570121797139,0.996572501036866,0.9950400344837784,96923,0.0248904217529296,False,0.8607902456912357,0.9997338160136288,5.159639238024477e-05,0.9893405342186152,7.46259000400498,,1.0,0.9944297082228116,,,0.8823529411764706,,1.0,1.0,,,True,0.902961129446278,0.9995940528746132,8.255422780839164e-05,0.9816660942842986,11.940144006407968,,1.0,0.9946949602122016,,,0.9117647058823528,,1.0,1.0,,,True,0.9565456545654566,0.9959908361970218,0.0008668193919881,0.9513148266455204,125.37151206728366,,1.0,0.9957559681697612,,,0.9117647058823528,,1.0,1.0,,,True,0.9623670700403374,0.9943639291465378,0.0012279941386498,0.9410455926324864,177.60964209531852,,1.0,0.9957559681697612,,,0.9117647058823528,,1.0,1.0,,,True,0.9856985698569856,0.9551814507173632,0.0104121519823333,0.6513945750878114,1505.9506628082047,,1.0,0.996551724137931,,,0.9411764705882352,,1.0,1.0,,,HistGB,fleet,107839,10916,37.89,A_volume_matched,CTT_Silverado,FS-B,1,cross,107839,10916,0.5359842260926717,0.7142857142857143,0.6628327308577062,0.7857142857142857,0.8228721656260269,0.7857142857142857,0.8452185343411107,0.7857142857142857,0.9260598093986198,0.8571428571428571,0.5761099365750528,1.0,0.7169661733615222,1.0,0.8961416490486258,1.0,0.9117336152219874,1.0,0.9804439746300212,1.0,,,,,,,,,,
59344,10900,0.1836748449716904,0.9967492930454458,0.9952525033859252,48462,0.0248904217529296,False,0.8311009174311926,1.0,0.0,0.9935528622803772,0.0,,0.9994651453021928,0.9962845010615712,,,0.8823529411764706,,1.0,1.0,,,True,0.8542201834862385,0.9998926116838488,2.06423912145983e-05,0.9899164368668224,2.9855905661304045,,0.9998217151007308,0.9968152866242038,,,0.8823529411764706,,1.0,1.0,,,True,0.945045871559633,0.9980622032748764,0.0004128478242919,0.959768632036204,59.71181132260809,,1.0,0.9973460721868364,,,0.9117647058823528,,1.0,1.0,,,True,0.9529357798165138,0.997215821812596,0.0005986293452233,0.9531648270979126,86.58212641778172,,1.0,0.998407643312102,,,0.9117647058823528,,1.0,1.0,,,True,0.9869724770642202,0.959764474975466,0.0093097184377838,0.6771100685358247,1346.5013453248123,,1.0,0.9989384288747346,,,0.9117647058823528,,1.0,1.0,,,HistGB,fleet,107839,10916,74.66,A_volume_matched,CTT_Silverado,FS-B,1,in_f0,107839,10916,0.4341238471673254,0.7142857142857143,0.52832674571805,0.7142857142857143,0.8096179183135704,0.7857142857142857,0.8227931488801054,0.7857142857142857,0.9242424242424242,0.7857142857142857,0.4854420328215987,1.0,0.5415563790365273,1.0,0.8385389094759131,1.0,0.8724192694547379,1.0,0.9867654843832716,1.0,,,,,,,,,,
118722,21816,0.1837570121797139,0.9966852165441368,0.9946031696171496,96923,0.0248904217529296,False,0.8116061606160616,0.9997741389045736,4.127711390419582e-05,0.9951194524765016,5.970072003203984,,0.9466975666280416,0.976657824933687,,,0.8529411764705882,,1.0,1.0,,,True,0.8761917858452511,0.9993726146285355,0.0001238313417125,0.9869089722633362,17.91021600961195,,0.9844014618058652,0.9909814323607428,,,0.8823529411764706,,1.0,1.0,,,True,0.948019801980198,0.9948530472846216,0.0011041627969372,0.9038761854171752,159.69942608570656,,0.9999108654960336,0.9944297082228116,,,0.9117647058823528,,1.0,1.0,,,True,0.9534745141180784,0.993219691543714,0.0014653375435989,0.8756169080734253,211.93755611374144,,0.9999108654960336,0.9946949602122016,,,0.9117647058823528,,1.0,1.0,,,True,0.9863861386138614,0.9559751221679254,0.0102264049697645,0.2523796856403351,1479.0853387937873,,1.0,0.9960212201591512,,,0.9411764705882352,,1.0,1.0,,,XGBoost,fleet,107839,10916,43.19,A_volume_matched,CTT_Silverado,FS-B,1,cross,107839,10916,0.3460400920144594,0.6428571428571429,0.4669733815313835,0.7142857142857143,0.720341767992113,0.7857142857142857,0.7479461058166283,0.7857142857142857,0.9286887939533356,0.8571428571428571,0.6210359408033826,1.0,0.7700845665961945,1.0,0.9310253699788584,1.0,0.9400105708245244,1.0,0.9828224101479917,1.0,,,,,,,,,,
59344,10900,0.1836748449716904,0.997048109649352,0.9950360143229452,48462,0.0248904217529296,False,0.7062385321100917,1.0,0.0,0.9984658956527712,0.0,,0.8584417899803887,0.8991507430997877,,,0.8235294117647058,,1.0,1.0,,,True,0.8234862385321101,0.9997772332368012,4.12847824291966e-05,0.9944347739219666,5.971181132260809,,0.9589944731681228,0.9819532908704884,,,0.8529411764705882,,1.0,1.0,,,True,0.9391743119266056,0.9978555414757774,0.0004541326067211,0.9371246695518494,65.6829924548689,,0.9998217151007308,0.9962845010615712,,,0.9117647058823528,,1.0,1.0,,,True,0.9460550458715596,0.9970028038286765,0.0006399141276525,0.9182053208351136,92.55330755004252,,1.0,0.9962845010615712,,,0.9117647058823528,,1.0,1.0,,,True,0.9876146788990826,0.9586784219431828,0.0095780695235736,0.2709344625473022,1385.3140226845076,,1.0,0.9978768577494692,,,0.9117647058823528,,1.0,1.0,,,XGBoost,fleet,107839,10916,20.98,A_volume_matched,CTT_Silverado,FS-B,1,in_f0,107839,10916,0.2779973649538867,0.5714285714285714,0.3662714097496706,0.6428571428571429,0.6752305665349143,0.7857142857142857,0.7035573122529645,0.7857142857142857,0.9321475625823452,0.7857142857142857,0.4060349391212282,1.0,0.6304923239809423,1.0,0.9142403388035998,1.0,0.930651138168343,1.0,0.985177342509264,1.0,,,,,,,,,,
118722,21816,0.1837570121797139,0.9970416866912511,0.995542038853408,96923,0.0248904217529296,False,0.8606527319398607,0.9998934923847056,2.063855695209791e-05,0.9867669081626852,2.985036001601992,,0.9984847134325696,0.9806366047745358,,,0.8529411764705882,,1.0,1.0,,,True,0.9025944261092776,0.9994416810476092,0.0001135120632365,0.9653082141146389,16.417698008810955,,1.0,0.9907161803713528,,,0.9117647058823528,,1.0,1.0,,,True,0.9695636230289696,0.9953882352941176,0.0010112892906527,0.6808248931707077,146.26676407849757,,1.0,0.9944297082228116,,,0.9117647058823528,,1.0,1.0,,,True,0.9733681701503484,0.9935897435897436,0.0014137411512187,0.6100375138700337,204.47496610973647,,1.0,0.9949602122015916,,,0.9117647058823528,,1.0,1.0,,,True,0.9874404107077376,0.9559352118926115,0.0102470435267166,0.0878419399770441,1482.070374795389,,1.0,0.996551724137931,,,0.9411764705882352,,1.0,1.0,,,LightGBM,fleet,107839,10916,26.48,A_volume_matched,CTT_Silverado,FS-B,1,cross,107839,10916,0.3877752218205718,0.6428571428571429,0.5103516266841932,0.7857142857142857,0.8435754189944135,0.7857142857142857,0.8665790338481761,0.7857142857142857,0.9336181399934276,0.8571428571428571,0.712737843551797,1.0,0.8414376321353065,1.0,0.9558668076109936,1.0,0.9587737843551796,1.0,0.9844080338266384,1.0,,,,,,,,,,
59344,10900,0.1836748449716904,0.997197914701852,0.995744459765106,48462,0.0248904217529296,False,0.8104587155963303,1.0,0.0,0.9943878609486916,0.0,,0.9853806382599394,0.9734607218683652,,,0.8529411764705882,,1.0,1.0,,,True,0.8658715596330275,0.9998940565737896,2.06423912145983e-05,0.9839389938326688,2.9855905661304045,,0.9994651453021928,0.9856687898089171,,,0.8529411764705882,,1.0,1.0,,,True,0.963577981651376,0.9974358974358974,0.0005573445627941,0.8085055742847953,80.61094528552091,,1.0,0.9968152866242038,,,0.9117647058823528,,1.0,1.0,,,True,0.9730275229357798,0.9956815621479534,0.0009495499958715,0.6964141035402741,137.3371660419986,,1.0,0.9968152866242038,,,0.9117647058823528,,1.0,1.0,,,True,0.9882568807339448,0.9634200876486896,0.0084427380067707,0.1094771585936962,1221.1065415473354,,1.0,0.998407643312102,,,0.9117647058823528,,1.0,1.0,,,LightGBM,fleet,107839,10916,21.56,A_volume_matched,CTT_Silverado,FS-B,1,in_f0,107839,10916,0.3162055335968379,0.6428571428571429,0.41699604743083,0.6428571428571429,0.7951251646903821,0.7857142857142857,0.8484848484848485,0.7857142857142857,0.9321475625823452,0.7857142857142857,0.5256749602964531,1.0,0.710428798305982,1.0,0.957649550026469,1.0,0.96929592376919,1.0,0.988353626257279,1.0,,,,,,,,,,
118722,21816,0.1837570121797139,0.9644076697543448,0.921944655064209,96923,0.0248904217529296,False,0.7880454712137881,0.9997092516136536,5.159639238024477e-05,8.806216640467808,7.46259000400498,,0.9998217309920672,0.9976127320954908,,,0.5588235294117647,,1.0,1.0,,,True,0.7880454712137881,0.999186330349878,0.0001444698986646,8.291234871464185,20.89525201121394,,0.9998217309920672,0.9976127320954908,,,0.5588235294117647,,1.0,1.0,,,True,0.8098643197653098,0.9956607495069032,0.0007945844426557,7.068779301780624,114.9238860616767,,0.9998217309920672,0.9976127320954908,,,0.6470588235294118,,1.0,1.0,,,True,0.8186193619361937,0.9952075787127334,0.0008874579489402,6.8847009835989805,128.35654806888564,,0.9999108654960336,0.9976127320954908,,,0.6764705882352942,,1.0,1.0,,,True,0.8322790612394573,0.9488894695584008,0.0100922543495758,4.334111137826553,1459.682604783374,,1.0,0.9976127320954908,,,0.8235294117647058,,1.0,1.0,,,Rule:Combined,fleet,107839,10916,0.6,A_volume_matched,CTT_Silverado,FS-B,1,cross,107839,10916,0.2201774564574433,0.2857142857142857,0.2201774564574433,0.2857142857142857,0.3697009530069011,0.2857142857142857,0.4176799211304633,0.2857142857142857,0.4334538284587578,0.5714285714285714,0.4080338266384778,0.5833333333333334,0.4080338266384778,0.5833333333333334,0.413583509513742,0.8333333333333334,0.4252114164904862,0.9166666666666666,0.491014799154334,1.0,,,,,,,,,,
59344,10900,0.1836748449716904,0.96424216195149,0.922198906078071,48462,0.0248904217529296,False,0.7888990825688074,0.999535045914216,8.25695648583932e-05,8.855990259195417,11.942362264521618,,0.9998217151007308,0.998407643312102,,,0.5588235294117647,,1.0,1.0,,,True,0.7888990825688074,0.999535045914216,8.25695648583932e-05,8.704026224904526,11.942362264521618,,0.9998217151007308,0.998407643312102,,,0.5588235294117647,,1.0,1.0,,,True,0.8097247706422018,0.995937711577522,0.0007431260837255,7.205104348864297,107.48126038069456,,0.9998217151007308,0.998407643312102,,,0.6176470588235294,,1.0,1.0,,,True,0.818348623853211,0.9945367376519122,0.0010114771695153,6.764010522093701,146.29393774038982,,0.9998217151007308,0.998407643312102,,,0.6176470588235294,,1.0,1.0,,,True,0.833302752293578,0.9454564380139482,0.0108166129964495,4.294285200238348,1564.449456652332,,1.0,0.998407643312102,,,0.7647058823529411,,1.0,1.0,,,Rule:Combined,fleet,107839,10916,0.34,A_volume_matched,CTT_Silverado,FS-B,1,in_f0,107839,10916,0.2259552042160738,0.2857142857142857,0.2259552042160738,0.2857142857142857,0.3702239789196311,0.2857142857142857,0.4202898550724637,0.2857142857142857,0.4347826086956521,0.5,0.4060349391212282,0.5833333333333334,0.4060349391212282,0.5833333333333334,0.4102699841185812,0.75,0.4197988353626257,0.75,0.4939121228163049,0.9166666666666666,,,,,,,,,,
118722,21816,0.1837570121797139,0.4873243301772234,0.1817842797561067,96923,0.0248904217529296,False,0.0,0.0,5.159639238024477e-05,8.806216640467808,7.46259000400498,,0.0,0.0,,,0.0,,0.0,0.0,,,True,0.0,0.0,0.0001444698986646,8.291234871464185,20.89525201121394,,0.0,0.0,,,0.0,,0.0,0.0,,,True,0.0007334066740007,0.1720430107526881,0.0007945844426557,7.068779301780624,114.9238860616767,,0.0008913450396648,0.0,,,0.1764705882352941,,0.75,0.0,,,True,0.001054272093876,0.2110091743119266,0.0008874579489402,6.8847009835989805,128.35654806888564,,0.0013370175594972,0.0,,,0.2058823529411764,,0.75,0.0,,,True,0.012009534286762,0.2102728731942215,0.0101541700204321,4.27861100000055,1468.63771278818,,0.0137267136108387,0.0087533156498673,,,0.7058823529411765,,1.0,0.75,,,Rule:Staleness,fleet,107839,10916,0.34,A_volume_matched,CTT_Silverado,FS-B,1,cross,107839,10916,0.0,0.0,0.0,0.0,0.0,0.0,0.0,0.0,0.0059152152481104,0.5714285714285714,0.0,0.0,0.0,0.0,0.0015856236786469,0.25,0.0021141649048625,0.3333333333333333,0.0150634249471458,0.75,,,,,,,,,,
59344,10900,0.1836748449716904,0.491547898112187,0.1856556876952412,48462,0.0248904217529296,False,0.0,0.0,8.25695648583932e-05,8.855990259195417,11.942362264521618,,0.0,0.0,,,0.0,,0.0,0.0,,,True,0.0,0.0,8.25695648583932e-05,8.704026224904526,11.942362264521618,,0.0,0.0,,,0.0,,0.0,0.0,,,True,0.0009174311926605,0.217391304347826,0.0007431260837255,7.205104348864297,107.48126038069456,,0.0010697093956141,0.0,,,0.1470588235294117,,0.75,0.0,,,True,0.001743119266055,0.2794117647058823,0.0010114771695153,6.764010522093701,146.29393774038982,,0.0023177036904974,0.0,,,0.1470588235294117,,0.75,0.0,,,True,0.0147706422018348,0.2333333333333333,0.0109198249525225,4.227948252250745,1579.377409482984,,0.016937065430558,0.0084925690021231,,,0.5294117647058824,,1.0,0.75,,,Rule:Staleness,fleet,107839,10916,0.24,A_volume_matched,CTT_Silverado,FS-B,1,in_f0,107839,10916,0.0,0.0,0.0,0.0,0.0,0.0,0.0,0.0,0.0065876152832674,0.5,0.0,0.0,0.0,0.0,0.0021175224986765,0.1666666666666666,0.0031762837480148,0.1666666666666666,0.0211752249867654,0.3333333333333333,,,,,,,,,,
118722,21816,0.1837570121797139,0.9914009307243714,0.9899373581906444,96923,0.0248904217529296,False,0.8238907224055739,1.0,0.0,0.8722110986709596,0.0,,1.0,0.9122015915119364,,,0.8235294117647058,,1.0,1.0,,,True,0.9034653465346536,0.9997463860005072,5.159639238024477e-05,0.7426161766052246,7.46259000400498,,1.0,0.9755968169761272,,,0.8529411764705882,,1.0,1.0,,,True,0.9393564356435644,0.9975660809034708,0.0005159639238024,0.6447122097015381,74.6259000400498,,1.0,0.9923076923076924,,,0.9117647058823528,,1.0,1.0,,,True,0.943115144847818,0.9969473786219596,0.000650114543991,0.6320860981941223,94.02863405046276,,1.0,0.993633952254642,,,0.9117647058823528,,1.0,1.0,,,True,0.9754308764209756,0.959812367507104,0.0091944771221596,0.3488392829895019,1329.8335387136876,,1.0,0.9978779840848806,,,0.9117647058823528,,1.0,1.0,,,LogReg,fleet,107839,10916,1.7,A_volume_matched,CTT_Silverado,FS-B,2,cross,107839,10916,0.5044364114360829,0.5714285714285714,0.6447584620440355,0.6428571428571429,0.7131120604666448,0.7857142857142857,0.7265856063095629,0.7857142857142857,0.8639500492934604,0.7857142857142857,0.4706659619450317,1.0,0.7534355179704016,1.0,0.8887420718816068,1.0,0.8982558139534884,1.0,0.9698731501057084,1.0,,,,,,,,,,
59344,10900,0.1836748449716904,0.9915213537015026,0.9904106719610424,48462,0.0248904217529296,False,0.8332110091743119,1.0,0.0,0.8636817932128907,0.0,,1.0,0.9198513800424628,,,0.7941176470588235,,1.0,1.0,,,True,0.9088073394495412,0.9997981429148164,4.12847824291966e-05,0.7427247762680054,5.971181132260809,,1.0,0.9697452229299364,,,0.8529411764705882,,1.0,1.0,,,True,0.94651376146789,0.9978721346358448,0.0004541326067211,0.6376752257347107,65.6829924548689,,1.0,0.9920382165605096,,,0.9117647058823528,,1.0,1.0,,,True,0.9515596330275228,0.9970200903585504,0.0006399141276525,0.6114792823791504,92.55330755004252,,1.0,0.9941613588110404,,,0.9117647058823528,,1.0,1.0,,,True,0.9788073394495412,0.953355374854794,0.0107753282140203,0.3285225629806518,1558.4782755200713,,1.0,0.998407643312102,,,0.9117647058823528,,1.0,1.0,,,LogReg,fleet,107839,10916,1.4,A_volume_matched,CTT_Silverado,FS-B,2,in_f0,107839,10916,0.5237154150197628,0.5,0.6416337285902504,0.6428571428571429,0.7239789196310935,0.7857142857142857,0.7417654808959157,0.7857142857142857,0.8702239789196311,0.7857142857142857,0.5002646903123346,1.0,0.7919534145050291,1.0,0.9211222869242984,1.0,0.9338274219163578,1.0,0.9835892006352568,1.0,,,,,,,,,,
118722,21816,0.1837570121797139,0.9982728521538166,0.996312783784874,96923,0.0248904217529296,False,0.5435918591859186,1.0,0.0,0.8948820697057315,0.0,,0.8556912380782601,0.3580901856763925,,,0.5882352941176471,,1.0,1.0,,,True,0.7725980931426476,0.9996441492200936,6.191567085629373e-05,0.8149243410833151,8.955108004805975,,0.9760228184330154,0.8289124668435013,,,0.8529411764705882,,1.0,1.0,,,True,0.9131371470480382,0.9951543610750324,0.0010009700121767,0.7104130180192118,144.7742460776966,,0.999286923968268,0.96631299734748,,,0.9117647058823528,,1.0,1.0,,,True,0.9242757609094244,0.9941820333300464,0.0012176748601737,0.6913510551060581,176.11712409451752,,0.9995543274801676,0.973209549071618,,,0.9117647058823528,,1.0,1.0,,,True,0.9883571690502384,0.9558047785806107,0.0102883206406208,0.4395369188316823,1488.040446798593,,1.0,0.996816976127321,,,1.0,,1.0,1.0,,,RandomForest,fleet,107839,10916,129.57,A_volume_matched,CTT_Silverado,FS-B,2,cross,107839,10916,0.0624383831744988,0.2857142857142857,0.3325665461715412,0.6428571428571429,0.5760762405520867,0.7857142857142857,0.6161682550115019,0.7857142857142857,0.933289516924088,1.0,0.1900105708245243,0.6666666666666666,0.46723044397463,1.0,0.8757928118393234,1.0,0.9001057082452432,1.0,0.989693446088795,1.0,,,,,,,,,,
59344,10900,0.1836748449716904,0.9985037589983782,0.9966967232920676,48462,0.0248904217529296,False,0.5876146788990826,1.0,0.0,0.8828079637908834,0.0,,0.8928507755393118,0.4150743099787686,,,0.6176470588235294,,1.0,1.0,,,True,0.7539449541284403,0.9998783306971653,2.06423912145983e-05,0.8212774034907387,2.9855905661304045,,0.9729006953111072,0.7722929936305732,,,0.8529411764705882,,1.0,1.0,,,True,0.8853211009174312,0.9977253928866832,0.0004541326067211,0.7403610143732554,65.6829924548689,,0.9983954359065788,0.947452229299363,,,0.9117647058823528,,1.0,1.0,,,True,0.9000917431192661,0.9969515293161264,0.0006192717364379,0.7247400366511694,89.56771698391212,,0.9991085755036548,0.9575371549893844,,,0.9117647058823528,,1.0,1.0,,,True,0.9877981651376146,0.9600534997770842,0.00924779126414,0.451805444156786,1337.544573626421,,1.0,0.9989384288747346,,,1.0,,1.0,1.0,,,RandomForest,fleet,107839,10916,121.95,A_volume_matched,CTT_Silverado,FS-B,2,in_f0,107839,10916,0.0909090909090909,0.2857142857142857,0.3135704874835309,0.6428571428571429,0.5131752305665349,0.7857142857142857,0.549407114624506,0.7857142857142857,0.9308300395256917,1.0,0.2525145579671784,0.75,0.4393859184753838,1.0,0.7866596082583377,1.0,0.8305982001058761,1.0,0.9862361037586024,1.0,,,,,,,,,,
118722,21816,0.1837570121797139,0.9956765676189244,0.9937182813452068,96923,0.0248904217529296,False,0.8273285661899523,0.9998892028142484,2.063855695209791e-05,0.9942991629629364,2.985036001601992,,0.9997325964881004,0.9946949602122016,,,0.8529411764705882,,1.0,1.0,,,True,0.8663824715804914,0.9996297863338268,7.223494933234268e-05,0.989222516366616,10.44762600560697,,1.0,0.9946949602122016,,,0.9117647058823528,,1.0,1.0,,,True,0.9346351301796846,0.995119570522206,0.0010319278476048,0.96318948272736,149.2518000800996,,1.0,0.9960212201591512,,,0.9117647058823528,,1.0,1.0,,,True,0.940914924825816,0.993899191400765,0.0013002290879821,0.9573168941670674,188.0572681009255,,1.0,0.9960212201591512,,,0.9117647058823528,,1.0,1.0,,,True,0.9831774844151082,0.9545191580259,0.010546302602522,0.7378172172815385,1525.3533968186175,,1.0,0.9970822281167108,,,0.9411764705882352,,1.0,1.0,,,HistGB,fleet,107839,10916,26.63,A_volume_matched,CTT_Silverado,FS-B,2,cross,107839,10916,0.3545842918172855,0.6428571428571429,0.4988498192573118,0.7857142857142857,0.7538613210647388,0.7857142857142857,0.7745645744331252,0.7857142857142857,0.9194873480118304,0.8571428571428571,0.5295983086680761,1.0,0.6379492600422833,1.0,0.8250528541226215,1.0,0.8446088794926004,1.0,0.9706659619450316,1.0,,,,,,,,,,
59344,10900,0.1836748449716904,0.9960034588314968,0.9940923473907792,48462,0.0248904217529296,False,0.7988990825688074,1.0,0.0,0.9972836503399172,0.0,,0.9958994473168122,0.9968152866242038,,,0.7941176470588235,,1.0,1.0,,,True,0.8491743119266055,0.9998919736415686,2.06423912145983e-05,0.9912700925799488,2.9855905661304045,,1.0,0.9968152866242038,,,0.8823529411764706,,1.0,1.0,,,True,0.9241284403669724,0.99703058497476,0.0006192717364379,0.9710541109983406,89.56771698391212,,1.0,0.998407643312102,,,0.9117647058823528,,1.0,1.0,,,True,0.9319266055045872,0.9962730482542174,0.0007844108661547,0.965512567471317,113.45244151295536,,1.0,0.998407643312102,,,0.9117647058823528,,1.0,1.0,,,True,0.9839449541284404,0.9632656727142088,0.0084427380067707,0.783264826721268,1221.1065415473354,,1.0,0.9989384288747346,,,0.9117647058823528,,1.0,1.0,,,HistGB,fleet,107839,10916,28.58,A_volume_matched,CTT_Silverado,FS-B,2,in_f0,107839,10916,0.2865612648221344,0.5714285714285714,0.4440052700922266,0.7142857142857143,0.7299077733860343,0.7857142857142857,0.7490118577075099,0.7857142857142857,0.9176548089591569,0.7857142857142857,0.4282689253573319,0.9166666666666666,0.5796717840127051,1.0,0.7808364213869773,1.0,0.8104817363684489,1.0,0.9745897300158816,1.0,,,,,,,,,,
118722,21816,0.1837570121797139,0.9966286487721828,0.9947294932625076,96923,0.0248904217529296,False,0.7930876420975431,0.9999422065537767,1.0319278476048957e-05,0.9952188134193422,1.492518000800996,,0.9668419645244676,0.9676392572944296,,,0.8235294117647058,,1.0,1.0,,,True,0.8698203153648698,0.9995785924989464,8.255422780839164e-05,0.9824251532554626,11.940144006407968,,0.9980390409127372,0.993368700265252,,,0.8529411764705882,,1.0,1.0,,,True,0.9354143747708104,0.9969223253541768,0.000650114543991,0.9059155583381652,94.02863405046276,,0.9999108654960336,0.9944297082228116,,,0.9117647058823528,,1.0,1.0,,,True,0.9424275760909424,0.995159728944821,0.0010319278476048,0.8839752078056335,149.2518000800996,,0.9999108654960336,0.9946949602122016,,,0.9117647058823528,,1.0,1.0,,,True,0.982902456912358,0.9548895618097611,0.0104534290962375,0.358583927154541,1511.920734811409,,1.0,0.9954907161803712,,,0.9411764705882352,,1.0,1.0,,,XGBoost,fleet,107839,10916,13.67,A_volume_matched,CTT_Silverado,FS-B,2,cross,107839,10916,0.3105488005257969,0.5714285714285714,0.4581005586592179,0.6428571428571429,0.6904370686822215,0.7857142857142857,0.7229707525468287,0.7857142857142857,0.9122576404863622,0.8571428571428571,0.4920718816067653,1.0,0.6976744186046512,1.0,0.882399577167019,1.0,0.8964059196617337,1.0,0.9764799154334038,1.0,,,,,,,,,,
59344,10900,0.1836748449716904,0.9968571220794804,0.9949686798280508,48462,0.0248904217529296,False,0.7737614678899083,1.0,0.0,0.9961528182029724,0.0,,0.9529327865929756,0.9580679405520168,,,0.7352941176470589,,1.0,1.0,,,True,0.8323853211009175,1.0,0.0,0.9904816746711732,0.0,,0.9917988946336246,0.9962845010615712,,,0.8235294117647058,,1.0,1.0,,,True,0.9337614678899082,0.9966705836271054,0.0007018413012963,0.9045761823654176,101.51007924843375,,1.0,0.9968152866242038,,,0.9117647058823528,,1.0,1.0,,,True,0.9377981651376148,0.9961021243422334,0.0008256956485839,0.893046498298645,119.42362264521618,,1.0,0.9968152866242038,,,0.9117647058823528,,1.0,1.0,,,True,0.983394495412844,0.9570535714285714,0.0099289901742217,0.383311927318573,1436.0690623087246,,1.0,0.9978768577494692,,,0.9117647058823528,,1.0,1.0,,,XGBoost,fleet,107839,10916,13.33,A_volume_matched,CTT_Silverado,FS-B,2,in_f0,107839,10916,0.3010540184453228,0.4285714285714285,0.3820816864295125,0.5714285714285714,0.689064558629776,0.7857142857142857,0.7075098814229249,0.7857142857142857,0.9077733860342556,0.7857142857142857,0.4377977766013763,0.9166666666666666,0.5574377977766014,1.0,0.8708311275807306,1.0,0.8793012175754368,1.0,0.980412916887242,1.0,,,,,,,,,,
118722,21816,0.1837570121797139,0.9970815740893432,0.9953154582079168,96923,0.0248904217529296,False,0.7891914191419142,0.9999419212452084,1.0319278476048957e-05,0.9980235455053268,1.492518000800996,,0.9538283269453606,0.9490716180371352,,,0.8235294117647058,,1.0,1.0,,,True,0.858085808580858,0.9996262081486624,7.223494933234268e-05,0.9931226348332844,10.44762600560697,,0.9891255905160888,0.9761273209549072,,,0.8529411764705882,,1.0,1.0,,,True,0.9525577557755776,0.995497005988024,0.0009700121767486,0.8971655123240718,140.29669207529363,,1.0,0.9946949602122016,,,0.9117647058823528,,1.0,1.0,,,True,0.9590209020902092,0.9940136830102624,0.0013002290879821,0.8621569106410756,188.0572681009255,,1.0,0.9952254641909816,,,0.9117647058823528,,1.0,1.0,,,True,0.9866611661166116,0.9549689440993788,0.0104740676531896,0.2437358835431442,1514.9057708130108,,1.0,0.9962864721485412,,,0.9411764705882352,,1.0,1.0,,,LightGBM,fleet,107839,10916,27.9,A_volume_matched,CTT_Silverado,FS-B,2,cross,107839,10916,0.3089056851790995,0.5714285714285714,0.4117647058823529,0.6428571428571429,0.7489319750246467,0.7857142857142857,0.7821229050279329,0.7857142857142857,0.9273743016759776,0.8571428571428571,0.5280126849894292,1.0,0.7108879492600423,1.0,0.9336680761099366,1.0,0.9437103594080338,1.0,0.985200845665962,1.0,,,,,,,,,,
59344,10900,0.1836748449716904,0.9972658679386928,0.995576031111408,48462,0.0248904217529296,False,0.7971559633027523,0.999884925201381,2.06423912145983e-05,0.9976938676569792,2.9855905661304045,,0.9581030486717776,0.9585987261146496,,,0.8235294117647058,,1.0,1.0,,,True,0.8329357798165138,0.9998898678414097,2.06423912145983e-05,0.9955612680513108,2.9855905661304045,,0.9784275271884472,0.9723991507430998,,,0.8235294117647058,,1.0,1.0,,,True,0.9428440366972476,0.9973796583850932,0.0005573445627941,0.9293416557044754,80.61094528552091,,1.0,0.9968152866242038,,,0.9117647058823528,,1.0,1.0,,,True,0.9518348623853212,0.99644640799078,0.0007637684749401,0.9044031505608168,110.46685094682496,,1.0,0.9968152866242038,,,0.9117647058823528,,1.0,1.0,,,True,0.9880733944954128,0.9592945577625368,0.0094335727850714,0.2778719381268046,1364.4148887215947,,1.0,0.9989384288747346,,,0.9117647058823528,,1.0,1.0,,,LightGBM,fleet,107839,10916,23.35,A_volume_matched,CTT_Silverado,FS-B,2,in_f0,107839,10916,0.3227931488801054,0.5714285714285714,0.3695652173913043,0.5714285714285714,0.6996047430830039,0.7857142857142857,0.738471673254282,0.7857142857142857,0.9255599472990778,0.7857142857142857,0.5394388565378507,1.0,0.6341979883536263,1.0,0.9147697194282688,1.0,0.9354155637903652,1.0,0.9920592906299628,1.0,,,,,,,,,,
118722,21816,0.1837570121797139,0.9983301426915164,0.99210214980318,96923,0.0248904217529296,False,0.8034470113678035,1.0,0.0,31250.000000000004,0.0,,1.0,0.8480106100795756,,,0.7352941176470589,,1.0,0.5,,,True,0.9197378071140448,0.9999501644572908,1.0319278476048957e-05,31250.0,1.492518000800996,,1.0,0.8482758620689655,,,0.8529411764705882,,1.0,0.5,,,True,0.9197378071140448,0.9999501644572908,1.0319278476048957e-05,31250.0,1.492518000800996,,1.0,0.8482758620689655,,,0.8529411764705882,,1.0,0.5,,,True,0.9197378071140448,0.9999501644572908,1.0319278476048957e-05,31250.0,1.492518000800996,,1.0,0.8482758620689655,,,0.8529411764705882,,1.0,0.5,,,True,0.9197378071140448,0.9999501644572908,1.0319278476048957e-05,31250.0,1.492518000800996,,1.0,0.8482758620689655,,,0.8529411764705882,,1.0,0.5,,,Rule:Combined,fleet,107839,10916,0.41,A_volume_matched,CTT_Silverado,FS-B,2,cross,107839,10916,0.6033519553072626,0.6428571428571429,0.8879395333552416,0.8571428571428571,0.8879395333552416,0.8571428571428571,0.8879395333552416,0.8571428571428571,0.8879395333552416,0.8571428571428571,0.3372093023255814,0.8333333333333334,0.7785412262156448,0.9166666666666666,0.7785412262156448,0.9166666666666666,0.7785412262156448,0.9166666666666666,0.7785412262156448,0.9166666666666666,,,,,,,,,,
59344,10900,0.1836748449716904,0.9983644465301468,0.991919547250199,48462,0.0248904217529296,False,0.9179816513761468,0.9999000699510344,2.06423912145983e-05,15625.000000000002,2.9855905661304045,,1.0,0.8487261146496815,,,0.8529411764705882,,1.0,0.5,,,True,0.9179816513761468,0.9999000699510344,2.06423912145983e-05,15625.000000000002,2.9855905661304045,,1.0,0.8487261146496815,,,0.8529411764705882,,1.0,0.5,,,True,0.9179816513761468,0.9999000699510344,2.06423912145983e-05,15625.000000000002,2.9855905661304045,,1.0,0.8487261146496815,,,0.8529411764705882,,1.0,0.5,,,True,0.9179816513761468,0.9999000699510344,2.06423912145983e-05,15625.000000000002,2.9855905661304045,,1.0,0.8487261146496815,,,0.8529411764705882,,1.0,0.5,,,True,0.9179816513761468,0.9999000699510344,2.06423912145983e-05,15625.000000000002,2.9855905661304045,,1.0,0.8487261146496815,,,0.8529411764705882,,1.0,0.5,,,Rule:Combined,fleet,107839,10916,0.26,A_volume_matched,CTT_Silverado,FS-B,2,in_f0,107839,10916,0.886034255599473,0.8571428571428571,0.886034255599473,0.8571428571428571,0.886034255599473,0.8571428571428571,0.886034255599473,0.8571428571428571,0.886034255599473,0.8571428571428571,0.7691900476442562,0.9166666666666666,0.7691900476442562,0.9166666666666666,0.7691900476442562,0.9166666666666666,0.7691900476442562,0.9166666666666666,0.7691900476442562,0.9166666666666666,,,,,,,,,,
118722,21816,0.1837570121797139,0.4873243301772234,0.1817842797561067,96923,0.0248904217529296,False,0.0,0.0,5.159639238024477e-05,8.800811490619203,7.46259000400498,,0.0,0.0,,,0.0,,0.0,0.0,,,True,0.0,0.0,0.0001444698986646,8.286216479967013,20.89525201121394,,0.0,0.0,,,0.0,,0.0,0.0,,,True,0.0007334066740007,0.1720430107526881,0.0007945844426557,7.06467899113463,114.9238860616767,,0.0008913450396648,0.0,,,0.1764705882352941,,0.75,0.0,,,True,0.001054272093876,0.2110091743119266,0.0008874579489402,6.880738918287403,128.35654806888564,,0.0013370175594972,0.0,,,0.2058823529411764,,0.75,0.0,,,True,0.012009534286762,0.2102728731942215,0.0101541700204321,4.276606143907635,1468.63771278818,,0.0137267136108387,0.0087533156498673,,,0.7058823529411765,,1.0,0.75,,,Rule:Staleness,fleet,107839,10916,0.28,A_volume_matched,CTT_Silverado,FS-B,2,cross,107839,10916,0.0,0.0,0.0,0.0,0.0,0.0,0.0,0.0,0.0059152152481104,0.5714285714285714,0.0,0.0,0.0,0.0,0.0015856236786469,0.25,0.0021141649048625,0.3333333333333333,0.0150634249471458,0.75,,,,,,,,,,
59344,10900,0.1836748449716904,0.491547898112187,0.1856556876952412,48462,0.0248904217529296,False,0.0,0.0,8.25695648583932e-05,8.850547728678443,11.942362264521618,,0.0,0.0,,,0.0,,0.0,0.0,,,True,0.0,0.0,8.25695648583932e-05,8.69869782145557,11.942362264521618,,0.0,0.0,,,0.0,,0.0,0.0,,,True,0.0009174311926605,0.217391304347826,0.0007431260837255,7.200901656243557,107.48126038069456,,0.0010697093956141,0.0,,,0.1470588235294117,,0.75,0.0,,,True,0.001743119266055,0.2794117647058823,0.0010114771695153,6.76013909696928,146.29393774038982,,0.0023177036904974,0.0,,,0.1470588235294117,,0.75,0.0,,,True,0.0147706422018348,0.2333333333333333,0.0109198249525225,4.2259814445742565,1579.377409482984,,0.016937065430558,0.0084925690021231,,,0.5294117647058824,,1.0,0.75,,,Rule:Staleness,fleet,107839,10916,0.17,A_volume_matched,CTT_Silverado,FS-B,2,in_f0,107839,10916,0.0,0.0,0.0,0.0,0.0,0.0,0.0,0.0,0.0065876152832674,0.5,0.0,0.0,0.0,0.0,0.0021175224986765,0.1666666666666666,0.0031762837480148,0.1666666666666666,0.0211752249867654,0.3333333333333333,,,,,,,,,,
123099,23756,0.1929828836952371,0.7585808169506966,0.6619079333462758,99363,0.0319933958435058,False,0.365170904192625,0.9997695055894894,2.013226900737848e-05,0.9890050292015076,2.265347785557875,,0.9984126984126984,0.445762504586034,,,0.59375,,1.0,1.0,,,True,0.3863024078127631,0.998042414355628,0.0001811904210664,0.9850074648857116,20.38813007002088,,0.9984126984126984,0.4919897272838449,,,0.65625,,1.0,1.0,,,True,0.4143795251725879,0.9894461754950248,0.0010569441228873,0.9778462052345276,118.93075874178844,,0.9992063492063492,0.5489788430964901,,,0.6875,,1.0,1.0,,,True,0.4157686479205253,0.988589730757682,0.0011475393334205,0.9773924946784972,129.12482377679888,,0.9992063492063492,0.5521584933349639,,,0.6875,,1.0,1.0,,,True,0.4578632766459,0.915264220801077,0.010136597445215,0.960232675075531,1140.60261002839,,0.9992063492063492,0.6234560352207411,,,0.8125,,1.0,1.0,,,LogReg,fleet,111250,11887,3.66,A_volume_matched,CTT_Traverse,FS-A,0,cross,111250,11887,0.0018315018315018,0.1,0.0054945054945054,0.2,0.0146520146520146,0.3,0.0164835164835164,0.3,0.0512820512820512,0.6,0.2737965584839904,0.75,0.2826544688884048,0.8125,0.2968126043708705,0.8125,0.2972482393087926,0.8125,0.32614535685762,0.875,,,,,,,,,,
61532,11869,0.1928915036078788,0.7565954199346396,0.6604730265997286,49680,0.0319933958435058,False,0.364900160080883,0.9995384260327718,4.027142943438778e-05,0.9889149069786072,4.531471015860419,,0.9968203497615262,0.4527886497064579,,,0.5625,,1.0,1.0,,,True,0.3674277529699216,0.99954159981664,4.027142943438778e-05,0.9883988499641418,4.531471015860419,,0.9968203497615262,0.4589041095890411,,,0.5625,,1.0,1.0,,,True,0.4052573932092004,0.996271748135874,0.0003624428649094,0.9800266623497008,40.783239142743774,,0.9984101748807632,0.5376712328767124,,,0.6875,,1.0,1.0,,,True,0.406015671075912,0.9954554844040489,0.0004429857237782,0.9796156883239746,49.84618117446461,,0.9984101748807632,0.5391389432485323,,,0.6875,,1.0,1.0,,,True,0.4553879855084674,0.9220402592971682,0.0092020216257576,0.960900902748108,1035.4411271241056,,0.9984101748807632,0.6264677103718199,,,0.71875,,1.0,1.0,,,LogReg,fleet,111250,11887,3.54,A_volume_matched,CTT_Traverse,FS-A,0,in_f0,111250,11887,0.0037037037037037,0.1,0.0037037037037037,0.1,0.0111111111111111,0.3,0.0148148148148148,0.3,0.0555555555555555,0.3,0.2691078174949142,0.6875,0.2698343504795117,0.6875,0.2878523684975297,0.8125,0.2881429816913688,0.8125,0.3198198198198198,0.875,,,,,,,,,,
123099,23756,0.1929828836952371,0.7748905760416571,0.7134319835404109,99363,0.0319933958435058,False,0.5258881966661054,0.9999199615815592,1.0066134503689238e-05,0.556624866019555,1.1326738927789377,,0.9984126984126984,0.7256940198116669,,,0.75,,1.0,1.0,,,True,0.5532076107088736,0.9987081085188844,0.0001711242865627,0.5135452170032185,19.25545617724194,,0.9992063492063492,0.7551669316375199,,,0.78125,,1.0,1.0,,,True,0.5662148509850143,0.9905007363770252,0.0012985313509759,0.4836630844688906,146.11493216848294,,0.9992063492063492,0.7721658309893604,,,0.78125,,1.0,1.0,,,True,0.566846270415895,0.9898559247280212,0.0013891265615091,0.481673698072638,156.30899720349336,,0.9992063492063492,0.7726550079491256,,,0.8125,,1.0,1.0,,,True,0.5809900656676208,0.9217925599412276,0.01178744350382,0.4324961110561885,1326.3611284441358,,1.0,0.7967469732175615,,,0.90625,,1.0,1.0,,,RandomForest,fleet,111250,11887,112.75,A_volume_matched,CTT_Traverse,FS-A,0,cross,111250,11887,0.0183150183150183,0.6,0.0219780219780219,0.6,0.0293040293040293,0.6,0.0311355311355311,0.6,0.0421245421245421,0.8,0.3841574094242358,0.75,0.4135627677339722,0.8125,0.4256153343498148,0.8125,0.4263413925796849,0.875,0.4359253612139693,0.9375,,,,,,,,,,
61532,11869,0.1928915036078788,0.8039991022345101,0.7236630969747807,49680,0.0319933958435058,False,0.4993681017777403,1.0,0.0,0.5876470995046283,0.0,,0.9968203497615262,0.7093933463796478,,,0.71875,,1.0,1.0,,,True,0.5390513101356474,0.9996875,4.027142943438778e-05,0.5354114041409677,4.531471015860419,,0.9968203497615262,0.7385029354207436,,,0.75,,1.0,1.0,,,True,0.5617996461369955,0.993000744601638,0.0009463785917081,0.4894774544333571,106.48956887271984,,0.9984101748807632,0.7651663405088063,,,0.78125,,1.0,1.0,,,True,0.5623894178111045,0.9928603302097276,0.0009665143064253,0.4883618838567402,108.75530438065005,,0.9984101748807632,0.7656555772994129,,,0.78125,,1.0,1.0,,,True,0.5756171539304069,0.943776764746512,0.0081952358898979,0.4391098211882166,922.1543517275952,,1.0,0.785958904109589,,,0.84375,,1.0,1.0,,,RandomForest,fleet,111250,11887,108.5,A_volume_matched,CTT_Traverse,FS-A,0,in_f0,111250,11887,0.0259259259259259,0.6,0.0259259259259259,0.6,0.0259259259259259,0.6,0.0296296296296296,0.6,0.0444444444444444,0.8,0.3477186864283638,0.6875,0.3988666085440279,0.75,0.4221156640511479,0.8125,0.4226968904388259,0.8125,0.4327230456262714,0.8125,,,,,,,,,,
123099,23756,0.1929828836952371,0.80390632548621,0.7487353644295728,99363,0.0319933958435058,False,0.5606162653645395,0.9999249192882348,1.0066134503689238e-05,0.936606198174598,1.1326738927789377,,0.9968253968253968,0.7585911703558762,,,0.78125,,1.0,1.0,,,True,0.5751389122747937,0.9995610505523448,6.039680702213543e-05,0.901088614934338,6.796043356673625,,0.9976190476190476,0.7798703681056622,,,0.78125,,1.0,1.0,,,True,0.5951338609193467,0.9924885924885924,0.0010770763918947,0.811555254287806,121.19610652734632,,0.9984126984126984,0.8124006359300477,,,0.84375,,1.0,1.0,,,True,0.5955969018353258,0.991520672740014,0.0012180022749463,0.8082451241333751,137.05354102625142,,0.9984126984126984,0.8132566956096368,,,0.84375,,1.0,1.0,,,True,0.618538474490655,0.91986978840616,0.0128846521647222,0.6731320550957993,1449.82258275704,,0.9984126984126984,0.8592393298275651,,,0.90625,,1.0,1.0,,,HistGB,fleet,111250,11887,58.46,A_volume_matched,CTT_Traverse,FS-A,0,cross,111250,11887,0.2490842490842491,0.7,0.3113553113553113,0.7,0.4377289377289377,0.8,0.4395604395604395,0.8,0.5183150183150184,0.8,0.4155231249546213,0.75,0.4253975168808538,0.75,0.4354897262760473,0.8125,0.4357075437450083,0.8125,0.4448558774413708,0.9375,,,,,,,,,,
61532,11869,0.1928915036078788,0.8276497164059575,0.7597234581118438,49680,0.0319933958435058,False,0.5674446035891819,0.9998515439429928,2.013571471719389e-05,0.9181799573701936,2.2657355079302093,,0.9968203497615262,0.7707925636007827,,,0.78125,,1.0,1.0,,,True,0.5722470300783554,0.9997056226081836,4.027142943438778e-05,0.9023570822408852,4.531471015860419,,0.9968203497615262,0.7771526418786693,,,0.78125,,1.0,1.0,,,True,0.5896874210127222,0.9922030053870144,0.0011074643094456,0.8144189563075729,124.61545293616152,,0.9968203497615262,0.8023483365949119,,,0.8125,,1.0,1.0,,,True,0.5902771926868312,0.9912280701754386,0.001248414312466,0.8107344790653057,140.47560149167296,,0.9968203497615262,0.803082191780822,,,0.8125,,1.0,1.0,,,True,0.609739657932429,0.936101409908162,0.0099470430702937,0.6918524404729036,1119.2733409175237,,0.9968203497615262,0.8380626223091977,,,0.875,,1.0,1.0,,,HistGB,fleet,111250,11887,47.95,A_volume_matched,CTT_Traverse,FS-A,0,in_f0,111250,11887,0.2888888888888888,0.7,0.3185185185185185,0.7,0.4444444444444444,0.7,0.4481481481481481,0.7,0.5074074074074074,0.8,0.4183376925312409,0.75,0.4216797442603894,0.75,0.4318512060447544,0.8125,0.4322871258355129,0.8125,0.4427492008137169,0.875,,,,,,,,,,
123099,23756,0.1929828836952371,0.8029941943353147,0.7522571398319584,99363,0.0319933958435058,False,0.4428354941909412,1.0,0.0,0.9937503933906556,0.0,,0.8888888888888888,0.619298031062737,,,0.71875,,1.0,0.75,,,True,0.4997474322276477,0.9988221436984688,0.0001409258830516,0.9858583807945251,15.857434498905125,,0.9714285714285714,0.6913293383881619,,,0.78125,,1.0,1.0,,,True,0.5450833473648763,0.9929453262786596,0.0009260843743394,0.9654630422592164,104.20599813566226,,0.992063492063492,0.7494191023602789,,,0.8125,,1.0,1.0,,,True,0.5471459841724196,0.9923652466025348,0.0010066134503689,0.963696837425232,113.26738927789374,,0.9936507936507936,0.7525987525987526,,,0.8125,,1.0,1.0,,,True,0.610456305775383,0.9324246126149296,0.0105795073633773,0.7702019214630127,1190.4402613106631,,0.9976190476190476,0.8485997309526722,,,0.875,,1.0,1.0,,,XGBoost,fleet,111250,11887,17.4,A_volume_matched,CTT_Traverse,FS-A,0,cross,111250,11887,0.0274725274725274,0.6,0.0677655677655677,0.7,0.1721611721611721,0.7,0.1721611721611721,0.7,0.4157509157509158,0.8,0.3137297611268423,0.75,0.3599796703695636,0.75,0.3976620924998185,0.8125,0.3991868147825456,0.8125,0.4413707979379946,0.875,,,,,,,,,,
61532,11869,0.1928915036078788,0.8236304553843805,0.7632938663754202,49680,0.0319933958435058,False,0.4810009267840593,0.9992998424645544,8.054285886877555e-05,0.9907386302948,9.062942031720835,,0.945945945945946,0.6866438356164384,,,0.71875,,1.0,1.0,,,True,0.500716151318561,0.9986556881196438,0.0001610857177375,0.9871078133583068,18.125884063441674,,0.9666136724960256,0.7108610567514677,,,0.71875,,1.0,1.0,,,True,0.5473081135731738,0.9917557251908397,0.0010873285947284,0.9646735191345216,122.3497174282313,,0.9936406995230525,0.7590508806262231,,,0.8125,,1.0,1.0,,,True,0.5493301878844048,0.991032071743426,0.0011880071683144,0.9624652862548828,133.67839496788235,,0.9936406995230525,0.7614970645792564,,,0.8125,,1.0,1.0,,,True,0.6041789535765439,0.93996591951763,0.0092221573404748,0.7941406965255737,1037.7068626320358,,0.9968203497615262,0.8319471624266145,,,0.875,,1.0,1.0,,,XGBoost,fleet,111250,11887,16.62,A_volume_matched,CTT_Traverse,FS-A,0,in_f0,111250,11887,0.0555555555555555,0.5,0.0629629629629629,0.5,0.1851851851851851,0.7,0.1888888888888888,0.7,0.3962962962962963,0.8,0.3330427201394943,0.75,0.3504795117698343,0.75,0.3949433304272014,0.8125,0.3968323161871549,0.8125,0.4411508282476024,0.875,,,,,,,,,,
123099,23756,0.1929828836952371,0.795496266931053,0.7468578661435389,99363,0.0319933958435058,False,0.5359067183027446,0.9997644102403016,3.0198403511067717e-05,0.9485480791526902,3.3980216783368125,,0.9952380952380953,0.7408585055643879,,,0.78125,,1.0,1.0,,,True,0.558090587641017,0.999472295514512,7.046294152582466e-05,0.9152024402523308,7.9287172494525615,,0.996031746031746,0.7697199461905344,,,0.78125,,1.0,1.0,,,True,0.5924818993096481,0.9921753841815876,0.0011173409299095,0.7908909409285354,125.72680209846206,,0.9968253968253968,0.8230402348049407,,,0.8125,,1.0,1.0,,,True,0.593155413369254,0.9915558370276546,0.0012079361404427,0.786761404326092,135.9208671334725,,0.9968253968253968,0.8242631772043537,,,0.8125,,1.0,1.0,,,True,0.6200959757534938,0.9216667709441282,0.0126028003986189,0.5616848753747005,1418.1077137592297,,0.9984126984126984,0.8723248135012841,,,0.84375,,1.0,1.0,,,LightGBM,fleet,111250,11887,44.63,A_volume_matched,CTT_Traverse,FS-A,0,cross,111250,11887,0.2252747252747252,0.7,0.2728937728937728,0.7,0.3644688644688644,0.7,0.3681318681318681,0.7,0.4688644688644688,0.7,0.3845204385391708,0.75,0.4036883758077398,0.75,0.4276482973934509,0.8125,0.4279387206853989,0.8125,0.4417338270529296,0.875,,,,,,,,,,
61532,11869,0.1928915036078788,0.8202251580743095,0.7590164735164765,49680,0.0319933958435058,False,0.5028224787260932,1.0,0.0,0.972705152395095,0.0,,0.9936406995230525,0.7155088062622309,,,0.75,,1.0,1.0,,,True,0.5603673434998736,0.9992487980769232,0.0001006785735859,0.9034986722296742,11.328677539651046,,0.9952305246422892,0.7781311154598826,,,0.78125,,1.0,1.0,,,True,0.5835369449827281,0.9955440563461262,0.000624207156233,0.8131144495972501,70.23780074583648,,0.9952305246422892,0.8094422700587084,,,0.8125,,1.0,1.0,,,True,0.5848007414272475,0.995268138801262,0.0006644785856673,0.8082217222994947,74.76927176169691,,0.9952305246422892,0.8113992172211351,,,0.8125,,1.0,1.0,,,True,0.6136995534585896,0.943156804350641,0.0088395787608481,0.5956160723399994,994.657887981362,,0.9968203497615262,0.8542074363992173,,,0.84375,,1.0,1.0,,,LightGBM,fleet,111250,11887,31.35,A_volume_matched,CTT_Traverse,FS-A,0,in_f0,111250,11887,0.1666666666666666,0.6,0.2740740740740741,0.7,0.337037037037037,0.7,0.3407407407407407,0.7,0.4555555555555555,0.7,0.3448125544899738,0.75,0.4024992734670154,0.75,0.4213891310665504,0.8125,0.4222609706480674,0.8125,0.4420226678291194,0.875,,,,,,,,,,
123099,23756,0.1929828836952371,0.7845546651671544,0.6959021839931611,99363,0.0319933958435058,False,0.3968681596228321,0.9994699459344852,5.033067251844619e-05,0.9898930191993714,5.663369463894687,,0.9984126984126984,0.5319799437446496,,,0.625,,1.0,1.0,,,True,0.4157265532917999,0.9983825313384552,0.000161058152059,0.9866539835929872,18.122782284463,,0.9984126984126984,0.5683013330072154,,,0.625,,1.0,1.0,,,True,0.4406465734972217,0.9916635089048882,0.0008858198363246,0.980969786643982,99.67530256454651,,0.9984126984126984,0.611960376666259,,,0.65625,,1.0,1.0,,,True,0.4418252231015322,0.9908430095345984,0.0009764150468578,0.9805912375450134,109.86936759955694,,0.9984126984126984,0.6139170845053198,,,0.65625,,1.0,1.0,,,True,0.4926334399730594,0.926970297029703,0.0092809760124014,0.9648773670196532,1044.3253291421804,,0.9992063492063492,0.6833802127919775,,,0.8125,,1.0,1.0,,,LogReg,fleet,111250,11887,5.24,A_volume_matched,CTT_Traverse,FS-A,1,cross,111250,11887,0.0036630036630036,0.2,0.0036630036630036,0.2,0.0164835164835164,0.2,0.0183150183150183,0.2,0.0952380952380952,0.6,0.2772090321643796,0.75,0.2881725114354171,0.75,0.3047266390764539,0.8125,0.305525303129311,0.8125,0.3487983736295651,0.875,,,,,,,,,,
61532,11869,0.1928915036078788,0.7775027843024696,0.6914813931908181,49680,0.0319933958435058,False,0.3859634341562052,0.999563604625791,4.027142943438778e-05,0.9912274479866028,4.531471015860419,,0.9968203497615262,0.5159001956947162,,,0.5625,,1.0,0.75,,,True,0.3966635773864689,0.9995753715498938,4.027142943438778e-05,0.9896973967552184,4.531471015860419,,0.9968203497615262,0.5362035225048923,,,0.625,,1.0,1.0,,,True,0.4350829892998568,0.9965264376688536,0.0003624428649094,0.9821450710296632,40.783239142743774,,0.9968203497615262,0.6056751467710372,,,0.65625,,1.0,1.0,,,True,0.4367680512258825,0.9948186528497408,0.0005436642973642,0.9814744591712952,61.17485871411565,,0.9968203497615262,0.6081213307240705,,,0.65625,,1.0,1.0,,,True,0.4910270452439127,0.9308417185753076,0.0087187644725449,0.9648113250732422,981.0634749337806,,0.9984101748807632,0.6854207436399217,,,0.71875,,1.0,1.0,,,LogReg,fleet,111250,11887,5.03,A_volume_matched,CTT_Traverse,FS-A,1,in_f0,111250,11887,0.0037037037037037,0.1,0.0074074074074074,0.2,0.0185185185185185,0.2,0.0222222222222222,0.2,0.0888888888888888,0.4,0.2679453647195582,0.75,0.2741935483870967,0.75,0.2987503632664923,0.8125,0.3000581226387678,0.8125,0.3449578610868933,0.8125,,,,,,,,,,
123099,23756,0.1929828836952371,0.7878037011805379,0.7253823413054713,99363,0.0319933958435058,False,0.5220575854520964,1.0,0.0,0.585763749257335,0.0,,0.9976190476190476,0.7281399046104928,,,0.625,,1.0,1.0,,,True,0.548998147836336,0.9993869731800766,8.05290760295139e-05,0.5379152881698435,9.0613911422315,,0.9984126984126984,0.7610370551547022,,,0.625,,1.0,1.0,,,True,0.5657939046977606,0.9917361469785289,0.0011274070644131,0.4958510016293983,126.85947599124098,,0.9992063492063492,0.7853736089030207,,,0.75,,1.0,1.0,,,True,0.5663832294999158,0.9910142152169108,0.00122806840945,0.4940530255291508,138.1862149190304,,0.9992063492063492,0.786351962822551,,,0.75,,1.0,1.0,,,True,0.5847364876241792,0.9252647705322056,0.0112942029131393,0.4444501768541948,1270.860107697968,,1.0,0.8202274672862908,,,0.84375,,1.0,1.0,,,RandomForest,fleet,111250,11887,112.45,A_volume_matched,CTT_Traverse,FS-A,1,cross,111250,11887,0.0036630036630036,0.2,0.0073260073260073,0.2,0.0201465201465201,0.5,0.0201465201465201,0.5,0.0402930402930402,0.7,0.3767516154795615,0.75,0.4034705583387787,0.75,0.4174108763522834,0.8125,0.4178465112902054,0.8125,0.428519567269295,0.875,,,,,,,,,,
61532,11869,0.1928915036078788,0.8161971940266561,0.7383718178834497,49680,0.0319933958435058,False,0.525823574016345,1.0,0.0,0.5780894222473607,0.0,,0.9968203497615262,0.7323874755381604,,,0.625,,1.0,1.0,,,True,0.5430954587581094,0.9996898263027296,4.027142943438778e-05,0.5475349240976145,4.531471015860419,,0.9968203497615262,0.7512230919765166,,,0.625,,1.0,1.0,,,True,0.5602830904035724,0.9964039556487864,0.0004832571532126,0.5043467410516249,54.37765219032502,,0.9968203497615262,0.7766634050880626,,,0.71875,,1.0,1.0,,,True,0.5607043558850788,0.9961083670109264,0.000523528582647,0.5023829538835161,58.90912320618545,,0.9968203497615262,0.7771526418786693,,,0.71875,,1.0,1.0,,,True,0.5772179627601315,0.9536469933184856,0.0067051930008255,0.4525453798773828,754.4899241407597,,0.9984101748807632,0.8028375733855186,,,0.8125,,1.0,1.0,,,RandomForest,fleet,111250,11887,108.15,A_volume_matched,CTT_Traverse,FS-A,1,in_f0,111250,11887,0.0074074074074074,0.2,0.0074074074074074,0.2,0.0148148148148148,0.4,0.0148148148148148,0.4,0.0407407407407407,0.6,0.3804126707352513,0.75,0.3990119151409474,0.75,0.4132519616390584,0.8125,0.4136878814298169,0.8125,0.4257483289741354,0.875,,,,,,,,,,
123099,23756,0.1929828836952371,0.8152199640559168,0.7584604722163701,99363,0.0319933958435058,False,0.5709715440309816,0.9997788752119112,3.0198403511067717e-05,0.9170510760439384,3.3980216783368125,,0.9976190476190476,0.7824385471444295,,,0.71875,,1.0,1.0,,,True,0.5833473648762418,0.9992789154888952,0.0001006613450368,0.8790071828298957,11.326738927789377,,0.9976190476190476,0.8013941543353308,,,0.75,,1.0,1.0,,,True,0.6003956895100185,0.99283029374913,0.0010368118538799,0.806609513595771,116.66541095623056,,0.9976190476190476,0.8296441237617708,,,0.84375,,1.0,1.0,,,True,0.6025004209462873,0.9912049861495844,0.0012783990819685,0.7982577825774515,143.84958438292506,,0.9976190476190476,0.8335575394398924,,,0.84375,,1.0,1.0,,,True,0.6237582084526014,0.925026530994444,0.0120894275389307,0.6693191806288229,1360.341345227504,,0.9992063492063492,0.8722025192613428,,,0.9375,,1.0,1.0,,,HistGB,fleet,111250,11887,51.91,A_volume_matched,CTT_Traverse,FS-A,1,cross,111250,11887,0.2069597069597069,0.5,0.293040293040293,0.6,0.3846153846153846,0.7,0.3974358974358974,0.7,0.5146520146520146,0.8,0.4208233500326726,0.75,0.427503085747477,0.75,0.4365062077978653,0.875,0.4373048718507224,0.875,0.4462353880781238,1.0,,,,,,,,,,
61532,11869,0.1928915036078788,0.8389219181923455,0.7691795841069894,49680,0.0319933958435058,False,0.5583452691886427,1.0,0.0,0.9377905166712212,0.0,,0.9952305246422892,0.7639432485322897,,,0.65625,,1.0,1.0,,,True,0.5745218636784902,0.9998533724340176,2.013571471719389e-05,0.8930753555242786,2.2657355079302093,,0.9968203497615262,0.7852250489236791,,,0.75,,1.0,1.0,,,True,0.5940685820203893,0.9935183880512892,0.0009262428769909,0.8115014680229358,104.22383336478964,,0.9968203497615262,0.8133561643835616,,,0.78125,,1.0,1.0,,,True,0.5949111129834022,0.992968640135002,0.0010067857358596,0.80771442545383,113.28677539651048,,0.9968203497615262,0.8145792563600783,,,0.8125,,1.0,1.0,,,True,0.6160586401550256,0.9400874260735408,0.0093832430582123,0.6872005746311237,1055.8327466954777,,0.9984101748807632,0.849559686888454,,,0.875,,1.0,1.0,,,HistGB,fleet,111250,11887,43.22,A_volume_matched,CTT_Traverse,FS-A,1,in_f0,111250,11887,0.1518518518518518,0.3,0.2518518518518518,0.6,0.3592592592592593,0.6,0.3703703703703703,0.7,0.4851851851851851,0.8,0.4122348154606219,0.75,0.4234234234234234,0.75,0.4362104039523394,0.8125,0.4365010171461784,0.8125,0.4475443185120604,0.875,,,,,,,,,,
123099,23756,0.1929828836952371,0.8160283332160758,0.7613920404103456,99363,0.0319933958435058,False,0.446413537632598,1.0,0.0,0.9942336678504944,0.0,,0.8166666666666667,0.6469365292894704,,,0.625,,1.0,1.0,,,True,0.5284138743896278,0.9983298870685542,0.0002113888245774,0.9786226749420166,23.786151748357685,,0.9595238095238096,0.739268680445151,,,0.78125,,1.0,1.0,,,True,0.5649099174945277,0.991210576852057,0.001197870005939,0.9433204531669616,134.78819324069357,,0.992063492063492,0.7791366026660145,,,0.8125,,1.0,1.0,,,True,0.5660885670988381,0.9906445672191528,0.0012783990819685,0.9409485459327698,143.84958438292506,,0.9928571428571428,0.7803595450654274,,,0.8125,,1.0,1.0,,,True,0.616517932311837,0.9312647040122084,0.010881491398488,0.6970832943916321,1224.4204780940315,,0.9976190476190476,0.8593616240675064,,,0.875,,1.0,1.0,,,XGBoost,fleet,111250,11887,15.8,A_volume_matched,CTT_Traverse,FS-A,1,cross,111250,11887,0.0054945054945054,0.2,0.0604395604395604,0.6,0.152014652014652,0.7,0.1593406593406593,0.7,0.4010989010989011,0.9,0.3109707398533362,0.75,0.3823422638495607,0.8125,0.4150148841937123,0.8125,0.4159587598925434,0.8125,0.4460175706091628,0.8125,,,,,,,,,,
61532,11869,0.1928915036078788,0.8362641964020072,0.7733635122690015,49680,0.0319933958435058,False,0.4896789957030921,1.0,0.0,0.989687740802765,0.0,,0.8823529411764706,0.723825831702544,,,0.625,,1.0,1.0,,,True,0.5139438874378633,0.9995084384728822,6.040714415158166e-05,0.9836506247520448,6.797206523790628,,0.9236883942766296,0.7424168297455969,,,0.65625,,1.0,1.0,,,True,0.5553964108180975,0.9945684972842488,0.0007248857298189,0.9548792243003844,81.56647828548755,,0.9825119236883942,0.7715264187866928,,,0.78125,,1.0,1.0,,,True,0.5574184851293285,0.9941397445529676,0.0007852928739705,0.95172780752182,88.36368480927815,,0.9872813990461048,0.773238747553816,,,0.78125,,1.0,1.0,,,True,0.6093183924509226,0.9370303187354236,0.0097859573525562,0.7233229875564575,1101.1474568540816,,0.9968203497615262,0.8422211350293543,,,0.8125,,1.0,1.0,,,XGBoost,fleet,111250,11887,14.42,A_volume_matched,CTT_Traverse,FS-A,1,in_f0,111250,11887,0.0148148148148148,0.2,0.0296296296296296,0.2,0.0925925925925925,0.6,0.1037037037037037,0.6,0.3518518518518518,0.7,0.3333333333333333,0.75,0.3597791339726823,0.8125,0.4061319383900029,0.8125,0.4077303109561174,0.8125,0.4456553327521069,0.8125,,,,,,,,,,
123099,23756,0.1929828836952371,0.8131073183989377,0.7584513999986109,99363,0.0319933958435058,False,0.5399057080316552,1.0,0.0,0.958327369054091,0.0,,0.992063492063492,0.7413476825241531,,,0.65625,,1.0,1.0,,,True,0.5699191783128473,0.9993356953055802,9.059521053320314e-05,0.903443031774717,10.19406503501044,,0.996031746031746,0.7861073743426684,,,0.71875,,1.0,1.0,,,True,0.5959336588651288,0.9921508164552526,0.0011274070644131,0.7751849046958683,126.85947599124098,,0.9968253968253968,0.8300110064815948,,,0.78125,,1.0,1.0,,,True,0.5971964977268901,0.991266070430408,0.0012582668129611,0.7649227770673621,141.5842365973672,,0.9968253968253968,0.8319677143206555,,,0.78125,,1.0,1.0,,,True,0.6241370601111298,0.9314027263019032,0.0109922188780286,0.5315412753175777,1236.8798909145996,,0.9968253968253968,0.8810077045371163,,,0.84375,,1.0,1.0,,,LightGBM,fleet,111250,11887,35.4,A_volume_matched,CTT_Traverse,FS-A,1,cross,111250,11887,0.0897435897435897,0.3,0.184981684981685,0.4,0.2967032967032967,0.6,0.3021978021978022,0.6,0.4413919413919414,0.8,0.3967908226239744,0.75,0.4178465112902054,0.8125,0.4321498584186451,0.8125,0.4329485224715022,0.8125,0.4447832716183837,0.8125,,,,,,,,,,
61532,11869,0.1928915036078788,0.8377097885429825,0.7718006931374253,49680,0.0319933958435058,False,0.5548066391439885,1.0,0.0,0.932721237313506,0.0,,0.9936406995230525,0.764187866927593,,,0.65625,,1.0,1.0,,,True,0.561041368270284,0.9996997447830656,4.027142943438778e-05,0.9185425857232984,4.531471015860419,,0.9952305246422892,0.7717710371819961,,,0.71875,,1.0,1.0,,,True,0.5874125874125874,0.9934454260473068,0.0009262428769909,0.7982145850966037,104.22383336478964,,0.9968203497615262,0.8106653620352251,,,0.78125,,1.0,1.0,,,True,0.5885921307608054,0.9928936895963616,0.0010067857358596,0.7850998756822136,113.28677539651048,,0.9968203497615262,0.812866927592955,,,0.78125,,1.0,1.0,,,True,0.6172381835032438,0.9443155452436196,0.0086986287578277,0.5515076014290446,978.7977394258504,,0.9968203497615262,0.8568982387475538,,,0.84375,,1.0,1.0,,,LightGBM,fleet,111250,11887,23.28,A_volume_matched,CTT_Traverse,FS-A,1,in_f0,111250,11887,0.1333333333333333,0.3,0.1666666666666666,0.4,0.2666666666666666,0.6,0.2740740740740741,0.6,0.4259259259259259,0.8,0.4068584713746004,0.75,0.4116535890729439,0.8125,0.4299622202848009,0.8125,0.4303981400755594,0.8125,0.4476896251089799,0.8125,,,,,,,,,,
123099,23756,0.1929828836952371,0.7790762528197189,0.7005804996695599,99363,0.0319933958435058,False,0.4201464893079643,0.9989990991892704,0.0001006613450368,0.9850615859031678,11.326738927789377,,0.9984126984126984,0.5867677632383514,,,0.625,,1.0,1.0,,,True,0.4313857551776393,0.9982466393921684,0.0001811904210664,0.9826244711875916,20.38813007002088,,0.9984126984126984,0.6059679589091354,,,0.625,,1.0,1.0,,,True,0.4537380030308132,0.9931816087717682,0.000744893953273,0.9768915772438048,83.81786806564138,,0.9984126984126984,0.6424116424116424,,,0.65625,,1.0,1.0,,,True,0.4561794914968849,0.9924901547760784,0.0008254230293025,0.9762025475502014,92.87925920787288,,0.9984126984126984,0.6455912926501162,,,0.65625,,1.0,1.0,,,True,0.5091766290621317,0.9307479224376732,0.0090595210533203,0.957336127758026,1019.406503501044,,0.9992063492063492,0.7075944723003547,,,0.78125,,1.0,1.0,,,LogReg,fleet,111250,11887,5.18,A_volume_matched,CTT_Traverse,FS-A,2,cross,111250,11887,0.0054945054945054,0.2,0.0146520146520146,0.2,0.0293040293040293,0.2,0.0329670329670329,0.2,0.1336996336996337,0.5,0.2847600377550279,0.75,0.2923836491686633,0.75,0.3087199593407391,0.8125,0.3108981340303492,0.8125,0.3614317868293037,0.875,,,,,,,,,,
61532,11869,0.1928915036078788,0.7704586516966294,0.6959813128493901,49680,0.0319933958435058,False,0.3951470216530457,0.9993607500532709,6.040714415158166e-05,0.9892123937606812,6.797206523790628,,0.9968203497615262,0.5425636007827789,,,0.53125,,1.0,0.75,,,True,0.4170528266913809,0.9989909182643796,0.0001006785735859,0.9853997826576232,11.328677539651046,,0.9968203497615262,0.586105675146771,,,0.625,,1.0,1.0,,,True,0.4483107254191592,0.996441947565543,0.0003825785796266,0.9779136776924132,43.048974650673976,,0.9968203497615262,0.6372309197651663,,,0.625,,1.0,1.0,,,True,0.4512595837897042,0.995539033457249,0.0004832571532126,0.9771266579627992,54.37765219032502,,0.9968203497615262,0.6406555772994129,,,0.625,,1.0,1.0,,,True,0.5101524981043053,0.9302504224919342,0.009141614481606,0.9567364454269408,1028.6439206003151,,0.9984101748807632,0.7106164383561644,,,0.6875,,1.0,1.0,,,LogReg,fleet,111250,11887,4.84,A_volume_matched,CTT_Traverse,FS-A,2,in_f0,111250,11887,0.0037037037037037,0.1,0.0074074074074074,0.2,0.0222222222222222,0.2,0.0296296296296296,0.2,0.1592592592592592,0.3,0.2679453647195582,0.6875,0.2797151990700378,0.75,0.3026736413833188,0.75,0.3054344667247893,0.75,0.3602150537634409,0.8125,,,,,,,,,,
123099,23756,0.1929828836952371,0.7636800810284674,0.7112790989901809,99363,0.0319933958435058,False,0.5100606162653646,0.9998349698820036,2.013226900737848e-05,0.5794492219996404,2.265347785557875,,0.9984126984126984,0.7242264889323713,,,0.6875,,1.0,1.0,,,True,0.5536285569961273,0.998709089528438,0.0001711242865627,0.5216734669144426,19.25545617724194,,0.9984126984126984,0.7639721169132934,,,0.75,,1.0,1.0,,,True,0.5685300555649099,0.9918484247631636,0.0011173409299095,0.4856525262833677,125.72680209846206,,0.9984126984126984,0.7814601932248991,,,0.78125,,1.0,1.0,,,True,0.5688247179659875,0.99119782879777,0.0012079361404427,0.4843861467601122,135.9208671334725,,0.9984126984126984,0.781827075944723,,,0.78125,,1.0,1.0,,,True,0.5860414211146657,0.9193079767564712,0.0123008163635082,0.4357464852976722,1384.1274969758615,,0.9992063492063492,0.8114222820105174,,,0.84375,,1.0,1.0,,,RandomForest,fleet,111250,11887,109.42,A_volume_matched,CTT_Traverse,FS-A,2,cross,111250,11887,0.0073260073260073,0.4,0.0183150183150183,0.6,0.0238095238095238,0.6,0.0238095238095238,0.6,0.0421245421245421,0.7,0.3581645247948885,0.75,0.409279024177739,0.75,0.4243810353590358,0.8125,0.4246714586509838,0.8125,0.4359979670369563,0.875,,,,,,,,,,
61532,11869,0.1928915036078788,0.7945245232078972,0.7210674494294619,49680,0.0319933958435058,False,0.4939759036144578,1.0,0.0,0.5997068684172027,0.0,,0.9968203497615262,0.7184442270058709,,,0.65625,,1.0,1.0,,,True,0.5395568287134552,0.9995317621351648,6.040714415158166e-05,0.5452762175886042,6.797206523790628,,0.9968203497615262,0.7504892367906066,,,0.71875,,1.0,1.0,,,True,0.561631139944393,0.9970086748429554,0.0004027142943438,0.4961271585887768,45.314710158604186,,0.9968203497615262,0.7712818003913894,,,0.78125,,1.0,1.0,,,True,0.5618838992332968,0.996712001195636,0.0004429857237782,0.4948766195960941,49.84618117446461,,0.9968203497615262,0.7715264187866928,,,0.78125,,1.0,1.0,,,True,0.5766281910860224,0.9568013420942262,0.0062219358476129,0.4452198417392433,700.1122719504347,,0.9984101748807632,0.7930528375733855,,,0.8125,,1.0,1.0,,,RandomForest,fleet,111250,11887,114.52,A_volume_matched,CTT_Traverse,FS-A,2,in_f0,111250,11887,0.0111111111111111,0.3,0.0185185185185185,0.5,0.0259259259259259,0.6,0.0259259259259259,0.6,0.0407407407407407,0.7,0.3336239465271723,0.75,0.3929090380703284,0.75,0.4183376925312409,0.8125,0.4186283057250799,0.8125,0.4305434466724789,0.8125,,,,,,,,,,
123099,23756,0.1929828836952371,0.8013209465087799,0.7412583334609543,99363,0.0319933958435058,False,0.5519026772183869,0.9998474796003964,2.013226900737848e-05,0.9549939324648384,2.265347785557875,,0.996031746031746,0.7457502751620398,,,0.78125,,1.0,1.0,,,True,0.5637312678902172,0.999104744852283,0.0001207936140442,0.9339172083212224,13.59208671334725,,0.996031746031746,0.7637275284334107,,,0.78125,,1.0,1.0,,,True,0.5817056743559522,0.990325354736993,0.001358928157998,0.8747357307149252,152.91097552515654,,0.996031746031746,0.7928335575394398,,,0.8125,,1.0,1.0,,,True,0.5821687152719313,0.9898368164901232,0.0014293910995238,0.8727482330122144,160.83969277460915,,0.996031746031746,0.7939342056989116,,,0.8125,,1.0,1.0,,,True,0.6017848122579559,0.92154966802037,0.0122504856909898,0.7604257521029452,1378.464127511967,,0.9976190476190476,0.8298887122416534,,,0.90625,,1.0,1.0,,,HistGB,fleet,111250,11887,64.69,A_volume_matched,CTT_Traverse,FS-A,2,cross,111250,11887,0.1538461538461538,0.7,0.2014652014652014,0.7,0.2838827838827839,0.7,0.2857142857142857,0.7,0.3901098901098901,0.8,0.4119654396282582,0.75,0.4198068685108546,0.75,0.4302621070209831,0.8125,0.43033471284397,0.8125,0.4385391708415015,0.9375,,,,,,,,,,
61532,11869,0.1928915036078788,0.8243252316976688,0.7490455551504205,49680,0.0319933958435058,False,0.5351756677057882,1.0,0.0,0.9679621276300792,0.0,,0.9952305246422892,0.7326320939334638,,,0.75,,1.0,1.0,,,True,0.5587665346701491,0.9987951807228916,0.0001610857177375,0.9340296185609694,18.125884063441674,,0.9952305246422892,0.7580724070450098,,,0.78125,,1.0,1.0,,,True,0.5730895610413683,0.9921236872812136,0.0010873285947284,0.8864934908625752,122.3497174282313,,0.9952305246422892,0.7791095890410958,,,0.8125,,1.0,1.0,,,True,0.5737635858117786,0.9919883466860888,0.0011074643094456,0.883834297141006,124.61545293616152,,0.9952305246422892,0.7803326810176126,,,0.8125,,1.0,1.0,,,True,0.5920465077091583,0.9370582744365916,0.0095040573465155,0.778026970467697,1069.4271597430588,,0.9968203497615262,0.8084637964774951,,,0.90625,,1.0,1.0,,,HistGB,fleet,111250,11887,66.62,A_volume_matched,CTT_Traverse,FS-A,2,in_f0,111250,11887,0.1,0.6,0.1851851851851851,0.7,0.2592592592592592,0.7,0.2592592592592592,0.7,0.374074074074074,0.8,0.3929090380703284,0.75,0.4151409473990119,0.75,0.4244405696018599,0.8125,0.4248764893926184,0.8125,0.4350479511769834,0.9375,,,,,,,,,,
123099,23756,0.1929828836952371,0.8095626835407466,0.7561239294219798,99363,0.0319933958435058,False,0.4510860414211147,0.9998133980220192,2.013226900737848e-05,0.9930826425552368,2.265347785557875,,0.3944444444444444,0.698300110064816,,,0.71875,,1.0,1.0,,,True,0.4897710052197339,0.9993128918663576,8.05290760295139e-05,0.9878751635551452,9.0613911422315,,0.5722222222222222,0.7267946679711386,,,0.78125,,1.0,1.0,,,True,0.5571224111803333,0.9929477080051016,0.0009462166433467,0.9610130786895752,106.47134592122012,,0.8912698412698413,0.774856304268069,,,0.8125,,1.0,1.0,,,True,0.5596901835325813,0.9926091825307952,0.0009965473158652,0.9587263464927672,112.13471538511482,,0.903968253968254,0.7764461293873058,,,0.8125,,1.0,1.0,,,True,0.6170651624852669,0.9387768171629844,0.0096232245855269,0.722844660282135,1082.836241496664,,0.996031746031746,0.862908157025804,,,0.875,,1.0,1.0,,,XGBoost,fleet,111250,11887,30.57,A_volume_matched,CTT_Traverse,FS-A,2,cross,111250,11887,0.0567765567765567,0.4,0.0989010989010989,0.6,0.2051282051282051,0.7,0.2106227106227106,0.7,0.4395604395604395,0.8,0.3251288753358019,0.8125,0.3570028316270965,0.8125,0.4112393813983881,0.8125,0.4133449502650113,0.8125,0.4434763668046177,0.875,,,,,,,,,,
61532,11869,0.1928915036078788,0.8262489677519751,0.7652517135847865,49680,0.0319933958435058,False,0.4057629117870082,1.0,0.0,0.9963059425354004,0.0,,0.1096979332273449,0.678082191780822,,,0.53125,,1.0,0.75,,,True,0.4877411744881624,0.9993095114793716,8.054285886877555e-05,0.9882692098617554,9.062942031720835,,0.5627980922098569,0.7343444227005871,,,0.78125,,1.0,1.0,,,True,0.5483191507287892,0.9944987775061124,0.0007248857298189,0.965117335319519,81.56647828548755,,0.8521462639109698,0.7693248532289628,,,0.8125,,1.0,1.0,,,True,0.5526160586401551,0.993336362259579,0.0008859714475565,0.9616426825523376,99.69236234892922,,0.8664546899841018,0.7725048923679061,,,0.8125,,1.0,1.0,,,True,0.6148790968068076,0.9402215923730998,0.0093429716287779,0.7208540439605713,1051.3012756796172,,0.9936406995230525,0.8554305283757339,,,0.84375,,1.0,1.0,,,XGBoost,fleet,111250,11887,20.46,A_volume_matched,CTT_Traverse,FS-A,2,in_f0,111250,11887,0.0074074074074074,0.1,0.1037037037037037,0.6,0.1962962962962963,0.7,0.2,0.7,0.437037037037037,0.8,0.2866899157221738,0.6875,0.3494623655913978,0.8125,0.4030804998546934,0.8125,0.4071490845684394,0.8125,0.4443475733798314,0.8125,,,,,,,,,,
123099,23756,0.1929828836952371,0.8164897840844996,0.7593562738638178,99363,0.0319933958435058,False,0.3812510523657181,0.9997792250800308,2.013226900737848e-05,0.996517662211496,2.265347785557875,,0.7738095238095238,0.5303901186254127,,,0.65625,,1.0,1.0,,,True,0.4525593534265028,0.9991635687732342,9.059521053320314e-05,0.9921435887241772,10.19406503501044,,0.9142857142857144,0.6404549345725816,,,0.65625,,1.0,1.0,,,True,0.5296767132513891,0.9911776289877904,0.0011274070644131,0.9761096773661392,126.85947599124098,,0.988095238095238,0.7439158615629203,,,0.8125,,1.0,1.0,,,True,0.5340124600101027,0.9906293924722788,0.0012079361404427,0.9743612105380326,135.9208671334725,,0.9904761904761904,0.7480738657209245,,,0.8125,,1.0,1.0,,,True,0.6169809732278161,0.9342809790923,0.0103781846733036,0.7701368181432979,1167.7867834550846,,0.9968253968253968,0.8643756879050997,,,0.90625,,1.0,1.0,,,LightGBM,fleet,111250,11887,102.08,A_volume_matched,CTT_Traverse,FS-A,2,cross,111250,11887,0.0146520146520146,0.2,0.0384615384615384,0.2,0.1117216117216117,0.7,0.1172161172161172,0.7,0.3333333333333333,0.9,0.2713279605024323,0.8125,0.3151818775865824,0.8125,0.3771146445944964,0.8125,0.3816888114426777,0.8125,0.4465984171930588,0.875,,,,,,,,,,
61532,11869,0.1928915036078788,0.8398318814907345,0.772651844725218,49680,0.0319933958435058,False,0.4539556828713455,0.9994435169727324,6.040714415158166e-05,0.9933808835819112,6.797206523790628,,0.8950715421303657,0.6648727984344422,,,0.625,,1.0,1.0,,,True,0.4668464066054427,0.9987382840663304,0.0001409500030203,0.9919422384919394,15.860148555511463,,0.9125596184419714,0.6827299412915852,,,0.625,,1.0,1.0,,,True,0.529867722638807,0.9921123205552926,0.0010067857358596,0.97762025909793,113.28677539651048,,0.9888712241653418,0.7509784735812133,,,0.78125,,1.0,1.0,,,True,0.5318055438537366,0.9902729839974898,0.001248414312466,0.9763830632347974,140.47560149167296,,0.9888712241653418,0.75293542074364,,,0.78125,,1.0,1.0,,,True,0.6128570224955767,0.9390653240382132,0.0095040573465155,0.7869530043221147,1069.4271597430588,,0.9952305246422892,0.8476027397260274,,,0.84375,,1.0,1.0,,,LightGBM,fleet,111250,11887,57.18,A_volume_matched,CTT_Traverse,FS-A,2,in_f0,111250,11887,0.0333333333333333,0.1,0.037037037037037,0.1,0.1074074074074074,0.6,0.1185185185185185,0.6,0.3222222222222222,0.7,0.3048532403371113,0.8125,0.3147340889276373,0.8125,0.3731473408892763,0.8125,0.3748910200523104,0.8125,0.4498692240627724,0.875,,,,,,,,,,
123099,23756,0.1929828836952371,0.984588576675988,0.970350291553254,99363,0.0319933958435058,False,0.6939720491665263,1.0,0.0,0.9895591735839844,0.0,,1.0,0.9798214504096856,,,0.59375,,1.0,1.0,,,True,0.7840124600101027,1.0,0.0,0.8449655175209045,0.0,,1.0,0.999633117280176,,,0.90625,,1.0,1.0,,,True,0.8730846943929954,0.997259351860756,0.0005737696667102,0.6764658093452454,64.56241188839944,,1.0,0.999633117280176,,,0.96875,,1.0,1.0,,,True,0.8756945613739687,0.9966463852824222,0.0007046294152582,0.6711612939834595,79.28717249452562,,1.0,0.999633117280176,,,0.96875,,1.0,1.0,,,True,0.9152635123758208,0.9535148883918784,0.0106701025739105,0.5626839399337769,1200.6343263456738,,1.0,0.999633117280176,,,1.0,,1.0,1.0,,,LogReg,fleet,111250,11887,2.39,A_volume_matched,CTT_Traverse,FS-B,0,cross,111250,11887,0.6043956043956044,0.1,0.6391941391941391,0.7,0.73992673992674,0.9,0.7435897435897436,0.9,0.8223443223443223,1.0,0.4998184854425325,0.75,0.6419806868510854,1.0,0.7916212880272998,1.0,0.79597763740652,1.0,0.8611050606258622,1.0,,,,,,,,,,
61532,11869,0.1928915036078788,0.9926693664901234,0.9846808609100626,49680,0.0319933958435058,False,0.8659533237846491,1.0,0.0,0.7563971281051637,0.0,,1.0,0.9995107632093934,,,0.875,,1.0,1.0,,,True,0.8806133625410734,0.9998086856705568,4.027142943438778e-05,0.7268671989440918,4.531471015860419,,1.0,0.9995107632093934,,,0.9375,,1.0,1.0,,,True,0.9065633162018704,0.9974969871141188,0.0005436642973642,0.6711088418960571,61.17485871411565,,1.0,0.9995107632093934,,,0.9375,,1.0,1.0,,,True,0.9074901002611846,0.9974995369512872,0.0005436642973642,0.6688908934593201,61.17485871411565,,1.0,0.9995107632093934,,,0.9375,,1.0,1.0,,,True,0.9404330609149886,0.9734868306296878,0.0061212572740269,0.5767601132392883,688.7835944107836,,1.0,0.9995107632093934,,,0.96875,,1.0,1.0,,,LogReg,fleet,111250,11887,2.24,A_volume_matched,CTT_Traverse,FS-B,0,in_f0,111250,11887,0.6962962962962963,0.6,0.7185185185185186,0.8,0.7555555555555555,0.8,0.7592592592592593,0.8,0.8296296296296296,0.9,0.7810229584423133,1.0,0.8054344667247894,1.0,0.8487358326068003,1.0,0.8501888985759953,1.0,0.9042429526300494,1.0,,,,,,,,,,
123099,23756,0.1929828836952371,0.9993623583030764,0.9991516888431125,99363,0.0319933958435058,False,0.6480468092271426,1.0,0.0,0.9230540476170744,0.0,,0.9968253968253968,0.7354775590069708,,,0.6875,,1.0,1.0,,,True,0.9400151540663412,1.0,0.0,0.7342481779750275,0.0,,1.0,0.9867922220863398,,,0.96875,,1.0,1.0,,,True,0.9980636470786328,0.9923823874100116,0.0018320364796714,0.213325597890715,206.14664848576663,,1.0,0.9998777057600589,,,1.0,,1.0,1.0,,,True,0.9980636470786328,0.991593827108862,0.0020232930352415,0.2071990044193045,227.66745244856645,,1.0,0.9998777057600589,,,1.0,,1.0,1.0,,,True,0.9984845933658864,0.955719408517668,0.0110626818195544,0.0936779645978348,1244.8086081640524,,1.0,0.9998777057600589,,,1.0,,1.0,1.0,,,RandomForest,fleet,111250,11887,129.96,A_volume_matched,CTT_Traverse,FS-B,0,cross,111250,11887,0.6007326007326007,0.1,0.706959706959707,0.9,0.9175824175824177,1.0,0.9175824175824177,1.0,0.935897435897436,1.0,0.5661076018296667,0.9375,0.9159950628040368,1.0,1.0,1.0,1.0,1.0,1.0,1.0,,,,,,,,,,
61532,11869,0.1928915036078788,0.9996996056394232,0.9995591297059968,49680,0.0319933958435058,False,0.9981464318813716,0.996299722479186,0.0008859714475565,0.318950879440674,99.69236234892922,,1.0,1.0,,,1.0,,1.0,1.0,,,True,0.9989047097480832,0.9815382068051992,0.0044902643819342,0.1977574333710562,505.2590182684367,,1.0,1.0,,,1.0,,1.0,1.0,,,True,0.9990732159406858,0.9555967442984932,0.0110947788091738,0.1274491306744949,1248.4202648695457,,1.0,1.0,,,1.0,,1.0,1.0,,,True,0.9990732159406858,0.9529856144016716,0.0117793931095584,0.1229805252432968,1325.4552721391724,,1.0,1.0,,,1.0,,1.0,1.0,,,True,0.9991574690369872,0.9058895424337332,0.0248072005315828,0.0818615685220566,2791.386145770018,,1.0,1.0,,,1.0,,1.0,1.0,,,RandomForest,fleet,111250,11887,119.39,A_volume_matched,CTT_Traverse,FS-B,0,in_f0,111250,11887,0.9185185185185184,1.0,0.9518518518518518,1.0,0.9592592592592591,1.0,0.9592592592592591,1.0,0.9629629629629628,1.0,1.0,1.0,1.0,1.0,1.0,1.0,1.0,1.0,1.0,1.0,,,,,,,,,,
123099,23756,0.1929828836952371,0.999619107656854,0.9994136238657668,99363,0.0319933958435058,False,0.8066593702643543,1.0,0.0,0.9963891548614332,0.0,,1.0,0.9948636419224656,,,0.78125,,1.0,1.0,,,True,0.918673177302576,1.0,0.0,0.9794418874036088,0.0,,1.0,0.9997554115201174,,,0.96875,,1.0,1.0,,,True,0.9957905371274626,0.9978066475451324,0.0005234389941918,0.4383102570317697,58.89904242450475,,1.0,0.9998777057600589,,,1.0,,1.0,1.0,,,True,0.9962114834147164,0.9971349119406758,0.0006844971462508,0.3872261751615232,77.02182470896776,,1.0,0.9998777057600589,,,1.0,,1.0,1.0,,,True,0.998526687994612,0.9566462332634296,0.0108210945914659,0.0183040186139585,1217.624434737358,,1.0,0.9998777057600589,,,1.0,,1.0,1.0,,,HistGB,fleet,111250,11887,36.23,A_volume_matched,CTT_Traverse,FS-B,0,cross,111250,11887,0.6098901098901099,0.3,0.6648351648351648,0.9,0.8644688644688645,1.0,0.86996336996337,1.0,0.9377289377289376,1.0,0.6850359398823785,1.0,0.8731576272417048,1.0,0.9981848544253248,1.0,0.998693095186234,1.0,1.0,1.0,,,,,,,,,,
61532,11869,0.1928915036078788,0.9998520553426888,0.9997005514084862,49680,0.0319933958435058,False,0.9969668885331536,0.9960437710437712,0.0009463785917081,0.4712105543844919,106.48956887271984,,1.0,1.0,,,1.0,,1.0,1.0,,,True,0.9971353947257562,0.9954579863739592,0.0010873285947284,0.4118549298724698,122.3497174282313,,1.0,1.0,,,1.0,,1.0,1.0,,,True,0.9990732159406858,0.9495515695067264,0.0126855002718321,0.05852429333076,1427.413369996032,,1.0,1.0,,,1.0,,1.0,1.0,,,True,0.9990732159406858,0.9478816946442846,0.0131284859956104,0.0541801536434608,1477.2595511704967,,1.0,1.0,,,1.0,,1.0,1.0,,,True,0.999410228325891,0.9027397260273972,0.0257334434085737,0.0086453006607228,2895.609979134808,,1.0,1.0,,,1.0,,1.0,1.0,,,HistGB,fleet,111250,11887,33.71,A_volume_matched,CTT_Traverse,FS-B,0,in_f0,111250,11887,0.8666666666666667,1.0,0.8740740740740741,1.0,0.9592592592592591,1.0,0.9592592592592591,1.0,0.974074074074074,1.0,1.0,1.0,1.0,1.0,1.0,1.0,1.0,1.0,1.0,1.0,,,,,,,,,,
123099,23756,0.1929828836952371,0.99961332924819,0.9993013659571844,99363,0.0319933958435058,False,0.8573833978784308,1.0,0.0,0.9847369790077212,0.0,,1.0,0.9973095267212916,,,0.9375,,1.0,1.0,,,True,0.9433827243643712,0.999910766073261,2.013226900737848e-05,0.904395878314972,2.265347785557875,,1.0,0.9995108230402348,,,0.96875,,1.0,1.0,,,True,0.9881714093281696,0.9951250529885544,0.0011576054679242,0.3648983836174011,130.25749766957782,,1.0,0.9997554115201174,,,1.0,,1.0,1.0,,,True,0.9893079643037548,0.9944569034824188,0.0013186636199832,0.3335035443305969,148.38027995404082,,1.0,0.9997554115201174,,,1.0,,1.0,1.0,,,True,0.9987371611382388,0.955114528400628,0.0112237399716135,0.0036585687194019,1262.9313904485152,,1.0,0.9998777057600589,,,1.0,,1.0,1.0,,,XGBoost,fleet,111250,11887,19.51,A_volume_matched,CTT_Traverse,FS-B,0,cross,111250,11887,0.6263736263736264,0.8,0.6959706959706959,0.9,0.826007326007326,1.0,0.8351648351648352,1.0,0.9468864468864469,1.0,0.7704203877150948,1.0,0.9146881579902708,1.0,0.9866405285703912,1.0,0.9882378566761054,1.0,1.0,1.0,,,,,,,,,,
61532,11869,0.1928915036078788,0.9998109967389658,0.9996200856352504,49680,0.0319933958435058,False,0.9978936725924678,0.978681209717402,0.005195014397036,0.1215960085391998,584.5597610459939,,1.0,1.0,,,1.0,,1.0,1.0,,,True,0.9986519504591794,0.974913637111367,0.0061413929887441,0.0686808004975318,691.049329918714,,1.0,1.0,,,1.0,,1.0,1.0,,,True,0.9991574690369872,0.9506974506974508,0.0123834645510742,0.0117216110229492,1393.4273373770789,,1.0,1.0,,,1.0,,1.0,1.0,,,True,0.9991574690369872,0.9484165067178504,0.01298753599259,0.0106042549014091,1461.399402614985,,1.0,1.0,,,1.0,,1.0,1.0,,,True,0.9994944814221922,0.905918289423444,0.0248072005315828,0.0021179656032472,2791.386145770018,,1.0,1.0,,,1.0,,1.0,1.0,,,XGBoost,fleet,111250,11887,16.58,A_volume_matched,CTT_Traverse,FS-B,0,in_f0,111250,11887,0.9148148148148147,1.0,0.9444444444444444,1.0,0.9629629629629628,1.0,0.9629629629629628,1.0,0.9777777777777776,1.0,0.999709386806161,1.0,0.9998546934030804,1.0,1.0,1.0,1.0,1.0,1.0,1.0,,,,,,,,,,
123099,23756,0.1929828836952371,0.9996090084713954,0.9994259206316092,99363,0.0319933958435058,False,0.8474490654992423,1.0,0.0,0.9860999798248734,0.0,,1.0,0.998287880640822,,,0.90625,,1.0,1.0,,,True,0.9445613739686816,1.0,0.0,0.8166014982779738,0.0,,1.0,0.999633117280176,,,0.96875,,1.0,1.0,,,True,0.9961272941572656,0.996798652064027,0.0007650262222803,0.0363584173684322,86.08321585119924,,1.0,0.9998777057600589,,,1.0,,1.0,1.0,,,True,0.9964640511870684,0.9960028611099424,0.0009562827778504,0.0310090016798243,107.60401981399906,,1.0,0.9998777057600589,,,1.0,,1.0,1.0,,,True,0.9986950665095132,0.956576082573986,0.0108412268604733,0.0014934302692187,1219.8897825229158,,1.0,0.9998777057600589,,,1.0,,1.0,1.0,,,LightGBM,fleet,111250,11887,61.5,A_volume_matched,CTT_Traverse,FS-B,0,cross,111250,11887,0.6190476190476191,0.7,0.6959706959706959,0.9,0.8864468864468864,1.0,0.8937728937728938,1.0,0.945054945054945,1.0,0.7529949901982139,1.0,0.91664851521092,1.0,0.997894431133377,1.0,0.9981848544253248,1.0,1.0,1.0,,,,,,,,,,
61532,11869,0.1928915036078788,0.9998688591386508,0.9997579804680284,49680,0.0319933958435058,False,0.9967983823405512,0.997638924023948,0.0005638000120814,0.0706078601537796,63.44059422204586,,1.0,1.0,,,1.0,,1.0,1.0,,,True,0.9983149380739742,0.9905534191606756,0.0022753357630429,0.0276289900896711,256.02811239611367,,1.0,1.0,,,1.0,,1.0,1.0,,,True,0.9990732159406858,0.9479574706211528,0.0131083502808932,0.0039877339044171,1474.9938156625662,,1.0,1.0,,,1.0,,1.0,1.0,,,True,0.9990732159406858,0.9468221015649952,0.0134103860016511,0.0037413451631415,1508.9798482815197,,1.0,1.0,,,1.0,,1.0,1.0,,,True,0.9993259752295895,0.9039018442310623,0.0253911362583814,0.0007637797220361,2857.092475499994,,1.0,1.0,,,1.0,,1.0,1.0,,,LightGBM,fleet,111250,11887,32.06,A_volume_matched,CTT_Traverse,FS-B,0,in_f0,111250,11887,0.8740740740740741,1.0,0.9296296296296296,1.0,0.9592592592592591,1.0,0.9592592592592591,1.0,0.9703703703703704,1.0,0.999418773612322,1.0,0.9998546934030804,1.0,1.0,1.0,1.0,1.0,1.0,1.0,,,,,,,,,,
123099,23756,0.1929828836952371,0.9297745414515988,0.8559650981584621,99363,0.0319933958435058,False,0.0,0.0,0.0,501344.0471878208,0.0,,0.0,0.0,,,0.0,,0.0,0.0,,,True,0.6021215692877588,0.9996505695715984,5.033067251844619e-05,3156.4809774097453,5.663369463894687,,0.0,0.999633117280176,,,0.4375,,0.0,1.0,,,True,0.6021215692877588,0.994161801501251,0.0008455552983098,2455.434130237471,95.14460699343074,,0.0,0.999633117280176,,,0.4375,,0.0,1.0,,,True,0.6021215692877588,0.9933333333333332,0.0009663489123541,2386.6615028314977,108.736693706778,,0.0,0.999633117280176,,,0.4375,,0.0,1.0,,,True,0.7013386091934669,0.9389652840396754,0.0109016236674954,4.893098095340432,1226.6858258795894,,1.0,0.999633117280176,,,0.65625,,1.0,1.0,,,Rule:Combined,fleet,111250,11887,0.38,A_volume_matched,CTT_Traverse,FS-B,0,cross,111250,11887,0.0,0.0,0.0,0.0,0.0,0.0,0.0,0.0,0.6062271062271062,0.2,0.0,0.0,0.4450736949103318,0.625,0.4450736949103318,0.625,0.4450736949103318,0.625,0.5006897553183766,0.8125,,,,,,,,,,
61532,11869,0.1928915036078788,0.926166433715386,0.8476655925100166,49680,0.0319933958435058,False,0.6908753896705704,0.9193855813432,0.0144775788816624,9.793235497861232,1629.0638302018206,,0.9984101748807632,0.9995107632093934,,,0.59375,,1.0,1.0,,,True,0.6908753896705704,0.9193855813432,0.0144775788816624,9.331286393949716,1629.0638302018206,,0.9984101748807632,0.9995107632093934,,,0.59375,,1.0,1.0,,,True,0.6972786249894684,0.9167035888347363,0.0151420574673298,6.647245891070208,1703.8331019635173,,1.0,0.9995107632093934,,,0.625,,1.0,1.0,,,True,0.6972786249894684,0.9161961696003542,0.0152427360409157,6.578021083628067,1715.1617795031686,,1.0,0.9995107632093934,,,0.625,,1.0,1.0,,,True,0.7041873788861741,0.8786795626576955,0.0232366147836417,3.8448357456887385,2614.6587761514616,,1.0,0.9995107632093934,,,0.65625,,1.0,1.0,,,Rule:Combined,fleet,111250,11887,0.23,A_volume_matched,CTT_Traverse,FS-B,0,in_f0,111250,11887,0.3703703703703703,0.1,0.3703703703703703,0.1,0.6074074074074074,0.1,0.6074074074074074,0.1,0.6111111111111112,0.2,0.4920081371694275,0.75,0.4920081371694275,0.75,0.493606509735542,0.8125,0.493606509735542,0.8125,0.5053763440860215,0.8125,,,,,,,,,,
123099,23756,0.1929828836952371,0.4902283020491946,0.1880650327340128,99363,0.0319933958435058,False,0.0,0.0,0.0,501344.0471878208,0.0,,0.0,0.0,,,0.0,,0.0,0.0,,,True,0.0,0.0,6.039680702213543e-05,3133.5812035180534,6.796043356673625,,0.0,0.0,,,0.0,,0.0,0.0,,,True,0.0,0.0,0.0008656875673172,2448.650935868917,97.40995477898863,,0.0,0.0,,,0.0,,0.0,0.0,,,True,0.0,0.0,0.0009764150468578,2380.682769358095,109.86936759955694,,0.0,0.0,,,0.0,,0.0,0.0,,,True,0.007198181512039,0.1328671328671328,0.0112338061061171,4.761241972469199,1264.0640643412942,,0.0079365079365079,0.0110064815947168,,,0.46875,,1.0,0.75,,,Rule:Staleness,fleet,111250,11887,0.28,A_volume_matched,CTT_Traverse,FS-B,0,cross,111250,11887,0.0,0.0,0.0,0.0,0.0,0.0,0.0,0.0,0.0054945054945054,0.2,0.0,0.0,0.0,0.0,0.0,0.0,0.0,0.0,0.0049371959631162,0.5,,,,,,,,,,
61532,11869,0.1928915036078788,0.4824803317930125,0.1824448154213744,49680,0.0319933958435058,False,8.425309630128907e-05,0.0013888888888888,0.0144775788816624,9.793235497861232,1629.0638302018206,,0.0,0.0,,,0.03125,,0.0,0.0,,,True,8.425309630128907e-05,0.0013888888888888,0.0144775788816624,9.331286393949716,1629.0638302018206,,0.0,0.0,,,0.03125,,0.0,0.0,,,True,0.0005055185778077,0.0079155672823219,0.0151420574673298,6.647245891070208,1703.8331019635173,,0.0015898251192368,0.0002446183953033,,,0.15625,,0.5,0.25,,,True,0.0005055185778077,0.0078636959370904,0.0152427360409157,6.578021083628067,1715.1617795031686,,0.0015898251192368,0.0002446183953033,,,0.15625,,0.5,0.25,,,True,0.0094363467857443,0.0884676145339652,0.0232366147836417,3.8410886120516414,2614.6587761514616,,0.0206677265500794,0.010518590998043,,,0.53125,,1.0,0.75,,,Rule:Staleness,fleet,111250,11887,0.16,A_volume_matched,CTT_Traverse,FS-B,0,in_f0,111250,11887,0.0,0.0,0.0,0.0,0.0,0.0,0.0,0.0,0.0111111111111111,0.2,0.0001453065969195,0.0625,0.0001453065969195,0.0625,0.000581226387678,0.1875,0.000581226387678,0.1875,0.0077012496367335,0.625,,,,,,,,,,
123099,23756,0.1929828836952371,0.979982766537051,0.9632809607373428,99363,0.0319933958435058,False,0.6960767806027951,1.0,0.0,0.989923655986786,0.0,,1.0,0.9842240430475724,,,0.625,,1.0,1.0,,,True,0.7735729920862098,1.0,0.0,0.889025866985321,0.0,,1.0,0.999633117280176,,,0.84375,,1.0,1.0,,,True,0.8565415053039233,0.9967180994366888,0.0006744310117471,0.7629366517066956,75.88915081618882,,1.0,0.999633117280176,,,0.96875,,1.0,1.0,,,True,0.8589408991412696,0.9961919640677636,0.0007851584912877,0.7582045793533325,88.34856363675713,,1.0,0.999633117280176,,,0.96875,,1.0,1.0,,,True,0.9020878935847786,0.9530798309984434,0.0106197719013921,0.6623474955558777,1194.970956881779,,1.0,0.999633117280176,,,1.0,,1.0,1.0,,,LogReg,fleet,111250,11887,2.07,A_volume_matched,CTT_Traverse,FS-B,1,cross,111250,11887,0.6043956043956044,0.1,0.63003663003663,0.5,0.7234432234432234,0.9,0.7252747252747253,0.9,0.7857142857142857,1.0,0.5008349669643506,0.8125,0.6243374718652436,1.0,0.7637406520002904,1.0,0.7678065780875626,1.0,0.8398315544906702,1.0,,,,,,,,,,
61532,11869,0.1928915036078788,0.9912660417064924,0.9820476625522498,49680,0.0319933958435058,False,0.8546634088802764,1.0,0.0,0.8297583460807801,0.0,,1.0,0.9995107632093934,,,0.84375,,1.0,1.0,,,True,0.8712612688516302,0.9998066325050758,4.027142943438778e-05,0.8034797310829163,4.531471015860419,,1.0,0.9995107632093934,,,0.84375,,1.0,1.0,,,True,0.8950206420085938,0.9974647887323944,0.0005436642973642,0.7620135545730591,61.17485871411565,,1.0,0.9995107632093934,,,0.9375,,1.0,1.0,,,True,0.8963686915494145,0.9974685917869868,0.0005436642973642,0.7591606974601746,61.17485871411565,,1.0,0.9995107632093934,,,0.9375,,1.0,1.0,,,True,0.9308282079366416,0.9743363612311492,0.0058594929827034,0.6768813133239746,659.329032807691,,1.0,0.9995107632093934,,,0.9375,,1.0,1.0,,,LogReg,fleet,111250,11887,2.03,A_volume_matched,CTT_Traverse,FS-B,1,in_f0,111250,11887,0.6851851851851852,0.5,0.7037037037037037,0.5,0.737037037037037,0.8,0.737037037037037,0.8,0.7925925925925926,0.8,0.7619877942458587,1.0,0.7898866608544028,1.0,0.8295553618134264,1.0,0.8318802673641383,1.0,0.8891310665504214,1.0,,,,,,,,,,
123099,23756,0.1929828836952371,0.999443231871754,0.999222012011552,99363,0.0319933958435058,False,0.6631587809395522,1.0,0.0,0.919860658041048,0.0,,0.9952380952380953,0.7329093799682035,,,0.6875,,1.0,1.0,,,True,0.9461188752315204,1.0,0.0,0.7283860977192308,0.0,,1.0,0.9896049896049895,,,0.96875,,1.0,1.0,,,True,0.9978952685637312,0.9967204843592332,0.0007851584912877,0.1909511972514777,88.34856363675713,,1.0,0.9997554115201174,,,1.0,,1.0,1.0,,,True,0.997979457821182,0.9961763099289886,0.0009160182398357,0.1851358906876744,103.07332424288332,,1.0,0.9997554115201174,,,1.0,,1.0,1.0,,,True,0.9984004041084358,0.9649308380797396,0.0086770079421801,0.0949413547264702,976.364895575444,,1.0,0.9998777057600589,,,1.0,,1.0,1.0,,,RandomForest,fleet,111250,11887,126.44,A_volume_matched,CTT_Traverse,FS-B,1,cross,111250,11887,0.6025641025641025,0.1,0.6941391941391941,0.9,0.912087912087912,1.0,0.9157509157509156,1.0,0.9322344322344324,1.0,0.5937704203877151,0.9375,0.9253612139693604,1.0,1.0,1.0,1.0,1.0,1.0,1.0,,,,,,,,,,
61532,11869,0.1928915036078788,0.999763617838236,0.9996336802713152,49680,0.0319933958435058,False,0.9978936725924678,0.99966239027684,8.054285886877555e-05,0.2840057100563002,9.062942031720835,,1.0,0.9997553816046968,,,1.0,,1.0,1.0,,,True,0.9983991911702756,0.994628168541212,0.0012886857419004,0.1939357643161894,145.0070725075334,,1.0,0.9997553816046968,,,1.0,,1.0,1.0,,,True,0.9990732159406858,0.9713302752293578,0.0070475001510178,0.1251200305597111,793.0074277755733,,1.0,1.0,,,1.0,,1.0,1.0,,,True,0.9990732159406858,0.968237119294521,0.0078327930249884,0.1208475493093109,881.3711125848515,,1.0,1.0,,,1.0,,1.0,1.0,,,True,0.9991574690369872,0.912160603030536,0.0229949862070354,0.0771552212588564,2587.469950056299,,1.0,1.0,,,1.0,,1.0,1.0,,,RandomForest,fleet,111250,11887,124.47,A_volume_matched,CTT_Traverse,FS-B,1,in_f0,111250,11887,0.9111111111111112,1.0,0.9333333333333332,1.0,0.9592592592592591,1.0,0.9592592592592591,1.0,0.9629629629629628,1.0,1.0,1.0,1.0,1.0,1.0,1.0,1.0,1.0,1.0,1.0,,,,,,,,,,
123099,23756,0.1929828836952371,0.9997111299906828,0.9995217819681824,99363,0.0319933958435058,False,0.8692540831789863,1.0,0.0,0.9928666379810512,0.0,,1.0,0.997920997920998,,,0.90625,,1.0,1.0,,,True,0.9139164842566088,1.0,0.0,0.9855610933225348,0.0,,1.0,0.9995108230402348,,,0.96875,,1.0,1.0,,,True,0.9971796598754,0.9976836253369272,0.0005536373977029,0.4153664846613403,62.29706410284157,,1.0,0.9998777057600589,,,1.0,,1.0,1.0,,,True,0.9973901330190268,0.9974741096236424,0.0006039680702213,0.3843648550888708,67.96043356673626,,1.0,0.9998777057600589,,,1.0,,1.0,1.0,,,True,0.9987371611382388,0.9592076005659996,0.0101567297142224,0.0221153868986144,1142.867957813948,,1.0,0.9998777057600589,,,1.0,,1.0,1.0,,,HistGB,fleet,111250,11887,35.43,A_volume_matched,CTT_Traverse,FS-B,1,cross,111250,11887,0.6208791208791209,0.7,0.6556776556776557,0.9,0.8992673992673993,1.0,0.9029304029304028,1.0,0.9468864468864469,1.0,0.7907500181514557,1.0,0.8654614100050824,1.0,0.999201335947143,1.0,0.999419153416104,1.0,1.0,1.0,,,,,,,,,,
61532,11869,0.1928915036078788,0.999878015129242,0.9998066883042098,49680,0.0319933958435058,False,0.9980621787850704,0.9962156252628038,0.0009061071622737,0.4497549008446137,101.95809785685942,,1.0,1.0,,,1.0,,1.0,1.0,,,True,0.998820456651782,0.9933802580861404,0.0015907214626583,0.2108695593330883,178.99310512648654,,1.0,1.0,,,1.0,,1.0,1.0,,,True,0.9990732159406858,0.983087381860388,0.0041076858023075,0.0664760128328525,462.2100436177627,,1.0,1.0,,,1.0,,1.0,1.0,,,True,0.9991574690369872,0.9817865717360708,0.0044298572377826,0.0624522497556722,498.46181174464607,,1.0,1.0,,,1.0,,1.0,1.0,,,True,0.9994944814221922,0.9047437461866992,0.0251495076817751,0.0122137575005374,2829.903649404832,,1.0,1.0,,,1.0,,1.0,1.0,,,HistGB,fleet,111250,11887,33.93,A_volume_matched,CTT_Traverse,FS-B,1,in_f0,111250,11887,0.9148148148148147,1.0,0.9481481481481482,1.0,0.9592592592592591,1.0,0.9629629629629628,1.0,0.9777777777777776,1.0,1.0,1.0,1.0,1.0,1.0,1.0,1.0,1.0,1.0,1.0,,,,,,,,,,
123099,23756,0.1929828836952371,0.9996012230646644,0.999403210453799,99363,0.0319933958435058,False,0.7809395521131504,1.0,0.0,0.9967507123947144,0.0,,1.0,0.9520606579430108,,,0.84375,,1.0,1.0,,,True,0.9214514227984508,1.0,0.0,0.9531604647636414,0.0,,1.0,0.9992662345603522,,,0.96875,,1.0,1.0,,,True,0.9949907391816804,0.9976364327016418,0.0005637035322065,0.1799625307321548,63.42973799562049,,1.0,0.9997554115201174,,,1.0,,1.0,1.0,,,True,0.9952012123253072,0.9972581937824272,0.0006542987427398,0.165341779589653,73.62380303063094,,1.0,0.9997554115201174,,,1.0,,1.0,1.0,,,True,0.9986108772520628,0.9543790481554492,0.0114149965271835,0.0138274617493152,1284.452194411315,,1.0,0.9998777057600589,,,1.0,,1.0,1.0,,,XGBoost,fleet,111250,11887,18.07,A_volume_matched,CTT_Traverse,FS-B,1,cross,111250,11887,0.6135531135531136,0.5,0.6904761904761905,0.9,0.8992673992673993,1.0,0.9029304029304028,1.0,0.9413919413919414,1.0,0.6659406084367966,1.0,0.877223553328977,1.0,0.9954984389748058,1.0,0.9957162564437668,1.0,1.0,1.0,,,,,,,,,,
61532,11869,0.1928915036078788,0.9998081415356744,0.9996612730617304,49680,0.0319933958435058,False,0.9974724071109612,0.9967166189594208,0.0007852928739705,0.2124011814594269,88.36368480927815,,1.0,0.9997553816046968,,,1.0,,1.0,1.0,,,True,0.9978094194961664,0.9941240661462268,0.0014095000302035,0.1541742235422134,158.60148555511466,,1.0,0.9997553816046968,,,1.0,,1.0,1.0,,,True,0.9989889628443844,0.9726825266611976,0.0067051930008255,0.0415362939238548,754.4899241407597,,1.0,0.9997553816046968,,,1.0,,1.0,1.0,,,True,0.9989889628443844,0.9707712461110202,0.0071884501540382,0.0393888093531131,808.8675763310848,,1.0,0.9997553816046968,,,1.0,,1.0,1.0,,,True,0.9993259752295895,0.9129464285714286,0.0227734933451462,0.0094480905681848,2562.546859469067,,1.0,1.0,,,1.0,,1.0,1.0,,,XGBoost,fleet,111250,11887,15.04,A_volume_matched,CTT_Traverse,FS-B,1,in_f0,111250,11887,0.9148148148148147,1.0,0.9222222222222224,1.0,0.9592592592592591,1.0,0.9592592592592591,1.0,0.9703703703703704,1.0,0.999128160418483,1.0,0.999418773612322,1.0,1.0,1.0,1.0,1.0,1.0,1.0,,,,,,,,,,
123099,23756,0.1929828836952371,0.9996090372850488,0.9994461485945652,99363,0.0319933958435058,False,0.8242970197002862,1.0,0.0,0.9965107545256774,0.0,,1.0,0.9827565121682768,,,0.96875,,1.0,1.0,,,True,0.921577706684627,1.0,0.0,0.9660266925638148,0.0,,1.0,0.9993885288002936,,,0.96875,,1.0,1.0,,,True,0.9976847954201044,0.9990305176192884,0.0002315210935848,0.0463588461716402,26.051499533915564,,1.0,0.9998777057600589,,,1.0,,1.0,1.0,,,True,0.9977689846775551,0.9986938569141316,0.0003120501696143,0.0414300777427156,35.11289067614707,,1.0,0.9998777057600589,,,1.0,,1.0,1.0,,,True,0.998779255766964,0.9546167773083888,0.0113545997201614,0.0049050583016491,1277.6561510546414,,1.0,0.9998777057600589,,,1.0,,1.0,1.0,,,LightGBM,fleet,111250,11887,27.67,A_volume_matched,CTT_Traverse,FS-B,1,cross,111250,11887,0.6373626373626373,0.9,0.6868131868131868,0.9,0.9230769230769232,1.0,0.924908424908425,1.0,0.9487179487179488,1.0,0.7215566688448414,1.0,0.877513976620925,1.0,0.999128730124156,1.0,0.999201335947143,1.0,1.0,1.0,,,,,,,,,,
61532,11869,0.1928915036078788,0.9998771550056124,0.9997620263997884,49680,0.0319933958435058,False,0.9979779256887692,0.99974679270763,6.040714415158166e-05,0.1527581133080072,6.797206523790628,,1.0,1.0,,,1.0,,1.0,1.0,,,True,0.9983149380739742,0.999746878164023,6.040714415158166e-05,0.0895562970628794,6.797206523790628,,1.0,1.0,,,1.0,,1.0,1.0,,,True,0.9992417221332884,0.9897354585663024,0.0024766929102148,0.0180147631790407,278.6854674754157,,1.0,1.0,,,1.0,,1.0,1.0,,,True,0.9992417221332884,0.9890751396880996,0.0026377786279523,0.0173490474815225,296.8113515388574,,1.0,1.0,,,1.0,,1.0,1.0,,,True,0.9993259752295895,0.9135089340727048,0.0226124076274087,0.0035226793720792,2544.420975405625,,1.0,1.0,,,1.0,,1.0,1.0,,,LightGBM,fleet,111250,11887,25.65,A_volume_matched,CTT_Traverse,FS-B,1,in_f0,111250,11887,0.925925925925926,1.0,0.9333333333333332,1.0,0.9666666666666668,1.0,0.9666666666666668,1.0,0.9703703703703704,1.0,0.999418773612322,1.0,0.999709386806161,1.0,1.0,1.0,1.0,1.0,1.0,1.0,,,,,,,,,,
123099,23756,0.1929828836952371,0.9294717499986022,0.855761817322346,99363,0.0319933958435058,False,0.0,0.0,0.0,506791.9907002328,0.0,,0.0,0.0,,,0.0,,0.0,0.0,,,True,0.6021215692877588,0.9996505695715984,5.033067251844619e-05,3190.7796597634847,5.663369463894687,,0.0,0.999633117280176,,,0.4375,,0.0,1.0,,,True,0.6021215692877588,0.994161801501251,0.0008455552983098,2482.1147633805485,95.14460699343074,,0.0,0.999633117280176,,,0.4375,,0.0,1.0,,,True,0.6021215692877588,0.9933333333333332,0.0009663489123541,2412.594806089221,108.736693706778,,0.0,0.999633117280176,,,0.4375,,0.0,1.0,,,True,0.7013386091934669,0.9386478873239436,0.0109620204745175,4.923656993586711,1233.481869236263,,1.0,0.999633117280176,,,0.65625,,1.0,1.0,,,Rule:Combined,fleet,111250,11887,0.39,A_volume_matched,CTT_Traverse,FS-B,1,cross,111250,11887,0.0,0.0,0.0,0.0,0.0,0.0,0.0,0.0,0.6062271062271062,0.2,0.0,0.0,0.4450736949103318,0.625,0.4450736949103318,0.625,0.4450736949103318,0.625,0.5006897553183766,0.8125,,,,,,,,,,
61532,11869,0.1928915036078788,0.9258700261211404,0.8474717503491291,49680,0.0319933958435058,False,0.6908753896705704,0.9193855813432,0.0144775788816624,9.897919801062637,1629.0638302018206,,0.9984101748807632,0.9995107632093934,,,0.59375,,1.0,1.0,,,True,0.6908753896705704,0.9193855813432,0.0144775788816624,9.43095084573803,1629.0638302018206,,0.9984101748807632,0.9995107632093934,,,0.59375,,1.0,1.0,,,True,0.6972786249894684,0.9167035888347363,0.0151420574673298,6.717743743341214,1703.8331019635173,,1.0,0.9995107632093934,,,0.625,,1.0,1.0,,,True,0.6972786249894684,0.9161961696003542,0.0152427360409157,6.647766692319603,1715.1617795031686,,1.0,0.9995107632093934,,,0.625,,1.0,1.0,,,True,0.7041873788861741,0.8786795626576955,0.0232366147836417,3.884880713844959,2614.6587761514616,,1.0,0.9995107632093934,,,0.65625,,1.0,1.0,,,Rule:Combined,fleet,111250,11887,0.26,A_volume_matched,CTT_Traverse,FS-B,1,in_f0,111250,11887,0.3703703703703703,0.1,0.3703703703703703,0.1,0.6074074074074074,0.1,0.6074074074074074,0.1,0.6111111111111112,0.2,0.4920081371694275,0.75,0.4920081371694275,0.75,0.493606509735542,0.8125,0.493606509735542,0.8125,0.5053763440860215,0.8125,,,,,,,,,,
123099,23756,0.1929828836952371,0.4902283020491946,0.1880650327340128,99363,0.0319933958435058,False,0.0,0.0,0.0,506791.9907002328,0.0,,0.0,0.0,,,0.0,,0.0,0.0,,,True,0.0,0.0,6.039680702213543e-05,3167.631041439892,6.796043356673625,,0.0,0.0,,,0.0,,0.0,0.0,,,True,0.0,0.0,0.0008656875673172,2475.2578582340147,97.40995477898863,,0.0,0.0,,,0.0,,0.0,0.0,,,True,0.0,0.0,0.0009764150468578,2406.551103654041,109.86936759955694,,0.0,0.0,,,0.0,,0.0,0.0,,,True,0.007198181512039,0.1328671328671328,0.0112338061061171,4.811245230518212,1264.0640643412942,,0.0079365079365079,0.0110064815947168,,,0.46875,,1.0,0.75,,,Rule:Staleness,fleet,111250,11887,0.29,A_volume_matched,CTT_Traverse,FS-B,1,cross,111250,11887,0.0,0.0,0.0,0.0,0.0,0.0,0.0,0.0,0.0054945054945054,0.2,0.0,0.0,0.0,0.0,0.0,0.0,0.0,0.0,0.0049371959631162,0.5,,,,,,,,,,
61532,11869,0.1928915036078788,0.4824803317930125,0.1824448154213744,49680,0.0319933958435058,False,8.425309630128907e-05,0.0013888888888888,0.0144775788816624,9.897919801062637,1629.0638302018206,,0.0,0.0,,,0.03125,,0.0,0.0,,,True,8.425309630128907e-05,0.0013888888888888,0.0144775788816624,9.43095084573803,1629.0638302018206,,0.0,0.0,,,0.03125,,0.0,0.0,,,True,0.0005055185778077,0.0079155672823219,0.0151420574673298,6.717743743341214,1703.8331019635173,,0.0015898251192368,0.0002446183953033,,,0.15625,,0.5,0.25,,,True,0.0005055185778077,0.0078636959370904,0.0152427360409157,6.647766692319603,1715.1617795031686,,0.0015898251192368,0.0002446183953033,,,0.15625,,0.5,0.25,,,True,0.0094363467857443,0.0884676145339652,0.0232366147836417,3.881092861319301,2614.6587761514616,,0.0206677265500794,0.010518590998043,,,0.53125,,1.0,0.75,,,Rule:Staleness,fleet,111250,11887,0.16,A_volume_matched,CTT_Traverse,FS-B,1,in_f0,111250,11887,0.0,0.0,0.0,0.0,0.0,0.0,0.0,0.0,0.0111111111111111,0.2,0.0001453065969195,0.0625,0.0001453065969195,0.0625,0.000581226387678,0.1875,0.000581226387678,0.1875,0.0077012496367335,0.625,,,,,,,,,,
123099,23756,0.1929828836952371,0.9816273748634609,0.9653937595972922,99363,0.0319933958435058,False,0.6955295504293653,1.0,0.0,0.9855939745903016,0.0,,1.0,0.9827565121682768,,,0.59375,,1.0,1.0,,,True,0.7641017006230005,1.0,0.0,0.8589864373207092,0.0,,1.0,0.999633117280176,,,0.84375,,1.0,1.0,,,True,0.8591513722848965,0.9968253968253968,0.0006542987427398,0.686528205871582,73.62380303063094,,1.0,0.999633117280176,,,0.96875,,1.0,1.0,,,True,0.8610456305775384,0.9965409724252168,0.0007146955497619,0.682296097278595,80.41984638730457,,1.0,0.999633117280176,,,0.96875,,1.0,1.0,,,True,0.9040663411348712,0.9523323873714084,0.0108210945914659,0.5755306482315063,1217.624434737358,,1.0,0.999633117280176,,,1.0,,1.0,1.0,,,LogReg,fleet,111250,11887,2.03,A_volume_matched,CTT_Traverse,FS-B,2,cross,111250,11887,0.6043956043956044,0.1,0.6208791208791209,0.5,0.7216117216117216,0.9,0.7234432234432234,0.9,0.793040293040293,1.0,0.5007623611413635,0.75,0.6083641908081028,1.0,0.7683148188484716,1.0,0.7715094750598998,1.0,0.8429536048791113,1.0,,,,,,,,,,
61532,11869,0.1928915036078788,0.991299478800537,0.981859077159681,49680,0.0319933958435058,False,0.8501137416800068,1.0,0.0,0.7716282010078431,0.0,,1.0,0.9995107632093934,,,0.84375,,1.0,1.0,,,True,0.866795854747662,0.9997084831406085,6.040714415158166e-05,0.7379692196846008,6.797206523790628,,1.0,0.9995107632093934,,,0.90625,,1.0,1.0,,,True,0.8932513269862667,0.9975536319156943,0.000523528582647,0.6842206120491028,58.90912320618545,,1.0,0.9995107632093934,,,0.9375,,1.0,1.0,,,True,0.8948521358159912,0.9972769953051644,0.0005839357267986,0.6793445944786072,65.70632972997608,,1.0,0.9995107632093934,,,0.9375,,1.0,1.0,,,True,0.9293959052995198,0.974125750618156,0.0058997644121378,0.5905333757400513,663.8605038235514,,1.0,0.9995107632093934,,,0.9375,,1.0,1.0,,,LogReg,fleet,111250,11887,1.88,A_volume_matched,CTT_Traverse,FS-B,2,in_f0,111250,11887,0.6777777777777778,0.5,0.7074074074074074,0.7,0.7333333333333333,0.8,0.737037037037037,0.8,0.8037037037037037,0.8,0.7544318512060447,1.0,0.7820401046207498,1.0,0.8266492298750363,1.0,0.8292647486195873,1.0,0.8862249346120313,1.0,,,,,,,,,,
123099,23756,0.1929828836952371,0.9995006888386858,0.9992596345037718,99363,0.0319933958435058,False,0.7369506650951339,1.0,0.0,0.8807483209979342,0.0,,0.9968253968253968,0.8553259141494436,,,0.65625,,1.0,1.0,,,True,0.93875231520458,1.0,0.0,0.6922387887735425,0.0,,1.0,0.9914394032041092,,,0.96875,,1.0,1.0,,,True,0.9975585115339284,0.9949200218313112,0.0012180022749463,0.2560456924733841,137.05354102625142,,1.0,0.9998777057600589,,,1.0,,1.0,1.0,,,True,0.9977268900488298,0.993711219184974,0.0015099201755533,0.2451252311366531,169.90108391684063,,1.0,0.9998777057600589,,,1.0,,1.0,1.0,,,True,0.9983583094797104,0.9596584931617708,0.0100359361001781,0.086017264711673,1129.2758711006006,,1.0,0.9998777057600589,,,1.0,,1.0,1.0,,,RandomForest,fleet,111250,11887,114.42,A_volume_matched,CTT_Traverse,FS-B,2,cross,111250,11887,0.6043956043956044,0.1,0.6813186813186813,0.9,0.8956043956043956,1.0,0.9029304029304028,1.0,0.9304029304029304,1.0,0.6481521818049808,0.875,0.9120743483627388,1.0,1.0,1.0,1.0,1.0,1.0,1.0,,,,,,,,,,
61532,11869,0.1928915036078788,0.9997658843573076,0.999610214669868,49680,0.0319933958435058,False,0.9978094194961664,0.996633846671716,0.0008054285886877,0.3055562524549569,90.62942031720836,,1.0,1.0,,,1.0,,1.0,1.0,,,True,0.9990732159406858,0.959307499393253,0.0101282645027485,0.158217522337256,1139.6649604888953,,1.0,1.0,,,1.0,,1.0,1.0,,,True,0.9990732159406858,0.9413352385488608,0.0148802931760062,0.1101764832542466,1674.3785403604247,,1.0,1.0,,,1.0,,1.0,1.0,,,True,0.9990732159406858,0.9405139593908628,0.0151017860378954,0.1057976646465926,1699.301630947657,,1.0,1.0,,,1.0,,1.0,1.0,,,True,0.9991574690369872,0.9081093498736504,0.0241628576606326,0.0628626752470909,2718.8826095162517,,1.0,1.0,,,1.0,,1.0,1.0,,,RandomForest,fleet,111250,11887,112.29,A_volume_matched,CTT_Traverse,FS-B,2,in_f0,111250,11887,0.9037037037037036,1.0,0.9592592592592591,1.0,0.9592592592592591,1.0,0.9592592592592591,1.0,0.9629629629629628,1.0,1.0,1.0,1.0,1.0,1.0,1.0,1.0,1.0,1.0,1.0,,,,,,,,,,
123099,23756,0.1929828836952371,0.9997289745403696,0.9995293997516256,99363,0.0319933958435058,False,0.8629398888701801,1.0,0.0,0.9915345638447068,0.0,,1.0,0.9984101748807632,,,0.8125,,1.0,1.0,,,True,0.945613739686816,1.0,0.0,0.9577049562405856,0.0,,1.0,0.9997554115201174,,,0.9375,,1.0,1.0,,,True,0.9974743222764776,0.9991566874683758,0.0002013226900737,0.2457723182474718,22.65347785557875,,1.0,0.9998777057600589,,,1.0,,1.0,1.0,,,True,0.9976427007913792,0.9988620558857,0.0002717856315996,0.2305969873178854,30.582195105031317,,1.0,0.9998777057600589,,,1.0,,1.0,1.0,,,True,0.9986950665095132,0.9576185671039354,0.0105694412288737,0.0114482151769353,1189.3075874178844,,1.0,0.9998777057600589,,,1.0,,1.0,1.0,,,HistGB,fleet,111250,11887,28.2,A_volume_matched,CTT_Traverse,FS-B,2,cross,111250,11887,0.6153846153846154,0.4,0.684981684981685,0.8,0.8937728937728938,1.0,0.9010989010989012,1.0,0.945054945054945,1.0,0.7797865388804182,1.0,0.91882668990053,1.0,0.999927394177013,1.0,0.999927394177013,1.0,1.0,1.0,,,,,,,,,,
61532,11869,0.1928915036078788,0.9999382899466812,0.9998372047077722,49680,0.0319933958435058,False,0.997640913303564,0.99949354266903,0.0001208142883031,0.3974572582584348,13.594413047581256,,1.0,1.0,,,1.0,,1.0,1.0,,,True,0.9983149380739742,0.99697097181321,0.0007248857298189,0.2021750002402674,81.56647828548755,,1.0,1.0,,,1.0,,1.0,1.0,,,True,0.9991574690369872,0.940667882922186,0.015061514608461,0.0298843282985617,1694.7701599317966,,1.0,1.0,,,1.0,,1.0,1.0,,,True,0.9991574690369872,0.9402204075160548,0.0151823288967641,0.0278440819123003,1708.364572979378,,1.0,1.0,,,1.0,,1.0,1.0,,,True,0.9996629876147948,0.9065556234718828,0.0246259790991281,0.0051176007488547,2770.9945261986463,,1.0,1.0,,,1.0,,1.0,1.0,,,HistGB,fleet,111250,11887,25.97,A_volume_matched,CTT_Traverse,FS-B,2,in_f0,111250,11887,0.8962962962962963,1.0,0.925925925925926,1.0,0.9629629629629628,1.0,0.9629629629629628,1.0,0.9851851851851852,1.0,1.0,1.0,1.0,1.0,1.0,1.0,1.0,1.0,1.0,1.0,,,,,,,,,,
123099,23756,0.1929828836952371,0.9996417759510764,0.9992832877927276,99363,0.0319933958435058,False,0.864160633103216,1.0,0.0,0.975971519947052,0.0,,1.0,0.9974318209612328,,,0.875,,1.0,1.0,,,True,0.9420356962451591,0.999821292945539,4.026453801475695e-05,0.8656522035598755,4.53069557111575,,1.0,0.9997554115201174,,,0.96875,,1.0,1.0,,,True,0.986066677891901,0.9965964688364178,0.0008052907602951,0.412127822637558,90.613911422315,,1.0,0.9998777057600589,,,1.0,,1.0,1.0,,,True,0.9872874221249368,0.996135060522404,0.0009160182398357,0.3881880939006805,103.07332424288332,,1.0,0.9998777057600589,,,1.0,,1.0,1.0,,,True,0.9987371611382388,0.9555761408030932,0.0111029463575692,0.0019168247235938,1249.339303735168,,1.0,0.9998777057600589,,,1.0,,1.0,1.0,,,XGBoost,fleet,111250,11887,14.88,A_volume_matched,CTT_Traverse,FS-B,2,cross,111250,11887,0.6208791208791209,0.6,0.673992673992674,0.9,0.7783882783882784,1.0,0.782051282051282,1.0,0.9468864468864469,1.0,0.7822551368619763,1.0,0.9130908298845568,1.0,0.9848253829957162,1.0,0.9867857402163652,1.0,1.0,1.0,,,,,,,,,,
61532,11869,0.1928915036078788,0.9998452184625548,0.999557452287665,49680,0.0319933958435058,False,0.997640913303564,0.9518488745980708,0.0120612931155991,0.0680827498435974,1357.1755692501956,,1.0,1.0,,,1.0,,1.0,1.0,,,True,0.9989047097480832,0.9437987581595288,0.0142158145903388,0.0162725821137428,1599.6092685987278,,1.0,1.0,,,1.0,,1.0,1.0,,,True,0.9991574690369872,0.9394011406844106,0.0154038217586533,0.0040829731151461,1733.2876635666105,,1.0,1.0,,,1.0,,1.0,1.0,,,True,0.9991574690369872,0.9388062064597846,0.0155649074763908,0.0038709258660674,1751.413547630052,,1.0,1.0,,,1.0,,1.0,1.0,,,True,0.9993259752295895,0.9012233112985336,0.026176429132352,0.0010494246380403,2945.456160309272,,1.0,1.0,,,1.0,,1.0,1.0,,,XGBoost,fleet,111250,11887,14.38,A_volume_matched,CTT_Traverse,FS-B,2,in_f0,111250,11887,0.9,1.0,0.9518518518518518,1.0,0.9629629629629628,1.0,0.9629629629629628,1.0,0.9703703703703704,1.0,0.9998546934030804,1.0,1.0,1.0,1.0,1.0,1.0,1.0,1.0,1.0,,,,,,,,,,
123099,23756,0.1929828836952371,0.9996276619220236,0.9994136577767422,99363,0.0319933958435058,False,0.8618033338945951,1.0,0.0,0.9815754839590738,0.0,,1.0,0.9984101748807632,,,0.90625,,1.0,1.0,,,True,0.9649772689004884,1.0,0.0,0.6879190398487164,0.0,,1.0,0.9998777057600589,,,0.96875,,1.0,1.0,,,True,0.9974743222764776,0.9981045448801652,0.000452976052666,0.0190884719696226,50.97032517505218,,1.0,0.9998777057600589,,,1.0,,1.0,1.0,,,True,0.9974743222764776,0.9981045448801652,0.000452976052666,0.0185075956124899,50.97032517505218,,1.0,0.9998777057600589,,,1.0,,1.0,1.0,,,True,0.998652971880788,0.953997104712884,0.0115156578722204,0.0008899904442423,1295.7789333391045,,1.0,0.9998777057600589,,,1.0,,1.0,1.0,,,LightGBM,fleet,111250,11887,26.85,A_volume_matched,CTT_Traverse,FS-B,2,cross,111250,11887,0.6190476190476191,0.7,0.7142857142857143,0.9,0.8937728937728938,1.0,0.8937728937728938,1.0,0.9432234432234432,1.0,0.7776809700137951,1.0,0.9509910694837724,1.0,0.999927394177013,1.0,0.999927394177013,1.0,1.0,1.0,,,,,,,,,,
61532,11869,0.1928915036078788,0.9998789719531616,0.99976259610978,49680,0.0319933958435058,False,0.997640913303564,0.99940918298447,0.0001409500030203,0.0357351107090805,15.860148555511463,,1.0,1.0,,,1.0,,1.0,1.0,,,True,0.9983149380739742,0.991050518568083,0.0021545214747397,0.0123469991481576,242.4336993485324,,1.0,1.0,,,1.0,,1.0,1.0,,,True,0.9990732159406858,0.9400665926748056,0.0152226003261985,0.0018468632372015,1712.8960439952382,,1.0,1.0,,,1.0,,1.0,1.0,,,True,0.9990732159406858,0.9393219264892269,0.0154239574733705,0.001792603054481,1735.5533990745405,,1.0,1.0,,,1.0,,1.0,1.0,,,True,0.9994944814221922,0.8950505507771239,0.0280087791716166,0.00049603362806,3151.638091530921,,1.0,1.0,,,1.0,,1.0,1.0,,,LightGBM,fleet,111250,11887,28.45,A_volume_matched,CTT_Traverse,FS-B,2,in_f0,111250,11887,0.8962962962962963,1.0,0.925925925925926,1.0,0.9592592592592591,1.0,0.9592592592592591,1.0,0.9777777777777776,1.0,1.0,1.0,1.0,1.0,1.0,1.0,1.0,1.0,1.0,1.0,,,,,,,,,,
123099,23756,0.1929828836952371,0.92941213709244,0.855591695436387,99363,0.0319933958435058,False,0.0,0.0,0.0,506995.28139728185,0.0,,0.0,0.0,,,0.0,,0.0,0.0,,,True,0.6021215692877588,0.9996505695715984,5.033067251844619e-05,3192.06431990715,5.663369463894687,,0.0,0.999633117280176,,,0.4375,,0.0,1.0,,,True,0.6021215692877588,0.994161801501251,0.0008455552983098,2483.1151550602217,95.14460699343074,,0.0,0.999633117280176,,,0.4375,,0.0,1.0,,,True,0.6021215692877588,0.9933333333333332,0.0009663489123541,2413.567459028427,108.736693706778,,0.0,0.999633117280176,,,0.4375,,0.0,1.0,,,True,0.7013386091934669,0.9388594612870506,0.0109217559365028,4.941598140935503,1228.9511736651473,,1.0,0.999633117280176,,,0.65625,,1.0,1.0,,,Rule:Combined,fleet,111250,11887,0.46,A_volume_matched,CTT_Traverse,FS-B,2,cross,111250,11887,0.0,0.0,0.0,0.0,0.0,0.0,0.0,0.0,0.6062271062271062,0.2,0.0,0.0,0.4450736949103318,0.625,0.4450736949103318,0.625,0.4450736949103318,0.625,0.5006897553183766,0.8125,,,,,,,,,,
61532,11869,0.1928915036078788,0.9257930552352548,0.8472898207504056,49680,0.0319933958435058,False,0.6908753896705704,0.9193855813432,0.0144775788816624,9.906684114578216,1629.0638302018206,,0.9984101748807632,0.9995107632093934,,,0.59375,,1.0,1.0,,,True,0.6908753896705704,0.9193855813432,0.0144775788816624,9.439527842867069,1629.0638302018206,,0.9984101748807632,0.9995107632093934,,,0.59375,,1.0,1.0,,,True,0.6972786249894684,0.9167035888347363,0.0151420574673298,6.72523238514261,1703.8331019635173,,1.0,0.9995107632093934,,,0.625,,1.0,1.0,,,True,0.6972786249894684,0.9161961696003542,0.0152427360409157,6.655227264057264,1715.1617795031686,,1.0,0.9995107632093934,,,0.625,,1.0,1.0,,,True,0.7041873788861741,0.8786795626576955,0.0232366147836417,3.891233002447255,2614.6587761514616,,1.0,0.9995107632093934,,,0.65625,,1.0,1.0,,,Rule:Combined,fleet,111250,11887,0.27,A_volume_matched,CTT_Traverse,FS-B,2,in_f0,111250,11887,0.3703703703703703,0.1,0.3703703703703703,0.1,0.6074074074074074,0.1,0.6074074074074074,0.1,0.6111111111111112,0.2,0.4920081371694275,0.75,0.4920081371694275,0.75,0.493606509735542,0.8125,0.493606509735542,0.8125,0.5053763440860215,0.8125,,,,,,,,,,
123099,23756,0.1929828836952371,0.4902283020491946,0.1880650327340128,99363,0.0319933958435058,False,0.0,0.0,0.0,506995.28139728185,0.0,,0.0,0.0,,,0.0,,0.0,0.0,,,True,0.0,0.0,6.039680702213543e-05,3168.906415922298,6.796043356673625,,0.0,0.0,,,0.0,,0.0,0.0,,,True,0.0,0.0,0.0008656875673172,2476.255647354896,97.40995477898863,,0.0,0.0,,,0.0,,0.0,0.0,,,True,0.0,0.0,0.0009764150468578,2407.5213322682707,109.86936759955694,,0.0,0.0,,,0.0,,0.0,0.0,,,True,0.007198181512039,0.1328671328671328,0.0112338061061171,4.817969113959755,1264.0640643412942,,0.0079365079365079,0.0110064815947168,,,0.46875,,1.0,0.75,,,Rule:Staleness,fleet,111250,11887,0.29,A_volume_matched,CTT_Traverse,FS-B,2,cross,111250,11887,0.0,0.0,0.0,0.0,0.0,0.0,0.0,0.0,0.0054945054945054,0.2,0.0,0.0,0.0,0.0,0.0,0.0,0.0,0.0,0.0049371959631162,0.5,,,,,,,,,,
61532,11869,0.1928915036078788,0.4824803317930125,0.1824448154213744,49680,0.0319933958435058,False,8.425309630128907e-05,0.0013888888888888,0.0144775788816624,9.906684114578216,1629.0638302018206,,0.0,0.0,,,0.03125,,0.0,0.0,,,True,8.425309630128907e-05,0.0013888888888888,0.0144775788816624,9.439527842867069,1629.0638302018206,,0.0,0.0,,,0.03125,,0.0,0.0,,,True,0.0005055185778077,0.0079155672823219,0.0151420574673298,6.72523238514261,1703.8331019635173,,0.0015898251192368,0.0002446183953033,,,0.15625,,0.5,0.25,,,True,0.0005055185778077,0.0078636959370904,0.0152427360409157,6.655227264057264,1715.1617795031686,,0.0015898251192368,0.0002446183953033,,,0.15625,,0.5,0.25,,,True,0.0094363467857443,0.0884676145339652,0.0232366147836417,3.88744363049115,2614.6587761514616,,0.0206677265500794,0.010518590998043,,,0.53125,,1.0,0.75,,,Rule:Staleness,fleet,111250,11887,0.17,A_volume_matched,CTT_Traverse,FS-B,2,in_f0,111250,11887,0.0,0.0,0.0,0.0,0.0,0.0,0.0,0.0,0.0111111111111111,0.2,0.0001453065969195,0.0625,0.0001453065969195,0.0625,0.000581226387678,0.1875,0.000581226387678,0.1875,0.0077012496367335,0.625,,,,,,,,,,
226048,23767,0.1051413859003397,0.4937899567961584,0.1099781280037581,202303,0.0284295027739951,True,0.0,0.0,0.0,1.0000000000000002,0.0,,,0.0,,,0.0,,,0.0,,,True,0.0010939538014894,0.4814814814814814,0.0001384213050162,1.0,17.52815383441946,,,0.0,,,0.2413793103448276,,,0.0,,,True,0.0010939538014894,0.4814814814814814,0.0001384213050162,1.0,17.52815383441946,,,0.0,,,0.2413793103448276,,,0.0,,,True,0.0010939538014894,0.4814814814814814,0.0001384213050162,1.0,17.52815383441946,,,0.0,,,0.2413793103448276,,,0.0,,,True,0.0154836538056969,0.2107674684994272,0.0068123056540159,0.9999998807907104,862.6355708510719,,,0.0,,,0.4827586206896552,,,0.0,,,LogReg,fleet,150000,11890,4.25,A_volume_matched,ROAD_ORNL,FS-A,0,cross,150000,11890,0.0,0.0,0.0019995001249687,0.3846153846153846,0.0019995001249687,0.3846153846153846,0.0019995001249687,0.3846153846153846,0.0244105640256602,0.5384615384615384,,,,,,,,,,,0.0,0.0,0.0001735659116549,0.1538461538461538,0.0001735659116549,0.1538461538461538,0.0001735659116549,0.1538461538461538,0.0065087216870606,0.5384615384615384
113006,11877,0.1051006141266835,0.4997359557168566,0.108686549777861,101152,0.0284295027739951,False,0.0,0.0,0.0,1.0000000000000002,0.0,,,0.0,,,0.0,,,0.0,,,True,0.0,0.0,0.0,1.0000000000000002,0.0,,,0.0,,,0.0,,,0.0,,,True,0.0005051780752715,0.6666666666666666,2.966508123288077e-05,1.0,3.756460086106644,,,0.0,,,0.1034482758620689,,,0.0,,,True,0.0005051780752715,0.6666666666666666,2.966508123288077e-05,1.0,3.756460086106644,,,0.0,,,0.1034482758620689,,,0.0,,,True,0.010440346888945,0.2046204620462046,0.0047661897180828,0.9999998807907104,603.5379205011342,,,0.0,,,0.4482758620689655,,,0.0,,,LogReg,fleet,150000,11890,3.84,A_volume_matched,ROAD_ORNL,FS-A,0,in_f0,150000,11890,0.0,0.0,0.0,0.0,0.0010003334444814,0.2307692307692307,0.0010003334444814,0.2307692307692307,0.0168389463154384,0.5384615384615384,,,,,,,,,,,0.0,0.0,0.0,0.0,0.0,0.0,0.0,0.0,0.0039937489147421,0.4615384615384615
226048,23767,0.1051413859003397,0.5404495635635904,0.1212622725567012,202303,0.0284295027739951,True,0.0,0.0,0.0,0.950157785710709,0.0,,,0.0,,,0.0,,,0.0,,,True,8.415029242226617e-05,0.1,8.898512465332879e-05,0.9306009588124684,11.268098893555369,,,0.0,,,0.0689655172413793,,,0.0,,,True,0.0007152774855892,0.0748898678414096,0.0010381597876221,0.9147317054580086,131.46115375814594,,,0.0124481327800829,,,0.3793103448275862,,,0.3333333333333333,,,True,0.000967728362856,0.0809859154929577,0.0012902843074732,0.9126949213552148,163.3874339565528,,,0.0124481327800829,,,0.4137931034482758,,,0.3333333333333333,,,True,0.011065763453528,0.1082304526748971,0.0107128202846535,0.8869299032016074,1356.5539056852488,,,0.0373443983402489,,,0.7931034482758621,,,0.6666666666666666,,,RandomForest,fleet,150000,11890,189.05,A_volume_matched,ROAD_ORNL,FS-A,0,cross,150000,11890,0.0,0.0,8.331250520703157e-05,0.0769230769230769,0.0009164375572773,0.5384615384615384,0.0012496875781054,0.5384615384615384,0.0147463134216445,0.8461538461538461,,,,,,,,,,,0.0,0.0,8.678295582747549e-05,0.0769230769230769,0.0002603488674824,0.2307692307692307,0.0004339147791373,0.3076923076923077,0.0066822875987156,0.7692307692307693
113006,11877,0.1051006141266835,0.5487775605815828,0.1235665860053527,101152,0.0284295027739951,False,8.419634587858886e-05,1.0,0.0,0.9410954043840086,0.0,,,0.0,,,0.0344827586206896,,,0.0,,,True,8.419634587858886e-05,0.1428571428571428,5.933016246576155e-05,0.9317938640977308,7.512920172213288,,,0.0,,,0.0344827586206896,,,0.0,,,True,0.0005893744211501,0.1111111111111111,0.0005537481830137,0.918270161777307,70.12058827399069,,,0.0083333333333333,,,0.1724137931034483,,,0.3333333333333333,,,True,0.0005893744211501,0.0985915492957746,0.0006328550663014,0.9168873065865218,80.13781517027509,,,0.0083333333333333,,,0.1724137931034483,,,0.3333333333333333,,,True,0.0084196345878588,0.1089324618736383,0.0080886788161654,0.8895742732186585,1024.2614501450785,,,0.0333333333333333,,,0.6551724137931034,,,0.6666666666666666,,,RandomForest,fleet,150000,11890,186.46,A_volume_matched,ROAD_ORNL,FS-A,0,in_f0,150000,11890,0.0,0.0,0.0,0.0,0.0006668889629876,0.1538461538461538,0.0006668889629876,0.1538461538461538,0.0103367789263087,0.6923076923076923,,,,,,,,,,,0.0001736412571627,0.0769230769230769,0.0001736412571627,0.0769230769230769,0.0003472825143254,0.1538461538461538,0.0003472825143254,0.1538461538461538,0.0059038027435318,0.6153846153846154
226048,23767,0.1051413859003397,0.5044728519362226,0.1095892650112646,202303,0.0284295027739951,True,0.0,0.0,4.943618036296043e-06,0.999980874930374,0.6260054940864092,,,0.0,,,0.0,,,0.0,,,True,4.2075146211133085e-05,0.0666666666666666,6.921065250814461e-05,0.9999748953830808,8.76407691720973,,,0.0,,,0.0344827586206896,,,0.0,,,True,0.0011781040939117,0.1308411214953271,0.000919512954751,0.9999645107698032,116.43702190007212,,,0.0,,,0.3103448275862069,,,0.0,,,True,0.0017671561408675,0.1453287197231834,0.0012210736549651,0.9999628014696624,154.6233570393431,,,0.0,,,0.3793103448275862,,,0.0,,,True,0.0128749947406067,0.1065088757396449,0.0126902674991719,0.9999410674536257,1606.9561033198122,,,0.0041493775933609,,,0.7586206896551724,,,0.3333333333333333,,,HistGB,fleet,150000,11890,74.62,A_volume_matched,ROAD_ORNL,FS-A,0,cross,150000,11890,0.0,0.0,8.331250520703157e-05,0.0769230769230769,0.0014996250937265,0.3846153846153846,0.0023327501457968,0.4615384615384615,0.0167458135466133,0.7692307692307693,,,,,,,,,,,0.0,0.0,0.0,0.0,0.0008678295582747,0.3076923076923077,0.0012149613815846,0.3846153846153846,0.0090254274060574,0.8461538461538461
113006,11877,0.1051006141266835,0.5031595830018553,0.1078098976791733,101152,0.0284295027739951,False,0.0,0.0,9.88836041096026e-06,0.9999801608458382,1.2521533620355485,,,0.0,,,0.0,,,0.0,,,True,0.0,0.0,4.9441802054801294e-05,0.9999758834765616,6.26076681017774,,,0.0,,,0.0,,,0.0,,,True,0.0007577671129072,0.1451612903225806,0.0005240831017808,0.999966509378584,66.36412818788405,,,0.0,,,0.1034482758620689,,,0.0,,,True,0.0009261598046644,0.1309523809523809,0.00072185031,0.999964894057604,91.407195428595,,,0.0,,,0.1034482758620689,,,0.0,,,True,0.0086722236254946,0.0989433237271854,0.0092752820654807,0.99994457985277,1174.5198535893442,,,0.0,,,0.4482758620689655,,,0.0,,,HistGB,fleet,150000,11890,66.76,A_volume_matched,ROAD_ORNL,FS-A,0,in_f0,150000,11890,0.0,0.0,0.0,0.0,0.0008336112037345,0.0769230769230769,0.0011670556852284,0.0769230769230769,0.011837279093031,0.6153846153846154,,,,,,,,,,,0.0,0.0,0.0,0.0,0.0006945650286508,0.1538461538461538,0.0006945650286508,0.1538461538461538,0.0055565202292064,0.3846153846153846
226048,23767,0.1051413859003397,0.4080690485104895,0.0852301694322861,202303,0.0284295027739951,True,0.0,0.0,0.0,0.9999969005584718,0.0,,,0.0,,,0.0,,,0.0,,,True,0.0,0.0,0.0001433649230525,0.9999929666519164,18.154159328505862,,,0.0,,,0.0,,,0.0,,,True,0.0004628266083224,0.0299727520435967,0.0017599280209213,0.9999860525131226,222.8579558947617,,,0.0,,,0.2068965517241379,,,0.0,,,True,0.0006311271931669,0.0314465408805031,0.0022839515327687,0.9999850988388062,289.21453826792106,,,0.0,,,0.2068965517241379,,,0.0,,,True,0.0069003239786258,0.0469510449470369,0.0164573044428295,0.9999725818634032,2083.9722898136565,,,0.0,,,0.6551724137931034,,,0.0,,,XGBoost,fleet,150000,11890,21.27,A_volume_matched,ROAD_ORNL,FS-A,0,cross,150000,11890,0.0,0.0,0.0,0.0,0.0006665000416562,0.2307692307692307,0.0009164375572773,0.2307692307692307,0.007998000499875,0.6923076923076923,,,,,,,,,,,0.0,0.0,0.0,0.0,0.0002603488674824,0.2307692307692307,0.0003471318233099,0.2307692307692307,0.0059012409962683,0.7692307692307693
113006,11877,0.1051006141266835,0.4115104155985133,0.0855278927189334,101152,0.0284295027739951,False,0.0,0.0,0.0,0.9999955892562868,0.0,,,0.0,,,0.0,,,0.0,,,True,0.0,0.0,1.977672082192052e-05,0.9999948740005492,2.504306724071097,,,0.0,,,0.0,,,0.0,,,True,8.419634587858886e-05,0.024390243902439,0.0003955344164384,0.9999897480010986,50.08613448142192,,,0.0,,,0.0344827586206896,,,0.0,,,True,8.419634587858886e-05,0.0172413793103448,0.0005636365434247,0.9999890327453612,71.37274163602625,,,0.0,,,0.0344827586206896,,,0.0,,,True,0.0023574976846004,0.0374331550802139,0.0071196194958913,0.9999778270721436,901.5504206655946,,,0.0,,,0.4482758620689655,,,0.0,,,XGBoost,fleet,150000,11890,20.42,A_volume_matched,ROAD_ORNL,FS-A,0,in_f0,150000,11890,0.0,0.0,0.0,0.0,0.0001667222407469,0.0769230769230769,0.0001667222407469,0.0769230769230769,0.0035011670556852,0.5384615384615384,,,,,,,,,,,0.0,0.0,0.0,0.0,0.0,0.0,0.0,0.0,0.0012154888001389,0.4615384615384615
226048,23767,0.1051413859003397,0.4898412053330603,0.1081042174093835,202303,0.0284295027739951,True,8.415029242226617e-05,0.25,2.9661708217776263e-05,0.9999742862837766,3.756032964518456,,,0.0,,,0.0689655172413793,,,0.0,,,True,0.0001683005848445,0.1379310344827586,0.0001235904509074,0.9999696997214432,15.650137352160232,,,0.0,,,0.1034482758620689,,,0.0,,,True,0.000967728362856,0.0978723404255319,0.0010480470236947,0.9999578699608204,132.71316474631877,,,0.0,,,0.3448275862068966,,,0.0,,,True,0.0013884798249673,0.1071428571428571,0.0013594949599814,0.99995605716165,172.15151087376253,,,0.0,,,0.4137931034482758,,,0.0,,,True,0.0153153532208524,0.1157024793388429,0.0137531453769755,0.999922010803721,1741.5472845483905,,,0.0,,,0.7586206896551724,,,0.0,,,LightGBM,fleet,150000,11890,52.78,A_volume_matched,ROAD_ORNL,FS-A,0,cross,150000,11890,0.000166625010414,0.1538461538461538,0.000249937515621,0.1538461538461538,0.0014996250937265,0.5384615384615384,0.0019161876197617,0.5384615384615384,0.0194118137132383,0.9230769230769232,,,,,,,,,,,0.0,0.0,8.678295582747549e-05,0.0769230769230769,0.0004339147791373,0.2307692307692307,0.0008678295582747,0.3846153846153846,0.0113685672133992,0.7692307692307693
113006,11877,0.1051006141266835,0.503503432273044,0.1123696342018782,101152,0.0284295027739951,False,0.0,0.0,0.0,0.999979729190525,0.0,,,0.0,,,0.0,,,0.0,,,True,8.419634587858886e-05,0.25,2.966508123288077e-05,0.999972779184119,3.756460086106644,,,0.0,,,0.0344827586206896,,,0.0,,,True,0.001010356150543,0.1395348837209302,0.000731738670411,0.999960069015172,92.65934879063056,,,0.0,,,0.2068965517241379,,,0.0,,,True,0.0011787488423002,0.1414141414141414,0.0008405106349316,0.9999588818993326,106.4330357730216,,,0.0,,,0.2068965517241379,,,0.0,,,True,0.0093457943925233,0.1082926829268292,0.0090379614156176,0.999930778710506,1144.4681729004908,,,0.0,,,0.6896551724137931,,,0.0,,,LightGBM,fleet,150000,11890,52.62,A_volume_matched,ROAD_ORNL,FS-A,0,in_f0,150000,11890,0.0,0.0,0.0001667222407469,0.0769230769230769,0.0015005001667222,0.3076923076923077,0.001833944648216,0.3076923076923077,0.0106702234078026,0.9230769230769232,,,,,,,,,,,0.0,0.0,0.0,0.0,0.0005209237714881,0.1538461538461538,0.0005209237714881,0.1538461538461538,0.0081611390866469,0.6153846153846154
226048,23767,0.1051413859003397,0.4958019536960076,0.1098381794320573,202303,0.0284295027739951,True,0.0,0.0,0.0,1.0000000000000002,0.0,,,0.0,,,0.0,,,0.0,,,True,0.0,0.0,0.0,1.0000000000000002,0.0,,,0.0,,,0.0,,,0.0,,,True,0.0,0.0,0.0,1.0000000000000002,0.0,,,0.0,,,0.0,,,0.0,,,True,0.0058063701771363,0.2833675564681724,0.0017253226946673,1.0,218.47591743615683,,,0.0,,,0.3793103448275862,,,0.0,,,True,0.0058063701771363,0.2833675564681724,0.0017253226946673,1.0,218.47591743615683,,,0.0,,,0.3793103448275862,,,0.0,,,LogReg,fleet,150000,11890,5.36,A_volume_matched,ROAD_ORNL,FS-A,1,cross,150000,11890,0.0,0.0,0.0,0.0,0.0,0.0,0.0100808131300508,0.4615384615384615,0.0100808131300508,0.4615384615384615,,,,,,,,,,,0.0,0.0,0.0,0.0,0.0,0.0,0.001475310249067,0.3846153846153846,0.001475310249067,0.3846153846153846
113006,11877,0.1051006141266835,0.5029186590158081,0.108901636989757,101152,0.0284295027739951,False,0.0,0.0,0.0,1.0000000000000002,0.0,,,0.0,,,0.0,,,0.0,,,True,0.0,0.0,0.0,1.0000000000000002,0.0,,,0.0,,,0.0,,,0.0,,,True,0.0,0.0,0.0,1.0000000000000002,0.0,,,0.0,,,0.0,,,0.0,,,True,0.0,0.0,0.0,1.0000000000000002,0.0,,,0.0,,,0.0,,,0.0,,,True,0.0029468721057506,0.25,0.0010382778431508,1.0,131.47610301373254,,,0.0,,,0.2758620689655172,,,0.0,,,LogReg,fleet,150000,11890,5.03,A_volume_matched,ROAD_ORNL,FS-A,1,in_f0,150000,11890,0.0,0.0,0.0,0.0,0.0,0.0,0.0,0.0,0.0051683894631543,0.4615384615384615,,,,,,,,,,,0.0,0.0,0.0,0.0,0.0,0.0,0.0,0.0,0.0006945650286508,0.1538461538461538
226048,23767,0.1051413859003397,0.5180348127086074,0.1110838419441258,202303,0.0284295027739951,True,0.0,0.0,2.4718090181480216e-05,0.9629346177885956,3.130027470432046,,,0.0,,,0.0,,,0.0,,,True,0.0,0.0,7.909788858073669e-05,0.9578249434652722,10.016087905382546,,,0.0,,,0.0,,,0.0,,,True,0.0002103757310556,0.024390243902439,0.0009887236072592,0.94256263625576,125.20109881728186,,,0.0,,,0.1034482758620689,,,0.0,,,True,0.0002524508772667,0.024,0.0012062428008562,0.9403212285337276,152.74534055708384,,,0.0,,,0.1379310344827586,,,0.0,,,True,0.0069003239786258,0.0747152619589977,0.0100404882317172,0.9132295777111006,1271.417158489497,,,0.0041493775933609,,,0.6206896551724138,,,0.3333333333333333,,,RandomForest,fleet,150000,11890,165.21,A_volume_matched,ROAD_ORNL,FS-A,1,cross,150000,11890,0.0,0.0,0.0,0.0,0.0004165625260351,0.2307692307692307,0.0004165625260351,0.2307692307692307,0.0089977505623594,0.6923076923076923,,,,,,,,,,,0.0,0.0,0.0,0.0,0.0,0.0,8.678295582747549e-05,0.0769230769230769,0.0047730625705111,0.6153846153846154
113006,11877,0.1051006141266835,0.5154917051155251,0.1115405561938385,101152,0.0284295027739951,False,0.0,0.0,1.977672082192052e-05,0.9672978080411556,2.504306724071097,,,0.0,,,0.0,,,0.0,,,True,0.0,0.0,2.966508123288077e-05,0.9615119138708106,3.756460086106644,,,0.0,,,0.0,,,0.0,,,True,8.419634587858886e-05,0.03125,0.0003065391727397,0.9474361409510224,38.81675422310199,,,0.0,,,0.0344827586206896,,,0.0,,,True,8.419634587858886e-05,0.025,0.0003856460560274,0.9452355210378696,48.83398111938638,,,0.0,,,0.0344827586206896,,,0.0,,,True,0.0056411551738654,0.0989660265878877,0.0060318998506857,0.9170066725355271,763.8135508416843,,,0.0,,,0.4827586206896552,,,0.0,,,RandomForest,fleet,150000,11890,165.21,A_volume_matched,ROAD_ORNL,FS-A,1,in_f0,150000,11890,0.0,0.0,0.0,0.0,0.0001667222407469,0.0769230769230769,0.0001667222407469,0.0769230769230769,0.0066688896298766,0.5384615384615384,,,,,,,,,,,0.0,0.0,0.0,0.0,0.0,0.0,0.0,0.0,0.0046883139433929,0.5384615384615384
226048,23767,0.1051413859003397,0.5778556534866105,0.1399704653199682,202303,0.0284295027739951,True,8.415029242226617e-05,0.5,9.887236072592088e-06,0.9999574847107238,1.2520109881728183,,,0.0,,,0.0344827586206896,,,0.0,,,True,0.0002945260234779,0.3333333333333333,6.921065250814461e-05,0.999940478425936,8.76407691720973,,,0.0,,,0.1034482758620689,,,0.0,,,True,0.0027348845037236,0.2434456928838951,0.0009986108433318,0.9999099311516496,126.45310980545467,,,0.0,,,0.3793103448275862,,,0.0,,,True,0.003492237135524,0.2441176470588235,0.001270509835328,0.9999054764564644,160.88341198020717,,,0.0,,,0.4137931034482758,,,0.0,,,True,0.0235620818782345,0.1804123711340206,0.0125765642843371,0.9998365986111823,1592.557976955825,,,0.0124481327800829,,,0.8275862068965517,,,0.6666666666666666,,,HistGB,fleet,150000,11890,73.4,A_volume_matched,ROAD_ORNL,FS-A,1,cross,150000,11890,0.000166625010414,0.0769230769230769,0.0004998750312421,0.1538461538461538,0.0043322502707656,0.5384615384615384,0.0055819378488711,0.6153846153846154,0.034408064650504,0.9230769230769232,,,,,,,,,,,0.0,0.0,8.678295582747549e-05,0.0769230769230769,0.0011281784257571,0.3076923076923077,0.0013885272932396,0.3076923076923077,0.0124967456391564,0.7692307692307693
113006,11877,0.1051006141266835,0.5869371463683641,0.1409835061093066,101152,0.0284295027739951,False,0.0,0.0,9.88836041096026e-06,0.9999576251669118,1.2521533620355485,,,0.0,,,0.0,,,0.0,,,True,8.419634587858886e-05,0.2,3.955344164384104e-05,0.9999428265771678,5.008613448142193,,,0.0,,,0.0344827586206896,,,0.0,,,True,0.0005893744211501,0.1129032258064516,0.0005438598226028,0.99991708460247,68.86843491195515,,,0.0,,,0.1379310344827586,,,0.0,,,True,0.0009261598046644,0.1358024691358024,0.0006921852287672,0.999912346488356,87.65073534248837,,,0.0,,,0.1724137931034483,,,0.0,,,True,0.0138923970699671,0.170630816959669,0.0079304650495901,0.9998524122766914,1004.2269963525096,,,0.0083333333333333,,,0.5517241379310345,,,0.3333333333333333,,,HistGB,fleet,150000,11890,68.26,A_volume_matched,ROAD_ORNL,FS-A,1,in_f0,150000,11890,0.0,0.0,0.0001667222407469,0.0769230769230769,0.0008336112037345,0.2307692307692307,0.0013337779259753,0.2307692307692307,0.019673224408136,0.6923076923076923,,,,,,,,,,,0.0,0.0,0.0,0.0,0.0003472825143254,0.0769230769230769,0.0005209237714881,0.1538461538461538,0.0079874978294842,0.4615384615384615
226048,23767,0.1051413859003397,0.4911875710111694,0.1117953375748921,202303,0.0284295027739951,True,0.0,0.0,0.0,0.9999953508377076,0.0,,,0.0,,,0.0,,,0.0,,,True,4.2075146211133085e-05,0.0526315789473684,8.898512465332879e-05,0.9999895095825196,11.268098893555369,,,0.0,,,0.0344827586206896,,,0.0,,,True,0.0017671561408675,0.1381578947368421,0.0012952279255095,0.9999815225601196,164.0134394506392,,,0.0,,,0.3448275862068966,,,0.0,,,True,0.0023982833340345,0.141089108910891,0.0017154354585947,0.999980330467224,217.223906447984,,,0.0,,,0.4482758620689655,,,0.0,,,True,0.0196911684268102,0.1294964028776978,0.0155526223421873,0.9999604225158693,1969.4132843958437,,,0.0041493775933609,,,0.8275862068965517,,,0.3333333333333333,,,XGBoost,fleet,150000,11890,23.47,A_volume_matched,ROAD_ORNL,FS-A,1,cross,150000,11890,0.0,0.0,8.331250520703157e-05,0.0769230769230769,0.0030825626926601,0.5384615384615384,0.0042489377655586,0.6923076923076923,0.0285761892860118,1.0,,,,,,,,,,,0.0,0.0,0.0,0.0,0.0004339147791373,0.2307692307692307,0.0005206977349648,0.3076923076923077,0.0107610865226069,0.7692307692307693
113006,11877,0.1051006141266835,0.4989054350151211,0.1139736100927033,101152,0.0284295027739951,False,0.0,0.0,0.0,0.9999942779541016,0.0,,,0.0,,,0.0,,,0.0,,,True,0.0,0.0,2.966508123288077e-05,0.9999905824661256,3.756460086106644,,,0.0,,,0.0,,,0.0,,,True,0.0007577671129072,0.1046511627906976,0.0007614037516439,0.9999839067459106,96.4158088767372,,,0.0,,,0.1379310344827586,,,0.0,,,True,0.0011787488423002,0.1320754716981132,0.0009097291578083,0.9999830722808838,115.19810930727044,,,0.0,,,0.1379310344827586,,,0.0,,,True,0.0111981140018523,0.1215722120658135,0.0095027143549328,0.9999667406082152,1203.3193809161614,,,0.0,,,0.5172413793103449,,,0.0,,,XGBoost,fleet,150000,11890,20.74,A_volume_matched,ROAD_ORNL,FS-A,1,in_f0,150000,11890,0.0,0.0,0.0,0.0,0.0013337779259753,0.2307692307692307,0.0020006668889629,0.2307692307692307,0.0161720573524508,0.6923076923076923,,,,,,,,,,,0.0,0.0,0.0,0.0,0.0001736412571627,0.0769230769230769,0.0003472825143254,0.0769230769230769,0.0062510852578572,0.4615384615384615
226048,23767,0.1051413859003397,0.4982126295636886,0.1118920930683062,202303,0.0284295027739951,True,8.415029242226617e-05,0.4,1.4830854108888132e-05,0.999931294047116,1.878016482259228,,,0.0,,,0.0344827586206896,,,0.0,,,True,0.0002945260234779,0.2121212121212121,0.0001285340689436,0.9999157952398996,16.27614284624664,,,0.0,,,0.1034482758620689,,,0.0,,,True,0.0023562081878234,0.175,0.0013051151615821,0.9998865020045424,165.26545043881202,,,0.0,,,0.3103448275862069,,,0.0,,,True,0.0029452602347793,0.1758793969849246,0.0016215067159051,0.9998816167352932,205.32980206034225,,,0.0041493775933609,,,0.4827586206896552,,,0.3333333333333333,,,True,0.018344763748054,0.1230595540502399,0.0153598212387718,0.9998183999547618,1944.9990701264733,,,0.0041493775933609,,,0.7586206896551724,,,0.3333333333333333,,,LightGBM,fleet,150000,11890,57.2,A_volume_matched,ROAD_ORNL,FS-A,1,cross,150000,11890,0.000166625010414,0.0769230769230769,0.0004998750312421,0.1538461538461538,0.0037490627343164,0.3846153846153846,0.0044988752811797,0.5384615384615384,0.0255769390985586,0.7692307692307693,,,,,,,,,,,0.0,0.0,8.678295582747549e-05,0.0769230769230769,0.0009546125141022,0.3076923076923077,0.0013017443374121,0.4615384615384615,0.0111082183459168,0.8461538461538461
113006,11877,0.1051006141266835,0.5140697002759365,0.1193205866062656,101152,0.0284295027739951,False,0.0001683926917571,0.2857142857142857,4.9441802054801294e-05,0.9999291971453854,6.26076681017774,,,0.0,,,0.0344827586206896,,,0.0,,,True,0.0004209817293929,0.3125,0.0001087719645205,0.9999191824679204,13.773686982391029,,,0.0,,,0.0689655172413793,,,0.0,,,True,0.0017681232634503,0.2560975609756097,0.0006031899850685,0.99989566234913,76.38135508416845,,,0.0,,,0.1724137931034483,,,0.0,,,True,0.0021891049928433,0.2407407407407407,0.0008108455536987,0.9998922009685848,102.67657568691494,,,0.0,,,0.1724137931034483,,,0.0,,,True,0.0124610591900311,0.1385767790262172,0.0090972915780834,0.9998378115054446,1151.9810930727042,,,0.0083333333333333,,,0.6206896551724138,,,0.3333333333333333,,,LightGBM,fleet,150000,11890,52.18,A_volume_matched,ROAD_ORNL,FS-A,1,in_f0,150000,11890,0.0003334444814938,0.0769230769230769,0.0006668889629876,0.0769230769230769,0.0026675558519506,0.3076923076923077,0.0035011670556852,0.3076923076923077,0.0175058352784261,0.6923076923076923,,,,,,,,,,,0.0,0.0,0.0001736412571627,0.0769230769230769,0.0008682062858135,0.0769230769230769,0.0008682062858135,0.0769230769230769,0.0072929328008334,0.6153846153846154
226048,23767,0.1051413859003397,0.5048178155726817,0.1137840459705763,202303,0.0284295027739951,True,0.0,0.0,0.0,1.0000000000000002,0.0,,,0.0,,,0.0,,,0.0,,,True,0.0013043295325451,0.4366197183098591,0.0001977447214518,1.0,25.040219763456367,,,0.0,,,0.2413793103448276,,,0.0,,,True,0.0013043295325451,0.4366197183098591,0.0001977447214518,1.0,25.040219763456367,,,0.0,,,0.2413793103448276,,,0.0,,,True,0.0013043295325451,0.4366197183098591,0.0001977447214518,1.0,25.040219763456367,,,0.0,,,0.2413793103448276,,,0.0,,,True,0.0167459081920309,0.2282110091743119,0.0066541098768544,0.9999998807907104,842.6033950403067,,,0.0,,,0.4827586206896552,,,0.0,,,LogReg,fleet,150000,11890,4.07,A_volume_matched,ROAD_ORNL,FS-A,2,cross,150000,11890,0.0,0.0,0.0023327501457968,0.3846153846153846,0.0023327501457968,0.3846153846153846,0.0023327501457968,0.3846153846153846,0.0270765641922852,0.5384615384615384,,,,,,,,,,,0.0,0.0,0.0002603488674824,0.1538461538461538,0.0002603488674824,0.1538461538461538,0.0002603488674824,0.1538461538461538,0.0063351557754057,0.5384615384615384
113006,11877,0.1051006141266835,0.5131140269166532,0.1129545447558365,101152,0.0284295027739951,False,0.0,0.0,0.0,1.0000000000000002,0.0,,,0.0,,,0.0,,,0.0,,,True,0.0,0.0,0.0,1.0000000000000002,0.0,,,0.0,,,0.0,,,0.0,,,True,0.0005893744211501,0.5833333333333334,4.9441802054801294e-05,1.0,6.26076681017774,,,0.0,,,0.1379310344827586,,,0.0,,,True,0.0005893744211501,0.5833333333333334,4.9441802054801294e-05,1.0,6.26076681017774,,,0.0,,,0.1379310344827586,,,0.0,,,True,0.010440346888945,0.2134251290877797,0.0045189807078088,0.9999998807907104,572.2340864502454,,,0.0,,,0.4482758620689655,,,0.0,,,LogReg,fleet,150000,11890,3.89,A_volume_matched,ROAD_ORNL,FS-A,2,in_f0,150000,11890,0.0,0.0,0.0,0.0,0.0011670556852284,0.3076923076923077,0.0011670556852284,0.3076923076923077,0.0180060020006668,0.5384615384615384,,,,,,,,,,,0.0,0.0,0.0,0.0,0.0,0.0,0.0,0.0,0.0027782601146032,0.4615384615384615
226048,23767,0.1051413859003397,0.5345791684679999,0.1172822852231794,202303,0.0284295027739951,True,0.0,0.0,9.887236072592088e-06,0.956064247910688,1.2520109881728183,,,0.0,,,0.0,,,0.0,,,True,0.0,0.0,8.404150661703274e-05,0.948757789129158,10.642093399468957,,,0.0,,,0.0,,,0.0,,,True,0.0004207514621113,0.0490196078431372,0.0009590618990414,0.936162911695351,121.4450658527634,,,0.0,,,0.2413793103448276,,,0.0,,,True,0.0005469769007447,0.0509803921568627,0.0011963555647836,0.9348442211765376,151.493329568911,,,0.0,,,0.3103448275862069,,,0.0,,,True,0.0087516304119156,0.0968793665579878,0.009585675372378,0.916326096693914,1213.8246530335473,,,0.0041493775933609,,,0.6896551724137931,,,0.3333333333333333,,,RandomForest,fleet,150000,11890,170.71,A_volume_matched,ROAD_ORNL,FS-A,2,cross,150000,11890,0.0,0.0,0.0,0.0,0.0004998750312421,0.3076923076923077,0.0004998750312421,0.3076923076923077,0.0101641256352578,0.7692307692307693,,,,,,,,,,,0.0,0.0,0.0,0.0,0.0003471318233099,0.2307692307692307,0.0006074806907923,0.3846153846153846,0.0073765512453354,0.6923076923076923
113006,11877,0.1051006141266835,0.5263692354256706,0.1161274324630056,101152,0.0284295027739951,False,0.0,0.0,0.0,0.9632111571346073,0.0,,,0.0,,,0.0,,,0.0,,,True,0.0,0.0,5.933016246576155e-05,0.949305909663596,7.512920172213288,,,0.0,,,0.0,,,0.0,,,True,0.0002525890376357,0.088235294117647,0.0003065391727397,0.9393821618661028,38.81675422310199,,,0.0,,,0.1034482758620689,,,0.0,,,True,0.0003367853835143,0.0754716981132075,0.000484529660137,0.9378868125212092,61.35551473974186,,,0.0,,,0.1379310344827586,,,0.0,,,True,0.00715668939968,0.1074589127686472,0.0069811824501379,0.9176420094344884,884.020273597097,,,0.0,,,0.4827586206896552,,,0.0,,,RandomForest,fleet,150000,11890,163.61,A_volume_matched,ROAD_ORNL,FS-A,2,in_f0,150000,11890,0.0,0.0,0.0,0.0,0.0003334444814938,0.1538461538461538,0.0003334444814938,0.1538461538461538,0.0081693897965988,0.4615384615384615,,,,,,,,,,,0.0,0.0,0.0,0.0,0.0001736412571627,0.0769230769230769,0.0003472825143254,0.1538461538461538,0.0062510852578572,0.6153846153846154
226048,23767,0.1051413859003397,0.4525830439288228,0.1022393266278574,202303,0.0284295027739951,True,0.0,0.0,9.887236072592088e-06,0.9999640045436936,1.2520109881728183,,,0.0,,,0.0,,,0.0,,,True,0.0001683005848445,0.125,0.0001384213050162,0.999951142567755,17.52815383441946,,,0.0,,,0.0344827586206896,,,0.0,,,True,0.0011360289477005,0.108,0.001102426822094,0.999930744313448,139.59922518126925,,,0.0,,,0.3448275862068966,,,0.0,,,True,0.0012622543863339,0.0923076923076923,0.0014583673207073,0.9999278826405056,184.6716207554907,,,0.0,,,0.4137931034482758,,,0.0,,,True,0.0122438675474397,0.1122685185185185,0.0113752651015171,0.9998856631364847,1440.4386418928275,,,0.0165975103734439,,,0.7931034482758621,,,0.6666666666666666,,,HistGB,fleet,150000,11890,81.42,A_volume_matched,ROAD_ORNL,FS-A,2,cross,150000,11890,0.0,0.0,0.0003332500208281,0.0769230769230769,0.0017495626093476,0.4615384615384615,0.0019995001249687,0.6153846153846154,0.0167458135466133,0.9230769230769232,,,,,,,,,,,0.0,0.0,0.0,0.0,0.0005206977349648,0.3076923076923077,0.0005206977349648,0.3076923076923077,0.0074633342011628,0.6923076923076923
113006,11877,0.1051006141266835,0.4472295262282382,0.0984346266859464,101152,0.0284295027739951,False,0.0,0.0,0.0,0.9999748424335284,0.0,,,0.0,,,0.0,,,0.0,,,True,0.0,0.0,2.966508123288077e-05,0.9999579717841592,3.756460086106644,,,0.0,,,0.0,,,0.0,,,True,8.419634587858886e-05,0.0196078431372549,0.000494418020548,0.999936873581107,62.6076681017774,,,0.0,,,0.0344827586206896,,,0.0,,,True,8.419634587858886e-05,0.015625,0.0006229667058904,0.9999346239340676,78.88566180823953,,,0.0,,,0.0344827586206896,,,0.0,,,True,0.0064831186326513,0.079381443298969,0.0088303058469875,0.9998917158831372,1118.1729522977444,,,0.0166666666666666,,,0.6206896551724138,,,0.3333333333333333,,,HistGB,fleet,150000,11890,80.69,A_volume_matched,ROAD_ORNL,FS-A,2,in_f0,150000,11890,0.0,0.0,0.0,0.0,0.0,0.0,0.0,0.0,0.007835945315105,0.7692307692307693,,,,,,,,,,,0.0,0.0,0.0,0.0,0.0001736412571627,0.0769230769230769,0.0001736412571627,0.0769230769230769,0.0048619552005556,0.5384615384615384
226048,23767,0.1051413859003397,0.4513843848298134,0.0908950193168369,202303,0.0284295027739951,True,0.0,0.0,4.943618036296043e-06,0.9998780488967896,0.6260054940864092,,,0.0,,,0.0,,,0.0,,,True,0.0,0.0,0.0002224628116333,0.9997753500938416,28.17024723388841,,,0.0,,,0.0,,,0.0,,,True,0.0002524508772667,0.0185758513931888,0.0015671269175058,0.9996527433395386,198.4437416253917,,,0.0,,,0.1379310344827586,,,0.0,,,True,0.0004207514621113,0.024390243902439,0.0019774472145184,0.9996347427368164,250.4021976345637,,,0.0,,,0.2068965517241379,,,0.0,,,True,0.004754491521858,0.0391952826916406,0.01369382196054,0.9993929862976074,1734.0352186193534,,,0.0,,,0.6551724137931034,,,0.0,,,XGBoost,fleet,150000,11890,23.33,A_volume_matched,ROAD_ORNL,FS-A,2,cross,150000,11890,0.0,0.0,0.0,0.0,0.0004165625260351,0.2307692307692307,0.0007498125468632,0.3846153846153846,0.0074148129634258,0.8461538461538461,,,,,,,,,,,0.0,0.0,0.0,0.0,8.678295582747549e-05,0.0769230769230769,8.678295582747549e-05,0.0769230769230769,0.0020827909398594,0.6153846153846154
113006,11877,0.1051006141266835,0.4624264371487382,0.094773877272384,101152,0.0284295027739951,False,0.0,0.0,9.88836041096026e-06,0.9998739957809448,1.2521533620355485,,,0.0,,,0.0,,,0.0,,,True,0.0,0.0,4.9441802054801294e-05,0.99982750415802,6.26076681017774,,,0.0,,,0.0,,,0.0,,,True,0.0001683926917571,0.0454545454545454,0.0004153111372603,0.9997244477272034,52.59044120549302,,,0.0,,,0.0689655172413793,,,0.0,,,True,0.0002525890376357,0.0517241379310344,0.0005438598226028,0.9997034668922424,68.86843491195515,,,0.0,,,0.1034482758620689,,,0.0,,,True,0.0026100867222362,0.056672760511883,0.0051023939720554,0.999479591846466,646.1111348103428,,,0.0,,,0.3448275862068966,,,0.0,,,XGBoost,fleet,150000,11890,20.65,A_volume_matched,ROAD_ORNL,FS-A,2,in_f0,150000,11890,0.0,0.0,0.0,0.0,0.0001667222407469,0.0769230769230769,0.0003334444814938,0.1538461538461538,0.003834611537179,0.4615384615384615,,,,,,,,,,,0.0,0.0,0.0,0.0,0.0001736412571627,0.0769230769230769,0.0001736412571627,0.0769230769230769,0.0013891300573016,0.3076923076923077
226048,23767,0.1051413859003397,0.5214597784078034,0.1172000314051097,202303,0.0284295027739951,True,0.0,0.0,0.0,0.9998054792311568,0.0,,,0.0,,,0.0,,,0.0,,,True,0.0002945260234779,0.1707317073170731,0.000168083013234,0.9997313668919348,21.284186798937917,,,0.0,,,0.1724137931034483,,,0.0,,,True,0.001598855556023,0.1275167785234899,0.0012853406894369,0.9996422951608622,162.76142846246637,,,0.0,,,0.4482758620689655,,,0.0,,,True,0.0023141330416123,0.1428571428571428,0.0016313939519776,0.99962809821069,206.58181304851504,,,0.0,,,0.4827586206896552,,,0.0,,,True,0.0236462321706567,0.1523448088912984,0.0154586935994977,0.9993828801318096,1957.5191800082016,,,0.0,,,0.7586206896551724,,,0.0,,,LightGBM,fleet,150000,11890,45.13,A_volume_matched,ROAD_ORNL,FS-A,2,cross,150000,11890,0.0,0.0,0.0004998750312421,0.3076923076923077,0.002749312671832,0.6923076923076923,0.0040823127551445,0.6923076923076923,0.034408064650504,0.9230769230769232,,,,,,,,,,,0.0,0.0,8.678295582747549e-05,0.0769230769230769,0.0004339147791373,0.3076923076923077,0.0005206977349648,0.3846153846153846,0.0129306604182938,0.7692307692307693
113006,11877,0.1051006141266835,0.5453266959714309,0.1242655201297363,101152,0.0284295027739951,False,8.419634587858886e-05,0.25,2.966508123288077e-05,0.9997744720210284,3.756460086106644,,,0.0,,,0.0344827586206896,,,0.0,,,True,0.0001683926917571,0.2857142857142857,4.9441802054801294e-05,0.999760234050068,6.26076681017774,,,0.0,,,0.0689655172413793,,,0.0,,,True,0.0010945524964216,0.1262135922330097,0.0008899524369864,0.99966422028283,112.69380258319931,,,0.0,,,0.2758620689655172,,,0.0,,,True,0.0015155342258145,0.1285714285714285,0.0012063799701371,0.9996513425549876,152.7627101683369,,,0.0,,,0.3448275862068966,,,0.0,,,True,0.0156605203334175,0.1512195121951219,0.0103234482690425,0.9994537352877844,1307.248109965112,,,0.0,,,0.6896551724137931,,,0.0,,,LightGBM,fleet,150000,11890,46.83,A_volume_matched,ROAD_ORNL,FS-A,2,in_f0,150000,11890,0.0001667222407469,0.0769230769230769,0.0003334444814938,0.1538461538461538,0.001833944648216,0.4615384615384615,0.0025008336112037,0.5384615384615384,0.0241747249083027,0.8461538461538461,,,,,,,,,,,0.0,0.0,0.0,0.0,0.0003472825143254,0.1538461538461538,0.0005209237714881,0.2307692307692307,0.0071192915436707,0.6923076923076923
226048,23767,0.1051413859003397,0.7453803719361181,0.3379904036095067,202303,0.0284295027739951,True,0.0,0.0,0.0,1.0000000000000002,0.0,,,0.0,,,0.0,,,0.0,,,True,0.0,0.0,0.0,1.0000000000000002,0.0,,,0.0,,,0.0,,,0.0,,,True,0.0,0.0,0.0,1.0000000000000002,0.0,,,0.0,,,0.0,,,0.0,,,True,0.0,0.0,0.0,1.0000000000000002,0.0,,,0.0,,,0.0,,,0.0,,,True,0.0,0.0,0.0,1.0000000000000002,0.0,,,0.0,,,0.0,,,0.0,,,LogReg,fleet,150000,11890,2.36,A_volume_matched,ROAD_ORNL,FS-B,0,cross,150000,11890,0.0,0.0,0.0,0.0,0.0,0.0,0.0,0.0,0.0,0.0,,,,,,,,,,,0.0,0.0,0.0,0.0,0.0,0.0,0.0,0.0,0.0,0.0
113006,11877,0.1051006141266835,0.739115010958792,0.3206142160008275,101152,0.0284295027739951,False,0.0,0.0,0.0,1.0000000000000002,0.0,,,0.0,,,0.0,,,0.0,,,True,0.0,0.0,0.0,1.0000000000000002,0.0,,,0.0,,,0.0,,,0.0,,,True,0.0,0.0,0.0,1.0000000000000002,0.0,,,0.0,,,0.0,,,0.0,,,True,0.0,0.0,0.0,1.0000000000000002,0.0,,,0.0,,,0.0,,,0.0,,,True,0.1704976004041424,0.5552508911434055,0.0160389205865775,0.999996542930603,2030.992753221659,,,0.9916666666666668,,,0.8620689655172413,,,1.0,,,LogReg,fleet,150000,11890,2.02,A_volume_matched,ROAD_ORNL,FS-B,0,in_f0,150000,11890,0.0,0.0,0.0,0.0,0.0,0.0,0.0,0.0,0.3069356452150717,0.9230769230769232,,,,,,,,,,,0.0,0.0,0.0,0.0,0.0,0.0,0.0,0.0,0.0112866817155756,0.7692307692307693
226048,23767,0.1051413859003397,0.7510253947717946,0.2694356151138629,202303,0.0284295027739951,True,0.0002103757310556,0.2631578947368421,6.921065250814461e-05,0.95879453071052,8.76407691720973,,,0.0,,,0.1379310344827586,,,0.0,,,True,0.0006732023393781,0.2857142857142857,0.0001977447214518,0.9553663951143224,25.040219763456367,,,0.0041493775933609,,,0.3448275862068966,,,0.3333333333333333,,,True,0.0031977111120461,0.300395256916996,0.0008750203924243,0.9466163231220096,110.80297245329444,,,0.0041493775933609,,,0.6206896551724138,,,0.3333333333333333,,,True,0.0035763874279463,0.288135593220339,0.0010381597876221,0.9450726442393288,131.46115375814594,,,0.0041493775933609,,,0.6206896551724138,,,0.3333333333333333,,,True,0.058821054403164,0.3988587731811697,0.0104162032024757,0.9002347369343859,1318.9935760400642,,,0.0373443983402489,,,0.8620689655172413,,,1.0,,,RandomForest,fleet,150000,11890,193.27,A_volume_matched,ROAD_ORNL,FS-B,0,cross,150000,11890,0.000249937515621,0.2307692307692307,0.0008331250520703,0.4615384615384615,0.0043322502707656,0.6923076923076923,0.0049154378072148,0.6923076923076923,0.1047238190452386,1.0,,,,,,,,,,,0.0001735659116549,0.0769230769230769,0.0004339147791373,0.2307692307692307,0.0019960079840319,0.6153846153846154,0.0021695738956868,0.6153846153846154,0.0114553501692267,0.6923076923076923
113006,11877,0.1051006141266835,0.7631227890263657,0.2856420486463407,101152,0.0284295027739951,False,8.419634587858886e-05,0.25,2.966508123288077e-05,0.9621659936874916,3.756460086106644,,,0.0,,,0.0344827586206896,,,0.0,,,True,0.0004209817293929,0.3333333333333333,9.88836041096026e-05,0.9585633936874914,12.52153362035548,,,0.0,,,0.1724137931034483,,,0.0,,,True,0.0020207123010861,0.32,0.0005043063809589,0.9486016372366254,63.85982146381295,,,0.0,,,0.4137931034482758,,,0.0,,,True,0.0025258903763576,0.3225806451612903,0.0006229667058904,0.9477208424531264,78.88566180823953,,,0.0,,,0.5172413793103449,,,0.0,,,True,0.0458870085038309,0.4335719968178202,0.0070405126126037,0.9075635272133928,891.5331937693103,,,0.0166666666666666,,,0.7241379310344828,,,0.3333333333333333,,,RandomForest,fleet,150000,11890,177.04,A_volume_matched,ROAD_ORNL,FS-B,0,in_f0,150000,11890,0.0001667222407469,0.0769230769230769,0.0006668889629876,0.3076923076923077,0.0026675558519506,0.4615384615384615,0.0031677225741913,0.6153846153846154,0.0811937312437479,0.9230769230769232,,,,,,,,,,,0.0,0.0,0.0001736412571627,0.0769230769230769,0.0013891300573016,0.4615384615384615,0.0019100538287897,0.5384615384615384,0.0097239104011113,0.6153846153846154
226048,23767,0.1051413859003397,0.734702518695721,0.292404320400131,202303,0.0284295027739951,True,0.0004207514621113,1.0,0.0,0.9996683932599572,0.0,,,0.0414937759336099,,,0.0689655172413793,,,0.6666666666666666,,,True,0.0004207514621113,1.0,0.0,0.9996683932599572,0.0,,,0.0414937759336099,,,0.0689655172413793,,,0.6666666666666666,,,True,0.0004207514621113,1.0,0.0,0.9996683932599572,0.0,,,0.0414937759336099,,,0.0689655172413793,,,0.6666666666666666,,,True,0.0004207514621113,1.0,0.0,0.9996683932599572,0.0,,,0.0414937759336099,,,0.0689655172413793,,,0.6666666666666666,,,True,0.0638700719485,0.4103811841038118,0.0107820309371616,0.9996410498919748,1365.3179826024586,,,0.1576763485477178,,,0.8620689655172413,,,1.0,,,HistGB,fleet,150000,11890,29.94,A_volume_matched,ROAD_ORNL,FS-B,0,cross,150000,11890,0.0,0.0,0.0,0.0,0.0,0.0,0.0,0.0,0.1157210697325668,1.0,,,,,,,,,,,0.0,0.0,0.0,0.0,0.0,0.0,0.0,0.0,0.0078972489803002,0.6923076923076923
113006,11877,0.1051006141266835,0.7417250252479763,0.3106247127737631,101152,0.0284295027739951,False,0.0005051780752715,1.0,0.0,0.9996683932599572,0.0,,,0.05,,,0.0689655172413793,,,0.6666666666666666,,,True,0.0005051780752715,1.0,0.0,0.9996683932599572,0.0,,,0.05,,,0.0689655172413793,,,0.6666666666666666,,,True,0.0005051780752715,1.0,0.0,0.9996683932599572,0.0,,,0.05,,,0.0689655172413793,,,0.6666666666666666,,,True,0.0005051780752715,1.0,0.0,0.9996683932599572,0.0,,,0.05,,,0.0689655172413793,,,0.6666666666666666,,,True,0.0362886250736718,0.4684782608695652,0.0048354082409595,0.9996421351022768,612.302994035383,,,0.1166666666666666,,,0.6206896551724138,,,1.0,,,HistGB,fleet,150000,11890,33.57,A_volume_matched,ROAD_ORNL,FS-B,0,in_f0,150000,11890,0.0,0.0,0.0,0.0,0.0,0.0,0.0,0.0,0.0675225075025008,0.8461538461538461,,,,,,,,,,,0.0,0.0,0.0,0.0,0.0,0.0,0.0,0.0,0.0020836950859524,0.3076923076923077
226048,23767,0.1051413859003397,0.7406066597513049,0.2960665606823645,202303,0.0284295027739951,True,0.0007152774855892,1.0,0.0,0.9999942779541016,0.0,,,0.0165975103734439,,,0.2758620689655172,,,0.6666666666666666,,,True,0.0035763874279463,0.8173076923076923,9.392874268962485e-05,0.9999908208847046,11.894104387641775,,,0.0414937759336099,,,0.4482758620689655,,,1.0,,,True,0.0148525266125299,0.5932773109243697,0.0011963555647836,0.9999842643737792,151.493329568911,,,0.0622406639004149,,,0.6896551724137931,,,1.0,,,True,0.0183868388942651,0.5857908847184986,0.0015275779732154,0.9999831914901732,193.43569767270043,,,0.0705394190871369,,,0.6896551724137931,,,1.0,,,True,0.0844868935919552,0.4518451845184518,0.0120426535364171,0.9999542236328124,1524.949383594493,,,0.1286307053941908,,,0.8620689655172413,,,1.0,,,XGBoost,fleet,150000,11890,17.48,A_volume_matched,ROAD_ORNL,FS-B,0,cross,150000,11890,0.0010830625676914,0.4615384615384615,0.0061651253853203,0.6923076923076923,0.0270765641922852,0.9230769230769232,0.0336582521036407,0.9230769230769232,0.1572106973256685,1.0,,,,,,,,,,,0.0,0.0,8.678295582747549e-05,0.0769230769230769,0.0011281784257571,0.3846153846153846,0.0013885272932396,0.3846153846153846,0.0078104660244727,0.6923076923076923
113006,11877,0.1051006141266835,0.7472665104612105,0.3085933106592916,101152,0.0284295027739951,False,0.0007577671129072,1.0,0.0,0.999993920326233,0.0,,,0.0083333333333333,,,0.2068965517241379,,,0.3333333333333333,,,True,0.0016839269175717,0.8333333333333334,3.955344164384104e-05,0.9999920129776,5.008613448142193,,,0.0166666666666666,,,0.2758620689655172,,,0.6666666666666666,,,True,0.0097667761219163,0.6823529411764706,0.0005339714621918,0.9999864101409912,67.6162815499196,,,0.0333333333333333,,,0.5517241379310345,,,0.6666666666666666,,,True,0.0113665066936094,0.6428571428571429,0.000741627030822,0.9999855756759644,93.9115021526661,,,0.0333333333333333,,,0.5862068965517241,,,0.6666666666666666,,,True,0.0572535151974404,0.4881550610193826,0.0070504009730146,0.9999648332595824,892.7853471313458,,,0.0666666666666666,,,0.7241379310344828,,,0.6666666666666666,,,XGBoost,fleet,150000,11890,14.88,A_volume_matched,ROAD_ORNL,FS-B,0,in_f0,150000,11890,0.0013337779259753,0.3846153846153846,0.0030010003334444,0.4615384615384615,0.017672557519173,0.8461538461538461,0.0203401133711237,0.8461538461538461,0.1068689563187729,0.9230769230769232,,,,,,,,,,,0.0,0.0,0.0,0.0,0.0010418475429762,0.2307692307692307,0.0015627713144643,0.3076923076923077,0.0053828789720437,0.5384615384615384
226048,23767,0.1051413859003397,0.7475310041765353,0.3090462753404281,202303,0.0284295027739951,True,0.0008835780704337,1.0,0.0,0.9999875106366276,0.0,,,0.0456431535269709,,,0.2068965517241379,,,1.0,,,True,0.0033660116968906,0.851063829787234,6.921065250814461e-05,0.9999818183501435,8.76407691720973,,,0.0788381742738589,,,0.4827586206896552,,,1.0,,,True,0.0125383935709176,0.6032388663967612,0.000968949135114,0.9999712356907322,122.69707684093622,,,0.1037344398340249,,,0.6551724137931034,,,1.0,,,True,0.0149787520511633,0.5836065573770491,0.0012556789812191,0.999969264406045,159.00539549794794,,,0.1120331950207468,,,0.6896551724137931,,,1.0,,,True,0.1000126225438633,0.4800080775444265,0.0127298164434623,0.9999070564025544,1611.9641472725036,,,0.2199170124481327,,,0.896551724137931,,,1.0,,,LightGBM,fleet,150000,11890,45.93,A_volume_matched,ROAD_ORNL,FS-B,0,cross,150000,11890,0.0008331250520703,0.2307692307692307,0.0050820628176289,0.8461538461538461,0.0223277513954844,1.0,0.026576689161043,1.0,0.1831208864450554,1.0,,,,,,,,,,,0.0,0.0,0.0,0.0,0.0004339147791373,0.2307692307692307,0.0008678295582747,0.3076923076923077,0.0109346524342619,0.7692307692307693
113006,11877,0.1051006141266835,0.7556649550511744,0.3137800238413252,101152,0.0284295027739951,False,0.0009261598046644,0.9166666666666666,9.88836041096026e-06,0.9999848672648142,1.2521533620355485,,,0.0333333333333333,,,0.1724137931034483,,,0.6666666666666666,,,True,0.0018523196093289,0.8148148148148148,4.9441802054801294e-05,0.9999820918391809,6.26076681017774,,,0.0333333333333333,,,0.3103448275862069,,,0.6666666666666666,,,True,0.0072408857455586,0.524390243902439,0.0007712921120549,0.9999728114769718,97.66796223877276,,,0.05,,,0.5172413793103449,,,0.6666666666666666,,,True,0.0093457943925233,0.5211267605633803,0.0010086127619179,0.9999709196636274,127.7196429276259,,,0.0583333333333333,,,0.5172413793103449,,,0.6666666666666666,,,True,0.0671886840111139,0.4744351961950059,0.0087413106032888,0.999923528161254,1106.9035720394245,,,0.1833333333333333,,,0.7931034482758621,,,1.0,,,LightGBM,fleet,150000,11890,37.94,A_volume_matched,ROAD_ORNL,FS-B,0,in_f0,150000,11890,0.0011670556852284,0.2307692307692307,0.0030010003334444,0.5384615384615384,0.0131710570190063,0.9230769230769232,0.0170056685561853,0.9230769230769232,0.1218739579859953,0.9230769230769232,,,,,,,,,,,0.0,0.0,0.0,0.0,0.0001736412571627,0.0769230769230769,0.0003472825143254,0.0769230769230769,0.0078138565723215,0.6153846153846154
226048,23767,0.1051413859003397,0.7351723940210126,0.2858082488677375,202303,0.0284295027739951,True,0.0,0.0,0.000385602206831,640625.0,48.82842853873992,,,0.0,,,0.0,,,0.0,,,True,0.0,0.0,0.0010332161695858,437500.0,130.83514826405954,,,0.0,,,0.0,,,0.0,,,True,0.0,0.0,0.0010974832040577,416837.7763071761,138.97321968718285,,,0.0,,,0.0,,,0.0,,,True,0.0,0.0,0.0010974832040577,410949.7638791724,138.97321968718285,,,0.0,,,0.0,,,0.0,,,True,0.0,0.0,0.0019823908325547,281385.3586955911,251.0282031286501,,,0.0,,,0.0,,,0.0,,,Rule:Combined,fleet,150000,11890,0.75,A_volume_matched,ROAD_ORNL,FS-B,0,cross,150000,11890,0.0,0.0,0.0,0.0,0.0,0.0,0.0,0.0,0.0,0.0,,,,,,,,,,,0.0,0.0,0.0,0.0,0.0,0.0,0.0,0.0,0.0,0.0
113006,11877,0.1051006141266835,0.7231650610552806,0.2617637662301281,101152,0.0284295027739951,False,0.0,0.0,0.0014140355387673,515625.00000000006,179.05793077108336,,,0.0,,,0.0,,,0.0,,,True,0.0,0.0,0.0051913892157541,234375.0,657.3805150686628,,,0.0,,,0.0,,,0.0,,,True,0.0083354382419802,0.0856401384083044,0.0104519969543849,125000.0,1323.5261036715742,,,0.0,,,0.4827586206896552,,,0.0,,,True,0.0083354382419802,0.0856401384083044,0.0104519969543849,125000.0,1323.5261036715742,,,0.0,,,0.4827586206896552,,,0.0,,,True,0.0841121495327102,0.3662023460410557,0.0170969751505502,93750.0,2164.9731629594626,,,0.0416666666666666,,,0.7931034482758621,,,0.6666666666666666,,,Rule:Combined,fleet,150000,11890,0.58,A_volume_matched,ROAD_ORNL,FS-B,0,in_f0,150000,11890,0.0,0.0,0.0,0.0,0.0158386128709569,0.8461538461538461,0.0158386128709569,0.8461538461538461,0.160053351117039,0.9230769230769232,,,,,,,,,,,0.0,0.0,0.0,0.0,0.0006945650286508,0.2307692307692307,0.0006945650286508,0.2307692307692307,0.0059038027435318,0.6923076923076923
226048,23767,0.1051413859003397,0.4886712997991986,0.1002288178645334,202303,0.0284295027739951,True,0.0,0.0,0.0,436156.73179478873,0.0,,,0.0,,,0.0,,,0.0,,,True,0.0,0.0,0.0,434308.7760818164,0.0,,,0.0,,,0.0,,,0.0,,,True,0.0,0.0,0.0,414525.8808618453,0.0,,,0.0,,,0.0,,,0.0,,,True,0.0,0.0,0.0,408598.6179201388,0.0,,,0.0,,,0.0,,,0.0,,,True,0.0,0.0,0.0,278608.4183413214,0.0,,,0.0,,,0.0,,,0.0,,,Rule:Staleness,fleet,150000,11890,0.58,A_volume_matched,ROAD_ORNL,FS-B,0,cross,150000,11890,0.0,0.0,0.0,0.0,0.0,0.0,0.0,0.0,0.0,0.0,,,,,,,,,,,0.0,0.0,0.0,0.0,0.0,0.0,0.0,0.0,0.0,0.0
113006,11877,0.1051006141266835,0.4806792106875105,0.0969557529365572,101152,0.0284295027739951,False,0.0,0.0,0.0236925115446607,137.26257479414843,3000.1594554371736,,,0.0,,,0.0,,,0.0,,,True,0.0,0.0,0.0299122902431547,33.8846781417886,3787.763920157533,,,0.0,,,0.0,,,0.0,,,True,0.0,0.0,0.0425001730463071,13.310183451029731,5381.7551500287855,,,0.0,,,0.0,,,0.0,,,True,0.0,0.0,0.0448733795449376,11.102912762261797,5682.271956917317,,,0.0,,,0.0,,,0.0,,,True,0.0124610591900311,0.0264663805436337,0.0538322340772676,5.181034416678463,6816.722902921524,,,0.0,,,0.3448275862068966,,,0.0,,,Rule:Staleness,fleet,150000,11890,0.3,A_volume_matched,ROAD_ORNL,FS-B,0,in_f0,150000,11890,0.0,0.0,0.0,0.0,0.0,0.0,0.0,0.0,0.0121707235745248,0.2307692307692307,,,,,,,,,,,0.0,0.0,0.0,0.0,0.0,0.0,0.0,0.0,0.0130230942872026,0.5384615384615384
226048,23767,0.1051413859003397,0.7413908271480798,0.3060389101816504,202303,0.0284295027739951,True,0.0,0.0,0.0,1.0000000000000002,0.0,,,0.0,,,0.0,,,0.0,,,True,0.0,0.0,0.0,1.0000000000000002,0.0,,,0.0,,,0.0,,,0.0,,,True,0.0,0.0,0.0,1.0000000000000002,0.0,,,0.0,,,0.0,,,0.0,,,True,0.0,0.0,0.0,1.0000000000000002,0.0,,,0.0,,,0.0,,,0.0,,,True,0.0,0.0,0.0,1.0000000000000002,0.0,,,0.0,,,0.0,,,0.0,,,LogReg,fleet,150000,11890,2.86,A_volume_matched,ROAD_ORNL,FS-B,1,cross,150000,11890,0.0,0.0,0.0,0.0,0.0,0.0,0.0,0.0,0.0,0.0,,,,,,,,,,,0.0,0.0,0.0,0.0,0.0,0.0,0.0,0.0,0.0,0.0
113006,11877,0.1051006141266835,0.7295478395134308,0.2772299111189825,101152,0.0284295027739951,False,0.0,0.0,0.0,1.0000000000000002,0.0,,,0.0,,,0.0,,,0.0,,,True,0.0,0.0,0.0,1.0000000000000002,0.0,,,0.0,,,0.0,,,0.0,,,True,0.0,0.0,0.0,1.0000000000000002,0.0,,,0.0,,,0.0,,,0.0,,,True,0.0,0.0,0.0,1.0000000000000002,0.0,,,0.0,,,0.0,,,0.0,,,True,0.0,0.0,0.0,1.0000000000000002,0.0,,,0.0,,,0.0,,,0.0,,,LogReg,fleet,150000,11890,2.42,A_volume_matched,ROAD_ORNL,FS-B,1,in_f0,150000,11890,0.0,0.0,0.0,0.0,0.0,0.0,0.0,0.0,0.0,0.0,,,,,,,,,,,0.0,0.0,0.0,0.0,0.0,0.0,0.0,0.0,0.0,0.0
226048,23767,0.1051413859003397,0.747583506327776,0.2699607590844461,202303,0.0284295027739951,True,0.0001262254386333,0.6,9.887236072592088e-06,0.9593189330507792,1.2520109881728183,,,0.0,,,0.0689655172413793,,,0.0,,,True,0.0011360289477005,0.6585365853658537,6.921065250814461e-05,0.9486065615903554,8.76407691720973,,,0.0041493775933609,,,0.2413793103448276,,,0.3333333333333333,,,True,0.007279000294526,0.5088235294117647,0.0008255842120614,0.9380434836243174,104.54291751243034,,,0.0082987551867219,,,0.7241379310344828,,,0.6666666666666666,,,True,0.009172381874027,0.4977168949771689,0.0010875959679851,0.9361621868248344,137.72120869901002,,,0.0082987551867219,,,0.7241379310344828,,,0.6666666666666666,,,True,0.0546135397820507,0.3592582341544423,0.0114444757540253,0.9023636650202188,1449.2027188100374,,,0.0331950207468879,,,0.9310344827586208,,,1.0,,,RandomForest,fleet,150000,11890,234.06,A_volume_matched,ROAD_ORNL,FS-B,1,cross,150000,11890,0.000166625010414,0.0769230769230769,0.0020828126301757,0.3846153846153846,0.0128301258018828,0.8461538461538461,0.0164125635257852,0.8461538461538461,0.0958093809880863,1.0,,,,,,,,,,,8.678295582747549e-05,0.0769230769230769,8.678295582747549e-05,0.0769230769230769,0.001475310249067,0.6153846153846154,0.001648876160722,0.6153846153846154,0.0121496138158465,0.8461538461538461
113006,11877,0.1051006141266835,0.7574124178273149,0.2838605037026838,101152,0.0284295027739951,False,0.0002525890376357,0.75,9.88836041096026e-06,0.9595033925042008,1.2521533620355485,,,0.0,,,0.0689655172413793,,,0.0,,,True,0.0007577671129072,0.6428571428571429,4.9441802054801294e-05,0.9495021030266332,6.26076681017774,,,0.0,,,0.1379310344827586,,,0.0,,,True,0.0058937442115012,0.5035971223021583,0.0006822968683562,0.938569889366998,86.39858198045283,,,0.0083333333333333,,,0.5517241379310345,,,0.3333333333333333,,,True,0.0074092784373158,0.5238095238095238,0.0007910688328768,0.9375875483138304,100.17226896284384,,,0.0083333333333333,,,0.5862068965517241,,,0.3333333333333333,,,True,0.0405826387134798,0.4158757549611734,0.00669441999822,0.9131368874512388,847.7078260980661,,,0.0083333333333333,,,0.7586206896551724,,,0.3333333333333333,,,RandomForest,fleet,150000,11890,190.7,A_volume_matched,ROAD_ORNL,FS-B,1,in_f0,150000,11890,0.0003334444814938,0.0769230769230769,0.0013337779259753,0.2307692307692307,0.0101700566855618,0.6923076923076923,0.0128376125375125,0.6923076923076923,0.0713571190396799,0.9230769230769232,,,,,,,,,,,0.0001736412571627,0.0769230769230769,0.0001736412571627,0.0769230769230769,0.0013891300573016,0.4615384615384615,0.001736412571627,0.5384615384615384,0.0092029866296231,0.6923076923076923
226048,23767,0.1051413859003397,0.7553041971678847,0.3179693688375553,202303,0.0284295027739951,True,0.0001262254386333,1.0,0.0,0.9998273714213268,0.0,,,0.0124481327800829,,,0.0689655172413793,,,0.6666666666666666,,,True,0.0001262254386333,1.0,0.0,0.9998273714213268,0.0,,,0.0124481327800829,,,0.0689655172413793,,,0.6666666666666666,,,True,0.0044599654983801,0.5824175824175825,0.0003757149707584,0.9998268213329338,47.57641755056711,,,0.0165975103734439,,,0.5517241379310345,,,0.6666666666666666,,,True,0.0044599654983801,0.5824175824175825,0.0003757149707584,0.9998268213329338,47.57641755056711,,,0.0165975103734439,,,0.5517241379310345,,,0.6666666666666666,,,True,0.07241132662936,0.4981186685962373,0.0085722336749373,0.9998147523090042,1085.4935267458336,,,0.1452282157676348,,,0.8620689655172413,,,1.0,,,HistGB,fleet,150000,11890,33.8,A_volume_matched,ROAD_ORNL,FS-B,1,cross,150000,11890,0.0,0.0,0.0,0.0,0.008164625510289,0.8461538461538461,0.008164625510289,0.8461538461538461,0.1287178205448637,0.9230769230769232,,,,,,,,,,,0.0,0.0,0.0,0.0,0.0003471318233099,0.2307692307692307,0.0003471318233099,0.2307692307692307,0.012236396771674,0.7692307692307693
113006,11877,0.1051006141266835,0.7635163082220939,0.3401228511624103,101152,0.0284295027739951,False,8.419634587858886e-05,1.0,0.0,0.9998273714213268,0.0,,,0.0083333333333333,,,0.0344827586206896,,,0.3333333333333333,,,True,8.419634587858886e-05,1.0,0.0,0.9998273714213268,0.0,,,0.0083333333333333,,,0.0344827586206896,,,0.3333333333333333,,,True,0.0043782099856866,0.6419753086419753,0.0002867624519178,0.9998268213329338,36.312447499030895,,,0.0083333333333333,,,0.3793103448275862,,,0.3333333333333333,,,True,0.0043782099856866,0.6419753086419753,0.0002867624519178,0.9998268213329338,36.312447499030895,,,0.0083333333333333,,,0.3793103448275862,,,0.3333333333333333,,,True,0.033173360276164,0.4864197530864197,0.0041135579309594,0.9998254771981802,520.895798606788,,,0.0333333333333333,,,0.7931034482758621,,,1.0,,,HistGB,fleet,150000,11890,36.64,A_volume_matched,ROAD_ORNL,FS-B,1,in_f0,150000,11890,0.0,0.0,0.0,0.0,0.0081693897965988,0.6923076923076923,0.0081693897965988,0.6923076923076923,0.0596865621873958,0.9230769230769232,,,,,,,,,,,0.0,0.0,0.0,0.0,0.0003472825143254,0.0769230769230769,0.0003472825143254,0.0769230769230769,0.0055565202292064,0.6153846153846154
226048,23767,0.1051413859003397,0.7429501301197521,0.279354895253826,202303,0.0284295027739951,True,4.2075146211133085e-05,1.0,0.0,0.9999924898147584,0.0,,,0.0041493775933609,,,0.0344827586206896,,,0.3333333333333333,,,True,0.0020616821643455,0.5444444444444444,0.0002026883394881,0.9999850988388062,25.666225257542777,,,0.0248962655601659,,,0.4137931034482758,,,1.0,,,True,0.0109395380148946,0.466786355475763,0.0014682545567799,0.9999758005142212,185.92363174366352,,,0.0539419087136929,,,0.6551724137931034,,,1.0,,,True,0.0127066941557621,0.4561933534743202,0.0017797024930665,0.999974250793457,225.36197787110729,,,0.0539419087136929,,,0.7241379310344828,,,1.0,,,True,0.0684141877393024,0.3692936634113105,0.0137284272867941,0.9999313354492188,1738.4172570779583,,,0.1286307053941908,,,0.9310344827586208,,,1.0,,,XGBoost,fleet,150000,11890,18.91,A_volume_matched,ROAD_ORNL,FS-B,1,cross,150000,11890,0.0,0.0,0.0034991252186953,0.6153846153846154,0.0197450637340664,0.9230769230769232,0.0226610014163125,0.9230769230769232,0.1226360076647504,1.0,,,,,,,,,,,0.0,0.0,8.678295582747549e-05,0.0769230769230769,0.0008678295582747,0.3076923076923077,0.001475310249067,0.4615384615384615,0.0106743035667794,0.8461538461538461
113006,11877,0.1051006141266835,0.7518111924139369,0.2904568311498375,101152,0.0284295027739951,False,8.419634587858886e-05,1.0,0.0,0.9999923706054688,0.0,,,0.0083333333333333,,,0.0344827586206896,,,0.3333333333333333,,,True,0.0001683926917571,0.6666666666666666,9.88836041096026e-06,0.99998939037323,1.2521533620355485,,,0.0083333333333333,,,0.0689655172413793,,,0.3333333333333333,,,True,0.0039572282562936,0.4747474747474747,0.0005141947413699,0.999980330467224,65.1119748258485,,,0.0166666666666666,,,0.4482758620689655,,,0.6666666666666666,,,True,0.0052201734444725,0.4626865671641791,0.0007119619495891,0.9999791383743286,90.15504206655946,,,0.025,,,0.4827586206896552,,,0.6666666666666666,,,True,0.0384777300665151,0.3882752761257434,0.0071196194958913,0.9999499320983888,901.5504206655946,,,0.05,,,0.7586206896551724,,,0.6666666666666666,,,XGBoost,fleet,150000,11890,17.65,A_volume_matched,ROAD_ORNL,FS-B,1,in_f0,150000,11890,0.0,0.0,0.0001667222407469,0.0769230769230769,0.0071690563521173,0.6923076923076923,0.0095031677225741,0.7692307692307693,0.0688562854284761,0.9230769230769232,,,,,,,,,,,0.0,0.0,0.0,0.0,0.0003472825143254,0.1538461538461538,0.0003472825143254,0.1538461538461538,0.0065983677721826,0.6153846153846154
226048,23767,0.1051413859003397,0.7509684026580455,0.2913844452410541,202303,0.0284295027739951,True,0.0002524508772667,1.0,0.0,0.9999849548381678,0.0,,,0.0248962655601659,,,0.1034482758620689,,,1.0,,,True,0.0008835780704337,0.4038461538461538,0.0001532521591251,0.9999748648627224,19.406170316678686,,,0.0456431535269709,,,0.2758620689655172,,,1.0,,,True,0.0058484453233474,0.3687002652519894,0.0011765810926384,0.9999618817107292,148.9893075925654,,,0.0622406639004149,,,0.7241379310344828,,,1.0,,,True,0.0084150292422266,0.3952569169960474,0.0015127471191065,0.9999588867967536,191.55768119044123,,,0.0705394190871369,,,0.7241379310344828,,,1.0,,,True,0.0865065006100896,0.4181411429733577,0.0141436912018429,0.999879622663828,1791.001718581217,,,0.1991701244813278,,,0.9655172413793104,,,1.0,,,LightGBM,fleet,150000,11890,44.48,A_volume_matched,ROAD_ORNL,FS-B,1,cross,150000,11890,0.0,0.0,0.0007498125468632,0.3076923076923077,0.0086645005415312,0.8461538461538461,0.0127468132966758,0.8461538461538461,0.1528784470549029,1.0,,,,,,,,,,,0.0,0.0,8.678295582747549e-05,0.0769230769230769,0.0017356591165495,0.5384615384615384,0.0026034886748242,0.5384615384615384,0.0150134513581532,0.9230769230769232
113006,11877,0.1051006141266835,0.7581703335528629,0.3016028326724623,101152,0.0284295027739951,False,0.0001683926917571,1.0,0.0,0.9999828409202116,0.0,,,0.0166666666666666,,,0.0689655172413793,,,0.6666666666666666,,,True,0.0001683926917571,0.2857142857142857,4.9441802054801294e-05,0.9999801979895828,6.26076681017774,,,0.0166666666666666,,,0.0689655172413793,,,0.6666666666666666,,,True,0.0027784794139934,0.388235294117647,0.0005141947413699,0.9999672484624252,65.1119748258485,,,0.0333333333333333,,,0.4482758620689655,,,0.6666666666666666,,,True,0.0032836574892649,0.3939393939393939,0.0005933016246576,0.9999653897044788,75.12920172213289,,,0.0333333333333333,,,0.5172413793103449,,,0.6666666666666666,,,True,0.0511071819483034,0.4049366244162775,0.0088204174865765,0.9999124779309044,1116.920798935709,,,0.0666666666666666,,,0.7931034482758621,,,0.6666666666666666,,,LightGBM,fleet,150000,11890,37.8,A_volume_matched,ROAD_ORNL,FS-B,1,in_f0,150000,11890,0.0,0.0,0.0,0.0,0.0041680560186728,0.5384615384615384,0.0046682227409136,0.5384615384615384,0.0896965655218406,0.9230769230769232,,,,,,,,,,,0.0,0.0,0.0,0.0,0.0006945650286508,0.3076923076923077,0.0012154888001389,0.4615384615384615,0.0105921166869248,0.6923076923076923
226048,23767,0.1051413859003397,0.7351530430438948,0.2857678188118512,202303,0.0284295027739951,True,0.0,0.0,0.000385602206831,640625.0,48.82842853873992,,,0.0,,,0.0,,,0.0,,,True,0.0,0.0,0.0009986108433318,438965.66917976143,126.45310980545467,,,0.0,,,0.0,,,0.0,,,True,0.0,0.0,0.0010974832040577,419522.29571954417,138.97321968718285,,,0.0,,,0.0,,,0.0,,,True,0.0,0.0,0.0010974832040577,413596.36330309015,138.97321968718285,,,0.0,,,0.0,,,0.0,,,True,0.0,0.0,0.0019823908325547,283197.53719934024,251.0282031286501,,,0.0,,,0.0,,,0.0,,,Rule:Combined,fleet,150000,11890,0.75,A_volume_matched,ROAD_ORNL,FS-B,1,cross,150000,11890,0.0,0.0,0.0,0.0,0.0,0.0,0.0,0.0,0.0,0.0,,,,,,,,,,,0.0,0.0,0.0,0.0,0.0,0.0,0.0,0.0,0.0,0.0
113006,11877,0.1051006141266835,0.7231269475327516,0.2616972106617651,101152,0.0284295027739951,False,0.0,0.0,0.0014140355387673,515625.00000000006,179.05793077108336,,,0.0,,,0.0,,,0.0,,,True,0.0,0.0,0.0051913892157541,234375.0,657.3805150686628,,,0.0,,,0.0,,,0.0,,,True,0.0083354382419802,0.0856401384083044,0.0104519969543849,125000.0,1323.5261036715742,,,0.0,,,0.4827586206896552,,,0.0,,,True,0.0083354382419802,0.0856401384083044,0.0104519969543849,125000.0,1323.5261036715742,,,0.0,,,0.4827586206896552,,,0.0,,,True,0.0841121495327102,0.3662023460410557,0.0170969751505502,93750.0,2164.9731629594626,,,0.0416666666666666,,,0.7931034482758621,,,0.6666666666666666,,,Rule:Combined,fleet,150000,11890,0.46,A_volume_matched,ROAD_ORNL,FS-B,1,in_f0,150000,11890,0.0,0.0,0.0,0.0,0.0158386128709569,0.8461538461538461,0.0158386128709569,0.8461538461538461,0.160053351117039,0.9230769230769232,,,,,,,,,,,0.0,0.0,0.0,0.0,0.0006945650286508,0.2307692307692307,0.0006945650286508,0.2307692307692307,0.0059038027435318,0.6923076923076923
226048,23767,0.1051413859003397,0.4886712997991986,0.1002288178645334,202303,0.0284295027739951,True,0.0,0.0,0.0,438965.66917976143,0.0,,,0.0,,,0.0,,,0.0,,,True,0.0,0.0,0.0,437105.8122590132,0.0,,,0.0,,,0.0,,,0.0,,,True,0.0,0.0,0.0,417195.51120092126,0.0,,,0.0,,,0.0,,,0.0,,,True,0.0,0.0,0.0,411230.075489534,0.0,,,0.0,,,0.0,,,0.0,,,True,0.0,0.0,0.0,280402.71278870205,0.0,,,0.0,,,0.0,,,0.0,,,Rule:Staleness,fleet,150000,11890,0.54,A_volume_matched,ROAD_ORNL,FS-B,1,cross,150000,11890,0.0,0.0,0.0,0.0,0.0,0.0,0.0,0.0,0.0,0.0,,,,,,,,,,,0.0,0.0,0.0,0.0,0.0,0.0,0.0,0.0,0.0,0.0
113006,11877,0.1051006141266835,0.4806792106875105,0.0969557529365572,101152,0.0284295027739951,False,0.0,0.0,0.0236925115446607,138.14849906061107,3000.1594554371736,,,0.0,,,0.0,,,0.0,,,True,0.0,0.0,0.0299122902431547,34.10482377392125,3787.763920157533,,,0.0,,,0.0,,,0.0,,,True,0.0,0.0,0.0425001730463071,13.397825184676208,5381.7551500287855,,,0.0,,,0.0,,,0.0,,,True,0.0,0.0,0.0448733795449376,11.176339227165494,5682.271956917317,,,0.0,,,0.0,,,0.0,,,True,0.0124610591900311,0.0264663805436337,0.0538322340772676,5.216322789787225,6816.722902921524,,,0.0,,,0.3448275862068966,,,0.0,,,Rule:Staleness,fleet,150000,11890,0.28,A_volume_matched,ROAD_ORNL,FS-B,1,in_f0,150000,11890,0.0,0.0,0.0,0.0,0.0,0.0,0.0,0.0,0.0121707235745248,0.2307692307692307,,,,,,,,,,,0.0,0.0,0.0,0.0,0.0,0.0,0.0,0.0,0.0130230942872026,0.5384615384615384
226048,23767,0.1051413859003397,0.7435554513646853,0.3106634541229418,202303,0.0284295027739951,True,0.0,0.0,0.0,1.0000000000000002,0.0,,,0.0,,,0.0,,,0.0,,,True,0.0,0.0,0.0,1.0000000000000002,0.0,,,0.0,,,0.0,,,0.0,,,True,0.0,0.0,0.0,1.0000000000000002,0.0,,,0.0,,,0.0,,,0.0,,,True,0.0,0.0,0.0,1.0000000000000002,0.0,,,0.0,,,0.0,,,0.0,,,True,0.0,0.0,0.0,1.0000000000000002,0.0,,,0.0,,,0.0,,,0.0,,,LogReg,fleet,150000,11890,2.26,A_volume_matched,ROAD_ORNL,FS-B,2,cross,150000,11890,0.0,0.0,0.0,0.0,0.0,0.0,0.0,0.0,0.0,0.0,,,,,,,,,,,0.0,0.0,0.0,0.0,0.0,0.0,0.0,0.0,0.0,0.0
113006,11877,0.1051006141266835,0.7330979032693776,0.2758279884788874,101152,0.0284295027739951,False,0.0,0.0,0.0,1.0000000000000002,0.0,,,0.0,,,0.0,,,0.0,,,True,0.0,0.0,0.0,1.0000000000000002,0.0,,,0.0,,,0.0,,,0.0,,,True,0.0,0.0,0.0,1.0000000000000002,0.0,,,0.0,,,0.0,,,0.0,,,True,0.0,0.0,0.0,1.0000000000000002,0.0,,,0.0,,,0.0,,,0.0,,,True,0.1669613538772417,0.4195937367752856,0.0271237726072639,0.9999997615814208,3434.6566720635087,,,1.0,,,0.8620689655172413,,,1.0,,,LogReg,fleet,150000,11890,1.88,A_volume_matched,ROAD_ORNL,FS-B,2,in_f0,150000,11890,0.0,0.0,0.0,0.0,0.0,0.0,0.0,0.0,0.3001000333444481,0.9230769230769232,,,,,,,,,,,0.0,0.0,0.0,0.0,0.0,0.0,0.0,0.0,0.0109393992012502,0.7692307692307693
226048,23767,0.1051413859003397,0.7364149819929945,0.2487965069802809,202303,0.0284295027739951,True,0.0,0.0,2.4718090181480216e-05,0.96,3.130027470432046,,,0.0,,,0.0,,,0.0,,,True,4.2075146211133085e-05,0.125,3.4605326254072306e-05,0.9580350359896092,4.382038458604865,,,0.0,,,0.0344827586206896,,,0.0,,,True,0.0013464046787562,0.1849710982658959,0.0006970501431177,0.949507101789457,88.26677466618371,,,0.0082987551867219,,,0.4137931034482758,,,0.6666666666666666,,,True,0.0019775318719232,0.2,0.0009294001908236,0.9481663132341416,117.68903288824494,,,0.0082987551867219,,,0.4827586206896552,,,0.6666666666666666,,,True,0.043000799427778,0.3195747342088805,0.0107573128469801,0.9092541764285392,1362.1879551320264,,,0.0373443983402489,,,0.8620689655172413,,,1.0,,,RandomForest,fleet,150000,11890,199.33,A_volume_matched,ROAD_ORNL,FS-B,2,cross,150000,11890,0.0,0.0,8.331250520703157e-05,0.0769230769230769,0.0017495626093476,0.5384615384615384,0.002832625177039,0.6153846153846154,0.0751478796967424,1.0,,,,,,,,,,,0.0,0.0,0.0,0.0,0.0007810466024472,0.2307692307692307,0.0009546125141022,0.3076923076923077,0.0096329080968497,0.6923076923076923
113006,11877,0.1051006141266835,0.7442697877645728,0.2620491435083564,101152,0.0284295027739951,False,0.0,0.0,0.0,0.9627450518347136,0.0,,,0.0,,,0.0,,,0.0,,,True,8.419634587858886e-05,0.5,9.88836041096026e-06,0.9568729998206488,1.2521533620355485,,,0.0,,,0.0344827586206896,,,0.0,,,True,0.0008419634587858,0.2631578947368421,0.0002768740915068,0.9504271899191558,35.060294136995346,,,0.0083333333333333,,,0.1724137931034483,,,0.3333333333333333,,,True,0.0012629451881788,0.2419354838709677,0.0004647529393151,0.9492416966780088,58.85120801567077,,,0.0083333333333333,,,0.2068965517241379,,,0.3333333333333333,,,True,0.0275322051022985,0.3399168399168399,0.0062791088609597,0.918352500254146,795.1173848925731,,,0.025,,,0.7241379310344828,,,0.6666666666666666,,,RandomForest,fleet,150000,11890,177.6,A_volume_matched,ROAD_ORNL,FS-B,2,in_f0,150000,11890,0.0,0.0,0.0001667222407469,0.0769230769230769,0.0011670556852284,0.2307692307692307,0.0015005001667222,0.2307692307692307,0.0475158386128709,0.9230769230769232,,,,,,,,,,,0.0,0.0,0.0,0.0,0.0003472825143254,0.0769230769230769,0.0008682062858135,0.1538461538461538,0.0067720090293453,0.5384615384615384
226048,23767,0.1051413859003397,0.7223765142252697,0.3157391917341858,202303,0.0284295027739951,True,8.415029242226617e-05,1.0,0.0,0.9999159680384262,0.0,,,0.0082987551867219,,,0.0689655172413793,,,0.6666666666666666,,,True,0.0082046535111709,0.8904109589041096,0.0001186468328711,0.9999009991864112,15.024131858073822,,,0.1410788381742738,,,0.5517241379310345,,,1.0,,,True,0.0217528505911558,0.5915331807780321,0.0017648716389576,0.99989585138426,223.4839613888481,,,0.1784232365145228,,,0.7586206896551724,,,1.0,,,True,0.027517145622081,0.6078066914498141,0.0020862068113169,0.9998928661881864,264.1743185044647,,,0.2365145228215767,,,0.7586206896551724,,,1.0,,,True,0.1373332772331383,0.5380811078140455,0.0138520177377015,0.9996896888528808,1754.0673944301186,,,0.6887966804979253,,,0.9310344827586208,,,1.0,,,HistGB,fleet,150000,11890,36.92,A_volume_matched,ROAD_ORNL,FS-B,2,cross,150000,11890,0.0,0.0,0.013330000833125,0.9230769230769232,0.0375739398483712,0.9230769230769232,0.047738065483629,0.9230769230769232,0.2422727651420478,1.0,,,,,,,,,,,0.0,0.0,8.678295582747549e-05,0.0769230769230769,0.0019960079840319,0.5384615384615384,0.0020827909398594,0.5384615384615384,0.0164887616072203,0.8461538461538461
113006,11877,0.1051006141266835,0.7261061214493321,0.3226580443958196,101152,0.0284295027739951,False,0.0001683926917571,0.6666666666666666,9.88836041096026e-06,0.9999156869982218,1.2521533620355485,,,0.0083333333333333,,,0.0689655172413793,,,0.3333333333333333,,,True,0.001010356150543,0.75,3.955344164384104e-05,0.9999114940085774,5.008613448142193,,,0.0333333333333333,,,0.2413793103448276,,,0.6666666666666666,,,True,0.0119558811147596,0.8208092485549133,0.0003065391727397,0.9999006754599716,38.81675422310199,,,0.125,,,0.5172413793103449,,,1.0,,,True,0.0127978445735455,0.7676767676767676,0.0004548645789041,0.9999004999474148,57.599054653635214,,,0.125,,,0.5517241379310345,,,1.0,,,True,0.1022985602424854,0.5947136563876652,0.008187562420275,0.9997865321937804,1036.782983765434,,,0.5416666666666666,,,0.8620689655172413,,,1.0,,,HistGB,fleet,150000,11890,33.23,A_volume_matched,ROAD_ORNL,FS-B,2,in_f0,150000,11890,0.0001667222407469,0.0769230769230769,0.0013337779259753,0.3846153846153846,0.0210070023341113,0.8461538461538461,0.0223407802600866,0.8461538461538461,0.1810603534511503,0.9230769230769232,,,,,,,,,,,0.0,0.0,0.0,0.0,0.0001736412571627,0.0769230769230769,0.0005209237714881,0.1538461538461538,0.0111130404584129,0.7692307692307693
226048,23767,0.1051413859003397,0.7394377574180907,0.3009668549385671,202303,0.0284295027739951,True,0.0006311271931669,1.0,0.0,0.9999818801879884,0.0,,,0.0290456431535269,,,0.2413793103448276,,,1.0,,,True,0.0026086590650902,0.8611111111111112,4.943618036296043e-05,0.9999685287475586,6.260054940864092,,,0.0539419087136929,,,0.3793103448275862,,,1.0,,,True,0.0103504859679387,0.6059113300492611,0.0007909788858073,0.999946117401123,100.16087905382548,,,0.0746887966804979,,,0.5862068965517241,,,1.0,,,True,0.0122017924012285,0.5742574257425742,0.0010628778778036,0.999942183494568,134.591181228578,,,0.0746887966804979,,,0.6206896551724138,,,1.0,,,True,0.0917238187402701,0.4555903866248694,0.0128781249845511,0.9997827410697936,1630.744312095096,,,0.1991701244813278,,,0.896551724137931,,,1.0,,,XGBoost,fleet,150000,11890,21.12,A_volume_matched,ROAD_ORNL,FS-B,2,cross,150000,11890,0.0006665000416562,0.3076923076923077,0.0040823127551445,0.6153846153846154,0.0184120636507539,0.8461538461538461,0.0217445638590352,0.8461538461538461,0.1669582604348913,1.0,,,,,,,,,,,0.0,0.0,0.0,0.0,0.0006074806907923,0.2307692307692307,0.0009546125141022,0.3076923076923077,0.0111082183459168,0.7692307692307693
113006,11877,0.1051006141266835,0.7425015421142418,0.3055165458463562,101152,0.0284295027739951,False,0.0003367853835143,0.6666666666666666,1.977672082192052e-05,0.999978303909302,2.504306724071097,,,0.025,,,0.1034482758620689,,,0.6666666666666666,,,True,0.0015997305716931,0.8260869565217391,3.955344164384104e-05,0.9999676942825316,5.008613448142193,,,0.025,,,0.2758620689655172,,,0.6666666666666666,,,True,0.005725351519744,0.5811965811965812,0.000484529660137,0.9999487400054932,61.35551473974186,,,0.025,,,0.4137931034482758,,,0.6666666666666666,,,True,0.0069882967079228,0.5724137931034483,0.0006130783454795,0.9999459981918336,77.63350844620398,,,0.0333333333333333,,,0.4137931034482758,,,0.6666666666666666,,,True,0.0534646796329039,0.4682890855457227,0.0071295078563023,0.9998538494110109,902.8025740276302,,,0.1083333333333333,,,0.7931034482758621,,,1.0,,,XGBoost,fleet,150000,11890,23.59,A_volume_matched,ROAD_ORNL,FS-B,2,in_f0,150000,11890,0.0001667222407469,0.0769230769230769,0.0026675558519506,0.4615384615384615,0.0106702234078026,0.6923076923076923,0.0130043347782594,0.6923076923076923,0.0958652884294764,0.9230769230769232,,,,,,,,,,,0.0,0.0,0.0,0.0,0.0001736412571627,0.0769230769230769,0.0001736412571627,0.0769230769230769,0.0081611390866469,0.6153846153846154
226048,23767,0.1051413859003397,0.745656208329453,0.3202941297925172,202303,0.0284295027739951,True,0.0018092312870787,0.8958333333333334,2.4718090181480216e-05,0.9999748233258672,3.130027470432046,,,0.0456431535269709,,,0.3793103448275862,,,1.0,,,True,0.0053435435688139,0.8355263157894737,0.0001235904509074,0.9999686302506786,15.650137352160232,,,0.0663900414937759,,,0.5172413793103449,,,1.0,,,True,0.018344763748054,0.6097902097902098,0.0013792694321265,0.9999538780616198,174.6555328501082,,,0.0912863070539419,,,0.6551724137931034,,,1.0,,,True,0.0221736020532671,0.6015981735159818,0.0017253226946673,0.9999507402209028,218.47591743615683,,,0.0995850622406639,,,0.7241379310344828,,,1.0,,,True,0.1234064038372533,0.5245930960472187,0.0131401367404748,0.9998272232405332,1663.9226032816755,,,0.3526970954356846,,,0.9310344827586208,,,1.0,,,LightGBM,fleet,150000,11890,40.05,A_volume_matched,ROAD_ORNL,FS-B,2,cross,150000,11890,0.002666000166625,0.6153846153846154,0.0091643755727734,0.8461538461538461,0.0333250020828126,0.9230769230769232,0.0399900024993751,1.0,0.2251937015746063,1.0,,,,,,,,,,,0.0,0.0,8.678295582747549e-05,0.0769230769230769,0.0012149613815846,0.3076923076923077,0.0019960079840319,0.3846153846153846,0.0125835285949839,0.8461538461538461
113006,11877,0.1051006141266835,0.7518193586160999,0.3244337148187403,101152,0.0284295027739951,False,0.001010356150543,0.8,2.966508123288077e-05,0.9999753066003936,3.756460086106644,,,0.0166666666666666,,,0.2413793103448276,,,0.6666666666666666,,,True,0.0031152647975077,0.7254901960784313,0.0001384370457534,0.9999691453601688,17.530147068497673,,,0.025,,,0.3793103448275862,,,0.6666666666666666,,,True,0.0088406163172518,0.5965909090909091,0.0007020735891781,0.999960114057042,88.9028887045239,,,0.0333333333333333,,,0.4827586206896552,,,0.6666666666666666,,,True,0.0108613286183379,0.591743119266055,0.0008800640765754,0.9999583322896216,111.4416492211638,,,0.0416666666666666,,,0.5172413793103449,,,0.6666666666666666,,,True,0.0830175970362886,0.5411635565312843,0.0082666693035627,0.99988352165629,1046.8002106617182,,,0.1666666666666666,,,0.8275862068965517,,,1.0,,,LightGBM,fleet,150000,11890,34.35,A_volume_matched,ROAD_ORNL,FS-B,2,in_f0,150000,11890,0.0016672224074691,0.3846153846153846,0.0056685561853951,0.6923076923076923,0.0166722240746915,0.8461538461538461,0.0205068356118706,0.9230769230769232,0.1515505168389463,0.9230769230769232,,,,,,,,,,,0.0,0.0,0.0,0.0,0.0001736412571627,0.0769230769230769,0.0001736412571627,0.0769230769230769,0.009897551658274,0.6923076923076923
226048,23767,0.1051413859003397,0.7351472362115341,0.2857547832644925,202303,0.0284295027739951,True,0.0,0.0,0.000385602206831,640625.0,48.82842853873992,,,0.0,,,0.0,,,0.0,,,True,0.0,0.0,0.0009986108433318,439899.38259848615,126.45310980545467,,,0.0,,,0.0,,,0.0,,,True,0.0,0.0,0.0010974832040577,420414.6516017239,138.97321968718285,,,0.0,,,0.0,,,0.0,,,True,0.0,0.0,0.0010974832040577,414476.1142755829,138.97321968718285,,,0.0,,,0.0,,,0.0,,,True,0.0,0.0,0.0019823908325547,283799.9199349353,251.0282031286501,,,0.0,,,0.0,,,0.0,,,Rule:Combined,fleet,150000,11890,0.65,A_volume_matched,ROAD_ORNL,FS-B,2,cross,150000,11890,0.0,0.0,0.0,0.0,0.0,0.0,0.0,0.0,0.0,0.0,,,,,,,,,,,0.0,0.0,0.0,0.0,0.0,0.0,0.0,0.0,0.0,0.0
113006,11877,0.1051006141266835,0.723115434840341,0.2616754572288143,101152,0.0284295027739951,False,0.0,0.0,0.0014140355387673,515625.00000000006,179.05793077108336,,,0.0,,,0.0,,,0.0,,,True,0.0,0.0,0.0051913892157541,234375.0,657.3805150686628,,,0.0,,,0.0,,,0.0,,,True,0.0083354382419802,0.0856401384083044,0.0104519969543849,125000.0,1323.5261036715742,,,0.0,,,0.4827586206896552,,,0.0,,,True,0.0083354382419802,0.0856401384083044,0.0104519969543849,125000.0,1323.5261036715742,,,0.0,,,0.4827586206896552,,,0.0,,,True,0.0841121495327102,0.3662023460410557,0.0170969751505502,93750.0,2164.9731629594626,,,0.0416666666666666,,,0.7931034482758621,,,0.6666666666666666,,,Rule:Combined,fleet,150000,11890,0.4,A_volume_matched,ROAD_ORNL,FS-B,2,in_f0,150000,11890,0.0,0.0,0.0,0.0,0.0158386128709569,0.8461538461538461,0.0158386128709569,0.8461538461538461,0.160053351117039,0.9230769230769232,,,,,,,,,,,0.0,0.0,0.0,0.0,0.0006945650286508,0.2307692307692307,0.0006945650286508,0.2307692307692307,0.0059038027435318,0.6923076923076923
226048,23767,0.1051413859003397,0.4886712997991986,0.1002288178645334,202303,0.0284295027739951,True,0.0,0.0,0.0,439899.38259848615,0.0,,,0.0,,,0.0,,,0.0,,,True,0.0,0.0,0.0,438035.56962038367,0.0,,,0.0,,,0.0,,,0.0,,,True,0.0,0.0,0.0,418082.9178351756,0.0,,,0.0,,,0.0,,,0.0,,,True,0.0,0.0,0.0,412104.7931875837,0.0,,,0.0,,,0.0,,,0.0,,,True,0.0,0.0,0.0,280999.1507198661,0.0,,,0.0,,,0.0,,,0.0,,,Rule:Staleness,fleet,150000,11890,0.52,A_volume_matched,ROAD_ORNL,FS-B,2,cross,150000,11890,0.0,0.0,0.0,0.0,0.0,0.0,0.0,0.0,0.0,0.0,,,,,,,,,,,0.0,0.0,0.0,0.0,0.0,0.0,0.0,0.0,0.0,0.0
113006,11877,0.1051006141266835,0.4806792106875105,0.0969557529365572,101152,0.0284295027739951,False,0.0,0.0,0.0236925115446607,138.4424504000058,3000.1594554371736,,,0.0,,,0.0,,,0.0,,,True,0.0,0.0,0.0299122902431547,34.177462166700515,3787.763920157533,,,0.0,,,0.0,,,0.0,,,True,0.0,0.0,0.0425001730463071,13.426418213998192,5381.7551500287855,,,0.0,,,0.0,,,0.0,,,True,0.0,0.0,0.0448733795449376,11.20020698662318,5682.271956917317,,,0.0,,,0.0,,,0.0,,,True,0.0124610591900311,0.0264663805436337,0.0538322340772676,5.2275131402489,6816.722902921524,,,0.0,,,0.3448275862068966,,,0.0,,,Rule:Staleness,fleet,150000,11890,0.25,A_volume_matched,ROAD_ORNL,FS-B,2,in_f0,150000,11890,0.0,0.0,0.0,0.0,0.0,0.0,0.0,0.0,0.0121707235745248,0.2307692307692307,,,,,,,,,,,0.0,0.0,0.0,0.0,0.0,0.0,0.0,0.0,0.0130230942872026,0.5384615384615384
