n_windows,n_pos,pos_rate,roc_auc,pr_auc,n_calib,win_seconds,resolvable@fa1,recall@fa1,precision@fa1,fpr@fa1,thr@fa1,fa_per_hour@fa1,recall[diagnostic]@fa1,recall[dos]@fa1,recall[fuzzing]@fa1,recall[replay]@fa1,recall[suspension]@fa1,event_recall@fa1,event_recall[diagnostic]@fa1,event_recall[dos]@fa1,event_recall[fuzzing]@fa1,event_recall[replay]@fa1,event_recall[suspension]@fa1,resolvable@fa10,recall@fa10,precision@fa10,fpr@fa10,thr@fa10,fa_per_hour@fa10,recall[diagnostic]@fa10,recall[dos]@fa10,recall[fuzzing]@fa10,recall[replay]@fa10,recall[suspension]@fa10,event_recall@fa10,event_recall[diagnostic]@fa10,event_recall[dos]@fa10,event_recall[fuzzing]@fa10,event_recall[replay]@fa10,event_recall[suspension]@fa10,resolvable@fa100,recall@fa100,precision@fa100,fpr@fa100,thr@fa100,fa_per_hour@fa100,recall[diagnostic]@fa100,recall[dos]@fa100,recall[fuzzing]@fa100,recall[replay]@fa100,recall[suspension]@fa100,event_recall@fa100,event_recall[diagnostic]@fa100,event_recall[dos]@fa100,event_recall[fuzzing]@fa100,event_recall[replay]@fa100,event_recall[suspension]@fa100,resolvable@fpr0.001,recall@fpr0.001,precision@fpr0.001,fpr@fpr0.001,thr@fpr0.001,fa_per_hour@fpr0.001,recall[diagnostic]@fpr0.001,recall[dos]@fpr0.001,recall[fuzzing]@fpr0.001,recall[replay]@fpr0.001,recall[suspension]@fpr0.001,event_recall@fpr0.001,event_recall[diagnostic]@fpr0.001,event_recall[dos]@fpr0.001,event_recall[fuzzing]@fpr0.001,event_recall[replay]@fpr0.001,event_recall[suspension]@fpr0.001,resolvable@fpr0.01,recall@fpr0.01,precision@fpr0.01,fpr@fpr0.01,thr@fpr0.01,fa_per_hour@fpr0.01,recall[diagnostic]@fpr0.01,recall[dos]@fpr0.01,recall[fuzzing]@fpr0.01,recall[replay]@fpr0.01,recall[suspension]@fpr0.01,event_recall@fpr0.01,event_recall[diagnostic]@fpr0.01,event_recall[dos]@fpr0.01,event_recall[fuzzing]@fpr0.01,event_recall[replay]@fpr0.01,event_recall[suspension]@fpr0.01,model,scope,n_train,n_train_pos,fit_s,control,test_domain,feature_set,seed,recall[spoofing]@fa1,event_recall[spoofing]@fa1,recall[spoofing]@fa10,event_recall[spoofing]@fa10,recall[spoofing]@fa100,event_recall[spoofing]@fa100,recall[spoofing]@fpr0.001,event_recall[spoofing]@fpr0.001,recall[spoofing]@fpr0.01,event_recall[spoofing]@fpr0.01,recall[timing]@fa1,event_recall[timing]@fa1,recall[timing]@fa10,event_recall[timing]@fa10,recall[timing]@fa100,event_recall[timing]@fa100,recall[timing]@fpr0.001,event_recall[timing]@fpr0.001,recall[timing]@fpr0.01,event_recall[timing]@fpr0.01,recall[masquerade]@fa1,event_recall[masquerade]@fa1,recall[masquerade]@fa10,event_recall[masquerade]@fa10,recall[masquerade]@fa100,event_recall[masquerade]@fa100,recall[masquerade]@fpr0.001,event_recall[masquerade]@fpr0.001,recall[masquerade]@fpr0.01,event_recall[masquerade]@fpr0.01
59474,952,0.0160069946531257,0.928757157403134,0.7263102651542092,58526,0.0328857999568248,False,0.6859243697478992,0.9746268656716418,0.0002904890468541,0.6197077035903932,31.79976068844265,1.0,1.0,1.0,1.0,0.0,0.8333333333333334,1.0,1.0,1.0,1.0,0.0,True,0.6859243697478992,0.9702823179791976,0.0003417518198284,0.5300371646881104,37.4114831628737,1.0,1.0,1.0,1.0,0.0,0.8333333333333334,1.0,1.0,1.0,1.0,0.0,True,0.6859243697478992,0.8848238482384824,0.0014524452342708,0.3467300534248352,158.99880344221324,1.0,1.0,1.0,1.0,0.0,0.8333333333333334,1.0,1.0,1.0,1.0,0.0,True,0.6859243697478992,0.8848238482384824,0.0014524452342708,0.3455224633216858,158.99880344221324,1.0,1.0,1.0,1.0,0.0,0.8333333333333334,1.0,1.0,1.0,1.0,0.0,True,0.6911764705882353,0.5843694493783304,0.0079969925839855,0.1819069236516952,875.4287060112446,1.0,1.0,1.0,1.0,0.0167224080267558,1.0,1.0,1.0,1.0,1.0,1.0,LogReg,fleet,150000,75000,2.07,C_feature_ablation,CIDv2_OpelAstra,FS-B34,0,,,,,,,,,,,,,,,,,,,,,,,,,,,,,,
59474,952,0.0160069946531257,0.8601572374276254,0.6952264052015225,58526,0.0328857999568248,False,0.6428571428571429,0.99836867862969,1.708759099142203e-05,0.9944506357733204,1.8705741581436848,0.0,0.9728434504792332,0.0,1.0,0.0,0.3333333333333333,0.0,1.0,0.0,1.0,0.0,True,0.6596638655462185,0.988976377952756,0.0001196131369399,0.9805192861995602,13.094019107005796,0.0,0.9968051118210862,0.0714285714285714,1.0,0.0,0.5,0.0,1.0,0.5,1.0,0.0,True,0.6691176470588235,0.8909090909090909,0.0013328320973309,0.8906197199763138,145.90478433520744,0.3,0.9984025559105432,0.4285714285714285,1.0,0.0,0.6666666666666666,1.0,1.0,0.5,1.0,0.0,True,0.6701680672268907,0.8775790921595599,0.0015207955982365,0.8817927913184436,166.481100074788,0.4,0.9984025559105432,0.4285714285714285,1.0,0.0,0.6666666666666666,1.0,1.0,0.5,1.0,0.0,True,0.6827731092436975,0.4713560551124003,0.0124568538327466,0.4291010040355576,1363.6485612867466,1.0,1.0,0.7142857142857143,1.0,0.0033444816053511,0.8333333333333334,1.0,1.0,0.5,1.0,1.0,RandomForest,fleet,150000,75000,134.91,C_feature_ablation,CIDv2_OpelAstra,FS-B34,0,,,,,,,,,,,,,,,,,,,,,,,,,,,,,,
59474,952,0.0160069946531257,0.8399194898047391,0.7002759522320259,58526,0.0328857999568248,False,0.6817226890756303,0.995398773006135,5.126277297426609e-05,0.9990365463967168,5.611722474431056,1.0,1.0,0.7142857142857143,1.0,0.0,0.6666666666666666,1.0,1.0,0.5,1.0,0.0,True,0.6817226890756303,0.993874425727412,6.835036396568812e-05,0.9978134911248276,7.482296632574741,1.0,1.0,0.7142857142857143,1.0,0.0,0.6666666666666666,1.0,1.0,0.5,1.0,0.0,True,0.6817226890756303,0.9392185238784372,0.0007176788216397,0.9473450135645988,78.56411464203478,1.0,1.0,0.7142857142857143,1.0,0.0,0.6666666666666666,1.0,1.0,0.5,1.0,0.0,True,0.6817226890756303,0.9127988748241912,0.0010594306414681,0.9231981465328112,115.97559780490847,1.0,1.0,0.7142857142857143,1.0,0.0,0.6666666666666666,1.0,1.0,0.5,1.0,0.0,True,0.6869747899159664,0.492099322799097,0.0115341239192098,0.1483928342284867,1262.6375567469877,1.0,1.0,0.7142857142857143,1.0,0.0167224080267558,0.8333333333333334,1.0,1.0,0.5,1.0,1.0,HistGB,fleet,150000,75000,50.48,C_feature_ablation,CIDv2_OpelAstra,FS-B34,0,,,,,,,,,,,,,,,,,,,,,,,,,,,,,,
59474,952,0.0160069946531257,0.8476752368354471,0.6988576740175138,58526,0.0328857999568248,False,0.6733193277310925,0.9922600619195048,8.543795495711015e-05,0.999156713485718,9.352870790718423,0.4,1.0,0.5714285714285714,1.0,0.0,0.6666666666666666,1.0,1.0,0.5,1.0,0.0,True,0.6796218487394958,0.9923312883435584,8.543795495711015e-05,0.998586654663086,9.352870790718423,1.0,1.0,0.5714285714285714,1.0,0.0,0.6666666666666666,1.0,1.0,0.5,1.0,0.0,True,0.6817226890756303,0.9140845070422536,0.0010423430504767,0.9618855714797974,114.10502364676478,1.0,1.0,0.7142857142857143,1.0,0.0,0.6666666666666666,1.0,1.0,0.5,1.0,0.0,True,0.6817226890756303,0.9001386962552012,0.0012303065513823,0.9540936350822448,134.68133938634534,1.0,1.0,0.7142857142857143,1.0,0.0,0.6666666666666666,1.0,1.0,0.5,1.0,0.0,True,0.6848739495798319,0.4883895131086142,0.0116708246471412,0.2331072241067886,1277.602150012137,1.0,1.0,0.7142857142857143,1.0,0.0100334448160535,0.8333333333333334,1.0,1.0,0.5,1.0,1.0,XGBoost,fleet,150000,75000,14.98,C_feature_ablation,CIDv2_OpelAstra,FS-B34,0,,,,,,,,,,,,,,,,,,,,,,,,,,,,,,
59474,952,0.0160069946531257,0.8530241733411179,0.6994405208611976,58526,0.0328857999568248,False,0.6796218487394958,0.9938556067588326,6.835036396568812e-05,0.998903575795454,7.482296632574741,0.8,1.0,0.7142857142857143,1.0,0.0,0.6666666666666666,1.0,1.0,0.5,1.0,0.0,True,0.680672268907563,0.9938650306748468,6.835036396568812e-05,0.9987257053030236,7.482296632574741,0.9,1.0,0.7142857142857143,1.0,0.0,0.6666666666666666,1.0,1.0,0.5,1.0,0.0,True,0.6817226890756303,0.9392185238784372,0.0007176788216397,0.9802714588625938,78.56411464203478,1.0,1.0,0.7142857142857143,1.0,0.0,0.6666666666666666,1.0,1.0,0.5,1.0,0.0,True,0.6817226890756303,0.9192634560906516,0.000973992686511,0.9718943765395824,106.62272701419006,1.0,1.0,0.7142857142857143,1.0,0.0,0.6666666666666666,1.0,1.0,0.5,1.0,0.0,True,0.6848739495798319,0.481180811808118,0.0120125764669696,0.2574989926385242,1315.013633175011,1.0,1.0,0.7142857142857143,1.0,0.0100334448160535,0.8333333333333334,1.0,1.0,0.5,1.0,1.0,LightGBM,fleet,150000,75000,37.88,C_feature_ablation,CIDv2_OpelAstra,FS-B34,0,,,,,,,,,,,,,,,,,,,,,,,,,,,,,,
59474,952,0.0160069946531257,0.8425294757354772,0.6864775216386821,58526,0.0328857999568248,False,0.6649159663865546,0.9738461538461538,0.0002904890468541,15625.000000000002,31.79976068844265,0.0,1.0,0.2857142857142857,1.0,0.0,0.5,0.0,1.0,0.5,1.0,0.0,True,0.6649159663865546,0.9738461538461538,0.0002904890468541,15625.000000000002,31.79976068844265,0.0,1.0,0.2857142857142857,1.0,0.0,0.5,0.0,1.0,0.5,1.0,0.0,True,0.6649159663865546,0.9738461538461538,0.0002904890468541,15625.000000000002,31.79976068844265,0.0,1.0,0.2857142857142857,1.0,0.0,0.5,0.0,1.0,0.5,1.0,0.0,True,0.6649159663865546,0.9738461538461538,0.0002904890468541,15625.000000000002,31.79976068844265,0.0,1.0,0.2857142857142857,1.0,0.0,0.5,0.0,1.0,0.5,1.0,0.0,True,0.6649159663865546,0.9738461538461538,0.0002904890468541,15625.000000000002,31.79976068844265,0.0,1.0,0.2857142857142857,1.0,0.0,0.5,0.0,1.0,0.5,1.0,0.0,Rule:Combined,fleet,150000,75000,0.22,C_feature_ablation,CIDv2_OpelAstra,FS-B34,0,,,,,,,,,,,,,,,,,,,,,,,,,,,,,,
59474,952,0.0160069946531257,0.9031531523446328,0.7149086091592308,58526,0.0328857999568248,False,0.6838235294117647,0.9760119940029984,0.0002734014558627,0.8105046749114991,29.929186530298963,0.8,1.0,1.0,1.0,0.0,0.8333333333333334,1.0,1.0,1.0,1.0,0.0,True,0.6859243697478992,0.9674074074074074,0.0003759270018112,0.6777409315109253,41.15263147916108,1.0,1.0,1.0,1.0,0.0,0.8333333333333334,1.0,1.0,1.0,1.0,0.0,True,0.6859243697478992,0.8896457765667575,0.0013840948703051,0.5138969421386719,151.51650680963849,1.0,1.0,1.0,1.0,0.0,0.8333333333333334,1.0,1.0,1.0,1.0,0.0,True,0.6859243697478992,0.8884353741496599,0.0014011824612966,0.5127257108688354,153.3870809677822,1.0,1.0,1.0,1.0,0.0,0.8333333333333334,1.0,1.0,1.0,1.0,0.0,True,0.6880252100840336,0.6070435588507878,0.0072451385803629,0.3001773059368133,793.1234430529227,1.0,1.0,1.0,1.0,0.0066889632107023,1.0,1.0,1.0,1.0,1.0,1.0,LogReg,fleet,150000,75000,2.45,C_feature_ablation,CIDv2_OpelAstra,FS-B,0,,,,,,,,,,,,,,,,,,,,,,,,,,,,,,
59474,952,0.0160069946531257,0.9935467599773582,0.8325344092193696,58526,0.0328857999568248,False,0.6586134453781513,0.993660855784469,6.835036396568812e-05,0.9771918421837896,7.482296632574741,0.0,0.9968051118210862,0.0,1.0,0.0,0.3333333333333333,0.0,1.0,0.0,1.0,0.0,True,0.6596638655462185,0.98125,0.000205051091897,0.9604387091242912,22.446889897724223,0.0,0.9968051118210862,0.0714285714285714,1.0,0.0,0.5,0.0,1.0,0.5,1.0,0.0,True,0.667016806722689,0.8943661971830986,0.0012815693243566,0.8773822340614432,140.29306186077636,0.3,0.9968051118210862,0.3571428571428571,1.0,0.0,0.6666666666666666,1.0,1.0,0.5,1.0,0.0,True,0.6712184873949579,0.8753424657534247,0.0015549707802194,0.8666713541051221,170.22224839107534,0.4,0.9984025559105432,0.5,1.0,0.0,0.6666666666666666,1.0,1.0,0.5,1.0,0.0,True,0.842436974789916,0.5234986945169713,0.012473941423738,0.4212458370671521,1365.5191354448905,1.0,1.0,0.7142857142857143,1.0,0.5117056856187291,0.8333333333333334,1.0,1.0,0.5,1.0,1.0,RandomForest,fleet,150000,75000,156.16,C_feature_ablation,CIDv2_OpelAstra,FS-B,0,,,,,,,,,,,,,,,,,,,,,,,,,,,,,,
59474,952,0.0160069946531257,0.9970632497898512,0.915069407836532,58526,0.0328857999568248,False,0.6817226890756303,0.993874425727412,6.835036396568812e-05,0.9991182214776448,7.482296632574741,1.0,1.0,0.7142857142857143,1.0,0.0,0.6666666666666666,1.0,1.0,0.5,1.0,0.0,True,0.6817226890756303,0.992354740061162,8.543795495711015e-05,0.9982582979503124,9.352870790718423,1.0,1.0,0.7142857142857143,1.0,0.0,0.6666666666666666,1.0,1.0,0.5,1.0,0.0,True,0.6817226890756303,0.9127988748241912,0.0010594306414681,0.9414995666862054,115.97559780490847,1.0,1.0,0.7142857142857143,1.0,0.0,0.6666666666666666,1.0,1.0,0.5,1.0,0.0,True,0.6827731092436975,0.8953168044077136,0.001298656915348,0.9158790552781596,142.1636360189201,1.0,1.0,0.7142857142857143,1.0,0.0033444816053511,0.8333333333333334,1.0,1.0,0.5,1.0,1.0,True,0.9789915966386554,0.58801261829653,0.0111581969173985,0.197422839351698,1221.4849252678264,1.0,1.0,0.7142857142857143,1.0,0.9464882943143812,0.8333333333333334,1.0,1.0,0.5,1.0,1.0,HistGB,fleet,150000,75000,48.06,C_feature_ablation,CIDv2_OpelAstra,FS-B,0,,,,,,,,,,,,,,,,,,,,,,,,,,,,,,
59474,952,0.0160069946531257,0.9963884873863424,0.9001701398139135,58526,0.0328857999568248,False,0.6775210084033614,0.9923076923076924,8.543795495711015e-05,0.9991826415061952,9.352870790718423,0.7,0.9984025559105432,0.7142857142857143,1.0,0.0,0.6666666666666666,1.0,1.0,0.5,1.0,0.0,True,0.6796218487394958,0.9923312883435584,8.543795495711015e-05,0.9984604120254515,9.352870790718423,0.9,0.9984025559105432,0.7142857142857143,1.0,0.0,0.6666666666666666,1.0,1.0,0.5,1.0,0.0,True,0.6827731092436975,0.935251798561151,0.0007689415946139,0.9763992428779602,84.17583711646583,1.0,1.0,0.7142857142857143,1.0,0.0033444816053511,0.8333333333333334,1.0,1.0,0.5,1.0,1.0,True,0.6838235294117647,0.9247159090909092,0.0009056423225453,0.9702736139297484,99.14043038161532,1.0,1.0,0.7142857142857143,1.0,0.0066889632107023,0.8333333333333334,1.0,1.0,0.5,1.0,1.0,True,0.9695378151260504,0.5641809290953546,0.0121834523768839,0.232168436050415,1333.7193747564477,1.0,1.0,0.7142857142857143,1.0,0.9163879598662208,0.8333333333333334,1.0,1.0,0.5,1.0,1.0,XGBoost,fleet,150000,75000,18.01,C_feature_ablation,CIDv2_OpelAstra,FS-B,0,,,,,,,,,,,,,,,,,,,,,,,,,,,,,,
59474,952,0.0160069946531257,0.9967421035944536,0.8964127497741162,58526,0.0328857999568248,False,0.680672268907563,0.9938650306748468,6.835036396568812e-05,0.99925111783154,7.482296632574741,0.9,1.0,0.7142857142857143,1.0,0.0,0.6666666666666666,1.0,1.0,0.5,1.0,0.0,True,0.6817226890756303,0.9908396946564886,0.0001025255459485,0.9987807594349252,11.223444948862111,1.0,1.0,0.7142857142857143,1.0,0.0,0.6666666666666666,1.0,1.0,0.5,1.0,0.0,True,0.6817226890756303,0.9378612716763006,0.0007347664126311,0.9811435500367324,80.43468880017845,1.0,1.0,0.7142857142857143,1.0,0.0,0.6666666666666666,1.0,1.0,0.5,1.0,0.0,True,0.6817226890756303,0.9378612716763006,0.0007347664126311,0.9811435500367324,80.43468880017845,1.0,1.0,0.7142857142857143,1.0,0.0,0.6666666666666666,1.0,1.0,0.5,1.0,0.0,True,0.96218487394958,0.5700062227753578,0.0118075253750726,0.2512443077512085,1292.5667432772864,1.0,1.0,0.7142857142857143,1.0,0.8929765886287625,0.8333333333333334,1.0,1.0,0.5,1.0,1.0,LightGBM,fleet,150000,75000,30.22,C_feature_ablation,CIDv2_OpelAstra,FS-B,0,,,,,,,,,,,,,,,,,,,,,,,,,,,,,,
59474,952,0.0160069946531257,0.9951430586759156,0.8303927202148826,58526,0.0328857999568248,False,0.6649159663865546,0.9738461538461538,0.0002904890468541,15625.000000000002,31.79976068844265,0.0,1.0,0.2857142857142857,1.0,0.0,0.5,0.0,1.0,0.5,1.0,0.0,True,0.6649159663865546,0.9738461538461538,0.0002904890468541,15625.000000000002,31.79976068844265,0.0,1.0,0.2857142857142857,1.0,0.0,0.5,0.0,1.0,0.5,1.0,0.0,True,0.6649159663865546,0.9738461538461538,0.0002904890468541,15625.000000000002,31.79976068844265,0.0,1.0,0.2857142857142857,1.0,0.0,0.5,0.0,1.0,0.5,1.0,0.0,True,0.6649159663865546,0.9738461538461538,0.0002904890468541,15625.000000000002,31.79976068844265,0.0,1.0,0.2857142857142857,1.0,0.0,0.5,0.0,1.0,0.5,1.0,0.0,True,0.6649159663865546,0.9738461538461538,0.0002904890468541,15625.000000000002,31.79976068844265,0.0,1.0,0.2857142857142857,1.0,0.0,0.5,0.0,1.0,0.5,1.0,0.0,Rule:Combined,fleet,150000,75000,0.24,C_feature_ablation,CIDv2_OpelAstra,FS-B,0,,,,,,,,,,,,,,,,,,,,,,,,,,,,,,
59474,952,0.0160069946531257,0.9841402206280824,0.9707563744479056,58526,0.0328857999568248,False,0.680672268907563,1.0,0.0,3491.557720546357,0.0,0.0,0.7987220447284346,0.0,0.0,0.4949832775919732,0.3333333333333333,0.0,1.0,0.0,0.0,1.0,True,0.967436974789916,0.9946004319654428,8.543795495711015e-05,26.352091294127398,9.352870790718423,0.0,0.9984025559105432,0.0,0.0,0.9899665551839464,0.3333333333333333,0.0,1.0,0.0,0.0,1.0,True,0.9684873949579832,0.9201596806387226,0.0013670072793137,14.666730870794373,149.6459326514948,0.0,0.9984025559105432,0.0,0.0,0.9933110367892976,0.3333333333333333,0.0,1.0,0.0,0.0,1.0,True,0.9684873949579832,0.9192422731804586,0.0013840948703051,14.41787981401514,151.51650680963849,0.0,0.9984025559105432,0.0,0.0,0.9933110367892976,0.3333333333333333,0.0,1.0,0.0,0.0,1.0,True,0.9695378151260504,0.5947164948453608,0.0107480947336044,6.769397413194984,1176.591145472378,0.0,1.0,0.0,0.0,0.9933110367892976,0.3333333333333333,0.0,1.0,0.0,0.0,1.0,Rule:Staleness,fleet,150000,75000,0.15,C_feature_ablation,CIDv2_OpelAstra,FS-B,0,,,,,,,,,,,,,,,,,,,,,,,,,,,,,,
59474,952,0.0160069946531257,0.8354347869320996,0.6734402235558684,58526,0.0328857999568248,False,0.657563025210084,1.0,0.0,0.97945636510849,0.0,0.0,1.0,0.0,0.0,0.0,0.1666666666666666,0.0,1.0,0.0,0.0,0.0,True,0.657563025210084,1.0,0.0,0.9754574298858644,0.0,0.0,1.0,0.0,0.0,0.0,0.1666666666666666,0.0,1.0,0.0,0.0,0.0,True,0.657563025210084,0.9542682926829268,0.0005126277297426,0.9533825516700744,56.11722474431056,0.0,1.0,0.0,0.0,0.0,0.1666666666666666,0.0,1.0,0.0,0.0,0.0,True,0.657563025210084,0.9542682926829268,0.0005126277297426,0.9526006579399108,56.11722474431056,0.0,1.0,0.0,0.0,0.0,0.1666666666666666,0.0,1.0,0.0,0.0,0.0,True,0.6596638655462185,0.4879564879564879,0.0112607224633471,0.8312413692474365,1232.7083702166883,0.1,1.0,0.0,0.0,0.0033444816053511,0.5,1.0,1.0,0.0,0.0,1.0,LogReg,fleet,150000,75000,3.63,C_feature_ablation,CIDv2_OpelAstra,FS-A-rank,0,,,,,,,,,,,,,,,,,,,,,,,,,,,,,,
59474,952,0.0160069946531257,0.8439857531133161,0.6798951347932077,58526,0.0328857999568248,False,0.657563025210084,0.9952305246422892,5.126277297426609e-05,0.8045002200301765,5.611722474431056,0.0,1.0,0.0,0.0,0.0,0.1666666666666666,0.0,1.0,0.0,0.0,0.0,True,0.657563025210084,0.9858267716535432,0.0001537883189227,0.7962756684647695,16.835167423293168,0.0,1.0,0.0,0.0,0.0,0.1666666666666666,0.0,1.0,0.0,0.0,0.0,True,0.657563025210084,0.8804500703234881,0.0014524452342708,0.7662774570556675,158.99880344221324,0.0,1.0,0.0,0.0,0.0,0.1666666666666666,0.0,1.0,0.0,0.0,0.0,True,0.657563025210084,0.8755244755244755,0.0015207955982365,0.7659544955201945,166.481100074788,0.0,1.0,0.0,0.0,0.0,0.1666666666666666,0.0,1.0,0.0,0.0,0.0,True,0.6617647058823529,0.5898876404494382,0.0074843648542428,0.7412070200873502,819.311481266934,0.0,1.0,0.0,0.0,0.0133779264214046,0.3333333333333333,0.0,1.0,0.0,0.0,1.0,RandomForest,fleet,150000,75000,182.71,C_feature_ablation,CIDv2_OpelAstra,FS-A-rank,0,,,,,,,,,,,,,,,,,,,,,,,,,,,,,,
59474,952,0.0160069946531257,0.8473401979977939,0.6872902047665168,58526,0.0328857999568248,False,0.657563025210084,1.0,0.0,0.9957584185465282,0.0,0.0,1.0,0.0,0.0,0.0,0.1666666666666666,0.0,1.0,0.0,0.0,0.0,True,0.6586134453781513,0.9843014128728416,0.0001708759099142,0.9941336226315896,18.70574158143685,0.0,1.0,0.0,0.0,0.0033444816053511,0.3333333333333333,0.0,1.0,0.0,0.0,1.0,True,0.6607142857142857,0.9063400576368876,0.0011106934144424,0.9910982903230772,121.58732027933954,0.0,1.0,0.0,0.0,0.0100334448160535,0.3333333333333333,0.0,1.0,0.0,0.0,1.0,True,0.6607142857142857,0.9050359712230216,0.0011277810054338,0.9910085357430692,123.45789443748322,0.0,1.0,0.0,0.0,0.0100334448160535,0.3333333333333333,0.0,1.0,0.0,0.0,1.0,True,0.667016806722689,0.5720720720720721,0.0081166057209254,0.9839126333654074,888.5227251182505,0.0,1.0,0.0,0.0,0.0301003344481605,0.3333333333333333,0.0,1.0,0.0,0.0,1.0,HistGB,fleet,150000,75000,68.79,C_feature_ablation,CIDv2_OpelAstra,FS-A-rank,0,,,,,,,,,,,,,,,,,,,,,,,,,,,,,,
59474,952,0.0160069946531257,0.8493300856619603,0.686468347955961,58526,0.0328857999568248,False,0.657563025210084,1.0,0.0,0.9965000152587892,0.0,0.0,1.0,0.0,0.0,0.0,0.1666666666666666,0.0,1.0,0.0,0.0,0.0,True,0.657563025210084,0.9968152866242038,3.417518198284406e-05,0.9947916269302368,3.7411483162873695,0.0,1.0,0.0,0.0,0.0,0.1666666666666666,0.0,1.0,0.0,0.0,0.0,True,0.6607142857142857,0.8934659090909091,0.0012815693243566,0.9909159541130066,140.29306186077636,0.0,1.0,0.0,0.0,0.0100334448160535,0.3333333333333333,0.0,1.0,0.0,0.0,1.0,True,0.6617647058823529,0.8737864077669902,0.0015549707802194,0.9903743267059326,170.22224839107534,0.0,1.0,0.0714285714285714,0.0,0.0100334448160535,0.5,0.0,1.0,0.5,0.0,1.0,True,0.6649159663865546,0.5227085053674649,0.0098766275930419,0.981425166130066,1081.19186340705,0.0,1.0,0.0714285714285714,0.0,0.020066889632107,0.5,0.0,1.0,0.5,0.0,1.0,XGBoost,fleet,150000,75000,18.85,C_feature_ablation,CIDv2_OpelAstra,FS-A-rank,0,,,,,,,,,,,,,,,,,,,,,,,,,,,,,,
59474,952,0.0160069946531257,0.8453299649718744,0.6896559354183425,58526,0.0328857999568248,False,0.657563025210084,0.9968152866242038,3.417518198284406e-05,0.9977050326320468,3.7411483162873695,0.0,1.0,0.0,0.0,0.0,0.1666666666666666,0.0,1.0,0.0,0.0,0.0,True,0.657563025210084,0.9936507936507936,6.835036396568812e-05,0.9966752358437104,7.482296632574741,0.0,1.0,0.0,0.0,0.0,0.1666666666666666,0.0,1.0,0.0,0.0,0.0,True,0.6596638655462185,0.9443609022556392,0.0006322408666826,0.9946608914892968,69.21124385131634,0.0,1.0,0.0,0.0,0.0066889632107023,0.3333333333333333,0.0,1.0,0.0,0.0,1.0,True,0.6596638655462185,0.9373134328358208,0.0007176788216397,0.994588372477947,78.56411464203478,0.0,1.0,0.0,0.0,0.0066889632107023,0.3333333333333333,0.0,1.0,0.0,0.0,1.0,True,0.6680672268907563,0.5454545454545454,0.0090564232254536,0.9889251819627544,991.4043038161532,0.0,1.0,0.0,0.0,0.0334448160535117,0.3333333333333333,0.0,1.0,0.0,0.0,1.0,LightGBM,fleet,150000,75000,43.31,C_feature_ablation,CIDv2_OpelAstra,FS-A-rank,0,,,,,,,,,,,,,,,,,,,,,,,,,,,,,,
59474,952,0.0160069946531257,0.8212642469584805,0.6742008144542316,58526,0.0328857999568248,False,0.657563025210084,0.9984051036682616,1.708759099142203e-05,0.9760581851005556,1.8705741581436848,0.0,1.0,0.0,0.0,0.0,0.1666666666666666,0.0,1.0,0.0,0.0,0.0,True,0.657563025210084,0.9889415481832544,0.0001196131369399,0.9669349193572998,13.094019107005796,0.0,1.0,0.0,0.0,0.0,0.1666666666666666,0.0,1.0,0.0,0.0,0.0,True,0.657563025210084,0.8816901408450705,0.0014353576432794,0.938846468925476,157.12822928406956,0.0,1.0,0.0,0.0,0.0,0.1666666666666666,0.0,1.0,0.0,0.0,0.0,True,0.657563025210084,0.8804500703234881,0.0014524452342708,0.9380055665969848,158.99880344221324,0.0,1.0,0.0,0.0,0.0,0.1666666666666666,0.0,1.0,0.0,0.0,0.0,True,0.6596638655462185,0.5118174409127955,0.0102354670038617,0.8876315355300903,1120.4739207280677,0.0,1.0,0.0,0.0,0.0066889632107023,0.3333333333333333,0.0,1.0,0.0,0.0,1.0,LogReg,fleet,150000,75000,6.11,C_feature_ablation,CIDv2_OpelAstra,FS-A,0,,,,,,,,,,,,,,,,,,,,,,,,,,,,,,
59474,952,0.0160069946531257,0.8635155593285466,0.6926677324688328,58526,0.0328857999568248,False,0.657563025210084,0.9968152866242038,3.417518198284406e-05,0.8048601852049532,3.7411483162873695,0.0,1.0,0.0,0.0,0.0,0.1666666666666666,0.0,1.0,0.0,0.0,0.0,True,0.657563025210084,0.9952305246422892,5.126277297426609e-05,0.8029218941204034,5.611722474431056,0.0,1.0,0.0,0.0,0.0,0.1666666666666666,0.0,1.0,0.0,0.0,0.0,True,0.657563025210084,0.990506329113924,0.0001025255459485,0.7855057014720397,11.223444948862111,0.0,1.0,0.0,0.0,0.0,0.1666666666666666,0.0,1.0,0.0,0.0,0.0,True,0.657563025210084,0.9873817034700316,0.0001367007279313,0.7850613338457546,14.964593265149482,0.0,1.0,0.0,0.0,0.0,0.1666666666666666,0.0,1.0,0.0,0.0,0.0,True,0.6638655462184874,0.7605294825511432,0.0034004306072929,0.7508478887110903,372.24425747059337,0.0,1.0,0.0,0.0,0.020066889632107,0.3333333333333333,0.0,1.0,0.0,0.0,1.0,RandomForest,fleet,150000,75000,157.13,C_feature_ablation,CIDv2_OpelAstra,FS-A,0,,,,,,,,,,,,,,,,,,,,,,,,,,,,,,
59474,952,0.0160069946531257,0.8551120005433567,0.681790206163045,58526,0.0328857999568248,False,0.657563025210084,0.9968152866242038,3.417518198284406e-05,0.9872404906957292,3.7411483162873695,0.0,1.0,0.0,0.0,0.0,0.1666666666666666,0.0,1.0,0.0,0.0,0.0,True,0.657563025210084,0.9968152866242038,3.417518198284406e-05,0.9872404906957292,3.7411483162873695,0.0,1.0,0.0,0.0,0.0,0.1666666666666666,0.0,1.0,0.0,0.0,0.0,True,0.657563025210084,0.9315476190476192,0.0007860291856054,0.9744549408785774,86.04641127460951,0.0,1.0,0.0,0.0,0.0,0.1666666666666666,0.0,1.0,0.0,0.0,0.0,True,0.657563025210084,0.9178885630498532,0.0009569050955196,0.973892038925775,104.75215285604638,0.0,1.0,0.0,0.0,0.0,0.1666666666666666,0.0,1.0,0.0,0.0,0.0,True,0.6607142857142857,0.6001908396946565,0.0071597006254058,0.9493043389275284,783.770572262204,0.0,1.0,0.0,0.0,0.0100334448160535,0.3333333333333333,0.0,1.0,0.0,0.0,1.0,HistGB,fleet,150000,75000,73.89,C_feature_ablation,CIDv2_OpelAstra,FS-A,0,,,,,,,,,,,,,,,,,,,,,,,,,,,,,,
59474,952,0.0160069946531257,0.8452654557260517,0.6816423026070587,58526,0.0328857999568248,False,0.657563025210084,1.0,0.0,0.9944155216217042,0.0,0.0,1.0,0.0,0.0,0.0,0.1666666666666666,0.0,1.0,0.0,0.0,0.0,True,0.657563025210084,0.9889415481832544,0.0001196131369399,0.9918854236602784,13.094019107005796,0.0,1.0,0.0,0.0,0.0,0.1666666666666666,0.0,1.0,0.0,0.0,0.0,True,0.657563025210084,0.932935916542474,0.0007689415946139,0.9878089427947998,84.17583711646583,0.0,1.0,0.0,0.0,0.0,0.1666666666666666,0.0,1.0,0.0,0.0,0.0,True,0.657563025210084,0.9287833827893176,0.0008202043675882,0.9873954653739928,89.78755959089689,0.0,1.0,0.0,0.0,0.0,0.1666666666666666,0.0,1.0,0.0,0.0,0.0,True,0.6628151260504201,0.5015898251192369,0.0107139195516216,0.9737778306007384,1172.8499971560905,0.0,1.0,0.0,0.0,0.0167224080267558,0.3333333333333333,0.0,1.0,0.0,0.0,1.0,XGBoost,fleet,150000,75000,66.43,C_feature_ablation,CIDv2_OpelAstra,FS-A,0,,,,,,,,,,,,,,,,,,,,,,,,,,,,,,
59474,952,0.0160069946531257,0.8523248744492842,0.6816439093168355,58526,0.0328857999568248,False,0.657563025210084,1.0,0.0,0.9972165778780026,0.0,0.0,1.0,0.0,0.0,0.0,0.1666666666666666,0.0,1.0,0.0,0.0,0.0,True,0.657563025210084,0.9889415481832544,0.0001196131369399,0.9968893823293078,13.094019107005796,0.0,1.0,0.0,0.0,0.0,0.1666666666666666,0.0,1.0,0.0,0.0,0.0,True,0.657563025210084,0.9413533834586466,0.0006664160486654,0.994731493175581,72.95239216760372,0.0,1.0,0.0,0.0,0.0,0.1666666666666666,0.0,1.0,0.0,0.0,0.0,True,0.657563025210084,0.9413533834586466,0.0006664160486654,0.9947099440063184,72.95239216760372,0.0,1.0,0.0,0.0,0.0,0.1666666666666666,0.0,1.0,0.0,0.0,0.0,True,0.6596638655462185,0.6205533596837944,0.006561634940706,0.987124647338141,718.3004767271751,0.0,1.0,0.0,0.0,0.0066889632107023,0.3333333333333333,0.0,1.0,0.0,0.0,1.0,LightGBM,fleet,150000,75000,53.71,C_feature_ablation,CIDv2_OpelAstra,FS-A,0,,,,,,,,,,,,,,,,,,,,,,,,,,,,,,
5994,1058,0.1765098431765098,0.8921403798488325,0.5847947823848805,4940,0.0504306446273316,False,0.0,0.0,0.0,1.0000000000000002,0.0,0.0,0.0,0.0,,0.0,0.0,0.0,0.0,0.0,,0.0,False,0.0,0.0,0.0,1.0000000000000002,0.0,0.0,0.0,0.0,,0.0,0.0,0.0,0.0,0.0,,0.0,True,0.0,0.0,0.0,1.0000000000000002,0.0,0.0,0.0,0.0,,0.0,0.0,0.0,0.0,0.0,,0.0,True,0.0,0.0,0.0,1.0000000000000002,0.0,0.0,0.0,0.0,,0.0,0.0,0.0,0.0,0.0,,0.0,True,0.0,0.0,0.0,1.0000000000000002,0.0,0.0,0.0,0.0,,0.0,0.0,0.0,0.0,0.0,,0.0,LogReg,fleet,150000,75000,2.03,C_feature_ablation,CIDv2_Prototype,FS-B34,0,0.0,0.0,0.0,0.0,0.0,0.0,0.0,0.0,0.0,0.0,,,,,,,,,,,,,,,,,,,,
5994,1058,0.1765098431765098,0.9699575167053216,0.9600034572788398,4940,0.0504306446273316,False,0.9130434782608696,0.998965873836608,0.0002025931928687,0.4943144273779754,14.462148951633994,0.8,0.9984051036682616,0.6923076923076923,,0.0,0.6666666666666666,1.0,1.0,0.5,,0.0,False,0.9130434782608696,0.998965873836608,0.0002025931928687,0.4943144273779754,14.462148951633994,0.8,0.9984051036682616,0.6923076923076923,,0.0,0.6666666666666666,1.0,1.0,0.5,,0.0,True,0.9130434782608696,0.998965873836608,0.0002025931928687,0.4943144273779754,14.462148951633994,0.8,0.9984051036682616,0.6923076923076923,,0.0,0.6666666666666666,1.0,1.0,0.5,,0.0,True,0.9130434782608696,0.998965873836608,0.0002025931928687,0.4943144273779754,14.462148951633994,0.8,0.9984051036682616,0.6923076923076923,,0.0,0.6666666666666666,1.0,1.0,0.5,,0.0,True,0.9319470699432892,0.9328287606433302,0.014384116693679,0.4603486258822983,1026.8125755660135,0.8,0.9984051036682616,0.7692307692307693,,0.0576923076923076,0.8333333333333334,1.0,1.0,0.5,,1.0,RandomForest,fleet,150000,75000,136.68,C_feature_ablation,CIDv2_Prototype,FS-B34,0,0.9073033707865168,1.0,0.9073033707865168,1.0,0.9073033707865168,1.0,0.9073033707865168,1.0,0.952247191011236,1.0,,,,,,,,,,,,,,,,,,,,
5994,1058,0.1765098431765098,0.9660395022258442,0.9617138212476604,4940,0.0504306446273316,False,0.9026465028355388,0.9989539748953976,0.0002025931928687,0.9286267198805838,14.462148951633994,1.0,1.0,0.7692307692307693,,0.0,0.6666666666666666,1.0,1.0,0.5,,0.0,False,0.9026465028355388,0.9989539748953976,0.0002025931928687,0.9286267198805838,14.462148951633994,1.0,1.0,0.7692307692307693,,0.0,0.6666666666666666,1.0,1.0,0.5,,0.0,True,0.9120982986767486,0.9948453608247424,0.0010129659643435,0.898787988522295,72.31074475816997,1.0,1.0,0.7692307692307693,,0.0,0.6666666666666666,1.0,1.0,0.5,,0.0,True,0.9026465028355388,0.9968684759916492,0.0006077795786061,0.9125460222751844,43.386446854902,1.0,1.0,0.7692307692307693,,0.0,0.6666666666666666,1.0,1.0,0.5,,0.0,True,0.941398865784499,0.9494756911344138,0.0107374392220421,0.7940063219485625,766.4938944366017,1.0,1.0,0.7692307692307693,,0.0,0.6666666666666666,1.0,1.0,0.5,,0.0,HistGB,fleet,150000,75000,35.94,C_feature_ablation,CIDv2_Prototype,FS-B34,0,0.8651685393258427,1.0,0.8651685393258427,1.0,0.8932584269662921,1.0,0.8651685393258427,1.0,0.9803370786516854,1.0,,,,,,,,,,,,,,,,,,,,
5994,1058,0.1765098431765098,0.9813707133731422,0.968330215173693,4940,0.0504306446273316,False,0.9319470699432892,1.0,0.0,0.8879474997520448,0.0,1.0,0.9984051036682616,0.7692307692307693,,0.0,0.6666666666666666,1.0,1.0,0.5,,0.0,False,0.9319470699432892,1.0,0.0,0.8879474997520448,0.0,1.0,0.9984051036682616,0.7692307692307693,,0.0,0.6666666666666666,1.0,1.0,0.5,,0.0,True,0.9347826086956522,1.0,0.0,0.870850145816803,0.0,1.0,1.0,0.7692307692307693,,0.0,0.6666666666666666,1.0,1.0,0.5,,0.0,True,0.9319470699432892,1.0,0.0,0.8879474997520447,0.0,1.0,0.9984051036682616,0.7692307692307693,,0.0,0.6666666666666666,1.0,1.0,0.5,,0.0,True,0.938563327032136,0.9612778315585672,0.0081037277147487,0.7629572153091431,578.4859580653598,1.0,1.0,0.7692307692307693,,0.0384615384615384,0.8333333333333334,1.0,1.0,0.5,,1.0,XGBoost,fleet,150000,75000,12.32,C_feature_ablation,CIDv2_Prototype,FS-B34,0,0.9550561797752808,1.0,0.9550561797752808,1.0,0.9606741573033708,1.0,0.9550561797752808,1.0,0.9662921348314608,1.0,,,,,,,,,,,,,,,,,,,,
5994,1058,0.1765098431765098,0.9619547026131074,0.9605573111202174,4940,0.0504306446273316,False,0.9017013232514176,1.0,0.0,0.9025851054261688,0.0,1.0,1.0,0.7692307692307693,,0.0192307692307692,0.8333333333333334,1.0,1.0,0.5,,1.0,False,0.9017013232514176,1.0,0.0,0.9025851054261688,0.0,1.0,1.0,0.7692307692307693,,0.0192307692307692,0.8333333333333334,1.0,1.0,0.5,,1.0,True,0.9215500945179584,0.9878419452887538,0.0024311183144246,0.8507864069664727,173.545787419608,1.0,1.0,0.7692307692307693,,0.0192307692307692,0.8333333333333334,1.0,1.0,0.5,,1.0,True,0.9073724007561436,0.9917355371900828,0.0016207455429497,0.8691347896983677,115.69719161307196,1.0,1.0,0.7692307692307693,,0.0192307692307692,0.8333333333333334,1.0,1.0,0.5,,1.0,True,0.940453686200378,0.9494274809160306,0.0107374392220421,0.7094711574676899,766.4938944366017,1.0,1.0,0.7692307692307693,,0.0576923076923076,0.8333333333333334,1.0,1.0,0.5,,1.0,LightGBM,fleet,150000,75000,20.39,C_feature_ablation,CIDv2_Prototype,FS-B34,0,0.8595505617977528,1.0,0.8595505617977528,1.0,0.9185393258426966,1.0,0.8764044943820225,1.0,0.9691011235955056,1.0,,,,,,,,,,,,,,,,,,,,
5994,1058,0.1765098431765098,0.9041014206799778,0.7699821054468886,4940,0.0504306446273316,False,0.0,0.0,0.0,1000000.0,0.0,0.0,0.0,0.0,,0.0,0.0,0.0,0.0,0.0,,0.0,False,0.0,0.0,0.0,1000000.0,0.0,0.0,0.0,0.0,,0.0,0.0,0.0,0.0,0.0,,0.0,True,0.5916824196597353,0.9936507936507936,0.0008103727714748,1000000.0,57.848595806535975,0.0,0.9968102073365231,0.0,,0.0192307692307692,0.3333333333333333,0.0,1.0,0.0,,1.0,True,0.5916824196597353,0.9936507936507936,0.0008103727714748,1000000.0,57.848595806535975,0.0,0.9968102073365231,0.0,,0.0192307692307692,0.3333333333333333,0.0,1.0,0.0,,1.0,True,0.6049149338374291,0.9580838323353292,0.0056726094003241,984375.0,404.94017064575183,0.0,0.9968102073365231,0.0,,0.2884615384615384,0.3333333333333333,0.0,1.0,0.0,,1.0,Rule:Combined,fleet,150000,75000,0.09,C_feature_ablation,CIDv2_Prototype,FS-B34,0,0.0,0.0,0.0,0.0,0.0,0.0,0.0,0.0,0.0,0.0,,,,,,,,,,,,,,,,,,,,
5994,1058,0.1765098431765098,0.9291401584899186,0.7609871857047693,4940,0.0504306446273316,False,0.0,0.0,0.0,1.0000000000000002,0.0,0.0,0.0,0.0,,0.0,0.0,0.0,0.0,0.0,,0.0,False,0.0,0.0,0.0,1.0000000000000002,0.0,0.0,0.0,0.0,,0.0,0.0,0.0,0.0,0.0,,0.0,True,0.0,0.0,0.0,1.0000000000000002,0.0,0.0,0.0,0.0,,0.0,0.0,0.0,0.0,0.0,,0.0,True,0.0,0.0,0.0,1.0000000000000002,0.0,0.0,0.0,0.0,,0.0,0.0,0.0,0.0,0.0,,0.0,True,0.0,0.0,0.0,1.0000000000000002,0.0,0.0,0.0,0.0,,0.0,0.0,0.0,0.0,0.0,,0.0,LogReg,fleet,150000,75000,1.75,C_feature_ablation,CIDv2_Prototype,FS-B,0,0.0,0.0,0.0,0.0,0.0,0.0,0.0,0.0,0.0,0.0,,,,,,,,,,,,,,,,,,,,
5994,1058,0.1765098431765098,0.9626435769149464,0.9552653851335148,4940,0.0504306446273316,False,0.9111531190926276,1.0,0.0,0.5440338503860145,0.0,0.7,0.9984051036682616,0.3846153846153846,,0.0,0.6666666666666666,1.0,1.0,0.5,,0.0,False,0.9111531190926276,1.0,0.0,0.5440338503860145,0.0,0.7,0.9984051036682616,0.3846153846153846,,0.0,0.6666666666666666,1.0,1.0,0.5,,0.0,True,0.9196597353497163,0.9908350305498982,0.0018233387358184,0.5293855035589544,130.15934056470596,0.7,0.9984051036682616,0.4615384615384615,,0.0,0.6666666666666666,1.0,1.0,0.5,,0.0,True,0.9130434782608696,0.998965873836608,0.0002025931928687,0.5405373156745543,14.462148951633994,0.7,0.9984051036682616,0.3846153846153846,,0.0,0.6666666666666666,1.0,1.0,0.5,,0.0,True,0.9310018903591682,0.9600389863547758,0.0083063209076175,0.4953309447316304,592.9481070169938,0.8,0.9984051036682616,0.6153846153846154,,0.0,0.6666666666666666,1.0,1.0,0.5,,0.0,RandomForest,fleet,150000,75000,157.51,C_feature_ablation,CIDv2_Prototype,FS-B,0,0.9157303370786516,1.0,0.9157303370786516,1.0,0.9382022471910112,1.0,0.9213483146067416,1.0,0.9634831460674156,1.0,,,,,,,,,,,,,,,,,,,,
5994,1058,0.1765098431765098,0.9610193846069004,0.9474271319647646,4940,0.0504306446273316,False,0.780718336483932,1.0,0.0,0.971259104542914,0.0,1.0,1.0,0.7692307692307693,,0.0,0.6666666666666666,1.0,1.0,0.5,,0.0,False,0.780718336483932,1.0,0.0,0.971259104542914,0.0,1.0,1.0,0.7692307692307693,,0.0,0.6666666666666666,1.0,1.0,0.5,,0.0,True,0.8468809073724007,0.996662958843159,0.0006077795786061,0.9541021042679452,43.386446854902,1.0,1.0,0.8461538461538461,,0.0,0.8333333333333334,1.0,1.0,1.0,,0.0,True,0.8355387523629489,0.9966178128523112,0.0006077795786061,0.9578442907104716,43.386446854902,1.0,1.0,0.8461538461538461,,0.0,0.8333333333333334,1.0,1.0,1.0,,0.0,True,0.9026465028355388,0.9530938123752496,0.0095218800648298,0.9044769415176248,679.7210007267978,1.0,1.0,0.9230769230769232,,0.0192307692307692,1.0,1.0,1.0,1.0,,1.0,HistGB,fleet,150000,75000,68.66,C_feature_ablation,CIDv2_Prototype,FS-B,0,0.5028089887640449,1.0,0.5028089887640449,1.0,0.6966292134831461,1.0,0.6629213483146067,1.0,0.8567415730337079,1.0,,,,,,,,,,,,,,,,,,,,
5994,1058,0.1765098431765098,0.9619539366653084,0.958322032884506,4940,0.0504306446273316,False,0.9168241965973536,0.9989701338825951,0.0002025931928687,0.9530872702598572,14.462148951633994,1.0,0.9984051036682616,0.7692307692307693,,0.0,0.6666666666666666,1.0,1.0,0.5,,0.0,False,0.9168241965973536,0.9989701338825951,0.0002025931928687,0.9530872702598572,14.462148951633994,1.0,0.9984051036682616,0.7692307692307693,,0.0,0.6666666666666666,1.0,1.0,0.5,,0.0,True,0.9300567107750471,0.993939393939394,0.0012155591572123,0.9238243699073792,86.772893709804,1.0,0.9984051036682616,0.7692307692307693,,0.0,0.6666666666666666,1.0,1.0,0.5,,0.0,True,0.9224952741020794,0.9979550102249488,0.0004051863857374,0.942523717880249,28.924297903267988,1.0,0.9984051036682616,0.7692307692307693,,0.0,0.6666666666666666,1.0,1.0,0.5,,0.0,True,0.9347826086956522,0.9601941747572816,0.0083063209076175,0.8802120089530945,592.9481070169938,1.0,0.9984051036682616,0.7692307692307693,,0.0,0.6666666666666666,1.0,1.0,0.5,,0.0,XGBoost,fleet,150000,75000,17.11,C_feature_ablation,CIDv2_Prototype,FS-B,0,0.9101123595505618,1.0,0.9101123595505618,1.0,0.949438202247191,1.0,0.9269662921348316,1.0,0.9634831460674156,1.0,,,,,,,,,,,,,,,,,,,,
5994,1058,0.1765098431765098,0.972494718789925,0.9667004812248244,4940,0.0504306446273316,False,0.9224952741020794,0.9979550102249488,0.0004051863857374,0.95687665584814,28.924297903267988,1.0,1.0,0.7692307692307693,,0.0,0.6666666666666666,1.0,1.0,0.5,,0.0,False,0.9224952741020794,0.9979550102249488,0.0004051863857374,0.95687665584814,28.924297903267988,1.0,1.0,0.7692307692307693,,0.0,0.6666666666666666,1.0,1.0,0.5,,0.0,True,0.9224952741020794,0.9979550102249488,0.0004051863857374,0.954746761472593,28.924297903267988,1.0,1.0,0.7692307692307693,,0.0,0.6666666666666666,1.0,1.0,0.5,,0.0,True,0.9224952741020794,0.9979550102249488,0.0004051863857374,0.9551551715986542,28.924297903267988,1.0,1.0,0.7692307692307693,,0.0,0.6666666666666666,1.0,1.0,0.5,,0.0,True,0.94234404536862,0.9586538461538462,0.0087115072933549,0.8870694316898147,621.8724049202618,1.0,1.0,0.8461538461538461,,0.0576923076923076,1.0,1.0,1.0,1.0,,1.0,LightGBM,fleet,150000,75000,27.18,C_feature_ablation,CIDv2_Prototype,FS-B,0,0.9241573033707864,1.0,0.9241573033707864,1.0,0.9241573033707864,1.0,0.9241573033707864,1.0,0.9719101123595506,1.0,,,,,,,,,,,,,,,,,,,,
5994,1058,0.1765098431765098,0.9041014206799778,0.7699821054468886,4940,0.0504306446273316,False,0.0,0.0,0.0,1000000.0,0.0,0.0,0.0,0.0,,0.0,0.0,0.0,0.0,0.0,,0.0,False,0.0,0.0,0.0,1000000.0,0.0,0.0,0.0,0.0,,0.0,0.0,0.0,0.0,0.0,,0.0,True,0.5916824196597353,0.9936507936507936,0.0008103727714748,1000000.0,57.848595806535975,0.0,0.9968102073365231,0.0,,0.0192307692307692,0.3333333333333333,0.0,1.0,0.0,,1.0,True,0.5916824196597353,0.9936507936507936,0.0008103727714748,1000000.0,57.848595806535975,0.0,0.9968102073365231,0.0,,0.0192307692307692,0.3333333333333333,0.0,1.0,0.0,,1.0,True,0.6049149338374291,0.9580838323353292,0.0056726094003241,984375.0,404.94017064575183,0.0,0.9968102073365231,0.0,,0.2884615384615384,0.3333333333333333,0.0,1.0,0.0,,1.0,Rule:Combined,fleet,150000,75000,0.1,C_feature_ablation,CIDv2_Prototype,FS-B,0,0.0,0.0,0.0,0.0,0.0,0.0,0.0,0.0,0.0,0.0,,,,,,,,,,,,,,,,,,,,
5994,1058,0.1765098431765098,0.8099739041584838,0.7261860260133,4940,0.0504306446273316,False,0.5727788279773157,1.0,0.0,8387.70967609445,0.0,0.0,0.9665071770334928,0.0,,0.0,0.1666666666666666,0.0,1.0,0.0,,0.0,False,0.5727788279773157,1.0,0.0,8387.70967609445,0.0,0.0,0.9665071770334928,0.0,,0.0,0.1666666666666666,0.0,1.0,0.0,,0.0,True,0.5869565217391305,1.0,0.0,2223.6332294117874,0.0,0.0,0.9904306220095692,0.0,,0.0,0.1666666666666666,0.0,1.0,0.0,,0.0,True,0.5869565217391305,1.0,0.0,2223.6332294117874,0.0,0.0,0.9904306220095692,0.0,,0.0,0.1666666666666666,0.0,1.0,0.0,,0.0,True,0.5973534971644613,0.8851540616246498,0.016612641815235,916.8113372145556,1185.8962140339877,0.0,0.9968102073365231,0.0769230769230769,,0.1153846153846153,0.5,0.0,1.0,0.5,,1.0,Rule:Staleness,fleet,150000,75000,0.06,C_feature_ablation,CIDv2_Prototype,FS-B,0,0.0,0.0,0.0,0.0,0.0,0.0,0.0,0.0,0.0,0.0,,,,,,,,,,,,,,,,,,,,
5994,1058,0.1765098431765098,0.8296723581694462,0.7695024934363973,4940,0.0504306446273316,False,0.5926275992438563,0.998407643312102,0.0002025931928687,0.9683826565742494,14.462148951633994,0.0,1.0,0.0,,0.0,0.1666666666666666,0.0,1.0,0.0,,0.0,False,0.5926275992438563,0.998407643312102,0.0002025931928687,0.9683826565742494,14.462148951633994,0.0,1.0,0.0,,0.0,0.1666666666666666,0.0,1.0,0.0,,0.0,True,0.5982986767485823,0.9829192546583853,0.0022285251215559,0.959129512310028,159.08363846797394,0.0,1.0,0.0,,0.0,0.3333333333333333,0.0,1.0,0.0,,0.0,True,0.5945179584120983,0.995253164556962,0.0006077795786061,0.9656625390052797,43.386446854902,0.0,1.0,0.0,,0.0,0.3333333333333333,0.0,1.0,0.0,,0.0,True,0.6323251417769377,0.9089673913043478,0.0135737439222042,0.9443949460983276,968.9639797594776,0.0,1.0,0.0,,0.0,0.3333333333333333,0.0,1.0,0.0,,0.0,LogReg,fleet,150000,75000,2.88,C_feature_ablation,CIDv2_Prototype,FS-A-rank,0,0.0,0.0,0.0,0.0,0.0168539325842696,1.0,0.0056179775280898,1.0,0.1179775280898876,1.0,,,,,,,,,,,,,,,,,,,,
5994,1058,0.1765098431765098,0.9506427067982464,0.9468529770332104,4940,0.0504306446273316,False,0.9083175803402648,0.9968879668049792,0.0006077795786061,0.6543006551740534,43.386446854902,0.0,0.9984051036682616,0.0,,0.0,0.3333333333333333,0.0,1.0,0.0,,0.0,False,0.9083175803402648,0.9968879668049792,0.0006077795786061,0.6543006551740534,43.386446854902,0.0,0.9984051036682616,0.0,,0.0,0.3333333333333333,0.0,1.0,0.0,,0.0,True,0.9092627599243857,0.9958592132505176,0.0008103727714748,0.6399195484436924,57.848595806535975,0.0,0.9984051036682616,0.0,,0.0,0.3333333333333333,0.0,1.0,0.0,,0.0,True,0.9092627599243857,0.9958592132505176,0.0008103727714748,0.6414490303885918,57.848595806535975,0.0,0.9984051036682616,0.0,,0.0,0.3333333333333333,0.0,1.0,0.0,,0.0,True,0.9253308128544424,0.944069431051109,0.0117504051863857,0.6093035186792267,838.8046391947717,0.0,0.9984051036682616,0.0,,0.0,0.3333333333333333,0.0,1.0,0.0,,0.0,RandomForest,fleet,150000,75000,177.54,C_feature_ablation,CIDv2_Prototype,FS-A-rank,0,0.9410112359550562,1.0,0.9410112359550562,1.0,0.9438202247191012,1.0,0.9438202247191012,1.0,0.9915730337078652,1.0,,,,,,,,,,,,,,,,,,,,
5994,1058,0.1765098431765098,0.9475352565771936,0.9414006497741126,4940,0.0504306446273316,False,0.7948960302457467,0.998812351543943,0.0002025931928687,0.9985963127827602,14.462148951633994,0.0,0.9968102073365231,0.0,,0.0,0.3333333333333333,0.0,1.0,0.0,,0.0,False,0.7948960302457467,0.998812351543943,0.0002025931928687,0.9985963127827602,14.462148951633994,0.0,0.9968102073365231,0.0,,0.0,0.3333333333333333,0.0,1.0,0.0,,0.0,True,0.8412098298676749,0.9877913429522752,0.0022285251215559,0.9975649680371408,159.08363846797394,0.0,0.9968102073365231,0.0,,0.0,0.3333333333333333,0.0,1.0,0.0,,0.0,True,0.8355387523629489,0.988814317673378,0.0020259319286871,0.997779080919686,144.62148951633995,0.0,0.9968102073365231,0.0,,0.0,0.3333333333333333,0.0,1.0,0.0,,0.0,True,0.888468809073724,0.9582059123343528,0.0083063209076175,0.9948282981786756,592.9481070169938,0.0,0.9984051036682616,0.0,,0.0,0.3333333333333333,0.0,1.0,0.0,,0.0,HistGB,fleet,150000,75000,83.41,C_feature_ablation,CIDv2_Prototype,FS-A-rank,0,0.6067415730337079,1.0,0.6067415730337079,1.0,0.7443820224719101,1.0,0.7275280898876404,1.0,0.8820224719101124,1.0,,,,,,,,,,,,,,,,,,,,
5994,1058,0.1765098431765098,0.939994691981752,0.9404057760388688,4940,0.0504306446273316,False,0.8431001890359168,1.0,0.0,0.999808132648468,0.0,0.0,0.9968102073365231,0.0,,0.0,0.3333333333333333,0.0,1.0,0.0,,0.0,False,0.8431001890359168,1.0,0.0,0.999808132648468,0.0,0.0,0.9968102073365231,0.0,,0.0,0.3333333333333333,0.0,1.0,0.0,,0.0,True,0.8752362948960303,0.990374331550802,0.0018233387358184,0.999669075012207,130.15934056470596,0.0,0.9968102073365231,0.0,,0.0,0.3333333333333333,0.0,1.0,0.0,,0.0,True,0.8695652173913043,0.9913793103448276,0.0016207455429497,0.9996910095214844,115.69719161307196,0.0,0.9968102073365231,0.0,,0.0,0.3333333333333333,0.0,1.0,0.0,,0.0,True,0.9177693761814744,0.9623389494549058,0.0076985413290113,0.9993937015533448,549.5616601620918,0.0,0.9968102073365231,0.0,,0.0,0.3333333333333333,0.0,1.0,0.0,,0.0,XGBoost,fleet,150000,75000,18.9,C_feature_ablation,CIDv2_Prototype,FS-A-rank,0,0.75,1.0,0.75,1.0,0.8455056179775281,1.0,0.8286516853932584,1.0,0.9719101123595506,1.0,,,,,,,,,,,,,,,,,,,,
5994,1058,0.1765098431765098,0.9498478444697038,0.9386076359120672,4940,0.0504306446273316,False,0.7986767485822306,0.9964622641509434,0.0006077795786061,0.9988383143071252,43.386446854902,0.0,0.9968102073365231,0.0,,0.0,0.3333333333333333,0.0,1.0,0.0,,0.0,False,0.7986767485822306,0.9964622641509434,0.0006077795786061,0.9988383143071252,43.386446854902,0.0,0.9968102073365231,0.0,,0.0,0.3333333333333333,0.0,1.0,0.0,,0.0,True,0.8204158790170132,0.985244040862656,0.0026337115072933,0.9982156675342224,188.00793637124195,0.0,0.9984051036682616,0.0,,0.0,0.3333333333333333,0.0,1.0,0.0,,0.0,True,0.8137996219281664,0.9942263279445728,0.0010129659643435,0.9984626765541872,72.31074475816997,0.0,0.9968102073365231,0.0,,0.0,0.3333333333333333,0.0,1.0,0.0,,0.0,True,0.8487712665406427,0.9697624190064796,0.0056726094003241,0.9967321452798924,404.94017064575183,0.0,0.9984051036682616,0.0,,0.0,0.3333333333333333,0.0,1.0,0.0,,0.0,LightGBM,fleet,150000,75000,54.49,C_feature_ablation,CIDv2_Prototype,FS-A-rank,0,0.6179775280898876,1.0,0.6179775280898876,1.0,0.6797752808988764,1.0,0.6629213483146067,1.0,0.7640449438202247,1.0,,,,,,,,,,,,,,,,,,,,
5994,1058,0.1765098431765098,0.8495873839206111,0.7608712247166851,4940,0.0504306446273316,False,0.5916824196597353,0.9984051036682616,0.0002025931928687,0.027710773050785,14.462148951633994,0.0,0.9984051036682616,0.0,,0.0,0.1666666666666666,0.0,1.0,0.0,,0.0,False,0.5916824196597353,0.9984051036682616,0.0002025931928687,0.027710773050785,14.462148951633994,0.0,0.9984051036682616,0.0,,0.0,0.1666666666666666,0.0,1.0,0.0,,0.0,True,0.5926275992438563,0.998407643312102,0.0002025931928687,0.0123516218736767,14.462148951633994,0.0,0.9984051036682616,0.0,,0.0,0.3333333333333333,0.0,1.0,0.0,,0.0,True,0.5926275992438563,0.998407643312102,0.0002025931928687,0.0127273444086313,14.462148951633994,0.0,0.9984051036682616,0.0,,0.0,0.3333333333333333,0.0,1.0,0.0,,0.0,True,0.5935727788279773,0.9359165424739196,0.0087115072933549,0.003152020741254,621.8724049202618,0.0,1.0,0.0,,0.0,0.3333333333333333,0.0,1.0,0.0,,0.0,LogReg,fleet,150000,75000,6.29,C_feature_ablation,CIDv2_Prototype,FS-A,0,0.0,0.0,0.0,0.0,0.0028089887640449,1.0,0.0028089887640449,1.0,0.0028089887640449,1.0,,,,,,,,,,,,,,,,,,,,
5994,1058,0.1765098431765098,0.9458490224974188,0.9415774133158198,4940,0.0504306446273316,False,0.9092627599243857,1.0,0.0,0.5150128264661836,0.0,0.0,0.9984051036682616,0.0,,0.0,0.3333333333333333,0.0,1.0,0.0,,0.0,False,0.9092627599243857,1.0,0.0,0.5150128264661836,0.0,0.0,0.9984051036682616,0.0,,0.0,0.3333333333333333,0.0,1.0,0.0,,0.0,True,0.9120982986767486,0.9897435897435898,0.0020259319286871,0.497410307241648,144.62148951633995,0.0,0.9984051036682616,0.0,,0.0,0.3333333333333333,0.0,1.0,0.0,,0.0,True,0.9111531190926276,0.9917695473251028,0.0016207455429497,0.498460855427068,115.69719161307196,0.0,0.9984051036682616,0.0,,0.0,0.3333333333333333,0.0,1.0,0.0,,0.0,True,0.9149338374291116,0.9490196078431372,0.0105348460291734,0.4846924313432847,752.0317454849677,0.0,0.9984051036682616,0.0,,0.0,0.3333333333333333,0.0,1.0,0.0,,0.0,RandomForest,fleet,150000,75000,168.98,C_feature_ablation,CIDv2_Prototype,FS-A,0,0.9438202247191012,1.0,0.9438202247191012,1.0,0.952247191011236,1.0,0.949438202247191,1.0,0.9606741573033708,1.0,,,,,,,,,,,,,,,,,,,,
5994,1058,0.1765098431765098,0.9423339923037564,0.9350304841366148,4940,0.0504306446273316,False,0.7958412098298677,1.0,0.0,0.1895133357667925,0.0,0.0,0.9968102073365231,0.0,,0.0,0.3333333333333333,0.0,1.0,0.0,,0.0,False,0.7958412098298677,1.0,0.0,0.1895133357667925,0.0,0.0,0.9968102073365231,0.0,,0.0,0.3333333333333333,0.0,1.0,0.0,,0.0,True,0.8156899810964083,0.9953863898500576,0.0008103727714748,0.1468695835377142,57.848595806535975,0.0,0.9968102073365231,0.0,,0.0,0.3333333333333333,0.0,1.0,0.0,,0.0,True,0.8071833648393195,0.9976635514018692,0.0004051863857374,0.1633393846225878,28.924297903267988,0.0,0.9968102073365231,0.0,,0.0,0.3333333333333333,0.0,1.0,0.0,,0.0,True,0.8742911153119093,0.9448416751787538,0.0109400324149108,0.0787070698377629,780.9560433882359,0.0,0.9984051036682616,0.0,,0.0,0.3333333333333333,0.0,1.0,0.0,,0.0,HistGB,fleet,150000,75000,68.88,C_feature_ablation,CIDv2_Prototype,FS-A,0,0.6095505617977528,1.0,0.6095505617977528,1.0,0.6685393258426966,1.0,0.6432584269662921,1.0,0.8398876404494382,1.0,,,,,,,,,,,,,,,,,,,,
5994,1058,0.1765098431765098,0.9460699026939916,0.9421095503809844,4940,0.0504306446273316,False,0.8298676748582231,1.0,0.0,0.5289594531059266,0.0,0.0,0.9984051036682616,0.0,,0.0,0.3333333333333333,0.0,1.0,0.0,,0.0,False,0.8298676748582231,1.0,0.0,0.5289594531059266,0.0,0.0,0.9984051036682616,0.0,,0.0,0.3333333333333333,0.0,1.0,0.0,,0.0,True,0.888468809073724,0.9978768577494692,0.0004051863857374,0.3010503053665161,28.924297903267988,0.0,0.9984051036682616,0.0,,0.0,0.3333333333333333,0.0,1.0,0.0,,0.0,True,0.8865784499054821,0.9989350372736954,0.0002025931928687,0.3133678138256073,14.462148951633994,0.0,0.9984051036682616,0.0,,0.0,0.3333333333333333,0.0,1.0,0.0,,0.0,True,0.9026465028355388,0.976482617586912,0.0046596434359805,0.2428992092609405,332.6294258875819,0.0,0.9984051036682616,0.0,,0.0,0.3333333333333333,0.0,1.0,0.0,,0.0,XGBoost,fleet,150000,75000,16.35,C_feature_ablation,CIDv2_Prototype,FS-A,0,0.7078651685393258,1.0,0.7078651685393258,1.0,0.8820224719101124,1.0,0.8764044943820225,1.0,0.9241573033707864,1.0,,,,,,,,,,,,,,,,,,,,
5994,1058,0.1765098431765098,0.9387984730064676,0.9395001639552288,4940,0.0504306446273316,False,0.8629489603024575,1.0,0.0,0.3011606524615551,0.0,0.0,0.9968102073365231,0.0,,0.0,0.3333333333333333,0.0,1.0,0.0,,0.0,False,0.8629489603024575,1.0,0.0,0.3011606524615551,0.0,0.0,0.9968102073365231,0.0,,0.0,0.3333333333333333,0.0,1.0,0.0,,0.0,True,0.8931947069943289,0.9936908517350158,0.0012155591572123,0.2011416077003788,86.772893709804,0.0,0.9984051036682616,0.0,,0.0,0.3333333333333333,0.0,1.0,0.0,,0.0,True,0.889413988657845,0.9957671957671956,0.0008103727714748,0.2125818925279154,57.848595806535975,0.0,0.9984051036682616,0.0,,0.0,0.3333333333333333,0.0,1.0,0.0,,0.0,True,0.9187145557655956,0.9400386847195358,0.0125607779578606,0.1130073023681788,896.6532350013078,0.0,0.9984051036682616,0.0,,0.0,0.3333333333333333,0.0,1.0,0.0,,0.0,LightGBM,fleet,150000,75000,58.72,C_feature_ablation,CIDv2_Prototype,FS-A,0,0.8089887640449438,1.0,0.8089887640449438,1.0,0.8960674157303371,1.0,0.8848314606741573,1.0,0.9719101123595506,1.0,,,,,,,,,,,,,,,,,,,,
9085,864,0.0951018161805173,0.8409089245248168,0.7873017586046919,8224,0.0455447607482506,False,0.0,0.0,0.0,1.0000000000000002,0.0,0.0,0.0,0.0,0.0,0.0,0.0,0.0,0.0,0.0,0.0,0.0,True,0.7280092592592593,1.0,0.0,1.0,0.0,0.0,0.9984025559105432,0.2307692307692307,0.3333333333333333,0.0,0.5,0.0,1.0,0.5,1.0,0.0,True,0.7303240740740741,0.9692780337941628,0.0024327940639824,0.999794900417328,192.29563371179515,0.0,1.0,0.2307692307692307,0.6666666666666666,0.0,0.5,0.0,1.0,0.5,1.0,0.0,True,0.7303240740740741,0.9692780337941628,0.0024327940639824,0.999794900417328,192.29563371179515,0.0,1.0,0.2307692307692307,0.6666666666666666,0.0,0.5,0.0,1.0,0.5,1.0,0.0,True,0.7476851851851852,0.7755102040816326,0.0227466244982362,0.8713387250900269,1797.9641752052844,0.7,1.0,0.7692307692307693,1.0,0.0,0.8333333333333334,1.0,1.0,1.0,1.0,0.0,LogReg,fleet,150000,75000,1.93,C_feature_ablation,CIDv2_RenaultClio,FS-B34,0,,,,,,,,,,,,,,,,,,,,,,,,,,,,,,
9085,864,0.0951018161805173,0.9054439961796124,0.8136317318790341,8224,0.0455447607482506,False,0.7233796296296297,0.9968102073365231,0.0002432794063982,0.9503021778261556,19.22956337117952,0.0,0.9968051118210862,0.0,0.3333333333333333,0.0,0.3333333333333333,0.0,1.0,0.0,1.0,0.0,True,0.7233796296296297,0.9968102073365231,0.0002432794063982,0.9503021778261556,19.22956337117952,0.0,0.9968051118210862,0.0,0.3333333333333333,0.0,0.3333333333333333,0.0,1.0,0.0,1.0,0.0,True,0.7256944444444444,0.9952380952380953,0.0003649191095973,0.9368443168894328,28.84434505676927,0.0,0.9968051118210862,0.0,1.0,0.0,0.3333333333333333,0.0,1.0,0.0,1.0,0.0,True,0.7256944444444444,0.9968203497615262,0.0002432794063982,0.9465544013496392,19.22956337117952,0.0,0.9968051118210862,0.0,1.0,0.0,0.3333333333333333,0.0,1.0,0.0,1.0,0.0,True,0.7476851851851852,0.8260869565217391,0.0165429996350808,0.7578372404743201,1307.610309240207,0.8,0.9984025559105432,0.6153846153846154,1.0,0.0094339622641509,0.8333333333333334,1.0,1.0,0.5,1.0,1.0,RandomForest,fleet,150000,75000,124.94,C_feature_ablation,CIDv2_RenaultClio,FS-B34,0,,,,,,,,,,,,,,,,,,,,,,,,,,,,,,
9085,864,0.0951018161805173,0.8941644478683768,0.8111202720606323,8224,0.0455447607482506,False,0.7384259259259259,0.996875,0.0002432794063982,0.9996384028728768,19.22956337117952,0.5,1.0,0.3076923076923077,1.0,0.0,0.6666666666666666,1.0,1.0,0.5,1.0,0.0,True,0.7384259259259259,0.996875,0.0002432794063982,0.9996384028728768,19.22956337117952,0.5,1.0,0.3076923076923077,1.0,0.0,0.6666666666666666,1.0,1.0,0.5,1.0,0.0,True,0.7476851851851852,0.9892802450229708,0.0008514779223938,0.9992474982792396,67.3034717991283,0.8,1.0,0.6923076923076923,1.0,0.0,0.6666666666666666,1.0,1.0,0.5,1.0,0.0,True,0.7465277777777778,0.9907834101382488,0.0007298382191947,0.9994036008648032,57.68869011353854,0.8,1.0,0.6153846153846154,1.0,0.0,0.6666666666666666,1.0,1.0,0.5,1.0,0.0,True,0.7523148148148148,0.8620689655172413,0.0126505291327089,0.964720031452943,999.9372953013348,1.0,1.0,0.7692307692307693,1.0,0.0047169811320754,0.8333333333333334,1.0,1.0,0.5,1.0,1.0,HistGB,fleet,150000,75000,49.95,C_feature_ablation,CIDv2_RenaultClio,FS-B34,0,,,,,,,,,,,,,,,,,,,,,,,,,,,,,,
9085,864,0.0951018161805173,0.889665609077025,0.8093667213951822,8224,0.0455447607482506,False,0.7245370370370371,0.9968152866242038,0.0002432794063982,0.9998036026954652,19.22956337117952,0.0,0.9968051118210862,0.0,0.6666666666666666,0.0,0.3333333333333333,0.0,1.0,0.0,1.0,0.0,True,0.7245370370370371,0.9968152866242038,0.0002432794063982,0.9998036026954652,19.22956337117952,0.0,0.9968051118210862,0.0,0.6666666666666666,0.0,0.3333333333333333,0.0,1.0,0.0,1.0,0.0,True,0.7326388888888888,0.979876160990712,0.0015813161415886,0.9993025064468384,124.99216191266684,0.2,0.9984025559105432,0.2307692307692307,1.0,0.0,0.6666666666666666,1.0,1.0,0.5,1.0,0.0,True,0.7303240740740741,0.9921383647798742,0.0006081985159956,0.9994623064994812,48.07390842794879,0.1,0.9984025559105432,0.1538461538461538,1.0,0.0,0.6666666666666666,1.0,1.0,0.5,1.0,0.0,True,0.7534722222222222,0.846553966189857,0.0143534849774966,0.9654802680015564,1134.5442388995914,1.0,1.0,0.7692307692307693,1.0,0.0094339622641509,0.8333333333333334,1.0,1.0,0.5,1.0,1.0,XGBoost,fleet,150000,75000,20.5,C_feature_ablation,CIDv2_RenaultClio,FS-B34,0,,,,,,,,,,,,,,,,,,,,,,,,,,,,,,
9085,864,0.0951018161805173,0.8929550901710614,0.8099908080084798,8224,0.0455447607482506,False,0.7337962962962963,0.9952904238618524,0.0003649191095973,0.9996058884220984,28.84434505676927,0.2,0.9984025559105432,0.3076923076923077,1.0,0.0,0.6666666666666666,1.0,1.0,0.5,1.0,0.0,True,0.7337962962962963,0.9952904238618524,0.0003649191095973,0.9996058884220984,28.84434505676927,0.2,0.9984025559105432,0.3076923076923077,1.0,0.0,0.6666666666666666,1.0,1.0,0.5,1.0,0.0,True,0.7372685185185185,0.98,0.0015813161415886,0.998925606207536,124.99216191266684,0.3,0.9984025559105432,0.4615384615384615,1.0,0.0,0.6666666666666666,1.0,1.0,0.5,1.0,0.0,True,0.7361111111111112,0.9906542056074766,0.0007298382191947,0.9993714958414208,57.68869011353854,0.3,0.9984025559105432,0.3846153846153846,1.0,0.0,0.6666666666666666,1.0,1.0,0.5,1.0,0.0,True,0.7523148148148148,0.8238276299112801,0.0169079187446782,0.9292014645674156,1336.4546542969763,1.0,1.0,0.7692307692307693,1.0,0.0047169811320754,0.8333333333333334,1.0,1.0,0.5,1.0,1.0,LightGBM,fleet,150000,75000,52.44,C_feature_ablation,CIDv2_RenaultClio,FS-B34,0,,,,,,,,,,,,,,,,,,,,,,,,,,,,,,
9085,864,0.0951018161805173,0.9050013628151932,0.804563781827819,8224,0.0455447607482506,False,0.7256944444444444,1.0,0.0,93750.0,0.0,0.0,0.9984025559105432,0.0,0.6666666666666666,0.0,0.3333333333333333,0.0,1.0,0.0,1.0,0.0,True,0.7256944444444444,1.0,0.0,93750.0,0.0,0.0,0.9984025559105432,0.0,0.6666666666666666,0.0,0.3333333333333333,0.0,1.0,0.0,1.0,0.0,True,0.7256944444444444,1.0,0.0,93750.0,0.0,0.0,0.9984025559105432,0.0,0.6666666666666666,0.0,0.3333333333333333,0.0,1.0,0.0,1.0,0.0,True,0.7256944444444444,1.0,0.0,93750.0,0.0,0.0,0.9984025559105432,0.0,0.6666666666666666,0.0,0.3333333333333333,0.0,1.0,0.0,1.0,0.0,True,0.7303240740740741,0.7987341772151899,0.0193407128086607,46875.0,1528.7502880087711,0.0,1.0,0.1538461538461538,1.0,0.0,0.5,0.0,1.0,0.5,1.0,0.0,Rule:Combined,fleet,150000,75000,0.11,C_feature_ablation,CIDv2_RenaultClio,FS-B34,0,,,,,,,,,,,,,,,,,,,,,,,,,,,,,,
9085,864,0.0951018161805173,0.8325163481508512,0.7835933756106344,8224,0.0455447607482506,False,0.0,0.0,0.0,1.0000000000000002,0.0,0.0,0.0,0.0,0.0,0.0,0.0,0.0,0.0,0.0,0.0,0.0,True,0.7303240740740741,1.0,0.0,1.0,0.0,0.0,1.0,0.2307692307692307,0.6666666666666666,0.0,0.5,0.0,1.0,0.5,1.0,0.0,True,0.7303240740740741,0.9677914110429447,0.0025544337671816,0.9999812841415404,201.9104153973849,0.0,1.0,0.2307692307692307,0.6666666666666666,0.0,0.5,0.0,1.0,0.5,1.0,0.0,True,0.7303240740740741,0.9677914110429447,0.0025544337671816,0.9999812841415404,201.9104153973849,0.0,1.0,0.2307692307692307,0.6666666666666666,0.0,0.5,0.0,1.0,0.5,1.0,0.0,True,0.7361111111111112,0.7920298879202988,0.0203138304342537,0.9940487146377563,1605.6685414934896,0.2,1.0,0.3846153846153846,1.0,0.0,0.8333333333333334,1.0,1.0,1.0,1.0,0.0,LogReg,fleet,150000,75000,2.66,C_feature_ablation,CIDv2_RenaultClio,FS-B,0,,,,,,,,,,,,,,,,,,,,,,,,,,,,,,
9085,864,0.0951018161805173,0.9793824926678292,0.8821973463643411,8224,0.0455447607482506,False,0.7222222222222222,1.0,0.0,0.9786808334479516,0.0,0.0,0.9968051118210862,0.0,0.0,0.0,0.1666666666666666,0.0,1.0,0.0,0.0,0.0,True,0.7222222222222222,1.0,0.0,0.9786808334479516,0.0,0.0,0.9968051118210862,0.0,0.0,0.0,0.1666666666666666,0.0,1.0,0.0,0.0,0.0,True,0.7245370370370371,0.9920760697305864,0.0006081985159956,0.935433919866833,48.07390842794879,0.0,0.9968051118210862,0.0,0.6666666666666666,0.0,0.3333333333333333,0.0,1.0,0.0,1.0,0.0,True,0.7245370370370371,0.9952305246422892,0.0003649191095973,0.9456139307590792,28.84434505676927,0.0,0.9968051118210862,0.0,0.6666666666666666,0.0,0.3333333333333333,0.0,1.0,0.0,1.0,0.0,True,0.7430555555555556,0.8337662337662337,0.0155698820094878,0.7814678814642539,1230.692055755489,0.6,0.9984025559105432,0.5384615384615384,1.0,0.0047169811320754,0.8333333333333334,1.0,1.0,0.5,1.0,1.0,RandomForest,fleet,150000,75000,163.48,C_feature_ablation,CIDv2_RenaultClio,FS-B,0,,,,,,,,,,,,,,,,,,,,,,,,,,,,,,
9085,864,0.0951018161805173,0.9737239938819736,0.8714023701122193,8224,0.0455447607482506,False,0.7372685185185185,1.0,0.0,0.9996403585492736,0.0,0.6,0.9968051118210862,0.3846153846153846,0.6666666666666666,0.0,0.6666666666666666,1.0,1.0,0.5,1.0,0.0,True,0.7372685185185185,1.0,0.0,0.9996403585492736,0.0,0.6,0.9968051118210862,0.3846153846153846,0.6666666666666666,0.0,0.6666666666666666,1.0,1.0,0.5,1.0,0.0,True,0.7511574074074074,0.97593984962406,0.0019462352511859,0.998438252846601,153.83650696943613,1.0,1.0,0.7692307692307693,1.0,0.0,0.6666666666666666,1.0,1.0,0.5,1.0,0.0,True,0.75,0.9923430321592648,0.0006081985159956,0.9992310390686236,48.07390842794879,1.0,0.9984025559105432,0.7692307692307693,1.0,0.0,0.6666666666666666,1.0,1.0,0.5,1.0,0.0,True,0.7523148148148148,0.8217446270543616,0.0171511981510765,0.9700760802946984,1355.6842176681555,1.0,1.0,0.7692307692307693,1.0,0.0047169811320754,0.8333333333333334,1.0,1.0,0.5,1.0,1.0,HistGB,fleet,150000,75000,80.68,C_feature_ablation,CIDv2_RenaultClio,FS-B,0,,,,,,,,,,,,,,,,,,,,,,,,,,,,,,
9085,864,0.0951018161805173,0.9681402528303756,0.8646059903789303,8224,0.0455447607482506,False,0.7268518518518519,0.9968253968253968,0.0002432794063982,0.9997712969779968,19.22956337117952,0.0,0.9968051118210862,0.0769230769230769,1.0,0.0,0.5,0.0,1.0,0.5,1.0,0.0,True,0.7268518518518519,0.9968253968253968,0.0002432794063982,0.9997712969779968,19.22956337117952,0.0,0.9968051118210862,0.0769230769230769,1.0,0.0,0.5,0.0,1.0,0.5,1.0,0.0,True,0.7314814814814815,0.9828926905132191,0.0013380367351903,0.9993763566017152,105.76259854148734,0.0,0.9968051118210862,0.3846153846153846,1.0,0.0,0.5,0.0,1.0,0.5,1.0,0.0,True,0.7268518518518519,0.9968253968253968,0.0002432794063982,0.999670386314392,19.22956337117952,0.0,0.9968051118210862,0.0769230769230769,1.0,0.0,0.5,0.0,1.0,0.5,1.0,0.0,True,0.7581018518518519,0.8301647655259823,0.0162997202286826,0.9605585932731628,1288.3807458690274,1.0,1.0,0.7692307692307693,1.0,0.0283018867924528,0.8333333333333334,1.0,1.0,0.5,1.0,1.0,XGBoost,fleet,150000,75000,31.82,C_feature_ablation,CIDv2_RenaultClio,FS-B,0,,,,,,,,,,,,,,,,,,,,,,,,,,,,,,
9085,864,0.0951018161805173,0.9811257135069628,0.888563185037295,8224,0.0455447607482506,False,0.7268518518518519,0.9968253968253968,0.0002432794063982,0.9997812920737392,19.22956337117952,0.0,0.9968051118210862,0.1538461538461538,0.6666666666666666,0.0,0.5,0.0,1.0,0.5,1.0,0.0,True,0.7268518518518519,0.9968253968253968,0.0002432794063982,0.9997812920737392,19.22956337117952,0.0,0.9968051118210862,0.1538461538461538,0.6666666666666666,0.0,0.5,0.0,1.0,0.5,1.0,0.0,True,0.7361111111111112,0.9906542056074766,0.0007298382191947,0.999271936688482,57.68869011353854,0.3,0.9984025559105432,0.3846153846153846,1.0,0.0,0.6666666666666666,1.0,1.0,0.5,1.0,0.0,True,0.7337962962962963,0.9921752738654148,0.0006081985159956,0.9995063757346362,48.07390842794879,0.2,0.9984025559105432,0.3076923076923077,1.0,0.0,0.6666666666666666,1.0,1.0,0.5,1.0,0.0,True,0.7534722222222222,0.8147684605757196,0.0180026760734703,0.9333431704102242,1422.9876894672843,1.0,1.0,0.7692307692307693,1.0,0.0094339622641509,0.8333333333333334,1.0,1.0,0.5,1.0,1.0,LightGBM,fleet,150000,75000,40.03,C_feature_ablation,CIDv2_RenaultClio,FS-B,0,,,,,,,,,,,,,,,,,,,,,,,,,,,,,,
9085,864,0.0951018161805173,0.9830818742200418,0.88714373785511,8224,0.0455447607482506,False,0.7256944444444444,1.0,0.0,93750.0,0.0,0.0,0.9984025559105432,0.0,0.6666666666666666,0.0,0.3333333333333333,0.0,1.0,0.0,1.0,0.0,True,0.7256944444444444,1.0,0.0,93750.0,0.0,0.0,0.9984025559105432,0.0,0.6666666666666666,0.0,0.3333333333333333,0.0,1.0,0.0,1.0,0.0,True,0.7256944444444444,1.0,0.0,93750.0,0.0,0.0,0.9984025559105432,0.0,0.6666666666666666,0.0,0.3333333333333333,0.0,1.0,0.0,1.0,0.0,True,0.7256944444444444,1.0,0.0,93750.0,0.0,0.0,0.9984025559105432,0.0,0.6666666666666666,0.0,0.3333333333333333,0.0,1.0,0.0,1.0,0.0,True,0.7303240740740741,0.7987341772151899,0.0193407128086607,46875.0,1528.7502880087711,0.0,1.0,0.1538461538461538,1.0,0.0,0.5,0.0,1.0,0.5,1.0,0.0,Rule:Combined,fleet,150000,75000,0.12,C_feature_ablation,CIDv2_RenaultClio,FS-B,0,,,,,,,,,,,,,,,,,,,,,,,,,,,,,,
9085,864,0.0951018161805173,0.9827864333436952,0.9757706741377602,8224,0.0455447607482506,False,0.8460648148148148,1.0,0.0,1804.848851533024,0.0,0.0,0.8993610223642172,0.0,0.0,0.7924528301886793,0.3333333333333333,0.0,1.0,0.0,0.0,1.0,True,0.8460648148148148,1.0,0.0,1804.848851533024,0.0,0.0,0.8993610223642172,0.0,0.0,0.7924528301886793,0.3333333333333333,0.0,1.0,0.0,0.0,1.0,True,0.9664351851851852,0.9928656361474436,0.0007298382191947,17.60888151021814,57.68869011353854,0.0,0.9984025559105432,0.0,0.0,0.9905660377358492,0.3333333333333333,0.0,1.0,0.0,0.0,1.0,True,0.9664351851851852,0.9940476190476192,0.0006081985159956,17.847707355034263,48.07390842794879,0.0,0.9984025559105432,0.0,0.0,0.9905660377358492,0.3333333333333333,0.0,1.0,0.0,0.0,1.0,True,0.9675925925925926,0.8903088391906283,0.0125288894295097,5.216498643254983,990.322513615745,0.0,0.9984025559105432,0.0,0.0,0.9952830188679244,0.3333333333333333,0.0,1.0,0.0,0.0,1.0,Rule:Staleness,fleet,150000,75000,0.07,C_feature_ablation,CIDv2_RenaultClio,FS-B,0,,,,,,,,,,,,,,,,,,,,,,,,,,,,,,
9085,864,0.0951018161805173,0.9248403197322124,0.8241065929287424,8224,0.0455447607482506,False,0.7256944444444444,0.9874015748031496,0.0009731176255929,0.9930436611175538,76.91825348471806,0.0,0.9984025559105432,0.0,0.0,0.0094339622641509,0.3333333333333333,0.0,1.0,0.0,0.0,1.0,True,0.7256944444444444,0.9874015748031496,0.0009731176255929,0.9930436611175536,76.91825348471806,0.0,0.9984025559105432,0.0,0.0,0.0094339622641509,0.3333333333333333,0.0,1.0,0.0,0.0,1.0,True,0.7314814814814815,0.9518072289156626,0.0038924705023719,0.9895684123039246,307.67301393887226,0.0,0.9984025559105432,0.0,0.0,0.0330188679245283,0.3333333333333333,0.0,1.0,0.0,0.0,1.0,True,0.7291666666666666,0.970724191063174,0.0023111543607833,0.991142749786377,182.6808520262054,0.0,0.9984025559105432,0.0,0.0,0.0235849056603773,0.3333333333333333,0.0,1.0,0.0,0.0,1.0,True,0.7546296296296297,0.6965811965811965,0.0345456757085512,0.9742936491966248,2730.597998707491,0.1,1.0,0.0,0.0,0.1179245283018868,0.5,1.0,1.0,0.0,0.0,1.0,LogReg,fleet,150000,75000,3.35,C_feature_ablation,CIDv2_RenaultClio,FS-A-rank,0,,,,,,,,,,,,,,,,,,,,,,,,,,,,,,
9085,864,0.0951018161805173,0.8898287808548118,0.7943022688949527,8224,0.0455447607482506,False,0.7233796296296297,1.0,0.0,0.714017635725748,0.0,0.0,0.9984025559105432,0.0,0.0,0.0,0.1666666666666666,0.0,1.0,0.0,0.0,0.0,True,0.7233796296296297,1.0,0.0,0.7140176357257478,0.0,0.0,0.9984025559105432,0.0,0.0,0.0,0.1666666666666666,0.0,1.0,0.0,0.0,0.0,True,0.7256944444444444,0.9587155963302753,0.0032842719863763,0.6776747693998683,259.59910551092344,0.0,1.0,0.0,0.0,0.0047169811320754,0.3333333333333333,0.0,1.0,0.0,0.0,1.0,True,0.7256944444444444,0.9646153846153848,0.0027977131735798,0.6803641799890302,221.1399787685644,0.0,1.0,0.0,0.0,0.0047169811320754,0.3333333333333333,0.0,1.0,0.0,0.0,1.0,True,0.7326388888888888,0.7544696066746126,0.0250577788590195,0.6500144674903942,1980.64502723149,0.2,1.0,0.0,0.0,0.0235849056603773,0.5,1.0,1.0,0.0,0.0,1.0,RandomForest,fleet,150000,75000,225.44,C_feature_ablation,CIDv2_RenaultClio,FS-A-rank,0,,,,,,,,,,,,,,,,,,,,,,,,,,,,,,
9085,864,0.0951018161805173,0.8692811037226253,0.7887386788263792,8224,0.0455447607482506,False,0.7222222222222222,0.9984,0.0001216397031991,0.9999597125714772,9.614781685589758,0.0,0.9968051118210862,0.0,0.0,0.0,0.1666666666666666,0.0,1.0,0.0,0.0,0.0,True,0.7222222222222222,0.9984,0.0001216397031991,0.999959712571477,9.614781685589758,0.0,0.9968051118210862,0.0,0.0,0.0,0.1666666666666666,0.0,1.0,0.0,0.0,0.0,True,0.7222222222222222,0.9936305732484076,0.0004865588127964,0.9999294264270836,38.45912674235903,0.0,0.9968051118210862,0.0,0.0,0.0,0.1666666666666666,0.0,1.0,0.0,0.0,0.0,True,0.7222222222222222,0.9968051118210862,0.0002432794063982,0.9999327144318928,19.22956337117952,0.0,0.9968051118210862,0.0,0.0,0.0,0.1666666666666666,0.0,1.0,0.0,0.0,0.0,True,0.7326388888888888,0.8647540983606558,0.0120423306167132,0.9997364535938796,951.863386873386,0.0,0.9984025559105432,0.0769230769230769,0.0,0.0330188679245283,0.5,0.0,1.0,0.5,0.0,1.0,HistGB,fleet,150000,75000,76.28,C_feature_ablation,CIDv2_RenaultClio,FS-A-rank,0,,,,,,,,,,,,,,,,,,,,,,,,,,,,,,
9085,864,0.0951018161805173,0.8755414656232683,0.792868612993744,8224,0.0455447607482506,False,0.7222222222222222,0.9889064976228208,0.0008514779223938,0.999974012374878,67.3034717991283,0.0,0.9968051118210862,0.0,0.0,0.0,0.1666666666666666,0.0,1.0,0.0,0.0,0.0,True,0.7222222222222222,0.9889064976228208,0.0008514779223938,0.999974012374878,67.3034717991283,0.0,0.9968051118210862,0.0,0.0,0.0,0.1666666666666666,0.0,1.0,0.0,0.0,0.0,True,0.7233796296296297,0.965996908809892,0.0026760734703807,0.999958872795105,211.52519708297467,0.0,0.9984025559105432,0.0,0.0,0.0,0.1666666666666666,0.0,1.0,0.0,0.0,0.0,True,0.7222222222222222,0.981132075471698,0.0014596764383894,0.99996817111969,115.37738022707708,0.0,0.9968051118210862,0.0,0.0,0.0,0.1666666666666666,0.0,1.0,0.0,0.0,0.0,True,0.7291666666666666,0.8235294117647058,0.0164213599318817,0.9998601675033568,1297.9955275546174,0.0,0.9984025559105432,0.0,0.0,0.0235849056603773,0.3333333333333333,0.0,1.0,0.0,0.0,1.0,XGBoost,fleet,150000,75000,19.28,C_feature_ablation,CIDv2_RenaultClio,FS-A-rank,0,,,,,,,,,,,,,,,,,,,,,,,,,,,,,,
9085,864,0.0951018161805173,0.8635218016642114,0.7819815544774473,8224,0.0455447607482506,False,0.7222222222222222,1.0,0.0,0.9999684069811832,0.0,0.0,0.9968051118210862,0.0,0.0,0.0,0.1666666666666666,0.0,1.0,0.0,0.0,0.0,True,0.7222222222222222,1.0,0.0,0.9999684069811832,0.0,0.0,0.9968051118210862,0.0,0.0,0.0,0.1666666666666666,0.0,1.0,0.0,0.0,0.0,True,0.7233796296296297,0.9384384384384384,0.004987227831164,0.9998747616540918,394.20604910918,0.0,0.9984025559105432,0.0,0.0,0.0,0.1666666666666666,0.0,1.0,0.0,0.0,0.0,True,0.7233796296296297,0.9527439024390244,0.0037708307991728,0.9998870731859728,298.0582322532825,0.0,0.9984025559105432,0.0,0.0,0.0,0.1666666666666666,0.0,1.0,0.0,0.0,0.0,True,0.7256944444444444,0.8217562254259502,0.0165429996350808,0.9997525028733611,1307.610309240207,0.0,0.9984025559105432,0.0,0.0,0.0094339622641509,0.3333333333333333,0.0,1.0,0.0,0.0,1.0,LightGBM,fleet,150000,75000,42.09,C_feature_ablation,CIDv2_RenaultClio,FS-A-rank,0,,,,,,,,,,,,,,,,,,,,,,,,,,,,,,
9085,864,0.0951018161805173,0.2197310016804299,0.0689122465887648,8224,0.0455447607482506,False,0.0011574074074074,0.1111111111111111,0.0009731176255929,0.9999408721923828,76.91825348471806,0.0,0.0015974440894568,0.0,0.0,0.0,0.1666666666666666,0.0,1.0,0.0,0.0,0.0,True,0.0011574074074074,0.1111111111111111,0.0009731176255929,0.9999408721923828,76.91825348471806,0.0,0.0015974440894568,0.0,0.0,0.0,0.1666666666666666,0.0,1.0,0.0,0.0,0.0,True,0.0081018518518518,0.25,0.0025544337671816,0.9999194145202636,201.9104153973849,0.0,0.0015974440894568,0.0,0.0,0.0283018867924528,0.3333333333333333,0.0,1.0,0.0,0.0,1.0,True,0.0069444444444444,0.2727272727272727,0.0019462352511859,0.9999226331710817,153.83650696943613,0.0,0.0015974440894568,0.0,0.0,0.0235849056603773,0.3333333333333333,0.0,1.0,0.0,0.0,1.0,True,0.0335648148148148,0.142156862745098,0.0212869480598467,0.9998784065246582,1682.5867949782075,0.0,0.0015974440894568,0.0769230769230769,0.0,0.1273584905660377,0.5,0.0,1.0,0.5,0.0,1.0,LogReg,fleet,150000,75000,5.56,C_feature_ablation,CIDv2_RenaultClio,FS-A,0,,,,,,,,,,,,,,,,,,,,,,,,,,,,,,
9085,864,0.0951018161805173,0.8621933384241801,0.7891237090138479,8224,0.0455447607482506,False,0.7245370370370371,0.9873817034700316,0.0009731176255929,0.7853249753835571,76.91825348471806,0.0,1.0,0.0,0.0,0.0,0.1666666666666666,0.0,1.0,0.0,0.0,0.0,True,0.7245370370370371,0.9873817034700316,0.0009731176255929,0.785324975383557,76.91825348471806,0.0,1.0,0.0,0.0,0.0,0.1666666666666666,0.0,1.0,0.0,0.0,0.0,True,0.7245370370370371,0.9873817034700316,0.0009731176255929,0.782545041296785,76.91825348471806,0.0,1.0,0.0,0.0,0.0,0.1666666666666666,0.0,1.0,0.0,0.0,0.0,True,0.7245370370370371,0.9873817034700316,0.0009731176255929,0.782545041296785,76.91825348471806,0.0,1.0,0.0,0.0,0.0,0.1666666666666666,0.0,1.0,0.0,0.0,0.0,True,0.7303240740740741,0.8346560846560847,0.0152049628998905,0.755952462687416,1201.8477106987198,0.1,1.0,0.0,0.0,0.0188679245283018,0.5,1.0,1.0,0.0,0.0,1.0,RandomForest,fleet,150000,75000,149.25,C_feature_ablation,CIDv2_RenaultClio,FS-A,0,,,,,,,,,,,,,,,,,,,,,,,,,,,,,,
9085,864,0.0951018161805173,0.8643340000991139,0.7913287216093312,8224,0.0455447607482506,False,0.7222222222222222,1.0,0.0,0.999846229170059,0.0,0.0,0.9968051118210862,0.0,0.0,0.0,0.1666666666666666,0.0,1.0,0.0,0.0,0.0,True,0.7222222222222222,1.0,0.0,0.999846229170059,0.0,0.0,0.9968051118210862,0.0,0.0,0.0,0.1666666666666666,0.0,1.0,0.0,0.0,0.0,True,0.7222222222222222,0.981132075471698,0.0014596764383894,0.9997247417989036,115.37738022707708,0.0,0.9968051118210862,0.0,0.0,0.0,0.1666666666666666,0.0,1.0,0.0,0.0,0.0,True,0.7222222222222222,0.985781990521327,0.0010947573287921,0.999744906327021,86.53303517030781,0.0,0.9968051118210862,0.0,0.0,0.0,0.1666666666666666,0.0,1.0,0.0,0.0,0.0,True,0.7268518518518519,0.8882602545968883,0.0096095365527308,0.9996023746440024,759.5677531615909,0.0,0.9968051118210862,0.0,0.0,0.0188679245283018,0.3333333333333333,0.0,1.0,0.0,0.0,1.0,HistGB,fleet,150000,75000,79.91,C_feature_ablation,CIDv2_RenaultClio,FS-A,0,,,,,,,,,,,,,,,,,,,,,,,,,,,,,,
9085,864,0.0951018161805173,0.8660367447638613,0.7885077102210231,8224,0.0455447607482506,False,0.7222222222222222,1.0,0.0,0.9999300241470338,0.0,0.0,0.9968051118210862,0.0,0.0,0.0,0.1666666666666666,0.0,1.0,0.0,0.0,0.0,True,0.7222222222222222,1.0,0.0,0.9999300241470336,0.0,0.0,0.9968051118210862,0.0,0.0,0.0,0.1666666666666666,0.0,1.0,0.0,0.0,0.0,True,0.7222222222222222,0.9984,0.0001216397031991,0.999906063079834,9.614781685589758,0.0,0.9968051118210862,0.0,0.0,0.0,0.1666666666666666,0.0,1.0,0.0,0.0,0.0,True,0.7222222222222222,1.0,0.0,0.9999110698699952,0.0,0.0,0.9968051118210862,0.0,0.0,0.0,0.1666666666666666,0.0,1.0,0.0,0.0,0.0,True,0.7233796296296297,0.884016973125884,0.0099744556623281,0.9998262524604796,788.41209821836,0.0,0.9984025559105432,0.0,0.0,0.0,0.1666666666666666,0.0,1.0,0.0,0.0,0.0,XGBoost,fleet,150000,75000,23.09,C_feature_ablation,CIDv2_RenaultClio,FS-A,0,,,,,,,,,,,,,,,,,,,,,,,,,,,,,,
9085,864,0.0951018161805173,0.8719017072357602,0.7991051096367052,8224,0.0455447607482506,False,0.7222222222222222,1.0,0.0,0.9998262233019524,0.0,0.0,0.9968051118210862,0.0,0.0,0.0,0.1666666666666666,0.0,1.0,0.0,0.0,0.0,True,0.7222222222222222,1.0,0.0,0.9998262233019524,0.0,0.0,0.9968051118210862,0.0,0.0,0.0,0.1666666666666666,0.0,1.0,0.0,0.0,0.0,True,0.7222222222222222,0.981132075471698,0.0014596764383894,0.9997054820902128,115.37738022707708,0.0,0.9968051118210862,0.0,0.0,0.0,0.1666666666666666,0.0,1.0,0.0,0.0,0.0,True,0.7222222222222222,0.981132075471698,0.0014596764383894,0.999709506426877,115.37738022707708,0.0,0.9968051118210862,0.0,0.0,0.0,0.1666666666666666,0.0,1.0,0.0,0.0,0.0,True,0.7256944444444444,0.8830985915492958,0.0100960953655273,0.9995499967725714,798.0268799039499,0.0,0.9984025559105432,0.0,0.0,0.0094339622641509,0.3333333333333333,0.0,1.0,0.0,0.0,1.0,LightGBM,fleet,150000,75000,86.31,C_feature_ablation,CIDv2_RenaultClio,FS-A,0,,,,,,,,,,,,,,,,,,,,,,,,,,,,,,
125812,27607,0.2194305789590818,0.9909851442550884,0.9735525921833864,98229,0.0396655748823414,True,0.0,0.0,0.0,1.0000000000000002,0.0,,0.0,0.0,,,0.0,,0.0,0.0,,,True,0.0,0.0,0.0,1.0000000000000002,0.0,,0.0,0.0,,,0.0,,0.0,0.0,,,True,0.0,0.0,0.0,1.0000000000000002,0.0,,0.0,0.0,,,0.0,,0.0,0.0,,,True,0.0,0.0,0.0,1.0000000000000002,0.0,,0.0,0.0,,,0.0,,0.0,0.0,,,True,0.9692469301264172,0.9780685722640544,0.0061096685504811,0.9535241723060608,554.5061894848235,,1.0,0.9990267639902676,,,1.0,,1.0,1.0,,,LogReg,fleet,150000,75000,2.74,C_feature_ablation,CTT_Forester,FS-B34,0,0.0,0.0,0.0,0.0,0.0,0.0,0.0,0.0,0.8721804511278195,1.0,0.0,0.0,0.0,0.0,0.0,0.0,0.0,0.0,0.9912021915498894,1.0,,,,,,,,,,
125812,27607,0.2194305789590818,0.9996684191159962,0.9994451164227776,98229,0.0396655748823414,True,0.796573332850364,0.9998635991634082,3.054834275240568e-05,0.8539029504509595,2.772530947424117,,0.9976,0.9017031630170316,,,1.0,,1.0,1.0,,,True,0.9203825116818198,0.999449317547103,0.0001425589328445,0.7816936702431708,12.93847775464588,,1.0,0.9635036496350364,,,1.0,,1.0,1.0,,,True,0.997391965805774,0.9959849526152066,0.001130288681839,0.4380852599211298,102.58364505469234,,1.0,1.0,,,1.0,,1.0,1.0,,,True,0.9972470750172058,0.996272707534197,0.0010488264344992,0.4665171289222903,95.1902291948947,,1.0,1.0,,,1.0,,1.0,1.0,,,True,0.998695982902887,0.9833791061811178,0.0047451759075403,0.1438608510761378,430.6664738332129,,1.0,1.0,,,1.0,,1.0,1.0,,,RandomForest,fleet,150000,75000,138.33,C_feature_ablation,CTT_Forester,FS-B34,0,0.7821428571428571,1.0,0.8695488721804512,1.0,0.9864661654135338,1.0,0.9857142857142858,1.0,0.9932330827067668,1.0,0.7759983141923928,1.0,0.92471815404067,1.0,1.0,1.0,1.0,1.0,1.0,1.0,,,,,,,,,,
125812,27607,0.2194305789590818,0.9997493269851088,0.99959459797016,98229,0.0396655748823414,True,0.7817582497192741,1.0,0.0,0.997222239149816,0.0,,0.9976,1.0,,,0.9473684210526316,,1.0,1.0,,,True,0.9307422030644402,0.9995720843382868,0.0001120105900921,0.9865672496042894,10.165946807221763,,0.9992,1.0,,,1.0,,1.0,1.0,,,True,0.9965226210743652,0.9965226210743652,0.0009775469680769,0.4159789197520686,88.72099031757175,,1.0,1.0,,,1.0,,1.0,1.0,,,True,0.996232839497229,0.9966660626925168,0.0009368158444071,0.4470876855442403,85.02428238767294,,1.0,1.0,,,1.0,,1.0,1.0,,,True,0.9993479914514436,0.9755312754145892,0.0070464843948882,0.0138190782759807,639.5304718724964,,1.0,1.0,,,1.0,,1.0,1.0,,,HistGB,fleet,150000,75000,96.49,C_feature_ablation,CTT_Forester,FS-B34,0,0.6526315789473685,0.9090909090909092,0.7849624060150376,1.0,0.9823308270676692,1.0,0.9808270676691728,1.0,0.9966165413533836,1.0,0.7801074702349594,1.0,0.9595932989147612,1.0,0.9998946370245496,1.0,0.9998946370245496,1.0,1.0,1.0,,,,,,,,,,
125812,27607,0.2194305789590818,0.999826911720064,0.9996750177481856,98229,0.0396655748823414,True,0.8900278914767994,0.9997965494791666,5.09139045873428e-05,0.9933318495750428,4.620884912373529,,0.9256,1.0,,,1.0,,1.0,1.0,,,True,0.945593508892672,0.999540529157254,0.0001221933710096,0.9841769933700562,11.090123789696468,,0.9928,1.0,,,1.0,,1.0,1.0,,,True,0.9973557431086318,0.9963091619626574,0.0010386436535817,0.1998205780982971,94.26605221242,,1.0,1.0,,,1.0,,1.0,1.0,,,True,0.9969935161372117,0.9966325089618712,0.0009469986253245,0.2451825737953186,85.94845937014765,,1.0,1.0,,,1.0,,1.0,1.0,,,True,0.9993479914514436,0.9718200711543205,0.0081462247339748,0.0055813011713325,739.3415859797645,,1.0,1.0,,,1.0,,1.0,1.0,,,XGBoost,fleet,150000,75000,83.26,C_feature_ablation,CTT_Forester,FS-B34,0,0.718796992481203,1.0,0.8342105263157895,1.0,0.9862781954887218,1.0,0.9843984962406016,1.0,0.9966165413533836,1.0,0.9237698872616162,1.0,0.9678116109998948,1.0,1.0,1.0,1.0,1.0,1.0,1.0,,,,,,,,,,
125812,27607,0.2194305789590818,0.999796226719206,0.9996399242889452,98229,0.0396655748823414,True,0.8838700329626544,0.9997541688859752,6.109668550481136e-05,0.9954150808029054,5.545061894848234,,0.9976,1.0,,,1.0,,1.0,1.0,,,True,0.9406672220813562,0.9992688933353856,0.0001934728374319,0.9868322207368468,17.55936266701941,,0.9992,1.0,,,1.0,,1.0,1.0,,,True,0.9967761799543594,0.9964152514755404,0.0010080953108293,0.3073887131552973,91.49352126499588,,1.0,1.0,,,1.0,,1.0,1.0,,,True,0.9960155033143768,0.9967014644048136,0.0009266330634896,0.3869958648985567,84.10010540519822,,1.0,1.0,,,1.0,,1.0,1.0,,,True,0.9993842141485856,0.9767063154913622,0.0067002698436943,0.005648776764994,608.1084544683564,,1.0,1.0,,,1.0,,1.0,1.0,,,LightGBM,fleet,150000,75000,45.82,C_feature_ablation,CTT_Forester,FS-B34,0,0.6753759398496241,1.0,0.7770676691729324,1.0,0.9832706766917292,1.0,0.9793233082706768,1.0,0.9968045112781956,1.0,0.9222421241175852,1.0,0.9762406490359288,1.0,1.0,1.0,1.0,1.0,1.0,1.0,,,,,,,,,,
125812,27607,0.2194305789590818,0.96614977001409,0.941426125936033,98229,0.0396655748823414,True,0.1459412467852356,1.0,0.0,46591.887574451735,0.0,,0.3608,0.991727493917275,,,0.1842105263157894,,0.5,1.0,,,True,0.1473539319737747,0.9990176817288802,4.073112366987424e-05,45.00705404441029,3.696707929898823,,0.3608,1.0,,,0.1842105263157894,,0.5,1.0,,,True,0.1473539319737747,0.9878581835842642,0.0005091390458734,42.74808552685752,46.20884912373528,,0.3608,1.0,,,0.1842105263157894,,0.5,1.0,,,True,0.1473539319737747,0.9880981297060968,0.0004989562649559,42.81761040814646,45.284672141260586,,0.3608,1.0,,,0.1842105263157894,,0.5,1.0,,,True,0.7401021480059405,0.9456632416921226,0.011954584797108,2.1391422207513564,1084.9837774253049,,1.0,1.0,,,0.9473684210526316,,1.0,1.0,,,Rule:Combined,fleet,150000,75000,0.41,C_feature_ablation,CTT_Forester,FS-B34,0,0.0,0.0,0.0,0.0,0.0,0.0,0.0,0.0,0.8281954887218045,0.9090909090909092,0.0811294910968285,0.3333333333333333,0.0822884838267832,0.3333333333333333,0.0822884838267832,0.3333333333333333,0.0822884838267832,0.3333333333333333,0.6701612053524392,1.0,,,,,,,,,,
125812,27607,0.2194305789590818,0.9910202530319072,0.9734310556272668,98229,0.0396655748823414,True,0.0,0.0,0.0,1.0000000000000002,0.0,,0.0,0.0,,,0.0,,0.0,0.0,,,True,0.0,0.0,0.0,1.0000000000000002,0.0,,0.0,0.0,,,0.0,,0.0,0.0,,,True,0.0,0.0,0.0,1.0000000000000002,0.0,,0.0,0.0,,,0.0,,0.0,0.0,,,True,0.0,0.0,0.0,1.0000000000000002,0.0,,0.0,0.0,,,0.0,,0.0,0.0,,,True,0.9691020393378492,0.9776364832273624,0.0062318619214907,0.949733018875122,565.59631327452,,1.0,0.9995133819951338,,,1.0,,1.0,1.0,,,LogReg,fleet,150000,75000,2.25,C_feature_ablation,CTT_Forester,FS-B,0,0.0,0.0,0.0,0.0,0.0,0.0,0.0,0.0,0.8706766917293233,1.0,0.0,0.0,0.0,0.0,0.0,0.0,0.0,0.0,0.991360236013065,1.0,,,,,,,,,,
125812,27607,0.2194305789590818,0.9996313862446852,0.9994175265536178,98229,0.0396655748823414,True,0.769152751113848,0.9997645840199632,5.09139045873428e-05,0.8630069253724351,4.620884912373529,,0.9976,0.9090024330900244,,,1.0,,1.0,1.0,,,True,0.8736914550657442,0.9994199055274716,0.0001425589328445,0.8203577181437391,12.93847775464588,,1.0,0.9586374695863747,,,1.0,,1.0,1.0,,,True,0.9968124026515014,0.996523628462792,0.0009775469680769,0.5030326124187691,88.72099031757175,,1.0,1.0,,,1.0,,1.0,1.0,,,True,0.9967037345600752,0.9966676325702696,0.0009368158444071,0.506808286177995,85.02428238767294,,1.0,1.0,,,1.0,,1.0,1.0,,,True,0.9986597602057448,0.984467059453669,0.0044295096990988,0.1396862853299686,402.016987376497,,1.0,1.0,,,1.0,,1.0,1.0,,,RandomForest,fleet,150000,75000,159.36,C_feature_ablation,CTT_Forester,FS-B,0,0.780827067669173,1.0,0.8404135338345865,1.0,0.9834586466165414,1.0,0.9828947368421052,1.0,0.9930451127819548,1.0,0.7356969760826045,1.0,0.8655041618375303,1.0,1.0,1.0,1.0,1.0,1.0,1.0,,,,,,,,,,
125812,27607,0.2194305789590818,0.9998297730567892,0.9996436747376952,98229,0.0396655748823414,True,0.8777483971456514,0.9998762120899526,3.054834275240568e-05,0.9931138036197792,2.772530947424117,,0.9976,1.0,,,1.0,,1.0,1.0,,,True,0.9341109138986488,0.9994186722474132,0.000152741713762,0.983765134315506,13.862654737120586,,0.9984,1.0,,,1.0,,1.0,1.0,,,True,0.9959792806172348,0.9965568482476168,0.0009673641871595,0.408583736534876,87.79681333509704,,1.0,1.0,,,1.0,,1.0,1.0,,,True,0.994965045097258,0.996842678279804,0.0008859019398197,0.4925352183375828,80.4033974752994,,1.0,1.0,,,1.0,,1.0,1.0,,,True,0.9993479914514436,0.9766017699115044,0.0067308181864467,0.0023013046876366,610.8809854157805,,1.0,1.0,,,1.0,,1.0,1.0,,,HistGB,fleet,150000,75000,70.62,C_feature_ablation,CTT_Forester,FS-B,0,0.7003759398496241,1.0,0.799812030075188,1.0,0.9791353383458646,1.0,0.9738721804511278,1.0,0.9966165413533836,1.0,0.9063323148245708,1.0,0.9603835212306396,1.0,1.0,1.0,1.0,1.0,1.0,1.0,,,,,,,,,,
125812,27607,0.2194305789590818,0.9998186190996426,0.9996616844598186,98229,0.0396655748823414,True,0.8766979389285326,0.9997934567085262,5.09139045873428e-05,0.9976258873939514,4.620884912373529,,0.6568,0.9931873479318736,,,0.9736842105263158,,1.0,1.0,,,True,0.9445068279784112,0.9995783178716552,0.0001120105900921,0.992279887199402,10.165946807221763,,0.9216,1.0,,,1.0,,1.0,1.0,,,True,0.997391965805774,0.9962372010564782,0.0010590092154167,0.3112876415252685,96.1144061773694,,1.0,1.0,,,1.0,,1.0,1.0,,,True,0.9969210707429276,0.996560089799761,0.0009673641871595,0.4009715020656585,87.79681333509704,,1.0,1.0,,,1.0,,1.0,1.0,,,True,0.9994204368457276,0.9719589953147568,0.0081054936103049,0.0032485087867826,735.6448780498658,,1.0,1.0,,,1.0,,1.0,1.0,,,XGBoost,fleet,150000,75000,34.46,C_feature_ablation,CTT_Forester,FS-B,0,0.7287593984962406,0.9545454545454546,0.8360902255639098,1.0,0.9864661654135338,1.0,0.9840225563909776,1.0,0.9969924812030077,1.0,0.920029501633126,1.0,0.97039300389843,1.0,1.0,1.0,1.0,1.0,1.0,1.0,,,,,,,,,,
125812,27607,0.2194305789590818,0.9997631248432086,0.9996247635943012,98229,0.0396655748823414,True,0.8517405005976745,0.9998724327082535,3.054834275240568e-05,0.9979787049002288,2.772530947424117,,0.9976,0.9995133819951338,,,1.0,,1.0,1.0,,,True,0.9270474879559532,0.999375219649342,0.0001629244946794,0.9942350556808764,14.786831719595291,,0.9984,1.0,,,1.0,,1.0,1.0,,,True,0.9964501756800812,0.996522369136026,0.0009775469680769,0.3952615514351105,88.72099031757175,,1.0,1.0,,,1.0,,1.0,1.0,,,True,0.996196616800087,0.9965937092332222,0.000957181406242,0.4283468130599842,86.87263635262234,,1.0,1.0,,,1.0,,1.0,1.0,,,True,0.9993842141485856,0.973776162072495,0.0075658062216791,0.0021711822023203,686.6634979787065,,1.0,1.0,,,1.0,,1.0,1.0,,,LightGBM,fleet,150000,75000,57.27,C_feature_ablation,CTT_Forester,FS-B,0,0.6830827067669173,1.0,0.7571428571428571,1.0,0.9815789473684212,1.0,0.9802631578947368,1.0,0.9968045112781956,1.0,0.8734063849963123,1.0,0.9620693288378463,1.0,1.0,1.0,1.0,1.0,1.0,1.0,,,,,,,,,,
125812,27607,0.2194305789590818,0.977995735960952,0.9339416731699752,98229,0.0396655748823414,True,0.0988517405005976,1.0,0.0,201454.61670102493,0.0,,0.36,0.6627737226277373,,,0.1578947368421052,,0.5,1.0,,,True,0.0988517405005976,1.0,0.0,195879.49977308605,0.0,,0.36,0.6627737226277373,,,0.1578947368421052,,0.5,1.0,,,True,0.0989241858948817,1.0,0.0,128077.4755820389,0.0,,0.3608,0.6627737226277373,,,0.1578947368421052,,0.5,1.0,,,True,0.0989241858948817,1.0,0.0,134991.5439341349,0.0,,0.3608,0.6627737226277373,,,0.1578947368421052,,0.5,1.0,,,True,0.7065599304524215,0.9638304180254966,0.0074537956315869,3.318161062295716,676.4975511714846,,1.0,1.0,,,0.9473684210526316,,1.0,1.0,,,Rule:Combined,fleet,150000,75000,0.42,C_feature_ablation,CTT_Forester,FS-B,0,0.0,0.0,0.0,0.0,0.0,0.0,0.0,0.0,0.6736842105263158,0.9545454545454546,0.0483089242440206,0.25,0.0483089242440206,0.25,0.0483616057317458,0.25,0.0483616057317458,0.25,0.6646823306290169,0.9166666666666666,,,,,,,,,,
125812,27607,0.2194305789590818,0.4823389992724606,0.2174422189769392,98229,0.0396655748823414,True,0.0,0.0,0.0,201454.61670102493,0.0,,0.0,0.0,,,0.0,,0.0,0.0,,,True,0.0,0.0,0.0,195879.49977308605,0.0,,0.0,0.0,,,0.0,,0.0,0.0,,,True,0.0,0.0,0.0,128077.4755820389,0.0,,0.0,0.0,,,0.0,,0.0,0.0,,,True,0.0,0.0,0.0,134991.5439341349,0.0,,0.0,0.0,,,0.0,,0.0,0.0,,,True,0.0123881624225739,0.2873949579831932,0.0086349982180133,3.204447775836796,783.7020811385505,,0.0008,0.0768856447688564,,,0.4736842105263157,,0.5,1.0,,,Rule:Staleness,fleet,150000,75000,0.28,C_feature_ablation,CTT_Forester,FS-B,0,0.0,0.0,0.0,0.0,0.0,0.0,0.0,0.0,0.0056390977443609,0.3181818181818182,0.0,0.0,0.0,0.0,0.0,0.0,0.0,0.0,0.0080602676219576,0.6666666666666666,,,,,,,,,,
125812,27607,0.2194305789590818,0.4935856736877709,0.3643541180123923,98229,0.0396655748823414,True,0.0780961350382149,0.9995363931386184,1.018278091746856e-05,0.9982853531837464,0.9241769824747056,,0.2336,0.3956204379562044,,,0.2894736842105263,,0.5,1.0,,,True,0.0878762632665628,0.9971228935470612,7.127946642227993e-05,0.9975560903549194,6.46923887732294,,0.2664,0.448661800486618,,,0.3157894736842105,,0.5,1.0,,,True,0.1059876118375774,0.9708029197080292,0.0008960847207372,0.9953054785728456,81.3275744577741,,0.3112,0.5201946472019465,,,0.4210526315789473,,0.5,1.0,,,True,0.1050458217118846,0.9725016767270288,0.0008349880352324,0.9954315423965454,75.78251256292587,,0.3104,0.5187347931873479,,,0.4210526315789473,,0.5,1.0,,,True,0.1428985402253051,0.8130667765869745,0.0092357822921439,0.9887597560882568,838.2285231045581,,0.3496,0.5995133819951338,,,0.5263157894736842,,0.5,1.0,,,LogReg,fleet,150000,75000,3.18,C_feature_ablation,CTT_Forester,FS-A-rank,0,0.0996240601503759,0.1363636363636363,0.1015037593984962,0.1818181818181818,0.106578947368421,0.3181818181818182,0.1056390977443609,0.3181818181818182,0.1270676691729323,0.4545454545454545,0.0274470551048361,0.4166666666666667,0.0332420187546096,0.4166666666666667,0.0474660204404172,0.5,0.0465704351490886,0.5,0.0842903803603413,0.5833333333333334,,,,,,,,,,
125812,27607,0.2194305789590818,0.7373397432661152,0.541043059361604,98229,0.0396655748823414,True,0.1226500525229108,1.0,0.0,0.7263948821750925,0.0,,0.9944,0.5931873479318734,,,0.2105263157894736,,1.0,0.5,,,True,0.1243525192885862,0.9968060394889664,0.0001120105900921,0.6871167565499108,10.165946807221763,,0.996,0.5985401459854015,,,0.2894736842105263,,1.0,1.0,,,True,0.1359437823740355,0.9700180925303696,0.0011812025864263,0.6354615144392445,107.20452996706588,,0.9984,0.6170316301703163,,,0.3947368421052631,,1.0,1.0,,,True,0.1344586517912123,0.9745339984247834,0.0009877297489944,0.639152117310742,89.64516730004645,,0.9984,0.6160583941605839,,,0.3684210526315789,,1.0,1.0,,,True,0.1864019994928822,0.8592419435631992,0.0085840843134259,0.5894540767673981,779.081196226177,,0.9984,0.6515815085158151,,,0.6842105263157895,,1.0,1.0,,,RandomForest,fleet,150000,75000,186.13,C_feature_ablation,CTT_Forester,FS-A-rank,0,0.0,0.0,0.0011278195488721,0.0454545454545454,0.0139097744360902,0.1363636363636363,0.0118421052631578,0.0909090909090909,0.0774436090225564,0.5454545454545454,0.0486776946580971,0.4166666666666667,0.0501527763144031,0.5,0.0612685702244231,0.6666666666666666,0.0597934885681171,0.6666666666666666,0.113107154146033,0.8333333333333334,,,,,,,,,,
125812,27607,0.2194305789590818,0.7238906440295778,0.538898367151864,98229,0.0396655748823414,True,3.62226971420292e-05,1.0,0.0,0.999980684898962,0.0,,0.0,0.0004866180048661,,,0.0263157894736842,,0.0,0.5,,,True,0.0212265005252291,0.9965986394557824,2.036556183493712e-05,0.999855824240084,1.8483539649494116,,0.0504,0.1211678832116788,,,0.1842105263157894,,1.0,1.0,,,True,0.0316224146049914,0.9458288190682556,0.0005091390458734,0.9998141473089668,46.20884912373528,,0.1096,0.1776155717761557,,,0.1842105263157894,,1.0,1.0,,,True,0.0303546202050204,0.945823927765237,0.0004887734840384,0.9998192070685484,44.360495158785874,,0.0952,0.1727493917274939,,,0.1842105263157894,,1.0,1.0,,,True,0.172528706487485,0.8729838709677419,0.0070566671758057,0.9897636755843532,640.4546488549711,,0.9912,0.6214111922141119,,,0.4210526315789473,,1.0,1.0,,,HistGB,fleet,150000,75000,68.46,C_feature_ablation,CTT_Forester,FS-A-rank,0,0.0,0.0,0.0,0.0,0.0,0.0,0.0,0.0,0.0291353383458646,0.1818181818181818,0.0,0.0,0.0144347276367084,0.25,0.0195448319460541,0.25,0.0191760615319776,0.25,0.1102096723211463,0.6666666666666666,,,,,,,,,,
125812,27607,0.2194305789590818,0.7555600874653927,0.572388139091778,98229,0.0396655748823414,True,0.0199949288224001,1.0,0.0,0.999810516834259,0.0,,0.3296,0.0291970802919708,,,0.1842105263157894,,1.0,1.0,,,True,0.0679900025355888,0.9962845010615712,7.127946642227993e-05,0.9989964365959167,6.46923887732294,,0.8064,0.2121654501216545,,,0.2894736842105263,,1.0,1.0,,,True,0.0904480747636469,0.9799843014128728,0.0005193218267908,0.9978246688842772,47.13302610621,,0.9192,0.327007299270073,,,0.2894736842105263,,1.0,1.0,,,True,0.0874415909008584,0.9801055623223712,0.0004989562649559,0.9979999661445618,45.284672141260586,,0.912,0.3114355231143552,,,0.2894736842105263,,1.0,1.0,,,True,0.2435976382801463,0.9005088377075522,0.0075658062216791,0.9652026295661926,686.6634979787065,,0.992,0.637956204379562,,,0.4473684210526316,,1.0,1.0,,,XGBoost,fleet,150000,75000,20.08,C_feature_ablation,CTT_Forester,FS-A-rank,0,0.0,0.0,0.0009398496240601,0.0909090909090909,0.0077067669172932,0.0909090909090909,0.0056390977443609,0.0909090909090909,0.1024436090225563,0.2272727272727272,0.004214519018017,0.25,0.0225476767463913,0.4166666666666667,0.0334527447055104,0.4166666666666667,0.0318196185860288,0.4166666666666667,0.1911811189547992,0.6666666666666666,,,,,,,,,,
125812,27607,0.2194305789590818,0.657873563319188,0.4642798289564095,98229,0.0396655748823414,True,0.0077516571883942,1.0,0.0,0.9999571355176218,0.0,,0.0304,0.0277372262773722,,,0.1578947368421052,,1.0,0.5,,,True,0.0342304487992175,0.9864300626304802,0.000132376151927,0.999889194796716,12.014300772171175,,0.2976,0.1274939172749391,,,0.2105263157894736,,1.0,0.5,,,True,0.069475133118412,0.9547038327526132,0.0009266330634896,0.9997612681793078,84.10010540519822,,0.6952,0.2652068126520681,,,0.2631578947368421,,1.0,1.0,,,True,0.0677002209584525,0.9574795081967212,0.0008451708161498,0.9997708424025876,76.70668954540058,,0.6784,0.2549878345498783,,,0.2631578947368421,,1.0,1.0,,,True,0.1113847937117397,0.7523856129190115,0.0103049742884781,0.9992087464420032,935.2671062644024,,0.9664,0.4569343065693431,,,0.3421052631578947,,1.0,1.0,,,LightGBM,fleet,150000,75000,53.71,C_feature_ablation,CTT_Forester,FS-A-rank,0,0.0,0.0,0.000563909774436,0.0454545454545454,0.0011278195488721,0.0454545454545454,0.0011278195488721,0.0454545454545454,0.0037593984962406,0.1363636363636363,0.0062690970393003,0.25,0.0162258982193657,0.3333333333333333,0.0262353808871562,0.4166666666666667,0.0258666104730797,0.4166666666666667,0.0478347908544937,0.5,,,,,,,,,,
125812,27607,0.2194305789590818,0.5112738230879894,0.3328948969762688,98229,0.0396655748823414,True,0.0557829535987249,0.99935107073329,1.018278091746856e-05,0.9999991655349731,0.9241769824747056,,0.0176,0.4506082725060827,,,0.2368421052631578,,1.0,1.0,,,True,0.0597312275872061,0.9909855769230768,0.000152741713762,0.999998927116394,13.862654737120586,,0.0184,0.4768856447688564,,,0.2368421052631578,,1.0,1.0,,,True,0.0684246749012931,0.9530776992936428,0.0009469986253245,0.9999982118606568,85.94845937014765,,0.0392,0.5255474452554745,,,0.3157894736842105,,1.0,1.0,,,True,0.0674104393813163,0.9632505175983436,0.0007229774451402,0.9999983310699464,65.61656575570412,,0.032,0.5226277372262774,,,0.2894736842105263,,1.0,1.0,,,True,0.110479226283189,0.7625,0.0096736418715951,0.999994158744812,877.9681333509704,,0.3584,0.6262773722627737,,,0.6052631578947368,,1.0,1.0,,,LogReg,fleet,150000,75000,6.25,C_feature_ablation,CTT_Forester,FS-A,0,0.000375939849624,0.0454545454545454,0.0018796992481203,0.0454545454545454,0.0056390977443609,0.1363636363636363,0.0050751879699248,0.0909090909090909,0.0456766917293233,0.4545454545454545,0.0310820777578758,0.3333333333333333,0.0335054261932356,0.3333333333333333,0.0384574860394057,0.4166666666666667,0.0379306711621536,0.4166666666666667,0.0564745548414287,0.75,,,,,,,,,,
125812,27607,0.2194305789590818,0.687823180168127,0.4907921262754883,98229,0.0396655748823414,True,0.1287354656427717,1.0,0.0,0.6243753686607101,0.0,,0.9952,0.55669099756691,,,0.3947368421052631,,1.0,0.5,,,True,0.1432607671967254,0.9992420414350682,3.054834275240568e-05,0.6007540610258708,2.772530947424117,,0.9952,0.5669099756690997,,,0.5263157894736842,,1.0,1.0,,,True,0.1648494946933748,0.9766094420600858,0.001109923120004,0.5780114585910809,100.73529108974292,,0.9968,0.5746958637469587,,,0.7368421052631579,,1.0,1.0,,,True,0.1644872677219545,0.978031445186302,0.0010386436535817,0.5788073271073605,94.26605221242,,0.9968,0.5746958637469587,,,0.7368421052631579,,1.0,1.0,,,True,0.1977397036983373,0.8727418065547562,0.0081054936103049,0.5564368679304692,735.6448780498658,,0.9984,0.5819951338199514,,,0.868421052631579,,1.0,1.0,,,RandomForest,fleet,150000,75000,142.47,C_feature_ablation,CTT_Forester,FS-A,0,0.0430451127819548,0.2272727272727272,0.0860902255639097,0.3636363636363636,0.1409774436090225,0.5909090909090909,0.1404135338345864,0.5909090909090909,0.2054511278195488,0.8181818181818182,0.0493625539985249,0.5833333333333334,0.0573174586450321,0.6666666666666666,0.0723843641344431,0.9166666666666666,0.0720155937203666,0.9166666666666666,0.10125381940786,0.9166666666666666,,,,,,,,,,
125812,27607,0.2194305789590818,0.6319411525778218,0.4629613334332474,98229,0.0396655748823414,True,0.1300032600427428,0.9997214484679666,1.018278091746856e-05,0.8937053106536776,0.9241769824747056,,0.9944,0.564963503649635,,,0.2894736842105263,,1.0,1.0,,,True,0.1466294780309341,0.997289972899729,0.0001120105900921,0.7656403547171872,10.165946807221763,,0.9952,0.5815085158150851,,,0.3421052631578947,,1.0,1.0,,,True,0.1609012207048936,0.9722039833661632,0.0012932131765185,0.6354742536027508,117.37047677428764,,0.996,0.5927007299270073,,,0.6842105263157895,,1.0,1.0,,,True,0.1603216575506212,0.9748898678414096,0.0011608370245914,0.641091653921387,105.35617600211648,,0.996,0.591727493917275,,,0.6842105263157895,,1.0,1.0,,,True,0.1951678922012533,0.820341047503045,0.0120156814826129,0.4687900861684295,1090.5288393201529,,0.9976,0.6053527980535279,,,0.8421052631578947,,1.0,1.0,,,HistGB,fleet,150000,75000,99.35,C_feature_ablation,CTT_Forester,FS-A,0,0.0539473684210526,0.0909090909090909,0.1069548872180451,0.1363636363636363,0.1353383458646616,0.5909090909090909,0.1342105263157894,0.5909090909090909,0.1870300751879699,0.8181818181818182,0.0473079759772415,0.4166666666666667,0.0547887472342219,0.5,0.0663259930460436,0.75,0.0659045411442419,0.75,0.1002001896533558,0.8333333333333334,,,,,,,,,,
125812,27607,0.2194305789590818,0.5975929207206105,0.414887496197453,98229,0.0396655748823414,True,0.1301481508313109,1.0,0.0,0.8943847417831421,0.0,,0.9944,0.570316301703163,,,0.3157894736842105,,1.0,1.0,,,True,0.1384431484768356,0.99921568627451,3.054834275240568e-05,0.8559336066246033,2.772530947424117,,0.9952,0.5824817518248175,,,0.3684210526315789,,1.0,1.0,,,True,0.1487666171623139,0.9771591720199856,0.0009775469680769,0.7900366187095642,88.72099031757175,,0.9952,0.5902676399026764,,,0.6052631578947368,,1.0,1.0,,,True,0.1482232767051834,0.9794159885112494,0.0008757191589022,0.7925319075584412,79.4792204928247,,0.9952,0.5897810218978102,,,0.6052631578947368,,1.0,1.0,,,True,0.1672039700076067,0.8263515932688865,0.0098772974899445,0.6969585418701172,896.4516730004646,,0.9952,0.6004866180048661,,,0.7894736842105263,,1.0,1.0,,,XGBoost,fleet,150000,75000,29.59,C_feature_ablation,CTT_Forester,FS-A,0,0.0426691729323308,0.0909090909090909,0.0744360902255639,0.1818181818181818,0.1120300751879699,0.5454545454545454,0.1101503759398496,0.5454545454545454,0.1616541353383458,0.7272727272727273,0.0501000948266779,0.5,0.0518912654093351,0.5,0.0555262880623748,0.5833333333333334,0.055315562111474,0.5833333333333334,0.0673269413128226,0.8333333333333334,,,,,,,,,,
125812,27607,0.2194305789590818,0.6174148791099434,0.4442633318223583,98229,0.0396655748823414,True,0.1347846560654906,1.0,0.0,0.9748292807455664,0.0,,0.9944,0.5776155717761557,,,0.3157894736842105,,1.0,1.0,,,True,0.1423551997681747,0.9987293519695044,5.09139045873428e-05,0.9592795537219092,4.620884912373529,,0.9944,0.5834549878345499,,,0.5,,1.0,1.0,,,True,0.1571702828992646,0.975275342773657,0.0011201059009215,0.9180943280054756,101.65946807221763,,0.9952,0.591727493917275,,,0.7894736842105263,,1.0,1.0,,,True,0.1566993878364183,0.976303317535545,0.0010691919963341,0.919609659906804,97.03858315984412,,0.9952,0.5912408759124088,,,0.7894736842105263,,1.0,1.0,,,True,0.1834679610243778,0.8285620808113856,0.010671554401507,0.8589261007366024,968.5374776334916,,0.9976,0.6,,,0.8947368421052632,,1.0,1.0,,,LightGBM,fleet,150000,75000,51.3,C_feature_ablation,CTT_Forester,FS-A,0,0.0714285714285714,0.1363636363636363,0.1030075187969924,0.3636363636363636,0.1453007518796992,0.7272727272727273,0.1443609022556391,0.7272727272727273,0.1945488721804511,0.8636363636363636,0.0479928353176693,0.4166666666666667,0.0495205984617005,0.5833333333333334,0.0582657254240859,0.8333333333333334,0.0578969550100094,0.8333333333333334,0.0816563059740807,0.9166666666666666,,,,,,,,,,
98401,12610,0.1281491041757705,0.982118106660386,0.9416513514144064,85805,0.0442430017662048,True,0.6204599524187153,1.0,0.0,0.9849054217338562,0.0,,0.9980013324450366,0.9546716003700276,,,0.75,,1.0,0.5,,,True,0.7570182394924663,0.9995811518324608,4.662493734774044e-05,0.2466800659894943,3.7938152419865454,,0.9996668887408394,1.0,,,1.0,,1.0,1.0,,,True,0.787390959555908,0.9888457324967632,0.0013054982457367,0.155290275812149,106.22682677562332,,0.9996668887408394,1.0,,,1.0,,1.0,1.0,,,True,0.7841395717684377,0.9909801563439568,0.0010490610903241,0.1615412533283233,85.36084294469728,,0.9996668887408394,1.0,,,1.0,,1.0,1.0,,,True,0.8474226804123711,0.9052096569250316,0.0130433262230303,0.086532138288021,1061.3198139457363,,1.0,1.0,,,1.0,,1.0,1.0,,,LogReg,fleet,150000,75000,2.36,C_feature_ablation,CTT_Impala,FS-B34,0,0.7527862208713273,0.8571428571428571,0.900709219858156,1.0,0.9311043566362716,1.0,0.9290780141843972,1.0,0.9709557581898008,1.0,0.1192865105908584,0.5,0.3826086956521739,1.0,0.4479375696767001,1.0,0.440133779264214,1.0,0.5901895206243032,1.0,,,,,,,,,,
98401,12610,0.1281491041757705,0.9999228137288182,0.9997186253436122,85805,0.0442430017662048,True,0.7751784298176051,1.0,0.0,0.8601498718211652,0.0,,0.9996668887408394,0.952358926919519,,,1.0,,1.0,1.0,,,True,0.9749405233941316,0.9997560380580628,3.4968703010805326e-05,0.6245166157238877,2.845361431489909,,1.0,1.0,,,1.0,,1.0,1.0,,,True,0.9967486122125296,0.9935182989486996,0.0009558112156286,0.535460611637566,77.7732124607242,,1.0,1.0,,,1.0,,1.0,1.0,,,True,0.9963521015067408,0.9942233124950542,0.0008509051065962,0.5381227415975277,69.23712816625448,,1.0,1.0,,,1.0,,1.0,1.0,,,True,0.999127676447264,0.944594391962813,0.008613957174995,0.4805426443443427,700.9073659570145,,1.0,1.0,,,1.0,,1.0,1.0,,,RandomForest,fleet,150000,75000,184.07,C_feature_ablation,CTT_Impala,FS-B34,0,0.8362039851401554,1.0,0.9972982100641676,1.0,0.9989868287740628,1.0,0.9989868287740628,1.0,0.999324552516042,1.0,0.4992196209587514,1.0,0.9313266443701226,1.0,0.9915273132664436,1.0,0.99041248606466,1.0,0.9979933110367892,1.0,,,,,,,,,,
98401,12610,0.1281491041757705,0.9875992401022602,0.967274644896273,85805,0.0442430017662048,True,0.7692307692307693,1.0,0.0,0.99589671698282,0.0,,0.9986675549633578,1.0,,,1.0,,1.0,1.0,,,True,0.8447264076130055,0.999906129728715,1.165623433693511e-05,0.9588288607545532,0.9484538104966366,,0.9996668887408394,1.0,,,1.0,,1.0,1.0,,,True,0.889452815226011,0.9907252009539792,0.0012239046053781,0.8656797050143277,99.58765010214684,,0.9996668887408394,1.0,,,1.0,,1.0,1.0,,,True,0.8858049167327517,0.9928006399431162,0.0009441549812917,0.8769182516367422,76.82475865022757,,0.9996668887408394,1.0,,,1.0,,1.0,1.0,,,True,0.9221252973830294,0.9350273399807012,0.0094182373442435,0.6929947709715493,766.3506788812823,,1.0,1.0,,,1.0,,1.0,1.0,,,HistGB,fleet,150000,75000,62.88,C_feature_ablation,CTT_Impala,FS-B34,0,0.8243836541708882,1.0,0.9425869638635596,1.0,0.9861533265788583,1.0,0.984126984126984,1.0,0.994934143870314,1.0,0.4680044593088071,1.0,0.6015607580824972,1.0,0.6985507246376812,1.0,0.6896321070234114,1.0,0.7843924191750279,1.0,,,,,,,,,,
98401,12610,0.1281491041757705,0.9951870262211012,0.9810568821340472,85805,0.0442430017662048,True,0.7876288659793814,1.0,0.0,0.9933564066886902,0.0,,0.9996668887408394,1.0,,,1.0,,1.0,1.0,,,True,0.8597938144329897,0.9995390430533788,5.828117168467555e-05,0.9632506370544434,4.742269052483183,,0.9996668887408394,1.0,,,1.0,,1.0,1.0,,,True,0.897065820777161,0.9928032297700544,0.0009558112156286,0.919248104095459,77.7732124607242,,1.0,1.0,,,1.0,,1.0,1.0,,,True,0.8916732751784299,0.9945161860958784,0.0007226865288899,0.9271710515022278,58.804136250791466,,1.0,1.0,,,1.0,,1.0,1.0,,,True,0.9332275971451228,0.936346276257161,0.009324987469548,0.7883824706077576,758.7630483973093,,1.0,1.0,,,1.0,,1.0,1.0,,,XGBoost,fleet,150000,75000,20.29,C_feature_ablation,CTT_Impala,FS-B34,0,0.8676122931442081,1.0,0.9601485984464708,1.0,0.9824383654170888,1.0,0.9787234042553192,1.0,0.9952718676122932,1.0,0.4905239687848383,1.0,0.632329988851728,1.0,0.7221850613154961,1.0,0.7094760312151617,1.0,0.8153846153846154,1.0,,,,,,,,,,
98401,12610,0.1281491041757705,0.9923642273551372,0.9751798428880892,85805,0.0442430017662048,True,0.7880253766851705,1.0,0.0,0.9924750678133148,0.0,,0.9996668887408394,1.0,,,1.0,,1.0,1.0,,,True,0.8447264076130055,0.9997184420459878,3.4968703010805326e-05,0.967211559223744,2.845361431489909,,0.9996668887408394,1.0,,,1.0,,1.0,1.0,,,True,0.8975416336241079,0.9910683012259196,0.0011889359023673,0.8756873506376095,96.74228867065692,,0.9996668887408394,1.0,,,1.0,,1.0,1.0,,,True,0.8936558287073751,0.9936513534961644,0.0008392488722593,0.8871561596043114,68.28867435575783,,0.9996668887408394,1.0,,,1.0,,1.0,1.0,,,True,0.9333068992862809,0.932863031071655,0.009872830483384,0.6715097393420532,803.3403774906511,,1.0,1.0,,,1.0,,1.0,1.0,,,LightGBM,fleet,150000,75000,37.87,C_feature_ablation,CTT_Impala,FS-B34,0,0.8483620398514016,1.0,0.943937858831476,1.0,0.9864910503208376,1.0,0.9861533265788583,1.0,0.9956095913542722,1.0,0.5043478260869565,1.0,0.6006688963210702,1.0,0.7210702341137124,1.0,0.7103678929765886,1.0,0.8153846153846154,1.0,,,,,,,,,,
98401,12610,0.1281491041757705,0.8627919434918331,0.806599625405479,85805,0.0442430017662048,True,0.3095162569389373,0.9994878361075544,2.331246867387022e-05,57.9457761972984,1.8969076209932727,,0.1022651565622918,1.0,,,0.25,,0.25,1.0,,,True,0.7068992862807296,0.9988794262662484,0.0001165623433693,5.148587785495526,9.484538104966363,,0.9996668887408394,1.0,,,0.8928571428571429,,1.0,1.0,,,True,0.7177636796193497,0.9906961471103328,0.0009907799186394,4.960090439682889,80.61857389221412,,0.9996668887408394,1.0,,,0.9285714285714286,,1.0,1.0,,,True,0.7177636796193497,0.9929786066922656,0.0007459989975638,4.982894177881867,60.70104387178474,,0.9996668887408394,1.0,,,0.9285714285714286,,1.0,1.0,,,True,0.7178429817605075,0.9225438238891154,0.0088587380960706,4.629069253526287,720.8248959774438,,0.9996668887408394,1.0,,,0.9285714285714286,,1.0,1.0,,,Rule:Combined,fleet,150000,75000,0.33,C_feature_ablation,CTT_Impala,FS-B34,0,0.1337386018237082,0.1428571428571428,0.7382640999662277,0.8571428571428571,0.7723741979061128,0.9285714285714286,0.7723741979061128,0.9285714285714286,0.7723741979061128,0.9285714285714286,0.231438127090301,0.25,0.3489409141583054,0.875,0.3569676700111482,0.875,0.3569676700111482,0.875,0.357190635451505,0.875,,,,,,,,,,
98401,12610,0.1281491041757705,0.9878948837090038,0.959616585499019,85805,0.0442430017662048,True,0.5839016653449643,0.9998642042368278,1.165623433693511e-05,0.9950138926506042,0.9484538104966366,,0.9980013324450366,0.8052728954671601,,,0.7142857142857143,,1.0,0.5,,,True,0.7670896114195084,0.9993801012501292,6.993740602161065e-05,0.1849895566701889,5.690722862979818,,0.9996668887408394,1.0,,,1.0,,1.0,1.0,,,True,0.8245836637589214,0.9884030418250952,0.001422060589106,0.1093216761946678,115.71136488058964,,0.9996668887408394,1.0,,,1.0,,1.0,1.0,,,True,0.8183187946074544,0.9911631927768706,0.001072373558998,0.1148887574672699,87.25775056569057,,0.9996668887408394,1.0,,,1.0,,1.0,1.0,,,True,0.8850118953211736,0.9261410788381744,0.0103740485598722,0.0724358260631561,844.1238913420066,,1.0,1.0,,,1.0,,1.0,1.0,,,LogReg,fleet,150000,75000,2.82,C_feature_ablation,CTT_Impala,FS-B,0,0.7342114150624789,0.7857142857142857,0.9050996285038838,1.0,0.9459642012833502,1.0,0.9432624113475178,1.0,0.972644376899696,1.0,0.1007803790412486,0.5,0.4080267558528428,1.0,0.5426978818283166,1.0,0.5268673355629877,1.0,0.6947603121516165,1.0,,,,,,,,,,
98401,12610,0.1281491041757705,0.9999546026184968,0.9998353163550128,85805,0.0442430017662048,True,0.7525773195876289,1.0,0.0,0.8827561818535188,0.0,,0.9996668887408394,0.9264569842738204,,,1.0,,1.0,1.0,,,True,0.986994448850119,0.9995984258292506,5.828117168467555e-05,0.6166489402995174,4.742269052483183,,1.0,1.0,,,1.0,,1.0,1.0,,,True,0.9996827914353688,0.9923640085019286,0.0011306547306827,0.397095512970921,92.00001961817374,,1.0,1.0,,,1.0,,1.0,1.0,,,True,0.9996827914353688,0.9940856399337592,0.0008742175752701,0.4035317340694903,71.13403578724774,,1.0,1.0,,,1.0,,1.0,1.0,,,True,0.9996827914353688,0.9369704177196372,0.0098844867177209,0.3527317642420811,804.2888313011478,,1.0,1.0,,,1.0,,1.0,1.0,,,RandomForest,fleet,150000,75000,157.13,C_feature_ablation,CTT_Impala,FS-B,0,0.8166160081053698,1.0,0.9986491050320836,1.0,0.999324552516042,1.0,0.999324552516042,1.0,0.999324552516042,1.0,0.461092530657748,1.0,0.9643255295429208,1.0,0.9995540691192863,1.0,0.9995540691192863,1.0,0.9995540691192863,1.0,,,,,,,,,,
98401,12610,0.1281491041757705,0.997336297178181,0.9905501736677604,85805,0.0442430017662048,True,0.7730372720063442,1.0,0.0,0.9925789151981508,0.0,,0.9993337774816788,1.0,,,1.0,,1.0,1.0,,,True,0.8914353687549564,0.9999110478562532,1.165623433693511e-05,0.8113970233608446,0.9484538104966366,,1.0,1.0,,,1.0,,1.0,1.0,,,True,0.9467089611419508,0.9920226026258931,0.0011189984963457,0.4093152260561571,91.0515658076771,,1.0,1.0,,,1.0,,1.0,1.0,,,True,0.9440126883425852,0.9943200801871032,0.0007926239349115,0.4393050142708405,64.49485911377128,,1.0,1.0,,,1.0,,1.0,1.0,,,True,0.970182394924663,0.9229028364514182,0.0119126714923476,0.1850361099477289,969.3197943275626,,1.0,1.0,,,1.0,,1.0,1.0,,,HistGB,fleet,150000,75000,57.19,C_feature_ablation,CTT_Impala,FS-B,0,0.8321513002364066,1.0,0.977710233029382,1.0,0.9966227625802094,1.0,0.9966227625802094,1.0,0.9986491050320836,1.0,0.4731326644370122,1.0,0.7094760312151617,1.0,0.852396878483835,1.0,0.8448160535117056,1.0,0.9170568561872908,1.0,,,,,,,,,,
98401,12610,0.1281491041757705,0.999820094665816,0.999021475564985,85805,0.0442430017662048,True,0.8068992862807296,1.0,0.0,0.9875147342681884,0.0,,0.9996668887408394,1.0,,,1.0,,1.0,1.0,,,True,0.9047581284694688,0.9999123575810692,1.165623433693511e-05,0.8851503729820251,0.9484538104966366,,1.0,1.0,,,1.0,,1.0,1.0,,,True,0.9851704996034892,0.9901960784313726,0.001433716823443,0.4301704168319702,116.65981869108629,,1.0,1.0,,,1.0,,1.0,1.0,,,True,0.9826328310864392,0.9919942358498118,0.0011656234336935,0.4744885265827179,94.84538104966366,,1.0,1.0,,,1.0,,1.0,1.0,,,True,0.9972244250594766,0.9225972120322816,0.0122973272254665,0.1887103468179702,1000.6187700739516,,1.0,1.0,,,1.0,,1.0,1.0,,,XGBoost,fleet,150000,75000,39.55,C_feature_ablation,CTT_Impala,FS-B,0,0.8635596082404593,1.0,0.9696048632218844,1.0,0.9976359338061466,1.0,0.9976359338061466,1.0,0.999662276258021,1.0,0.5473801560758083,1.0,0.7522853957636566,1.0,0.959866220735786,1.0,0.95273132664437,1.0,0.9924191750278708,1.0,,,,,,,,,,
98401,12610,0.1281491041757705,0.9992459645788576,0.9961563885054108,85805,0.0442430017662048,True,0.7518636003172086,1.0,0.0,0.9971364032159264,0.0,,0.9993337774816788,1.0,,,1.0,,1.0,1.0,,,True,0.8858842188739096,0.999642058165548,4.662493734774044e-05,0.8566333244954254,3.7938152419865454,,0.9996668887408394,1.0,,,1.0,,1.0,1.0,,,True,0.9578905630452024,0.991300779647107,0.0012355608397151,0.4701290795728806,100.53610391264348,,1.0,1.0,,,1.0,,1.0,1.0,,,True,0.9545598731165742,0.992987955782874,0.0009907799186394,0.500523889486081,80.61857389221412,,1.0,1.0,,,1.0,,1.0,1.0,,,True,0.9861221252973832,0.9167649660867,0.0131598885663997,0.1972620030994654,1070.8043520507028,,1.0,1.0,,,1.0,,1.0,1.0,,,LightGBM,fleet,150000,75000,92.3,C_feature_ablation,CTT_Impala,FS-B,0,0.796014859844647,1.0,0.984126984126984,1.0,0.994934143870314,1.0,0.994596420128335,1.0,0.9986491050320836,1.0,0.4374581939799331,1.0,0.6898550724637681,1.0,0.8849498327759198,1.0,0.8758082497212932,1.0,0.9618729096989966,1.0,,,,,,,,,,
98401,12610,0.1281491041757705,0.8612017918691821,0.7766088107812074,85805,0.0442430017662048,True,0.3095162569389373,0.9237869822485208,0.0037533074564931,119.24101044669672,305.402126979917,,0.1022651565622918,1.0,,,0.25,,0.25,1.0,,,True,0.3095162569389373,0.922695035460993,0.0038115886281777,81.57420412367645,310.1443960324001,,0.1022651565622918,1.0,,,0.25,,0.25,1.0,,,True,0.6828707375099128,0.954868041694389,0.0047440873751325,8.267907342741067,386.0207008721312,,0.9986675549633578,1.0,,,0.7142857142857143,,1.0,1.0,,,True,0.6828707375099128,0.9564589581250694,0.0045692438600785,8.67487800142868,371.79389371468153,,0.9986675549633578,1.0,,,0.7142857142857143,,1.0,1.0,,,True,0.7180015860428232,0.879456046624575,0.0144653868121364,4.99617798290657,1177.031178826326,,0.9996668887408394,1.0,,,0.9642857142857144,,1.0,1.0,,,Rule:Combined,fleet,150000,75000,0.31,C_feature_ablation,CTT_Impala,FS-B,0,0.1337386018237082,0.1428571428571428,0.1337386018237082,0.1428571428571428,0.7254305977710233,0.7142857142857143,0.7254305977710233,0.7142857142857143,0.7730496453900709,0.9285714285714286,0.231438127090301,0.25,0.231438127090301,0.25,0.2905239687848383,0.5,0.2905239687848383,0.5,0.357190635451505,1.0,,,,,,,,,,
98401,12610,0.1281491041757705,0.4653641619748475,0.1166394192200104,85805,0.0442430017662048,True,0.0,0.0,0.0037416512221561,119.24101044669672,304.4536731694203,,0.0,0.0,,,0.0,,0.0,0.0,,,True,0.0,0.0,0.0037999323938408,76.04562489909327,309.1959422219035,,0.0,0.0,,,0.0,,0.0,0.0,,,True,0.000396510705789,0.0121654501216545,0.0047324311407956,8.266081199702564,385.0722470616344,,0.0006662225183211,0.0004625346901017,,,0.1785714285714285,,0.5,0.5,,,True,0.000396510705789,0.0126262626262626,0.0045575876257416,8.655721852720761,370.8454399041849,,0.0006662225183211,0.0004625346901017,,,0.1785714285714285,,0.5,0.5,,,True,0.0061062648691514,0.056701030927835,0.0149316361856138,4.862237753614648,1214.9693312461914,,0.0076615589606928,0.0092506938020351,,,0.7857142857142857,,1.0,0.5,,,Rule:Staleness,fleet,150000,75000,0.22,C_feature_ablation,CTT_Impala,FS-B,0,0.0,0.0,0.0,0.0,0.0006754474839581,0.1428571428571428,0.0006754474839581,0.1428571428571428,0.0060790273556231,0.7142857142857143,0.0,0.0,0.0,0.0,0.0,0.0,0.0,0.0,0.0035674470457079,0.875,,,,,,,,,,
98401,12610,0.1281491041757705,0.6034971781144061,0.3463276715138383,85805,0.0442430017662048,True,0.0660586835844567,0.9893111638954868,0.0001049061090324,0.9613994359970092,8.53608429446973,,0.2245169886742171,0.0485661424606845,,,0.3214285714285714,,0.75,0.5,,,True,0.0927042030134813,0.9823529411764704,0.0002447809210756,0.9389399886131288,19.917530020429368,,0.3124583610926049,0.0670675300647548,,,0.4285714285714285,,1.0,0.5,,,True,0.1301348136399683,0.9276427360090448,0.0014919979951276,0.8935745358467102,121.40208774356948,,0.4170552964690207,0.1040703052728954,,,0.5,,1.0,0.5,,,True,0.1277557494052339,0.936627906976744,0.0012705295427259,0.8970047235488892,103.38146534413336,,0.4100599600266489,0.1017576318223866,,,0.5,,1.0,0.5,,,True,0.1784298176050753,0.7037847982483578,0.0110384539170775,0.8085343241691589,898.1857585403149,,0.5223184543637575,0.1651248843663274,,,0.5357142857142857,,1.0,0.5,,,LogReg,fleet,150000,75000,3.5,C_feature_ablation,CTT_Impala,FS-A-rank,0,0.0020263424518743,0.2142857142857142,0.0060790273556231,0.3571428571428571,0.0195879770347855,0.4285714285714285,0.0185748058088483,0.4285714285714285,0.0513340087808172,0.5,0.0107023411371237,0.25,0.0151616499442586,0.25,0.0236343366778149,0.375,0.0234113712374581,0.375,0.0385730211817168,0.375,,,,,,,,,,
98401,12610,0.1281491041757705,0.7698089517309975,0.6140458437991856,85805,0.0442430017662048,True,0.2984139571768437,0.9989381470666312,4.662493734774044e-05,0.6029725067251519,3.7938152419865454,,0.9973351099267156,0.2335800185013876,,,0.4642857142857143,,1.0,1.0,,,True,0.3402854877081681,0.9972112479665348,0.0001398748120432,0.5680126887574537,11.381445725959637,,0.997668221185876,0.3635522664199815,,,0.5714285714285714,,1.0,1.0,,,True,0.3911974623314829,0.9772187004754358,0.0013404669487475,0.528938615648117,109.0721882071132,,0.9980013324450366,0.5138760407030527,,,0.75,,1.0,1.0,,,True,0.3843774781919112,0.982765612327656,0.0009907799186394,0.533785114586193,80.61857389221412,,0.997668221185876,0.4967622571692877,,,0.75,,1.0,1.0,,,True,0.4499603489294211,0.8669213139801375,0.0101525801074704,0.4848345783620711,826.1032689425704,,0.9983344437041972,0.6318223866790009,,,0.8928571428571429,,1.0,1.0,,,RandomForest,fleet,150000,75000,171.51,C_feature_ablation,CTT_Impala,FS-A-rank,0,0.0661938534278959,0.3571428571428571,0.1249577845322526,0.5,0.2026342451874366,0.7142857142857143,0.1898007429922323,0.7142857142857143,0.3218507261060452,0.9285714285714286,0.0151616499442586,0.25,0.0312151616499442,0.375,0.0503901895206243,0.625,0.0481605351170568,0.625,0.0798216276477146,0.75,,,,,,,,,,
98401,12610,0.1281491041757705,0.7918565086864227,0.6127826312979795,85805,0.0442430017662048,True,0.250832672482157,1.0,0.0,0.9901007470265126,0.0,,0.9950033311125916,0.0027752081406105,,,0.4642857142857143,,1.0,0.5,,,True,0.2670896114195083,0.997925925925926,8.159364035854577e-05,0.977299769561468,6.639176673476457,,0.9966688874083944,0.018963922294172,,,0.5714285714285714,,1.0,0.5,,,True,0.3183187946074544,0.974271844660194,0.0012355608397151,0.9219789779042042,100.53610391264348,,0.997001998667555,0.0814061054579093,,,0.6785714285714286,,1.0,0.5,,,True,0.3090404440919905,0.9806240563663816,0.000897530043944,0.9340779850005724,73.03094340824101,,0.997001998667555,0.0661424606845513,,,0.6428571428571429,,1.0,0.5,,,True,0.4017446471054718,0.8580623306233063,0.0097679243743516,0.7238631795885687,794.8042931961813,,0.9980013324450366,0.290009250693802,,,0.9642857142857144,,1.0,1.0,,,HistGB,fleet,150000,75000,80.24,C_feature_ablation,CTT_Impala,FS-A-rank,0,0.0560621411685241,0.3571428571428571,0.1094224924012158,0.5,0.2688280986153326,0.5,0.2428233704829449,0.5,0.4025667004390408,0.9285714285714286,0.0008918617614269,0.375,0.0024526198439241,0.5,0.0109253065774804,0.875,0.0093645484949832,0.75,0.0559643255295429,1.0,,,,,,,,,,
98401,12610,0.1281491041757705,0.7478195077129469,0.4944467471161744,85805,0.0442430017662048,True,0.1673275178429817,0.9995262908574136,1.165623433693511e-05,0.9982773065567015,0.9484538104966366,,0.6932045303131246,0.0101757631822386,,,0.25,,1.0,0.5,,,True,0.202934179222839,0.9953325554259044,0.0001398748120432,0.9968210458755492,11.381445725959637,,0.8277814790139907,0.0286771507863089,,,0.3214285714285714,,1.0,0.5,,,True,0.2431403647898493,0.9690265486725664,0.0011423109650196,0.9928615689277648,92.94847342867038,,0.947701532311792,0.0772432932469935,,,0.5,,1.0,0.5,,,True,0.2386201427438541,0.974417098445596,0.0009208425126178,0.9936043620109558,74.92785102923429,,0.938041305796136,0.0670675300647548,,,0.5,,1.0,0.5,,,True,0.2854877081681205,0.8128245653646421,0.0096630182653192,0.9763414859771729,786.2682089017118,,0.9896735509660226,0.2025901942645698,,,0.7142857142857143,,1.0,1.0,,,XGBoost,fleet,150000,75000,23.66,C_feature_ablation,CTT_Impala,FS-A-rank,0,0.0,0.0,0.0013508949679162,0.1428571428571428,0.0081053698074974,0.2142857142857142,0.0074299223235393,0.2142857142857142,0.0314083080040526,0.5714285714285714,0.0015607580824972,0.25,0.0017837235228539,0.25,0.0066889632107023,0.75,0.0057971014492753,0.75,0.0218506131549609,0.75,,,,,,,,,,
98401,12610,0.1281491041757705,0.7944002239328078,0.5757070354978467,85805,0.0442430017662048,True,0.2410785091197462,0.9996711608023676,1.165623433693511e-05,0.9943388909610084,0.9484538104966366,,0.9930046635576284,0.0069380203515263,,,0.4285714285714285,,1.0,0.5,,,True,0.2498017446471054,0.9968354430379748,0.0001165623433693,0.9888433826153435,9.484538104966363,,0.9946702198534312,0.0268270120259019,,,0.5,,1.0,0.5,,,True,0.2757335448057098,0.9725874125874124,0.0011423109650196,0.9661412189411152,92.94847342867038,,0.997001998667555,0.1059204440333025,,,0.6071428571428571,,1.0,0.5,,,True,0.2728786677240285,0.9767243826284416,0.0009558112156286,0.9694125835208652,77.7732124607242,,0.997001998667555,0.0966697502312673,,,0.6071428571428571,,1.0,0.5,,,True,0.3277557494052339,0.8322593636729763,0.0097096432026669,0.8819900038553121,790.0620241436982,,0.9973351099267156,0.2789084181313598,,,0.8571428571428571,,1.0,1.0,,,LightGBM,fleet,150000,75000,54.72,C_feature_ablation,CTT_Impala,FS-A-rank,0,0.0131712259371833,0.3571428571428571,0.0317460317460317,0.4285714285714285,0.0739614994934143,0.5,0.0705842620736237,0.5,0.1398176291793313,0.7857142857142857,0.0011148272017837,0.25,0.0026755852842809,0.375,0.0080267558528428,0.625,0.0066889632107023,0.625,0.0272017837235228,0.875,,,,,,,,,,
98401,12610,0.1281491041757705,0.7673067002336637,0.5816242390650921,85805,0.0442430017662048,True,0.1232355273592387,1.0,0.0,0.9993791580200196,0.0,,0.2068620919387075,0.0009250693802035,,,0.4285714285714285,,1.0,0.5,,,True,0.2585249801744647,0.9993868792152054,2.331246867387022e-05,0.9967183470726012,1.8969076209932727,,0.5856095936042638,0.0161887141535615,,,0.6428571428571429,,1.0,0.5,,,True,0.3337827121332276,0.97633959638135,0.0011889359023673,0.9929908514022828,96.74228867065692,,0.7794803464357095,0.047641073080481,,,0.8214285714285714,,1.0,1.0,,,True,0.3276764472640761,0.9814726840855108,0.0009091862782809,0.9933996200561525,73.97939721873765,,0.7634910059960026,0.0453283996299722,,,0.8214285714285714,,1.0,1.0,,,True,0.3986518636003172,0.8556595744680852,0.0098844867177209,0.9853748083114624,804.2888313011478,,0.9153897401732178,0.0962072155411655,,,0.8928571428571429,,1.0,1.0,,,LogReg,fleet,150000,75000,5.54,C_feature_ablation,CTT_Impala,FS-A,0,0.3140830800405269,0.4285714285714285,0.4829449510300574,0.7142857142857143,0.563323201621074,0.8571428571428571,0.5572441742654508,0.8571428571428571,0.6210739614994935,0.8571428571428571,0.0002229654403567,0.125,0.0082497212931995,0.375,0.0218506131549609,0.625,0.0205128205128205,0.625,0.0517279821627647,0.875,,,,,,,,,,
98401,12610,0.1281491041757705,0.6386121303537484,0.4140147885168574,85805,0.0442430017662048,True,0.2351308485329103,1.0,0.0,0.8478703045306019,0.0,,0.983344437041972,0.0013876040703052,,,0.3214285714285714,,1.0,0.5,,,True,0.2469468675654242,0.9952061361457336,0.000174843515054,0.8166401518487069,14.226807157449551,,0.9943371085942704,0.0143385753931544,,,0.7142857142857143,,1.0,0.5,,,True,0.2619349722442506,0.9640980735551664,0.001433716823443,0.7939154119477809,116.65981869108629,,0.9960026648900732,0.0393154486586494,,,0.8928571428571429,,1.0,1.0,,,True,0.2609833465503569,0.9719432959243944,0.0011073422620088,0.7952502514079126,90.10311199718048,,0.9960026648900732,0.0374653098982423,,,0.8571428571428571,,1.0,1.0,,,True,0.2792228390166534,0.8064590013742556,0.0098495180147101,0.7803899073777706,801.4434698696579,,0.9960026648900732,0.0666049953746531,,,0.9285714285714286,,1.0,1.0,,,RandomForest,fleet,150000,75000,147.69,C_feature_ablation,CTT_Impala,FS-A,0,0.0033772374197906,0.2857142857142857,0.0307328605200945,0.7857142857142857,0.0570753123944613,0.8571428571428571,0.0560621411685241,0.8571428571428571,0.0827423167848699,0.8571428571428571,0.0,0.0,0.0015607580824972,0.5,0.0131549609810479,0.875,0.0120401337792642,0.75,0.0316610925306577,1.0,,,,,,,,,,
98401,12610,0.1281491041757705,0.5879955090867741,0.2384910945171479,85805,0.0442430017662048,True,0.0061855670103092,0.9629629629629628,3.4968703010805326e-05,0.999970547920494,2.845361431489909,,0.0153231179213857,0.0106382978723404,,,0.2142857142857142,,0.25,0.5,,,True,0.0195083267248215,0.924812030075188,0.0002331246867387,0.999947785210325,18.96907620993273,,0.0406395736175882,0.0379278445883441,,,0.4642857142857143,,0.75,1.0,,,True,0.0588421887390959,0.849942726231386,0.0015269666981384,0.9998914613869366,124.2474491750594,,0.1352431712191872,0.0897317298797409,,,0.75,,1.0,1.0,,,True,0.0564631245043616,0.8672350791717418,0.0012705295427259,0.9998965215712596,103.38146534413336,,0.1275816122584943,0.0878815911193339,,,0.75,,1.0,1.0,,,True,0.096193497224425,0.5592438911940987,0.0111433600261099,0.9998449497998252,906.7218428347844,,0.2418387741505663,0.1207215541165587,,,0.8571428571428571,,1.0,1.0,,,HistGB,fleet,150000,75000,82.83,C_feature_ablation,CTT_Impala,FS-A,0,0.0027017899358324,0.2142857142857142,0.0067544748395812,0.4285714285714285,0.0307328605200945,0.7142857142857143,0.0297196892941573,0.7142857142857143,0.0435663627152988,0.7142857142857143,0.0002229654403567,0.125,0.0049052396878483,0.25,0.0113712374581939,0.625,0.0113712374581939,0.625,0.0216276477146042,1.0,,,,,,,,,,
98401,12610,0.1281491041757705,0.5800476479313637,0.2213946760538938,85805,0.0442430017662048,True,0.0,0.0,0.0,0.9999948740005492,0.0,,0.0,0.0,,,0.0,,0.0,0.0,,,True,0.0172878667724028,0.9688888888888888,8.159364035854577e-05,0.9999624490737916,6.639176673476457,,0.0379746835443038,0.0282146160962072,,,0.3571428571428571,,0.5,1.0,,,True,0.0463917525773195,0.7916102841677943,0.001795060087888,0.9999139308929444,146.06188681648203,,0.0816122584943371,0.0777058279370952,,,0.7142857142857143,,1.0,1.0,,,True,0.0426645519429024,0.8251533742331288,0.0013288107144106,0.9999202489852904,108.12373439661656,,0.0759493670886076,0.0721554116558741,,,0.7142857142857143,,1.0,1.0,,,True,0.0810467882632831,0.5014720314033366,0.011842734086326,0.9998284578323364,963.6290714645828,,0.1392405063291139,0.1304347826086956,,,0.75,,1.0,1.0,,,XGBoost,fleet,150000,75000,22.03,C_feature_ablation,CTT_Impala,FS-A,0,0.0,0.0,0.0043904086457277,0.2857142857142857,0.0310705842620736,0.7142857142857143,0.028031070584262,0.7142857142857143,0.0614657210401891,0.7142857142857143,0.0,0.0,0.0066889632107023,0.25,0.0178372352285395,0.5,0.0158305462653288,0.5,0.0312151616499442,0.625,,,,,,,,,,
98401,12610,0.1281491041757705,0.6337072340873475,0.4094180063033799,85805,0.0442430017662048,True,0.042426645519429,1.0,0.0,0.9999233759115476,0.0,,0.1655562958027981,0.0124884366327474,,,0.3214285714285714,,1.0,0.5,,,True,0.1206978588421887,0.9960732984293194,6.993740602161065e-05,0.9998415491150948,5.690722862979818,,0.4333777481678881,0.0666049953746531,,,0.5714285714285714,,1.0,0.5,,,True,0.2090404440919905,0.9630982827913774,0.0011772796680304,0.9997143237344502,95.79383486016027,,0.6865423051299134,0.156336725254394,,,0.6785714285714286,,1.0,1.0,,,True,0.2040444091990483,0.9683853970643584,0.0009791236843025,0.9997235751029956,79.67012008171747,,0.6745502998001333,0.1498612395929695,,,0.6785714285714286,,1.0,1.0,,,True,0.265107057890563,0.8123936816524909,0.0089986129081139,0.9995657454520142,732.2063417034035,,0.810126582278481,0.2192414431082331,,,0.7857142857142857,,1.0,1.0,,,LightGBM,fleet,150000,75000,31.88,C_feature_ablation,CTT_Impala,FS-A,0,0.0033772374197906,0.2142857142857142,0.0189125295508274,0.5,0.0482944951030057,0.5714285714285714,0.0462681526511313,0.5714285714285714,0.0797028031070584,0.7857142857142857,0.0002229654403567,0.125,0.0046822742474916,0.5,0.020958751393534,0.625,0.0193979933110367,0.625,0.0448160535117056,0.625,,,,,,,,,,
118722,21816,0.1837570121797139,0.99106260705873,0.9897353350443262,96923,0.0248904217529296,False,0.7946919691969196,1.0,0.0,0.8349963426589967,0.0,,1.0,0.8519893899204244,,,0.8529411764705882,,1.0,1.0,,,True,0.8661991199119912,0.9998941742949362,2.063855695209791e-05,0.687600314617157,2.985036001601992,,1.0,0.8954907161803713,,,0.8529411764705882,,1.0,1.0,,,True,0.9254217088375504,0.9976281069328458,0.0004953253668503,0.5626407861709595,71.6408640384478,,1.0,0.956763925729443,,,0.8823529411764706,,1.0,1.0,,,True,0.933122478914558,0.9967195456325892,0.0006913916578952,0.5400662422180176,99.99870605366672,,1.0,0.96631299734748,,,0.9117647058823528,,1.0,1.0,,,True,0.9721763843050972,0.961292661922676,0.0088126638185458,0.3344115614891052,1274.6103726840506,,1.0,0.996551724137931,,,0.9117647058823528,,1.0,1.0,,,LogReg,fleet,150000,75000,2.66,C_feature_ablation,CTT_Silverado,FS-B34,0,0.4817614196516595,0.6428571428571429,0.6467302004600723,0.6428571428571429,0.7354584291817285,0.7142857142857143,0.7469602366086099,0.7857142857142857,0.8462044035491292,0.7857142857142857,0.3805496828752642,1.0,0.6168076109936576,1.0,0.8258456659619451,1.0,0.8514799154334038,1.0,0.9667019027484144,1.0,,,,,,,,,,
118722,21816,0.1837570121797139,0.998058525857883,0.9960011608730036,96923,0.0248904217529296,False,0.579024569123579,1.0,0.0,0.9808355519764778,0.0,,0.7891077636152954,0.7440318302387268,,,0.8235294117647058,,1.0,1.0,,,True,0.7705812247891456,0.9992866908399216,0.0001238313417125,0.952724572450812,17.91021600961195,,0.9716552277386576,0.8790450928381963,,,0.8529411764705882,,1.0,1.0,,,True,0.8741290795746242,0.9957704558508694,0.0008358615565599,0.9109107128932008,120.89395806488068,,0.9980390409127372,0.9140583554376658,,,0.9117647058823528,,1.0,1.0,,,True,0.894068573524019,0.9943413539967374,0.0011454399108414,0.898611775976266,165.66949808891056,,0.9991977894643016,0.9275862068965516,,,0.9117647058823528,,1.0,1.0,,,True,0.986936193619362,0.9588937383094326,0.0095246940333931,0.7200780573927975,1377.5941147393194,,1.0,0.996816976127321,,,1.0,,1.0,1.0,,,RandomForest,fleet,150000,75000,126.68,C_feature_ablation,CTT_Silverado,FS-B34,0,0.1317778508051265,0.5714285714285714,0.3904042063752875,0.6428571428571429,0.5885639171869865,0.7857142857142857,0.6302990469930989,0.7857142857142857,0.9211304633585278,1.0,0.1514270613107822,1.0,0.3720930232558139,1.0,0.6966173361522199,1.0,0.7610993657505285,1.0,0.9912790697674418,1.0,,,,,,,,,,
118722,21816,0.1837570121797139,0.9957852596671414,0.9947540422125204,96923,0.0248904217529296,False,0.8316831683168316,0.999944888399008,1.0319278476048957e-05,0.995499874846286,1.492518000800996,,1.0,0.9957559681697612,,,0.8823529411764706,,1.0,1.0,,,True,0.8857260726072608,0.9996378685980342,7.223494933234268e-05,0.9906347299937008,10.44762600560697,,1.0,0.9957559681697612,,,0.9117647058823528,,1.0,1.0,,,True,0.9587000366703337,0.9956679044082644,0.0009390543413204,0.9724292157730522,135.81913807289064,,1.0,0.9960212201591512,,,0.9117647058823528,,1.0,1.0,,,True,0.9646589658965896,0.9944242309691442,0.0012176748601737,0.9661249463095604,176.11712409451752,,1.0,0.9960212201591512,,,0.9117647058823528,,1.0,1.0,,,True,0.9870737073707372,0.9573219525206722,0.0099065073370069,0.7655779054337163,1432.8172807689562,,1.0,0.9976127320954908,,,0.9411764705882352,,1.0,1.0,,,HistGB,fleet,150000,75000,77.26,C_feature_ablation,CTT_Silverado,FS-B34,0,0.3821886296418008,0.7142857142857143,0.5609595793624712,0.7857142857142857,0.8090699967137693,0.7857142857142857,0.8330594807755505,0.7857142857142857,0.9217877094972068,0.8571428571428571,0.5306553911205074,1.0,0.6984672304439746,1.0,0.919397463002114,1.0,0.93446088794926,1.0,0.9907505285412262,1.0,,,,,,,,,,
118722,21816,0.1837570121797139,0.9965337680300066,0.9945423477756856,96923,0.0248904217529296,False,0.8206362302896957,1.0,0.0,0.995063364505768,0.0,,0.9999108654960336,0.9944297082228116,,,0.8529411764705882,,1.0,1.0,,,True,0.8534561789512285,0.999785211834828,4.127711390419582e-05,0.9905001521110536,5.970072003203984,,0.9999108654960336,0.9944297082228116,,,0.8529411764705882,,1.0,1.0,,,True,0.9338100476714338,0.996283255086072,0.0007842651641797,0.965187668800354,113.43136806087568,,1.0,0.9952254641909816,,,0.9117647058823528,,1.0,1.0,,,True,0.9425192519251924,0.9944863609982588,0.0011763977462695,0.9561628699302672,170.14705209131353,,1.0,0.9952254641909816,,,0.9117647058823528,,1.0,1.0,,,True,0.984094242757609,0.9582236108011604,0.0096588446535818,0.7073310613632202,1396.9968487497324,,1.0,0.996816976127321,,,0.9411764705882352,,1.0,1.0,,,XGBoost,fleet,150000,75000,19.05,C_feature_ablation,CTT_Silverado,FS-B34,0,0.3411107459743674,0.6428571428571429,0.4469273743016759,0.6428571428571429,0.6933946763062767,0.7857142857142857,0.7255997371015446,0.7857142857142857,0.9139007558330596,0.8571428571428571,0.5015856236786469,1.0,0.6057082452431289,1.0,0.8697145877378436,1.0,0.8940274841437632,1.0,0.9807082452431288,1.0,,,,,,,,,,
118722,21816,0.1837570121797139,0.996747248576494,0.995579396124336,96923,0.0248904217529296,False,0.8665658232489916,1.0,0.0,0.9952810510620184,0.0,,1.0,0.9920424403183024,,,0.8529411764705882,,1.0,1.0,,,True,0.918133480014668,0.9997005390297464,6.191567085629373e-05,0.9895771176069322,8.955108004805975,,1.0,0.9954907161803712,,,0.9117647058823528,,1.0,1.0,,,True,0.9735973597359736,0.9953606073386756,0.0010216085691288,0.9478198308741956,147.7592820792986,,1.0,0.9957559681697612,,,0.9411764705882352,,1.0,1.0,,,True,0.9772643931059772,0.9940784258870704,0.0013105483664582,0.933909208428494,189.54978610172645,,1.0,0.9957559681697612,,,0.9411764705882352,,1.0,1.0,,,True,0.989044737807114,0.9588925428850767,0.0095453325903452,0.6161843058634093,1380.5791507409212,,1.0,0.9973474801061007,,,0.9705882352941176,,1.0,1.0,,,LightGBM,fleet,150000,75000,32.77,C_feature_ablation,CTT_Silverado,FS-B34,0,0.4380545514295103,0.6428571428571429,0.6217548471902727,0.7857142857142857,0.85803483404535,0.8571428571428571,0.8747946105816629,0.8571428571428571,0.9336181399934276,0.9285714285714286,0.6905391120507399,1.0,0.8366807610993657,1.0,0.9661733615221988,1.0,0.9738372093023256,1.0,0.9928646934460889,1.0,,,,,,,,,,
118722,21816,0.1837570121797139,0.975113385011614,0.9374536722718712,96923,0.0248904217529296,False,0.8183443344334433,0.9999439901422652,1.0319278476048957e-05,6.036070274441594,1.492518000800996,,0.9999108654960336,0.9976127320954908,,,0.5882352941176471,,1.0,1.0,,,True,0.8241657499083241,0.999444135630906,0.0001031927847604,5.115951658656413,14.92518000800996,,0.9999108654960336,0.9976127320954908,,,0.6764705882352942,,1.0,1.0,,,True,0.830949761642831,0.9963176696894752,0.0006913916578952,4.154402341116418,99.99870605366672,,1.0,0.9976127320954908,,,0.7352941176470589,,1.0,1.0,,,True,0.8382379904657132,0.9952108843537416,0.0009080965058923,3.8821523251576577,131.34158407048764,,1.0,0.9976127320954908,,,0.8235294117647058,,1.0,1.0,,,True,0.8396589658965896,0.9628889823380992,0.0072854106040905,3.465159802913398,1053.7177085655032,,1.0,0.9976127320954908,,,0.9117647058823528,,1.0,1.0,,,Rule:Combined,fleet,150000,75000,0.31,C_feature_ablation,CTT_Silverado,FS-B34,0,0.4176799211304633,0.2857142857142857,0.4288531054880052,0.2857142857142857,0.431482090042721,0.3571428571428571,0.4423266513309234,0.5714285714285714,0.4502136049950706,0.7857142857142857,0.4236257928118393,0.6666666666666666,0.4482029598308668,0.9166666666666666,0.4849365750528541,1.0,0.5182346723044398,1.0,0.5200845665961945,1.0,,,,,,,,,,
118722,21816,0.1837570121797139,0.9914230609317028,0.989618175630301,96923,0.0248904217529296,False,0.8155940594059405,1.0,0.0,0.8378345966339112,0.0,,1.0,0.8549071618037135,,,0.8235294117647058,,1.0,1.0,,,True,0.8824257425742574,0.999688424988316,6.191567085629373e-05,0.7008771896362305,8.955108004805975,,1.0,0.89973474801061,,,0.8529411764705882,,1.0,1.0,,,True,0.9155207187385406,0.9976523476523476,0.0004850060883743,0.615077018737793,70.14834603764682,,1.0,0.9312997347480106,,,0.9117647058823528,,1.0,1.0,,,True,0.9213879721305464,0.9969745064973712,0.0006294759870389,0.5973321795463562,91.04359804886076,,1.0,0.9387267904509284,,,0.9117647058823528,,1.0,1.0,,,True,0.9745599559955996,0.9596046217728832,0.0092357542360638,0.3236848413944244,1335.8036107168916,,1.0,0.9944297082228116,,,0.9117647058823528,,1.0,1.0,,,LogReg,fleet,150000,75000,3.15,C_feature_ablation,CTT_Silverado,FS-B,0,0.5573447255997371,0.5714285714285714,0.6809069996713769,0.6428571428571429,0.7351298061123891,0.7857142857142857,0.7479461058166283,0.7857142857142857,0.8649359185014788,0.7857142857142857,0.4373678646934461,1.0,0.678646934460888,1.0,0.7943974630021141,1.0,0.8105179704016914,1.0,0.9674947145877378,1.0,,,,,,,,,,
118722,21816,0.1837570121797139,0.9981984278581132,0.9966294479786928,96923,0.0248904217529296,False,0.5588100476714338,1.0,0.0,0.9476172306615048,0.0,,0.9040912737320616,0.2480106100795756,,,0.5882352941176471,,1.0,1.0,,,True,0.8106894022735607,0.9995478693342376,8.255422780839164e-05,0.8838819250010101,11.940144006407968,,0.9909082805954184,0.9374005305039788,,,0.8529411764705882,,1.0,1.0,,,True,0.9153373670700404,0.9955628676837172,0.0009184157843683,0.816800956732578,132.83410207128864,,0.9997325964881004,0.9856763925729444,,,0.9117647058823528,,1.0,1.0,,,True,0.927026035936927,0.9947371009788007,0.0011041627969372,0.80536432269134,159.69942608570656,,0.9999108654960336,0.9875331564986738,,,0.9117647058823528,,1.0,1.0,,,True,0.9891822515584892,0.9567299166518888,0.0100716157926237,0.6106443045150581,1456.697568781772,,1.0,0.9970822281167108,,,1.0,,1.0,1.0,,,RandomForest,fleet,150000,75000,169.11,C_feature_ablation,CTT_Silverado,FS-B,0,0.137035819914558,0.2857142857142857,0.3532697995399277,0.6428571428571429,0.6046664475846204,0.7857142857142857,0.6418008544199802,0.7857142857142857,0.9378902398948408,1.0,0.1839323467230444,0.6666666666666666,0.5179704016913319,1.0,0.8448731501057083,1.0,0.8800211416490487,1.0,0.9904862579281184,1.0,,,,,,,,,,
118722,21816,0.1837570121797139,0.995687806910081,0.9945759993119384,96923,0.0248904217529296,False,0.8827466079941327,0.999948076224103,1.0319278476048957e-05,0.9961120264760122,1.492518000800996,,0.9998217309920672,0.9952254641909816,,,0.8823529411764706,,1.0,1.0,,,True,0.9024110744407774,0.9998476383951244,3.095783542814686e-05,0.9947214648618192,4.477554002402988,,1.0,0.9952254641909816,,,0.8823529411764706,,1.0,1.0,,,True,0.9598459845984598,0.9963362991863728,0.0007945844426557,0.9780807818517354,114.9238860616767,,1.0,0.9957559681697612,,,0.9117647058823528,,1.0,1.0,,,True,0.9642464246424642,0.9949392233836258,0.0011041627969372,0.9736622372182978,159.69942608570656,,1.0,0.9957559681697612,,,0.9117647058823528,,1.0,1.0,,,True,0.9877612761276128,0.9573503931760629,0.0099065073370069,0.7467499547853358,1432.8172807689562,,1.0,0.9970822281167108,,,0.9705882352941176,,1.0,1.0,,,HistGB,fleet,150000,75000,79.06,C_feature_ablation,CTT_Silverado,FS-B,0,0.5011501807426881,0.7142857142857143,0.5688465330266185,0.7142857142857143,0.8067696352283931,0.7857142857142857,0.8268156424581006,0.7857142857142857,0.9293460400920144,0.9285714285714286,0.7304439746300211,1.0,0.7888477801268499,1.0,0.9281183932346724,1.0,0.937367864693446,1.0,0.9891649048625792,1.0,,,,,,,,,,
118722,21816,0.1837570121797139,0.9972122894436748,0.9951276387880716,96923,0.0248904217529296,False,0.8244407774110745,0.9999444042919886,1.0319278476048957e-05,0.998188316822052,1.492518000800996,,0.9863624208931278,0.983554376657825,,,0.8235294117647058,,1.0,1.0,,,True,0.8842134213421342,0.9996890547263682,6.191567085629373e-05,0.9945738911628724,8.955108004805975,,0.9983064444246368,0.9941644562334218,,,0.8823529411764706,,1.0,1.0,,,True,0.938989732306564,0.996788477446353,0.0006810723794192,0.9735988974571228,98.50618805286572,,1.0,0.9946949602122016,,,0.9117647058823528,,1.0,1.0,,,True,0.9437568756875688,0.9952627253830908,0.0010112892906527,0.9675936102867126,146.26676407849757,,1.0,0.9946949602122016,,,0.9117647058823528,,1.0,1.0,,,True,0.9858360836083608,0.9593630118654652,0.0094008626916805,0.6780335903167725,1359.6838987297074,,1.0,0.996551724137931,,,0.9705882352941176,,1.0,1.0,,,XGBoost,fleet,150000,75000,17.96,C_feature_ablation,CTT_Silverado,FS-B,0,0.3572132763720013,0.5714285714285714,0.5087085113374958,0.7142857142857143,0.695695037791653,0.7857142857142857,0.7147551758133421,0.7857142857142857,0.9217877094972068,0.9285714285714286,0.5615750528541226,1.0,0.7383720930232558,1.0,0.8982558139534884,1.0,0.9104122621564482,1.0,0.9846723044397464,1.0,,,,,,,,,,
118722,21816,0.1837570121797139,0.997066675560091,0.9955933231492492,96923,0.0248904217529296,False,0.8934726806013935,0.9999486995331658,1.0319278476048957e-05,0.9937740856122044,1.492518000800996,,0.9998217309920672,0.9915119363395224,,,0.8823529411764706,,1.0,1.0,,,True,0.908140814081408,0.9998485995457986,3.095783542814686e-05,0.9918137029539652,4.477554002402988,,1.0,0.9917771883289124,,,0.9117647058823528,,1.0,1.0,,,True,0.9652090209020904,0.996403728765438,0.0007842651641797,0.959225235694016,113.43136806087568,,1.0,0.9954907161803712,,,0.9117647058823528,,1.0,1.0,,,True,0.9704345434543454,0.9950180946562016,0.0010938435184611,0.94559627903357,158.2069080849056,,1.0,0.9960212201591512,,,0.9117647058823528,,1.0,1.0,,,True,0.9879446277961128,0.9584648908258104,0.0096382060966297,0.5703522548597785,1394.01181274813,,1.0,0.9973474801061007,,,0.9705882352941176,,1.0,1.0,,,LightGBM,fleet,150000,75000,36.31,C_feature_ablation,CTT_Silverado,FS-B,0,0.5701610253039764,0.7142857142857143,0.6256983240223464,0.7857142857142857,0.8452185343411107,0.7857142857142857,0.8632928031547815,0.7857142857142857,0.9309891554387116,0.9285714285714286,0.7404862579281184,1.0,0.7795983086680761,1.0,0.92838266384778,1.0,0.943446088794926,1.0,0.9886363636363636,1.0,,,,,,,,,,
118722,21816,0.1837570121797139,0.96730285765834,0.926070831565943,96923,0.0248904217529296,False,0.7880454712137881,0.9997092516136536,5.159639238024477e-05,8.764183114092152,7.46259000400498,,0.9998217309920672,0.9976127320954908,,,0.5588235294117647,,1.0,1.0,,,True,0.7880454712137881,0.999186330349878,0.0001444698986646,8.251445249780467,20.89525201121394,,0.9998217309920672,0.9976127320954908,,,0.5588235294117647,,1.0,1.0,,,True,0.8098643197653098,0.9956607495069032,0.0007945844426557,7.034316225527442,114.9238860616767,,0.9998217309920672,0.9976127320954908,,,0.6470588235294118,,1.0,1.0,,,True,0.8186193619361937,0.9952075787127334,0.0008874579489402,6.851039982733147,128.35654806888564,,0.9999108654960336,0.9976127320954908,,,0.6764705882352942,,1.0,1.0,,,True,0.8322790612394573,0.9488894695584008,0.0100922543495758,4.313488475032528,1459.682604783374,,1.0,0.9976127320954908,,,0.8235294117647058,,1.0,1.0,,,Rule:Combined,fleet,150000,75000,0.39,C_feature_ablation,CTT_Silverado,FS-B,0,0.2201774564574433,0.2857142857142857,0.2201774564574433,0.2857142857142857,0.3697009530069011,0.2857142857142857,0.4176799211304633,0.2857142857142857,0.4334538284587578,0.5714285714285714,0.4080338266384778,0.5833333333333334,0.4080338266384778,0.5833333333333334,0.413583509513742,0.8333333333333334,0.4252114164904862,0.9166666666666666,0.491014799154334,1.0,,,,,,,,,,
118722,21816,0.1837570121797139,0.4873243301772234,0.1817842797561067,96923,0.0248904217529296,False,0.0,0.0,5.159639238024477e-05,8.764183114092152,7.46259000400498,,0.0,0.0,,,0.0,,0.0,0.0,,,True,0.0,0.0,0.0001444698986646,8.251445249780467,20.89525201121394,,0.0,0.0,,,0.0,,0.0,0.0,,,True,0.0007334066740007,0.1720430107526881,0.0007945844426557,7.034316225527442,114.9238860616767,,0.0008913450396648,0.0,,,0.1764705882352941,,0.75,0.0,,,True,0.001054272093876,0.2110091743119266,0.0008874579489402,6.851039982733147,128.35654806888564,,0.0013370175594972,0.0,,,0.2058823529411764,,0.75,0.0,,,True,0.012009534286762,0.2102728731942215,0.0101541700204321,4.256305386633419,1468.63771278818,,0.0137267136108387,0.0087533156498673,,,0.7058823529411765,,1.0,0.75,,,Rule:Staleness,fleet,150000,75000,0.26,C_feature_ablation,CTT_Silverado,FS-B,0,0.0,0.0,0.0,0.0,0.0,0.0,0.0,0.0,0.0059152152481104,0.5714285714285714,0.0,0.0,0.0,0.0,0.0015856236786469,0.25,0.0021141649048625,0.3333333333333333,0.0150634249471458,0.75,,,,,,,,,,
118722,21816,0.1837570121797139,0.8394939324137285,0.7756183291042041,96923,0.0248904217529296,False,0.4939493949394939,0.9993508300102012,7.223494933234268e-05,0.999417543411255,10.44762600560697,,0.914074338176308,0.1376657824933687,,,0.2352941176470588,,1.0,0.5,,,True,0.5062339567290063,0.9981923355025308,0.0002063855695209,0.9991844296455384,29.85036001601992,,0.9283358588109456,0.1663129973474801,,,0.2352941176470588,,1.0,0.5,,,True,0.5434085075174184,0.9921332329065192,0.0009700121767486,0.9979015588760376,140.29669207529363,,0.9622069703182102,0.2779840848806366,,,0.3823529411764705,,1.0,0.5,,,True,0.5485423542354235,0.9897444380117444,0.00127959053103,0.9975355863571168,185.0722320993235,,0.9663071575006684,0.2946949602122016,,,0.3823529411764705,,1.0,0.5,,,True,0.6110652731939861,0.9275029569331386,0.010752688172043,0.9875693917274476,1555.2037568346375,,0.9975042338889384,0.5281167108753315,,,0.8529411764705882,,1.0,0.75,,,LogReg,fleet,150000,75000,3.19,C_feature_ablation,CTT_Silverado,FS-A-rank,0,0.0,0.0,0.0,0.0,0.0009858692080184,0.1428571428571428,0.0013144922773578,0.1428571428571428,0.0128162997042392,0.7142857142857143,0.0005285412262156,0.1666666666666666,0.0005285412262156,0.1666666666666666,0.0023784355179704,0.4166666666666667,0.002906976744186,0.4166666666666667,0.0290697674418604,1.0,,,,,,,,,,
118722,21816,0.1837570121797139,0.8463403489158071,0.7973531842542486,96923,0.0248904217529296,False,0.0,0.0,0.0,1.0000000000000002,0.0,,0.0,0.0,,,0.0,,0.0,0.0,,,True,0.1513109644297763,0.9978839177750908,7.223494933234268e-05,0.9936768461807473,10.44762600560697,,0.0795971120420714,0.6371352785145888,,,0.2058823529411764,,0.25,0.5,,,True,0.2425742574257425,0.991011235955056,0.0004953253668503,0.9676612221987094,71.6408640384478,,0.1884303413851502,0.8342175066312998,,,0.4117647058823529,,0.75,0.5,,,True,0.4654840484048405,0.991602382579826,0.0008874579489402,0.9444225898425213,128.35654806888564,,0.6118192352259559,0.846684350132626,,,0.5588235294117647,,1.0,0.5,,,True,0.6913733039970664,0.9502898185483872,0.0081419107176026,0.8726764932842419,1177.596702631986,,0.999643461984134,0.8477453580901857,,,0.7941176470588235,,1.0,0.75,,,RandomForest,fleet,150000,75000,179.17,C_feature_ablation,CTT_Silverado,FS-A-rank,0,0.0,0.0,0.0003286230693394,0.0714285714285714,0.0013144922773578,0.2142857142857142,0.0055865921787709,0.3571428571428571,0.0903713440683535,0.6428571428571429,0.0,0.0,0.0013213530655391,0.25,0.0076638477801268,0.5,0.0216701902748414,0.6666666666666666,0.1049154334038054,0.9166666666666666,,,,,,,,,,
118722,21816,0.1837570121797139,0.8464915453133519,0.7810271577120115,96923,0.0248904217529296,False,0.0306655665566556,0.9970193740685545,2.063855695209791e-05,0.9999498331833584,2.985036001601992,,0.0276316962296104,0.0923076923076923,,,0.2058823529411764,,1.0,0.5,,,True,0.0611019435276861,0.994776119402985,7.223494933234268e-05,0.9999293336153724,10.44762600560697,,0.0683661645422943,0.1429708222811671,,,0.2941176470588235,,1.0,0.5,,,True,0.2365694902823615,0.9856760886172652,0.0007739458857036,0.9998388783617522,111.9388500600747,,0.354755325786612,0.2962864721485411,,,0.3823529411764705,,1.0,0.5,,,True,0.2928584525119178,0.983376943204556,0.0011144820754132,0.9998064252675828,161.19194408650756,,0.4484356894553882,0.3403183023872679,,,0.4117647058823529,,1.0,0.5,,,True,0.6040979097909791,0.9298666478515488,0.0102573628051926,0.999297921785912,1483.56289279619,,0.9434887244852482,0.6238726790450928,,,0.4705882352941176,,1.0,0.5,,,HistGB,fleet,150000,75000,96.77,C_feature_ablation,CTT_Silverado,FS-A-rank,0,0.0,0.0,0.0016431153466973,0.2142857142857142,0.004929346040092,0.2857142857142857,0.0069010844561288,0.2857142857142857,0.0361485376273414,0.3571428571428571,0.002906976744186,0.0833333333333333,0.005813953488372,0.0833333333333333,0.0129492600422832,0.25,0.0142706131078224,0.3333333333333333,0.0348837209302325,0.4166666666666667,,,,,,,,,,
118722,21816,0.1837570121797139,0.8572082836942738,0.7737520410986591,96923,0.0248904217529296,False,0.0004125412541254,1.0,0.0,0.9999990463256836,0.0,,0.0007130760317318,0.0002652519893899,,,0.1176470588235294,,0.75,0.25,,,True,0.0117803447011367,0.996124031007752,1.0319278476048957e-05,0.9999974966049194,1.492518000800996,,0.0212140119440235,0.0023872679045092,,,0.2941176470588235,,1.0,0.5,,,True,0.110056839017235,0.9768104149715215,0.0005881988731347,0.9999892711639404,85.07352604565676,,0.1949371601747036,0.039787798408488,,,0.3823529411764705,,1.0,0.5,,,True,0.1369178584525119,0.9729641693811076,0.000856500113512,0.9999868869781494,123.87899406648266,,0.2407522952134771,0.0535809018567639,,,0.3823529411764705,,1.0,0.5,,,True,0.4733681701503484,0.925358422939068,0.0085959589705487,0.999912977218628,1243.2674946672296,,0.7966841964524467,0.2559681697612732,,,0.5294117647058824,,1.0,1.0,,,XGBoost,fleet,150000,75000,20.74,C_feature_ablation,CTT_Silverado,FS-A-rank,0,0.0,0.0,0.0023003614853762,0.2142857142857142,0.0131449227735787,0.3571428571428571,0.0174170226749917,0.3571428571428571,0.0874137364442984,0.4285714285714285,0.0,0.0,0.0007928118393234,0.0833333333333333,0.0063424947145877,0.1666666666666666,0.0081923890063424,0.1666666666666666,0.0417547568710359,0.3333333333333333,,,,,,,,,,
118722,21816,0.1837570121797139,0.8495255002199289,0.7444764359615996,96923,0.0248904217529296,False,0.00508800880088,1.0,0.0,0.9999939128168264,0.0,,0.0,0.0291777188328912,,,0.088235294117647,,0.0,0.5,,,True,0.0159515951595159,0.997134670487106,1.0319278476048957e-05,0.999987596465876,1.492518000800996,,0.0004456725198324,0.089920424403183,,,0.2058823529411764,,0.75,0.5,,,True,0.0638980564723139,0.9444444444444444,0.000846180835036,0.9999632418646196,122.38647606568166,,0.0300383278367055,0.2713527851458886,,,0.3235294117647059,,1.0,0.5,,,True,0.0749449944994499,0.9429065743944636,0.0010216085691288,0.9999585316053968,147.7592820792986,,0.0423388893840805,0.2954907161803713,,,0.3529411764705882,,1.0,0.5,,,True,0.382013201320132,0.9029252437703142,0.0092460735145398,0.999855805109898,1337.2961287176922,,0.5387289419734379,0.5694960212201592,,,0.5,,1.0,0.75,,,LightGBM,fleet,150000,75000,54.34,C_feature_ablation,CTT_Silverado,FS-A-rank,0,0.0,0.0,0.0003286230693394,0.0714285714285714,0.0023003614853762,0.1428571428571428,0.0026289845547157,0.2142857142857142,0.0101873151495234,0.3571428571428571,0.0002642706131078,0.0833333333333333,0.0007928118393234,0.0833333333333333,0.0071353065539112,0.25,0.0100422832980972,0.25,0.0295983086680761,0.4166666666666667,,,,,,,,,,
118722,21816,0.1837570121797139,0.8297849740308754,0.6973871420885758,96923,0.0248904217529296,False,0.0593142647598093,1.0,0.0,0.9995074272155764,0.0,,0.0210357429360905,0.1901856763925729,,,0.2352941176470588,,0.5,0.5,,,True,0.1327466079941327,0.996216030271758,0.0001135120632365,0.998690664768219,16.417698008810955,,0.0966218022996702,0.3572944297082228,,,0.2941176470588235,,0.75,0.5,,,True,0.2026494316098276,0.9861699754628596,0.000639795265515,0.9974538683891296,92.53611604966174,,0.1875389963454853,0.4641909814323607,,,0.4705882352941176,,0.75,1.0,,,True,0.2173175650898423,0.98299813394153,0.000846180835036,0.9971349239349364,122.38647606568166,,0.2065246456903467,0.4848806366047745,,,0.4705882352941176,,0.75,1.0,,,True,0.3929684635130179,0.9075799280118568,0.0090087301095907,0.9919233918190002,1302.9682146992695,,0.4517336661021481,0.6647214854111406,,,0.8235294117647058,,1.0,1.0,,,LogReg,fleet,150000,75000,6.67,C_feature_ablation,CTT_Silverado,FS-A,0,0.1114032205060795,0.2142857142857142,0.1495234965494577,0.2857142857142857,0.1767992113046335,0.3571428571428571,0.1837002957607624,0.3571428571428571,0.2619125862635557,0.8571428571428571,0.0005285412262156,0.0833333333333333,0.0026427061310782,0.0833333333333333,0.0076638477801268,0.3333333333333333,0.0097780126849894,0.3333333333333333,0.0533826638477801,0.6666666666666666,,,,,,,,,,
118722,21816,0.1837570121797139,0.8711655432427301,0.8219025648527715,96923,0.0248904217529296,False,0.5114594792812615,1.0,0.0,0.8854932078134445,0.0,,0.9087262679383188,0.2488063660477453,,,0.3823529411764705,,1.0,0.5,,,True,0.565914924825816,0.9999190086660728,1.0319278476048957e-05,0.8669471561159992,1.492518000800996,,0.9554327480167571,0.4212201591511936,,,0.4117647058823529,,1.0,0.5,,,True,0.6554363769710304,0.9960295346893284,0.0005881988731347,0.8136040821721437,85.07352604565676,,0.999286923968268,0.7525198938992043,,,0.5588235294117647,,1.0,0.75,,,True,0.6635496883021635,0.9928669410150892,0.001073204961509,0.8041913468204591,155.22187208330357,,0.9993760584722348,0.783023872679045,,,0.5882352941176471,,1.0,0.75,,,True,0.6962779611294463,0.938813349814586,0.0102160856912884,0.7528173250012107,1477.592820792986,,0.9998217309920672,0.8453580901856764,,,0.8529411764705882,,1.0,0.75,,,RandomForest,fleet,150000,75000,159.75,C_feature_ablation,CTT_Silverado,FS-A,0,0.0059152152481104,0.2142857142857142,0.0082155767334866,0.2142857142857142,0.0568517909957279,0.3571428571428571,0.0667104830759119,0.4285714285714285,0.1311206046664476,0.7142857142857143,0.0018498942917547,0.3333333333333333,0.0036997885835095,0.4166666666666667,0.0206131078224101,0.5833333333333334,0.0288054968287526,0.5833333333333334,0.1022727272727272,1.0,,,,,,,,,,
118722,21816,0.1837570121797139,0.8807244347860236,0.8398003794894946,96923,0.0248904217529296,False,0.6250916758342501,0.9999266754656108,1.0319278476048957e-05,0.9991615152419624,1.492518000800996,,0.9266423032355824,0.636604774535809,,,0.5,,1.0,0.5,,,True,0.6774385771910525,0.9993913984311604,9.28735062844406e-05,0.998375733509148,13.432662007208965,,0.9745075318655853,0.749867374005305,,,0.5294117647058824,,1.0,0.5,,,True,0.7122753942060873,0.9931611913588138,0.0011041627969372,0.9957552886137144,159.69942608570656,,0.9971476958730724,0.8254641909814323,,,0.6470588235294118,,1.0,0.75,,,True,0.7142922625595893,0.9916634847906326,0.0013518254803624,0.9952797279638468,195.51985810493048,,0.9976825028968712,0.8289124668435013,,,0.7058823529411765,,1.0,0.75,,,True,0.7351943527686102,0.9402626333685076,0.0105153447670938,0.9897558000125664,1520.8758428162148,,0.9998217309920672,0.8490716180371353,,,0.8529411764705882,,1.0,1.0,,,HistGB,fleet,150000,75000,114.7,C_feature_ablation,CTT_Silverado,FS-A,0,0.2231350640814985,0.5,0.2701281629970424,0.5,0.3112060466644758,0.5,0.3167926388432468,0.5714285714285714,0.3664147223135064,0.7142857142857143,0.0428118393234672,0.3333333333333333,0.052061310782241,0.4166666666666667,0.0774312896405919,0.6666666666666666,0.0795454545454545,0.75,0.1337209302325581,0.9166666666666666,,,,,,,,,,
118722,21816,0.1837570121797139,0.8644165636517352,0.8318985184009887,96923,0.0248904217529296,False,0.5467088375504217,1.0,0.0,0.9998755455017092,0.0,,0.9138069346644084,0.269761273209549,,,0.4411764705882353,,1.0,0.5,,,True,0.6486065273193986,0.9999293336159988,1.0319278476048957e-05,0.9995991587638856,1.492518000800996,,0.9910865496033514,0.5395225464190981,,,0.4705882352941176,,1.0,0.5,,,True,0.707049871653832,0.996253955951689,0.0005985181516108,0.998739778995514,86.56604404645778,,0.9993760584722348,0.7496021220159151,,,0.5294117647058824,,1.0,0.5,,,True,0.7138797213054638,0.9943178190640364,0.0009184157843683,0.9984757304191588,132.83410207128864,,0.9994651929762012,0.7745358090185677,,,0.5588235294117647,,1.0,0.5,,,True,0.7428492849284929,0.9431963682923992,0.0100716157926237,0.9945593476295472,1456.697568781772,,0.9998217309920672,0.8445623342175066,,,0.8235294117647058,,1.0,0.75,,,XGBoost,fleet,150000,75000,27.24,C_feature_ablation,CTT_Silverado,FS-A,0,0.1633256654617154,0.4285714285714285,0.2533683864607295,0.4285714285714285,0.3460400920144594,0.5,0.3562274071639829,0.5714285714285714,0.3953335524153795,0.7142857142857143,0.0425475687103594,0.25,0.0597251585623678,0.3333333333333333,0.0882663847780126,0.4166666666666667,0.0943446088794926,0.4166666666666667,0.1590909090909091,0.9166666666666666,,,,,,,,,,
118722,21816,0.1837570121797139,0.8574563382699898,0.8234359725436345,96923,0.0248904217529296,False,0.6388430509717639,1.0,0.0,0.999640365306411,0.0,,0.95409573045726,0.6347480106100796,,,0.4705882352941176,,1.0,0.5,,,True,0.6790887422075541,0.9993928764166216,9.28735062844406e-05,0.9993277890415152,13.432662007208965,,0.98199483019877,0.7400530503978779,,,0.5,,1.0,0.5,,,True,0.706041437477081,0.994447672541804,0.0008874579489402,0.9986933236371076,128.35654806888564,,0.9951867367858098,0.8119363395225464,,,0.5882352941176471,,1.0,0.5,,,True,0.7092500916758343,0.992431531011481,0.0012176748601737,0.9985303088667372,176.11712409451752,,0.99670202335324,0.8177718832891246,,,0.7058823529411765,,1.0,0.75,,,True,0.7277686101943528,0.937913516068053,0.0108455616783274,0.9968612903839336,1568.6364188418468,,0.9997325964881004,0.8445623342175066,,,0.8823529411764706,,1.0,1.0,,,LightGBM,fleet,150000,75000,58.59,C_feature_ablation,CTT_Silverado,FS-A,0,0.2214919487348012,0.5,0.2671705553729872,0.5,0.3082484390404206,0.5714285714285714,0.3151495234965494,0.5714285714285714,0.3637857377587907,0.8571428571428571,0.0438689217758985,0.25,0.0515327695560253,0.3333333333333333,0.0631606765327695,0.5,0.0658033826638477,0.75,0.0977801268498942,0.8333333333333334,,,,,,,,,,
123099,23756,0.1929828836952371,0.9782336328699596,0.9607488704289372,99363,0.0319933958435058,False,0.0,0.0,0.0,1.0000000000000002,0.0,,0.0,0.0,,,0.0,,0.0,0.0,,,True,0.6913621821855531,1.0,0.0,0.9938308000564576,0.0,,1.0,0.9760303289715054,,,0.59375,,1.0,1.0,,,True,0.8404192625021047,0.9982999149957498,0.0003422485731254,0.8467361927032471,38.51091235448388,,1.0,0.999633117280176,,,0.9375,,1.0,1.0,,,True,0.844839198518269,0.9976140769460184,0.000483174456177,0.8412172198295593,54.368346853389,,1.0,0.999633117280176,,,0.9375,,1.0,1.0,,,True,0.8949739013301903,0.9534935868687776,0.0104385814803257,0.75741046667099,1174.5828268117582,,1.0,0.999633117280176,,,1.0,,1.0,1.0,,,LogReg,fleet,150000,75000,2.56,C_feature_ablation,CTT_Traverse,FS-B34,0,0.0,0.0,0.6043956043956044,0.1,0.7087912087912088,0.8,0.7106227106227107,0.8,0.7765567765567766,1.0,0.0,0.0,0.4975677049299354,0.75,0.7365134683801641,1.0,0.7440644739708124,1.0,0.8279241995208015,1.0,,,,,,,,,,
123099,23756,0.1929828836952371,0.9994209307397456,0.9992494235300065,99363,0.0319933958435058,False,0.5512712577875063,1.0,0.0,0.9792159911139908,0.0,,0.996031746031746,0.5928824752354164,,,0.65625,,1.0,1.0,,,True,0.9384997474322276,1.0,0.0,0.8564378387016199,0.0,,1.0,0.9827565121682768,,,1.0,,1.0,1.0,,,True,0.998105741707358,0.9988625831999326,0.0002717856315996,0.319831819184769,30.582195105031317,,1.0,0.9998777057600589,,,1.0,,1.0,1.0,,,True,0.9981899309648088,0.9986944070080862,0.0003120501696143,0.3099339979141419,35.11289067614707,,1.0,0.9998777057600589,,,1.0,,1.0,1.0,,,True,0.998652971880788,0.9597863904846672,0.0100057376966671,0.1880004070486045,1125.8778494222638,,1.0,0.9998777057600589,,,1.0,,1.0,1.0,,,RandomForest,fleet,150000,75000,154.72,C_feature_ablation,CTT_Traverse,FS-B34,0,0.5842490842490843,0.1,0.7216117216117216,1.0,0.9194139194139194,1.0,0.9230769230769232,1.0,0.9432234432234432,1.0,0.4845712626152617,0.875,0.91519639875118,1.0,1.0,1.0,1.0,1.0,1.0,1.0,,,,,,,,,,
123099,23756,0.1929828836952371,0.9997202579865356,0.9995346384473308,99363,0.0319933958435058,False,0.8687068530055565,1.0,0.0,0.9951338590279082,0.0,,1.0,0.9995108230402348,,,0.90625,,1.0,1.0,,,True,0.9356794073076276,1.0,0.0,0.9850935005907394,0.0,,1.0,0.9997554115201174,,,0.96875,,1.0,1.0,,,True,0.9982320255935344,0.9984001347254968,0.0003825131111401,0.2059249303933923,43.04160792559962,,1.0,0.9998777057600589,,,1.0,,1.0,1.0,,,True,0.9982320255935344,0.9982320255935344,0.0004227776491549,0.1846396458815087,47.57230349671537,,1.0,0.9998777057600589,,,1.0,,1.0,1.0,,,True,0.9988634450244148,0.961427818970058,0.0095829600475121,0.0306202809742856,1078.3055459255486,,1.0,0.9998777057600589,,,1.0,,1.0,1.0,,,HistGB,fleet,150000,75000,49.39,C_feature_ablation,CTT_Traverse,FS-B34,0,0.6227106227106227,0.7,0.673992673992674,0.9,0.924908424908425,1.0,0.924908424908425,1.0,0.9523809523809524,1.0,0.7887896609308066,1.0,0.9021273506135192,1.0,1.0,1.0,1.0,1.0,1.0,1.0,,,,,,,,,,
123099,23756,0.1929828836952371,0.9996083516895936,0.999427449356076,99363,0.0319933958435058,False,0.823707694898131,1.0,0.0,0.9980346560478212,0.0,,1.0,0.9948636419224656,,,0.8125,,1.0,1.0,,,True,0.9534012460010104,1.0,0.0,0.9796229004859924,0.0,,1.0,0.999633117280176,,,1.0,,1.0,1.0,,,True,0.9978110793062804,0.998693911944386,0.0003120501696143,0.2729215621948242,35.11289067614707,,1.0,0.9998777057600589,,,1.0,,1.0,1.0,,,True,0.9979373631924566,0.998273538824322,0.0004127115146512,0.2554682791233063,46.439629603936446,,1.0,0.9998777057600589,,,1.0,,1.0,1.0,,,True,0.9987371611382388,0.9610726293190748,0.0096735552580453,0.0638961046934127,1088.499610960559,,1.0,0.9998777057600589,,,1.0,,1.0,1.0,,,XGBoost,fleet,150000,75000,16.31,C_feature_ablation,CTT_Traverse,FS-B34,0,0.6135531135531136,0.4,0.6904761904761905,1.0,0.9175824175824177,1.0,0.9194139194139194,1.0,0.9468864468864469,1.0,0.714296086546141,1.0,0.9321135555071516,1.0,0.999564365062078,1.0,0.999709576708052,1.0,1.0,1.0,,,,,,,,,,
123099,23756,0.1929828836952371,0.9997166850935346,0.9995405445441332,99363,0.0319933958435058,False,0.8310742549250716,1.0,0.0,0.9978734331887076,0.0,,1.0,0.9919285801638744,,,0.75,,1.0,1.0,,,True,0.9488971207273952,1.0,0.0,0.967918325965542,0.0,,1.0,0.9997554115201174,,,1.0,,1.0,1.0,,,True,0.9982320255935344,0.9986524046155142,0.000322116304118,0.1040945499719722,36.245564568926,,1.0,0.9998777057600589,,,1.0,,1.0,1.0,,,True,0.9982320255935344,0.9980639730639732,0.0004630421871697,0.09033638695336,52.10299906783113,,1.0,0.9998777057600589,,,1.0,,1.0,1.0,,,True,0.9990318235393164,0.9595681882505156,0.0100661345036892,0.0151727745548598,1132.6738927789377,,1.0,0.9998777057600589,,,1.0,,1.0,1.0,,,LightGBM,fleet,150000,75000,42.29,C_feature_ablation,CTT_Traverse,FS-B34,0,0.6062271062271062,0.2,0.6996336996336996,1.0,0.9267399267399268,1.0,0.9267399267399268,1.0,0.9597069597069596,1.0,0.7290350686125027,1.0,0.9239090975096202,1.0,0.999927394177013,1.0,0.999927394177013,1.0,1.0,1.0,,,,,,,,,,
123099,23756,0.1929828836952371,0.9990137722092948,0.9987675966973704,99363,0.0319933958435058,False,0.5543441656844587,1.0,0.0,62500.00000000001,0.0,,1.0,0.7260609025314908,,,0.4375,,1.0,0.5,,,True,0.8578043441656844,0.9999509298787967,1.0066134503689238e-05,24017.254365211425,1.1326738927789377,,1.0,0.9737067384126208,,,0.625,,1.0,0.75,,,True,0.9982320255935344,0.9991573270413752,0.0002013226900737,5.80426067739117,22.65347785557875,,1.0,0.9998777057600589,,,1.0,,1.0,1.0,,,True,0.9982320255935344,0.998904802021904,0.0002617194970959,4.988486311792233,29.44952121225237,,1.0,0.9998777057600589,,,1.0,,1.0,1.0,,,True,0.9982320255935344,0.9987785873731204,0.0002919179006069,4.12832666504798,32.84754289058919,,1.0,0.9998777057600589,,,1.0,,1.0,1.0,,,Rule:Combined,fleet,150000,75000,0.39,C_feature_ablation,CTT_Traverse,FS-B34,0,0.6043956043956044,0.1,0.6062271062271062,0.2,0.924908424908425,1.0,0.924908424908425,1.0,0.924908424908425,1.0,0.409642053292674,0.5625,0.7859580338343135,0.8125,1.0,1.0,1.0,1.0,1.0,1.0,,,,,,,,,,
123099,23756,0.1929828836952371,0.9814408009502716,0.96554658302744,99363,0.0319933958435058,False,0.0,0.0,0.0,1.0000000000000002,0.0,,0.0,0.0,,,0.0,,0.0,0.0,,,True,0.6908570466408487,1.0,0.0,0.9910379648208618,0.0,,1.0,0.9754188577717988,,,0.59375,,1.0,1.0,,,True,0.852247853173935,0.997831444061114,0.0004429099181623,0.7216085195541382,49.83765128227326,,1.0,0.9995108230402348,,,0.96875,,1.0,1.0,,,True,0.8541842060953022,0.9975910722186716,0.0004932405906807,0.7166336178779602,55.50102074616794,,1.0,0.999633117280176,,,0.96875,,1.0,1.0,,,True,0.9053712746253578,0.9547230113636364,0.010267457193763,0.5969802737236023,1155.3273706345162,,1.0,0.999633117280176,,,1.0,,1.0,1.0,,,LogReg,fleet,150000,75000,2.34,C_feature_ablation,CTT_Traverse,FS-B,0,0.0,0.0,0.6043956043956044,0.1,0.7142857142857143,0.9,0.7142857142857143,0.9,0.7948717948717948,1.0,0.0,0.0,0.4970594641690263,0.75,0.756770492993538,1.0,0.7600377550279532,1.0,0.8451317795687214,1.0,,,,,,,,,,
123099,23756,0.1929828836952371,0.9995469322097468,0.999373508165674,99363,0.0319933958435058,False,0.6535191109614413,1.0,0.0,0.9613892476447822,0.0,,0.996031746031746,0.7473401002812767,,,0.71875,,1.0,1.0,,,True,0.9432985351069204,1.0,0.0,0.8463904085359086,0.0,,1.0,0.99058334352452,,,0.96875,,1.0,1.0,,,True,0.9978110793062804,0.9976430976430976,0.0005637035322065,0.424154551280046,63.42973799562049,,1.0,0.9998777057600589,,,1.0,,1.0,1.0,,,True,0.9980215524499074,0.99714009336754,0.0006844971462508,0.4048247478277452,77.02182470896776,,1.0,0.9998777057600589,,,1.0,,1.0,1.0,,,True,0.998652971880788,0.955957609703026,0.0110022850125323,0.1830244321399506,1238.0125648073786,,1.0,0.9998777057600589,,,1.0,,1.0,1.0,,,RandomForest,fleet,150000,75000,158.36,C_feature_ablation,CTT_Traverse,FS-B,0,0.6007326007326007,0.1,0.7142857142857143,0.9,0.9065934065934066,1.0,0.9157509157509156,1.0,0.9432234432234432,1.0,0.5685761998112249,1.0,0.919117113192478,1.0,1.0,1.0,1.0,1.0,1.0,1.0,,,,,,,,,,
123099,23756,0.1929828836952371,0.9996957112963608,0.9994151776885132,99363,0.0319933958435058,False,0.8687910422630072,1.0,0.0,0.9945469046745318,0.0,,1.0,0.9991439403204108,,,0.9375,,1.0,1.0,,,True,0.9085704664084864,1.0,0.0,0.9868584793163656,0.0,,1.0,0.9997554115201174,,,0.96875,,1.0,1.0,,,True,0.9807627546725036,0.9974313968919902,0.0006039680702213,0.8444214676147969,67.96043356673626,,1.0,0.9998777057600589,,,1.0,,1.0,1.0,,,True,0.9820676881629904,0.9970937686981792,0.0006844971462508,0.8338288028722655,77.02182470896776,,1.0,0.9998777057600589,,,1.0,,1.0,1.0,,,True,0.998779255766964,0.964120276310443,0.0088883967667575,0.0397856768140747,1000.151047323802,,1.0,0.9998777057600589,,,1.0,,1.0,1.0,,,HistGB,fleet,150000,75000,59.88,C_feature_ablation,CTT_Traverse,FS-B,0,0.6282051282051282,0.8,0.6575091575091575,0.9,0.8076923076923077,1.0,0.8168498168498168,1.0,0.9487179487179488,1.0,0.7889348725767806,1.0,0.8560226530167719,1.0,0.9745153561315616,1.0,0.976403107529224,1.0,1.0,1.0,,,,,,,,,,
123099,23756,0.1929828836952371,0.9996910038657634,0.9992708079298848,99363,0.0319933958435058,False,0.8277066846270416,1.0,0.0,0.9975740313529968,0.0,,1.0,0.9931515225632872,,,0.875,,1.0,1.0,,,True,0.9108014817309312,0.9998613678373384,3.0198403511067717e-05,0.9882948398590088,3.3980216783368125,,1.0,0.999633117280176,,,0.96875,,1.0,1.0,,,True,0.9629146320929448,0.9973404255319148,0.000614034204725,0.9527986645698548,69.0931074595152,,1.0,0.9997554115201174,,,1.0,,1.0,1.0,,,True,0.9661559185047988,0.9962237944355224,0.0008757537018209,0.9437141418457032,98.54262867176756,,1.0,0.9998777057600589,,,1.0,,1.0,1.0,,,True,0.9988213503956896,0.9584747132008402,0.0103479862697925,0.0353254340589046,1164.3887617767475,,1.0,0.9998777057600589,,,1.0,,1.0,1.0,,,XGBoost,fleet,150000,75000,17.09,C_feature_ablation,CTT_Traverse,FS-B,0,0.6153846153846154,0.6,0.6501831501831502,0.9,0.7289377289377289,1.0,0.7435897435897436,1.0,0.9505494505494504,1.0,0.7221375154287374,1.0,0.8602337907500182,1.0,0.9469251433965004,1.0,0.9518623393596166,1.0,1.0,1.0,,,,,,,,,,
123099,23756,0.1929828836952371,0.999744474167159,0.9995560402132496,99363,0.0319933958435058,False,0.7564404781949823,1.0,0.0,0.9992067817440892,0.0,,1.0,0.9607435489788432,,,0.75,,1.0,1.0,,,True,0.9289442667115676,1.0,0.0,0.9804999676390924,0.0,,1.0,0.9997554115201174,,,0.96875,,1.0,1.0,,,True,0.9974322276477522,0.998946037099494,0.0002516533625922,0.2302793260852668,28.316847319473435,,1.0,0.9998777057600589,,,1.0,,1.0,1.0,,,True,0.9976006061626536,0.9987778152393796,0.0002919179006069,0.2156107904696427,32.84754289058919,,1.0,0.9998777057600589,,,1.0,,1.0,1.0,,,True,0.9989055396531402,0.9601456605300424,0.0099151424861339,0.0186925289302531,1115.6837843872536,,1.0,0.9998777057600589,,,1.0,,1.0,1.0,,,LightGBM,fleet,150000,75000,39.31,C_feature_ablation,CTT_Traverse,FS-B,0,0.6062271062271062,0.2,0.6794871794871795,0.9,0.912087912087912,1.0,0.912087912087912,1.0,0.9542124542124544,1.0,0.6188194293182313,1.0,0.8902926014666376,1.0,0.999128730124156,1.0,0.999419153416104,1.0,1.0,1.0,,,,,,,,,,
123099,23756,0.1929828836952371,0.9989745534374004,0.99874646134326,99363,0.0319933958435058,False,0.0,0.0,0.0,503853.517646721,0.0,,0.0,0.0,,,0.0,,0.0,0.0,,,True,0.8578043441656844,0.9999509298787967,1.0066134503689238e-05,24017.254365211425,1.1326738927789377,,1.0,0.9737067384126208,,,0.625,,1.0,0.75,,,True,0.9982320255935344,0.9989468806605164,0.0002516533625922,2930.9755263112547,28.316847319473435,,1.0,0.9998777057600589,,,1.0,,1.0,1.0,,,True,0.9982320255935344,0.9984842105263158,0.0003623808421328,2826.7365037423388,40.77626014004176,,1.0,0.9998777057600589,,,1.0,,1.0,1.0,,,True,0.9982320255935344,0.9576384121471552,0.01055937509437,5.161006152025688,1188.1749135251057,,1.0,0.9998777057600589,,,1.0,,1.0,1.0,,,Rule:Combined,fleet,150000,75000,0.39,C_feature_ablation,CTT_Traverse,FS-B,0,0.0,0.0,0.6062271062271062,0.2,0.924908424908425,1.0,0.924908424908425,1.0,0.924908424908425,1.0,0.0,0.0,0.7859580338343135,0.8125,1.0,1.0,1.0,1.0,1.0,1.0,,,,,,,,,,
123099,23756,0.1929828836952371,0.4902283020491946,0.1880650327340128,99363,0.0319933958435058,False,0.0,0.0,0.0,503853.517646721,0.0,,0.0,0.0,,,0.0,,0.0,0.0,,,True,0.0,0.0,6.039680702213543e-05,3149.264534806909,6.796043356673625,,0.0,0.0,,,0.0,,0.0,0.0,,,True,0.0,0.0,0.0008656875673172,2460.906005548886,97.40995477898863,,0.0,0.0,,,0.0,,0.0,0.0,,,True,0.0,0.0,0.0009764150468578,2392.5976253525496,109.86936759955694,,0.0,0.0,,,0.0,,0.0,0.0,,,True,0.007198181512039,0.1328671328671328,0.0112338061061171,4.7834843097496105,1264.0640643412942,,0.0079365079365079,0.0110064815947168,,,0.46875,,1.0,0.75,,,Rule:Staleness,fleet,150000,75000,0.27,C_feature_ablation,CTT_Traverse,FS-B,0,0.0,0.0,0.0,0.0,0.0,0.0,0.0,0.0,0.0054945054945054,0.2,0.0,0.0,0.0,0.0,0.0,0.0,0.0,0.0,0.0049371959631162,0.5,,,,,,,,,,
123099,23756,0.1929828836952371,0.6393280801744037,0.5527279140275114,99363,0.0319933958435058,False,0.1904361003535948,1.0,0.0,0.9450401067733766,0.0,,0.6634920634920635,0.4225265989971872,,,0.28125,,1.0,0.75,,,True,0.2436437110624684,0.9991368893492144,5.033067251844619e-05,0.8910714387893677,5.663369463894687,,0.8436507936507937,0.5226855815091109,,,0.3125,,1.0,1.0,,,True,0.2974827412022226,0.9901919574050722,0.0007046294152582,0.7901907563209534,79.28717249452562,,0.9555555555555556,0.614039378745261,,,0.34375,,1.0,1.0,,,True,0.3017763933322108,0.9893734474192658,0.000775092356784,0.7792393565177917,87.2158897439782,,0.9611111111111112,0.6208878561819738,,,0.34375,,1.0,1.0,,,True,0.3567940730762755,0.8993103448275862,0.009552761644001,0.5925160646438599,1074.9075242472118,,0.9936507936507936,0.7023358199828789,,,0.46875,,1.0,1.0,,,LogReg,fleet,150000,75000,4.18,C_feature_ablation,CTT_Traverse,FS-A-rank,0,0.0,0.0,0.0,0.0,0.0,0.0,0.0,0.0,0.0018315018315018,0.1,0.0169171567559718,0.25,0.0327452261671386,0.25,0.0611341029550569,0.3125,0.0639657300515501,0.3125,0.1074566180207652,0.5,,,,,,,,,,
123099,23756,0.1929828836952371,0.8163196466655602,0.7152155998672731,99363,0.0319933958435058,False,0.3170567435595218,0.999867250763308,1.0066134503689238e-05,0.8335374234116453,1.1326738927789377,,0.9952380952380953,0.656964656964657,,,0.28125,,1.0,1.0,,,True,0.3743054386260313,0.998428026049854,0.0001409258830516,0.7601497530835384,15.857434498905125,,0.9976190476190476,0.7263054910113733,,,0.40625,,1.0,1.0,,,True,0.4058343155413369,0.9891248589309533,0.001067010257391,0.6879845548675798,120.06343263456736,,0.9976190476190476,0.7627491745138804,,,0.46875,,1.0,1.0,,,True,0.4088230341808385,0.986390412350193,0.0013488620234943,0.6805104134044758,151.77830163237763,,0.9984126984126984,0.7651950593127064,,,0.46875,,1.0,1.0,,,True,0.4674608519952854,0.904315960912052,0.0118277080418348,0.5809332800537801,1330.8918240152516,,0.9992063492063492,0.82768741592271,,,0.59375,,1.0,1.0,,,RandomForest,fleet,150000,75000,177.41,C_feature_ablation,CTT_Traverse,FS-A-rank,0,0.0,0.0,0.0,0.0,0.0,0.0,0.0,0.0,0.0036630036630036,0.1,0.0657808756262252,0.1875,0.123139475785958,0.4375,0.1558847019530966,0.5625,0.1595149931024468,0.5625,0.2233355115080229,0.75,,,,,,,,,,
123099,23756,0.1929828836952371,0.8184975808827932,0.7263181480200627,99363,0.0319933958435058,False,0.1245580063983835,0.9996621621621622,1.0066134503689238e-05,0.9991683399034748,1.1326738927789377,,0.0642857142857142,0.3169866699278464,,,0.28125,,1.0,0.75,,,True,0.2927260481562552,0.9974182444061962,0.0001811904210664,0.994556264845122,20.38813007002088,,0.903968253968254,0.6117157881863764,,,0.40625,,1.0,1.0,,,True,0.4015827580400741,0.9857408555486672,0.0013891265615091,0.9366102627512164,156.30899720349336,,0.9968253968253968,0.76177082059435,,,0.5,,1.0,1.0,,,True,0.4044451927933996,0.9842245441507887,0.0015501847135681,0.930405983552109,174.4317794879564,,0.9976190476190476,0.7660511189922955,,,0.5,,1.0,1.0,,,True,0.4828253914800471,0.9155491698595148,0.0106499703049032,0.6646452416537781,1198.368978560116,,0.9992063492063492,0.8446863152745505,,,0.65625,,1.0,1.0,,,HistGB,fleet,150000,75000,74.5,C_feature_ablation,CTT_Traverse,FS-A-rank,0,0.0,0.0,0.0,0.0,0.0,0.0,0.0,0.0,0.0109890109890109,0.2,0.020765265374283,0.25,0.0590285340884338,0.4375,0.1492049662382923,0.625,0.1515283525738764,0.625,0.2394540042111377,0.8125,,,,,,,,,,
123099,23756,0.1929828836952371,0.8352312400841944,0.7540608364644019,99363,0.0319933958435058,False,0.1890469776056575,1.0,0.0,0.9977940320968628,0.0,,0.7214285714285714,0.3887733887733888,,,0.28125,,1.0,0.75,,,True,0.4001515406634113,0.9982148482621024,0.0001711242865627,0.9314871430397034,19.25545617724194,,0.9968253968253968,0.7519872813990461,,,0.5,,1.0,1.0,,,True,0.4430038727058427,0.9888189420276238,0.001197870005939,0.8249041438102722,134.78819324069357,,0.9976190476190476,0.8032285679344503,,,0.5625,,1.0,1.0,,,True,0.4450244148846607,0.9878527378060176,0.0013085974854796,0.8172337412834167,147.24760606126188,,0.9976190476190476,0.8056744527332763,,,0.5625,,1.0,1.0,,,True,0.5252567772352248,0.9173650933686224,0.0113143351821467,0.5415815711021423,1273.125455483526,,0.9992063492063492,0.8812522930169989,,,0.59375,,1.0,1.0,,,XGBoost,fleet,150000,75000,25.32,C_feature_ablation,CTT_Traverse,FS-A-rank,0,0.0,0.0,0.0,0.0,0.0036630036630036,0.1,0.0036630036630036,0.1,0.0934065934065934,0.1,0.0292601466637624,0.25,0.1525448340956944,0.625,0.1958179045959485,0.6875,0.1978508676395847,0.6875,0.2876642706745081,0.75,,,,,,,,,,
123099,23756,0.1929828836952371,0.8058595405388075,0.7101828514339805,99363,0.0319933958435058,False,0.1417326149183364,0.9982211680996146,6.039680702213543e-05,0.99942534969571,6.796043356673625,,0.3174603174603174,0.3224899107252048,,,0.25,,1.0,0.75,,,True,0.2530308132682269,0.9971798274717982,0.0001711242865627,0.9982873422275352,19.25545617724194,,0.8682539682539683,0.5257429375076433,,,0.28125,,1.0,0.75,,,True,0.3933322108099006,0.9860700717602364,0.0013287297544869,0.9675323658937924,149.51295384681976,,0.9944444444444444,0.7594472300354653,,,0.5,,1.0,1.0,,,True,0.3973732951675366,0.9852833733430748,0.0014193249650201,0.963385337879878,159.70701888183018,,0.9944444444444444,0.7647058823529411,,,0.5,,1.0,1.0,,,True,0.4655665937026435,0.9056665574844416,0.01159618694825,0.7636179304834957,1304.8403244813362,,0.9992063492063492,0.8610737434266846,,,0.65625,,1.0,1.0,,,LightGBM,fleet,150000,75000,33.64,C_feature_ablation,CTT_Traverse,FS-A-rank,0,0.0,0.0,0.0,0.0,0.0,0.0,0.0,0.0,0.0054945054945054,0.2,0.0239599215857111,0.1875,0.0448703986059682,0.25,0.1365715530385537,0.625,0.1404196616568648,0.625,0.2001742539751688,0.8125,,,,,,,,,,
123099,23756,0.1929828836952371,0.7858469202264875,0.6985925827165439,99363,0.0319933958435058,False,0.4029718807880114,0.9994779703487158,5.033067251844619e-05,0.9887657761573792,5.663369463894687,,0.9984126984126984,0.5480004891769598,,,0.625,,1.0,1.0,,,True,0.4196834483919852,0.9988979060214408,0.0001107274795405,0.9856654405593872,12.459412820568314,,0.9984126984126984,0.5808976397211691,,,0.625,,1.0,1.0,,,True,0.4432564404781949,0.9926470588235294,0.0007851584912877,0.9796026945114136,88.34856363675713,,0.9984126984126984,0.6203986792222086,,,0.65625,,1.0,1.0,,,True,0.4443088061963293,0.9923843550206844,0.0008153568947988,0.9792059659957886,91.74658531509394,,0.9984126984126984,0.6218662101015042,,,0.65625,,1.0,1.0,,,True,0.4946960767806028,0.9305566553171272,0.0088279999597354,0.962171196937561,993.3550039671284,,0.9992063492063492,0.6901063959887489,,,0.8125,,1.0,1.0,,,LogReg,fleet,150000,75000,5.48,C_feature_ablation,CTT_Traverse,FS-A,0,0.0036630036630036,0.2,0.0054945054945054,0.2,0.0219780219780219,0.2,0.0238095238095238,0.2,0.1153846153846153,0.6,0.2782255136861976,0.75,0.287446453205547,0.75,0.3040005808465839,0.8125,0.3048718507224279,0.8125,0.347564074638786,0.875,,,,,,,,,,
123099,23756,0.1929828836952371,0.7771784483290782,0.7152443540695544,99363,0.0319933958435058,False,0.2600185216366392,1.0,0.0,0.8997197233384404,0.0,,0.9753968253968254,0.4189800660388895,,,0.34375,,1.0,0.5,,,True,0.4151372284896447,0.9990882382737312,9.059521053320314e-05,0.8496001339056852,10.19406503501044,,0.9976190476190476,0.6200317965023847,,,0.5625,,1.0,0.75,,,True,0.4981899309648089,0.9922864089880103,0.0009260843743394,0.8119387348155807,104.20599813566226,,0.9976190476190476,0.7128531246178305,,,0.6875,,1.0,1.0,,,True,0.5028203401246001,0.991286307053942,0.0010569441228873,0.8088903389869451,118.93075874178844,,0.9976190476190476,0.717989482695365,,,0.75,,1.0,1.0,,,True,0.5649520121232531,0.9220886293369976,0.0114149965271835,0.7573398042554345,1284.452194411315,,0.9992063492063492,0.7980922098569158,,,0.875,,1.0,1.0,,,RandomForest,fleet,150000,75000,145.21,C_feature_ablation,CTT_Traverse,FS-A,0,0.0,0.0,0.0036630036630036,0.2,0.0073260073260073,0.4,0.0091575091575091,0.5,0.0329670329670329,0.8,0.1105060625862194,0.4375,0.2565163726130836,0.6875,0.3445146300733319,0.75,0.3493792202134611,0.8125,0.4078995135409859,0.875,,,,,,,,,,
123099,23756,0.1929828836952371,0.8044736497929297,0.7541129346868605,99363,0.0319933958435058,False,0.5391900993433237,1.0,0.0,0.9796624585148586,0.0,,0.9976190476190476,0.7418368594839183,,,0.6875,,1.0,1.0,,,True,0.5814531065835999,0.9995658151819958,6.039680702213543e-05,0.95076881388077,6.796043356673625,,0.9984126984126984,0.8021279197749785,,,0.78125,,1.0,1.0,,,True,0.6041421114665768,0.9946635248457968,0.000775092356784,0.9103027759425648,87.2158897439782,,0.9984126984126984,0.8410174880763116,,,0.84375,,1.0,1.0,,,True,0.6055733288432396,0.9939888067435916,0.0008757537018209,0.905856708259525,98.54262867176756,,0.9984126984126984,0.8439525498349028,,,0.84375,,1.0,1.0,,,True,0.6288937531570972,0.934977157519244,0.0104587137493331,0.8091318656719776,1176.848174597316,,0.9992063492063492,0.883331295096001,,,0.875,,1.0,1.0,,,HistGB,fleet,150000,75000,71.05,C_feature_ablation,CTT_Traverse,FS-A,0,0.1776556776556776,0.4,0.2912087912087912,0.7,0.3956043956043956,0.8,0.4029304029304029,0.8,0.5201465201465202,0.8,0.3912727800769621,0.75,0.4238001887751397,0.75,0.4357075437450083,0.8125,0.4361431786829303,0.8125,0.4482683511217599,0.875,,,,,,,,,,
123099,23756,0.1929828836952371,0.806258959213523,0.7481649699351107,99363,0.0319933958435058,False,0.4366054891395858,0.9999035958739034,1.0066134503689238e-05,0.9971510767936708,1.1326738927789377,,0.8404761904761905,0.6106151400269048,,,0.71875,,1.0,1.0,,,True,0.5113655497558511,0.9990131578947368,0.0001207936140442,0.9928170442581176,13.59208671334725,,0.9722222222222222,0.7154213036565977,,,0.8125,,1.0,1.0,,,True,0.5554386260313184,0.9920306743853844,0.001067010257391,0.9836591482162476,120.06343263456736,,0.9952380952380953,0.7715543597896539,,,0.8125,,1.0,1.0,,,True,0.5572907896952349,0.9912398921832885,0.0011777377369316,0.9827114939689636,132.5228454551357,,0.9952380952380953,0.7737556561085973,,,0.8125,,1.0,1.0,,,True,0.6025425155750126,0.9332985590402296,0.010297655597274,0.9397928714752196,1158.725392312853,,0.9968253968253968,0.8362480127186009,,,0.875,,1.0,1.0,,,XGBoost,fleet,150000,75000,18.82,C_feature_ablation,CTT_Traverse,FS-A,0,0.0128205128205128,0.5,0.0384615384615384,0.7,0.086080586080586,0.7,0.0934065934065934,0.7,0.2985347985347985,0.8,0.3131489145429463,0.75,0.3668046177303419,0.8125,0.4055035213824148,0.8125,0.4071008494881289,0.8125,0.4397734698322805,0.875,,,,,,,,,,
123099,23756,0.1929828836952371,0.805012731846582,0.7486359218729817,99363,0.0319933958435058,False,0.4625778750631419,0.9998180329360384,2.013226900737848e-05,0.9971285992168312,2.265347785557875,,0.9626984126984128,0.6362969304145775,,,0.71875,,1.0,1.0,,,True,0.5007577033170567,0.9994119129631184,7.046294152582466e-05,0.9951660795071752,7.9287172494525615,,0.984126984126984,0.6947535771065183,,,0.78125,,1.0,1.0,,,True,0.5577117359824887,0.9928806954436452,0.0009562827778504,0.9874705480746356,107.60401981399906,,0.9952380952380953,0.7733887733887734,,,0.8125,,1.0,1.0,,,True,0.5605320761070888,0.991659219541257,0.0011274070644131,0.9867341332716733,126.85947599124098,,0.9952380952380953,0.7775467775467776,,,0.8125,,1.0,1.0,,,True,0.6075517763933322,0.929781614378664,0.0109720866090212,0.9596338383990708,1234.6145431290415,,0.996031746031746,0.8494557906322612,,,0.875,,1.0,1.0,,,LightGBM,fleet,150000,75000,26.77,C_feature_ablation,CTT_Traverse,FS-A,0,0.0402930402930402,0.4,0.075091575091575,0.6,0.1941391941391941,0.7,0.1978021978021978,0.7,0.3534798534798535,0.8,0.3304291004138532,0.8125,0.3582371306178755,0.8125,0.4040514049226748,0.8125,0.4063021854352719,0.8125,0.4384665650185145,0.875,,,,,,,,,,
226048,23767,0.1051413859003397,0.7562870985505277,0.3825656922645574,202303,0.0284295027739951,True,0.0,0.0,0.0,1.0000000000000002,0.0,,,0.0,,,0.0,,,0.0,,,True,0.0,0.0,0.0,1.0000000000000002,0.0,,,0.0,,,0.0,,,0.0,,,True,0.0,0.0,0.0,1.0000000000000002,0.0,,,0.0,,,0.0,,,0.0,,,True,0.0,0.0,0.0,1.0000000000000002,0.0,,,0.0,,,0.0,,,0.0,,,True,0.1304750284007237,0.685303867403315,0.0070397120836855,0.999987244606018,891.4318235790467,,,1.0,,,0.8275862068965517,,,1.0,,,LogReg,fleet,150000,75000,2.69,C_feature_ablation,ROAD_ORNL,FS-B34,0,0.0,0.0,0.0,0.0,0.0,0.0,0.0,0.0,0.2312755144547196,0.9230769230769232,,,,,,,,,,,0.0,0.0,0.0,0.0,0.0,0.0,0.0,0.0,0.0072897682895079,0.6923076923076923
226048,23767,0.1051413859003397,0.7394297544852869,0.2552507080560549,202303,0.0284295027739951,True,8.415029242226617e-05,1.0,0.0,0.9533019340639772,0.0,,,0.0082987551867219,,,0.0689655172413793,,,0.6666666666666666,,,True,0.0015567804098119,0.7872340425531915,4.943618036296043e-05,0.9444631664237886,6.260054940864092,,,0.0207468879668049,,,0.3793103448275862,,,1.0,,,True,0.007910127487693,0.573170731707317,0.0006921065250814,0.9377735753156634,87.64076917209731,,,0.0290456431535269,,,0.5862068965517241,,,1.0,,,True,0.0089620061429713,0.5461538461538461,0.0008750203924243,0.9367028076084942,110.80297245329444,,,0.0290456431535269,,,0.6206896551724138,,,1.0,,,True,0.0499431985526149,0.3688626476072094,0.0100404882317172,0.9211106836125074,1271.417158489497,,,0.0539419087136929,,,0.8620689655172413,,,1.0,,,RandomForest,fleet,150000,75000,153.89,C_feature_ablation,ROAD_ORNL,FS-B34,0,0.0,0.0,0.0025826876614179,0.5384615384615384,0.0143297508956094,0.7692307692307693,0.0162459385153711,0.7692307692307693,0.0880613180038323,1.0,,,,,,,,,,,0.0,0.0,8.678295582747549e-05,0.0769230769230769,0.0007810466024472,0.3076923076923077,0.0009546125141022,0.3846153846153846,0.0101536058318146,0.6923076923076923
226048,23767,0.1051413859003397,0.7334697604468574,0.2965740917734265,202303,0.0284295027739951,True,0.0111919888921614,0.9925373134328358,9.887236072592088e-06,0.999956359106148,1.2520109881728183,,,0.991701244813278,,,0.4482758620689655,,,1.0,,,True,0.0146000757352631,0.917989417989418,0.0001532521591251,0.9999376103618988,19.406170316678686,,,0.991701244813278,,,0.5172413793103449,,,1.0,,,True,0.0299575041023267,0.688588007736944,0.0015918450076873,0.9998810606362238,201.57376909582376,,,1.0,,,0.5862068965517241,,,1.0,,,True,0.0321454117053056,0.671353251318102,0.0018489131455747,0.9998743765232267,234.12605478831705,,,1.0,,,0.5862068965517241,,,1.0,,,True,0.1099423570496907,0.4556233653007847,0.0154339755093162,0.9995702719197228,1954.3891525377696,,,1.0,,,0.896551724137931,,,1.0,,,HistGB,fleet,150000,75000,49.26,C_feature_ablation,ROAD_ORNL,FS-B34,0,0.0022494376405898,0.7692307692307693,0.0089977505623594,0.9230769230769232,0.0386570024160626,0.9230769230769232,0.0429059401816212,0.9230769230769232,0.1902024493876531,1.0,,,,,,,,,,,0.0,0.0,0.0,0.0,0.0006074806907923,0.1538461538461538,0.0006942636466198,0.1538461538461538,0.0077236830686453,0.7692307692307693
226048,23767,0.1051413859003397,0.7497096373216102,0.3159437019991483,202303,0.0284295027739951,True,0.0019354567257121,0.9387755102040816,1.4830854108888132e-05,0.9999923706054688,1.878016482259228,,,0.1286307053941908,,,0.3103448275862069,,,1.0,,,True,0.0086674801194934,0.8373983739837398,0.0001977447214518,0.99998140335083,25.040219763456367,,,0.2323651452282157,,,0.5172413793103449,,,1.0,,,True,0.0281061976690368,0.7091295116772823,0.0013545513419451,0.9999598264694214,171.52550537967613,,,0.3112033195020747,,,0.6206896551724138,,,1.0,,,True,0.0318929608280388,0.6872166817769719,0.0017055482225221,0.9999550580978394,215.9718954598112,,,0.3278008298755187,,,0.6551724137931034,,,1.0,,,True,0.1252997854167543,0.4939459280145961,0.0150829786287392,0.999806821346283,1909.9427624576344,,,0.7883817427385892,,,0.896551724137931,,,1.0,,,XGBoost,fleet,150000,75000,16.83,C_feature_ablation,ROAD_ORNL,FS-B34,0,0.0012496875781054,0.4615384615384615,0.0124135632758477,0.8461538461538461,0.0485711905356994,0.9230769230769232,0.05556944097309,0.9230769230769232,0.2227776389236024,1.0,,,,,,,,,,,0.0,0.0,8.678295582747549e-05,0.0769230769230769,0.0008678295582747,0.2307692307692307,0.0010413954699297,0.3076923076923077,0.0098932569643322,0.7692307692307693
226048,23767,0.1051413859003397,0.7517789602847501,0.3223456930530595,202303,0.0284295027739951,True,0.0048386418142803,0.9913793103448276,4.943618036296043e-06,0.9999896719445917,0.6260054940864092,,,0.3858921161825726,,,0.4137931034482758,,,1.0,,,True,0.0108974628686834,0.9217081850533808,0.0001087595967985,0.999983594154834,13.772120869901002,,,0.6556016597510373,,,0.5517241379310345,,,1.0,,,True,0.0323978625825724,0.7623762376237624,0.001186468328711,0.9999691055804064,150.2413185807382,,,0.8796680497925311,,,0.6551724137931034,,,1.0,,,True,0.0347119956241848,0.7405745062836625,0.0014287056124895,0.9999670265484764,180.91558779097227,,,0.8921161825726142,,,0.6551724137931034,,,1.0,,,True,0.1214709471115412,0.5026989378373672,0.0141189731116615,0.9998984118803173,1787.871691110785,,,0.9875518672199172,,,0.8620689655172413,,,1.0,,,LightGBM,fleet,150000,75000,44.28,C_feature_ablation,ROAD_ORNL,FS-B34,0,0.0017495626093476,0.6153846153846154,0.0083312505207031,0.9230769230769232,0.0452386903274181,0.9230769230769232,0.0495709405981837,0.9230769230769232,0.2107806381737899,1.0,,,,,,,,,,,8.678295582747549e-05,0.0769230769230769,8.678295582747549e-05,0.0769230769230769,0.0013017443374121,0.3076923076923077,0.0013017443374121,0.3076923076923077,0.0103271717434695,0.6923076923076923
226048,23767,0.1051413859003397,0.7361514160352799,0.2864757669827516,202303,0.0284295027739951,True,0.0,0.0,0.000385602206831,640625.0,48.82842853873992,,,0.0,,,0.0,,,0.0,,,True,0.0,0.0,0.0010332161695858,437500.0,130.83514826405954,,,0.0,,,0.0,,,0.0,,,True,0.0,0.0,0.0026300047953094,234375.0,333.0349228539697,,,0.0,,,0.0,,,0.0,,,True,0.0,0.0,0.0028623548430154,214145.78869120305,362.4571810760309,,,0.0,,,0.0,,,0.0,,,True,0.0821306854041317,0.4583235501291383,0.0114049268097349,93750.0,1444.1946748573462,,,0.0331950207468879,,,0.8275862068965517,,,1.0,,,Rule:Combined,fleet,150000,75000,0.59,C_feature_ablation,ROAD_ORNL,FS-B34,0,0.0,0.0,0.0,0.0,0.0,0.0,0.0,0.0,0.1559610097475631,0.9230769230769232,,,,,,,,,,,0.0,0.0,0.0,0.0,0.0,0.0,0.0,0.0,0.0062483728195782,0.6923076923076923
226048,23767,0.1051413859003397,0.7528153588031451,0.3701864827491605,202303,0.0284295027739951,True,0.0,0.0,0.0,1.0000000000000002,0.0,,,0.0,,,0.0,,,0.0,,,True,0.0,0.0,0.0,1.0000000000000002,0.0,,,0.0,,,0.0,,,0.0,,,True,0.0,0.0,0.0,1.0000000000000002,0.0,,,0.0,,,0.0,,,0.0,,,True,0.0,0.0,0.0,1.0000000000000002,0.0,,,0.0,,,0.0,,,0.0,,,True,0.0,0.0,0.0,1.0000000000000002,0.0,,,0.0,,,0.0,,,0.0,,,LogReg,fleet,150000,75000,2.1,C_feature_ablation,ROAD_ORNL,FS-B,0,0.0,0.0,0.0,0.0,0.0,0.0,0.0,0.0,0.0,0.0,,,,,,,,,,,0.0,0.0,0.0,0.0,0.0,0.0,0.0,0.0,0.0,0.0
226048,23767,0.1051413859003397,0.7391655836535348,0.2527515283546546,202303,0.0284295027739951,True,4.2075146211133085e-05,1.0,0.0,0.9883301333333334,0.0,,,0.0,,,0.0344827586206896,,,0.0,,,True,0.0002524508772667,0.25,8.898512465332879e-05,0.9850479616915948,11.268098893555369,,,0.0,,,0.1379310344827586,,,0.0,,,True,0.0021037573105566,0.2450980392156862,0.0007613171775895,0.9797151190550242,96.404846089307,,,0.0041493775933609,,,0.5172413793103449,,,0.3333333333333333,,,True,0.0025245087726679,0.24,0.0009392874268962,0.9786059135206469,118.94104387641777,,,0.0082987551867219,,,0.5517241379310345,,,0.3333333333333333,,,True,0.0441368283754786,0.3411382113821138,0.0100157701415357,0.9516961543604664,1268.287131019065,,,0.0290456431535269,,,0.896551724137931,,,1.0,,,RandomForest,fleet,150000,75000,176.55,C_feature_ablation,ROAD_ORNL,FS-B,0,8.331250520703157e-05,0.0769230769230769,0.000249937515621,0.1538461538461538,0.0020828126301757,0.6153846153846154,0.002749312671832,0.6153846153846154,0.0753978172123635,1.0,,,,,,,,,,,0.0,0.0,0.0002603488674824,0.1538461538461538,0.0020827909398594,0.4615384615384615,0.0021695738956868,0.5384615384615384,0.0118892649483641,0.7692307692307693
226048,23767,0.1051413859003397,0.7377061191146198,0.2906134425964057,202303,0.0284295027739951,True,0.0101821853830942,0.9958847736625516,4.943618036296043e-06,0.9999377978222822,0.6260054940864092,,,0.975103734439834,,,0.2413793103448276,,,1.0,,,True,0.0135902722261959,0.9176136363636364,0.0001433649230525,0.9998060805650992,18.154159328505862,,,0.991701244813278,,,0.4827586206896552,,,1.0,,,True,0.0184709891866874,0.6157082748948106,0.0013545513419451,0.9997492230690496,171.52550537967613,,,0.991701244813278,,,0.6206896551724138,,,1.0,,,True,0.0198173938654436,0.593198992443325,0.0015967886257236,0.999742412585721,202.1997745899102,,,0.991701244813278,,,0.7241379310344828,,,1.0,,,True,0.0820044599654983,0.4283516483516483,0.012858350512406,0.999528597933812,1628.2402901187504,,,1.0,,,0.8620689655172413,,,1.0,,,HistGB,fleet,150000,75000,43.91,C_feature_ablation,ROAD_ORNL,FS-B,0,0.0004998750312421,0.2307692307692307,0.0069149379321836,0.7692307692307693,0.0157460634841289,0.8461538461538461,0.0181621261351328,1.0,0.1323002582687661,1.0,,,,,,,,,,,8.678295582747549e-05,0.0769230769230769,8.678295582747549e-05,0.0769230769230769,0.0009546125141022,0.3076923076923077,0.0012149613815846,0.3846153846153846,0.010413954699297,0.6923076923076923
226048,23767,0.1051413859003397,0.7505232833835654,0.3149854261299702,202303,0.0284295027739951,True,0.0013464046787562,1.0,0.0,0.9999972581863404,0.0,,,0.0705394190871369,,,0.3103448275862069,,,1.0,,,True,0.0058063701771363,0.8466257668711656,0.0001235904509074,0.9999954700469972,15.650137352160232,,,0.1203319502074688,,,0.5172413793103449,,,1.0,,,True,0.0219632263222114,0.7044534412955465,0.0010826523499488,0.9999910593032836,137.09520320492362,,,0.1825726141078838,,,0.6896551724137931,,,1.0,,,True,0.0247401859721462,0.6869158878504673,0.0013248896337273,0.999990463256836,167.76947241515768,,,0.1908713692946058,,,0.7241379310344828,,,1.0,,,True,0.1192409643623511,0.4990315196337383,0.0140645933132622,0.999963402748108,1780.9856306758345,,,0.6016597510373444,,,0.9310344827586208,,,1.0,,,XGBoost,fleet,150000,75000,33.9,C_feature_ablation,ROAD_ORNL,FS-B,0,0.0012496875781054,0.4615384615384615,0.0089144380571523,0.7692307692307693,0.0387403149212696,0.9230769230769232,0.0437390652336915,0.9230769230769232,0.2108639506789969,1.0,,,,,,,,,,,0.0,0.0,0.0001735659116549,0.1538461538461538,0.0011281784257571,0.3846153846153846,0.001475310249067,0.4615384615384615,0.0137117070207411,0.8461538461538461
226048,23767,0.1051413859003397,0.7477996984593513,0.3157859430279267,202303,0.0284295027739951,True,0.0013043295325451,0.9393939393939394,9.887236072592088e-06,0.9999953724160532,1.2520109881728183,,,0.0539419087136929,,,0.3448275862068966,,,1.0,,,True,0.0056801447385029,0.8181818181818182,0.0001483085410888,0.9999924131394422,18.78016482259228,,,0.0871369294605809,,,0.6551724137931034,,,1.0,,,True,0.0165355324609753,0.6811091854419411,0.0009096257186784,0.99998854668839,115.1850109118993,,,0.1327800829875518,,,0.6896551724137931,,,1.0,,,True,0.018975890941221,0.6711309523809523,0.0010925395860214,0.9999877669696656,138.34721419309645,,,0.1493775933609958,,,0.6896551724137931,,,1.0,,,True,0.1165902301510497,0.5068593378452534,0.0133279942258541,0.9999612182617864,1687.7108120569594,,,0.4066390041493776,,,0.9310344827586208,,,1.0,,,LightGBM,fleet,150000,75000,45.29,C_feature_ablation,ROAD_ORNL,FS-B,0,0.0013330000833125,0.3846153846153846,0.0090810630675664,0.9230769230769232,0.0289094393068399,0.9230769230769232,0.0333250020828126,0.9230769230769232,0.2096142631008914,1.0,,,,,,,,,,,0.0001735659116549,0.1538461538461538,0.0004339147791373,0.3076923076923077,0.0012149613815846,0.3846153846153846,0.0013017443374121,0.3846153846153846,0.0136249240649136,0.8461538461538461
226048,23767,0.1051413859003397,0.7351467774599217,0.2857547833671408,202303,0.0284295027739951,True,0.0,0.0,0.000385602206831,640625.0,48.82842853873992,,,0.0,,,0.0,,,0.0,,,True,0.0,0.0,0.0009986108433318,440200.45433300926,126.45310980545467,,,0.0,,,0.0,,,0.0,,,True,0.0,0.0,0.0010974832040577,420702.3877827319,138.97321968718285,,,0.0,,,0.0,,,0.0,,,True,0.0,0.0,0.0010974832040577,414759.7860595855,138.97321968718285,,,0.0,,,0.0,,,0.0,,,True,0.0,0.0,0.0019823908325547,283994.155565928,251.0282031286501,,,0.0,,,0.0,,,0.0,,,Rule:Combined,fleet,150000,75000,0.56,C_feature_ablation,ROAD_ORNL,FS-B,0,0.0,0.0,0.0,0.0,0.0,0.0,0.0,0.0,0.0,0.0,,,,,,,,,,,0.0,0.0,0.0,0.0,0.0,0.0,0.0,0.0,0.0,0.0
226048,23767,0.1051413859003397,0.4886712997991986,0.1002288178645334,202303,0.0284295027739951,True,0.0,0.0,0.0,440200.45433300926,0.0,,,0.0,,,0.0,,,0.0,,,True,0.0,0.0,0.0,438335.3657418272,0.0,,,0.0,,,0.0,,,0.0,,,True,0.0,0.0,0.0,418369.0581532265,0.0,,,0.0,,,0.0,,,0.0,,,True,0.0,0.0,0.0,412386.8420146527,0.0,,,0.0,,,0.0,,,0.0,,,True,0.0,0.0,0.0,281191.4694751392,0.0,,,0.0,,,0.0,,,0.0,,,Rule:Staleness,fleet,150000,75000,0.43,C_feature_ablation,ROAD_ORNL,FS-B,0,0.0,0.0,0.0,0.0,0.0,0.0,0.0,0.0,0.0,0.0,,,,,,,,,,,0.0,0.0,0.0,0.0,0.0,0.0,0.0,0.0,0.0,0.0
226048,23767,0.1051413859003397,0.4967823713094339,0.1005134600765898,202303,0.0284295027739951,True,0.0,0.0,0.0,0.9999818801879884,0.0,,,0.0,,,0.0,,,0.0,,,True,0.0,0.0,0.0,0.9999226331710817,0.0,,,0.0,,,0.0,,,0.0,,,True,0.0,0.0,0.0,0.9987826943397522,0.0,,,0.0,,,0.0,,,0.0,,,True,0.0,0.0,0.0,0.9984110593795776,0.0,,,0.0,,,0.0,,,0.0,,,True,0.0075314511717928,0.0714570858283433,0.0114988555524245,0.9170588850975036,1456.088779244988,,,0.0124481327800829,,,0.7241379310344828,,,1.0,,,LogReg,fleet,150000,75000,3.45,C_feature_ablation,ROAD_ORNL,FS-A-rank,0,0.0,0.0,0.0,0.0,0.0,0.0,0.0,0.0,0.0099975006248437,0.6153846153846154,,,,,,,,,,,0.0,0.0,0.0,0.0,0.0,0.0,0.0,0.0,0.0048598455263386,0.7692307692307693
226048,23767,0.1051413859003397,0.568692964677434,0.1293341898235652,202303,0.0284295027739951,True,0.0,0.0,0.0,0.9759832205966932,0.0,,,0.0,,,0.0,,,0.0,,,True,0.0,0.0,9.887236072592088e-06,0.9662055499158708,1.2520109881728183,,,0.0,,,0.0,,,0.0,,,True,8.415029242226617e-05,0.0165289256198347,0.0005882905463192,0.9313366811494386,74.4946537962827,,,0.0041493775933609,,,0.0689655172413793,,,0.3333333333333333,,,True,0.0004207514621113,0.0602409638554216,0.0007712044136621,0.9282170561401922,97.65685707747984,,,0.0041493775933609,,,0.2413793103448276,,,0.3333333333333333,,,True,0.0103925611141498,0.1120181405895691,0.0096796041150676,0.8915970397726759,1225.7187574211894,,,0.0248962655601659,,,0.8620689655172413,,,1.0,,,RandomForest,fleet,150000,75000,181.67,C_feature_ablation,ROAD_ORNL,FS-A-rank,0,0.0,0.0,0.0,0.0,8.331250520703157e-05,0.0769230769230769,0.0004165625260351,0.3076923076923077,0.0140798133799883,0.9230769230769232,,,,,,,,,,,0.0,0.0,0.0,0.0,0.0,0.0,0.0003471318233099,0.1538461538461538,0.0062483728195782,0.7692307692307693
226048,23767,0.1051413859003397,0.5769386094288294,0.1401562311031549,202303,0.0284295027739951,True,0.0,0.0,6.426703447184857e-05,0.9999977839780894,8.13807142312332,,,0.0,,,0.0,,,0.0,,,True,0.0001683005848445,0.16,0.0001038159787622,0.9999954831854552,13.146115375814594,,,0.0,,,0.1034482758620689,,,0.0,,,True,0.0017671561408675,0.2592592592592592,0.0005932341643555,0.9999919583915508,75.1206592903691,,,0.0,,,0.3793103448275862,,,0.0,,,True,0.0023982833340345,0.2893401015228426,0.0006921065250814,0.9999915117655196,87.64076917209731,,,0.0,,,0.4137931034482758,,,0.0,,,True,0.0159044052678083,0.216867469879518,0.0067480386195441,0.9999827958768832,854.4974994279486,,,0.0,,,0.7241379310344828,,,0.0,,,HistGB,fleet,150000,75000,77.34,C_feature_ablation,ROAD_ORNL,FS-A-rank,0,0.0,0.0,0.0003332500208281,0.2307692307692307,0.0030825626926601,0.6153846153846154,0.0039990002499375,0.6153846153846154,0.0229942514371407,0.7692307692307693,,,,,,,,,,,0.0,0.0,0.0,0.0,0.0004339147791373,0.2307692307692307,0.0007810466024472,0.3076923076923077,0.0088518614944024,0.8461538461538461
226048,23767,0.1051413859003397,0.5439212445499978,0.1172055043864239,202303,0.0284295027739951,True,0.0,0.0,0.0,1.0000000000000002,0.0,,,0.0,,,0.0,,,0.0,,,True,0.0,0.0,0.0,1.0000000000000002,0.0,,,0.0,,,0.0,,,0.0,,,True,0.0,0.0,6.921065250814461e-05,1.0,8.76407691720973,,,0.0,,,0.0,,,0.0,,,True,0.0,0.0,6.921065250814461e-05,1.0,8.76407691720973,,,0.0,,,0.0,,,0.0,,,True,0.0,0.0,0.0003312224084318,0.9999995231628418,41.94236810378942,,,0.0,,,0.0,,,0.0,,,XGBoost,fleet,150000,75000,20.42,C_feature_ablation,ROAD_ORNL,FS-A-rank,0,0.0,0.0,0.0,0.0,0.0,0.0,0.0,0.0,0.0,0.0,,,,,,,,,,,0.0,0.0,0.0,0.0,0.0,0.0,0.0,0.0,0.0,0.0
226048,23767,0.1051413859003397,0.5254050439410547,0.118609143429283,202303,0.0284295027739951,True,4.2075146211133085e-05,0.5,4.943618036296043e-06,0.9999957874717006,0.6260054940864092,,,0.0,,,0.0344827586206896,,,0.0,,,True,0.0001262254386333,0.2727272727272727,3.9548944290368346e-05,0.9999943439734762,5.008043952691273,,,0.0,,,0.1034482758620689,,,0.0,,,True,0.0007994277780115,0.168141592920354,0.0004647000954118,0.999991899795234,58.84451644412247,,,0.0,,,0.3103448275862069,,,0.0,,,True,0.0010098035090671,0.1548387096774193,0.0006476139627547,0.9999914389027028,82.0067197253196,,,0.0,,,0.3103448275862069,,,0.0,,,True,0.0124542432784953,0.1703107019562715,0.0071286972083388,0.9999849038363584,902.699922472602,,,0.0041493775933609,,,0.6896551724137931,,,0.3333333333333333,,,LightGBM,fleet,150000,75000,56.07,C_feature_ablation,ROAD_ORNL,FS-A-rank,0,8.331250520703157e-05,0.0769230769230769,0.000166625010414,0.1538461538461538,0.0010830625676914,0.4615384615384615,0.0014163125885195,0.4615384615384615,0.0164125635257852,0.6923076923076923,,,,,,,,,,,0.0,0.0,8.678295582747549e-05,0.0769230769230769,0.0005206977349648,0.2307692307692307,0.0006074806907923,0.2307692307692307,0.0085047296710925,0.7692307692307693
226048,23767,0.1051413859003397,0.4864310036148634,0.1062138389748073,202303,0.0284295027739951,True,0.0,0.0,0.0,1.0000000000000002,0.0,,,0.0,,,0.0,,,0.0,,,True,0.0,0.0,0.0,1.0000000000000002,0.0,,,0.0,,,0.0,,,0.0,,,True,0.0,0.0,0.0,1.0000000000000002,0.0,,,0.0,,,0.0,,,0.0,,,True,0.0,0.0,0.0,1.0000000000000002,0.0,,,0.0,,,0.0,,,0.0,,,True,0.0153995035132747,0.1967741935483871,0.0073857653462262,1.0,935.2522081650952,,,0.0,,,0.5172413793103449,,,0.0,,,LogReg,fleet,150000,75000,4.7,C_feature_ablation,ROAD_ORNL,FS-A,0,0.0,0.0,0.0,0.0,0.0,0.0,0.0,0.0,0.023744063984004,0.5384615384615384,,,,,,,,,,,0.0,0.0,0.0,0.0,0.0,0.0,0.0,0.0,0.0070294194220255,0.6153846153846154
226048,23767,0.1051413859003397,0.5238157314793934,0.1161022123469436,202303,0.0284295027739951,True,0.0,0.0,4.943618036296043e-06,0.995843950314308,0.6260054940864092,,,0.0,,,0.0,,,0.0,,,True,4.2075146211133085e-05,0.0909090909090909,4.943618036296043e-05,0.9933316722140836,6.260054940864092,,,0.0,,,0.0344827586206896,,,0.0,,,True,0.0002945260234779,0.056,0.0005833469282829,0.989168942545092,73.86864830219629,,,0.0,,,0.2068965517241379,,,0.0,,,True,0.0005890520469558,0.0848484848484848,0.0007464863234807,0.9886155879710332,94.5268296070478,,,0.0,,,0.3103448275862069,,,0.0,,,True,0.0084991795346488,0.102020202020202,0.0087897528685343,0.9790662303917346,1113.0377684856355,,,0.0,,,0.6551724137931034,,,0.0,,,RandomForest,fleet,150000,75000,154.14,C_feature_ablation,ROAD_ORNL,FS-A,0,0.0,0.0,8.331250520703157e-05,0.0769230769230769,0.0004165625260351,0.3076923076923077,0.0009164375572773,0.4615384615384615,0.0111638756977422,0.7692307692307693,,,,,,,,,,,0.0,0.0,0.0,0.0,0.0001735659116549,0.1538461538461538,0.0002603488674824,0.2307692307692307,0.0059012409962683,0.6923076923076923
226048,23767,0.1051413859003397,0.5121147173722721,0.1174736257861214,202303,0.0284295027739951,True,0.0,0.0,1.9774472145184173e-05,0.9999977194529336,2.5040219763456366,,,0.0,,,0.0,,,0.0,,,True,4.2075146211133085e-05,0.0163934426229508,0.0002966170821777,0.9999968599870082,37.56032964518455,,,0.0,,,0.0344827586206896,,,0.0,,,True,0.000967728362856,0.0682492581602373,0.0015522960633969,0.9999958111438404,196.5657251431325,,,0.0,,,0.3103448275862069,,,0.0,,,True,0.0014305549711785,0.0764044943820224,0.0020318270129176,0.9999956257109126,257.28825806951414,,,0.0,,,0.3448275862068966,,,0.0,,,True,0.0179660874321538,0.1387715307117322,0.0131005877961845,0.999993822084403,1658.9145593289843,,,0.0165975103734439,,,0.8620689655172413,,,1.0,,,HistGB,fleet,150000,75000,73.0,C_feature_ablation,ROAD_ORNL,FS-A,0,0.0,0.0,8.331250520703157e-05,0.0769230769230769,0.0014996250937265,0.5384615384615384,0.0020828126301757,0.5384615384615384,0.0209114388069649,0.8461538461538461,,,,,,,,,,,0.0,0.0,0.0,0.0,0.0004339147791373,0.1538461538461538,0.0007810466024472,0.2307692307692307,0.0149266684023257,0.8461538461538461
226048,23767,0.1051413859003397,0.5135815279690904,0.1133649380295744,202303,0.0284295027739951,True,0.0,0.0,9.887236072592088e-06,0.9999970197677612,1.2520109881728183,,,0.0,,,0.0,,,0.0,,,True,0.0002524508772667,0.1935483870967742,0.0001235904509074,0.9999957084655762,15.650137352160232,,,0.0,,,0.1379310344827586,,,0.0,,,True,0.0018513064332898,0.1654135338345864,0.0010974832040577,0.9999938011169434,138.97321968718285,,,0.0,,,0.4137931034482758,,,0.0,,,True,0.0021037573105566,0.1597444089456869,0.0013001715435458,0.9999935626983644,164.63944494472562,,,0.0,,,0.4137931034482758,,,0.0,,,True,0.0162830815837085,0.1395097332372026,0.0118004162526386,0.9999886751174928,1494.2751143842588,,,0.0,,,0.6551724137931034,,,0.0,,,XGBoost,fleet,150000,75000,25.12,C_feature_ablation,ROAD_ORNL,FS-A,0,0.0,0.0,0.0004165625260351,0.2307692307692307,0.0030825626926601,0.6153846153846154,0.0034991252186953,0.6153846153846154,0.0225776889111055,0.7692307692307693,,,,,,,,,,,0.0,0.0,8.678295582747549e-05,0.0769230769230769,0.0006074806907923,0.3076923076923077,0.0006942636466198,0.3076923076923077,0.0100668228759871,0.6923076923076923
226048,23767,0.1051413859003397,0.5468376060332201,0.1270575732222217,202303,0.0284295027739951,True,0.0,0.0,4.943618036296043e-06,0.999995530594018,0.6260054940864092,,,0.0,,,0.0,,,0.0,,,True,0.0001262254386333,0.2307692307692307,4.943618036296043e-05,0.999993477328052,6.260054940864092,,,0.0,,,0.0689655172413793,,,0.0,,,True,0.0011781040939117,0.1728395061728395,0.0006624448168636,0.9999909639028606,83.88473620757884,,,0.0,,,0.3103448275862069,,,0.0,,,True,0.0013884798249673,0.1666666666666666,0.0008156969759888,0.9999907122207604,103.29090652425752,,,0.0,,,0.3793103448275862,,,0.0,,,True,0.0183026886018428,0.1837769328263624,0.0095510700461239,0.9999846770481589,1209.4426145749428,,,0.0207468879668049,,,0.8275862068965517,,,1.0,,,LightGBM,fleet,150000,75000,34.85,C_feature_ablation,ROAD_ORNL,FS-A,0,0.0,0.0,0.000249937515621,0.1538461538461538,0.0019995001249687,0.5384615384615384,0.0022494376405898,0.6153846153846154,0.0224943764058985,0.8461538461538461,,,,,,,,,,,0.0,0.0,0.0,0.0,0.0003471318233099,0.1538461538461538,0.0005206977349648,0.2307692307692307,0.013885272932396,0.7692307692307693
